eps,eta,N_LZ,Tstat_LZ,N_XNT,Tstat_XNT,N_PANDA,Tstat_PANDA
-3.0,-1.5707963267948966,797.281495014289,65.82154578697357,404.3842056293093,65.66451001412176,129.12020274966937,64.69192334614853
-2.6658714488230206,-1.5707963267948966,656.095544971195,65.01326402166907,332.60683843794766,64.76991095854054,105.09698319722706,63.00669135588263
-2.368956860549917,-1.5707963267948966,541.7796096661168,64.03701173727015,274.3456213644418,63.65933025205334,86.48329759271176,60.59594209541237
-2.1051114860111477,-1.5707963267948966,447.07301399201924,62.83103207077193,226.27627137645987,62.251316524671836,71.07052006750065,56.92547997479559
-1.8706522023821734,-1.5707963267948966,367.2917696368403,61.303995529959266,185.8439059337952,60.40664708084315,58.243959235337414,51.69674809450092
-1.6623060990028473,-1.5707963267948966,299.5771075162056,59.32639714458292,151.41721694291445,57.903421317258676,47.426933236084295,45.091320972395906
-1.4771647895120215,-1.5707963267948966,241.68534648901877,56.69053462250293,122.24984469919177,54.436521699591694,38.261803169312344,37.67528549975883
-1.3126438125222553,-1.5707963267948966,192.779861320307,53.13575071301878,97.59367777372228,49.57483394515587,30.527703920836572,30.08983597499245
-1.166446554092426,-1.5707963267948966,152.70388390435284,48.42654918175778,77.16337788199696,43.03615383129383,24.084317768305553,22.906991401847044
-1.0365321883776653,-1.5707963267948966,119.78077265387849,42.20925095327177,60.642754664464704,35.10780071118208,18.899202437277957,16.662016493428407
-0.9210871889273549,-1.5707963267948966,93.54491752854706,34.5577383868019,47.30059708867721,26.530292436348784,14.805395505507171,11.560351167714487
-0.8185000129460304,-1.5707963267948966,72.7595389657383,25.952584027904543,36.81906473205764,18.46340174004579,11.489407688718739,7.4533596637095
-0.7273386051246984,-1.5707963267948966,56.630352975998086,17.505804445013307,28.63579296050901,11.641167933205196,8.963106368741325,4.476684226683113
-0.6463304070095649,-1.5707963267948966,44.14962672244236,10.228503926855108,22.35132339022566,6.470391750758301,6.984692659207677,2.375591466336297
-0.5743445928509872,-1.5707963267948966,34.72316034229408,4.891861964009915,17.561657142726347,2.963913824381717,5.504222541550369,1.0633949071630635
-0.5103762839557767,-1.5707963267948966,27.67005318797078,1.6272120087193431,13.98868437098285,0.9539255265814723,4.382682441747416,0.33273029619142674
-0.4535325211846986,-1.5707963267948966,22.472352566545947,0.18556786937317168,11.365402452260106,0.10663546390584717,3.5642187716098057,0.036548998893276556
-0.40301979977966995,-1.5707963267948966,18.733768905048777,0.08424698125486701,9.474204880487218,0.04771178188704275,2.9736089031432478,0.016232720668713646
-0.35813299251433084,-1.5707963267948966,16.116762090229876,0.7584673902389596,8.150996827968632,0.42411313801901657,2.56051374057291,0.14260826190249962
-0.3182455065418344,-1.5707963267948966,14.355080340913817,1.7082195780619223,7.261989983297927,0.9462918390686504,2.2846282851745943,0.3147529213679487
-0.2828005365353655,-1.5707963267948966,13.244533782560232,2.574849701654646,6.700009203347826,1.4199030081031945,2.1087333055185846,0.4709798399969899
-0.2513032920204875,-1.5707963267948966,12.623132353354999,3.1683857042021164,6.3828988514302605,1.7455755898159782,2.007787843972429,0.5799425142588551
-0.22331409039755062,-1.5707963267948966,12.361134412254016,3.444728326317091,6.247520881480113,1.8988910105001602,1.9647542131288604,0.631138181533173
-0.19844221923690444,-1.5707963267948966,12.357122027266746,3.4490870122928734,6.244359640079451,1.902578418234112,1.9646948113986349,0.631210906595998
-0.17634048216824733,-1.5707963267948966,12.533991934441337,3.260597595715557,6.334528755195315,1.7993338264510887,1.9942755024682837,0.5957004035700696
-0.15670035222800524,-1.5707963267948966,12.834020571466292,2.9574583367603395,6.488023855213058,1.6325519399202961,2.0430386818576127,0.5401650112156462
-0.13924766500838334,-1.5707963267948966,13.214176473052662,2.601919476473571,6.682213238340671,1.436994863478311,2.10363357856595,0.4761272533382192
-0.12373879148704055,-1.5707963267948966,13.642408762162464,2.237336208444007,6.900350335747146,1.2366883509578936,2.171103586553055,0.41094380674731795
-0.10995723711238882,-1.5707963267948966,14.094943212233554,1.89064307404414,7.13022307878847,1.0463489523006402,2.2420397250307382,0.34893968416275817
-0.09771061966979347,-1.5707963267948966,14.554333414655193,1.5764274697635734,7.363042287381863,0.8738239841459097,2.3139929629139817,0.2924530459961123
-0.0868279837415025,-1.5707963267948966,15.008015163572537,1.300842110396891,7.592583276959457,0.7223688989135829,2.3851550795347665,0.24253951588732256
-0.07715741427178036,-1.5707963267948966,15.447194947343544,1.064733333256598,7.814541923838442,0.592401009680362,2.4541982153707957,0.1994309957907335
-0.06856391592404971,-1.5707963267948966,15.865974655251312,0.8658998379950439,8.026053802807239,0.4827251640173236,2.5201824496800915,0.16285025576107676
-0.06092752862714207,-1.5707963267948966,16.2606563015476,0.7006094154928648,8.22533219858675,0.3913384932620624,2.5824858956846772,0.13223333300511217
-0.0541416530048151,-1.5707963267948966,16.629190882205464,0.5645555277347483,8.411392577024124,0.3159321464528618,2.6407421757152023,0.10688378940071185
-0.04811156231253989,-1.5707963267948966,16.970744800179283,0.4534220245851618,8.583841103006899,0.254187092377027,2.694783385289337,0.0860739477759903
-0.04275308010908995,-1.5707963267948966,17.285362107959987,0.3631887168839013,8.742711729851095,0.20393555706269945,2.744590101939823,0.06910612502945399
-0.0379914052040221,-1.5707963267948966,17.573704114963814,0.29027369010207243,8.88834083817135,0.16323792269074633,2.7902496426962293,0.05534548075100568
-0.03376006747802295,-1.5707963267948966,17.836850746551686,0.23157774347754137,9.02127124142936,0.1304085259671949,2.831922646779723,0.04423405029483844
-0.03,-1.5707963267948966,18.0761506556285,0.1844736444304177,9.142179262562097,0.10401215504093309,2.8698172152372545,0.03529317143619993
0.03,-1.5707963267948966,22.589344742843444,0.20396308880664166,11.42589610534807,0.1175097805888046,3.5829408972770875,0.040262041932047424
0.03376006747802295,-1.5707963267948966,22.915771720745234,0.2593804373011845,11.591153669457917,0.14964737899224817,3.634501614387448,0.05133601216553875
0.0379914052040221,-1.5707963267948966,23.289289137497835,0.3299452855255616,11.780235564089288,0.1906612006301978,3.693524896188344,0.06550257221835287
0.04275308010908995,-1.5707963267948966,23.71745617983583,0.41981249787279895,11.996955729638728,0.2430270044713654,3.7612215488484995,0.08364281090006469
0.04811156231253989,-1.5707963267948966,24.209226978505363,0.5342696356386651,12.245827606163537,0.3099147100542088,3.8390301677031125,0.10689448121756401
0.0541416530048151,-1.5707963267948966,24.775247542015613,0.6800356984239009,12.532212284120911,0.3953813734204914,3.9286653982101174,0.13672763765900223
0.06092752862714207,-1.5707963267948966,25.428223408364236,0.8656304664564569,12.862502699211502,0.5046157536834455,4.0321756840088785,0.17504152413012541
0.06856391592404971,-1.5707963267948966,26.183375682895363,1.1018252310758014,13.244353970425937,0.6442468759171482,4.152010795313913,0.22428702808976292
0.07715741427178036,-1.5707963267948966,27.059007052072506,1.4021828767962217,13.686973069262022,0.8227311105445578,4.2910983201098665,0.28761833683378285
0.0868279837415025,-1.5707963267948966,28.07720354379978,1.7836880923068317,14.201484691672858,1.0508339727977034,4.45292729986654,0.36907567636284766
0.09771061966979347,-1.5707963267948966,29.264701893493378,2.2674538552715937,14.801393853729854,1.3422228622018926,4.6416383868436535,0.47379901435862093
0.10995723711238882,-1.5707963267948966,30.653956234408415,2.8794639397252726,15.50316758743953,1.7141824080272396,4.862128575699299,0.6082746278024842
0.12373879148704055,-1.5707963267948966,32.28444272240074,3.6512681439515418,16.326954582708993,2.1884489349227607,5.120204558210287,0.7806339353501868
0.13924766500838334,-1.5707963267948966,34.20425216591622,4.620484341953988,17.297447538461952,2.792124459867715,5.422872834577292,1.001076908571874
0.15670035222800524,-1.5707963267948966,36.47205357229093,5.830883966158796,18.444866228997366,3.558561651698235,5.778927423815299,1.2825920222386373
0.17634048216824733,-1.5707963267948966,39.15959371368943,7.331763400443329,19.806017084188827,4.5280121287327795,6.2000010372313605,1.642224650058281
0.19844221923690444,-1.5707963267948966,42.355058063408364,9.176257469551578,21.42543948263763,5.747761632832329,6.701946974927337,2.1029275539591024
0.22331409039755062,-1.5707963267948966,46.16782014916408,11.418210371325237,23.356941926766844,7.271607395587422,7.3055429295313745,2.695020741005637
0.2513032920204875,-1.5707963267948966,50.73509186068089,14.107005756249734,25.666521869408964,9.159058029139388,8.034577067301656,3.4547043054363566
0.2828005365353655,-1.5707963267948966,56.23016600113203,17.279066961350917,28.438367160646315,11.475156761211197,8.911360282837002,4.418399500580056
0.3182455065418344,-1.5707963267948966,62.87003091967361,20.943955795776276,31.784328186654,14.290153924586484,9.958315697542806,5.62224892963584
0.35813299251433084,-1.5707963267948966,70.91968412633109,25.065048447510605,35.85080620560761,17.671392970151135,11.218499945433251,7.124772576876299
0.40301979977966995,-1.5707963267948966,80.69870178408088,29.54378368578523,40.810404872502566,21.654378428120967,12.770453411575279,9.025739029613934
0.4535325211846986,-1.5707963267948966,92.61055996546112,34.2245530719936,46.847078625251896,26.2036651200826,14.673082735895614,11.394881385395696
0.5103762839557767,-1.5707963267948966,107.1920252087939,38.91877844119102,54.199502107128104,31.21777113410756,16.95551551756515,14.248810980332003
0.5743445928509872,-1.5707963267948966,125.10173950690115,43.42312210039429,63.25291633688604,36.550526648311035,19.798309533037926,17.767879471602747
0.6463304070095649,-1.5707963267948966,147.09950505626912,47.55905426466367,74.42489032082715,41.90951548287805,23.30029931320362,21.98576476121172
0.7273386051246984,-1.5707963267948966,174.3099976082391,51.243006261584185,88.12268939119288,46.91234346899925,27.58395961066862,26.89868328762888
0.8185000129460304,-1.5707963267948966,208.07134249623647,54.437327180005255,105.21576992085855,51.35061165882755,32.93700686330168,32.57995171751615
0.9210871889273549,-1.5707963267948966,249.7383849513424,57.13518632857419,126.30176728423207,55.0311886262552,39.56388577490163,38.833725413913974
1.0365321883776653,-1.5707963267948966,301.88427425791235,59.4093007153344,152.6534814456011,58.016454301455454,47.75860972107423,45.327637790632856
1.166446554092426,-1.5707963267948966,366.60086481994983,61.287703861531206,185.36846887535572,60.37938125062048,58.040661213742766,51.59269212024111
1.3126438125222553,-1.5707963267948966,447.5882671639738,62.83904157132845,226.40528763325182,62.25600686271311,70.88392784104333,56.86620241478405
1.4771647895120215,-1.5707963267948966,548.8886576678367,64.11007001402848,277.6693771804268,63.736652714049676,86.9339298241205,60.674229360405235
1.6623060990028473,-1.5707963267948966,675.9310652260008,65.14790741998675,341.8575640665852,64.90824374195408,106.99427454289778,63.18202950937746
1.8706522023821734,-1.5707963267948966,835.4400626123764,65.99180193974783,422.4655163657606,65.83839702882956,132.27446310359474,64.84962012158698
2.1051114860111477,-1.5707963267948966,1035.9447216596993,66.67564459491058,523.8302298990379,66.57780009082684,164.11557993451748,65.99993498876653
2.368956860549917,-1.5707963267948966,1288.412434832306,67.22842779454055,651.4539524593789,67.16607620919874,204.1059018712775,66.82087721947082
2.6658714488230206,-1.5707963267948966,1606.11428563941,67.67342700439502,812.090539561199,67.63379373050473,254.41902027803758,67.42445365178706
3.0,-1.5707963267948966,2007.197487407864,68.03162578972402,1015.2231229494821,68.00696556979216,318.09040734540224,67.87912247623595
-3.0,-1.5209297767379157,801.3094527116868,65.84030563348723,406.05226132575876,65.68125016384342,128.76481850147115,64.67346931082245
-2.6658714488230206,-1.5209297767379157,661.3519097942733,65.0497581172176,334.87466947844354,64.80459714827848,105.45333027315415,63.04036148122625
-2.368956860549917,-1.5209297767379157,544.7381627155085,64.06765739398779,275.6395307654806,63.689678173155286,86.56410711081038,60.610075789048395
-2.1051114860111477,-1.5209297767379157,446.38145185828074,62.82025141762707,225.79738000168385,62.23385329938847,70.75090186477708,56.823677941123805
-1.8706522023821734,-1.5209297767379157,362.9870749179999,61.201423012414025,183.62151045680483,60.277786303775976,57.47066455565694,51.29704810602739
-1.6623060990028473,-1.5209297767379157,292.67200536574217,59.06997810064176,147.81417105033717,57.56127045602834,46.26538362450352,44.24625840500264
-1.4771647895120215,-1.5209297767379157,233.29458159363398,56.19247195474173,117.97734689079849,53.75787378585256,36.898436683148276,36.42520250366476
-1.3126438125222553,-1.5209297767379157,184.09753235916378,52.295353041252746,93.19931001901229,48.40890346280622,29.1358524766351,28.60088050957769
-1.166446554092426,-1.5209297767379157,144.58853736676585,47.148690307036794,73.04387967033668,41.31490624477449,22.785343945939104,21.375745185503074
-1.0365321883776653,-1.5209297767379157,112.63801592618822,40.41980547217327,57.021938203561206,32.97991457464127,17.762194938452822,15.253468422966556
-0.9210871889273549,-1.5209297767379157,87.5206947512767,32.324793522749474,44.2495648265455,24.2909800213534,13.848879443543513,10.365575893060202
-0.8185000129460304,-1.5209297767379157,67.840883769584,23.53384515816102,34.327213349599994,16.4136200357278,10.710729781689132,6.513716494567605
-0.7273386051246984,-1.5209297767379157,52.70684178079093,15.256288187554704,26.649841712598278,9.976473903030664,8.341579144799725,3.7866379442831257
-0.6463304070095649,-1.5209297767379157,41.089657376698504,8.44017939183977,20.800504246382285,5.269718143936958,6.5009793727706935,1.9146698011331849
-0.5743445928509872,-1.5209297767379157,32.37862374818277,3.69740112463585,16.375318688499934,2.2174413869535687,5.1328072504629665,0.7894342878619726
-0.5103762839557767,-1.5209297767379157,25.90714952275583,1.012863123809578,13.098120555518173,0.5891440899107345,4.104729884673086,0.2042499414997522
-0.4535325211846986,-1.5209297767379157,21.176832404389852,0.03740399025565023,10.710222893569352,0.02137128902908634,3.3598046018669905,0.007291189274662447
-0.40301979977966995,-1.5209297767379157,17.80641872278584,0.2379917595758015,9.004866424007734,0.1342417901547949,2.826787801998594,0.04553004018126522
-0.35813299251433084,-1.5209297767379157,15.475068770424807,1.050719711902134,7.826535674580047,0.585819862021102,2.4591843893611003,0.19651234071475893
-0.3182455065418344,-1.5209297767379157,13.932863010790593,2.010433918673914,7.048744875131675,1.1114693788586962,2.2182038964313326,0.36905410196281324
-0.2828005365353655,-1.5209297767379157,12.989051074161168,2.8087116172250477,6.5710036911594605,1.5469306756626,2.0685405910890005,0.5125589964087585
-0.2513032920204875,-1.5209297767379157,12.492406322605012,3.3042494644846276,6.316868603158831,1.8192418921197555,1.987192188005677,0.6040760085724624
-0.22331409039755062,-1.5209297767379157,12.322051474532197,3.4873499296450405,6.227807502954109,1.9219668811881163,1.9586238161248728,0.6386739897991259
-0.19844221923690444,-1.5209297767379157,12.383897555280493,3.420073864505959,6.257979118282214,1.8867274602000572,1.9689843002288785,0.6259740938991263
-0.17634048216824733,-1.5209297767379157,12.606785227251692,3.1851583800604573,6.371445247902724,1.7582038955003112,2.005829635702794,0.5822084012912273
-0.15670035222800524,-1.5209297767379157,12.937712220579673,2.8573878010947906,6.540564382370194,1.5779770143292617,2.0594523279722714,0.5222863208069174
-0.13924766500838334,-1.5209297767379157,13.337348293417207,2.4932651320072603,6.74458075009004,1.3776896976479662,2.1231051608980605,0.456670590016269
-0.12373879148704055,-1.5209297767379157,13.776525788980628,2.130579349617645,6.968219782522353,1.178340924310451,2.192296615418949,0.3917377194410292
-0.10995723711238882,-1.5209297767379157,14.23370896018616,1.7918474681605892,7.200412951631263,0.9922539979791773,2.2639703153024113,0.33105872602352726
-0.09771061966979347,-1.5209297767379157,14.693183469052464,1.4885324760744552,7.43325270895597,0.8255904831141492,2.3359454441622,0.2764414652350552
-0.0868279837415025,-1.5209297767379157,15.143718898271116,1.2247607903105082,7.661189870811876,0.6805141461419864,2.4066194942974293,0.2285914345355024
-0.07715741427178036,-1.5209297767379157,15.577542001368938,1.0001700524623653,7.880434713108572,0.5567890881712946,2.4748229290365975,0.18752410807763165
-0.06856391592404971,-1.5209297767379157,15.989528450663995,0.8119107562223005,8.088511729989584,0.4528663336655196,2.539737183804075,0.15283991391178703
-0.06092752862714207,-1.5209297767379157,16.376560928763002,0.6559629594412669,8.283925599828287,0.3665819979716577,2.600832421050095,0.123915547211281
-0.0541416530048151,-1.5209297767379157,16.73702054164215,0.5279505861399317,8.465907562917156,0.29558372409638367,2.6578110252740124,0.10003516801633947
-0.04811156231253989,-1.5209297767379157,17.07038711342021,0.42361082542102335,8.634221120227942,0.23757603776863606,2.7105554763539885,0.08047538262394874
-0.04275308010908995,-1.5209297767379157,17.376928276100525,0.33903881141764336,8.789012606217343,0.19044937103693635,2.759082392501726,0.06455556590481161
-0.0379914052040221,-1.5209297767379157,17.65746025275765,0.27079274884676896,8.930696404422038,0.1523369512563228,2.8035040749903906,0.051663734466427615
-0.03376006747802295,-1.5209297767379157,17.9131658325291,0.21591678609003218,9.059867235074234,0.12162880733540482,2.843997732387962,0.041266349793486895
-0.03,-1.5209297767379157,18.145457452902995,0.1719186384081717,9.177233698271243,0.09696175325378315,2.8807817129431235,0.032908344327333375
0.03,-1.5209297767379157,22.496109491824463,0.18923960345931312,11.378695955813468,0.10898361004946744,3.5682237190563844,0.03732929792630544
0.03376006747802295,-1.5209297767379157,22.80915270692365,0.2406262052577229,11.53717830159045,0.1387640378850689,3.617671063832158,0.047585830182036534
0.0379914052040221,-1.5209297767379157,23.16715452424184,0.3060509043213419,11.718406543460093,0.17676148555530852,3.6742434164628026,0.0607028731330259
0.04275308010908995,-1.5209297767379157,23.577284924614244,0.3893639361129214,11.925998209956019,0.22526582453784133,3.739089430076817,0.07749422312363893
0.04811156231253989,-1.5209297767379157,24.04802708221351,0.49546664528877393,12.164229280107804,0.2872088819772589,3.8135722996848407,0.09901047346524999
0.0541416530048151,-1.5209297767379157,24.589455053671056,0.63059019314141,12.438172719793634,0.3663432664874079,3.8993149031311196,0.12660879868504812
0.06092752862714207,-1.5209297767379157,25.21357729291601,0.8026412502990314,12.753870592673897,0.46746935711124626,3.998253719334425,0.16204239591511954
0.06856391592404971,-1.5209297767379157,25.934762375358357,1.0216257314123633,13.118549146173537,0.5967222919210124,4.112701728667558,0.20757362010719674
0.07715741427178036,-1.5209297767379157,26.77026692343917,1.3001596313150945,13.540889145607103,0.7619329831414983,4.245419432704424,0.2661142590768265
0.0868279837415025,-1.5209297767379157,27.740889551009904,1.6540702882925964,14.031367141811913,0.9730791067081148,4.399692179970105,0.34139482744612853
0.09771061966979347,-1.5209297767379157,28.871778353351296,2.1030791805031757,14.60268670212379,1.2428425834305223,4.579413145806375,0.43816298935897285
0.10995723711238882,-1.5209297767379157,30.193422941839547,2.6715347630396344,15.270320233873237,1.587286682475132,4.789179612292379,0.5624131952202636
0.12373879148704055,-1.5209297767379157,31.742866472991583,3.389126398619357,16.053178488940816,2.0266530585889995,5.034434930457649,0.7216659617144012
0.13924766500838334,-1.5209297767379157,33.56518381491869,4.29145535485045,16.97441132756565,2.5862472942642727,5.321739774434683,0.925364457841023
0.15670035222800524,-1.5209297767379157,35.715302915852874,5.420270058773893,18.06231800851345,3.2973198440371085,5.659324662841935,1.1855488645845962
0.17634048216824733,-1.5209297767379157,38.2603238273613,6.82310643878749,19.351324766020845,4.197760153367894,6.058078973687667,1.5180442008212172
0.19844221923690444,-1.5209297767379157,41.28264022472657,8.552031508557835,20.883040057331648,5.3323609283864375,6.532846810474152,1.9441970783300686
0.22331409039755062,-1.5209297767379157,44.88435622517105,10.661145445087513,22.707675731810276,6.752536129112741,7.103071584520522,2.4922652907086063
0.2513032920204875,-1.5209297767379157,49.19347398175741,13.202278193322549,24.88677172818228,8.515874169486432,7.790961160057389,3.1960900889757182
0.2828005365353655,-1.5209297767379157,54.37155326122445,16.21760308516,27.49881346484938,10.686417824993208,8.617239028366281,4.089900034482264
0.3182455065418344,-1.5209297767379157,60.620757451711256,19.726961431742595,30.648076432408384,13.335040241171061,9.60266389294295,5.207904444919614
0.35813299251433084,-1.5209297767379157,68.18779793265999,23.709226241349768,34.47097525400709,16.532842496568286,10.787369595396985,6.605505997321415
0.40301979977966995,-1.5209297767379157,77.3699963647809,28.08521293207553,39.12810025374691,20.325101680461977,12.244729610278602,8.37725442329952
0.4535325211846986,-1.5209297767379157,88.542568485327,32.71790840913781,44.790334456867456,24.69496063802746,14.0294335577973,10.590783962094418
0.5103762839557767,-1.5209297767379157,102.20455037735465,37.429774904899645,51.67960721756224,29.56770859195643,16.16812509988992,13.265261634526487
0.5743445928509872,-1.5209297767379157,118.96823958782605,42.0152667157685,60.15441147236643,34.82944707142746,18.829303376051172,16.575726401184713
0.6463304070095649,-1.5209297767379157,139.5402359178344,46.27968916681683,70.60266161091079,40.21873856801264,22.104625181992944,20.563605625543588
0.7273386051246984,-1.5209297767379157,164.9660081359697,50.11751261544064,83.40302956429137,45.35944378026937,26.107702077073927,25.23985222177753
0.8185000129460304,-1.5209297767379157,196.4892457202458,53.471088227023046,99.36429210629959,50.01375539785003,31.106499242256525,30.69825432209113
0.9210871889273549,-1.5209297767379157,235.37045069506647,56.31920404707751,119.04164198475063,53.932197876918,37.29082377677895,36.7888665627334
1.0365321883776653,-1.5209297767379157,284.00188952175085,58.72923786902063,143.61955775517188,57.1373899480986,44.93428067525701,43.24424551858264
1.166446554092426,-1.5209297767379157,344.3317951060481,60.72553034022867,174.11936229282625,59.683413175800595,54.520257770625356,49.67289835857166
1.3126438125222553,-1.5209297767379157,419.802322566244,62.37762033076075,212.36326699122125,61.707172910804026,66.4898053026047,55.33886835249709
1.4771647895120215,-1.5209297767379157,514.1774110734891,63.733366175507676,260.1263420508972,63.30352310350176,81.44397980483588,59.62532596226603
1.6623060990028473,-1.5209297767379157,632.5142852130449,64.84180761536408,319.9204657229075,64.56590923466811,100.13157054506908,62.498342196323286
1.8706522023821734,-1.5209297767379157,781.0773689243696,65.74406311905796,395.00196358744154,65.5675088009059,123.67899531571848,64.39262343947544
2.1051114860111477,-1.5209297767379157,967.8149396620142,66.47583890342608,489.4127755291556,66.36327111865438,153.3359955147025,65.68156260226655
2.368956860549917,-1.5209297767379157,1202.94779323671,67.06779560683435,608.2807082705065,66.99610508906854,190.58308529538164,66.591239609655
2.6658714488230206,-1.5209297767379157,1498.8465284788008,67.5446122615648,757.9012217384914,67.49907207510562,237.44637087737541,67.25466364834443
3.0,-1.5209297767379157,1872.4151750173935,67.92859554086033,947.1080042554445,67.90024610159348,296.7537495787552,67.75150437313094
-3.0,-1.471063226680935,812.8205960817647,65.89286329541748,411.49557731756033,65.73486182717494,129.49188930550758,64.71107063043084
-2.6658714488230206,-1.471063226680935,667.3284518875824,65.09052976555094,337.5069863199176,64.84421906873273,105.91407395650545,63.08338193850326
-2.368956860549917,-1.471063226680935,544.0387486129528,64.06044395797863,275.0922908255438,63.67688178579728,86.08805698777668,60.526208976735454
-2.1051114860111477,-1.471063226680935,440.1627060618672,62.72171194240982,222.53238417453178,62.1125098859838,69.5807250957679,56.43996550058648
-1.8706522023821734,-1.471063226680935,353.15867620608725,60.9573235204448,178.60510901428464,59.973176256189525,55.836999316558256,50.41741566260114
-1.6623060990028473,-1.471063226680935,281.20945125655675,58.6147379163949,141.92902289984423,56.95819958478175,44.39749134658101,42.82996537549763
-1.4771647895120215,-1.471063226680935,221.61211212169718,55.43216367482571,112.04103087911858,52.71540747622713,35.02166479791164,34.64267968998324
-1.3126438125222553,-1.471063226680935,173.2221532133325,51.118413279907415,87.69048030869315,46.776895164268474,27.400387923660194,26.694474912860002
-1.166446554092426,-1.471063226680935,135.05934418372033,45.45544770378184,68.21386319300501,39.08848221788842,21.26918176907753,19.55837258681717
-1.0365321883776653,-1.471063226680935,104.61826493139795,38.16463175364707,52.95666872686204,30.41297960407537,16.49008041490298,13.667688778282987
-0.9210871889273549,-1.471063226680935,80.96001599606856,29.655427881672118,40.928251024362716,21.746567301728444,12.808428090793575,9.072721684093612
-0.8185000129460304,-1.471063226680935,62.6003723385595,20.79947761739131,31.672809510847255,14.196529786951999,9.882347950090729,5.5333279638874275
-0.7273386051246984,-1.471063226680935,48.5941598056455,12.849504640602706,24.56881151468723,8.25515862085707,7.690579647808376,3.09085542276779
-0.6463304070095649,-1.471063226680935,37.92418460764695,6.634507763692511,19.196249788146844,4.086529009258287,6.00092624829422,1.468863340994235
-0.5743445928509872,-1.471063226680935,29.97999404878647,2.576821824566692,15.16182950419932,1.529316663858073,4.752968167101592,0.5401424095662503
-0.5103762839557767,-1.471063226680935,24.122300792420468,0.513192178409756,12.196665002759408,0.2961451975328793,3.823447622036568,0.10203720302317239
-0.4535325211846986,-1.471063226680935,19.879449770199507,0.0032683130279209955,10.054176350049612,0.0018567811855226758,3.1551604402327835,0.0006305383441163043
-0.40301979977966995,-1.471063226680935,16.889461603656564,0.47860300303077435,8.540826835657086,0.2688747045722421,2.681640697229492,0.09090132614654681
-0.35813299251433084,-1.471063226680935,14.851035250723742,1.3924446777320034,7.511037629209986,0.7741315908339678,2.360664979667121,0.2590720370008225
-0.3182455065418344,-1.471063226680935,13.532364645962327,2.3275304490768653,6.846496928426709,1.284305541691074,2.1552128311109935,0.4257361376183429
-0.2828005365353655,-1.471063226680935,12.757241011386343,3.0330910925788768,6.453975058451963,1.6685948015325396,2.032085790622409,0.5523208574568501
-0.2513032920204875,-1.471063226680935,12.385925711007442,3.4178832341779026,6.263109436976172,1.8807804218235997,1.9704317505431828,0.6242137255728539
-0.22331409039755062,-1.471063226680935,12.306899949819064,3.5039728226847697,6.220213135899818,1.9309084493444,1.956282797697333,0.6415679461393624
-0.19844221923690444,-1.471063226680935,12.433738117370561,3.3665255693515475,6.283281129358482,1.8575235295019292,1.9769232242585701,0.6163605920767542
-0.17634048216824733,-1.471063226680935,12.701447208469236,3.0888818267157467,6.419435470300311,1.7057073071757527,2.0208384082678434,0.5649936692373746
-0.15670035222800524,-1.471063226680935,13.06189332764744,2.7406231480156684,6.6034747283783215,1.5142686639921947,2.0790983939983154,0.5014110313068814
-0.13924766500838334,-1.471063226680935,13.479545328977354,2.371667977259735,6.816571304204356,1.3112783216962498,2.1455763645100188,0.4348722989799877
-0.12373879148704055,-1.471063226680935,13.92818442548661,2.013963279624601,7.044957301487199,1.1145582771355507,2.216255640519828,0.37072995610068904
-0.10995723711238882,-1.471063226680935,14.388557357688022,1.685603094214299,7.278730323271527,0.9340345968476004,2.2884382221401367,0.3118018180107019
-0.09771061966979347,-1.471063226680935,14.84671087290758,1.3950234596214632,7.510878832480409,0.7742345550561462,2.3602151584726476,0.25938194331329545
-0.0868279837415025,-1.471063226680935,15.292766724680396,1.144443821912881,7.736537941975643,0.6362934586168442,2.4301920676926394,0.21384519740594812
-0.07715741427178036,-1.471063226680935,15.719982693951387,0.9324014792334383,7.952437295711311,0.5193796789137809,2.4973592906297006,0.1750083034851676
-0.06856391592404971,-1.471063226680935,16.124013543868283,0.7554864857274981,8.156492632168481,0.42163709439979,2.5610205026083253,0.14236384627255827
-0.06092752862714207,-1.471063226680935,16.502324070808484,0.609458454899209,8.347500518892659,0.3407767380566328,2.6207382611445635,0.11524050551039783
-0.0541416530048151,-1.471063226680935,16.8537242537482,0.4899219462221511,8.524907209884038,0.2744296871723612,2.676283640482096,0.09291166353436514
-0.04811156231253989,-1.471063226680935,17.1780042923928,0.3927044108721752,8.688631936879625,0.22034397642845469,2.7275891239681362,0.07466468954480472
-0.04275308010908995,-1.471063226680935,17.475651187555126,0.3140433543698829,8.83893126484922,0.176482959713777,2.7747067763873314,0.05984085534663024
-0.0379914052040221,-1.471063226680935,17.747631169827688,0.250656927219079,8.976295102734946,0.14106357055599703,2.817773153552844,0.04785464320628281
-0.03376006747802295,-1.471063226680935,17.99522462955609,0.1997472138412939,9.101367431980306,0.11255957350630932,2.85698122804045,0.038199635666098276
-0.03,-1.471063226680935,18.21990241099226,0.15896766755524427,9.21488643056738,0.08968579453828895,2.8925587586477577,0.03044637868021339
0.03,-1.471063226680935,22.397199075326874,0.17416793658844754,11.328622561215678,0.10026131803992915,3.5526104106263863,0.03433053681998328
0.03376006747802295,-1.471063226680935,22.69610961239286,0.22143149988924882,11.479950489522821,0.1276331379927628,3.59982604365565,0.04375245997288411
0.0379914052040221,-1.471063226680935,23.037743020906415,0.2815988178258246,11.652893301316551,0.16254916025062793,3.6538126493190095,0.05579833737326414
0.04275308010908995,-1.471063226680935,23.428864367874233,0.35820839174737407,11.850864183889467,0.20710963472110466,3.7156542059361275,0.07121347665254273
0.04811156231253989,-1.471063226680935,23.877467466641754,0.45576598714934935,12.077892372689751,0.2640034421433867,3.7866355437993473,0.09095977136047359
0.0541416530048151,-1.471063226680935,24.39303278225572,0.5800024657160364,12.338751803491856,0.3366723769638014,3.868284278369701,0.11627951886858919
0.06092752862714207,-1.471063226680935,24.98684614560931,0.7381946232792234,12.639120805227497,0.429520001756395,3.9624207951577195,0.14877725878607492
0.06856391592404971,-1.471063226680935,25.672393343680362,0.9395601923118857,12.985781516640115,0.5481762640095945,4.071216403000443,0.19052337290809382
0.07715741427178036,-1.471063226680935,26.46584894043391,1.1957369238466138,13.38687036028906,0.6998312966145481,4.197258750006931,0.2441826807942878
0.0868279837415025,-1.471063226680935,27.386681143693767,1.5213512845416273,13.852194041168762,0.8936539311929738,4.343622697224171,0.3131698808747526
0.09771061966979347,-1.471063226680935,28.45839785254423,1.9346723755969533,14.3936285694691,1.141311505170056,4.51394596846116,0.4018321397719425
0.10995723711238882,-1.471063226680935,29.70946209128707,2.4583277414022318,15.025620145924629,1.4576052311023917,4.712516794309579,0.5156610485143666
0.12373879148704055,-1.471063226680935,31.17440902494463,3.1200257549898227,15.765803201461612,1.8612247938068633,4.944404189793322,0.6615513100600575
0.13924766500838334,-1.471063226680935,32.895206636864955,3.953181665238728,16.63573796372002,2.3755983354366585,5.2157097683011,0.8481689655955199
0.15670035222800524,-1.471063226680935,34.922931064278366,4.9972845116505775,17.66174608704952,3.0297595076837722,5.534083884859752,1.0865777064568032
0.17634048216824733,-1.471063226680935,37.319899989756266,6.297784196292245,18.875804073486368,3.859074011147615,5.909650400082666,1.39134203773369
0.19844221923690444,-1.471063226680935,40.16254770026112,7.905240606951291,20.3165048859726,4.905615224742211,6.356213825895671,1.782143959683707
0.22331409039755062,-1.471063226680935,43.54549924831683,9.873435512866866,22.030360317219266,6.218099540925613,6.89184333086594,2.28509467931972
0.2513032920204875,-1.471063226680935,47.587280907070664,12.255932050863455,24.074323584308623,7.851761250324875,7.537120397603119,2.9315620104401354
0.2828005365353655,-1.471063226680935,52.43737782324891,15.09985092312102,26.521009551717864,9.869043498153674,8.311136626817417,3.753440271857538
0.3182455065418344,-1.471063226680935,58.28269022910254,18.43459794261395,29.46689213753921,12.340615088379026,9.232939048497574,4.782830488197839
0.35813299251433084,-1.471063226680935,65.3510882059213,22.25433526667763,33.03809793124886,15.340228530083934,10.339649000081206,6.071742493279222
0.40301979977966995,-1.471063226680935,73.91693900698219,26.500262129796482,37.3828339263283,18.92161981681589,11.699311052378397,7.7090374212439725
0.4535325211846986,-1.471063226680935,84.32628637694461,31.056896800383104,42.658483674664396,23.085339158274984,13.362261336588361,9.759711727339784
0.5103762839557767,-1.471063226680935,97.03919848264192,35.76262327478857,49.069653966522445,27.782986824160744,15.352566564522109,12.244946297900968
0.5743445928509872,-1.471063226680935,112.62001728001633,40.41504737601852,56.947187323986334,32.93441746332345,17.826271432185013,15.333103100356162
0.6463304070095649,-1.471063226680935,131.7201280247851,44.80623743369012,66.64827867832301,38.31582244609463,20.86757650585924,19.072001359341883
0.7273386051246984,-1.471063226680935,155.30287056126213,48.80754775110251,78.5218172484465,43.57002217667982,24.580879546314616,23.48558641553213
0.8185000129460304,-1.471063226680935,184.51380217738748,52.33753472188225,93.31367010298679,48.440702961901756,29.213657136324215,28.685065633346525
0.9210871889273549,-1.471063226680935,220.5149425845873,55.35636532185045,111.53467805511202,52.62060841820492,34.94044808520923,34.56393918031953
1.0365321883776653,-1.471063226680935,265.51050470228597,57.923269267958695,134.2774493541136,56.080362076578375,42.013570676525426,40.91892510287638
1.166446554092426,-1.471063226680935,321.2984581122533,60.057025419465184,162.48365495379966,58.84389263409502,50.87884940497958,47.44350393684236
1.3126438125222553,-1.471063226680935,391.0521909142984,61.827410901531806,197.8334899303252,61.044411385273925,61.94304720282986,53.46613857444794
1.4771647895120215,-1.471063226680935,478.2453695976137,63.28313258569348,241.9659724279637,62.780345043309694,75.76085758623356,58.28188698336484
1.6623060990028473,-1.471063226680935,587.5478980954756,64.47523230343717,297.2003652560987,64.15239421643672,93.02398558477759,61.61756209566036
1.8706522023821734,-1.471063226680935,724.7455272821545,65.44687534491513,366.5441213310615,65.24030015395294,114.77247640540148,63.811402858477905
2.1051114860111477,-1.471063226680935,897.183791158505,66.23581285277555,453.7330877677454,66.10414340075778,142.1612714716149,65.28203832114389
2.368956860549917,-1.471063226680935,1114.310557058537,66.87461149321214,563.507553755317,66.79080749515919,176.55937366391413,66.30598198994902
2.6658714488230206,-1.471063226680935,1387.5667912732745,67.38956584178143,701.6898753645296,67.33636974230843,219.84072639887947,67.04529858943917
3.0,-1.471063226680935,1732.5741380726972,67.80451720828646,876.4438871940451,67.7713898485625,274.6191540213655,67.5949949737899
-3.0,-1.421196676623954,821.1815552662117,65.93008767476238,415.3597125758696,65.77200286612086,129.75615024825717,64.72458963136546
-2.6658714488230206,-1.421196676623954,664.838063587571,65.0736326392415,335.8917204269761,64.81998643004667,105.08562090799548,63.005612000494395
-2.368956860549917,-1.421196676623954,533.5681764226956,63.95009967401786,269.6214800307072,63.5457662691412,84.13341934522477,60.16601152085099
-2.1051114860111477,-1.421196676623954,425.24736350055764,62.473031332914026,214.88325372661117,61.811707186559346,67.07533543202676,55.55760427045681
-1.8706522023821734,-1.421196676623954,336.64437426375554,60.51317419184661,170.20753060242367,59.416125102228506,53.16340330128172,48.87179555429108
-1.6623060990028473,-1.421196676623954,265.05731126042775,57.902013872002726,133.69889137755723,56.0091708571122,41.803994774110166,40.745350338756616
-1.4771647895120215,-1.421196676623954,206.88673083235582,54.34373438874826,104.56913724711627,51.21094680089268,32.67144600129995,32.31101100445695
-1.3126438125222553,-1.421196676623954,160.46410626551167,49.52719062311065,81.22582705062291,44.5855116192746,25.37072069318681,24.397849086514007
-1.166446554092426,-1.421196676623954,124.38184054972353,43.2644394181915,62.807914088041855,36.309888562240324,19.577341488936284,17.496832395685235
-1.0365321883776653,-1.421196676623954,95.92079454419206,35.38394474663076,48.54852831481741,27.417537325616628,15.11410769963785,11.946557434276784
-0.9210871889273549,-1.421196676623954,74.00751653750315,26.542775298948786,37.40995538604408,18.943606437892225,11.70692505431804,7.7183284973724815
-0.8185000129460304,-1.421196676623954,57.14213390345553,17.794774394031883,28.908694564622113,11.870752865791884,9.020613838565417,4.541622762309004
-0.7273386051246984,-1.421196676623954,44.36824425630887,10.357154278074649,22.431133218665106,6.533400880139157,7.022099039357898,2.4123047269219398
-0.6463304070095649,-1.421196676623954,34.70914379443487,4.884484492095066,17.56695088310902,2.9673860287747447,5.493342650741892,1.0549889641368189
-0.5743445928509872,-1.421196676623954,27.56917830570196,1.5892354716341768,13.942389456744875,0.933314736768387,4.371334879967385,0.3269991560384442
-0.5103762839557767,-1.421196676623954,22.347265786388988,0.16677566931654392,11.300347582304624,0.09548423939194228,3.5438295925158028,0.03269536181662684
-0.4535325211846986,-1.421196676623954,18.604419050056197,0.10068986146207923,9.40950614235526,0.05687830653566405,2.9541011803182244,0.019225690809968523
-0.40301979977966995,-1.421196676623954,16.001455967158797,0.8068084897611717,8.09147839703307,0.451476038182836,2.541104473438446,0.15215384897219134
-0.35813299251433084,-1.421196676623954,14.25893638959043,1.7742531518814213,7.211719951633879,0.9837103760177043,2.2672088515326885,0.3284682696081767
-0.3182455065418344,-1.421196676623954,13.164573164857647,2.646563886782226,6.660796350511709,1.457745645790307,2.09738404217526,0.4824855722058333
-0.2828005365353655,-1.421196676623954,12.55754722862636,3.2360513635313817,6.3531891746747196,1.7784618415254536,2.000698775727965,0.5881739019497512
-0.2513032920204875,-1.421196676623954,12.31015894614853,3.500392636705948,6.224892283093301,1.925395827581886,1.9585281588300651,0.6387920645105584
-0.22331409039755062,-1.421196676623954,12.320615100042168,3.4889233994254756,6.2272354816630795,1.9226393697259068,1.9585117479756067,0.6388123227802922
-0.19844221923690444,-1.421196676623954,12.510390089283531,3.285322365410383,6.322162256261763,1.8132585609492018,1.9891037741668531,0.6018078167116491
-0.17634048216824733,-1.421196676623954,12.820803344082229,2.9703844889741426,6.479929456993746,1.6410719223198462,2.039747728510629,0.5437983305307641
-0.15670035222800524,-1.421196676623954,13.208677020018074,2.606843844362236,6.6778237747231595,1.4412316363549682,2.1023098815111294,0.4774693535735253
-0.13924766500838334,-1.421196676623954,13.642330845417352,2.237399235498073,6.898975089549247,1.237889714843327,2.171293345604199,0.41076920459428157
-0.12373879148704055,-1.421196676623954,14.09852477261186,1.8880498793843896,7.131138794155425,1.0456313754603461,2.2431601634781413,0.34801171736941855
-0.10995723711238882,-1.421196676623954,14.560304177147577,1.57258189521777,7.365587028223988,0.8720457794065369,2.315571919959098,0.29128273755915635
-0.09771061966979347,-1.421196676623954,15.015484132325616,1.2965804132127574,7.596207524141857,0.720119427376816,2.3868916730233747,0.2413923569743997
-0.0868279837415025,-1.421196676623954,15.455539879945842,1.0605260076029461,7.818819776540655,0.5900486004217034,2.4559328763102988,0.19841269839583175
-0.07715741427178036,-1.421196676623954,15.874757597062635,0.8619931318234515,8.030670946669407,0.4804791979813271,2.5218452029776324,0.16198456950461196
-0.06856391592404971,-1.421196676623954,16.2695659315856,0.6971159163128139,8.230065004942919,0.389303801723963,2.584053809867869,0.13151028669792833
-0.06092752862714207,-1.421196676623954,16.638004992548055,0.5615099472259941,8.416086727868365,0.31414938595642405,2.6422127066142096,0.10628359723423524
-0.0541416530048151,-1.421196676623954,16.979305936685684,0.4508151450606841,8.588393358343668,0.2526600182715356,2.696160572756217,0.08557666399508872
-0.04811156231253989,-1.421196676623954,17.293561246305643,0.36098802303074884,8.747055705601003,0.2026483436646405,2.7458787207917896,0.06869453252089733
-0.04275308010908995,-1.421196676623954,17.581469145192766,0.28843587678480215,8.892436429310072,0.16216566131779234,2.7914534477016337,0.055005350307795284
-0.0379914052040221,-1.421196676623954,17.84413790597375,0.23005620047458772,9.025096943300912,0.12952332035174702,2.833044350948405,0.0439536490226342
-0.03376006747802295,-1.421196676623954,18.082937886778208,0.18322279323694612,9.145726648869154,0.10328648420718842,2.8708589868633316,0.03506271741270025
-0.03,-1.421196676623954,18.299391130207905,0.1457446914205755,9.255089679112693,0.08225350407471929,2.9051333984851824,0.027930587043920332
0.03,-1.421196676623954,22.292951077361217,0.1589009945584467,11.275846800175312,0.09143190579674632,3.53615424116179,0.03129649587243025
0.03376006747802295,-1.421196676623954,22.57703966081566,0.2019913915016789,11.419671297408565,0.11636853763995803,3.581029235275857,0.03987531240918494
0.0379914052040221,-1.421196676623954,22.901523612675252,0.2568379562960307,11.58393321920698,0.14816997895139727,3.632306604952047,0.05083955066343194
0.04275308010908995,-1.421196676623954,23.27275014939935,0.32666357960950854,11.771834881822608,0.1887451351641982,3.6910035724113133,0.06486557142794486
0.04811156231253989,-1.421196676623954,23.698208777798815,0.4155731733907845,11.987151240107698,0.24053766792834358,3.7583241896449255,0.08282598803902598
0.0541416530048151,-1.421196676623954,24.186769057267174,0.5287899873556446,12.234348475748508,0.30667549585814186,3.835698005155164,0.10584747044495765
0.06092752862714207,-1.421196676623954,24.748974077990844,0.6729506151023813,12.518731052310935,0.3911611459752448,3.924826048534705,0.1353849077667229
0.06856391592404971,-1.421196676623954,25.397403387931178,0.8564697704411486,12.846625191351908,0.49911342801340236,4.0277341632441015,0.1733153607144696
0.07715741427178036,-1.421196676623954,26.147122063269666,1.0899853357346452,13.225609148165047,0.6370731355485157,4.146832742654627,0.22205480564675734
0.0868279837415025,-1.421196676623954,27.01623570817291,1.3868910355602653,13.664803516654237,0.8133877153709318,4.284981077566232,0.2846994622163513
0.09771061966979347,-1.421196676623954,28.026574093135945,1.7639562846855097,14.175237509251977,1.0386912984783427,4.445555604522069,0.36519216031334534
0.10995723711238882,-1.421196676623954,29.20452880388361,2.242017273520081,14.770308235889035,1.3264951323195795,4.632528827083179,0.46851604197916275
0.12373879148704055,-1.421196676623954,30.582073785406628,2.846696619504081,15.466346460080514,1.6938949120117905,4.850587741216734,0.6009318087126608
0.13924766500838334,-1.421196676623954,32.19800671136779,3.6090685998911693,16.283289999602673,2.1623780424687924,5.105365807896725,0.7703163018069472
0.15670035222800524,-1.421196676623954,34.0994759463269,4.5661359863667075,17.245443598451764,2.758666355948124,5.40392183494415,0.9867387164068867
0.17634048216824733,-1.421196676623954,36.34392514051532,5.760935430461835,18.38228696560985,3.5154602042901986,5.755598922611298,1.2634757137063328
0.19844221923690444,-1.421196676623954,39.001717296672,7.242057524777541,19.729341227489652,4.471904794147462,6.173140966960797,1.6185026227721324
0.22331409039755062,-1.421196676623954,42.15985956384068,9.062331468913335,21.329349990725152,5.673714581124635,6.673215424275456,2.0757199963073196
0.2513032920204875,-1.421196676623954,45.92722680334765,11.2762197810864,23.234594790436255,7.173330472528575,7.274746668753607,2.663929683996723
0.2828005365353655,-1.421196676623954,50.44100430726759,13.934770914551287,25.511708539999535,9.03096445050046,7.995166486895755,3.4125688407692247
0.3182455065418344,-1.421196676623954,55.872539089760195,17.075880887714128,28.249211917834938,11.316174512167777,8.851781069162715,4.35146876231959
0.35813299251433084,-1.421196676623954,62.43048883469826,20.708254677579426,31.5627410413397,14.104093927081545,9.878638436983792,5.528991553241673
0.40301979977966995,-1.421196676623954,70.36579100063257,24.79380397340853,35.58787021217938,17.455286385375008,11.1383411045498,7.027871853571188
0.4535325211846986,-1.421196676623954,79.99468809184869,29.240937661152966,40.468188026361865,21.385964675331643,12.67677825431148,8.909918562816127
0.5103762839557767,-1.421196676623954,91.73741321943024,33.908904128419834,46.390565466567004,25.872652105673836,14.515374687306851,11.197714634570799
0.5743445928509872,-1.421196676623954,106.10918409273714,38.60511772532914,53.65754470598183,30.86899523059444,16.7974355263128,14.051538879613002
0.6463304070095649,-1.421196676623954,123.70463920489867,43.113620720961244,62.59480896265235,36.1938789786562,19.599492379594675,17.524025881063146
0.7273386051246984,-1.421196676623954,145.40275321296633,47.28329233698674,73.52050877343828,41.52217215313705,23.016453308001665,21.649992783902913
0.8185000129460304,-1.421196676623954,172.24800155311408,51.00546008394474,87.11586778743005,46.5947699524667,27.274728629809676,26.554346789510255
0.9210871889273549,-1.421196676623954,205.30036957037484,54.216613780610516,103.84571895485759,51.05241434248061,32.53305127748837,32.17030708997901
1.0365321883776653,-1.421196676623954,246.57002823588584,56.96392603075622,124.70780788313772,54.8026194414961,39.02168355739638,38.355555645604355
1.166446554092426,-1.421196676623954,297.69848738795014,59.25788498265251,150.56100504407996,57.8238567014927,47.14761198616231,44.89059121931553
1.3126438125222553,-1.421196676623954,361.58053929604165,61.16734900262894,182.9383615130716,60.23744431330694,57.28194323582328,51.197889325573286
1.4771647895120215,-1.421196676623954,441.3879412413364,62.74135681679457,223.33727636131388,62.14279885416188,69.93117902300605,56.55671936543098
1.6623060990028473,-1.421196676623954,541.3879625127693,64.03292878526494,273.876832478511,63.64825617950666,85.72768834864195,60.46174144684896
1.8706522023821734,-1.421196676623954,666.8688685141333,65.0874213452658,337.3060163824264,64.84121788712518,105.62189359251363,63.05616726117659
2.1051114860111477,-1.421196676623954,824.5507952641082,65.94486862573157,417.0432469358341,65.78795312130933,130.67036045582125,64.77076414828132
2.368956860549917,-1.421196676623954,1023.0814275911181,66.64000528029942,517.4278126014257,66.54018352087981,162.12663873615156,65.94534523670147
2.6658714488230206,-1.421196676623954,1272.9418719862672,67.20097956137897,643.7938498118136,67.13766210779347,201.70776362235404,66.78290687403228
3.0,-1.421196676623954,1588.4318352648002,67.65340844233302,803.6149871679336,67.61396681452506,251.80705218658625,67.40006700584165
-3.0,-1.3713301265669733,810.0456754087253,65.88033413434727,409.40198219050944,65.71442347325087,127.16549420872383,64.58860200596207
-2.6658714488230206,-1.3713301265669733,644.7166930246128,64.93215139248022,325.4302977022452,64.6566524194026,101.57598092519343,62.65418517069409
-2.368956860549917,-1.3713301265669733,509.39511331195945,63.67726635224756,257.25099345193814,63.226207448156,80.10717400594494,59.335309878200675
-2.1051114860111477,-1.3713301265669733,400.6410763448677,62.02015539753999,202.35377337672227,61.26233611200473,63.08533544499681,53.96673582818642
-1.8706522023821734,-1.3713301265669733,313.71687317820624,59.814188991561124,158.5705367527056,58.52892553998289,49.494687681178206,46.52869189904501
-1.6623060990028473,-1.3713301265669733,244.83882978919115,56.86835807495348,123.43998743861005,54.6159018536824,38.583084912568445,37.964348953259034
-1.4771647895120215,-1.3713301265669733,189.70443205647905,52.847278357530975,95.86039927024906,49.12838935955085,29.94041435114157,29.465996863056446
-1.3126438125222553,-1.3713301265669733,146.27053683898365,47.425119186701856,74.03349054863614,41.74282883492634,23.117654847002115,21.76984236360669
-1.166446554092426,-1.3713301265669733,112.87595373089704,40.48258401909442,56.98781770817495,32.95915504188915,17.75965313475962,15.250308891933393
-1.0365321883776653,-1.3713301265669733,86.76725450039456,32.031100666371,43.91028203260799,24.036003038681816,13.668920290223033,10.141313989911536
-0.9210871889273549,-1.3713301265669733,66.81799940476519,23.01257701403383,33.77303344543378,15.953088689726538,10.568818320576474,6.344199349718285
-0.8185000129460304,-1.3713301265669733,51.575658192798336,14.598193910875846,26.090369556253172,9.510637864421293,8.142689778161005,3.5708602751449448
-0.7273386051246984,-1.3713301265669733,40.10822802233371,7.874032994920011,20.276815452258113,4.876012996695178,6.3486163080415166,1.7752633457129992
-0.6463304070095649,-1.3713301265669733,31.50251633289112,3.2745665427169683,15.942022687044002,1.9621186152396033,4.987350501559089,0.6899947904400829
-0.5743445928509872,-1.3713301265669733,25.18945442245326,0.7956815242031965,12.738880131101675,0.46243599979701344,3.994748126742656,0.16072336352350824
-0.5103762839557767,-1.3713301265669733,20.614730360862048,0.007481484483405893,10.425658003042308,0.0042520458368515805,3.2710114582529024,0.00144680773920383
-0.4535325211846986,-1.3713301265669733,17.376577117895838,0.339129642104976,8.788766599398539,0.19051966757414734,2.760537529709955,0.06410812350246774
-0.40301979977966995,-1.3713301265669733,15.161374150734718,1.2150709262826327,7.666420833531763,0.6773855100768513,2.4081803166736053,0.22759665202941048
-0.35813299251433084,-1.3713301265669733,13.713317907956155,2.180463335392198,6.935935284937615,1.2058668231106802,2.1811112261238987,0.40180067967931543
-0.3182455065418344,-1.3713301265669733,12.840648761918718,2.950990709385208,6.497279238471695,1.6228468000966103,2.0464729652068145,0.5363908434363615
-0.2828005365353655,-1.3713301265669733,12.398517890491764,3.4043043625764087,6.272964031048102,1.8693935339726255,1.9757255074512436,0.6178044245160067
-0.2513032920204875,-1.3713301265669733,12.271632883787822,3.54288115473962,6.205517234626821,1.9482935940582267,1.9525120578704263,0.6462482844853391
-0.22331409039755062,-1.3713301265669733,12.368159625616427,3.4371061177052677,6.2513859088451,1.8943894283006966,1.9660954702950455,0.6294976222938706
-0.19844221923690444,-1.3713301265669733,12.617606745975078,3.1740482679981064,6.376522435655559,1.7525982725468199,2.006119149410576,0.5818730210349718
-0.17634048216824733,-1.3713301265669733,12.96767264316909,2.8289117965632595,6.554353879164817,1.5638609369841887,2.063002432647663,0.5184720762781525
-0.15670035222800524,-1.3713301265669733,13.380161540155221,2.4562251571525913,6.7646728065964865,1.358936260128305,2.1294174126625394,0.45047698624361077
-0.13924766500838334,-1.3713301265669733,13.827248174501525,2.091097035406492,6.99257217184083,1.1578504613099057,2.200499099988568,0.38446215376918247
-0.12373879148704055,-1.3713301265669733,14.288664259495393,1.7536633911086366,7.227328676271355,0.9719933948667466,2.273186101778918,0.3237206724526654
-0.10995723711238882,-1.3713301265669733,14.749741351961745,1.4536399851381145,7.461382840802099,0.806743134689247,2.345496117684849,0.2696484266300909
-0.09771061966979347,-1.3713301265669733,15.200047801413655,1.1940114533204453,7.689513542630432,0.6636788399056828,2.4160607716228726,0.22261405096522163
-0.0868279837415025,-1.3713301265669733,15.632396229088329,0.9737310147965779,7.908215851378081,0.5421706458375747,2.4838983038477456,0.18242238184323886
-0.07715741427178036,-1.3713301265669733,16.04208493021517,0.7895722223413654,8.115245649137487,0.4404285767312839,2.5483150359444795,0.1485655659294055
-0.06856391592404971,-1.3713301265669733,16.426300540674262,0.6373309226061561,8.309286700332285,0.3561570504800901,2.6088551782495246,0.12037572037021628
-0.06092752862714207,-1.3713301265669733,16.783643311546157,0.5125615927416018,8.48970407327616,0.2869437197317731,2.6652619414047636,0.09712606763126222
-0.0541416530048151,-1.3713301265669733,17.11375133913447,0.41099695105971434,8.656358668680726,0.23047684216373543,2.717439500293714,0.07809773402645626
-0.04811156231253989,-1.3713301265669733,17.41700619044153,0.32876198336634466,8.809466143345691,0.1846552494497156,2.7654160196057593,0.06262057115177874
-0.04275308010908995,-1.3713301265669733,17.694305193089306,0.26246070181935616,8.949489111542302,0.14763305343403177,2.8093101877321196,0.05009456919612122
-0.0379914052040221,-1.3713301265669733,17.946887612503282,0.20918832775013652,9.077054916212775,0.11782625895475189,2.8493029437752333,0.03999776312310131
-0.03376006747802295,-1.3713301265669733,18.17620375565523,0.16650294817540898,9.192893333950943,0.0938984937499232,2.885614870293502,0.03188555068700991
-0.03,-1.3713301265669733,18.383817816691284,0.13237781208614424,9.297789902750289,0.07473652509367183,2.918488877348506,0.025385124186064895
0.03,-1.3713301265669733,22.183717406110585,0.14359306528108304,11.220546805135495,0.08258498652737316,3.5189107431203506,0.028258072580850935
0.03376006747802295,-1.3713301265669733,22.452356389662594,0.18250266575717536,11.35655005119456,0.10508481351591159,3.5613458981911443,0.03599397180142907
0.0379914052040221,-1.3713301265669733,22.758983888247062,0.23201940353969258,11.511773100516063,0.13377053911885725,3.6098022341235865,0.04587728034230466
0.04275308010908995,-1.3713301265669733,23.1095191531669,0.2950499619253587,11.68920229388489,0.17036002130055608,3.6652285844066883,0.05851568942641468
0.04811156231253989,-1.3713301265669733,23.510935958402722,0.3752972970748905,11.892352544928775,0.21705202830027828,3.728746369764454,0.07469290850759437
0.0541416530048151,-1.3713301265669733,23.971480042401215,0.477475021509362,12.125375775876533,0.2766608786082501,3.8016849691675474,0.09542047468541096
0.06092752862714207,-1.3713301265669733,24.500937146639835,0.6075758638778581,12.393195231164302,0.3527881213289333,3.8856236742435373,0.12200425179368928
0.06856391592404971,-1.3713301265669733,25.1109640448703,0.7732050226026738,12.701672889830531,0.450040943860959,3.9824401744470244,0.15612873027780108
0.07715741427178036,-1.3713301265669733,25.81549759305063,0.9839892165853332,13.057819394418177,0.574309186576103,4.094364594114135,0.1999618793622681
0.0868279837415025,-1.3713301265669733,26.63125955132549,1.2520701726276486,13.470058480953899,0.7331151501209099,4.224037308813938,0.25628225697905765
0.09771061966979347,-1.3713301265669733,27.57837745659338,1.5926854062975833,13.948560295293426,0.9360521420002437,4.374569803146904,0.32862894379726115
0.10995723711238882,-1.3713301265669733,28.681144076239345,2.024826851457791,14.505658802081635,1.1953271809783874,4.549614881671409,0.4214766145968778
0.12373879148704055,-1.3713301265669733,29.968941002128872,2.571946079172533,15.156364957448742,1.5264166082639028,4.753473201536904,0.5404507218987654
0.13924766500838334,-1.3713301265669733,31.477360126874267,3.262641484624245,15.918975631111092,1.948823672983483,4.9913051891987905,0.6926354389028659
0.15670035222800524,-1.3713301265669733,33.24958144937657,4.131220472939495,16.815757429651622,2.4868863071953573,5.269572090989049,0.8870982022844006
0.17634048216824733,-1.3713301265669733,35.33812769519639,5.21798953750574,17.873669084700726,3.1705230033833836,5.596828070634214,1.1358141968625073
0.19844221923690444,-1.3713301265669733,37.80723546980924,6.569101701984297,19.125132327771258,4.0357670645802335,5.9847449358462255,1.4550277790518966
0.22331409039755062,-1.3713301265669733,40.73622753032547,8.235762059896912,20.60909050180519,5.125047830102131,6.4485737150616815,1.8663871766210998
0.2513032920204875,-1.3713301265669733,44.224244607344716,10.272405833428449,22.373113859674948,6.487584522281865,7.005566668036071,2.396060901452958
0.2828005365353655,-1.3713301265669733,48.39606645992802,12.732802354539611,24.477800310374132,8.180717433514094,7.671484899432961,3.070928887137082
0.3182455065418344,-1.3713301265669733,53.40734967566496,15.661923534053859,27.003643024491577,10.271941279259966,8.461883351156857,3.918410528545666
0.35813299251433084,-1.3713301265669733,59.447359445800906,19.081708742209628,30.0556877168228,12.836381107941152,9.407705874724911,4.9829948166903755
0.40301979977966995,-1.3713301265669733,66.7433626010186,22.974300251324497,33.756752442699884,15.9395371680749,10.566050417962808,6.340898934629332
0.4535325211846986,-1.3713301265669733,75.58146796210909,27.27344911374044,38.2364751312625,19.611030552727392,11.978311080309483,8.050203400705126
0.5103762839557767,-1.3713301265669733,86.34159758720163,31.863725818212792,43.66375173855752,23.85000508455657,13.663236374661865,10.134234424433748
0.5743445928509872,-1.3713301265669733,99.48914763969904,36.56983896765572,50.31244147180525,28.64234674182703,15.751222863735832,12.743790014522128
0.6463304070095649,-1.3713301265669733,115.5609938315007,41.17551026988561,58.47621561204,33.85240560837389,18.31099176751149,15.934582210399157
0.7273386051246984,-1.3713301265669733,135.35024394523384,45.51055409304791,68.44178329803577,39.19883940147608,21.42776645098836,19.749879098547332
0.8185000129460304,-1.3713301265669733,159.79814163492867,49.43698392090965,80.82451771104668,44.438671047710734,25.306482467003892,24.32403125439169
0.9210871889273549,-1.3713301265669733,189.85970104414656,52.86207733388499,96.04185393257242,49.17592746254515,30.089626988133574,29.625111432576176
1.0365321883776653,-1.3713301265669733,227.3462650884524,55.81570576110921,114.99424161727282,53.24941475593353,35.98474313316651,35.566282056250884
1.166446554092426,-1.3713301265669733,273.73699411589223,58.29611850954877,138.4548033823052,56.573737370835495,43.35888363247388,42.011685264514895
1.3126438125222553,-1.3713301265669733,331.6389215506356,60.369299623345796,167.8046971038548,59.24470608081967,52.54615326175021,48.49580370462675
1.4771647895120215,-1.3713301265669733,403.90988003383245,62.08366137699975,204.39384048435934,61.35706357664375,64.00297783697532,54.35392843331496
1.6623060990028473,-1.3713301265669733,494.3978417462372,63.49398360699078,250.13288476364414,63.026200059411494,78.29990433224272,58.918750012283994
1.8706522023821734,-1.3713301265669733,607.8716584922238,64.64788415478358,307.5012576663467,64.3482222009334,96.29407236170717,62.04820153155069
2.1051114860111477,-1.3713301265669733,750.3978671020303,65.58791311993356,379.5858590321246,65.39684846012754,118.9391996497689,64.09917606817689
2.368956860549917,-1.3713301265669733,929.7879512598635,66.35125841451746,470.3071292526437,66.22972883183186,147.36800501849183,65.4783438526568
2.6658714488230206,-1.3713301265669733,1155.519736124678,66.96818923762066,584.4893692076936,66.89113883598715,183.13390552184504,66.44655216618997
3.0,-1.3713301265669733,1440.5130115316592,67.46637324457319,728.8865360024668,67.41835569728228,228.4004577693798,67.15189483576955
-3.0,-1.3214635765099922,769.8103385458874,65.68820703383605,388.79508577722515,65.50055601213148,120.31294055878527,64.18769423661476
-2.6658714488230206,-1.3214635765099922,604.3766806324065,64.61905186049326,304.8401931168964,64.29903205464062,94.9985906345838,61.88318467601298
-2.368956860549917,-1.3214635765099922,472.03863248625856,63.19809499291467,238.25690078114388,62.6623908944602,74.09196432262053,57.82753244378189
-2.1051114860111477,-1.3214635765099922,367.77522730897783,61.31535714414196,185.67477232641681,60.39696600157529,57.83526693416781,51.48682266757086
-1.8706522023821734,-1.3214635765099922,285.7700439990255,58.80051017451463,144.40430184293697,57.218895505361765,45.050624100805095,43.333261891080966
-1.6623060990028473,-1.3214635765099922,221.63318244162903,55.433611543555095,111.69630453580882,52.650974058509995,34.90365521199349,34.52822454286838
-1.4771647895120215,-1.3214635765099922,170.81638750471723,50.83704831507703,86.29620672997986,46.330868109619075,26.946746302538255,26.1872964710497
-1.3126438125222553,-1.3214635765099922,131.14386719088773,44.691021836940905,66.36934841854486,38.17546022258043,20.72048161348123,18.893371861866868
-1.166446554092426,-1.3214635765099922,100.87968012825324,37.014682622755416,50.92417398952282,29.05899952694579,15.868643529324995,12.890693411517308
-1.0365321883776653,-1.3214635765099922,77.38571923099072,28.09226184445606,39.15774691067789,20.34873467538808,12.19008364809116,8.310077721510421
-0.9210871889273549,-1.3214635765099922,59.54907221448894,19.137911726794712,30.097166094006063,12.871304235033959,9.418959146070591,4.995931462657512
-0.8185000129460304,-1.3214635765099922,46.01211714152533,11.32631715590601,23.274130765367683,7.205065694060883,7.26597763859529,2.6550929045621103
-0.7273386051246984,-1.3214635765099922,35.89442444876815,5.516902413297967,18.1464280359374,3.3542930004054385,5.68278221531201,1.2043911138566104
-0.6463304070095649,-1.3214635765099922,28.363136756001534,1.8965457404565536,14.35129846171902,1.1211417595227309,4.492197859322384,0.39003308201939446
-0.5743445928509872,-1.3214635765099922,22.88470935660989,0.25385190347978787,11.573480222767108,0.1460428943255927,3.6301398455242686,0.05035164149582495
-0.5103762839557767,-1.3214635765099922,18.957794582025276,0.05941394758183019,9.589287677848267,0.03348953863936373,3.0101905068325987,0.011331892260227086
-0.4535325211846986,-1.3214635765099922,16.22102505595247,0.7162740294897468,8.20464205752929,0.4003062039148122,2.578419807014137,0.13411910307198482
-0.40301979977966995,-1.3214635765099922,14.388344343583158,1.6857463926651852,7.275330742118006,0.9365155893060682,2.2858929492853375,0.3137714103246977
-0.35813299251433084,-1.3214635765099922,13.228806027692984,2.588850359094588,6.6910754702691495,1.4284662375733925,2.104679219606521,0.47506883290560165
-0.3182455065418344,-1.3214635765099922,12.571781119013338,3.2212812888778486,6.361595504168493,1.7691138990351947,2.0042390987602863,0.5840532597219152
-0.2828005365353655,-1.3214635765099922,12.288697337826909,3.5240169339970837,6.217615020563148,1.9339740982204017,1.9585109929134803,0.6388132548723313
-0.2513032920204875,-1.3214635765099922,12.276849888838356,3.5371063656648327,6.2082716221526635,1.9450268950101197,1.9534100213731553,0.6451315823970508
-0.22331409039755062,-1.3214635765099922,12.454459810346938,3.3444365017235667,6.295157135571334,1.8439247140636796,1.9798128834562478,0.6128866496257388
-0.19844221923690444,-1.3214635765099922,12.759098861672797,3.031245419106446,6.448239947484565,1.6747186047667184,2.0285557498156974,0.5562774312769455
-0.17634048216824733,-1.3214635765099922,13.144829322859653,2.664477237867208,6.644112640313873,1.4740484768306705,2.091040234057287,0.4889968351472534
-0.15670035222800524,-1.3214635765099922,13.578400444243313,2.289510475352875,6.865060436147494,1.2677584310006371,2.1607445323234327,0.4205483685712708
-0.13924766500838334,-1.3214635765099922,14.035797531163416,1.933801990911543,7.0981207724024395,1.0717049614910974,2.233429810610651,0.3561228780613226
-0.12373879148704055,-1.3214635765099922,14.499679613722368,1.611906432777662,7.334070766938701,0.89422924502951,2.3065029478771355,0.29804431514267
-0.10995723711238882,-1.3214635765099922,14.95762296884433,1.329823495306653,7.566498399587172,0.7386866638535781,2.3783295504504744,0.2470804471309887
-0.09771061966979347,-1.3214635765099922,15.400911618003864,1.0882535464593468,7.791054052823366,0.6054179564184974,2.4478027408054084,0.20321228014971462
-0.0868279837415025,-1.3214635765099922,15.823661858433677,0.8848696713140459,8.004890589495139,0.49309942837009046,2.514139714077695,0.16601916243602058
-0.07715741427178036,-1.3214635765099922,16.22215407497983,0.7158249421109152,8.206256819865763,0.3996020487970598,2.576798602142817,0.13487529464450312
-0.06856391592404971,-1.3214635765099922,16.59430624306691,0.5767033777879323,8.394202409724421,0.32251022895729586,2.635438561732692,0.10906445331115946
-0.06092752862714207,-1.3214635765099922,16.93925518338156,0.46308477022711186,8.568360549822243,0.2594191686226121,2.689888439985749,0.08785456798806958
-0.0541416530048151,-1.3214635765099922,17.257025136993114,0.37085274289253434,8.728785155073698,0.20809307345261419,2.7401147692946006,0.07054618729466756
-0.04811156231253989,-1.3214635765099922,17.54826845107321,0.2963394014708513,8.875827422753465,0.1665382758072515,2.786189786472272,0.05650107490997946
-0.04275308010908995,-1.3214635765099922,17.814065470380513,0.23637098935878578,9.010041780406638,0.13302591333911884,2.828262104887276,0.04515585492345136
-0.0379914052040221,-1.3214635765099922,18.055772330278753,0.1882572106850209,9.132114374218862,0.10608608158635556,2.8665318196620553,0.03602527789103566
-0.03376006747802295,-1.3214635765099922,18.27490689463083,0.14975139849778404,9.242809114643727,0.08448711369259977,2.901230606704589,0.028698994968419038
-0.03,-1.3214635765099922,18.47306463750392,0.11899815494694987,9.342927473720453,0.06720830857388103,2.932606537092589,0.022834785521585785
0.03,-1.3214635765099922,22.069862491004688,0.12839816216374314,11.16290704991946,0.07380980791263025,3.5009374278910386,0.025245983474286533
0.03376006747802295,-1.3214635765099922,22.32248744493689,0.16316169602272426,11.290803222573668,0.0938959994972353,3.540843522166353,0.032147754231947386
0.0379914052040221,-1.3214635765099922,22.610627334095486,0.20739366135085005,11.436667801183829,0.119496652194899,3.586379001389567,0.04096190266517735
0.04275308010908995,-1.3214635765099922,22.939766177700662,0.2636872291078959,11.60326748501483,0.1521408766039247,3.6384231305030443,0.052228450768632445
0.04811156231253989,-1.3214635765099922,23.3163541387603,0.33534650328209514,11.79385317685723,0.1937854554048209,3.6980134113167487,0.06664352174231072
0.0541416530048151,-1.3214635765099922,23.74800465058119,0.42657879568118434,12.012258269216506,0.24693470930803113,3.766377658014034,0.08510524050714968
0.06092752862714207,-1.3214635765099922,24.243737044037285,0.5427361195450506,12.263020229154423,0.3147935478502382,3.8449719286808817,0.10877266749259445
0.06856391592404971,-1.3214635765099922,24.814275740146666,0.690616274458846,12.55153197225456,0.4014625495598876,3.9355241821505933,0.1391405499343692
0.07715741427178036,-1.3214635765099922,25.472419386260945,0.8788343364446064,12.884231486267742,0.5121860295830887,4.040082654135559,0.17813237724413503
0.0868279837415025,-1.3214635765099922,26.2334956701971,1.118274226804497,13.268840449588374,0.6536663645739715,4.161067206650155,0.22821333251537865
0.09771061966979347,-1.3214635765099922,27.115919682841767,1.4226258387130635,13.714664678719684,0.8344598184375058,4.301322889123033,0.2925237739938411
0.10995723711238882,-1.3214635765099922,28.14187554562579,1.8090037624893407,14.23296981068438,1.065469264463661,4.464181551332845,0.3750355173253119
0.12373879148704055,-1.3214635765099922,29.33814356353674,2.2986263429851483,14.837442115445548,1.3605441869511665,4.653556571373122,0.4807445872630003
0.13924766500838334,-1.3214635765099922,30.737102472047564,2.917506913647413,15.544733289468448,1.737182141920289,4.874134691032832,0.615947872891227
0.15670035222800524,-1.3214635765099922,32.37795888417062,3.6970749002022947,16.375068758808336,2.2172912529191167,5.131778983180097,0.7887149724692093
0.17634048216824733,-1.3214635765099922,34.308312787140416,4.674613048676365,17.352885126868355,2.8279218394797203,5.43425361646671,1.0097203976314322
0.19844221923690444,-1.3214635765099922,36.58627653803006,5.89338132810165,18.50750620014924,3.601844549541256,5.792156469656424,1.2934722045328406
0.22331409039755062,-1.3214635765099922,39.283495124154534,7.402278352739879,19.874079424105002,4.577953489910423,6.219320309165305,1.6593489812685531
0.2513032920204875,-1.3214635765099922,42.48938645978101,9.254728045148926,21.495470164815885,5.8018464865821855,6.731326197768202,2.13084669321399
0.2828005365353655,-1.3214635765099922,46.3163406268645,11.50587025054334,23.426247644020652,7.327368604301233,7.342271064274143,2.732215159494012
0.3182455065418344,-1.3214635765099922,50.90434266464102,14.20604256576787,25.738882300990202,9.218991057316444,8.0659674402888,3.4883449153604
0.35813299251433084,-1.3214635765099922,56.423281445642566,17.38856603429516,28.52783466850352,11.550379000670357,8.930254910245466,4.439665245179836
0.40301979977966995,-1.3214635765099922,63.07675526049169,21.054446514443313,31.903173049508126,14.38989411183849,9.986716388541517,5.655547766033265
0.4535325211846986,-1.3214635765099922,71.12071653474528,25.16303284940826,35.98057535189115,17.77789251944876,11.272250195769653,7.189834440912743
0.5103762839557767,-1.3214635765099922,80.89471133957808,29.62756582518317,40.91090717349833,21.73300737261254,12.802927474888,9.0659151979752
0.5743445928509872,-1.3214635765099922,92.81411843558108,34.29754327911205,46.93924469805516,26.27022304692659,14.696188640437239,11.42377440007057
0.6463304070095649,-1.3214635765099922,107.3575930394928,38.96628005295278,54.327061154161456,31.299374047786504,17.01288097573888,14.320370600792849
0.7273386051246984,-1.3214635765099922,125.23166957902824,43.45158278413649,63.329201762022244,36.591560264454245,19.82843734202111,17.80479628815684
0.8185000129460304,-1.3214635765099922,147.27308662377763,47.586910182758736,74.49455016867505,41.939030896070015,23.32609216068018,22.01621769060337
0.9210871889273549,-1.3214635765099922,174.3296351296632,51.245240599002074,88.19205318265962,46.9339589058585,27.631755811495612,26.95175480203777
1.0365321883776653,-1.3214635765099922,208.01032759105144,54.43253406357979,105.22302281627931,51.35216740519443,32.92970126633064,32.572571658563874
1.166446554092426,-1.3214635765099922,249.62632985911787,57.12920815863574,126.27205649030917,55.026989652919745,39.54612735293589,38.8181596494108
1.3126438125222553,-1.3214635765099922,301.4881742830017,59.395163346934794,152.56391912196548,58.00833782732167,47.77676666983399,45.34051070593891
1.4771647895120215,-1.3214635765099922,366.1265805974694,61.27648258447813,185.2944607071157,60.3751223552258,58.02589835067893,51.585107536903834
1.6623060990028473,-1.3214635765099922,446.9503681728165,62.82912271542431,226.1560108960194,62.24693902011926,70.79922620731107,56.83915131367635
1.8706522023821734,-1.3214635765099922,548.1801372524361,64.102877184274,277.34390347832135,63.72917216233629,86.85592912907238,60.66077031754067
2.1051114860111477,-1.3214635765099922,675.1878089280323,65.14300972793825,341.5929509828172,64.90440047168944,107.04032936769998,63.18616793968839
2.368956860549917,-1.3214635765099922,834.89073733164,65.989464465645,422.3758398352797,65.83757407326142,132.35539100728144,64.85352742907929
2.6658714488230206,-1.3214635765099922,1035.6840312604545,66.67493131122873,523.9673384613936,66.57859500330649,164.17862059818395,66.00163716336108
3.0,-1.3214635765099922,1288.9931501126948,67.22944504420836,652.3436979255963,67.1693312942457,204.42560333857966,66.82585691193951
-3.0,-1.2715970264530114,704.0915364535031,65.32560392469426,355.39560171292584,65.09656044817677,109.74035185692328,63.4196359578439
-2.6658714488230206,-1.2715970264530114,548.2617051956269,64.10370623971164,276.3749591663531,63.70678617760255,86.04152007952136,60.517931731979736
-2.368956860549917,-1.2715970264530114,425.2222797682027,62.472597684315936,214.52968269029654,61.79720965503268,66.65782623677487,55.40213604516092
-2.1051114860111477,-1.2715970264530114,329.34764286820473,60.30189482044133,166.21382451194003,59.12801763344618,51.74371043872217,47.9960700316053
-1.8706522023821734,-1.2715970264530114,254.62499998049807,57.390454073557564,128.6334336977126,55.35367353486454,40.116772838020694,39.315111397936874
-1.6623060990028473,-1.2715970264530114,196.63504240371262,53.48399714303901,99.06812043747597,49.94151007338659,30.952089675957893,30.536566893961925
-1.4771647895120215,-1.2715970264530114,150.99119429049574,48.16827236934031,76.26556880183486,42.674319425744926,23.810942473968527,22.58682713860222
-1.3126438125222553,-1.2715970264530114,115.58074404479275,41.18050341463475,58.48583181865048,33.85809486494448,18.2573589576802,15.868115664392608
-1.166446554092426,-1.2715970264530114,88.72330765347539,32.78681812716121,44.783406845267805,24.68980430979218,13.955559506772117,10.498616659954127
-1.0365321883776653,-1.2715970264530114,67.99927652423825,23.614008893062383,34.40401227016706,16.47732282035168,10.712327014187565,6.5156277625203245
-0.9210871889273549,-1.2715970264530114,52.355643097990296,15.052357586288526,26.460583902640664,9.818687394541566,8.281739223634581,3.7214397619281714
-0.8185000129460304,-1.2715970264530114,40.56142851756803,8.134878082765212,20.515587886993877,5.054695026347136,6.407664821999406,1.8289379746475647
-0.7273386051246984,-1.2715970264530114,31.80660863334917,3.4196953204311473,16.08023806284665,2.042465770189724,5.037150823438299,0.7235081218122403
-0.6463304070095649,-1.2715970264530114,25.349616285231217,0.8423426616136664,12.824483961071243,0.4914819901576561,4.017091082947363,0.1692085103390728
-0.5743445928509872,-1.2715970264530114,20.698721886535015,0.010532353536766289,10.468304064113704,0.005998626675595817,3.2844204916277615,0.002047076118425747
-0.5103762839557767,-1.2715970264530114,17.40947540326996,0.3306794829091391,8.807879713482627,0.18510109334979621,2.766548073192013,0.06227814141841219
-0.4535325211846986,-1.2715970264530114,15.162773888196506,1.2143047350957328,7.669768051168018,0.6753881618316082,2.411682423684035,0.22537413809323556
-0.40301979977966995,-1.2715970264530114,13.701392286278626,2.1899606549721318,6.927830991658872,1.2128416723153,2.1772498666995346,0.4053127651451843
-0.35813299251433084,-1.2715970264530114,12.819915584631346,2.971254088779758,6.484474646268799,1.6362840487545458,2.040201640163519,0.5432962255690226
-0.3182455065418344,-1.2715970264530114,12.369044948594402,3.4361464036140625,6.259335992902997,1.8851533106243288,1.9724233379124108,0.6217971366486755
-0.2828005365353655,-1.2715970264530114,12.23651631741796,3.581925881301953,6.19139952466892,1.9650973218998664,1.9503820291116614,0.6489025042824429
-0.2513032920204875,-1.2715970264530114,12.332203837511305,3.476242831196822,6.236387555382934,1.9118995038380644,1.9622312985814911,0.634232038052038
-0.22331409039755062,-1.2715970264530114,12.584340894822395,3.2082874518583755,6.360990528476431,1.7697855087046352,2.00042680584732,0.5884912662394466
-0.19844221923690444,-1.2715970264530114,12.93848478312605,2.856651063226044,6.539146142213284,1.5794337057585142,2.056985286462791,0.5249479130178814
-0.17634048216824733,-1.2715970264530114,13.354964128731723,2.4779796889323205,6.750567300526345,1.3720841810539386,2.124285619955049,0.45550811124349133
-0.15670035222800524,-1.2715970264530114,13.805372586635174,2.108065447585111,6.979987419464678,1.1684103327587345,2.196602977678149,0.38790709560760156
-0.13924766500838334,-1.2715970264530114,14.26941270712298,1.766979514298101,7.216345485971295,0.9802288302213221,2.270311176446107,0.3259987455883195
-0.12373879148704055,-1.2715970264530114,14.732588769638154,1.4641668661613743,7.451879147487689,0.8130803602929884,2.343270919072284,0.2712218360700251
-0.10995723711238882,-1.2715970264530114,15.184651238980624,1.2023682807718443,7.681288121899741,0.6685414286262701,2.414182768290665,0.2237954196326819
-0.09771061966979347,-1.2715970264530114,15.618539644400666,0.9803691651753244,7.901063142464229,0.5459121315292965,2.4821906569312784,0.18337596346170948
-0.0868279837415025,-1.2715970264530114,16.029622690242608,0.7948355767375297,8.108988126388054,0.44332156146751717,2.546702127297097,0.1493638818659141
-0.07715741427178036,-1.2715970264530114,16.41511912008004,0.6414919795373766,8.303782050286214,0.3584049866783632,2.6073201375595434,0.12104845808679592
-0.06856391592404971,-1.2715970264530114,16.77364090611649,0.515841002214765,8.484841164815878,0.28869743979593776,2.6638130136775047,0.09768797254839731
-0.06092752862714207,-1.2715970264530114,17.104829524218644,0.4135744225073039,8.652050393034271,0.23184893564859016,2.71609037049504,0.07856056470413404
-0.0541416530048151,-1.2715970264530114,17.40906806727333,0.33078337791532303,8.805642738148075,0.18573078074981608,2.7641769410814074,0.06299656364937753
-0.04811156231253989,-1.2715970264530114,17.687256306322887,0.2640435438711442,8.946093081701397,0.1484770834495569,2.8081854595875035,0.050396472773445
-0.04275308010908995,-1.2715970264530114,17.940637599112822,0.21042655324132684,9.074037547410239,0.11848904942528005,2.848291380013944,0.04023799396499915
-0.0379914052040221,-1.2715970264530114,18.1706677994464,0.1674710991710259,9.190212431491412,0.0944191512243259,2.8847112892745437,0.032075448836978736
-0.03376006747802295,-1.2715970264530114,18.378917603011242,0.13313469522036694,9.29540836005702,0.07514561580390672,2.917685654649068,0.025534550592017768
-0.03,-1.2715970264530114,18.567001102436656,0.1057386792794121,9.390436365382493,0.05974346201884695,2.947465718957862,0.020304791308430277
0.03,-1.2715970264530114,21.951761447920582,0.11346837478324698,11.103117421119162,0.06519428424625454,3.4822934963846746,0.02229042777174363
0.03376006747802295,-1.2715970264530114,22.187872339994193,0.14416232254732242,11.222653294715531,0.08291433802114835,3.519591473716552,0.028375272529945084
0.0379914052040221,-1.2715970264530114,22.456970588297867,0.18320791893763963,11.358878839895715,0.1054917301526156,3.56211845190009,0.0361428390411708
0.04275308010908995,-1.2715970264530114,22.764100560914013,0.23289077971657762,11.514338886901395,0.1342710842797272,3.610683400470535,0.046067181632067564
0.04811156231253989,-1.2715970264530114,23.115184476435346,0.2961234459643299,11.69201814746381,0.1709726371925628,3.6662391795841236,0.058759068033304114
0.0541416530048151,-1.2715970264530114,23.517199401359125,0.3766156316860562,11.895429445053713,0.2177975851815556,3.729911349502756,0.07500612220119976
0.06092752862714207,-1.2715970264530114,23.978394724545932,0.4790886541252612,12.128722699032508,0.2775627624659025,3.8030321233751927,0.09582437595857274
0.06856391592404971,-1.2715970264530114,24.508559867305703,0.6095438027954729,12.396820432762377,0.3538726089634916,3.887179261026102,0.12252368466293072
0.07715741427178036,-1.2715970264530114,25.119353986390944,0.7755951883898545,12.7055873222998,0.45133838087153927,3.98421887888163,0.15678921805345963
0.0868279837415025,-1.2715970264530114,25.82471142716225,0.986877224360956,13.062043309548821,0.5758568134098145,4.096350465374296,0.2007804809469272
0.09771061966979347,-1.2715970264530114,26.64133844040679,1.2555341340569937,13.474631588932198,0.7349625340276603,4.2261533214283515,0.2572485231833484
0.10995723711238882,-1.2715970264530114,27.589318127225074,1.5967919408551545,13.9535531116124,0.938269204047758,4.376639787224952,0.3296735092955334
0.12373879148704055,-1.2715970264530114,28.692842644339237,2.0296001131400945,14.511175781684516,1.1980107777461098,4.551338381988856,0.4224349538173053
0.13924766500838334,-1.2715970264530114,29.98109813353095,2.577309020525203,15.162516133015055,1.529681195697428,4.7544657220456354,0.5410568237994858
0.15670035222800524,-1.2715970264530114,31.48934819531199,3.2683227531694574,15.92577346166951,1.9527419930620915,4.991291471949706,0.6926262733297369
0.17634048216824733,-1.2715970264530114,33.26031315790826,4.136643566948209,16.82288403058545,2.4913240569936863,5.268795837964466,0.8865329445078427
0.19844221923690444,-1.2715970264530114,35.3460403850453,5.222216025302263,17.88010414214047,3.174825349715555,5.5965105363126435,1.1355632531091533
0.22331409039755062,-1.2715970264530114,37.81057677062738,6.570968839985589,19.128826139314,4.038399716147343,5.986861104640942,1.4568349276884591
0.2513032920204875,-1.2715970264530114,40.73372293059585,8.234315509847159,20.607263016523586,5.1236707880029275,6.453774276002677,1.871163162072597
0.2828005365353655,-1.2715970264530114,44.21561729793121,10.26732943180738,22.364021374967702,6.480409540816646,7.009706808284608,2.4001261453749057
0.3182455065418344,-1.2715970264530114,48.380749898797866,12.723777132169246,24.463633559647285,8.169137627766814,7.666757196043959,3.065999816811963
0.35813299251433084,-1.2715970264530114,53.37984906119279,15.64602856275659,26.99008689893181,10.26060909059928,8.449691916726795,3.9050153813613244
0.40301979977966995,-1.2715970264530114,59.393095871604814,19.051703838682457,30.04083960906263,12.823879433387916,9.404621359294953,4.979449884135441
0.4535325211846986,-1.2715970264530114,66.64658435720506,22.924619830892933,33.71775231937938,15.90707048598556,10.5639966419917,6.338450184896714
0.5103762839557767,-1.2715970264530114,75.43984919509403,27.208330586322,38.153798326411476,19.54450043842737,11.941246591275965,8.00479857622326
0.5743445928509872,-1.2715970264530114,86.13858829125698,31.783528431093437,43.56546869197079,23.775684894388938,13.640934251267963,10.10645840733228
0.6463304070095649,-1.2715970264530114,99.16338564525435,36.464245245475894,50.18219160565969,28.55309074262996,15.716055073517165,12.699788653252646
0.7273386051246984,-1.2715970264530114,115.13436653291646,41.06728745538533,58.226841918183474,33.70450180602369,18.232245721037067,15.836985538126585
0.8185000129460304,-1.2715970264530114,134.7834778585383,45.40297840237739,68.18179975895947,39.07291425364873,21.35101323137897,19.657231628082346
0.9210871889273549,-1.2715970264530114,158.84985495781092,49.30720875162669,80.36679973277072,44.269564540173825,25.181490462549153,24.180206638588583
1.0365321883776653,-1.2715970264530114,188.73815425991558,52.75460722702014,95.48285489855236,49.02886820375447,29.8842649982061,29.4060131906991
1.166446554092426,-1.2715970264530114,225.58626495703876,55.70018265932943,114.12348857955946,53.095240103801615,35.743962780390724,35.3371233671977
1.3126438125222553,-1.2715970264530114,271.39991879161397,58.19263712683817,137.35282749639978,56.44700519293317,43.01654205998301,41.737130079744695
1.4771647895120215,-1.2715970264530114,328.36789582369636,60.2727685969036,166.20506977996462,59.127368249906,52.051794963512314,48.189402531693915
1.6623060990028473,-1.2715970264530114,399.4352332912405,61.99645221047428,202.1418605173195,61.252370120465926,63.28675780568443,54.052852991574404
1.8706522023821734,-1.2715970264530114,488.23456667591967,63.41524963085649,247.05439968157532,62.93567614715507,77.37630805420416,58.6943413026225
2.1051114860111477,-1.2715970264530114,599.3805551110426,64.57722958689627,303.2937946713592,64.27000890357169,95.04529925298229,61.889257835002525
2.368956860549917,-1.2715970264530114,738.7984967809882,65.52539047174139,373.8356963851871,65.32928504447759,117.1515198576078,63.97940289239885
2.6658714488230206,-1.2715970264530114,913.6498072740569,66.29517255396195,462.329345513649,66.17047919554773,144.8729814066294,65.3866616906634
3.0,-1.2715970264530114,1133.6287970821068,66.91934427853171,573.852540747116,66.84124188911372,179.83930175771837,66.37773318070931
-3.0,-1.2217304763960306,623.2153438827065,64.77049787284949,314.4310551660171,64.4720224596539,96.98011560609233,62.13279374245607
-2.6658714488230206,-1.2217304763960306,483.21884478582695,63.34962550102904,243.48287107132862,62.827416817647304,75.75551785198584,58.28048005108768
-2.368956860549917,-1.2217304763960306,373.303152692396,61.44306158815802,188.26944941543388,60.543268034505545,58.46994966506901,51.811566476210984
-2.1051114860111477,-1.2217304763960306,288.09546692731817,58.89283152112186,145.35284899666317,57.31603403673253,45.233326308690515,43.47249427229034
-1.8706522023821734,-1.2217304763960306,222.00184952805446,55.458897752564646,112.12843466434772,52.731672771159836,34.96172443436711,34.58457962787361
-1.6623060990028473,-1.2217304763960306,170.93976379282543,50.85167667656122,86.10432773057136,46.26838349815597,26.898808866308613,26.133491921327984
-1.4771647895120215,-1.2217304763960306,130.9302138547407,44.64806095080738,66.12247646687737,38.05054245010922,20.642638679858994,18.798737412488933
-1.3126438125222553,-1.2217304763960306,100.03806616245205,36.74657793650576,50.61469606989572,28.848738859851153,15.800013765544822,12.80483393034482
-1.166446554092426,-1.2217304763960306,76.71469930440769,27.790076916981867,38.72040723919171,19.999381573982753,12.0681147277517,8.160313459199847
-1.0365321883776653,-1.2217304763960306,58.81899299992234,18.73338097751586,29.755910602176364,12.583967384741253,9.268469486583655,4.8234088437322775
-0.9210871889273549,-1.2217304763960306,45.386170478321546,10.957005986768692,22.938188000426045,6.936115153084623,7.180507526577473,2.569343977051962
-0.8185000129460304,-1.2217304763960306,35.33003599274015,5.213668204420698,17.868549409765038,3.167101261098982,5.584382557250838,1.1259920252366962
-0.7273386051246984,-1.2217304763960306,27.922599728299865,1.7236758648246373,14.117499762125584,1.0121666878451565,4.4239588907342595,0.35390764454666335
-0.6463304070095649,-1.2217304763960306,22.51939429994188,0.1928699481442681,11.390677871636576,0.11112015324849275,3.571047222915332,0.037883994665492825
-0.5743445928509872,-1.2217304763960306,18.674500757478967,0.09158748895568428,9.445068570956208,0.051734323366929146,2.9643752451001566,0.01761613593945499
-0.5103762839557767,-1.2217304763960306,16.002233220591563,0.8064766677346799,8.097791141222874,0.44852602477353926,2.545175750030602,0.15012166752717937
-0.4535325211846986,-1.2217304763960306,14.226400324446564,1.7969656405272167,7.196557694246678,0.9951778007758806,2.264189975650165,0.33088261845660116
-0.40301979977966995,-1.2217304763960306,13.119186962603429,2.6878647193699092,6.6333622213112235,1.4846178378468458,2.085201236216097,0.4950410489971807
-0.35813299251433084,-1.2217304763960306,12.500859593568693,3.29534331386526,6.323313129549961,1.8119595468032057,1.9899190325994345,0.6008422406309529
-0.3182455065418344,-1.2217304763960306,12.243255980481454,3.5744088251946584,6.195959856734927,1.95965832575199,1.9527253896297208,0.6459828658048787
-0.2828005365353655,-1.2217304763960306,12.25018230898223,3.566695213334963,6.198461568540976,1.9566790664130074,1.9526299703741596,0.6461015732633085
-0.2513032920204875,-1.2217304763960306,12.443896139327919,3.3556845083219855,6.292999486489727,1.8463902263658012,1.979954569703669,0.6127166598484304
-0.22331409039755062,-1.2217304763960306,12.762462486800231,3.027905813014486,6.451243427231899,1.6715096599615076,2.0286737489375666,0.5561448671307746
-0.19844221923690444,-1.2217304763960306,13.159240578856148,2.651394008910988,6.651000210768942,1.4673034474672264,2.091956906945175,0.48805240030193925
-0.17634048216824733,-1.2217304763960306,13.600645765366279,2.2712874231391558,6.875017559331182,1.2589407815964713,2.1631437670876936,0.41831110149251627
-0.15670035222800524,-1.2217304763960306,14.06295223652487,1.9139084581144143,7.110401542447611,1.061959000149978,2.2372879697863457,0.35289257390246104
-0.13924766500838334,-1.2217304763960306,14.529437906971639,1.592526284289003,7.347925571956099,0.8844340976101387,2.311354764589071,0.29441495382189464
-0.12373879148704055,-1.2217304763960306,14.988332920172526,1.3121143125741928,7.581229093853318,0.7294440927120369,2.3836381304920566,0.24354429082028614
-0.10995723711238882,-1.2217304763960306,15.431462607441627,1.0726929271782935,7.806073188783397,0.5970746756087755,2.4531559469537343,0.2000443362182228
-0.09771061966979347,-1.2217304763960306,15.853339537306296,0.8715386194567698,8.01974640452275,0.4858033802928318,2.5192886938722996,0.16331669542167193
-0.0868279837415025,-1.2217304763960306,16.250516215454436,0.7045979203052928,8.220628136322498,0.39336695961992757,2.581622915553553,0.13263227552625656
-0.07715741427178036,-1.2217304763960306,16.62109251283092,0.5673622297121278,8.407877901476628,0.3172707568657745,2.6398972990623117,0.1072294937550297
-0.06856391592404971,-1.2217304763960306,16.96432653764115,0.4553820383623791,8.581213886483079,0.2550707766163013,2.6939819199086346,0.0863640915845067
-0.06092752862714207,-1.2217304763960306,17.280324317049057,0.36454463405680737,8.740752214219555,0.20451769599876551,2.7438610111392534,0.06933960571897879
-0.0541416530048151,-1.2217304763960306,17.56979413551677,0.29120156189114016,8.886887834804162,0.16361927073104432,2.789612350859152,0.05552601125740802
-0.04811156231253989,-1.2217304763960306,17.83385489138777,0.23220487645694884,9.020204965392637,0.13065583295678485,2.8313848183187065,0.04436883942746029
-0.04275308010908995,-1.2217304763960306,18.07388912830983,0.18489146435653483,9.141409380849135,0.10417000954905233,2.869377020605271,0.03539079298303084
-0.0379914052040221,-1.2217304763960306,18.291432318194502,0.1470406563307614,9.251277387176032,0.08294344760919542,2.90381890607256,0.028188148108887656
-0.03376006747802295,-1.2217304763960306,18.48809099757854,0.11682066306282196,9.350617765074979,0.06596818051939095,2.9349570728537877,0.022424076688989675
-0.03,-1.2217304763960306,18.66548348306376,0.09273292768314174,9.440243858762244,0.05241706188596741,2.9630436718783764,0.017820558016798972
0.03,-1.2217304763960306,21.82979822645019,0.09895224549807288,11.041372280368803,0.05682404975788277,3.4630395467646826,0.01942075998693955
0.03376006747802295,-1.2217304763960306,22.048960195952898,0.12569376353592782,11.152327618628766,0.07224905915338792,3.4976606396467487,0.024714013263200888
0.0379914052040221,-1.2217304763960306,22.298540675930585,0.15970336010100583,11.278672998874502,0.09189520774769813,3.537103775239634,0.0314680082976149
0.04275308010908995,-1.2217304763960306,22.583142787149576,0.20296824243691247,11.422730580821991,0.11692878410828832,3.5821073499058445,0.04009320334745209
0.04811156231253989,-1.2217304763960306,22.90815997966181,0.2580207866031179,11.587218476561668,0.14884136564773914,3.6335394188286827,0.051118114004726455
0.0541416530048151,-1.2217304763960306,23.279933264870685,0.3280871076730734,11.775329107554757,0.189541066897373,3.6924232976829825,0.06522391277012764
0.06092752862714207,-1.2217304763960306,23.705944021443624,0.41727467442956745,11.99082582941859,0.24146932069441918,3.7599676169439893,0.08328886443303886
0.06856391592404971,-1.2217304763960306,24.19505086456941,0.5308079554225156,12.238162891280362,0.3077502324395495,3.83760056297508,0.10644472618171308
0.07715741427178036,-1.2217304763960306,24.757780762898413,0.6753221011865471,12.522635325013088,0.3923813919698035,3.9270072719766214,0.13614704268615963
0.0868279837415025,-1.2217304763960306,25.406686245507142,0.8592248571280799,12.850567097553084,0.5004771699004055,4.030168711569756,0.17426063370661787
0.09771061966979347,-1.2217304763960306,26.156781934238875,1.0931353122327572,13.229547352621358,0.6385776347259479,4.149401257337291,0.22316092053021594
0.10995723711238882,-1.2217304763960306,27.02607471091214,1.3904032694936865,13.66872468304378,0.8150372813858453,4.287401842956421,0.28585310834539024
0.12373879148704055,-1.2217304763960306,28.036203436888584,1.7677032225829248,14.179165967354955,1.0405053533022564,4.44731985490265,0.3661201288755332
0.13924766500838334,-1.2217304763960306,29.21320970841396,2.2456810839743038,14.774276594209375,1.328499224491832,4.632909484696888,0.46873635021904736
0.15670035222800524,-1.2217304763960306,30.588479313720402,2.8496119344906172,15.470262585960798,1.696048699699606,4.848857046785184,0.5998334649742505
0.17634048216824733,-1.2217304763960306,32.19994020558866,3.6100110922019892,16.28660424012078,2.1643533902222947,5.101371803886688,0.7675473945771976
0.19844221923690444,-1.2217304763960306,34.09369030614526,4.563139426932639,17.24654931815025,2.7593765123220013,5.398936550308926,0.9829783045391732
0.22331409039755062,-1.2217304763960306,36.32633023815551,5.751343082313404,18.37781184413212,3.512383349563844,5.752593334690606,1.2610193584146552
0.2513032920204875,-1.2217304763960306,38.96824209780418,7.223058090233869,19.714050655395397,4.460735704293078,6.174647216977025,1.6198302244133074
0.2828005365353655,-1.2217304763960306,42.10757205687264,9.031835772692988,21.298035225177575,5.649624556432053,6.675956203312376,2.078311269537295
0.3182455065418344,-1.2217304763960306,45.8536490407201,11.232800797941536,23.186524194509406,7.134773972422342,7.2669527162484915,2.6560751593406273
0.35813299251433084,-1.2217304763960306,50.338457296886595,13.874670330352242,25.4532508357806,8.98264419087635,7.969392699937693,3.3850740834766206
0.40301979977966995,-1.2217304763960306,55.71926510208148,16.98863892085447,28.18333787452139,11.26082751257671,8.824009886362719,4.32033659839627
0.4535325211846986,-1.2217304763960306,62.19293511439975,20.5804337551113,31.46512804526359,14.022095156686774,9.858907482273198,5.505935000054121
0.5103762839557767,-1.2217304763960306,70.01980075590826,24.62342443114319,35.414042478293645,17.312188377318254,11.08494603279344,6.963411389055209
0.5743445928509872,-1.2217304763960306,79.5167787458528,29.03363679058389,40.218497976207516,21.18946997693385,12.594020831475353,8.807689313883174
0.6463304070095649,-1.2217304763960306,91.0471928881302,33.65642110799472,46.07639745479376,25.64356254669712,14.431392153368956,11.092752353045187
0.7273386051246984,-1.2217304763960306,105.14588579313272,38.32166931771272,53.178900878401244,30.558178125863282,16.65300874921987,13.871212090959343
0.8185000129460304,-1.2217304763960306,122.44086359273442,42.828089934955415,61.94257265901711,35.835699477672485,19.39884837255177,17.277527238697893
0.9210871889273549,-1.2217304763960306,143.56221739221297,46.97687921164717,72.63769039936372,41.13655026784714,22.761231630852343,21.347088217259998
1.0365321883776653,-1.2217304763960306,169.71006290826585,50.70489438223733,85.8646637885732,46.189957833888826,26.87683184182403,26.1088117768594
1.166446554092426,-1.2217304763960306,201.84453618776033,53.93238180919211,102.12384322687345,50.66511033087973,31.988261460569788,31.612794922972636
1.3126438125222553,-1.2217304763960306,241.6593154583999,56.68904622243215,122.31502816452637,54.44645120859026,38.31035478896887,37.71910368617037
1.4771647895120215,-1.2217304763960306,290.985302084754,59.005378310320545,147.3024027287557,57.511073026935904,46.1358788366446,44.150350415149695
1.6623060990028473,-1.2217304763960306,352.27437440308273,60.93465495933971,178.30205241514324,59.95413416899307,55.82855094105067,50.412740714433596
1.8706522023821734,-1.2217304763960306,428.5190793421256,62.529136114107,216.87463493356702,61.89235207479817,67.93067746961874,55.86845834096094
2.1051114860111477,-1.2217304763960306,523.4870282081929,63.8395102726689,264.9419048251611,63.42880643859873,83.03309127837672,59.95140888186742
2.368956860549917,-1.2217304763960306,641.9592485034057,64.91204700385356,324.905254426605,64.64815083558425,101.8240577904584,62.68026230355538
2.6658714488230206,-1.2217304763960306,789.6077294948304,65.78526057312713,399.65872727787644,65.616268152516,125.24174946057036,64.48240130447994
3.0,-1.2217304763960306,973.9685525851886,66.4950620926065,493.16226250042837,66.38818750562916,154.56049977566107,65.72068823764491
-3.0,-1.1718639263390498,536.4543000396717,63.980963083732895,270.5708681688248,63.56894407175148,83.40558011802956,60.02505149854452
-2.6658714488230206,-1.1718639263390498,414.9729933508438,62.290795843124066,209.03387094566926,61.564629213976765,65.01445285594994,54.765679920187935
-2.368956860549917,-1.1718639263390498,319.81559851049127,60.010489261484516,161.2526640168434,58.746741606013984,50.0666470651592,46.911278449963945
-2.1051114860111477,-1.1718639263390498,246.2311569234059,56.94533157984976,124.20457811334121,54.72903718122523,38.64442554599434,38.019298334240794
-1.8706522023821734,-1.1718639263390498,189.30961381088207,52.80953292874502,95.60005797719379,49.05985172141867,29.804676554456158,29.32088866087456
-1.6623060990028473,-1.1718639263390498,145.4650984796952,47.29353758819145,73.26376870581603,41.41079675475919,22.88626729827126,21.495600643847343
-1.4771647895120215,-1.1718639263390498,111.23733458768665,40.04559599314613,56.17100513128161,32.458227479423655,17.536013523049487,14.97215664867591
-1.3126438125222553,-1.1718639263390498,84.92012869468044,31.297121709814967,42.96062742060431,23.316208616062465,13.411791586414763,9.821294798712124
-1.166446554092426,-1.1718639263390498,65.13292545411961,22.140505297499075,32.875407606085965,15.204268025096702,10.249531683612375,5.96506483586105
-1.0365321883776653,-1.1718639263390498,50.04023262529146,13.699767052844814,25.312200634992898,8.86616652446226,7.888866379316724,3.299487165947433
-0.9210871889273549,-1.1718639263390498,38.780308000294156,7.116534213465549,19.600380485376373,4.377913067157767,6.137208067346039,1.5869265078046761
-0.8185000129460304,-1.1718639263390498,30.41929314775938,2.77291730137528,15.384215728910824,1.6489399871435175,4.8119581989959785,0.576591912527678
-0.7273386051246984,-1.1718639263390498,24.31711510278453,0.5609231500086802,12.29588235885955,0.3242099726830292,3.8549481604625466,0.11195832133715229
-0.6463304070095649,-1.1718639263390498,19.927915157960555,0.002262117055312971,10.077956606294071,0.0013008342384163258,3.162766096064351,0.0004374679900891609
-0.5743445928509872,-1.1718639263390498,16.85368276743736,0.4899351744286992,8.524790728077365,0.2744705705356334,2.6765697488377285,0.09280366845600828
-0.5103762839557767,-1.1718639263390498,14.767527782555234,1.442774596205804,7.474870058998869,0.797802496144213,2.3510062097364237,0.26577649976528
-0.4535325211846986,-1.1718639263390498,13.435717187134543,2.4087134242489325,6.797035577244972,1.3290860593622271,2.139685662029913,0.4405194319012513
-0.40301979977966995,-1.1718639263390498,12.659793893850374,3.130993060617733,6.4010582474031406,1.725681451072616,2.0126010198739896,0.5743984846479524
-0.35813299251433084,-1.1718639263390498,12.285362957881656,3.527697395160701,6.214523427132515,1.9376264452791476,1.955994389835868,0.6419250979992338
-0.3182455065418344,-1.1718639263390498,12.204829375485028,3.617417933708861,6.176723177678823,1.9826730628973908,1.9467815782825864,0.653406096218641
-0.2828005365353655,-1.1718639263390498,12.337571407580716,3.47038057807377,6.242777278239018,1.9044260210108166,1.9664937471179633,0.6290110341623265
-0.2513032920204875,-1.1718639263390498,12.6178528558102,3.1737959085931857,6.38110233813888,1.747552227256063,2.007514879075908,0.5802580089175599
-0.22331409039755062,-1.1718639263390498,12.993254809945423,2.804751193165007,6.568156899586837,1.5498166158102205,2.0652538464267756,0.5160627972674529
-0.19844221923690444,-1.1718639263390498,13.424650866099684,2.418127928575068,6.7854643015119,1.3397086706116683,2.1339894298383375,0.44602536830169387
-0.17634048216824733,-1.1718639263390498,13.88428289276193,2.0472787094889098,7.018682027622624,1.1361393607405248,2.2079945481934438,0.37788990144302487
-0.15670035222800524,-1.1718639263390498,14.352879674644925,1.7097130827704925,7.25718275138411,0.9498303861993165,2.28307358182159,0.31596216094076107
-0.13924766500838334,-1.1718639263390498,14.817104993896274,1.4127590353563142,7.493483454127368,0.7855651992791496,2.3567544275644265,0.26177382568718377
-0.12373879148704055,-1.1718639263390498,15.26775891848453,1.1576855748367993,7.722548186650963,0.6443672764030065,2.4277378236505682,0.2153529140401553
-0.10995723711238882,-1.1718639263390498,15.698614160824233,0.9423847828229557,7.941134681260312,0.5251492604141587,2.495336746026771,0.1761106821486433
-0.09771061966979347,-1.1718639263390498,16.105652071340796,0.7630479830796428,8.147275648038335,0.42579448588182756,2.55915047089747,0.14326698823900502
-0.0868279837415025,-1.1718639263390498,16.4865234415263,0.6151915028225108,8.339901767495807,0.343803843164603,2.618930531952309,0.11601343966935398
-0.07715741427178036,-1.1718639263390498,16.840138892634265,0.49426472138184285,8.518576791222607,0.276656596686465,2.6745401907413164,0.09357128298370819
-0.06856391592404971,-1.1718639263390498,17.166344584826607,0.39598878511715174,8.683311011452426,0.22199696698416377,2.7259422561602995,0.07521588274021138
-0.06092752862714207,-1.1718639263390498,17.465663047846185,0.316523476862443,8.834427201095991,0.17771888380577125,2.7731881871572486,0.06029044715283748
-0.0541416530048151,-1.1718639263390498,17.739087932878654,0.2525277485994485,8.97246200347384,0.14199290434965897,2.81640268382781,0.04821357691598594
-0.04811156231253989,-1.1718639263390498,17.987924196369974,0.20115780479286932,9.098092215246476,0.11326143156306924,2.8557656668889537,0.03848132112238895
-0.04275308010908995,-1.1718639263390498,18.213666056298123,0.16003145978883124,9.212079359501283,0.09021767590007355,2.891494627383084,0.03066461581344827
-0.0379914052040221,-1.1718639263390498,18.41790566772877,0.12717689929573994,9.315228182406498,0.07177744255035048,2.923829296534391,0.02440349201073109
-0.03376006747802295,-1.1718639263390498,18.602266245319786,0.10097676379300671,9.408355962801087,0.057048997699602116,2.9530193990832423,0.019399492134985867
-0.03,-1.1718639263390498,18.768354279440224,0.08011372538016175,9.492270273180418,0.04530393531291016,2.979315468316842,0.015407458641769633
0.03,-1.1718639263390498,21.704363753121626,0.08499319110607814,10.97786952453111,0.04878154442358661,3.4432372815076318,0.016665175429673815
0.03376006747802295,-1.1718639263390498,21.906207481111394,0.1079385832050083,11.080057268968156,0.06200520222907022,3.4751230703936984,0.02119993095422028
0.0379914052040221,-1.1718639263390498,22.13587224791329,0.13711254120758637,11.196320926347617,0.07884102012139804,3.5114193697580895,0.02698330186151457
0.04275308010908995,-1.1718639263390498,22.397521103959317,0.17421608374625913,11.328760585314985,0.1002849004810128,3.5527941663373843,0.034365151826081464
0.04811156231253989,-1.1718639263390498,22.696021349236524,0.2214167925423032,11.47982908780375,0.12760997523683823,3.600031095975947,0.04379566749273266
0.0541416530048151,-1.1718639263390498,23.037082536227803,0.2814763287743729,11.652400781925857,0.1624443408678533,3.6540519235752877,0.05585468914678381
0.06092752862714207,-1.1718639263390498,23.42742531056251,0.35791183941046567,11.849856138613694,0.20687063324538096,3.7159428142626707,0.07128937465555549
0.06856391592404971,-1.1718639263390498,23.874988359857415,0.455199344487588,12.07618661951492,0.2635535528046596,3.7869840758193303,0.09106200726829329
0.07715741427178036,-1.1718639263390498,24.389182147088697,0.5790283418404895,12.336125501873672,0.33590311406919,3.8686823406267195,0.11640959673643637
0.0868279837415025,-1.1718639263390498,24.98119943958511,0.7366174643314987,12.63531184561749,0.42828337109075343,3.9628035787288205,0.14891639993672126
0.09771061966979347,-1.1718639263390498,25.66439369703848,0.9371003421026995,12.980496004494473,0.5462784127209498,4.071406145126253,0.19059996072611665
0.10995723711238882,-1.1718639263390498,26.454737104331663,1.1919877231970084,13.37979499892603,0.6970287035919713,4.196878257521403,0.24401248742117163
0.12373879148704055,-1.1718639263390498,27.371371208136125,1.5157050209931153,13.843002747465716,0.8896493750555725,4.3419991121760475,0.3123670530288253
0.13924766500838334,-1.1718639263390498,28.437267840236586,1.9261930296695415,14.381951137672218,1.1357341227448152,4.510072205006181,0.39972052989940837
0.15670035222800524,-1.1718639263390498,29.68003404966554,2.445545457267878,15.010903094893852,1.4499294057587206,4.7052157086618775,0.5112876241334989
0.17634048216824733,-1.1718639263390498,31.13293570636918,3.1006472107484435,15.746949303827815,1.8505347312764888,4.932887762999865,0.6539971049042244
0.19844221923690444,-1.1718639263390498,32.83629166459587,3.923781713387468,16.610415744500674,2.3600708360256033,5.200548712888414,0.837319403395727
0.22331409039755062,-1.1718639263390498,34.83947845709709,4.95318291814398,17.62545001482948,3.005833540883637,5.517893252299074,1.0739879143310462
0.2513032920204875,-1.1718639263390498,37.203749588344344,6.233424348564736,18.821299716269678,3.8207176495819404,5.895652857987384,1.3795674936447404
0.2828005365353655,-1.1718639263390498,40.00563734801204,7.815136620807185,20.23508103229405,4.844928770340637,6.343145305704341,1.77031328531059
0.3182455065418344,-1.1718639263390498,43.33979852491472,9.75270888933839,21.91602191579755,6.128667254125305,6.86920429844791,2.263168451783232
0.35813299251433084,-1.1718639263390498,47.32008894289805,12.098287940548715,23.92792695059826,7.732855231371824,7.492668994534582,2.885791261542383
0.40301979977966995,-1.1718639263390498,52.08162223037618,14.892993544497795,26.343992991449475,9.721584743581827,8.249045440806578,3.6859179910300037
0.4535325211846986,-1.1718639263390498,57.792990456694,18.160609646933025,29.239503768569662,12.149179696048193,9.16223983385357,4.702267009474645
0.5103762839557767,-1.1718639263390498,64.67659353691589,21.901527744283385,32.712877617929415,15.068344327469427,10.240660103693703,5.954577624561438
0.5743445928509872,-1.1718639263390498,73.00205807452444,26.068025605046834,36.925294422135124,18.54991324638271,11.563877869624141,7.543966414145622
0.6463304070095649,-1.1718639263390498,83.07697876674973,30.544692513802158,42.0440472063567,22.613134776351117,13.169639080426087,9.5204260737824
0.7273386051246984,-1.1718639263390498,95.35310982526043,35.18924429601205,48.229253678102324,27.192162033311014,15.10444342127748,11.934465177972779
0.8185000129460304,-1.1718639263390498,110.35669830707438,39.80619661339039,55.83314943034788,32.24880384272987,17.48719269490652,14.911394390927523
0.9210871889273549,-1.1718639263390498,128.60977830109363,44.172817888008396,65.07695731486331,37.514302549249145,20.39357941998444,18.49548193942425
1.0365321883776653,-1.1718639263390498,151.11017271696124,48.186404178280476,76.4613309091596,42.753833744381254,23.936407698775657,22.73390785560698
1.166446554092426,-1.1718639263390498,178.63752870260606,51.723085366191754,90.39226976151996,47.60243372668066,28.31627026564539,27.707346960752506
1.3126438125222553,-1.1718639263390498,212.5688716769892,54.78263735560306,107.60293009669516,51.85007008098944,33.70582592791872,33.35072656399515
1.4771647895120215,-1.1718639263390498,254.36272241315635,57.377017795773334,128.77958862176249,55.373433992214885,40.33847454332857,39.506380309666454
1.6623060990028473,-1.1718639263390498,305.9477502515586,59.552090470908034,154.87739229650742,58.21446227167847,48.49974729774167,45.847724043316575
1.8706522023821734,-1.1718639263390498,369.6183912393653,61.358385223071195,187.0968922577043,60.47773536997107,58.6102016950188,51.882374239303324
2.1051114860111477,-1.1718639263390498,448.1887972889713,62.8483523256323,226.87593247104274,62.273065578652805,71.10922261459828,56.937721263422546
2.368956860549917,-1.1718639263390498,545.107272859411,64.07145645754235,275.9452428117222,63.69680217829339,86.48495870648726,60.596233046616916
2.6658714488230206,-1.1718639263390498,664.2285472623752,65.06947714075551,336.2762207525592,64.82577789303512,105.38360530435996,63.03380086178974
3.0,-1.1718639263390498,810.3854641606371,65.88187307222407,410.42793615653443,65.72446721257802,128.63426233311446,64.66665359829429
-3.0,-1.121997376282069,449.84199920786904,62.87384936638826,226.83778603870306,62.27168594196189,69.90926283100788,56.549464459542186
-2.6658714488230206,-1.121997376282069,347.3915817502843,60.807290247543726,174.95875384113057,59.738952982309385,54.40624847984148,49.60691921455013
-2.368956860549917,-1.121997376282069,267.2561519323825,58.00442685900771,134.7291178970863,56.13544140453603,41.82752176668075,40.764880763655015
-2.1051114860111477,-1.121997376282069,205.3918648397713,54.22400194176256,103.58967539775904,50.995718096149055,32.22816174335258,31.859009947068184
-1.8706522023821734,-1.121997376282069,157.6394747038359,49.13926258868092,79.59717940485511,43.981273139859944,24.814920436212493,23.756946798237365
-1.6623060990028473,-1.121997376282069,120.95247789788311,42.484862839286066,60.916517056089674,35.26267508812842,19.029371881712482,16.822594016213746
-1.4771647895120215,-1.121997376282069,92.41967134144636,34.15590114425153,46.66604467287407,26.072665832990552,14.570031847503486,11.266038511113154
-1.3126438125222553,-1.121997376282069,70.57799570630027,24.897942390486428,35.70108241770758,17.54838707832567,11.147624067498663,7.039085714943584
-1.166446554092426,-1.121997376282069,54.22696084835173,16.134479116111788,27.373404279774405,10.581351611792499,8.538363100087613,4.002650393445137
-1.0365321883776653,-1.121997376282069,41.84115708532429,8.876601913698588,21.16285503595791,5.545869264782499,6.601190791556326,2.0079401784811046
-0.9210871889273549,-1.121997376282069,32.667531293357875,3.8398883958908447,16.512390902197893,2.3002622768181413,5.172171731710674,0.8171417585596497
-0.8185000129460304,-1.121997376282069,25.924310699864712,1.0183055743521243,13.110606805975454,0.5937713430978523,4.105239084481878,0.20446157208721044
-0.7273386051246984,-1.121997376282069,21.06085200559969,0.029427298748440474,10.651012693553263,0.016764050881110323,3.341223269515899,0.005708133973751057
-0.6463304070095649,-1.121997376282069,17.62791969735309,0.2775776684906257,8.91301766108919,0.1568363486280096,2.800520260441119,0.0524804558203752
-0.5743445928509872,-1.121997376282069,15.275991056810902,1.1533162637524916,7.7275155823592945,0.6414933888928356,2.427265351595396,0.21564389947861262
-0.5103762839557767,-1.121997376282069,13.73540669419586,2.162944183442483,6.954249237866322,1.1902015246456223,2.1887491167498867,0.3949114813258514
-0.4535325211846986,-1.121997376282069,12.81346204457589,2.9775808868400087,6.482680923991764,1.6381724090211354,2.0417425696712765,0.5415940110618283
-0.40301979977966995,-1.121997376282069,12.340439058885986,3.4672514963131,6.2396268908381884,1.9081082009796095,1.9621697907503455,0.634307595108514
-0.35813299251433084,-1.121997376282069,12.186482716987234,3.6380813203304783,6.164699579814518,1.9971537192525666,1.9404849035359029,0.661334058219152
-0.3182455065418344,-1.121997376282069,12.26364239727859,3.5517388717964113,6.206609758968906,1.9469974043154576,1.9561433258918943,0.6417406449195067
-0.2828005365353655,-1.121997376282069,12.506123143114907,3.2898062578093157,6.328101834081746,1.806561330559298,1.993143351496907,0.5970337612421379
-0.2513032920204875,-1.121997376282069,12.85964395423981,2.932509543966299,6.503510719580666,1.6163346076692506,2.0457909090456368,0.537138990633579
-0.22331409039755062,-1.121997376282069,13.280856572852265,2.5427109640217225,6.713824321858142,1.4067282292579226,2.1108210421926272,0.46888318618846303
-0.19844221923690444,-1.121997376282069,13.73776090706465,2.1610824962173885,6.944079283330867,1.1988841827366419,2.183563781579402,0.39958017696043324
-0.17634048216824733,-1.121997376282069,14.208087138798454,1.809831601153121,7.182679516247572,1.0057483233787068,2.2591867000736103,0.3349085148593675
-0.15670035222800524,-1.121997376282069,14.67673261448553,1.4987798224725157,7.421128702325195,0.8337974289286832,2.3342082381518336,0.27768828234078197
-0.13924766500838334,-1.121997376282069,15.133511409988248,1.2303847971525288,7.6535735625609105,0.6850852271351754,2.4066828275144805,0.2285510183354809
-0.12373879148704055,-1.121997376282069,15.571602234059725,1.0030587774987474,7.876207702261357,0.5590338114160426,2.4756856827696767,0.18703551519856704
-0.10995723711238882,-1.121997376282069,15.986570491709186,0.8131790614476356,8.086706947904954,0.4537133584056433,2.54079823934375,0.15230735139345863
-0.09771061966979347,-1.121997376282069,16.375741039395436,0.6562727232833632,8.283783799643397,0.36664077722511806,2.601817460182158,0.12347774769367337
-0.0868279837415025,-1.121997376282069,16.737761151324968,0.5277040731479528,8.466867734509055,0.29523226841952777,2.658643289181045,0.09970780785008576
-0.07715741427178036,-1.121997376282069,17.072269181345757,0.42305885569775853,8.635884010940035,0.23703855187815365,2.711250430897127,0.0802335436201069
-0.06856391592404971,-1.121997376282069,17.379631445367348,0.3383400668823625,8.791100226240822,0.18985341466396874,2.759683879103367,0.06437040513684501
-0.06092752862714207,-1.121997376282069,17.660731317204878,0.2700471832624723,8.933017407105115,0.15175159400300126,2.8040537355468453,0.05151404760615897
-0.0541416530048151,-1.121997376282069,17.91680209844859,0.21518561460086702,9.06229066276899,0.12108866647696898,2.8445245742681182,0.04113941068682322
-0.04811156231253989,-1.121997376282069,18.14929718446132,0.17123714718623864,9.179670318606012,0.09648162239598423,2.8813015370948767,0.03279750618709855
-0.04275308010908995,-1.121997376282069,18.359791452923712,0.1361111849541239,9.285957976797667,0.07678075972432948,2.914616176672953,0.026109884862792188
-0.0379914052040221,-1.121997376282069,18.549908120306032,0.10808903670731444,9.381973899293817,0.06103891210177338,2.9447140035090777,0.020761445798047826
-0.03376006747802295,-1.121997376282069,18.721265865362817,0.0857683967144057,9.46853317197932,0.048481328086345594,2.971844539938875,0.016492462143297786
-0.03,-1.121997376282069,18.875441744597804,0.06801184216798617,9.546428726094057,0.038477917823286995,2.9962539292309973,0.013090574084950101
0.03,-1.121997376282069,21.575854084277818,0.07172798828531682,10.91280965073187,0.04114514316672066,3.4229492159547186,0.014050412365283257
0.03376006747802295,-1.121997376282069,21.7600757665421,0.0910707415646793,11.006075907976845,0.0522824944647485,3.452051625877712,0.01786706448676842
0.0379914052040221,-1.121997376282069,21.969504844856715,0.11565687280283984,11.112095751598655,0.06645615486061471,3.485150410792269,0.02273208844401109
0.04275308010908995,-1.121997376282069,22.207868175735545,0.14691634509598875,11.232749162406915,0.08450126710866238,3.5228437410749067,0.028938336093242204
0.04811156231253989,-1.121997376282069,22.479512873055413,0.1866710937872551,11.37022673079063,0.1074849057249358,3.565831752515886,0.03686234402903063
0.0541416530048151,-1.121997376282069,22.789525783488624,0.23724238562375224,11.527089157621468,0.13677103951777766,3.614936017399547,0.04698872509139876
0.06092752862714207,-1.121997376282069,23.14387927512058,0.3015869894045055,11.706340319356975,0.17410379970612316,3.6711221814623167,0.059941479219172825
0.06856391592404971,-1.121997376282069,23.549609453275373,0.38346925875990545,11.911517636125462,0.22171424090013916,3.7355254035141425,0.07652372918903809
0.07715741427178036,-1.121997376282069,24.015034052919173,0.48767740578399177,12.14680459938361,0.28245724279666434,3.80947758071837,0.09776725614153477
0.0868279837415025,-1.121997376282069,24.550018291721823,0.6202930940489737,12.417171550655146,0.3599869710692936,3.894534820570063,0.12499278192140191
0.09771061966979347,-1.121997376282069,25.16629770748795,0.7890234514917258,12.728551762188946,0.45898121476467985,3.992504368059142,0.15988152486485063
0.10995723711238882,-1.121997376282069,25.877867406183437,1.0036028354421382,13.088059612363049,0.5854262919598441,4.10547490570451,0.20455961365197461
0.12373879148704055,-1.121997376282069,26.7014479188652,1.2762671405279424,13.504254443001608,0.7469734473692615,4.235867474794018,0.26170343206825764
0.13924766500838334,-1.121997376282069,27.65704178422587,1.622295629728101,13.987445383580548,0.9533716968196274,4.386550476318136,0.3346928754261216
0.15670035222800524,-1.121997376282069,28.76860892265224,2.0606059372539365,14.5500190797835,1.2169671575823813,4.5610940985340385,0.42787529101295707
0.17634048216824733,-1.121997376282069,30.06492472481294,2.614383217314548,15.206764067416776,1.5532359782505336,4.76423171792916,0.5470340345148343
0.19844221923690444,-1.121997376282069,31.580752030464176,3.311733073694798,15.975198016072744,1.981308043455706,5.002436582092543,0.7000874100743505
0.22331409039755062,-1.121997376282069,33.35853314121342,4.186361639219158,16.876047772432987,2.5245052538212205,5.284104094153713,0.8977027701182657
0.2513032920204875,-1.121997376282069,35.450770726472236,5.27822671894843,17.934335742248724,3.2111480990945624,5.618455112522207,1.1529476620099472
0.2828005365353655,-1.121997376282069,37.9228765471372,6.633775592158095,19.181765117970265,4.07617738376385,6.013342250818508,1.4795061407130476
0.3182455065418344,-1.121997376282069,40.85547471141116,8.304668352022059,20.660352561516508,5.163707106088999,6.476086736067552,1.8916927043168636
0.35813299251433084,-1.121997376282069,44.34510301617007,10.343532729640582,22.4244030519619,6.528083364333009,7.022735170102633,2.412930315461354
0.40301979977966995,-1.121997376282069,48.505729299411676,12.797413257888657,24.5357302988599,8.228090560775392,7.683766981543659,3.083742596057224
0.4535325211846986,-1.121997376282069,53.47896948647597,15.703307143845663,27.05717800045534,10.316701843580969,8.479094023251342,3.9373361799074393
0.5103762839557767,-1.121997376282069,59.45102135660557,19.083733067879212,30.07092491064511,12.84921029426272,9.414831060893645,4.991185197099645
0.5743445928509872,-1.121997376282069,66.64632624440341,22.92448725715847,33.71208808828968,15.902354579356583,10.558706746901265,6.3321435441288605
0.6463304070095649,-1.121997376282069,75.31905757396423,27.152691043657462,38.11868901773368,19.516232036274012,11.941287321867415,8.004848458819732
0.7273386051246984,-1.121997376282069,85.84125485105463,31.665635267552606,43.42095408664011,23.666230655257024,13.600011027412858,10.055500365227083
0.8185000129460304,-1.121997376282069,98.6411457198053,36.29385980571321,49.90918955720902,28.365395167214025,15.63344848071311,12.596427676389201
0.9210871889273549,-1.121997376282069,114.13550965889493,40.81115374163203,57.7568360950988,33.423821200705234,18.101137242338613,15.674387789740763
1.0365321883776653,-1.121997376282069,133.12539992422307,45.083233476505455,67.36721812200932,38.673822608846066,21.092460816831974,19.344594855223825
1.166446554092426,-1.121997376282069,156.21053704469549,48.937596030255435,79.05251494812126,43.7742165648099,24.766675912779608,23.70108062686589
1.3126438125222553,-1.121997376282069,184.45236015958127,52.331321150398644,93.37984049917186,48.45906577266599,29.2539869565844,28.728658767930465
1.4771647895120215,-1.121997376282069,218.92968215266876,55.245424782105275,110.85302539672503,52.49143721815306,34.72718943441511,34.356553158756505
1.6623060990028473,-1.121997376282069,261.02852221664466,57.70960758969921,132.15608897859502,55.81575109418574,41.39030731814841,40.400080194869076
1.8706522023821734,-1.121997376282069,312.30400562360126,59.76755287518125,158.10827070826403,58.49050780376526,49.53570782709825,46.55634564581367
2.1051114860111477,-1.121997376282069,374.54075818243933,61.4711078145066,189.6238300556811,60.6177953157344,59.43854055596078,52.293599633266936
2.368956860549917,-1.121997376282069,449.7296801412716,62.872123309330746,227.6979593594826,62.302668108450334,71.36589249207573,57.018437566748034
2.6658714488230206,-1.121997376282069,539.723505059351,64.01550784051229,273.2835342487297,63.634180120811465,85.64239661866593,60.44635790389343
3.0,-1.121997376282069,646.4602830277842,64.94477216825513,327.43299434367503,64.6888059907317,102.6170397605742,62.76231183977451
-3.0,-1.0721308262250882,366.99644742473896,61.29703969658012,185.0371746145951,60.36028573452457,57.02713164354961,51.06299391702087
-2.6658714488230206,-1.0721308262250882,282.96429256614726,58.68697292317456,142.49699737473028,57.01896053730252,44.308851773489074,42.760990089131674
-2.368956860549917,-1.0721308262250882,217.34100515906476,55.13252468758833,109.55564434564779,52.240555375743924,34.013553472979076,33.65595909979069
-2.1051114860111477,-1.0721308262250882,166.7711379875476,50.34505948071561,84.1051182653621,45.60103033510151,26.16749715472811,25.307769841546243
-1.8706522023821734,-1.0721308262250882,127.82923639499278,44.00932178671033,64.54039436940766,37.23454470608438,20.122267997225073,18.16433445691611
-1.6623060990028473,-1.0721308262250882,97.99713089334985,36.08185742807742,49.359411051922876,27.984884761325716,15.420319079712051,12.329730158304109
-1.4771647895120215,-1.0721308262250882,74.9003717341093,26.959138228731238,37.82003456438616,19.27538976750639,11.810537835012202,7.844874224075037
-1.3126438125222553,-1.0721308262250882,57.3141891283324,17.891666892819025,28.988799327119672,11.938162526603879,9.054812659448846,4.580321478233922
-1.166446554092426,-1.0721308262250882,44.21686571785911,10.268064008001751,22.3248131285398,6.449485864145062,6.968689878230915,2.3599294641511093
-1.0365321883776653,-1.0721308262250882,34.38244689385803,4.713265981124043,17.388958363709307,2.8512867111861118,5.4303999683548,1.0067908728386774
-0.9210871889273549,-1.0721308262250882,27.166387358879664,1.440844232310128,13.73391448361898,0.842650837149327,4.304004642669627,0.2938159170440853
-0.8185000129460304,-1.0721308262250882,21.933134487666464,0.11119176219688331,11.092156072200362,0.06366905906927997,3.4779670505802436,0.021629365074096178
-0.7273386051246984,-1.0721308262250882,18.219750091892898,0.15899360414424168,9.216108501561187,0.08945476715938422,2.8931377578222617,0.03032798565895457
-0.6463304070095649,-1.0721308262250882,15.668837372831613,0.9564037158541745,7.920874100194071,0.5355869992678428,2.4920606154127,0.17790500954421043
-0.5743445928509872,-1.0721308262250882,13.978751332296545,1.9760313335423425,7.072073465966762,1.0925657163145408,2.222343447262086,0.36550937172395254
-0.5103762839557767,-1.0721308262250882,12.934128160623882,2.860807365372169,6.5501569574714384,1.5681481895959453,2.0628323672623963,0.5186543701869452
-0.4535325211846986,-1.0721308262250882,12.381006644443653,3.423198070700671,6.264281285208317,1.8794238490000938,1.973718218860032,0.6202293736333795
-0.40301979977966995,-1.0721308262250882,12.177285936417174,3.648470879548966,6.157237470673116,2.006177894539373,1.9364596294984076,0.6664368835339952
-0.35813299251433084,-1.0721308262250882,12.216436930092197,3.604387704870184,6.180010886636933,1.9787263328955471,1.9453150800368668,0.6552466212172164
-0.3182455065418344,-1.0721308262250882,12.42890300976219,3.3716944129176665,6.29026491974126,1.8495182497867044,1.9822565661606977,0.6099593241873593
-0.2828005365353655,-1.0721308262250882,12.762739526912712,3.0276308644643044,6.4579185681412214,1.664392887894657,2.0336639911737864,0.5505581057450959
-0.2513032920204875,-1.0721308262250882,13.174405683012214,2.637673470206427,6.662819727739555,1.4557766963216927,2.095592749347188,0.4843183122771677
-0.22331409039755062,-1.0721308262250882,13.629055210150094,2.248155115557914,6.89016116440988,1.245607353934745,2.165973655372637,0.4156821708987306
-0.19844221923690444,-1.0721308262250882,14.101330547904825,1.8860199973523133,7.1282414446376325,1.0479028883717072,2.2411157260443124,0.34970613313799154
-0.17634048216824733,-1.0721308262250882,14.574037566345737,1.5637592995030904,7.368011062926474,0.8703540334103287,2.3170322222676085,0.2902029633499094
-0.15670035222800524,-1.0721308262250882,15.035898784712684,1.2849764598324804,7.602940899349594,0.7159516477521632,2.3909103971768255,0.23875033579967989
-0.13924766500838334,-1.0721308262250882,15.479599030498386,1.048452815411481,7.828671648800203,0.5846524699967558,2.4612881080193407,0.1952886247867252
-0.12373879148704055,-1.0721308262250882,15.900470663701594,0.850616639774545,8.042514386097753,0.4747464214836554,2.5275772703818684,0.15902098618768526
-0.10995723711238882,-1.0721308262250882,16.295691175266207,0.6869313981162151,8.24297128211892,0.383786621019697,2.5895969421249507,0.1289723947842628
-0.09771061966979347,-1.0721308262250882,16.663783650453507,0.552657335201324,8.42936005663568,0.30913970800940577,2.647317472948044,0.10421501735868842
-0.0868279837415025,-1.0721308262250882,17.00427456691472,0.4432612030829637,8.60154861550209,0.24827628374131994,2.7007682020524473,0.08392466426851947
-0.07715741427178036,-1.0721308262250882,17.317435003601656,0.354623119019304,8.759774909341955,0.19890554962228202,2.7500202712097037,0.06738092774211014
-0.06856391592404971,-1.0721308262250882,17.604074247807436,0.2831227543340652,8.904524337117222,0.1590236961480202,2.7951888599493055,0.05395724424869492
-0.06092752862714207,-1.0721308262250882,17.865373671869982,0.22565373006337908,9.036444151824094,0.1269171397580097,2.8364330045690234,0.043112442093433845
-0.0541416530048151,-1.0721308262250882,18.10275496141804,0.17959717041933274,9.15628190099746,0.10114351897205189,2.8739492330688914,0.0343838938885595
-0.04811156231253989,-1.0721308262250882,18.31777805744384,0.1427743854665584,9.264840232879774,0.0805029385933985,2.9079614143174717,0.027380747065493295
-0.04275308010908995,-1.0721308262250882,18.51206420264243,0.11339130207498725,9.36294350607076,0.06400621282130184,2.938709821887499,0.02177655217494538
-0.0379914052040221,-1.0721308262250882,18.68723954663576,0.08998222793948876,9.451413310129338,0.05084369849186543,2.9664413452737706,0.01730140980883623
-0.03376006747802295,-1.0721308262250882,18.84489511277429,0.07135715522496498,9.53105088578651,0.040356535350655136,2.9914016735938413,0.013734073655562937
-0.03,-1.0721308262250882,18.98655947663913,0.056554631485792664,9.602624927103214,0.03201109466365595,3.013829559719261,0.010894438068266536
0.03,-1.0721308262250882,21.444668582004912,0.05928534091205788,10.84639483302133,0.0339883387927187,3.4022383904666555,0.011601474350987196
0.03376006747802295,-1.0721308262250882,21.611029514623947,0.07525374995689685,10.930618666047367,0.04317430024253869,3.4285196265084688,0.014747180352809721
0.0379914052040221,-1.0721308262250882,21.799980206933547,0.09554423699601405,11.026271723242262,0.054859296777318725,3.4583824260937965,0.018754754407946703
0.04275308010908995,-1.0721308262250882,22.01481780060469,0.12133355288716974,11.13501715576244,0.06972887290573904,3.4923561509706693,0.023864144191701624
0.04811156231253989,-1.0721308262250882,22.259378406547864,0.15412065699307625,11.258787946519309,0.08865842246649139,3.5310588698691068,0.030383596050418547
0.0541416530048151,-1.0721308262250882,22.53813891116174,0.1958150810051225,11.399837589836899,0.11276626455878544,3.575213958923828,0.03870948682632094
0.06092752862714207,-1.0721308262250882,22.856340824801435,0.24884919770340502,11.560802161375081,0.1434817009814795,3.625669285134631,0.04935176644568095
0.06856391592404971,-1.0721308262250882,23.220141204322616,0.3163204477138267,11.74477690510361,0.18263234573312268,3.683418578509604,0.0629662303387194
0.07715741427178036,-1.0721308262250882,23.63679656820186,0.4021707070573688,11.955411393398112,0.23255626081217046,3.749624004405493,0.08039473455612912
0.0868279837415025,-1.0721308262250882,24.114886484825295,0.5114109399202645,12.1970283231973,0.2962459653280335,3.825638480280051,0.10271412083471333
0.09771061966979347,-1.0721308262250882,24.664583974742165,0.6503996770637546,12.474771735815077,0.3775330785640015,3.9130269617013598,0.13129428699600887
0.10995723711238882,-1.0721308262250882,25.29797998861931,0.8271830574517632,12.794790045286886,0.4813237075577448,4.013590144265327,0.1678667310091582
0.12373879148704055,-1.0721308262250882,26.02946963585147,1.0519014194825413,13.16445620150369,0.6138944109101424,4.129405885617957,0.2146102634947526
0.13924766500838334,-1.0721308262250882,26.876211000520698,1.337262446142172,13.592619747280771,0.783254205951057,4.262926764278393,0.27427617044734026
0.15670035222800524,-1.0721308262250882,27.858679317073566,1.6990752520715096,14.08987363814526,0.9995666150009309,4.417199833191676,0.35040460554336583
0.17634048216824733,-1.0721308262250882,29.001370221752303,2.156838878953309,14.668811719177777,1.2756079852662383,4.596266263783674,0.4477097935366435
0.19844221923690444,-1.0721308262250882,30.33376347114204,2.734390074194696,15.344282112544443,1.6272316058821894,4.805655977725,0.5726560576400754
0.22331409039755062,-1.0721308262250882,31.891721095715667,3.4606331116327302,16.133768594901277,2.0738641784670433,5.052524462550333,0.7339670963228442
0.2513032920204875,-1.0721308262250882,33.71945596057143,4.37033519875927,17.05829533913569,2.6392548411850294,5.344659033599114,0.9423478845880091
0.2828005365353655,-1.0721308262250882,35.871861887446755,5.504710726931964,18.14444657742127,3.352947758346088,5.688537946200829,1.2090287907006894
0.3182455065418344,-1.0721308262250882,38.41631328429444,6.91092335751809,19.42742001095965,4.252608261724122,6.090074268986956,1.545787024870391
0.35813299251433084,-1.0721308262250882,41.433027281178816,8.639304038786847,20.952549576327755,5.385236988093622,6.562675558366559,1.971948206781934
0.40301979977966995,-1.0721308262250882,45.0160778926511,10.738782209978922,22.770937362671688,6.802836292888154,7.132045910926798,2.521036971401254
0.4535325211846986,-1.0721308262250882,49.28172670855798,13.254183665133812,24.93376365047321,8.554487496706773,7.814356449191653,3.2207305734020997
0.5103762839557767,-1.0721308262250882,54.38216167705459,16.22369875158401,27.507945385905504,10.694070728217799,8.613633273159179,4.085903415782937
0.5743445928509872,-1.0721308262250882,60.49936905774599,19.66053110780038,30.604052230418684,13.297992388959134,9.586379338270893,5.189055276231519
0.6463304070095649,-1.0721308262250882,67.83723205848473,23.53199524082504,34.33261680492049,16.418103038903503,10.756437701524076,6.568439781283925
0.7273386051246984,-1.0721308262250882,76.69273112169033,27.780137017054056,38.7956633032937,20.059607262627832,12.152739147125109,8.264197097087374
0.8185000129460304,-1.0721308262250882,87.4016076697414,32.27859101458059,44.224997381652635,24.272556230169187,13.854596789245807,10.372704234316148
0.9210871889273549,-1.0721308262250882,100.28051508840768,36.82416804590896,50.74868100817463,28.93990109803873,15.906236881247535,12.937721643175609
1.0365321883776653,-1.0721308262250882,115.9435750119964,41.2719675057635,58.677253061818625,33.971127693286746,18.374639451118828,16.013431141634456
1.166446554092426,-1.0721308262250882,134.8165925040607,45.40928762220937,68.23240335377119,39.097479286046536,21.379448859463093,19.691564460560894
1.3126438125222553,-1.0721308262250882,157.6566316061166,49.14166146278029,79.82103000872993,44.06563971832923,25.00962752799963,23.982034865297493
1.4771647895120215,-1.0721308262250882,185.17201270627473,52.4038287760706,93.76811285352476,48.56627289628576,29.378737995213182,28.863313670347498
1.6623060990028473,-1.0721308262250882,218.2173092539397,55.195014952807306,110.4917577128139,52.42224574078586,34.61070003499296,34.24288707262327
1.8706522023821734,-1.0721308262250882,257.6270102476619,57.542174818052324,130.4390725952497,55.59417340302846,40.87295581156528,39.96334591728039
2.1051114860111477,-1.0721308262250882,304.2027352916826,59.49126672975028,154.02317143134402,58.13920037845151,48.28322992542247,45.696921084371446
2.368956860549917,-1.0721308262250882,358.61100519397496,61.09448337057005,181.56966389316392,60.155556515781214,56.90751784465061,50.999269209122616
2.6658714488230206,-1.0721308262250882,421.04903767313664,62.39969477276629,213.18750153769588,61.74167504495212,66.80431367155283,55.45696591201336
3.0,-1.0721308262250882,491.42945774876927,63.4563209674573,248.8606932449857,62.98909648092358,77.97881076800628,58.84164449840777
-3.0,-1.0222642761681073,290.1758469580518,58.97409343116739,146.2940686802692,57.410959618315026,45.095543655060766,43.36755685798765
-2.6658714488230206,-1.0222642761681073,223.35095988890163,55.550676716155245,112.47425181296772,52.795745484738426,34.974719124147946,34.597181470428524
-2.368956860549917,-1.0222642761681073,171.28399103244863,50.892375719359904,86.33766680864751,46.34433399290384,26.80974275799575,26.033419143836213
-2.1051114860111477,-1.0222642761681073,131.2580041074625,44.713918014076945,66.19517664519653,38.087396124859055,20.598867367436036,18.745493093210975
-1.8706522023821734,-1.0222642761681073,100.53157019430773,36.90420860812401,50.75703157489504,28.945576070454614,15.82785357455309,12.839663830922316
-1.6623060990028473,-1.0222642761681073,77.08075326948345,27.95526770398171,38.83263711117049,20.089179899197102,12.13374542864949,8.240870466315123
-1.4771647895120215,-1.0222642761681073,59.033279431709815,18.85238215134451,29.8105181195441,12.629948042683388,9.312592707802686,4.873883683151363
-1.3126438125222553,-1.0222642761681073,45.388668407250044,10.958479283017784,22.954922612344618,6.949473839497318,7.173994642504881,2.562838564741567
-1.166446554092426,-1.0222642761681073,35.29582926762875,5.195408926820485,17.826538294173243,3.139062238861629,5.5704446055332335,1.115024704896835
-1.0365321883776653,-1.0222642761681073,27.80758624449556,1.6795012211071465,14.062880157557094,0.9873125744308722,4.398784697010231,0.3409303458416869
-0.9210871889273549,-1.0222642761681073,22.38409998590351,0.17221459686191937,11.318926290956254,0.09861102900013578,3.5495307580532622,0.033752818831232545
-0.8185000129460304,-1.0222642761681073,18.52614703565048,0.11140228038206451,9.369415714929453,0.06298862081774548,2.942686867740717,0.021101296320110416
-0.7273386051246984,-1.0222642761681073,15.854393401785495,0.8710674625261101,8.021681155363265,0.48485792480457807,2.5202015831743747,0.16284027880064667
-0.6463304070095649,-1.0222642761681073,14.096264839103865,1.8896858938368586,7.124592748816811,1.0507679469830429,2.2445353663656396,0.3468748859529171
-0.5743445928509872,-1.0222642761681073,12.996462604684817,2.801731631433363,6.575864628900628,1.5420112651826088,2.0672383377979955,0.5139453498587336
-0.5103762839557767,-1.0222642761681073,12.389818592238472,3.4136812596122885,6.275745336331517,1.8661884334975443,1.977348740462644,0.6158481940092383
-0.4535325211846986,-1.0222642761681073,12.15808903092332,3.6702254020624068,6.151797691874848,2.012774386763926,1.938712657034608,0.6635773827469397
-0.40301979977966995,-1.0222642761681073,12.185227713836117,3.6394978523839256,6.161415982209474,2.0011211696823312,1.9378214175949322,0.6647075093516598
-0.35813299251433084,-1.0222642761681073,12.386444016903019,3.4173235653142497,6.266120920989829,1.8772955914049365,1.9722515045999922,0.6220053857671611
-0.3182455065418344,-1.0222642761681073,12.709025898942635,3.08126224067567,6.431933043927344,1.6922144072213747,2.0264423252771597,0.5586553285342178
-0.2828005365353655,-1.0222642761681073,13.113689513571297,2.6928968133715374,6.635390802383687,1.4826195501486175,2.089041096560667,0.4910607060172467
-0.2513032920204875,-1.0222642761681073,13.566766992678648,2.299078992010436,6.86136779859766,1.2710387538536454,2.157650306901513,0.42344513067852924
-0.22331409039755062,-1.0222642761681073,14.041230208275813,1.9298113045373884,7.0988763417165615,1.071103694708265,2.231245434698979,0.3579600646231498
-0.19844221923690444,-1.0222642761681073,14.517790548349291,1.6000938750627958,7.339180405067795,0.8906089108934316,2.3070289730676814,0.2976494907406449
-0.17634048216824733,-1.0222642761681073,14.983847016423592,1.3146919183211987,7.57554291042386,0.7330033170731496,2.381801072596629,0.24476448143999366
-0.15670035222800524,-1.0222642761681073,15.431549997388158,1.072648613135707,7.80321158566699,0.5986589320301748,2.453364468923122,0.19992153790459388
-0.13924766500838334,-1.0222642761681073,15.856134202598682,0.8702895281636449,8.01916470072983,0.486087855361574,2.5206907529146676,0.16258532822457694
-0.12373879148704055,-1.0222642761681073,16.25482899124047,0.7028998990823221,8.221702705865994,0.3929030490026515,2.5834856126829897,0.13177204717976398
-0.10995723711238882,-1.0222642761681073,16.626219008233438,0.5655845697099304,8.410049984899725,0.31644310652974705,2.641770958485991,0.10646369301573261
-0.09771061966979347,-1.0222642761681073,16.969861541507168,0.45369146771219404,8.584045350437098,0.2541184649828119,2.695663242605069,0.08575605644958963
-0.0868279837415025,-1.0222642761681073,17.286030508901597,0.36300903168126064,8.74392739969074,0.20357486860546575,2.7452999083591014,0.0688792398110638
-0.07715741427178036,-1.0222642761681073,17.575523507641456,0.2898424955723285,8.890192278441306,0.16275271567307384,2.7908317792187565,0.055180856590502265
-0.06856391592404971,-1.0222642761681073,17.839506955987613,0.23102249205563588,9.023499303795363,0.12989258721338506,2.8324308692997406,0.04410688578855364
-0.06092752862714207,-1.0222642761681073,18.079390698898617,0.1838759418017883,9.144606554053604,0.10351531889529414,2.87029439478072,0.03518751188407352
-0.0541416530048151,-1.0222642761681073,18.29672839636217,0.14617758404325767,9.254325393343075,0.08239157532128398,2.904642108951267,0.02802670222009418
-0.04811156231253989,-1.0222642761681073,18.493140694380877,0.11609374760418381,9.35348759718396,0.0655085498917798,2.935709490913913,0.02229344249922206
-0.04275308010908995,-1.0222642761681073,18.6702578885882,0.09212550411902526,9.442921437034775,0.05203757603819598,2.96373971729423,0.01771354656026855
-0.0379914052040221,-1.0222642761681073,18.829678638247447,0.07305529269421564,9.523434484681777,0.04130443680956597,2.988976292760349,0.014061791722232033
-0.03376006747802295,-1.0222642761681073,18.972941456299075,0.05789906068395805,9.59580160809901,0.03276309998528919,3.011657167371367,0.01115450315880771
-0.03,-1.0222642761681073,19.101506087762257,0.04586466250864704,9.66075701083888,0.025973034294796835,3.0320104968198214,0.008842778351345938
0.03,-1.0222642761681073,21.31120812606727,0.0477845464286347,10.77882801722128,0.02737898828665799,3.3811680882262385,0.009341375973707954
0.03376006747802295,-1.0222642761681073,21.459533916707937,0.06063895527457221,10.853921047099572,0.034766653854493436,3.4046005119000697,0.011869447002759582
0.0379914052040221,-1.0222642761681073,21.627839650055797,0.07696677148529937,10.93912288098996,0.04415958252424363,3.4312008816640183,0.01508828549404418
0.04275308010908995,-1.0222642761681073,21.81900171603951,0.09771184318866688,11.03588437364302,0.05610625215629293,3.4614311541095506,0.019189504069732903
0.04811156231253989,-1.0222642761681073,22.036357471022875,0.12407603419358797,11.145887092378304,0.07130652563659777,3.4958292532717463,0.024419015133971957
0.0541416530048151,-1.0222642761681073,22.28379037959496,0.15759000434417006,11.271085679708765,0.09065385651091205,3.5350229623055087,0.031092725457722226
0.06092752862714207,-1.0222642761681073,22.565833220057947,0.2002032558672669,11.41375957752347,0.11528941043536624,3.579745863796407,0.039616653104683805
0.06856391592404971,-1.0222642761681073,22.887793388383923,0.2543984344044935,11.576576670031496,0.1466715429755391,3.6308549164639534,0.05051242287555608
0.07715741427178036,-1.0222642761681073,23.25590499821462,0.3233358911808169,11.762672157184978,0.1866650961735041,3.6893487231539623,0.06444900983120498
0.0868279837415025,-1.0222642761681073,23.67751299521089,0.41103547046012934,11.975746768102596,0.23765625310655203,3.7563851322149566,0.08228132521154995
0.09771061966979347,-1.0222642761681073,24.16129472285975,0.5226031071827046,12.220188939729644,0.3027001341150226,3.8332974257229284,0.10509598002606649
0.10995723711238882,-1.0222642761681073,24.717524260489483,0.6645096555201188,12.501225071232453,0.3857095499765493,3.921612081091222,0.13426529003472362
0.12373879148704055,-1.0222642761681073,25.358384958685324,0.8449278998683174,12.825099088131592,0.49169335105731327,4.023081492001229,0.17151490231606664
0.13924766500838334,-1.0222642761681073,26.09833806331555,1.0741308031285206,13.199275740598772,0.62704970463479,4.139765118532406,0.21902292692239578
0.15670035222800524,-1.0222642761681073,26.95456533994,1.3649511391598874,13.632651607385888,0.7999110253756013,4.274216107845571,0.27959210673187584
0.17634048216824733,-1.0222642761681073,27.94752985510582,1.7333042207488605,14.1357519374109,1.0205238750475207,4.429821769499211,0.35695730530917363
0.19844221923690444,-1.0222642761681073,29.101747650410495,2.1987880085008755,14.720917616167254,1.3016428903814217,4.611220324397773,0.4562463888945701
0.22331409039755062,-1.0222642761681073,30.446914089569088,2.785394578069921,15.402596819833482,1.6589651882698675,4.824397263106497,0.5843893369397066
0.2513032920204875,-1.0222642761681073,32.01949074938104,3.5223436375173156,16.19808056667244,2.1117901451287255,5.075796573020756,0.7498998498355577
0.2828005365353655,-1.0222642761681073,33.86455783841595,4.444849486160843,17.129178295410203,2.684297211468312,5.370627614799424,0.9617156703415357
0.3182455065418344,-1.0222642761681073,36.03715706094623,5.594157253412962,18.224729287984076,3.4075704302466745,5.7135165279102225,1.2292205018217042
0.35813299251433084,-1.0222642761681073,38.60235776890181,7.015895913803142,19.52171833814445,4.32081593015616,6.1154128559526635,1.5678634246839251
0.40301979977966995,-1.0222642761681073,41.635822385516036,8.757134439548588,21.061329167633133,5.468202308086985,6.597544011097439,2.0045246731150024
0.4535325211846986,-1.0222642761681073,45.23039329382681,10.86513750681182,22.884006648343952,6.892892678114551,7.172642902192846,2.561488890466786
0.5103762839557767,-1.0222642761681073,49.50688736409129,13.386555955574583,25.042593523332673,8.643990544278221,7.842896409661129,3.250846933720307
0.5743445928509872,-1.0222642761681073,54.608185898733005,16.35347686481834,27.624964531067796,10.792163759081072,8.654332301504484,4.131058492137803
0.6463304070095649,-1.0222642761681073,60.69186038543859,19.765837877408373,30.716399542364584,13.392531946653662,9.62465364512919,5.233375028918946
0.7273386051246984,-1.0222642761681073,67.98583912585352,23.607213922267952,34.392994684504366,16.46818584086314,10.775017417766344,6.590700967936318
0.8185000129460304,-1.0222642761681073,76.74090073861318,27.801928344556007,38.83260842205725,20.08915695714259,12.16691298388164,8.281608122342352
0.9210871889273549,-1.0222642761681073,87.18152039797667,32.19298815519406,44.121711010949376,24.19503212037591,13.830548114105655,10.342721927580087
1.0365321883776653,-1.0222642761681073,99.75008897047901,36.65404164291635,50.48526875213585,28.760486009434295,15.812257288706016,12.820151721336478
1.166446554092426,-1.0222642761681073,114.7123381245799,40.959541043276516,58.06182459815392,33.60624177551144,18.195220967377146,15.791081293236664
1.3126438125222553,-1.0222642761681073,132.5474436877386,44.969987104416866,67.11177329900472,38.54724452277372,21.030699824704868,19.26979243991616
1.4771647895120215,-1.0222642761681073,153.63006786419083,48.56381129056808,77.79869037058377,43.287851886733414,24.378801617564328,23.250589247764804
1.6623060990028473,-1.0222642761681073,178.34882071339223,51.691809924458546,90.30752017475703,47.577290434889996,28.293254525879984,27.682078074713587
1.8706522023821734,-1.0222642761681073,206.94388907014252,54.34827628111311,104.7774397528049,51.25614620885661,32.83735420766422,32.47919297218553
2.1051114860111477,-1.0222642761681073,239.4907263737215,56.56384341185408,121.25032698407948,54.28271140165937,38.01222961841206,37.449283540546034
2.368956860549917,-1.0222642761681073,275.85287908295277,58.38819982785816,139.64665637332297,56.70816431962143,43.76504770702925,42.33431324119944
2.6658714488230206,-1.0222642761681073,315.55206570122476,59.87410451023741,159.73027335951303,58.62416101837444,50.04519541750333,46.897045822397104
3.0,-1.0222642761681073,358.16616874128476,61.08345819053718,181.28338324673942,60.13824681857367,56.78658409104697,50.93457941230287
-3.0,-0.9723977261111264,220.91391462366994,55.38402075917311,111.37307436939237,52.59014706820471,34.34482387614958,33.98243893949746
-2.6658714488230206,-0.9723977261111264,169.73147743096447,50.707469268926324,85.47793555448621,46.062512160489305,26.584076681885914,25.77925235969629
-2.368956860549917,-0.9723977261111264,129.9849451479093,44.45638952978851,65.52418369555886,37.74511345673105,20.353739470641536,18.44690699736269
-2.1051114860111477,-0.9723977261111264,99.53670769567735,36.5852111672332,50.20184655356272,28.566571815979977,15.627531434815008,12.589023778054415
-1.8706522023821734,-0.9723977261111264,76.26569606951101,27.586327219868014,38.507441491290855,19.82870551290983,12.012216416977452,8.091759180606449
-1.6623060990028473,-0.9723977261111264,58.597618482049356,18.6102138154679,29.53286988984096,12.396166027778701,9.230800343360436,4.780389848605205
-1.4771647895120215,-0.9723977261111264,45.11534265183642,10.797300864181661,22.786471292996627,6.815197016939212,7.12242772395889,2.511476845699311
-1.3126438125222553,-0.9723977261111264,35.02424137999455,5.050941481434171,17.711801043896553,3.062843630303584,5.540004174555908,1.0911932093852115
-1.166446554092426,-0.9723977261111264,27.63222295368976,1.612932504876094,13.96302770538678,0.9424818819509331,4.369730483084184,0.3261920378282597
-1.0365321883776653,-0.9723977261111264,22.24332192404735,0.15185803439870632,11.24852649671777,0.08700912633231235,3.5260421946247735,0.02949712051115396
-0.9210871889273549,-0.9723977261111264,18.416355500923565,0.12741097900941104,9.315582446134451,0.07171799045447612,2.9237611499948186,0.024415888405329614
-0.8185000129460304,-0.9723977261111264,15.775614885264286,0.9067106133532965,7.978833820798366,0.5060529230331936,2.5106765617558415,0.16785150043778457
-0.7273386051246984,-0.9723977261111264,14.019518877968713,1.9457919597213786,7.095291168649619,1.073958628662889,2.231004959513778,0.35816268483016495
-0.6463304070095649,-0.9723977261111264,12.951518533343805,2.844241294784655,6.545069640298816,1.5733556327533391,2.0644203954750417,0.5169538168761947
-0.5743445928509872,-0.9723977261111264,12.360418831883573,3.445505382811004,6.254669401297895,1.8905709864312135,1.9668780332492688,0.6285417837017809
-0.5103762839557767,-0.9723977261111264,12.12616512232124,3.706606495676961,6.142936151768161,2.023552804450885,1.9360079630107243,0.6670111555505187
-0.4535325211846986,-0.9723977261111264,12.162569715332678,3.6651395308341437,6.154241938005931,2.009808517847718,1.9395303097400467,0.6625417377204429
-0.40301979977966995,-0.9723977261111264,12.377696331718175,3.4267779880088582,6.2589487902842285,1.8856024226028028,1.9683747857823526,0.626716394187737
-0.35813299251433084,-0.9723977261111264,12.706574121877228,3.083725822535541,6.428112621692685,1.69633132697904,2.02287949766128,0.5626794987586932
-0.3182455065418344,-0.9723977261111264,13.111517251838828,2.6948869563597064,6.635399550708409,1.4826109363690967,2.0898786767398825,0.4901953049226019
-0.2828005365353655,-0.9723977261111264,13.564519958195532,2.3009302357752803,6.8633169696384035,1.2693065316758476,2.1601463500593594,0.42110737257482883
-0.2513032920204875,-0.9723977261111264,14.040780856285858,1.9301411819924783,7.101202038541888,1.069254311709492,2.232602489896537,0.35681799705004863
-0.22331409039755062,-0.9723977261111264,14.52030018171708,1.598461370920311,7.3414454628842805,0.8890070011664648,2.307097206813624,0.29759829963217665
-0.19844221923690444,-0.9723977261111264,14.98920181810873,1.311615407353583,7.577938500540433,0.7315025148045493,2.381628747118492,0.2448791321088324
-0.17634048216824733,-0.9723977261111264,15.438930726565927,1.0689100015484037,7.805990637587232,0.5971203425423537,2.453716222324584,0.19971449287526763
-0.15670035222800524,-0.9723977261111264,15.864618010584175,0.8665042269574634,8.022411543385653,0.4845012897986038,2.5217170158685462,0.1620512117563409
-0.13924766500838334,-0.9723977261111264,16.263689207387955,0.6994190455235765,8.225341577656955,0.3913344549674382,2.584980669602493,0.13108394051412123
-0.12373879148704055,-0.9723977261111264,16.6349847808533,0.5625524580676544,8.413927678102704,0.3149686376034559,2.643458963691182,0.10577644748890963
-0.10995723711238882,-0.9723977261111264,16.978269153630833,0.45113038956483914,8.588000885417637,0.25279146977753303,2.6973382718680594,0.08515269628674185
-0.09771061966979347,-0.9723977261111264,17.293952514843763,0.36088319311386463,8.74782817656471,0.20241992114160418,2.746851122418581,0.06838484483712876
-0.0868279837415025,-0.9723977261111264,17.582911137775632,0.2880953050508689,8.893944328909898,0.16177186376254338,2.792219681666835,0.05478945321898557
-0.07715741427178036,-0.9723977261111264,17.846352653815668,0.22959486170113985,9.027043975787123,0.12907407464639853,2.833656094715178,0.043801134941885096
-0.06856391592404971,-0.9723977261111264,18.08570684983658,0.18271382189282692,9.147912463217574,0.10284071381941744,2.8713746214874147,0.03494895289602127
-0.06092752862714207,-0.9723977261111264,18.302536423065934,0.1452342415462133,9.257380218078538,0.08184045423079594,2.9055989480090636,0.027839670416781846
-0.0541416530048151,-0.9723977261111264,18.498465923192228,0.11532980533089689,9.356291442640803,0.06506114220996498,2.9365625883742252,0.02214581825878718
-0.04811156231253989,-0.9723977261111264,18.675127287999825,0.09150818419459812,9.445482043857355,0.05167603384853266,2.964504950860795,0.01759629006074548
-0.04275308010908995,-0.9723977261111264,18.834119836619486,0.0725574782637487,9.525763993093994,0.041013287887558494,2.989665867069432,0.013968204196040683
-0.0379914052040221,-0.9723977261111264,18.976982259534225,0.05749840271030184,9.597914463019197,0.032529263296179035,3.012280367275134,0.011079570391521623
-0.03376006747802295,-0.9723977261111264,19.105174161406634,0.045542796751346426,9.662668642975976,0.02578562746721211,3.0325745119620673,0.00878268097797387
-0.03,-0.9723977261111264,19.22006495897395,0.03605836237736786,9.720715413157668,0.020430023300475095,3.0507624708464864,0.006958257292846666
0.03,-0.9723977261111264,21.175873374252472,0.037334277235766364,10.710312040236925,0.021378631239362154,3.3598015606459,0.007290914871861078
0.03376006747802295,-0.9723977261111264,21.306052795393608,0.04736397428899033,10.776217866611134,0.02713738737328198,3.3803675097379733,0.009260144108161096
0.0379914052040221,-0.9723977261111264,21.453621527713203,0.0600988492654432,10.850921770705735,0.034455480720897845,3.4036907810507837,0.011765894982584662
0.04275308010908995,-0.9723977261111264,21.621046517443784,0.07627234100296633,10.935668028953403,0.043758040240214714,3.430167703256957,0.014956406285246407
0.04811156231253989,-0.9723977261111264,21.811181500386258,0.09681794146789423,11.031894442109467,0.055587077612707966,3.4602584389885913,0.019021716546149932
0.0541416530048151,-0.9723977261111264,22.027336618586077,0.12292403148143764,11.141266952631621,0.07063395102566244,3.494498351480215,0.02420567895048821
0.06092752862714207,-0.9723977261111264,22.273362450011042,0.1561037026518526,11.265721758006174,0.0897809806744124,3.533510939257194,0.030821342715563086
0.06856391592404971,-0.9723977261111264,22.55375158369991,0.19828351463744287,11.407516955194092,0.11415487261640977,3.578021922984087,0.03927042226028026
0.07715741427178036,-0.9723977261111264,22.873761339374102,0.25191599849248264,11.569296346526313,0.14519541219224183,3.628873598527871,0.05006750490310916
0.0868279837415025,-0.9723977261111264,23.239561544525525,0.3201215826250814,11.75416864728985,0.18474390473558897,3.6870382117148486,0.06386943256660396
0.09771061966979347,-0.9723977261111264,23.658411301614723,0.40686630273206004,11.96580567050453,0.23515701230307487,3.753629650215528,0.081510093354522
0.10995723711238882,-0.9723977261111264,24.138868373901335,0.5171818567062272,12.20856247338224,0.2994526816858315,3.829915993053893,0.10404142875010453
0.12373879148704055,-0.9723977261111264,24.691034671213618,0.6574339363709456,12.487619793370255,0.38149503353316183,3.917344421315756,0.1327848155683057
0.13924766500838334,-0.9723977261111264,25.326843159113146,0.8356432946818284,12.80914307295909,0.48622292721875054,4.017607134362076,0.1694066764993151
0.15670035222800524,-0.9723977261111264,26.060399738986135,1.0618628954945772,13.180443335224355,0.619920632998116,4.132796622010435,0.21605049552160185
0.17634048216824733,-0.9723977261111264,26.90841544784335,1.3486173881459016,13.610120379846943,0.7905192126884061,4.265689976592874,0.2755734976056801
0.19844221923690444,-0.9723977261111264,27.890804370117124,1.7114234422131247,14.108191661787354,1.0079147017797658,4.420092532344884,0.3519021358828932
0.22331409039755062,-0.9723977261111264,29.031563149265306,2.169428765296427,14.686304371339126,1.2843271257580315,4.6008993330292975,0.45034803519555555
0.2513032920204875,-0.9723977261111264,30.360011079929762,2.746195791212729,15.35831615924165,1.6348494493291592,4.813313221124946,0.5774394419136416
0.2828005365353655,-0.9723977261111264,31.912211558881342,3.4705091098425185,16.14165150679883,2.0785009666579035,5.061393443687875,0.7400248597853607
0.3182455065418344,-0.9723977261111264,33.731912475542764,4.376719798721061,17.05931399291107,2.639900525677302,5.348615827922372,0.9452903979090638
0.35813299251433084,-0.9723977261111264,35.87036846900604,5.50390395623552,18.1406463326756,3.3503681277534625,5.68367809813596,1.2051125994652427
0.40301979977966995,-0.9723977261111264,38.38652410468054,6.894138938240345,19.417818690465772,4.24567823891864,6.0836730515588355,1.540224636573397
0.4535325211846986,-0.9723977261111264,41.35202771943952,8.592286823901187,20.921609095289117,5.361687052327933,6.5582432834015,1.9678177945401698
0.5103762839557767,-0.9723977261111264,44.8593807652239,10.646427074142407,22.69217164782331,6.740218157906083,7.108028867823471,2.4971820040352597
0.5743445928509872,-0.9723977261111264,49.01630016341092,13.098039428715005,24.79685894656583,8.442050158201372,7.769458411689295,3.1734805681276765
0.6463304070095649,-0.9723977261111264,53.938858582498725,15.968633175009998,27.29837677233506,10.518523603585455,8.554803811963469,4.0208057948181555
0.7273386051246984,-0.9723977261111264,59.79329415433834,19.272652515453576,30.24976985630339,12.999783254166914,9.478365553269793,5.064318109775834
0.8185000129460304,-0.9723977261111264,66.75502382116177,22.98028274925462,33.78066542602259,15.959440769250094,10.585616432318742,6.364234156626805
0.9210871889273549,-0.9723977261111264,74.96743474883698,26.99021321780878,37.94127904869993,19.373245732094134,11.894538798087504,7.9476151883171156
1.0365321883776653,-0.9723977261111264,84.72244387025725,31.217384137344112,42.88127127774965,23.25565812906742,13.433444042264917,9.84822279132393
1.166446554092426,-0.9723977261111264,96.14914944368267,35.46178969179279,48.66829187162015,27.501789062443784,15.253902142708952,12.121481551393698
1.3126438125222553,-0.9723977261111264,109.49419443260611,39.5685836038391,55.43971582056659,32.003286361949165,17.37594455023301,14.772882693998142
1.4771647895120215,-0.9723977261111264,124.86995702516298,43.37221555155787,63.232675162772615,36.539628294676206,19.817558053117317,17.791466550685694
1.6623060990028473,-0.9723977261111264,142.32965034579732,46.767320530364344,72.06488975768364,40.88232184324459,22.58246392551633,21.134370471311357
1.8706522023821734,-0.9723977261111264,161.7596098169836,49.700503807800736,81.89043259933244,44.825795639617894,25.669287337635573,24.74004971591663
2.1051114860111477,-0.9723977261111264,182.9378799764703,52.176785747951584,92.59831056250356,48.24045219059851,29.03153498615441,28.487833250902863
2.368956860549917,-0.9723977261111264,205.62414393730768,54.242727105217355,104.05979231984095,51.09958084947622,32.60847962434929,32.24704047498193
2.6658714488230206,-0.9723977261111264,229.6200804675399,55.962175061223114,116.18081785323876,53.45525440037569,36.393091848345314,35.95224210002665
3.0,-0.9723977261111264,255.18046348365002,57.41881313766203,129.06969672788787,55.41250230445295,40.41597817392279,39.573007123839005
-3.0,-0.9225311760541456,160.33883880424955,49.51028102532953,80.83766615790437,44.44350314596123,24.945835882972162,23.90835659352615
-2.6658714488230206,-0.9225311760541456,122.99597177523424,42.954167390021276,61.951968005150555,35.8408924242287,19.273566466654632,17.12341365334635
-2.368956860549917,-0.9225311760541456,94.13985682603312,34.76744009237973,47.4628897160277,26.64663733468609,14.75244435784009,11.494125631786098
-2.1051114860111477,-0.9225311760541456,72.14905982139592,25.6603908538962,36.39614865844392,18.118225116416866,11.337074521963645,7.268389810171358
-1.8706522023821734,-0.9225311760541456,55.45172809950822,16.836134843705118,28.002346663427947,11.108816196926924,8.74062058298946,4.227111229473562
-1.6623060990028473,-0.9225311760541456,42.872939320036906,9.479085116964495,21.622448542961862,5.9001628445311844,6.761984999178011,2.1600866134785646
-1.4771647895120215,-0.9225311760541456,33.39581972972484,4.205275280693124,16.872962966861305,2.522576276197586,5.278878648710678,0.8938846381916429
-1.3126438125222553,-0.9225311760541456,26.410794308336975,1.1772048419266932,13.355159605796468,0.6873053261869391,4.182538060829769,0.23763369681015414
-1.166446554092426,-0.9225311760541456,21.37130404916813,0.05281752004307308,10.807139453944385,0.030065322640965945,3.389082210943861,0.010162728165495467
-1.0365321883776653,-0.9225311760541456,17.80009784614642,0.2393361233724608,9.001571502634592,0.1350190440342143,2.8293427932224167,0.04488263792671661
-0.9210871889273549,-0.9225311760541456,15.347165654799827,1.115962058266169,7.766156879693438,0.6194031654644421,2.439874037304183,0.20795920936456683
-0.8185000129460304,-0.9225311760541456,13.745330382019857,2.1551037956518364,6.952577551646697,1.1916259167509544,2.191891792468432,0.3920990626214392
-0.7273386051246984,-0.9225311760541456,12.763607532822554,3.0267695233044156,6.4613444529746005,1.6607483721273502,2.0331548041888152,0.5511264218249532
-0.6463304070095649,-0.9225311760541456,12.271251389857461,3.5433036979388635,6.200837642578834,1.9538523575114601,1.9574595053204336,0.6401121798915734
-0.5743445928509872,-0.9225311760541456,12.098378253891852,3.7384812609455578,6.122482235984167,2.048585866060014,1.9256324771674052,0.6802977978228224
-0.5103762839557767,-0.9225311760541456,12.164142841810738,3.663355117351953,6.162284035180769,2.0000717966305244,1.9420941555506035,0.6593016044741308
-0.4535325211846986,-0.9225311760541456,12.41021291593944,3.39172692839274,6.279566489793773,1.8617912533611292,1.9786457452315274,0.6142881645580034
-0.40301979977966995,-0.9225311760541456,12.766489727833422,3.0239106717114717,6.455795516669337,1.6666541584111725,2.029980929332726,0.5546777598017727
-0.35813299251433084,-0.9225311760541456,13.18561384016732,2.6275639057442493,6.670420128378278,1.4483966119859308,2.098581871526282,0.48126258367878894
-0.3182455065418344,-0.9225311760541456,13.642869463613453,2.236963569900123,6.9039378732263685,1.2335579994088661,2.1735842525646003,0.40866506014204185
-0.2828005365353655,-0.9225311760541456,14.119974037931845,1.872568012828376,7.144089503726641,1.0355165902182235,2.2477248885478622,0.3442472658686968
-0.2513032920204875,-0.9225311760541456,14.599861266212539,1.5472548976119422,7.384046426799964,0.8592146746213165,2.3209872880220033,0.28729098105339773
-0.22331409039755062,-0.9225311760541456,15.068674312589383,1.2664819373647804,7.619086291710492,0.7060185370597897,2.3939092149451815,0.23679032648007056
-0.19844221923690444,-0.9225311760541456,15.517218038910576,1.0297438263280427,7.845351883441432,0.5755842846491898,2.4651758914631183,0.19303911395519663
-0.17634048216824733,-0.9225311760541456,15.940377596790132,0.8331391727695625,8.059904631313694,0.46640244458056795,2.5329491294661026,0.15627270387017733
-0.15670035222800524,-0.9225311760541456,16.335772474392922,0.6714776004079976,8.260878947844578,0.37620728266278136,2.596073282379857,0.12604331293375398
-0.13924766500838334,-0.9225311760541456,16.702625369255916,0.5394724862487932,8.44738447869411,0.3024106864261676,2.654214532045463,0.1014568048121916
-0.12373879148704055,-0.9225311760541456,17.041075477791782,0.4322602893030225,8.61925835566171,0.2424432948244942,2.7075187755177224,0.08153691557928396
-0.10995723711238882,-0.9225311760541456,17.351819326030718,0.34556803133974967,8.776812387396253,0.1939530261252054,2.7562951995927363,0.06541741471045626
-0.09771061966979347,-0.9225311760541456,17.635923105335532,0.27573020880698795,8.920640843881706,0.15488732282122003,2.800859914175313,0.0523871328752652
-0.0868279837415025,-0.9225311760541456,17.894708358485055,0.21964921527441186,9.051494074132828,0.1235051431889746,2.8414945488488783,0.04187237402061993
-0.07715741427178036,-0.9225311760541456,18.12966703385808,0.17473668894514166,9.170200814753533,0.09835479800285137,2.8784527699928217,0.03340739574800837
-0.06856391592404971,-0.9225311760541456,18.342391431485705,0.13884991812323885,9.277620968142092,0.07823893719075012,2.911975386138573,0.026610340913245205
-0.06092752862714207,-0.9225311760541456,18.534516045532772,0.11022919421589097,9.37461609228818,0.06217728236243933,2.9422999902696114,0.021166488789696288
-0.0541416530048151,-0.9225311760541456,18.70767108126875,0.08743909010385006,9.46203015863357,0.049371679413481265,2.9696637387786518,0.01681650969327086
-0.04811156231253989,-0.9225311760541456,18.863447201617955,0.06931530714364646,9.54067662138694,0.03917510765745841,2.994301789258164,0.013347520591071957
-0.04275308010908995,-0.9225311760541456,19.00337033702575,0.05491786685898077,9.61132973840895,0.03106497881133449,3.016444002431118,0.010585690970613688
-0.0379914052040221,-0.9225311760541456,19.128884943128533,0.04349078973689144,9.674719000753814,0.02462052360205818,3.036311560868709,0.008389857249430938
-0.03376006747802295,-0.9225311760541456,19.241343989165415,0.034427968835936656,9.731525942674734,0.019503864060221122,3.054114273942004,0.006645956443316783
-0.03,-0.9225311760541456,19.342004088573688,0.027244686555900063,9.78238279472715,0.015444312560706372,3.0700487815377815,0.0052622150164083805
0.03,-0.9225311760541456,21.039063082863308,0.028031491617652626,10.641048779776193,0.01604188816567782,3.3382017622329685,0.005468472538410922
0.03376006747802295,-0.9225311760541456,21.15104658603434,0.03555129762782472,10.697742229702124,0.020355363994446277,3.355893317105493,0.006942410031111636
0.0379914052040221,-0.9225311760541456,21.277858796717958,0.04509528066741673,10.761938211989605,0.025833811534139006,3.3759362809877627,0.008816702681741173
0.04275308010908995,-0.9225311760541456,21.421570712530453,0.05721083090826707,10.834681247931515,0.03279371395462625,3.398663480668287,0.011201494448824397
0.04811156231253989,-0.9225311760541456,21.58457026483571,0.07259421914773784,10.917174375221895,0.04163817484421284,3.424460129373171,0.014237814199415106
0.0541416530048151,-0.9225311760541456,21.769617671158294,0.09213132304403415,11.010806652890695,0.052880858965713734,3.453772871778066,0.018106394870328963
0.06092752862714207,-0.9225311760541456,21.979911909215378,0.11694950211926558,11.117186475596919,0.06717665854988293,3.487119975047086,0.023038945190843204
0.06856391592404971,-0.9225311760541456,22.219170645996314,0.14848359632288938,11.238182262496409,0.0853610415545484,3.525102261437752,0.029332392148980316
0.07715741427178036,-0.9225311760541456,22.49172625542051,0.18855970469360794,11.375972538541209,0.10850063931410943,3.568413972184726,0.0373665554776569
0.0868279837415025,-0.9225311760541456,22.802640702910494,0.2395011166056371,11.533107871134971,0.13795839677582947,3.6178524476236666,0.047625551372878466
0.09771061966979347,-0.9225311760541456,23.157841941388348,0.3042613997838223,11.712587310660009,0.17547750230163206,3.6743259751752877,0.06072307161052636
0.10995723711238882,-0.9225311760541456,23.564284025249812,0.38658999893339374,11.917951354371738,0.2232891379484079,3.738861916531004,0.07743210710835945
0.12373879148704055,-0.9225311760541456,24.030132812998193,0.4912355513395452,12.153391056242496,0.28424930429706613,3.8126247803570545,0.0987221766801456
0.13924766500838334,-0.9225311760541456,24.564980428668708,0.6241915247911227,12.423867681109618,0.3620085139014327,3.8969682045688865,0.12581431822280373
0.15670035222800524,-0.9225311760541456,25.180098216007472,0.792988700873733,12.735229656261147,0.4612137051964167,3.993560881609228,0.16027768502843898
0.17634048216824733,-0.9225311760541456,25.88875556849973,1.0070422908763756,13.094309740468594,0.5877347668648881,4.104618085563937,0.20420348845486816
0.19844221923690444,-0.9225311760541456,26.706664154674773,1.2780723109762064,13.50900492299193,0.7489066995012753,4.233177510479439,0.2604666973618628
0.22331409039755062,-0.9225311760541456,27.652638094906038,1.6206328893728026,13.98842012677367,0.9538073986741955,4.383131889136504,0.3329581038930822
0.2513032920204875,-0.9225311760541456,28.7495257581622,2.0527816266723846,14.543310153641572,1.2136853118430715,4.558555706954309,0.42645716872937256
0.2828005365353655,-0.9225311760541456,30.02525203792162,2.596816373709883,15.187144717193084,1.5427764733254652,4.762488593051807,0.545965383697573
0.3182455065418344,-0.9225311760541456,31.513417058025382,3.2797378078454695,15.937669233181998,1.959605009720693,4.997406176536407,0.6967162652864747
0.35813299251433084,-0.9225311760541456,33.25293458384308,4.132914729221813,16.81736629635757,2.4878879406897596,5.269982733781302,0.8873972767397973
0.40301979977966995,-0.9225311760541456,35.2879113879974,5.191184424926266,17.85039536634749,3.15497632571101,5.593556848676086,1.1332298425989653
0.4535325211846986,-0.9225311760541456,37.67128315156319,6.493209114739976,19.05906064909412,3.9887493297647376,5.975068874977111,1.4467733357097612
0.5103762839557767,-0.9225311760541456,40.47066086762901,8.08255131411015,20.472390508409312,5.022264255473197,6.413943106165636,1.834671413556673
0.5743445928509872,-0.9225311760541456,43.763067564088864,10.00122681179852,22.139675677441748,6.3038237756091045,6.937997269043278,2.3299654206240845
0.6463304070095649,-0.9225311760541456,47.628657907985435,12.280340913908322,24.104129836179776,7.8760008137154385,7.554897032653816,2.9499136041943403
0.7273386051246984,-0.9225311760541456,52.18059792505817,14.95057998716278,26.39919486899546,9.767549731812592,8.273176234854258,3.7121292306644245
0.8185000129460304,-0.9225311760541456,57.53051351762319,18.013303492169374,29.113080520817345,12.04276198347221,9.124453038986108,4.659308002214016
0.9210871889273549,-0.9225311760541456,63.75488548962711,21.41524508807931,32.26661101017205,14.694667806566182,10.11676812888154,5.808404910257648
1.0365321883776653,-0.9225311760541456,71.02229802146188,25.1150938747056,35.94741608167604,17.750689251693405,11.263891732636601,7.179712528842404
1.166446554092426,-0.9225311760541456,79.35813380792064,28.964514145408184,40.169350293718146,21.15072875409473,12.592307701410926,8.8055740483148
1.3126438125222553,-0.9225311760541456,88.83944040775496,32.83099760791491,44.979405737501764,24.83549850617988,14.100054589659864,10.678920513795038
1.4771647895120215,-0.9225311760541456,99.41635676090533,36.54629001659275,50.33790488949367,28.659773775137246,15.778984208655483,12.778523524201608
1.6623060990028473,-0.9225311760541456,110.9790705092392,39.97572060019479,56.18267168316565,32.46543583899573,17.609583197877427,15.063693840975391
1.8706522023821734,-0.9225311760541456,123.33593856112545,43.03087036699941,62.424059621313866,36.100565470585124,19.5713889749054,17.48952396489535
2.1051114860111477,-0.9225311760541456,136.35091905973374,45.69839053096425,68.99406316561061,39.464029978496946,21.632457203224728,19.996590689920428
2.368956860549917,-0.9225311760541456,150.08610197177165,48.029398634052846,75.92139837201448,42.53368207317931,23.788004458131972,22.559911439796288
2.6658714488230206,-0.9225311760541456,164.83070196204307,50.10025064989672,83.35944642921646,45.344320598902506,26.106660035388035,25.23866809436063
3.0,-0.9225311760541456,181.2730526866118,52.00380053060277,91.63056600911237,47.96442833468091,28.68343704476511,28.109159400206124
-3.0,-0.8726646259971647,109.3257936054309,39.52182371874649,55.12582786393259,31.806140005605528,17.03206148127749,14.344293515276679
-2.6658714488230206,-0.8726646259971647,83.84273162820496,30.85974471324237,42.24523727143996,22.768149384761475,13.150861867573477,9.497118809006086
-2.368956860549917,-0.8726646259971647,64.30162077031444,21.704272900703096,32.43037450330568,14.831868892872315,10.0910919627274,5.778178121271862
-2.1051114860111477,-0.8726646259971647,49.53105785629342,13.400760958624861,24.9963917632329,8.605980566372237,7.794939292433879,3.200276947204338
-1.8706522023821734,-0.8726646259971647,38.43204059442286,6.919787412748134,19.413568710818346,4.242611574916976,6.0663356430032795,1.525189151175998
-1.6623060990028473,-0.8726646259971647,30.174906419733265,2.663275533595376,15.23535401071289,1.5685216725304776,4.768998047012385,0.5499600566635459
-1.4771647895120215,-0.8726646259971647,24.08260749327738,0.5036865896493501,12.174337437848733,0.28998105736773727,3.8143627831202234,0.09925127324243482
-1.3126438125222553,-0.8726646259971647,19.70832352913736,0.008326857816199648,9.965646624293862,0.00480924442984998,3.126628140871988,0.0016736491375639452
-1.166446554092426,-0.8726646259971647,16.63648151981301,0.562035676317076,8.420779583280622,0.3123729054359073,2.6476570654178406,0.10407822591198714
-1.0365321883776653,-0.8726646259971647,14.572386690135518,1.5648181875108191,7.369631204820285,0.8692244765070581,2.3233792149090466,0.28553870103934426
-0.9210871889273549,-0.8726646259971647,13.248755525606947,2.5711002757967774,6.706988040244137,1.4132374312544245,2.1091977362229177,0.4705128937622163
-0.8185000129460304,-0.8726646259971647,12.490317533627268,3.306452749645498,6.318387259263803,1.8175239878117222,1.99491973669136,0.5949425809861515
-0.7273386051246984,-0.8726646259971647,12.128542424130478,3.703888473957855,6.140921456526036,2.026008947471508,1.9332213697031528,0.6705617616902979
-0.6463304070095649,-0.8726646259971647,12.08712654394274,3.7514436651741923,6.107902622347779,2.0665619254550553,1.928613441503061,0.6764617974238574
-0.5743445928509872,-0.8726646259971647,12.234277886765497,3.5844249798018124,6.191368348451252,1.9651345412638246,1.947268802033078,0.65279539834637
-0.5103762839557767,-0.8726646259971647,12.52177651795216,3.273377911775549,6.342856921039546,1.7899979165890012,1.9984286283019728,0.590826526916222
-0.4535325211846986,-0.8726646259971647,12.914493647184344,2.879590472632802,6.534567404902264,1.584142785515813,2.058173474476898,0.5236648973845791
-0.40301979977966995,-0.8726646259971647,13.361618397732329,2.4722221238051763,6.757011678362637,1.3660668920384758,2.1242184640591844,0.45557419222472206
-0.35813299251433084,-0.8726646259971647,13.830945439311797,2.0882380446274555,6.996767928888432,1.1543436070642936,2.2005199645210864,0.3844437583617431
-0.3182455065418344,-0.8726646259971647,14.30846678969969,1.7400336885575398,7.240261955142025,0.9623522168144706,2.2784034694119306,0.3196120157695607
-0.2828005365353655,-0.8726646259971647,14.78391799431566,1.4328075287900826,7.479657928733256,0.7946435099327768,2.3523838129063384,0.26481383232836947
-0.2513032920204875,-0.8726646259971647,15.246726604069382,1.168894996234152,7.711273239472072,0.6509194225330506,2.4232328581026956,0.21813705498925515
-0.22331409039755062,-0.8726646259971647,15.688208708544778,0.9472694504829643,7.932736696117618,0.5294607960470878,2.491974235219191,0.17795246530346417
-0.19844221923690444,-0.8726646259971647,16.103052109138037,0.7641222966881417,8.14203355849882,0.42816965710050037,2.5578615765476216,0.14389140028656738
-0.17634048216824733,-0.8726646259971647,16.488924444887218,0.6143183105409302,8.337657071968813,0.34470101981481566,2.6196156839387057,0.11572013983070788
-0.15670035222800524,-0.8726646259971647,16.845401226532267,0.492579917242045,8.518809410872377,0.276574584545425,2.676494094558751,0.09283221818852735
-0.13924766500838334,-0.8726646259971647,17.17307801954944,0.39409017891349585,8.685361348851545,0.22135919019412814,2.728413415931573,0.07438965426400458
-0.12373879148704055,-0.8726646259971647,17.473056977224758,0.31468646377638854,8.837672057199537,0.17682800661007217,2.775657899992577,0.05956021115579308
-0.10995723711238882,-0.8726646259971647,17.746701142121182,0.2508602136270919,8.976399104193597,0.14103840212481156,2.818615031153511,0.04763487604406948
-0.09771061966979347,-0.8726646259971647,17.995522074526047,0.1996898567796014,9.102356191933536,0.11234815470974223,2.857649843083687,0.03804517233614826
-0.0868279837415025,-0.8726646259971647,18.221118963339862,0.15876059788915464,9.216423284835976,0.08939531071729356,2.8930765241933174,0.030340494944775497
-0.07715741427178036,-0.8726646259971647,18.42513427917293,0.12608841594412526,9.319494752261027,0.07106318357534307,2.9251692031463286,0.02416043262824241
-0.06856391592404971,-0.8726646259971647,18.609215801871777,0.10005217016418448,9.412450463318484,0.056442594760095166,2.954178574083302,0.019213288237452594
-0.06092752862714207,-0.8726646259971647,18.774984058770123,0.07933399931362775,9.496139517814912,0.04479677280418141,2.980342834152886,0.015261286978038099
-0.0541416530048151,-0.8726646259971647,18.92400610476503,0.06286753000395133,9.571370789383893,0.035530733989828686,3.003892099447469,0.012110291332762783
-0.04811156231253989,-0.8726646259971647,19.05777606755306,0.04979336335480281,9.638907339316978,0.028165359397644175,3.0250486700016013,0.009602127167621762
-0.04275308010908995,-0.8726646259971647,19.17770206005439,0.039421276577099484,9.699463282881263,0.022315778416273566,3.0440254894033814,0.007608425524304834
-0.0379914052040221,-0.8726646259971647,19.285098541052864,0.031198505556286636,9.753702392994494,0.017673500483941357,3.061024281321108,0.006025461713287922
-0.03376006747802295,-0.8726646259971647,19.381183020498995,0.02468341424536411,9.80223801902449,0.013991734308542505,3.0762340681003506,0.004769768599877141
-0.03,-0.8726646259971647,19.46707604171777,0.0195238358441159,9.845634015694937,0.011073384940595331,3.0898302901736088,0.003774418605479409
0.03,-0.8726646259971647,20.901172498323813,0.019960486987421505,10.571238340029597,0.011415945350604815,3.316431096644236,0.003889845979804782
0.03376006747802295,-0.8726646259971647,20.9949704110974,0.02530708068831585,10.618724556173666,0.014479825692564039,3.3312497964215497,0.0049360302262879095
0.0379914052040221,-0.8726646259971647,21.101076703822407,0.032089761434926846,10.672438126881346,0.018368917659745857,3.3480203260560004,0.0062654683700189735
0.04275308010908995,-0.8726646259971647,21.22118193266608,0.04069575209856669,10.73323165820437,0.023306532821399342,3.3670144576047876,0.007955728305023854
0.04811156231253989,-0.8726646259971647,21.357228498014038,0.051617220321158265,10.80208366926903,0.029576787075074915,3.3885456599592967,0.010105992744168565
0.0541416530048151,-0.8726646259971647,21.511453100694865,0.06547988869969452,10.880119671422477,0.03754130268873551,3.4129760430148197,0.012843183298072247
0.06092752862714207,-0.8726646259971647,21.686437415007262,0.0830794692753132,10.968637562989171,0.04766057520841405,3.4407240885025137,0.016329771210256062
0.06856391592404971,-0.8726646259971647,21.885168623342434,0.10542802481786795,11.069138490810511,0.06052135980443615,3.472272790157107,0.020773624042116856
0.07715741427178036,-0.8726646259971647,22.111111622578413,0.1338128574728875,11.183364657889976,0.0768718511669787,3.5081774856052967,0.026440193084167257
0.0868279837415025,-0.8726646259971647,22.36829472775661,0.1698710637782,11.313345861250218,0.09766696869861491,3.5490724108833605,0.03366722606596079
0.09771061966979347,-0.8726646259971647,22.66141045970177,0.21568340141683479,11.461456612629446,0.12412669132736624,3.595675400208643,0.04288207887035816
0.10995723711238882,-0.8726646259971647,22.995932488664952,0.27389146470665066,11.63048506770371,0.1578109792755786,3.6487924324776717,0.054621992788681586
0.12373879148704055,-0.8726646259971647,23.37824934898045,0.34784223525095226,11.823712893249084,0.20071500088744795,3.7093299068950873,0.06955944861557678
0.13924766500838334,-0.8726646259971647,23.815816384863563,0.44176392500378675,12.045000805044271,0.255387416270215,3.7783340984157787,0.08853974895274562
0.15670035222800524,-0.8726646259971647,24.31733244146444,0.560977390247527,12.298868229684567,0.32507145305063556,3.8570899257303974,0.11264748006923563
0.17634048216824733,-0.8726646259971647,24.892961632977165,0.7121503241186317,12.590552580811206,0.41386378967764975,3.9473033944877884,0.1433267773596255
0.19844221923690444,-0.8726646259971647,25.554645433117244,0.9036100318834369,12.926049915574838,0.5268855680418245,4.051315399147148,0.1825624650614086
0.22331409039755062,-0.8726646259971647,26.316573085702014,1.1457441363997205,13.312202312352047,0.6704805965518004,4.172111916571718,0.23303961838981546
0.2513032920204875,-0.8726646259971647,27.195846555836997,1.451517837661581,13.757018473338093,0.8525226279951834,4.312760930045245,0.29805085145194726
0.2828005365353655,-0.8726646259971647,28.21319949042366,1.837066728892486,14.27047777708846,1.0830023947645513,4.475422813405103,0.3810256202095115
0.3182455065418344,-0.8726646259971647,29.393320230732208,2.3221373423763527,14.865691226018386,1.3749633858367063,4.66173436271382,0.4855324131932678
0.35813299251433084,-0.8726646259971647,30.764372869266786,2.9300170094267735,15.559125803055602,1.7451701289810395,4.876593354794152,0.6175235422994448
0.40301979977966995,-0.8726646259971647,32.35766101046231,3.687119242916226,16.368014208240233,2.213054876466739,5.129996635247216,0.7874686866897497
0.4535325211846986,-0.8726646259971647,34.210100197037384,4.623522298638337,17.3074825007227,2.798594356835375,5.426603519583672,1.003907584487164
0.5103762839557767,-0.8726646259971647,36.3681373649023,5.774140613985922,18.39714299403456,3.5256795838522788,5.76498504045738,1.271156273223865
0.5743445928509872,-0.8726646259971647,38.88300469040371,7.174714285388713,19.67092045431893,4.429266659999487,6.165428861014887,1.6117102096707108
0.6463304070095649,-0.8726646259971647,41.80515322061614,8.85564282180523,21.155946885678315,5.540577483250635,6.631915145466344,2.036778912619335
0.7273386051246984,-0.8726646259971647,45.204314826325955,10.849759945179729,22.8699849018489,6.881714199191004,7.168441704711898,2.557295246597544
0.8185000129460304,-0.8726646259971647,49.141477069907296,13.171690965375731,24.867527184132744,8.500066811812783,7.795224085730078,3.200576730487259
0.9210871889273549,-0.8726646259971647,53.64285883683136,15.797942380558151,27.14807781083979,10.392732491732131,8.513032502521432,3.974709960812869
1.0365321883776653,-0.8726646259971647,58.785198706445755,18.714593734123092,29.75278070415705,12.581331946862772,9.325223275907943,4.8883491765310865
1.166446554092426,-0.8726646259971647,64.52935020217113,21.82416500354867,32.661985998665216,15.025764420091747,10.24084215866018,5.954792807438003
1.3126438125222553,-0.8726646259971647,70.85442438721452,25.033187477452596,35.86956746299793,17.686796552374524,11.246552529134568,7.1587203249138796
1.4771647895120215,-0.8726646259971647,77.65368884160566,28.21216509389968,39.31153702504722,20.471213128640414,12.32497855269772,8.475988797594248
1.6623060990028473,-0.8726646259971647,84.80936841352673,31.25247414808728,42.92433668428801,23.288525601343615,13.457312825970634,9.877911653394808
1.8706522023821734,-0.8726646259971647,92.23409777789377,34.0889703146196,46.66846531935501,26.074419769437917,14.63486223205649,11.347091338208282
2.1051114860111477,-0.8726646259971647,100.0064240995733,36.736430316642554,50.58494960562545,28.828472237016918,15.861643092220307,12.881935812039982
2.368956860549917,-0.8726646259971647,108.43428001897553,39.272259255917646,54.83001864639808,31.619318084492054,17.178069011779936,14.52634188025215
2.6658714488230206,-0.8726646259971647,117.96347771176028,41.77209552594147,59.63496058363887,34.53042058283097,18.674077712172785,16.38394901598287
3.0,-0.8726646259971647,129.19882677917767,44.29497854949182,65.28069545110073,37.61971684908157,20.43122405490466,18.541363743245668
-3.0,-0.8227980759401838,68.56919100827797,23.90120933505619,34.585660890263796,16.627875845428694,10.709966074312193,6.5128026587232934
-2.6658714488230206,-0.8227980759401838,52.82769321331496,15.326377640901907,26.635943213517727,9.964879926480693,8.301986310870811,3.743473626926346
-2.368956860549917,-0.8227980759401838,40.91264724156718,8.337728618751804,20.648231167890824,5.154560121798425,6.438085522060772,1.8567656602311375
-2.1051114860111477,-0.8227980759401838,32.03367297681064,3.529212123512778,16.17847604983302,2.1002055778363524,5.055537647714985,0.7360232198850297
-1.8706522023821734,-0.8227980759401838,25.48403678821189,0.8823182590460507,12.88040074489063,0.5108480396595428,4.032580287492027,0.17519912952925917
-1.6623060990028473,-0.8227980759401838,20.722227582844976,0.011477224748937098,10.480927568258478,0.006571942474217575,3.285881473077531,0.002118641289451548
-1.4771647895120215,-0.8227980759401838,17.3463695202327,0.3469944384957779,8.776276726591538,0.1941076735853598,2.755510202138508,0.06566129192749683
-1.3126438125222553,-0.8227980759401838,15.048978087806203,1.2775761007758368,7.6098699587830945,0.7116782522919524,2.392956222327329,0.23741213344717868
-1.166446554092426,-0.8227980759401838,13.530185134284066,2.3293408006421026,6.855335603879455,1.2764093716856186,2.161363813568433,0.4199701539807045
-1.0365321883776653,-0.8227980759401838,12.638907406391027,3.152258281766894,6.3923759612522835,1.7351736469767656,2.0203974371233593,0.5654944810624383
-0.9210871889273549,-0.8227980759401838,12.181457040209203,3.6437561969260317,6.168426529344999,1.9926572637135072,1.9411938143677896,0.6604381844079266
-0.8185000129460304,-0.8227980759401838,12.056586607853456,3.786788457854157,6.099454101680744,2.077029289734464,1.926940255011033,0.6786130515030092
-0.7273386051246984,-0.8227980759401838,12.149324050762011,3.68018873136282,6.151634601959503,2.012972390630507,1.9366936569889563,0.6661394637143992
-0.6463304070095649,-0.8227980759401838,12.425543342052192,3.3752892526292757,6.279605786780458,1.8617460698112471,1.9820169916474386,0.6102458909526818
-0.5743445928509872,-0.8227980759401838,12.787991396268843,3.002641914406449,6.471342067797385,1.6501437999928321,2.03491334379979,0.5491653423343967
-0.5103762839557767,-0.8227980759401838,13.213936636974777,2.602134101361332,6.692133673735148,1.427450129181603,2.107338007059794,0.4723845285517798
-0.4535325211846986,-0.8227980759401838,13.686431282459216,2.2019138881349116,6.924800571838392,1.21545650193486,2.1798418855965394,0.4029530318657851
-0.40301979977966995,-0.8227980759401838,14.171172186902837,1.8359467440048696,7.166681533909572,1.0180218924043203,2.2523624662117983,0.3404491831732622
-0.35813299251433084,-0.8227980759401838,14.648441527575685,1.5165066177919595,7.410117795313505,0.8412948509194276,2.329617101413993,0.2810000878105702
-0.3182455065418344,-0.8227980759401838,15.112502812435782,1.2420101647161512,7.646484701159378,0.6893565833253952,2.4049936054523795,0.22963047893923919
-0.2828005365353655,-0.8227980759401838,15.55927694072793,1.0090691795329627,7.871496521173995,0.5615420418001006,2.4745821209479058,0.18766061720615393
-0.2513032920204875,-0.8227980759401838,15.983349996701447,0.8145612799274513,8.083878003624525,0.45504292471624297,2.53964971129798,0.15288386636554344
-0.22331409039755062,-0.8227980759401838,16.380168172288524,0.6546011198112558,8.283035335630483,0.36695112243954764,2.601491548165294,0.12362250026790243
-0.19844221923690444,-0.8227980759401838,16.747446802351853,0.5244863123965929,8.468358551809526,0.2946870520346043,2.6598026741360097,0.09925279264672919
-0.17634048216824733,-0.8227980759401838,17.08493355868559,0.419355324443161,8.639430587551637,0.23589450744110926,2.713772672896378,0.07935924225460432
-0.15670035222800524,-0.8227980759401838,17.393593178131184,0.33474398461790095,8.796247334380476,0.1883885054345348,2.7629931682624633,0.06335693590057598
-0.13924766500838334,-0.8227980759401838,17.674943502036083,0.2668210896826695,8.939219317416638,0.15019355986133465,2.8075607554371342,0.050564586604247196
-0.12373879148704055,-0.8227980759401838,17.930693807001532,0.21240484946871058,9.069049412182702,0.11958918006934982,2.8478390445419004,0.04034566879202161
-0.10995723711238882,-0.8227980759401838,18.162592749792,0.16888877347383763,9.186598139668348,0.09512354361536263,2.884246868042743,0.03217328801145959
-0.09771061966979347,-0.8227980759401838,18.372374919359892,0.13414890076837674,9.292784820655521,0.07559766052850618,2.9171616927323787,0.02563227698929217
-0.0868279837415025,-0.8227980759401838,18.561740581346285,0.1064590786432151,9.388528545545038,0.06003422439005294,2.9469019708115867,0.020397908992278814
-0.07715741427178036,-0.8227980759401838,18.732342110892382,0.08441986770236755,9.474717400533537,0.04764256281521338,2.973740172732261,0.016213482445625312
-0.06856391592404971,-0.8227980759401838,18.885770548660112,0.06689985969120524,9.552194019847567,0.03778572629121188,2.997919404055484,0.012873424671908258
-0.06092752862714207,-0.8227980759401838,19.023542769311362,0.05298709672596896,9.621749483120338,0.0299519641314515,3.019664545661986,0.01021171879655672
-0.0541416530048151,-0.8227980759401838,19.147090923657352,0.041948698276466245,9.68412121714297,0.023730907746462224,3.0391875238302593,0.008093890123887325
-0.04811156231253989,-0.8227980759401838,19.257755145808034,0.033197318661703376,9.739992844626764,0.018794019416506443,3.0566888245892225,0.006411101982297375
-0.04275308010908995,-0.8227980759401838,19.356779679708914,0.026263387862435823,9.789995092353962,0.014878664145557916,3.072357269494175,0.005075512414280701
-0.0379914052040221,-0.8227980759401838,19.44531204272887,0.020772270627858323,9.834707382604572,0.011775181099694627,3.0863693234926513,0.00401646731026721
-0.03376006747802295,-0.8227980759401838,19.52440461429538,0.0164255890286551,9.87465992243779,0.009316414661855024,3.0988885509144786,0.0031773273017079587
-0.03,-0.8227980759401838,19.595018007511193,0.012986038736387338,9.910336164699151,0.00736925495222685,3.1100654286776965,0.0025128208517645177
0.03,-0.8227980759401838,20.762591830000176,0.013192106288952978,10.501078278426107,0.007540131621593766,3.2945511755252452,0.002568111851826307
0.03376006747802295,-0.8227980759401838,20.838272259891877,0.01672013616817982,10.539391658838019,0.009559862369347819,3.3065076879663673,0.0032572686880994062
0.0379914052040221,-0.8227980759401838,20.923790608745268,0.02119358707648842,10.582682437553093,0.012121996411986517,3.320024304822336,0.004132382490016649
0.04275308010908995,-0.8227980759401838,21.020474320511656,0.026866546240742507,10.63162006600128,0.015372694761262285,3.3353144816107556,0.00524412322732298
0.04811156231253989,-0.8227980759401838,21.129842751724606,0.03406166830896573,10.686969907199162,0.019497682748881286,3.352623502394874,0.006657182004770006
0.0541416530048151,-0.8227980759401838,21.253638191558817,0.043188776628932835,10.74960862196497,0.02473303560122821,3.372233558822866,0.00845420727482633
0.06092752862714207,-0.8227980759401838,21.39386260317967,0.05476853135675072,10.820542581397598,0.031378950912639494,3.3944693224833316,0.01074081197637356
0.06856391592404971,-0.8227980759401838,21.552821158659786,0.06946252728220036,10.900930101778187,0.03981736974046384,3.4197036765432514,0.01365186746732938
0.07715741427178036,-0.8227980759401838,21.73317370346289,0.0881115128682318,10.992108520643182,0.05053457519313396,3.44836299903024,0.017359267362111713
0.0868279837415025,-0.8227980759401838,21.93799521367705,0.11178378325109328,11.095627322964214,0.06415024061509197,3.480931191196603,0.022081261792914426
0.09771061966979347,-0.8227980759401838,22.17084601553709,0.1418361516536275,11.213288511673975,0.08145480432995875,3.517951959722039,0.02809338559830528
0.10995723711238882,-0.8227980759401838,22.43585200485935,0.17999017375853196,11.347194833090917,0.10345742830778208,3.5600306655784384,0.03574118833068413
0.12373879148704055,-0.8227980759401838,22.73779459588184,0.2284264164526953,11.49980471337699,0.1314469146414294,3.6078418985494562,0.04545609783996489
0.13924766500838334,-0.8227980759401838,23.082210612892787,0.2898995828729991,11.673989214735816,0.167067334125536,3.662157900388161,0.057779000564720844
0.15670035222800524,-0.8227980759401838,23.47550604243573,0.36787772434614585,11.873081376072026,0.21240818784964544,3.723922521167601,0.07340223781628406
0.17634048216824733,-0.8227980759401838,23.92509789201495,0.46671095321541334,12.100906120594496,0.27010591291501596,3.794388547452235,0.09324598971263823
0.19844221923690444,-0.8227980759401838,24.43961681619279,0.5918410847787519,12.361791870864392,0.343453187128256,3.8752756011619773,0.11857334103307664
0.22331409039755062,-0.8227980759401838,25.029218869892304,0.7500731172220851,12.660614280666955,0.4365260735596534,3.96876460802263,0.15109040414436303
0.2513032920204875,-0.8227980759401838,25.706027210861254,0.9499300867988019,13.003013975729491,0.5543824980352127,4.0770462817611035,0.19288244613792563
0.2828005365353655,-0.8227980759401838,26.484586481317425,1.2020691534157115,13.395971857516852,0.7034430052646572,4.2015499049666944,0.24610546856066715
0.3182455065418344,-0.8227980759401838,27.381979672287578,1.519616587544153,13.848624712629425,0.8920979913197037,4.343243483066335,0.3129822940441056
0.35813299251433084,-0.8227980759401838,28.417302608680544,1.918192820452607,14.37231669090596,1.1311400961011069,4.5055096387987525,0.3972389785732642
0.40301979977966995,-0.8227980759401838,29.611206743435506,2.4157332510456797,14.978498501428785,1.43307879177011,4.6954406496521734,0.5054541131331094
0.4535325211846986,-0.8227980759401838,30.987434688322168,3.0329435706672028,15.676488845451331,1.8107659732230412,4.915860238611552,0.64288519891861
0.5103762839557767,-0.8227980759401838,32.575208345061995,3.7941980882818047,16.478299437406378,2.279574603468358,5.1648701302978255,0.8119774148419268
0.5743445928509872,-0.8227980759401838,34.40516767619285,4.725127431093576,17.405348190939964,2.8619210194050924,5.456374669671566,1.0265909694898048
0.6463304070095649,-0.8227980759401838,36.50469737175015,5.848731720664874,18.472309523346265,3.577507285803464,5.791652395757185,1.2930571057772913
0.7273386051246984,-0.8227980759401838,38.91035887412715,7.190223285876318,19.68549099325727,4.439891840675454,6.171480722946785,1.6170396610439068
0.8185000129460304,-0.8227980759401838,41.64652046842274,8.763354837951379,21.07387153336337,5.477785041787694,6.607295496761224,2.0136612853879923
0.9210871889273549,-0.8227980759401838,44.70692850216298,10.556600924703176,22.624244167013487,6.686294581519492,7.095440075711351,2.484701018281575
1.0365321883776653,-0.8227980759401838,48.10920702727886,12.563731826671042,24.347542029347537,8.07432448533644,7.633173081160724,3.0310378906731303
1.166446554092426,-0.8227980759401838,51.788660385576804,14.722383011416943,26.210765610674336,9.610725390702761,8.219781711088427,3.654183445118909
1.3126438125222553,-0.8227980759401838,55.69147452255565,16.97281070676381,28.18865911667522,11.265297999870343,8.840121134077842,4.338392563758317
1.4771647895120215,-0.8227980759401838,59.73225692331976,19.239005002395377,30.23173305597557,12.984598533395229,9.480189493133425,5.0664202387714665
1.6623060990028473,-0.8227980759401838,63.865137872231514,21.47366382664733,32.315109289877014,14.735308409159092,10.133795793785762,5.82846325259254
1.8706522023821734,-0.8227980759401838,68.1322325999849,23.681183629665874,34.463124744145716,16.526334747967983,10.809737961313314,6.632326967416054
2.1051114860111477,-0.8227980759401838,72.7302477849905,25.938616666771765,36.776827063751334,18.428982558266114,11.53300819542264,7.506393638034618
2.368956860549917,-0.8227980759401838,77.98476475461167,28.35969643095458,39.42240034844141,20.559383138725615,12.350815703130811,8.507798260618447
2.6658714488230206,-0.8227980759401838,84.23206805167226,31.01859139081256,42.57322801851729,23.02003496508984,13.331098079941382,9.720976069610698
3.0,-0.8227980759401838,91.83673931924005,33.94502165702542,46.393259764349054,25.874612238454667,14.51964871879296,11.20305701401583
-3.0,-0.772931525883203,38.61675360783885,7.02402899919769,19.492066485307298,4.299339934242618,6.063831362658345,1.5230210026729019
-2.6658714488230206,-0.772931525883203,30.38915447893229,2.759322303216262,15.343677036206287,1.6269034377283536,4.794930778061843,0.5659807883903031
-2.368956860549917,-0.772931525883203,24.322047509173622,0.5621546477759187,12.291490072905102,0.32294449748194803,3.84752029763101,0.10958259467000045
-2.1051114860111477,-0.772931525883203,19.934366896875822,0.0021422332345983736,10.081564249012093,0.0012251887110582798,3.161957341194111,0.00045631187434641725
-1.8706522023821734,-0.772931525883203,16.827556835406178,0.498306456119853,8.513281343359537,0.2785273014384965,2.673639242561934,0.09391318215910915
-1.6623060990028473,-0.772931525883203,14.688689500407389,1.4913273894377677,7.446104153791966,0.8169463107415141,2.339707088125397,0.27375352231189654
-1.4771647895120215,-0.772931525883203,13.323123963167923,2.5056538577781104,6.74708394403862,1.3753439847462066,2.1235551276330877,0.45622724823443517
-1.3126438125222553,-0.772931525883203,12.538372699076712,3.256022741116083,6.341058687538616,1.7920109128400874,1.9980540333840513,0.5912650139698725
-1.166446554092426,-0.772931525883203,12.134427456887344,3.697166088599549,6.151953362601573,2.0125854031149775,1.942944157364412,0.6582298144859825
-1.0365321883776653,-0.772931525883203,12.062750529830796,3.77963569860351,6.101593970121894,2.0743745565210627,1.9302130635262218,0.6744095600336381
-0.9210871889273549,-0.772931525883203,12.193607844436816,3.630046547713125,6.17478416699344,1.9850033286732682,1.9434406764020622,0.6576042981112236
-0.8185000129460304,-0.772931525883203,12.480932139854653,3.3163652833287633,6.314318764378316,1.822128791128142,1.9936936526786664,0.5963854066994836
-0.7273386051246984,-0.772931525883203,12.85383854356805,2.9381493877506113,6.507511845526979,1.6121625985226076,2.047942952384962,0.534780788526432
-0.6463304070095649,-0.772931525883203,13.307412978656533,2.5193854161860783,6.72651087787592,1.3947015322611678,2.1209437729118132,0.45880408777664383
-0.5743445928509872,-0.772931525883203,13.775129264859503,2.131673284020334,6.970266371508031,1.17660990647495,2.191020256885538,0.3928777173342896
-0.5103762839557767,-0.772931525883203,14.252169723901668,1.7789614368153195,7.215918879128082,0.98054960018209,2.270627690170004,0.32574745081531953
-0.4535325211846986,-0.772931525883203,14.734450104596304,1.4630222111404252,7.454511527733413,0.8113219539801317,2.3449713957721907,0.2700189435050157
-0.40301979977966995,-0.772931525883203,15.201208058639926,1.1933831564133714,7.6878615107349,0.6646537272790755,2.4153668133361883,0.2230501498074859
-0.35813299251433084,-0.772931525883203,15.642375953250625,0.9689670416224383,7.912623902470421,0.5398725232463973,2.4865446032385363,0.18095045663860249
-0.3182455065418344,-0.772931525883203,16.057910451038907,0.7829183911880656,8.124082747437672,0.4363619711520179,2.5538138420459333,0.14586262587786464
-0.2828005365353655,-0.772931525883203,16.44798036790769,0.629308122794551,8.320576863032043,0.3515720885886323,2.6146221628161963,0.1178675192678908
-0.2513032920204875,-0.772931525883203,16.810917185905748,0.5036807363819289,8.502458246938367,0.2823731019595664,2.670424084664006,0.09513904355675985
-0.22331409039755062,-0.772931525883203,17.145193811309973,0.4019863157584743,8.670305302934608,0.2260665587502732,2.7225618328171173,0.07635437235035683
-0.19844221923690444,-0.772931525883203,17.450649982177094,0.32027190028896996,8.824451385816198,0.18047333319678785,2.7710378510618634,0.06093024870428963
-0.17634048216824733,-0.772931525883203,17.728373816041465,0.25488485097124824,8.965208713244637,0.14376064053274215,2.815414808778388,0.0484732148963338
-0.15670035222800524,-0.772931525883203,17.98012400223456,0.20267097352453733,9.093078681524043,0.11434039804557337,2.855534858657259,0.0385349333706801
-0.13924766500838334,-0.772931525883203,18.207868386214287,0.16102387733504755,9.208779252363389,0.09084514616645359,2.8916006476444167,0.030642835190861053
-0.12373879148704055,-0.772931525883203,18.413551053639228,0.1278350475539381,9.313170286604853,0.07212331716573898,2.9239935026182056,0.024373635385213917
-0.10995723711238882,-0.772931525883203,18.599012836196273,0.10141117007599576,9.407166065464589,0.05722586897181855,2.9531146809003643,0.019384150752602327
-0.09771061966979347,-0.772931525883203,18.76597947345824,0.08039400944922817,9.491672871717817,0.04538250834965847,2.9793161123630107,0.015407366778807326
-0.0868279837415025,-0.772931525883203,18.916068494298745,0.0636937657874983,9.567554769972583,0.035973659012152534,3.00289109884845,0.012236489923818348
-0.07715741427178036,-0.772931525883203,19.05079607835738,0.050436104325336205,9.63561888641399,0.02850333682958334,3.024087481147004,0.009709522567727889
-0.06856391592404971,-0.772931525883203,19.17158018151686,0.03992018128841524,9.69661134589624,0.022575417699557628,3.0431226558648916,0.007697840259771803
-0.06092752862714207,-0.772931525883203,19.279741256111922,0.03158505058372157,9.751218098543257,0.0178739058577443,3.0601937798848247,0.006098379644848903
-0.0541416530048151,-0.772931525883203,19.37650251172138,0.024982522367892872,9.800067629465731,0.01414691823786724,3.0754830767070533,0.004828233062466828
-0.04811156231253989,-0.772931525883203,19.462990959445005,0.019755127568710073,9.843734237863115,0.011193813318761002,3.089159994655229,0.0038206949226955215
-0.04275308010908995,-0.772931525883203,19.540239718387017,0.0156182168507991,9.88274141037311,0.008854880286061935,3.1013818352710425,0.003022195081360633
-0.0379914052040221,-0.772931525883203,19.60919156943451,0.012345447826230089,9.917565157607964,0.007003084274211357,3.1122938685546875,0.0023898253872963937
-0.03376006747802295,-0.772931525883203,19.670703506654558,0.009757057314023964,9.948637292239674,0.00553745775229294,3.122029436322831,0.0018893096092763707
-0.03,-0.772931525883203,19.725551969132145,0.007710417585517138,9.976348645001329,0.004377810844735822,3.1307102265750197,0.0014933321145571695
0.03,-0.772931525883203,20.623704813385785,0.00778310623585841,10.430762878099122,0.00444559111837233,3.272622591579952,0.0015135242164633638
0.03376006747802295,-0.772931525883203,20.681391284956096,0.009861139986539216,10.459965880859908,0.005634007872384958,3.2817363407796334,0.0019187439073675345
0.0379914052040221,-0.772931525883203,20.746503957573175,0.012494649792167628,10.492926040066292,0.007140600181994055,3.292027729662521,0.002432916007418909
0.04275308010908995,-0.772931525883203,20.820026111272448,0.01583238122620366,10.530139231295752,0.009050716182531757,3.3036548942896826,0.0030855686958541602
0.04811156231253989,-0.772931525883203,20.903078499715203,0.02006301654931056,10.572170010676395,0.011472654881742707,3.3167988066200462,0.0039143373187752245
0.0541416530048151,-0.772931525883203,20.996940469971666,0.025425937756573376,10.619662079165069,0.014543865857774167,3.33166673645953,0.004967215881720183
0.06092752862714207,-0.772931525883203,21.103074735393783,0.03222489972134477,10.673350697342904,0.01843884594688116,3.3484959820121274,0.006305411927456084
0.06856391592404971,-0.772931525883203,21.2231564216789,0.0408453915625182,10.734077553255103,0.023379216471231597,3.367557594695854,0.008006922303100046
0.07715741427178036,-0.772931525883203,21.35910700218325,0.05177665220606355,10.802808722405157,0.029646613197872394,3.3891596179231014,0.010170925845820262
0.0868279837415025,-0.772931525883203,21.513133619765696,0.06563951374623474,10.880656460999793,0.037599211926299274,3.4136492122468307,0.012923038247894331
0.09771061966979347,-0.772931525883203,21.687773995059548,0.08322145069509833,10.968905510147636,0.04769293661380854,3.4414132768812853,0.01642142612744468
0.10995723711238882,-0.772931525883203,21.885946631844966,0.10552037525806911,11.069044089731182,0.06050860434907733,3.472878514409688,0.020863878197512554
0.12373879148704055,-0.772931525883203,22.111005542017963,0.133798800423221,11.182798388522665,0.07678631451506525,3.508515440730114,0.026496568717821672
0.13924766500838334,-0.772931525883203,22.36679893011193,0.16965003082769964,11.312166677694734,0.09746801758307044,3.5488573369770853,0.03362709749958553
0.15670035222800524,-0.772931525883203,22.657733797289694,0.21507832505016913,11.459445531800386,0.12374807303978513,3.594551861816633,0.04264785997720664
0.17634048216824733,-0.772931525883203,22.98885561703518,0.27259629235434557,11.62723914659987,0.1571298671706495,3.6464574424361125,0.054078745243604565
0.19844221923690444,-0.772931525883203,23.365964897184362,0.34534633582347374,11.818452396947386,0.19948635254192226,3.70575167902931,0.0686313670042772
0.22331409039755062,-0.772931525883203,23.79580234332196,0.4372585397963664,12.036303977671782,0.25313014412542595,3.7739169491867335,0.08726388465638418
0.2513032920204875,-0.772931525883203,24.28631216093381,0.5532579845389812,12.284460410422833,0.3209235803643153,3.852401495955107,0.11114128534459528
0.2828005365353655,-0.772931525883203,24.846892107544004,0.6995097128528316,12.567416003478657,0.4064915458340628,3.942057230887023,0.14145574761791632
0.3182455065418344,-0.772931525883203,25.488375336907243,0.8836207383965051,12.891019245063266,0.5145603691988654,4.0433592372275795,0.17941988888199678
0.35813299251433084,-0.772931525883203,26.222530635308384,1.1146676213321438,13.262416554079225,0.651189921351241,4.158446045380246,0.227074065540761
0.40301979977966995,-0.772931525883203,27.06158085447057,1.4031050401563603,13.688459027216272,0.8233588498552603,4.291958864773483,0.2880299123913239
0.4535325211846986,-0.772931525883203,28.01903076499833,1.7610229919973346,14.17407107665748,1.0381528997617042,4.4453449226994834,0.36508140657115146
0.5103762839557767,-0.772931525883203,29.110920493687846,2.202634779564729,14.72553410938012,1.3039586541154993,4.6166291451751444,0.45934912879146905
0.5743445928509872,-0.772931525883203,30.352617298634026,2.742868612967561,15.354689443720147,1.6328796579612963,4.814512080223591,0.5781896765402365
0.6463304070095649,-0.772931525883203,31.75521473509605,3.3950422135506617,16.06743834468817,2.0349810744865744,5.038573031918664,0.7244734518014591
0.7273386051246984,-0.772931525883203,33.3324475392527,4.173142588995443,16.862908194792993,2.51629198385739,5.287690693940828,0.9003266191999971
0.8185000129460304,-0.772931525883203,35.085929519644274,5.083676160470429,17.752725027528506,3.0899681998102255,5.5671444722547445,1.112433017565087
0.9210871889273549,-0.772931525883203,36.993954222122376,6.117485953507062,18.71914446255497,3.7490948921677543,5.871555322739087,1.3593690120611024
1.0365321883776653,-0.772931525883203,39.044778968287225,7.2665089537457295,19.757766135374656,4.492685434794819,6.195957557280321,1.6386471241899536
1.166446554092426,-0.772931525883203,41.17892794797459,8.49190038080975,20.838145251279155,5.298267484102443,6.536235017740386,1.947343823164537
1.3126438125222553,-0.772931525883203,43.35271802913587,9.760288569627932,21.93869667358761,6.146383780935024,6.881522431122566,2.2750918865693386
1.4771647895120215,-0.772931525883203,45.53215023142848,11.043113654111501,23.03879516166505,7.016488845159273,7.22608485151573,2.61498336092174
1.6623060990028473,-0.772931525883203,47.73928641516049,12.345596641729717,24.149438955408478,7.912867226108167,7.574944197242193,2.970641301779165
1.8706522023821734,-0.772931525883203,50.07255583534488,13.718732423627603,25.3221847707886,8.874405990931628,7.944146281770703,3.3581892048219046
2.1051114860111477,-0.772931525883203,52.71367405678496,15.260251843287502,26.650245192151573,9.976810496607131,8.358367797626979,3.804971705634916
2.368956860549917,-0.772931525883203,55.8813077731464,17.080869065712925,28.245498224382455,11.313054011902825,8.850089071375683,4.349570788256394
2.6658714488230206,-0.772931525883203,59.75782730749123,19.25310323220087,30.201296381103152,12.958974223299393,9.458233382059081,5.041125096492799
3.0,-0.772931525883203,64.52403476644866,21.821369938755634,32.594903552804304,14.969624323426075,10.202970903716743,5.910054468007055
-3.0,-0.7230649758262222,19.885338905995226,0.003136076207452561,10.054430365710106,0.0018503156553857875,3.1579626242172716,0.0005552714994506375
-2.6658714488230206,-0.7230649758262222,16.85991426795759,0.4879505168730772,8.53530809409324,0.2707930944378966,2.681406609329739,0.0909886540683186
-2.368956860549917,-0.7230649758262222,14.79452071409697,1.4263830403521156,7.492946558759945,0.7859165356412315,2.360472110151913,0.2592048875235103
-2.1051114860111477,-0.7230649758262222,13.443337490018711,2.4022448407520076,6.811134031949111,1.3162187546403508,2.1468759907250154,0.4336327879119196
-1.8706522023821734,-0.7230649758262222,12.629075307262632,3.1623032891566685,6.395861462078817,1.7313587221917415,2.0154889945659193,0.5710892671994623
-1.6623060990028473,-0.7230649758262222,12.20584873188243,3.6162723048934016,6.196718296438529,1.9587547743843405,1.9509767118686536,0.6481607176409795
-1.4771647895120215,-0.7230649758262222,12.115822484302827,3.7184479923371447,6.138459665933286,2.0290129916716686,1.9345716012893384,0.6688396991021985
-1.3126438125222553,-0.7230649758262222,12.256408007386261,3.5597719267794474,6.199473289170035,1.955475118871565,1.9544262797756609,0.6438693744340621
-1.166446554092426,-0.7230649758262222,12.511156856902668,3.2845170655605678,6.341708184919607,1.7912836663328982,2.0020223469187832,0.5866310729299542
-1.0365321883776653,-0.7230649758262222,12.891446335372429,2.901746019593774,6.521224602054685,1.5979195560067057,2.0602189575687087,0.5214610726055823
-0.9210871889273549,-0.7230649758262222,13.321465193672859,2.5071012566391517,6.744289863191813,1.3779624561617505,2.1216193026655263,0.458136575206998
-0.8185000129460304,-0.7230649758262222,13.790775122591851,2.1194385829023465,6.97679193082154,1.1711015776966462,2.1994552642154424,0.385383180772542
-0.7273386051246984,-0.7230649758262222,14.262677279463311,1.7716536681261332,7.218905805467566,0.9783051011498582,2.270194332411511,0.3260915441757556
-0.6463304070095649,-0.7230649758262222,14.747982573090624,1.4547171804936871,7.456315659847194,0.8101181780009097,2.3477785517843666,0.26804039098403765
-0.5743445928509872,-0.7230649758262222,15.206880724613436,1.1903142613474813,7.693773363637909,0.6611690842698844,2.4173466599915767,0.2218073307807598
-0.5103762839557767,-0.7230649758262222,15.64456299584492,0.9679249142832408,7.918274842954375,0.5369349658829926,2.4895606537884234,0.17928147342789277
-0.4535325211846986,-0.7230649758262222,16.0642672680675,0.7802551002396538,8.126579070262608,0.4352172449301965,2.554456890285842,0.1455484217015547
-0.40301979977966995,-0.7230649758262222,16.455659430102944,0.6264806783580783,8.322534511624527,0.35078057939701757,2.613849919932805,0.11820163049389468
-0.35813299251433084,-0.7230649758262222,16.81535156461905,0.5022452734344758,8.50559644565152,0.28125490234411343,2.6717104457451164,0.09464750715883809
-0.3182455065418344,-0.7230649758262222,17.146305108541572,0.4016699208997106,8.673867850297963,0.22494767398606166,2.725116363376848,0.0754931537144433
-0.2828005365353655,-0.7230649758262222,17.450917870296678,0.32020479787268047,8.827345548435964,0.1796717943544516,2.7726427007726775,0.06045239623642559
-0.2513032920204875,-0.7230649758262222,17.72979235289038,0.2545720764012584,8.96719626485657,0.14327504879218306,2.8156125663181806,0.04842117839939554
-0.22331409039755062,-0.7230649758262222,17.983276849580516,0.20205860049468846,9.094540901830543,0.11402513757315795,2.855183040291449,0.03861673155552689
-0.19844221923690444,-0.7230649758262222,18.212394664794967,0.16024880539741282,9.21017600714663,0.09057928613644314,2.8915244283885393,0.030658492707160402
-0.17634048216824733,-0.7230649758262222,18.41880560408415,0.12704111256497494,9.314768273165285,0.07185466324822874,2.924472356440082,0.024286679249846583
-0.15670035222800524,-0.7230649758262222,18.604444807484466,0.10068643143211187,9.409025257465252,0.056949638707845585,2.9540323799362835,0.019236719818982416
-0.13924766500838334,-0.7230649758262222,18.771241031367236,0.07977371841133159,9.493731502842213,0.045112050229296485,2.980436527032122,0.01524799294495988
-0.12373879148704055,-0.7230649758262222,18.920988142943056,0.06318100359829329,9.569710645567438,0.03572307308301617,3.004020176169775,0.012094193703644273
-0.10995723711238882,-0.7230649758262222,19.055316101351224,0.050019392438442584,9.637776638337614,0.028281332224370542,3.025116597583894,0.009594560988186937
-0.09771061966979347,-0.7230649758262222,19.175702668018218,0.039583858043689676,9.698700395309961,0.022385078615628825,3.0440131070066854,0.007609648193087429
-0.0868279837415025,-0.7230649758262222,19.283493371489545,0.031314064414584286,9.753194058884205,0.01771441215874064,3.06094760865826,0.006032174611576663
-0.07715741427178036,-0.7230649758262222,19.379918026033017,0.024764070136056943,9.801907078407789,0.014015339740884812,3.0761197130260958,0.004778647481936014
-0.06856391592404971,-0.7230649758262222,19.466102145534308,0.019578849144538335,9.845428289299942,0.011086393796308254,3.089702514898564,0.003783217750621553
-0.06092752862714207,-0.7230649758262222,19.543074788177726,0.01547587209965493,9.884290302744063,0.008767794045683234,3.1018506892336997,0.002993466226388407
-0.0541416530048151,-0.7230649758262222,19.611774599661555,0.01223049157893946,9.91897437471782,0.006932813093068007,3.112704989051825,0.0023674779944662635
-0.04811156231253989,-0.7230649758262222,19.673055220492923,0.009664262545258808,9.94991503601449,0.005480937691445096,3.1223944204151963,0.0018717077075244887
-0.04275308010908995,-0.7230649758262222,19.727690622891384,0.007635580615685886,9.977504296828197,0.004332455922026645,3.1310372424975683,0.0014793383153797442
-0.0379914052040221,-0.7230649758262222,19.77638055318581,0.0060321767521607575,10.002095441771434,0.0034241678505550627,3.1387415123595432,0.0011689732604946567
-0.03376006747802295,-0.7230649758262222,19.81975605728046,0.004765108165614926,10.024006481347849,0.0027059816060178007,3.1456055347438148,0.0009235763805048054
-0.03,-0.7230649758262222,19.858384991478786,0.003763956406499964,10.043523320009916,0.0021382093598138526,3.1517183565130673,0.000729608810005131
0.03,-0.7230649758262222,20.48488737177275,0.0037756937466468504,10.36048247017723,0.002155054737246979,3.2507047071547412,0.0007334465717512452
0.03376006747802295,-0.7230649758262222,20.52475622508053,0.00478205919882135,10.380664297163353,0.002729966360064832,3.2570034635085086,0.0009293501302033431
0.0379914052040221,-0.7230649758262222,20.56970641881667,0.00605672992796752,10.403416860414959,0.0034583099151447275,3.2641079422112025,0.0011777304282996138
0.04275308010908995,-0.7230649758262222,20.620397422702318,0.007671267904337017,10.429072748551443,0.004381042935661526,3.272124181975787,0.0014927270592732936
0.04811156231253989,-0.7230649758262222,20.677577509248252,0.009716336036568742,10.45800890885941,0.005550056713413553,3.281172985252748,0.0018923275870675303
0.0541416530048151,-0.7230649758262222,20.74209656832993,0.012306802785301146,10.490652990393377,0.007031098180910312,3.291392020764145,0.00239942263161162
0.06092752862714207,-0.7230649758262222,20.814920947089213,0.015588211332801569,10.527490782203467,0.008907479342424668,3.3029380403947672,0.0030431386181036697
0.06856391592404971,-0.7230649758262222,20.89715060611585,0.01974497302110328,10.569075018537871,0.011284794150359623,3.3159890122427202,0.0038605001887186967
0.07715741427178036,-0.7230649758262222,20.9900388452518,0.025010730083429807,10.616035893320454,0.014296928816041578,3.330745834043047,0.004898463084050444
0.0868279837415025,-0.7230649758262222,21.095014729951732,0.03168142640647796,10.669093666670223,0.018113735743081675,3.347433194347183,0.006216333157113678
0.09771061966979347,-0.7230649758262222,21.213708098871525,0.04013171634490188,10.729073668713859,0.022950838896953044,3.366299307500456,0.007888562722525241
0.10995723711238882,-0.7230649758262222,21.34797664616265,0.050835412005104205,10.796923632534833,0.029082125520768342,3.3876151267322543,0.01000795906573167
0.12373879148704055,-0.7230649758262222,21.499934173478803,0.06439070089717096,10.873732336730207,0.03685549090815293,3.411675951648563,0.012689629213420928
0.13924766500838334,-0.7230649758262222,21.671979151091765,0.08155087447696524,10.960746741370532,0.046712213374518564,3.4388125146908948,0.01607682778426363
0.15670035222800524,-0.7230649758262222,21.866824227529822,0.10326142499013087,11.059382417997762,0.05920979315944714,3.4694228032820797,0.020351450455150175
0.17634048216824733,-0.7230649758262222,22.087531738780662,0.13070495262245507,11.171221169400207,0.07504725730471978,3.504031839132931,0.025753223308738842
0.19844221923690444,-0.7230649758262222,22.337567925563413,0.16535691712934544,11.297996105818894,0.09509179884968412,3.543357173879884,0.03260843968804102
0.22331409039755062,-0.7230649758262222,22.620893912026474,0.20905775980650174,11.44158735198657,0.12040913511580827,3.588292529305739,0.04135382883757535
0.2513032920204875,-0.7230649758262222,22.942095741794386,0.2641070424678813,11.604091662052525,0.1523111996701968,3.639682145657238,0.05251645909959696
0.2828005365353655,-0.7230649758262222,23.306490366531097,0.3333736042754478,11.788040841594897,0.19244918181880433,3.6979574649858815,0.06662924589136417
0.3182455065418344,-0.7230649758262222,23.720042955574183,0.4203836539355767,11.996695277591572,0.24296073106682606,3.7632792843178153,0.08422509433726824
0.35813299251433084,-0.7230649758262222,24.18896350098044,0.529324377090707,12.233943879843066,0.30656159333264515,3.836817758759941,0.10619880776776608
0.40301979977966995,-0.7230649758262222,24.719294046751337,0.6649834961447647,12.503232624991275,0.3863330878978179,3.9212237327938593,0.13413027680558962
0.4535325211846986,-0.7230649758262222,25.31724944728731,0.8328274191941276,12.806509917729676,0.48532259764368685,4.017028726899512,0.16918457198228076
0.5103762839557767,-0.7230649758262222,25.989711583808642,1.0391500716518616,13.146193000945486,0.6070392907911949,4.122566757202205,0.21171748830148784
0.5743445928509872,-0.7230649758262222,26.742010695261055,1.2903296779012436,13.527440195411435,0.7564276747930442,4.242508503351172,0.2647668991822686
0.6463304070095649,-0.7230649758262222,27.575519650346486,1.591613363791459,13.950941345932616,0.937109199630094,4.375700853092719,0.3291995368118704
0.7273386051246984,-0.7230649758262222,28.49091644300746,1.94774673111201,14.412664359180742,1.150424932273641,4.520356010432863,0.4053357347855965
0.8185000129460304,-0.7230649758262222,29.47956948482808,2.359043804589337,14.91435714889034,1.399930323361925,4.678018233511312,0.49511920941155624
0.9210871889273549,-0.7230649758262222,30.518424235491693,2.8177775046945293,15.440388369414565,1.6796420443059494,4.843802960332137,0.5966302096348938
1.0365321883776653,-0.7230649758262222,31.588966241128862,3.315642264200064,15.982385259707664,1.9854733612089204,5.013328215870357,0.707406261316928
1.166446554092426,-0.7230649758262222,32.65339689787646,3.8328838685868547,16.520977049601345,2.305481820475025,5.183045869869306,0.8248538429742596
1.3126438125222553,-0.7230649758262222,33.69287876951224,4.356720752031277,17.046499347122523,2.6317812761565755,5.347978514253168,0.9448162448378392
1.4771647895120215,-0.7230649758262222,34.712508757030044,4.886255373830162,17.560048808916655,2.9628591374580715,5.508741816967987,1.0668929603768325
1.6623060990028473,-0.7230649758262222,35.757325966950965,5.442908394025881,18.084839253832886,3.3125486599465055,5.6738076255084335,1.1971711373234508
1.8706522023821734,-0.7230649758262222,36.90969603596741,6.071037736031699,18.663344795112714,3.7101217413893934,5.8559937810746066,1.346374153477024
2.1051114860111477,-0.7230649758262222,38.27828067935357,6.833206204617282,19.351396192327318,4.197811554540808,6.070092627849262,1.5284435856671255
2.368956860549917,-0.7230649758262222,39.97086465628806,7.795187091438121,20.204237020494812,4.821984523556408,6.332119702931276,1.7603495109820986
2.6658714488230206,-0.7230649758262222,42.06351508320829,9.006147612773182,21.260088917705644,5.620460475161248,6.660177748740252,2.063405491074748
3.0,-0.7230649758262222,44.62998458889753,10.511275915819501,22.54831521353144,6.626106259958828,7.061087012793884,2.4507227956954574
-3.0,-0.6731984257692414,12.668068276214019,3.122596237199034,6.4200436154487965,1.7050490328491998,2.0376565999978973,0.5461155043541163
-2.6658714488230206,-0.6731984257692414,12.473104782435382,3.3246481577043836,6.327782000452914,1.8069215268459513,1.9976712718577014,0.591713288985288
-2.368956860549917,-0.6731984257692414,12.514871634133375,3.280617562698683,6.345339342092186,1.7872215795006683,2.005641252812469,0.5824266993419902
-2.1051114860111477,-0.6731984257692414,12.706860580623585,3.083437914239937,6.440596187166354,1.68290420928034,2.03304239782009,0.5512519344628054
-1.8706522023821734,-0.6731984257692414,13.004055879767161,2.7945927740291707,6.5861542049362365,1.531632690392564,2.0761440465871677,0.504514124879987
-1.6623060990028473,-0.6731984257692414,13.364610467613822,2.4696361826831303,6.77826247011152,1.3463482896238446,2.133853721438913,0.44615708747015137
-1.4771647895120215,-0.6731984257692414,13.795314965465355,2.115897200321854,6.985971718808861,1.1633811498552444,2.1996153567045913,0.3852418317644433
-1.3126438125222553,-0.6731984257692414,14.257790713758578,1.7750497545266986,7.21266343659118,0.9829995970499823,2.2706274027374787,0.32574767896601226
-1.166446554092426,-0.6731984257692414,14.702490531916567,1.4827547036785802,7.445715922931337,0.817206613597246,2.345136948012967,0.26990200989564095
-1.0365321883776653,-0.6731984257692414,15.157013104102031,1.217460002593271,7.667381062893666,0.6768121543522049,2.4153901048944477,0.22303550451993787
-0.9210871889273549,-0.6731984257692414,15.589148697641088,0.994539894140021,7.889059631160936,0.5522256875478191,2.4795034539981544,0.18488252159376659
-0.8185000129460304,-0.6731984257692414,16.004053464098718,0.8056998949883315,8.095898766596077,0.44940915541318915,2.547017577590068,0.14920755215999604
-0.7273386051246984,-0.6731984257692414,16.389008568718562,0.6512706321196027,8.292428904802204,0.36306718510565616,2.605506286839934,0.12184616205431377
-0.6463304070095649,-0.6731984257692414,16.75670750889607,0.521420353343011,8.473787652887102,0.292706408585684,2.663997094138481,0.0976164830020065
-0.5743445928509872,-0.6731984257692414,17.08989732349772,0.41790879331545283,8.645205656169622,0.2340382791810103,2.714934304920677,0.07895837969841753
-0.5103762839557767,-0.6731984257692414,17.3956434686675,0.33421771565325403,8.80147087158938,0.18690830245447965,2.764841632528345,0.06279471157413655
-0.4535325211846986,-0.6731984257692414,17.67880850761267,0.2659474764685771,8.942472836329532,0.1493797560918746,2.808754504716911,0.05024360368906315
-0.40301979977966995,-0.6731984257692414,17.936267526770553,0.2112947174588611,9.071575328004831,0.11903139807974898,2.848083939794987,0.04028735409643911
-0.35813299251433084,-0.6731984257692414,18.168245313466578,0.16789571389320895,9.189474001239692,0.09456283470588765,2.885250642922111,0.03196202450855457
-0.3182455065418344,-0.6731984257692414,18.377941418301997,0.13328575383871655,9.295965126131438,0.0750498699020076,2.9189395868457657,0.02530148169806988
-0.2828005365353655,-0.6731984257692414,18.56790550705359,0.10561508960287432,9.391707252137532,0.05955018828972012,2.948613638325842,0.0201158793270675
-0.2513032920204875,-0.6731984257692414,18.739492251303073,0.08355536773619882,9.477846083313848,0.04722116533681925,2.975138029785577,0.01600936345809297
-0.22331409039755062,-0.6731984257692414,18.89373893458426,0.06604860412280011,9.555397709410597,0.03740393694399507,2.9992472929817198,0.01270165169253366
-0.19844221923690444,-0.6731984257692414,19.03188416718241,0.05219930590890985,9.625128287413043,0.02959560071141738,3.021136043419668,0.010043176789755071
-0.17634048216824733,-0.6731984257692414,19.15536972818335,0.04125707089763176,9.68767378039141,0.023399201602802816,3.040809389277264,0.00792941117840325
-0.15670035222800524,-0.6731984257692414,19.26567394769653,0.03261181995859709,9.743640575742823,0.01849240002622984,3.0583465188472267,0.006262191945860352
-0.13924766500838334,-0.6731984257692414,19.36418561968886,0.02577853807722374,9.793632889395827,0.014612192078354383,3.0739302285970695,0.004950283459819998
-0.12373879148704055,-0.6731984257692414,19.452154567603294,0.020375469703295478,9.838240399255364,0.011545838501993312,3.0877849046386374,0.003916534140540897
-0.10995723711238882,-0.6731984257692414,19.530690269005127,0.01610260568408014,9.878019293656422,0.009123101863251803,3.100124433424273,0.003099934492965935
-0.09771061966979347,-0.6731984257692414,19.600778507834193,0.012723684426570812,9.91348033032433,0.007208821714401917,3.111131719209527,0.0024535757827988678
-0.0868279837415025,-0.6731984257692414,19.663299965833932,0.010052146266248977,9.945085043256897,0.005696141855234202,3.1209584856828254,0.0019414417146144227
-0.07715741427178036,-0.6731984257692414,19.719045321758998,0.007940389035953205,9.97324719803537,0.004500718296371226,3.129732113847321,0.0015355872926416149
-0.06856391592404971,-0.6731984257692414,19.768726438022835,0.006271517322820285,9.99833664476339,0.003555985577509373,3.1375625119256876,0.0012140706545247378
-0.06092752862714207,-0.6731984257692414,19.812984720720006,0.00495293305443293,10.020683810756998,0.0028093852530632706,3.144546907289182,0.0009595167309457083
-0.0541416530048151,-0.6731984257692414,19.852397768026766,0.00391130212101986,10.040584009366361,0.002219395311804737,3.150772672907445,0.0007581068612735727
-0.04811156231253989,-0.6731984257692414,19.88748505748849,0.003088572735668615,10.058301287728073,0.0017531982561763155,3.156318876774656,0.000598837131314087
-0.04275308010908995,-0.6731984257692414,19.918713080176484,0.0024388139481064963,10.074071787692658,0.001384849440701302,3.1612571601504746,0.0004729497009010381
-0.0379914052040221,-0.6731984257692414,19.94650010630283,0.0019257022258787728,10.088106681523366,0.0010938355068398232,3.165652323937704,0.0003734834934453257
-0.03376006747802295,-0.6731984257692414,19.97122064766344,0.0015205236237383413,10.100594757650416,0.0008639375162440223,3.169562816074135,0.0002949138127653151
-0.03,-0.6731984257692414,19.99320962975061,0.001200587140260203,10.111704719917816,0.0006823329571206471,3.1730411988855867,0.0002328619394695205
0.03,-0.6731984257692414,20.346506383441344,0.0011972344874461196,10.29042280946261,0.0006827114904410918,3.2288554594490235,0.00023231830799898417
0.03376006747802295,-0.6731984257692414,20.368783963546505,0.001515807141031927,10.301697984252304,0.0008644705161928856,3.232374896563106,0.00029422402897772223
0.0379914052040221,-0.6731984257692414,20.393872192612303,0.0019190892397986372,10.314394998173034,0.001094583531951688,3.236339846099423,0.00037264802670123796
0.04275308010908995,-0.6731984257692414,20.422128266715113,0.0024295803606793217,10.328694039587731,0.0013858947919638777,3.240807661336271,0.0004720125771732195
0.04811156231253989,-0.6731984257692414,20.453955496228826,0.0030757462852582015,10.34479835063492,0.0017546511369518317,3.2458433426807716,0.0005979310225267755
0.0541416530048151,-0.6731984257692414,20.489809452343817,0.003893597089589333,10.362937271097843,0.002221400299660633,3.251520545337541,0.0007575292984367051
0.06092752862714207,-0.6731984257692414,20.530204959754634,0.004928680371972274,10.383369746639612,0.0028121265786247,3.257922618609,0.0009598503853962928
0.06856391592404971,-0.6731984257692414,20.575724021488753,0.006238596402029194,10.406388406305272,0.0035596880197073834,3.265143571042931,0.0012163568928160097
0.07715741427178036,-0.6731984257692414,20.627024724638925,0.007896166316549087,10.432324338415198,0.004505637585452182,3.2732887869069915,0.001541543765125343
0.0868279837415025,-0.6731984257692414,20.68485109144702,0.009993410796306347,10.46155269945341,0.005702533757134183,3.282475271683802,0.0019536658864700573
0.09771061966979347,-0.6731984257692414,20.750043686695324,0.01264652156304957,10.494499232930929,0.00721687197797887,3.292831282774017,0.0024755781869773
0.10995723711238882,-0.6731984257692414,20.823550564398335,0.016002025810525473,10.531647566808655,0.00913279012508025,3.304495631056715,0.003135697335030396
0.12373879148704055,-0.6731984257692414,20.906437894405478,0.020244348340351034,10.573546662932952,0.011556699999872239,3.3176180584283066,0.003969173145607917
0.13924766500838334,-0.6731984257692414,20.999899569399865,0.02560497053941132,10.620816887271047,0.014622936549305745,3.3323640871471154,0.005019588641191961
0.15670035222800524,-0.6731984257692414,21.10526573088139,0.032373402998226615,10.674151997611274,0.018500353597002136,3.3489296557689556,0.006341937150606565
0.17634048216824733,-0.6731984257692414,21.22401212923392,0.04091032414822923,10.734313925360293,0.023399546219863687,3.367568697228627,0.008007970437158311
0.19844221923690444,-0.6731984257692414,21.35777561350484,0.0516636308276046,10.802120339624688,0.029580316717267865,3.3886223877497192,0.010114096666590258
0.22331409039755062,-0.6731984257692414,21.50838302870389,0.0651887502711968,10.878435896202314,0.03735993120398422,3.4125076360382782,0.012787757919047486
0.2513032920204875,-0.6731984257692414,21.677892402941033,0.08217444192821396,10.964196561436403,0.047125723426278805,3.4396048746369923,0.01618144678910103
0.2828005365353655,-0.6731984257692414,21.868613584312296,0.10347183930570276,11.06049989032366,0.059359337872694394,3.4700827148018347,0.020448840134796926
0.3182455065418344,-0.6731984257692414,22.083028478365957,0.1301152364123731,11.16872081165031,0.07467410429127799,3.5039658955788395,0.0257423644111265
0.35813299251433084,-0.6731984257692414,22.323549366451886,0.16331583881756176,11.290428152391517,0.09383383651707565,3.5417312896427453,0.03231010997234321
0.40301979977966995,-0.6731984257692414,22.59225861257063,0.20443125554060884,11.426842545242158,0.11768374445980298,3.584497711919689,0.04057825794578653
0.4535325211846986,-0.6731984257692414,22.89096196244017,0.2549604921405556,11.57832025263859,0.1470260664866078,3.6323306634500594,0.050844980204085184
0.5103762839557767,-0.6731984257692414,23.22125401603299,0.31653771997221836,11.745212525419038,0.18273004726049022,3.6842359672413436,0.06316968381657236
0.5743445928509872,-0.6731984257692414,23.583359404566952,0.39066295250567046,11.928735356824452,0.22593994579984547,3.7419815923944872,0.07828578528623971
0.6463304070095649,-0.6731984257692414,23.97492751458597,0.4782792460983107,12.127610382103219,0.2772628888625205,3.8045548773391307,0.09628183226139951
0.7273386051246984,-0.6731984257692414,24.392097529453945,0.5797658051643393,12.33809367711195,0.33647953629241123,3.8705452346233082,0.11701919157849225
0.8185000129460304,-0.6731984257692414,24.82598638763316,0.6938040483260701,12.558216973091216,0.4035758569628525,3.939782941162086,0.14064791448748656
0.9210871889273549,-0.6731984257692414,25.261595154791458,0.8165671615929574,12.77869061551017,0.4758528257527225,4.009318123260905,0.16623556692940167
1.0365321883776653,-0.6731984257692414,25.68652487107763,0.9439117452229937,12.993699270709312,0.551024288285801,4.076725493563698,0.19275232213706828
1.166446554092426,-0.6731984257692414,26.085845107040996,1.0700850351857278,13.195592850947714,0.6256529571336265,4.140382287455866,0.21928699296408027
1.3126438125222553,-0.6731984257692414,26.458360223702027,1.1932096965556616,13.383532851305542,0.6985087338014809,4.199380020559614,0.24513241100758704
1.4771647895120215,-0.6731984257692414,26.819418236083663,1.3173247610914027,13.56486814125947,0.7717875134618636,4.256079889000331,0.2710722576159052
1.6623060990028473,-0.6731984257692414,27.199837490753893,1.4529660353458698,13.755530492909568,0.8518855122907469,4.316125005904417,0.29968433201801026
1.8706522023821734,-0.6731984257692414,27.639392256911954,1.6156352037210349,13.975897192147162,0.9482155056223933,4.385566721648657,0.3341933005968802
2.1051114860111477,-0.6731984257692414,28.180418054363084,1.8241500104409232,14.247902454519267,1.0724367821039502,4.469977116147144,0.37811916277494223
2.368956860549917,-0.6731984257692414,28.85919645314246,2.0978838768598544,14.59014292402795,1.2366619433951618,4.574536316356946,0.43541509712898097
2.6658714488230206,-0.6731984257692414,29.69625099733996,2.4525867722673746,15.012108349398865,1.450557482674093,4.705427675690401,0.5114143981556656
3.0,-0.6731984257692414,30.71091498098346,2.9055087693102566,15.52074327540889,1.7238949878054473,4.863881976429355,0.6093930636267109
-3.0,-0.6233318757122605,17.137463222218024,0.40419119094491773,8.675580731603853,0.22441082284115674,2.729609477957213,0.07399157892915706
-2.6658714488230206,-0.6233318757122605,17.36498868646769,0.34213479039198136,8.78944344276368,0.19032629416839023,2.764913986870881,0.06277276076100334
-2.368956860549917,-0.6233318757122605,17.590335702145612,0.28634531136561686,8.902458444733231,0.15955827048762816,2.799677092234555,0.05271251727785053
-2.1051114860111477,-0.6233318757122605,17.809120491880567,0.2374184060316184,9.012172116491657,0.13252718092434992,2.8335356875515916,0.04383113092678638
-1.8706522023821734,-0.6233318757122605,18.018318815171348,0.19532072880140508,9.117196905454458,0.10920081522295787,2.8658553330775054,0.03617703037410952
-1.6623060990028473,-0.6233318757122605,18.216200594990994,0.1595986557210538,9.216349713893536,0.08940920493061,2.8963038969940906,0.02968494602076885
-1.4771647895120215,-0.6233318757122605,18.400981152349583,0.12974510324758193,9.309360319129553,0.07276601405863609,2.9248156698096954,0.0242244379637519
-1.3126438125222553,-0.6233318757122605,18.57240099523924,0.1050019142088439,9.39564881737503,0.05895288047927853,2.951315269465383,0.01967495881287737
-1.166446554092426,-0.6233318757122605,18.730901424989796,0.08459462845522273,9.47522149423921,0.047574533557420015,2.97576626621097,0.015918069471752845
-1.0365321883776653,-0.6233318757122605,18.876019714284432,0.0679493632537834,9.54838009598245,0.03824289390095965,2.998291104787668,0.012825220591127876
-0.9210871889273549,-0.6233318757122605,19.008626507805964,0.05441128637377488,9.615088342696229,0.03066104580199552,3.0189567254797516,0.010293311076780741
-0.8185000129460304,-0.6233318757122605,19.129166213378756,0.04346674428187139,9.675850347264191,0.024512576877229603,3.0376808099854706,0.008248259756840829
-0.7273386051246984,-0.6233318757122605,19.238503147402316,0.03464336465775528,9.730915494938682,0.019555569394973077,3.0547587693333718,0.006586755147648372
-0.6463304070095649,-0.6233318757122605,19.337172449484658,0.027569616760123268,9.780724363301934,0.015568990876422412,3.07015363159353,0.0052536598579060725
-0.5743445928509872,-0.6233318757122605,19.426218220780544,0.02190041006364788,9.825578727187505,0.012378501335304702,3.0840977952970063,0.004179525755374108
-0.5103762839557767,-0.6233318757122605,19.506311645437137,0.017373690738271517,9.865949914903311,0.00982730641033528,3.096606703308464,0.003322785611431485
-0.4535325211846986,-0.6233318757122605,19.578151827188034,0.013769969616446507,9.902224970405626,0.007791472110096552,3.1078727905672436,0.002636914745594442
-0.40301979977966995,-0.6233318757122605,19.642535065303104,0.01090377195610955,9.934727317828965,0.0061718923207176755,3.1179874850890816,0.002089847663634746
-0.35813299251433084,-0.6233318757122605,19.700171042495,0.008626983937131622,9.963804802505251,0.004885575619688696,3.127023409814184,0.0016557323747247
-0.3182455065418344,-0.6233318757122605,19.751683924670125,0.006821451602570352,9.989798311310095,0.003864815765635522,3.1351035770915936,0.001310912481339342
-0.2828005365353655,-0.6233318757122605,19.797663103809228,0.005391540494682856,10.013013313879743,0.003055605295473039,3.142332466839418,0.0010369439109804868
-0.2513032920204875,-0.6233318757122605,19.838668915268325,0.004260000026988029,10.033724751166808,0.002414811300675227,3.148786919407474,0.0008197444601122286
-0.22331409039755062,-0.6233318757122605,19.875219163684626,0.0033650150782998335,10.052186035304953,0.0019078359141281409,3.1545388445931883,0.0006478891211093041
-0.19844221923690444,-0.6233318757122605,19.907782524829862,0.0026574296487640553,10.068631189592766,0.0015069736305195563,3.1596611434406032,0.0005119981122666314
-0.17634048216824733,-0.6233318757122605,19.936780458668657,0.002098232440748195,10.083273929897096,0.001190138223485021,3.16422269758449,0.00040453966884139263
-0.15670035222800524,-0.6233318757122605,19.962592085028128,0.001656470615074484,10.096307369575165,0.0009397880105844529,3.1682848604879186,0.00031956374573330944
-0.13924766500838334,-0.6233318757122605,19.985558751118383,0.0013075909582086034,10.107904988577568,0.0007420186869028794,3.171901454129739,0.0002523826440442951
-0.12373879148704055,-0.6233318757122605,20.005987634102517,0.0010321299746111768,10.11822226874112,0.0005858189622322874,3.175120111831088,0.00019929062696789942
-0.10995723711238882,-0.6233318757122605,20.024154690885325,0.0008146734437213525,10.127398443342019,0.0004624727243350062,3.1779834724755758,0.00015734927836534405
-0.09771061966979347,-0.6233318757122605,20.040307305735155,0.0006430256594903772,10.135558119740859,0.000365083446869011,3.180529909150013,0.00012422672303923153
-0.0868279837415025,-0.6233318757122605,20.054666804648793,0.0005075452179225441,10.142812729470593,0.0002881967363134182,3.1827939522589808,9.807388075060172e-05
-0.07715741427178036,-0.6233318757122605,20.067430871734082,0.00040061474649998854,10.149261828289474,0.0002275007168570379,3.184806592736127,7.742647267109034e-05
-0.06856391592404971,-0.6233318757122605,20.078775847985483,0.0003162186409041846,10.154994275394047,0.00017958813425671442,3.1865955612490655,6.112638133952316e-05
-0.06092752862714207,-0.6233318757122605,20.08885888445136,0.0002496076581350486,10.160089311018044,0.00014176751925129257,3.1881856105520034,4.825846405246193e-05
-0.0541416530048151,-0.6233318757122605,20.09781993090513,0.00019703305004944394,10.164617542598346,0.00011191340851773671,3.1895987980054845,3.809998441183476e-05
-0.04811156231253989,-0.6233318757122605,20.10578355286187,0.00015553614259974759,10.168641845012104,8.834766103101463e-05,3.190854758396172,3.0080335592069467e-05
-0.04275308010908995,-0.6233318757122605,20.11286057891284,0.00012278197648258514,10.172218178933429,6.974550569302058e-05,3.191970959276817,2.3749083524739333e-05
-0.0379914052040221,-0.6233318757122605,20.119149586115647,9.692787951390921e-05,10.175396331458309,5.506122976394101e-05,3.1929629348253035,1.875067594236429e-05
-0.03376006747802295,-0.6233318757122605,20.124738234272577,7.651968602745951e-05,10.178220583706485,4.346944246160337e-05,3.193844497174598,1.4804456803761346e-05
-0.03,-0.6233318757122605,20.12970446124712,6.040981387627926e-05,10.180730310606886,3.431867333886347e-05,3.19462792591909,1.1688885531778363e-05
0.03,-0.6233318757122605,20.208918560256315,6.013490819299886e-05,10.220764506481867,3.4179569253449594e-05,3.207131183284593,1.1655247984461351e-05
0.03376006747802295,-0.6233318757122605,20.213878228700906,7.612753804928995e-05,10.223271362054634,4.327111541970337e-05,3.2079144067070526,1.4756214152650515e-05
0.0379914052040221,-0.6233318757122605,20.219458501694877,9.636835141208609e-05,10.226091962118621,5.477843175874444e-05,3.2087956683461423,1.868139172976688e-05
0.04275308010908995,-0.6233318757122605,20.22573679306331,0.0001219833861750203,10.229265463870227,6.934219738837819e-05,3.2097872015627384,2.364942399461997e-05
0.04811156231253989,-0.6233318757122605,20.232800076592437,0.0001543959309002044,10.232835866750136,8.77723770611224e-05,3.2109027508756403,2.9936734584159586e-05
0.0541416530048151,-0.6233318757122605,20.240746026434085,0.00019540435369297922,10.236852591530457,0.0001110926140584784,3.212157753395356,3.7892687113521926e-05
0.06092752862714207,-0.6233318757122605,20.24968427632665,0.00024727996161986196,10.241371119420187,0.0001405960725172522,3.2135695409448863,4.7958673535459614e-05
0.06856391592404971,-0.6233318757122605,20.259737802399822,0.0003128898517639743,10.246453692870524,0.0001779155669191397,3.2151575653969635,6.0692133023432e-05
0.07715741427178036,-0.6233318757122605,20.2710444307383,0.00039585083110354005,10.252170077390105,0.00022511144910389728,3.2169436500672877,7.679675380812722e-05
0.0868279837415025,-0.6233318757122605,20.28375846506472,0.0005007217841021461,10.258598380136107,0.00028478145415734434,3.2189522695478106,9.716041398110707e-05
0.09771061966979347,-0.6233318757122605,20.29805242060992,0.0006332433344123973,10.265825916164614,0.00036019752698284417,3.22121085743282,0.00012290275679858556
0.10995723711238882,-0.6233318757122605,20.314118835148864,0.0008006352171104444,10.273950107002467,0.00045547553909459703,3.223750132526542,0.00015543459914457543
0.12373879148704055,-0.6233318757122605,20.332172102803167,0.0010119632793579906,10.283079388625133,0.0005757847141665047,3.226604414194122,0.00019653145277689695
0.13924766500838334,-0.6233318757122605,20.352450231977542,0.001278589078015582,10.293334095700372,0.0007276044139049243,3.2298118634798128,0.00024842296569066913
0.15670035222800524,-0.6233318757122605,20.375216350711796,0.0016147148380894734,10.304847269475756,0.0009190364314168543,3.2334145506400724,0.0003138987835838613
0.17634048216824733,-0.6233318757122605,20.40075964903333,0.002038033521450125,10.317765286900423,0.0011601803174462438,3.237458264951359,0.00039642981989784277
0.19844221923690444,-0.6233318757122605,20.42939523857141,0.0025704852840832265,10.332248080369634,0.0014635753998469608,3.2419921557325746,0.000500305475251829
0.22331409039755062,-0.6233318757122605,20.461462133533225,0.003239104018071642,10.348468439497942,0.0018447013412393031,3.2470686721614483,0.0006307977473984995
0.2513032920204875,-0.6233318757122605,20.49731828890934,0.004076907467966351,10.366609445597202,0.0023225022890893086,3.252744420633527,0.00079437824038431
0.2828005365353655,-0.6233318757122605,20.537331469613576,0.005123739131532985,10.386858766753221,0.0029198561512422134,3.2590811126685786,0.0009989853030617152
0.3182455065418344,-0.6233318757122605,20.58186444772124,0.006426900176659622,10.409399108159592,0.0036638725293814066,3.26614206501622,0.0012541801646901902
0.35813299251433084,-0.6233318757122605,20.631251454255853,0.008041265151991918,10.434395878315426,0.004585910273695565,3.2739800352860007,0.0015708844263636172
0.40301979977966995,-0.6233318757122605,20.685758402207938,0.010028240615678544,10.4619824598636,0.0057211626327759845,3.2826281594270124,0.0019609300166131827
0.4535325211846986,-0.6233318757122605,20.74551515758409,0.012452385404973723,10.492232451703945,0.007107099450270942,3.292111586306926,0.002437351126777727
0.5103762839557767,-0.6233318757122605,20.810414854248236,0.015374228232997333,10.52509712676022,0.008778982039293688,3.3024308617907985,0.003013292668158653
0.5743445928509872,-0.6233318757122605,20.879987239732074,0.018838028643797942,10.56032333260308,0.01076175269139194,3.3134909890298134,0.0036967178910548306
0.6463304070095649,-0.6233318757122605,20.953233024280728,0.022852296512816377,10.597404270650765,0.013060518096436432,3.3251432633242186,0.004490237977613417
0.7273386051246984,-0.6233318757122605,21.028427953528816,0.027362077056091054,10.63548141398448,0.015645081082041417,3.3371242243719244,0.005384211267007838
0.8185000129460304,-0.6233318757122605,21.103072651246936,0.03222475861637702,10.673251945873904,0.01843127264773639,3.3490218819226807,0.006349717872492651
0.9210871889273549,-0.6233318757122605,21.17411122591662,0.037206347065629086,10.709178874311517,0.021285392922411384,3.360354085876892,0.007340849929736775
1.0365321883776653,-0.6233318757122605,21.23862189317564,0.042026543212313486,10.74176879344783,0.024045075040944722,3.3706474617967506,0.008301173552720106
1.166446554092426,-0.6233318757122605,21.295255902895377,0.046488906241225404,10.770332857010967,0.026596424673792186,3.3796547240959947,0.00918810758591305
1.3126438125222553,-0.6233318757122605,21.345498550670328,0.05062696949973417,10.795611103065687,0.028956938004327644,3.3875799751954254,0.01000426477488679
1.4771647895120215,-0.6233318757122605,21.393880639493855,0.05477010469594939,10.819853846270789,0.031310794752936674,3.3951351617597165,0.010813327479476652
1.6623060990028473,-0.6233318757122605,21.446644700338172,0.059464449048436716,10.846169721210746,0.03396518847357774,3.4033829192908573,0.011730950370047127
1.8706522023821734,-0.6233318757122605,21.509998121978317,0.06534183501318187,10.877794993426754,0.037291004729922854,3.4133939633468544,0.012892731413747633
2.1051114860111477,-0.6233318757122605,21.589321855159202,0.07306850312878443,10.917742206375353,0.04170252075232635,3.425770836651697,0.014401342641209503
2.368956860549917,-0.6233318757122605,21.688647743905502,0.08331432819159983,10.967966957352877,0.047579628077139904,3.4407623566588845,0.016334854087531735
2.6658714488230206,-0.6233318757122605,21.80917577144524,0.09658929088615237,11.028107485587133,0.0550964140820191,3.459278978737659,0.01888211367916601
3.0,-0.6233318757122605,21.951186858950056,0.11339782802417414,11.098851833293628,0.06459873788964036,3.481598108868162,0.022183543094667954
-3.0,-0.5734653256552796,33.34697538441255,4.180503358469505,16.847808821649483,2.506863757084859,5.24210870224866,0.8671744292136259
-2.6658714488230206,-0.5734653256552796,31.576465318199343,3.3096935260916687,15.940741263919504,1.9613786351013882,4.989459825089613,0.6914027939421477
-2.368956860549917,-0.5734653256552796,30.05193222948688,2.608626127525776,15.179785698491363,1.538859545341877,4.747365152751978,0.5367262758628057
-2.1051114860111477,-0.5734653256552796,28.773352098304798,2.0625522450212284,14.537438805335057,1.2108158376526923,4.551926069669215,0.4227619243246429
-1.8706522023821734,-0.5734653256552796,27.688954227054904,1.6343632237319503,13.99749194613683,0.9578660439833759,4.387242373797422,0.3350444149277001
-1.6623060990028473,-0.5734653256552796,26.772863584726455,1.3010643677116482,13.517045472428475,0.7521833470259754,4.24019656539477,0.26369877108935946
-1.4771647895120215,-0.5734653256552796,25.94122495606694,1.0236807785189381,13.112776911057576,0.5945770508213581,4.111447486504955,0.20704921144659524
-1.3126438125222553,-0.5734653256552796,25.20561615969652,0.800341683817265,12.75107843467884,0.46653011844228987,3.99729885267312,0.16168265829994027
-1.166446554092426,-0.5734653256552796,24.59941724518929,0.6332024260726284,12.431694350569636,0.36437745802527166,3.894356426824672,0.12493264617801103
-1.0365321883776653,-0.5734653256552796,24.049691552172522,0.495860988606555,12.16479361818703,0.287363348530205,3.809090823599065,0.09765018915738402
-0.9210871889273549,-0.5734653256552796,23.579758424811036,0.38989266413240276,11.922270177697802,0.22434908979260648,3.7399386212128993,0.07772626701707255
-0.8185000129460304,-0.5734653256552796,23.16497725651253,0.30563210755646336,11.716045017738725,0.1762399224346695,3.6712528588844786,0.05997326927804204
-0.7273386051246984,-0.5734653256552796,22.809315605285292,0.24065437964338418,11.53341210470476,0.13801853876578632,3.617650037565959,0.04758122662759951
-0.6463304070095649,-0.5734653256552796,22.487061695976397,0.1878373862933798,11.375938382504698,0.10849458832863422,3.565876065163776,0.03687096989139447
-0.5743445928509872,-0.5734653256552796,22.213237383290828,0.14765991311376336,11.23356436506688,0.08463001375432981,3.5244193923728973,0.02921298584818516
-0.5103762839557767,-0.5734653256552796,21.973809863917214,0.1161907791054779,11.110312624152249,0.06620464302373315,3.484418291281876,0.022618518635993762
-0.4535325211846986,-0.5734653256552796,21.7594992837191,0.09100684940849049,11.004415945665903,0.05207329577790444,3.4513682856807444,0.017772468208207413
-0.40301979977966995,-0.5734653256552796,21.571702431716247,0.07131711146455699,10.910590434227558,0.040895532682134465,3.423121889815119,0.014071769546544917
-0.35813299251433084,-0.5734653256552796,21.408460156112724,0.05604891561080869,10.827237032260143,0.03204510864935636,3.39660613682284,0.010974358478305087
-0.3182455065418344,-0.5734653256552796,21.264991906346847,0.044077580047855,10.754082147684205,0.025129769666863554,3.373207676842883,0.008548862267632889
-0.2828005365353655,-0.5734653256552796,21.137802694566304,0.03461728940107375,10.690055939179663,0.01974157006490973,3.3534224610862333,0.006726341130932491
-0.2513032920204875,-0.5734653256552796,21.025101121649367,0.027154275968998564,10.633708052542378,0.01551969741450066,3.3362079150070882,0.005313057694457171
-0.22331409039755062,-0.5734653256552796,20.925667983989886,0.021297547077671907,10.583867855620953,0.012196308328038153,3.3207331252600834,0.004181070934159923
-0.19844221923690444,-0.5734653256552796,20.83821030743641,0.01671708208232309,10.539732664724651,0.009578886938935749,3.3068023313799038,0.0032752611624627987
-0.17634048216824733,-0.5734653256552796,20.761322819956423,0.01313641986424163,10.500700237128637,0.007521369119585797,3.2944413655681575,0.0025621541315391906
-0.15670035222800524,-0.5734653256552796,20.693640590490578,0.010333315594712445,10.466236790284974,0.005907182362715814,3.2836015394956957,0.00200748856894107
-0.13924766500838334,-0.5734653256552796,20.63394866599219,0.008134534432899224,10.435833745259018,0.0046420374569356455,3.2741276519996525,0.0015771854287726142
-0.12373879148704055,-0.5734653256552796,20.58121228053624,0.006406770065175777,10.409011697591334,0.0036503833489791356,3.2658247787467354,0.0012420993636596453
-0.10995723711238882,-0.5734653256552796,20.534560584230796,0.00504745470992678,10.385333598322664,0.0028725182149176237,3.2585125060162485,0.000979680787554045
-0.09771061966979347,-0.5734653256552796,20.493256206039437,0.003977224974271626,10.364411976612926,0.002261734714060562,3.2520446379518244,0.0007732029459378228
-0.0868279837415025,-0.5734653256552796,20.45666689837231,0.003134269470408602,10.345908858253782,0.0017816636373897965,3.2463075800151198,0.0006102807048076838
-0.07715741427178036,-0.5734653256552796,20.424243939820894,0.002470197345862674,10.329531328051225,0.0014040064979839461,3.2412118522392603,0.00048157535613637856
-0.06856391592404971,-0.5734653256552796,20.395506831449776,0.0019469983833556438,10.315025555203466,0.0011067123045052961,3.23668409927672,0.00037989039101127774
-0.06092752862714207,-0.5734653256552796,20.370032477803587,0.0015347625309422004,10.302170916296102,0.0008725589998649513,3.232661659643176,0.000299587674889249
-0.0541416530048151,-0.5734653256552796,20.347447217582015,0.0012099350661931615,10.290774881887463,0.0006880650859650027,3.2290894312627256,0.00023620854672409098
-0.04811156231253989,-0.5734653256552796,20.327420595374537,0.0009539618358255553,10.280668794049163,0.0005426566973981997,3.225918214545555,0.00018621406801592048
-0.04275308010908995,-0.5734653256552796,20.309660220579154,0.0007522279108412468,10.27170443646105,0.0004280280925898484,3.2231038412761333,0.00014679444197275202
-0.0379914052040221,-0.5734653256552796,20.293907357393188,0.0005932223264330819,10.263751239730382,0.000337648022036164,3.2206066596291305,0.00011572161258816037
-0.03376006747802295,-0.5734653256552796,20.279933058497132,0.00046787957779943735,10.256693975647403,0.0002663766509493032,3.218391154117582,9.123188870736691e-05
-0.03,-0.5734653256552796,20.26753474149636,0.00036906031074127553,10.250430825380858,0.00021016694079421306,3.2164256053975073,7.193145597644475e-05
0.03,-0.5734653256552796,20.072469442376452,0.00036189660491816293,10.151682518295674,0.00020657546153298603,3.185586452179651,7.008344521831663e-05
0.03376006747802295,-0.5734653256552796,20.060428442478766,0.00045770575242752,10.145581610635691,0.0002612554494582523,3.1836835049730228,8.864635030778647e-05
0.0379914052040221,-0.5734653256552796,20.04690427083716,0.0005787857767338736,10.138730001233094,0.00033034443380508115,3.1815447504665606,0.00011212047866513786
0.04275308010908995,-0.5734653256552796,20.031717773080246,0.0007317636385256075,10.131037550284663,0.0004176101170318045,3.1791409844218657,0.00014180603796353595
0.04811156231253989,-0.5734653256552796,20.014669023496655,0.0009249887823941643,10.122403886690611,0.0005277927676388375,3.176439373445917,0.000179348448305602
0.0541416530048151,-0.5734653256552796,19.995535128767614,0.0011689748335484895,10.112717360629414,0.0006668515831152076,3.173403080107096,0.00022682921444966482
0.06092752862714207,-0.5734653256552796,19.97406787326159,0.0014769519021448246,10.101853877538868,0.0008422724457836902,3.169990969056862,0.0002868780836046633
0.06856391592404971,-0.5734653256552796,19.949991251354753,0.0018655553771820927,10.089675574925735,0.0010634527769818644,3.166157520331488,0.00036280778323558797
0.07715741427178036,-0.5734653256552796,19.922998994233694,0.002355681255914791,10.076029293546185,0.0013421836800545943,3.1618531452459737,0.0004587687672571271
0.0868279837415025,-0.5734653256552796,19.892752309725847,0.002973540737305901,10.060744806926396,0.0016932549649004464,3.157025145139457,0.0005799147874765154
0.09771061966979347,-0.5734653256552796,19.85887823288159,0.003751945510593823,10.043632852164157,0.0021352135817564854,3.1516194675202724,0.0007325629799845816
0.10995723711238882,-0.5734653256552796,19.820969231567396,0.004731846023311375,10.02448323500719,0.0026913058953294453,3.1455829779976625,0.0009243349408451978
0.12373879148704055,-0.5734653256552796,19.778584956434525,0.005964124048660282,10.003063788312756,0.0033906181048068695,3.138864861770614,0.001164305074358829
0.13924766500838334,-0.5734653256552796,19.73125704539839,0.00751160922871286,9.97912184155255,0.0042693767378544235,3.1314138645267837,0.0014633046284745523
0.15670035222800524,-0.5734653256552796,19.678497226343755,0.009451265531154603,9.952390922763572,0.005372259376891212,3.123166388068837,0.001834754469864266
0.17634048216824733,-0.5734653256552796,19.61980701154446,0.011876530201480572,9.922605608136818,0.006753407549036105,3.1140229265650317,0.002296559806665991
0.19844221923690444,-0.5734653256552796,19.554684103912393,0.014899960899543256,9.88952407594269,0.00847678528770627,3.103824618572595,0.0028740516732233988
0.22331409039755062,-0.5734653256552796,19.482619080119232,0.018656624768999465,9.852947235200698,0.01061603494955573,3.0923709081563264,0.003601639350560139
0.2513032920204875,-0.5734653256552796,19.403084308819675,0.023308530788335526,9.812706533236838,0.013255605840754338,3.079532451649111,0.004517321742986065
0.2828005365353655,-0.5734653256552796,19.315546010998016,0.029048475689497817,9.768592407752905,0.016496801965229405,3.0654159125686813,0.005647389642748483
0.3182455065418344,-0.5734653256552796,19.219568733607204,0.03609685142400796,9.720267699849947,0.020468860141957545,3.050291152206493,0.007002766435523035
0.35813299251433084,-0.5734653256552796,19.115053977944203,0.044681756691470426,9.667373022677662,0.025327442015744803,3.03404495214737,0.008627001331982609
0.40301979977966995,-0.5734653256552796,19.002467605775063,0.055005118580461296,9.610025188138398,0.031205823530522377,3.0160499245122354,0.010631932802124466
0.4535325211846986,-0.5734653256552796,18.882773407310797,0.06722153071146166,9.549212510826715,0.03814286759165181,2.996680301314954,0.013034801455957978
0.5103762839557767,-0.5734653256552796,18.757342058403278,0.08141781164007275,9.485960885243024,0.04613740406694282,2.9771992986773452,0.015710851097249682
0.5743445928509872,-0.5734653256552796,18.628709078059636,0.09748292704212547,9.420652741039156,0.05523816286715303,2.956565078106887,0.018832918698027907
0.6463304070095649,-0.5734653256552796,18.50109987038281,0.114952946608425,9.3556417825581,0.06516466252151946,2.9360228288585013,0.022239160469613765
0.7273386051246984,-0.5734653256552796,18.37937277802283,0.13306429123758973,9.294523504576977,0.0752979170963913,2.9168989148830056,0.025681363730189807
0.8185000129460304,-0.5734653256552796,18.270396883474096,0.1504958549951081,9.23907800717174,0.0851721104385779,2.899399950565585,0.029063271863903225
0.9210871889273549,-0.5734653256552796,18.18193000401373,0.1655047284715603,9.19439550699847,0.09360743644942911,2.885221075689751,0.03196823681309928
1.0365321883776653,-0.5734653256552796,18.117220012707374,0.17697566063540035,9.1617267905546,0.10004758442551684,2.8749286818115425,0.03417023242826072
1.166446554092426,-0.5734653256552796,18.076523101457987,0.18440488410958558,9.141187928316578,0.10421543962156368,2.868405854990305,0.0356066815273976
1.3126438125222553,-0.5734653256552796,18.053754935245383,0.1886340566692902,9.130053712929458,0.10651343211498722,2.864888837681269,0.03639443596090829
1.4771647895120215,-0.5734653256552796,18.038457518864334,0.19150500017580208,9.122921828383088,0.10799967880277525,2.8627289000243654,0.03688283836108306
1.6623060990028473,-0.5734653256552796,18.022163914530427,0.19458900639243593,9.115072295451384,0.1096484120110437,2.8600779871362234,0.03748706552362396
1.8706522023821734,-0.5734653256552796,17.99923939155835,0.19897379825387357,9.103834421737917,0.11203247943252025,2.856551087969366,0.038299185369390365
2.1051114860111477,-0.5734653256552796,17.967126686267118,0.20520615667968806,9.08803359532456,0.11543177620268531,2.8519810191138713,0.03936551962698023
2.368956860549917,-0.5734653256552796,17.927862236025554,0.21297004509362835,9.06844436706693,0.1197229993951547,2.846335436922952,0.04070471102151615
2.6658714488230206,-0.5734653256552796,17.88930535637384,0.22074845969237075,9.048453845565376,0.12419030724439946,2.8402848589188214,0.04216695982061844
3.0,-0.5734653256552796,17.85992424770332,0.2267790009078015,9.034255555376406,0.12741755377893824,2.836295874866925,0.04314631207414877
-3.0,-0.5235987755982987,61.23215643348787,20.060401445985867,30.904139373616868,13.550477780956921,9.565187618330214,5.1645429600479975
-2.6658714488230206,-0.5235987755982987,55.05423663642612,16.609035451628685,27.754781864186747,10.90104001970527,8.662932732365407,4.140612937013822
-2.368956860549917,-0.5235987755982987,49.85554091442125,13.591363070954923,25.15501009681581,8.736554080077727,7.841779841135786,3.249667513211939
-2.1051114860111477,-0.5235987755982987,45.562784177585655,11.061185302668306,22.997783458106174,6.9837071568080304,7.182410635437275,2.5712456780354223
-1.8706522023821734,-0.5235987755982987,41.98511328869944,8.96045074776848,21.21139177557625,5.583078201908044,6.635409791351908,2.040066172498629
-1.6623060990028473,-0.5235987755982987,39.008503371443666,7.245909996066818,19.667176001801934,4.426537093152684,6.161399206562329,1.6081644379643425
-1.4771647895120215,-0.5235987755982987,36.3939655773779,5.788233788000448,18.385023849390073,3.5173422949333113,5.75600449464108,1.2638072873869766
-1.3126438125222553,-0.5235987755982987,34.13866903708186,4.586447730394943,17.269408183615955,2.7740698474511825,5.40559212354662,0.9879996854139785
-1.166446554092426,-0.5235987755982987,32.291875761675826,3.6549033463950105,16.306953107830548,2.1764942742929505,5.098358899686006,0.7654609568685917
-1.0365321883776653,-0.5235987755982987,30.664082985318533,2.884089295593575,15.509534161634674,1.7176985230018658,4.845587816930164,0.5977607278874835
-0.9210871889273549,-0.5235987755982987,29.290407374645454,2.278348784058564,14.804453633615127,1.3437745337135005,4.640521478522863,0.47315007213364463
-0.8185000129460304,-0.5235987755982987,28.10088364077057,1.7929431832658864,14.21110236186249,1.0552965616213534,4.44605945299537,0.36545708276807376
-0.7273386051246984,-0.5235987755982987,27.092123801984442,1.4140651897433867,13.69519690090891,0.8262075764743728,4.292702624284625,0.28838582366374343
-0.6463304070095649,-0.5235987755982987,26.198179542683757,1.1066740358703697,13.255267716128534,0.6484384308897148,4.149869021397373,0.2233626048150463
-0.5743445928509872,-0.5235987755982987,25.443712799665445,0.870249010283727,12.865495276960557,0.5056556082220072,4.0347504346963365,0.17604549074318104
-0.5103762839557767,-0.5235987755982987,24.791725271656325,0.6844946786459446,12.531318821544675,0.39510108883415596,3.927265598657409,0.13623742603866998
-0.4535325211846986,-0.5235987755982987,24.217176839302137,0.5362150533206815,12.246174530017425,0.3100128341153503,3.8383454884043675,0.10667897664888198
-0.40301979977966995,-0.5235987755982987,23.718746372871255,0.4200973288393249,11.996620616212654,0.24294173454409665,3.762691021828326,0.08405844840083655
-0.35813299251433084,-0.5235987755982987,23.288660233119476,0.32982023439788055,11.777518163189594,0.19004046056303853,3.6932951855430494,0.06544442055468462
-0.3182455065418344,-0.5235987755982987,22.91391842622916,0.25904909912859936,11.586821936585855,0.14876025461908096,3.632630368281547,0.05091264002946002
-0.2828005365353655,-0.5235987755982987,22.584828197567614,0.20323837949660967,11.421068063980448,0.11662417490071517,3.581332638687737,0.03993657593585506
-0.2513032920204875,-0.5235987755982987,22.295694699024118,0.1592946003476203,11.27623068565176,0.0914947731014153,3.5369119903883637,0.031433331398070696
-0.22331409039755062,-0.5235987755982987,22.04234805001874,0.12484379911632335,11.149057263959302,0.07176974075210099,3.4973968849893358,0.024671425355252224
-0.19844221923690444,-0.5235987755982987,21.820745905495635,0.09791173773581177,11.037206315587895,0.05627876508827487,3.4621765748301985,0.019296518304442716
-0.17634048216824733,-0.5235987755982987,21.62685418284237,0.07686584829058982,10.938867852780287,0.04412988235733057,3.431127026532738,0.015078840024434279
-0.15670035222800524,-0.5235987755982987,21.45692333104198,0.06040019211612468,10.852469317605413,0.03461587135113884,3.4039975243340006,0.011800762133465651
-0.13924766500838334,-0.5235987755982987,21.307677134543805,0.04749629681179676,10.776570432247741,0.02716996164501447,3.3803443165533738,0.009257795865956186
-0.12373879148704055,-0.5235987755982987,21.17634299572624,0.03736840678306402,10.709857824542038,0.02134123424007002,3.3596647471166854,0.007278575645456267
-0.10995723711238882,-0.5235987755982987,21.060592925878012,0.02941051014831691,10.651160327196825,0.016774866642885414,3.34150413194288,0.005730664877457528
-0.09771061966979347,-0.5235987755982987,20.958461014584216,0.023153146557962287,10.599453809475493,0.013193870503842341,3.3254921569420044,0.004515154938566151
-0.0868279837415025,-0.5235987755982987,20.8682694802752,0.018230731070571257,10.553852783941124,0.0103828154943217,3.311336564902537,0.0035582476303052234
-0.07715741427178036,-0.5235987755982987,20.78857178071674,0.014357372861510736,10.513594657262924,0.008174223453256059,3.298803646564191,0.0028040395869217793
-0.06856391592404971,-0.5235987755982987,20.718111029509206,0.01130888535623085,10.478022136021865,0.00643771747360708,3.287700324589314,0.0022094227796024867
-0.06092752862714207,-0.5235987755982987,20.655789466873028,0.008909193326295247,10.446566870944551,0.005071594923132567,3.277861820707018,0.001740703478263442
-0.0541416530048151,-0.5235987755982987,20.600645255426684,0.007019900537987811,10.41873548115229,0.003996356694175204,3.2691442396672485,0.0013713405688595874
-0.04811156231253989,-0.5235987755982987,20.55183404972785,0.005532189801244733,10.394098046186349,0.0031497484741144065,3.2614203340499843,0.0010803586507642275
-0.04275308010908995,-0.5235987755982987,20.50861378135629,0.004360489213649734,10.372278732761194,0.0024829503017363844,3.2545770058075694,0.0008511717026278238
-0.0379914052040221,-0.5235987755982987,20.470331753155225,0.003437501297837517,10.352948133667436,0.0019576354273341846,3.248513647932646,0.0006706742360184977
-0.03376006747802295,-0.5235987755982987,20.4364135135578,0.00271029581156263,10.335816941389151,0.0015436899020570994,3.2431408592306226,0.0005285227999432257
-0.03,-0.5235987755982987,20.406353184626123,0.0021372374410696523,10.320630659482019,0.001217437675482374,3.2383793240109946,0.00041656284461287583
0.03,-0.5235987755982987,19.937492512574785,0.002085339314266767,10.083345699841702,0.0011886780775116948,3.1642739382827307,0.00040340495222525183
0.03376006747802295,-0.5235987755982987,19.908808720944887,0.002636501814449526,10.06881816384798,0.0015026901863437396,3.159741288550277,0.0005100000030265418
0.0379914052040221,-0.5235987755982987,19.876628999489927,0.003332630866175985,10.05252153347858,0.0018991807899511569,3.1546533700503656,0.0006446744619861072
0.04275308010908995,-0.5235987755982987,19.840541328972908,0.00421155380404339,10.034248353182702,0.002399599919327602,3.1489433030397422,0.0008148019490744819
0.04811156231253989,-0.5235987755982987,19.800088836651746,0.005320840680313468,10.013769013525746,0.003030881913429726,3.142536438941378,0.0010296848741264933
0.0541416530048151,-0.5235987755982987,19.754765923198033,0.006720258712835006,9.990829910757142,0.0038268092204962194,3.1353496975837776,0.0013010495966499797
0.06092752862714207,-0.5235987755982987,19.70401439753483,0.00848481932915825,9.965151531830857,0.004829702583252798,3.127291115752382,0.0016436534480366546
0.06856391592404971,-0.5235987755982987,19.647219824365898,0.010708545323411044,9.936426447506197,0.006092513568262746,3.1182598714486782,0.002076009824972289
0.07715741427178036,-0.5235987755982987,19.583708447009766,0.013509100011454004,9.904317197047734,0.0076814131898178,3.1081471859683933,0.0026212180529449364
0.0868279837415025,-0.5235987755982987,19.51274531192932,0.017033422787243496,9.868454100096287,0.009678989569476354,3.096838593703238,0.00330785151100117
0.09771061966979347,-0.5235987755982987,19.43353462926275,0.021464491257785576,9.82843322297034,0.012188179719070059,3.0842178995859335,0.004170820885293085
0.10995723711238882,-0.5235987755982987,19.34522395449976,0.027029256177533188,9.783815223324952,0.015337041081431694,3.070172292009627,0.005252138026758066
0.12373879148704055,-0.5235987755982987,19.24691433633333,0.03400764581697601,9.734126836947935,0.019284361075158393,3.0545959453493574,0.006601685813698327
0.13924766500838334,-0.5235987755982987,19.137678716520323,0.04274230583842978,9.678868523019414,0.0242258063960801,3.0373858274522756,0.008278659040613272
0.15670035222800524,-0.5235987755982987,19.016589717868108,0.053648500286779095,9.617533849448863,0.030399713290595452,3.018420365187596,0.01035536389738386
0.17634048216824733,-0.5235987755982987,18.88275444268646,0.06722356870050994,9.549646496579342,0.038090772689607116,2.997516806155122,0.01292574238855358
0.19844221923690444,-0.5235987755982987,18.7353483129699,0.08405582191193164,9.47481416249805,0.04762950045774361,2.9743909898998884,0.01611827910084631
0.22331409039755062,-0.5235987755982987,18.573637972081222,0.10483352802015694,9.392778308271476,0.05938756289068377,2.9486985603677476,0.02010194090071523
0.2513032920204875,-0.5235987755982987,18.39700057869591,0.1303531516949712,9.303408061568536,0.07377619908581623,2.920258199188036,0.025057618329736926
0.2828005365353655,-0.5235987755982987,18.20500205582522,0.16151575299076731,9.20659023181751,0.09126265242364431,2.889367070749095,0.031103452157235395
0.3182455065418344,-0.5235987755982987,17.99766543668017,0.19927681366906871,9.102108620646911,0.11240107065687543,2.8566600329175347,0.03827395839261899
0.35813299251433084,-0.5235987755982987,17.77600038306268,0.24449974033096394,8.989903800150291,0.1377911824240831,2.822100326191317,0.04673092525245312
0.40301979977966995,-0.5235987755982987,17.542518388120335,0.2977203439869597,8.871056205344152,0.16780629381264525,2.784795666082872,0.05690092465644966
0.4535325211846986,-0.5235987755982987,17.301237649173885,0.35893447418431246,8.74852140379848,0.20221505390939676,2.7458119369793756,0.06871583013836678
0.5103762839557767,-0.5235987755982987,17.05767875900735,0.42734864926169,8.625634223131147,0.24036246644050338,2.7078758779271723,0.0814116797700151
0.5743445928509872,-0.5235987755982987,16.82023377837822,0.5006675693928304,8.505073298557717,0.281441133873592,2.6697633941810923,0.09539206214815948
0.6463304070095649,-0.5235987755982987,16.600861608985,0.5744091366623303,8.393404950103104,0.32281728196828174,2.634424370795841,0.10948431523527637
0.7273386051246984,-0.5235987755982987,16.413123164086695,0.6422364242915382,8.299182584449856,0.3602895601687853,2.6048820225870233,0.12212140043813645
0.8185000129460304,-0.5235987755982987,16.27295302079511,0.6957905267781432,8.227878390464113,0.39024308551737763,2.5822560388380076,0.1323395244506334
0.9210871889273549,-0.5235987755982987,16.194459414530304,0.726889073494426,8.188435461682227,0.40741364120318024,2.569581121281737,0.13827172046401467
1.0365321883776653,-0.5235987755982987,16.181310424709405,0.7321773188494646,8.182051781725688,0.4102333174863334,2.567318093030908,0.13934675561757084
1.166446554092426,-0.5235987755982987,16.227408644188742,0.7137370327953887,8.205551174384476,0.39990967302844854,2.5746070580472304,0.13590142766522248
1.3126438125222553,-0.5235987755982987,16.318610311987086,0.6780693385648168,8.252491960634938,0.37974608443971314,2.5893299320041714,0.12909398983425546
1.4771647895120215,-0.5235987755982987,16.438512221161233,0.6328045717068326,8.314183328923196,0.3541642940463426,2.608872267020107,0.12036824326175516
1.6623060990028473,-0.5235987755982987,16.581287700815754,0.5812753718055602,8.387029299590282,0.32527820315862793,2.6314726940419995,0.11071151151323794
1.8706522023821734,-0.5235987755982987,16.750774317883344,0.5233834707094805,8.473294907403952,0.2928858568818916,2.6585340081191466,0.09975075743357224
2.1051114860111477,-0.5235987755982987,16.959785880929683,0.4567715906868152,8.579408437190947,0.2556790607645057,2.692426602833911,0.08692870872646494
2.368956860549917,-0.5235987755982987,17.231897059001437,0.37772466325548315,8.717029179026097,0.2116392057620026,2.7365273543080773,0.0717124673741603
2.6658714488230206,-0.5235987755982987,17.602540844204615,0.28348142709340873,8.904277296504928,0.15908756870661034,2.7954948184409045,0.053871886395991234
3.0,-0.5235987755982987,18.112156052793836,0.17789101426730092,9.162732071167742,0.09984595050129667,2.876476580519348,0.0338340276368359
-3.0,-0.4737322255413179,100.61213285954017,36.9298280172102,50.75334811153431,28.94307291753982,15.670838225718756,12.643212147433427
-2.6658714488230206,-0.4737322255413179,87.65215963828344,32.37570352788835,44.15798853455493,24.222273401371467,13.762455070662426,10.257848223672156
-2.368956860549917,-0.4737322255413179,76.88310178298326,27.866175022127035,38.76861450176965,20.03796595587733,12.064462012708265,8.155832116130792
-2.1051114860111477,-0.4737322255413179,68.08167720918583,23.65565343183531,34.34491233211002,16.428303536742778,10.709967970860724,6.512804928071898
-1.8706522023821734,-0.4737322255413179,60.82888421975485,19.840684346297323,30.719530836607838,13.395166693730342,9.598079592936642,5.202597042167278
-1.6623060990028473,-0.4737322255413179,54.85940802264919,16.497502741032598,27.63468270392142,10.800312318250688,8.649886936453061,4.126121704393961
-1.4771647895120215,-0.4737322255413179,49.70721606390491,13.504259448780285,25.099840114971006,8.691113403720914,7.850287035229322,3.2586559897425054
-1.3126438125222553,-0.4737322255413179,45.329096348333216,10.923344600378002,22.92912460664878,6.9288818869962245,7.169482718564755,2.5583342289706086
-1.166446554092426,-0.4737322255413179,41.77326875043998,8.837085767367054,21.083335566144193,5.485018115429703,6.582282418352159,1.9902482457179755
-1.0365321883776653,-0.4737322255413179,38.69033413081614,7.065622229354835,19.56798313710502,4.3543755842176495,6.10324925416052,1.5572542371985252
-0.9210871889273549,-0.4737322255413179,36.11662830934785,5.63726710520171,18.249535710750898,3.4244966398356285,5.716919677450606,1.2319796444579512
-0.8185000129460304,-0.4737322255413179,33.91695271677025,4.471831683057029,17.150931946043112,2.6981660199328084,5.358965166354472,0.9530013168831192
-0.7273386051246984,-0.4737322255413179,32.0702279295353,3.5469328872948824,16.207829231854816,2.117558372056901,5.0772787122597585,0.7509186323147803
-0.6463304070095649,-0.4737322255413179,30.456521080938096,2.7897383876550452,15.411611594929719,1.6638895005045158,4.819924840539493,0.5815813778456582
-0.5743445928509872,-0.4737322255413179,29.10581766929862,2.200494558718313,14.715390855405548,1.298872456645348,4.613219371376582,0.45739219972454326
-0.5103762839557767,-0.4737322255413179,27.95002723746648,1.7342697813690615,14.123906295830855,1.0150971302689424,4.423570431128735,0.3537059451484946
-0.4535325211846986,-0.4737322255413179,26.94266209339873,1.3607312955992845,13.623191807013582,0.7959625829440108,4.2674612085890855,0.2764063930097735
-0.40301979977966995,-0.4737322255413179,26.07640106343145,1.0670305399572007,13.189140474110925,0.6232088917306137,4.135544622956782,0.21722065225944984
-0.35813299251433084,-0.4737322255413179,25.334551497852328,0.8379085353254581,12.811503305180683,0.4870305248903154,4.016108493842448,0.16883146338248153
-0.3182455065418344,-0.4737322255413179,24.69312356774071,0.6579907785199128,12.48532024198045,0.38078463519197203,3.9125313591940096,0.1311236542879551
-0.2828005365353655,-0.4737322255413179,24.134146314557135,0.5160434004711929,12.20372887810093,0.29810703430042007,3.8253394820138498,0.10262162221507404
-0.2513032920204875,-0.4737322255413179,23.646491689974233,0.40427397836291334,11.959290911346178,0.23352546794564202,3.750273866744011,0.08057522049183323
-0.22331409039755062,-0.4737322255413179,23.221842054020545,0.31665255858105595,11.746024446852358,0.1829122083683352,3.6839894377397346,0.06310828973055174
-0.19844221923690444,-0.4737322255413179,22.852432305184074,0.24816342086642856,11.559554836003674,0.14323082683579064,3.625316281128749,0.04927320526820713
-0.17634048216824733,-0.4737322255413179,22.530810176697564,0.19466119602174803,11.396478562096682,0.1121613200954043,3.5738747988350643,0.038443282263845815
-0.15670035222800524,-0.4737322255413179,22.250211857748525,0.1528270638386204,11.253877389083694,0.08786737372825622,3.529121436919976,0.03003978897018375
-0.13924766500838334,-0.4737322255413179,22.004804024931538,0.12006822773159787,11.12913396303259,0.06888186435249782,3.490245708931766,0.023529904626178624
-0.12373879148704055,-0.4737322255413179,21.789687848511566,0.09438082830921442,11.019905521665724,0.05404073102676277,3.4563733550236733,0.018470839249949283
-0.10995723711238882,-0.4737322255413179,21.60077400928836,0.07421758210003401,10.924132054280852,0.042429856688974144,3.4267253160424413,0.01452098681744116
-0.09771061966979347,-0.4737322255413179,21.434629339631034,0.05837937511065956,10.840030809311326,0.033336767078131796,3.400668503516992,0.011424999080946414
-0.0868279837415025,-0.4737322255413179,21.288342779801518,0.045932696681625126,10.766072875349302,0.02620809645807251,3.377702165266268,0.00899216255362547
-0.07715741427178036,-0.4737322255413179,21.159422088352496,0.03614812333941576,10.700950613527434,0.020614250003575623,3.35742516849109,0.007078024451689766
-0.06856391592404971,-0.4737322255413179,21.045717429491383,0.028454305732217654,10.643544039024405,0.016221295184710223,3.339506539563447,0.005571353505437683
-0.06092752862714207,-0.4737322255413179,20.94536449283412,0.022403082959335536,10.592890514334298,0.012769152186587258,3.3236650669721954,0.004385414406817897
-0.0541416530048151,-0.4737322255413179,20.856740853284887,0.017642667859561416,10.54815919113555,0.01005485331969403,3.309656756437302,0.0034520734711723355
-0.04811156231253989,-0.4737322255413179,20.778431242318447,0.013896825992334454,10.508630088581912,0.007919720147427223,3.2972673802045307,0.0027176358961058934
-0.04275308010908995,-0.4737322255413179,20.70919902361995,0.010948608750122824,10.473677109597793,0.006239518312682664,3.286307858130774,0.0021397550157807445
-0.0379914052040221,-0.4737322255413179,20.647962232573455,0.008627604522129753,10.442754204950964,0.004916868137197272,3.2766110673379325,0.0016850498476197488
-0.03376006747802295,-0.4737322255413179,20.59377316706693,0.00679993432233207,10.415383997487584,0.0038753698543700266,3.26802934272701,0.0013272297579286472
-0.03,-0.4737322255413179,20.545800866673805,0.0053603987261222966,10.391148326732186,0.0030550397711583523,3.260432330122671,0.0010456058096734485
0.03,-0.4737322255413179,19.80430843244325,0.0051989864017129095,10.015916416966048,0.002961183512869202,3.1432442915288954,0.0010046938394565222
0.03376006747802295,-0.4737322255413179,19.75937702936948,0.006570296443846565,9.993162281195744,0.003741582394109689,3.1361443070458286,0.0012694647493473603
0.0379914052040221,-0.4737322255413179,19.709031830373384,0.008301038156116304,9.967668673754389,0.00472614831120172,3.128184593250455,0.0016036648596964736
0.04275308010908995,-0.4737322255413179,19.652651911626958,0.010484432021567909,9.939122934209756,0.005967616548209402,3.119264399895959,0.0020253820488208493
0.04811156231253989,-0.4737322255413179,19.58955362690046,0.013237442191516145,9.907181458311834,0.007532040159543567,3.109272063910699,0.0025573695641693196
0.0541416530048151,-0.4737322255413179,19.518986691252366,0.016706629675056095,9.87146788490623,0.009502023200795878,3.098084323025899,0.0032282134922766953
0.06092752862714207,-0.4737322255413179,19.440130871530723,0.02107535405579678,9.831571469621903,0.011980688737794063,3.0855660390065114,0.004073749611841828
0.06856391592404971,-0.4737322255413179,19.35209376177363,0.02657257904871519,9.787045708454606,0.01509653270045632,3.071570746753633,0.0051387339671994945
0.07715741427178036,-0.4737322255413179,19.253910403441182,0.03348354279831278,9.73740730326994,0.019009339843300208,3.055942650946466,0.006478720149138938
0.0868279837415025,-0.4737322255413179,19.144545959505354,0.04216251573013216,9.682135674919625,0.023917357312716256,3.038520819940315,0.008162010488312938
0.09771061966979347,-0.4737322255413179,19.022903323620156,0.0530477437401616,9.620673560229678,0.03006590975377507,3.0191460707169724,0.010271451637825776
0.10995723711238882,-0.4737322255413179,18.887838436357562,0.06667839637627625,9.552430018384149,0.03775753246049966,2.9976697821974208,0.012905850030367219
0.12373879148704055,-0.4737322255413179,18.73818698886722,0.08371283015488262,9.4767887590934,0.04736335350014345,2.97396076727026,0.01618118022481276
0.13924766500838334,-0.4737322255413179,18.572806493847146,0.10494669889883358,9.393127306765134,0.05933462325276786,2.947901153735707,0.020233022234199514
0.15670035222800524,-0.4737322255413179,18.390636148894956,0.1313285264609807,9.300855487039069,0.0742116928253358,2.919358076212974,0.025223950255118414
0.17634048216824733,-0.4737322255413179,18.19077204449326,0.16396975963881721,9.199481965558851,0.09262551763031668,2.888126113858711,0.03136096055723112
0.19844221923690444,-0.4737322255413179,17.97254771215077,0.20414666087188746,9.08870771075355,0.11528562155759442,2.8538762960411206,0.038921372466494845
0.22331409039755062,-0.4737322255413179,17.735608180399968,0.25329196294361916,8.968515948839181,0.14295312685075123,2.8162261599852765,0.04825991590622175
0.2513032920204875,-0.4737322255413179,17.479991879576836,0.31296893656938296,8.839186007819709,0.1764132007806445,2.775070834189463,0.05973334839961596
0.2828005365353655,-0.4737322255413179,17.206313019654523,0.3847947202092571,8.701168970031285,0.2164766518854858,2.731035226242752,0.07351861333725607
0.3182455065418344,-0.4737322255413179,16.91622710733537,0.47022503741688726,8.554969435689907,0.2639938926031738,2.685265628989785,0.08955505178740222
0.35813299251433084,-0.4737322255413179,16.61326257022448,0.5700835909681303,8.401585175209933,0.3196755525376195,2.638024442209471,0.10799809257159483
0.40301979977966995,-0.4737322255413179,16.30361524209977,0.6838597651433015,8.243930894929148,0.38337823678052857,2.5885135762608744,0.12946616419123683
0.4535325211846986,-0.4737322255413179,15.99623786474178,0.8090382904985072,8.087811845404627,0.4531946943872924,2.538778022219199,0.15332226890551656
0.5103762839557767,-0.4737322255413179,15.702898228121342,0.9403781324651238,7.939832125898779,0.5258166145363545,2.493134093374132,0.1773158840337864
0.5743445928509872,-0.4737322255413179,15.439773369759445,1.068483679110336,7.8061421144482495,0.5970365478708037,2.450771955736101,0.20145146964307037
0.6463304070095649,-0.4737322255413179,15.22768191962203,1.1791025853460466,7.6981266686683805,0.658610237720747,2.416435700714754,0.2223786514244796
0.7273386051246984,-0.4737322255413179,15.088901380675015,1.2551512661811393,7.628855180866768,0.7000497405189309,2.394657009096051,0.2363030999405216
0.8185000129460304,-0.4737322255413179,15.045771756716409,1.2793878054525643,7.606747609325244,0.7136019702992068,2.3873346088669805,0.24110029169717445
0.9210871889273549,-0.4737322255413179,15.113242444186648,1.2415997290068836,7.641370102455916,0.6924484555240585,2.397832317888599,0.23424099922608937
1.0365321883776653,-0.4737322255413179,15.291033825446943,1.1453583785071373,7.731774530217295,0.6390355897407578,2.4257237092161343,0.21659500872860096
1.166446554092426,-0.4737322255413179,15.565819912855966,1.005875795706918,7.87103847355363,0.5617862658435436,2.469413001358959,0.1906051359426456
1.3126438125222553,-0.4737322255413179,15.923098992208823,0.840679778242586,8.052768088641365,0.4698160251079853,2.5264839076570964,0.15958379883454743
1.4771647895120215,-0.4737322255413179,16.355291545074373,0.6640265792726491,8.272425345460691,0.37136688839894666,2.5956654265969554,0.12622663211111262
1.6623060990028473,-0.4737322255413179,16.876015402049994,0.4828439271507249,8.536284636406757,0.2704530702193315,2.678273774176432,0.09216193132395477
1.8706522023821734,-0.4737322255413179,17.515865197879048,0.30416829531138406,8.860197927676358,0.17071190204723985,2.779951177084531,0.05830244820772164
2.1051114860111477,-0.4737322255413179,18.32169290249167,0.14214623163342066,9.267608635796845,0.0800095976952035,2.908194529100698,0.027335683922710557
2.368956860549917,-0.4737322255413179,19.358468658493855,0.026152402895371653,9.791277673889557,0.014784430420928179,3.072963775311731,0.00502703569406989
2.6658714488230206,-0.4737322255413179,20.707832458653144,0.0108938681261252,10.47385914147131,0.0062477607886101925,3.2867636164590603,0.0021624368718112202
3.0,-0.4737322255413179,22.46439500327525,0.18434528581826098,11.361351445231632,0.1059245664282894,3.563620726117071,0.0364331347231262
-3.0,-0.42386567548433707,151.19174325497534,48.19881867539365,76.2466375082727,42.6666115496178,23.513333067352963,22.236993340562368
-2.6658714488230206,-0.42386567548433707,129.1330785214637,44.2813950557467,65.03100977216928,37.4904675616791,20.250926704227236,18.321470007642894
-2.368956860549917,-0.42386567548433707,110.94416917363074,39.96625662493863,55.92464663805685,32.305648131274324,17.385655369518194,14.784976194744182
-2.1051114860111477,-0.42386567548433707,96.1766304817212,35.471139540265085,48.50149972940247,27.384410293295467,15.110557595128638,11.94211541815679
-1.8706522023821734,-0.42386567548433707,84.0963807526182,30.9633339482545,42.45936762783486,22.932710933993214,13.255758522945568,9.627365701568488
-1.6623060990028473,-0.42386567548433707,74.22514816533842,26.644715592749577,37.36906656335712,18.910456958494326,11.689880491664557,7.697531241476909
-1.4771647895120215,-0.42386567548433707,65.79980919019228,22.48760266784523,33.21626282511529,15.48900446169858,10.381513993678341,6.121391425217757
-1.3126438125222553,-0.42386567548433707,58.71131476162386,18.67350056060858,29.6970338122295,12.534392032775285,9.278621194972194,4.835013816731329
-1.166446554092426,-0.42386567548433707,52.99019736420036,15.42055344548167,26.733925485476565,10.046637321826879,8.337762753906791,3.7824728585109257
-1.0365321883776653,-0.42386567548433707,48.08502469471163,12.54947549664189,24.31816838849332,8.050357440278896,7.575265301074795,2.9709735819630563
-0.9210871889273549,-0.42386567548433707,44.02294113677418,10.153989314406589,22.239598625166735,6.382367254564885,6.963532175834503,2.3548872861159964
-0.8185000129460304,-0.42386567548433707,40.584131104480676,8.14797231527989,20.520838383786355,5.0586399796027575,6.405405767187381,1.8268762048208145
-0.7273386051246984,-0.42386567548433707,37.71971028484282,6.520224944400324,19.059229813183816,3.988869532908465,5.967605087669203,1.4404158483345886
-0.6463304070095649,-0.42386567548433707,35.242393559510866,5.166913502638767,17.834991840428895,3.144698672644305,5.572942519627949,1.1169876823483087
-0.5743445928509872,-0.42386567548433707,33.18323328062635,4.097733054936148,16.7750039713916,2.4615555980657007,5.257246368941559,0.878137247297193
-0.5103762839557767,-0.42386567548433707,31.435138805840754,3.2426550528215534,15.881226734528544,1.9271120127248922,4.971198363924859,0.6792469859880406
-0.4535325211846986,-0.42386567548433707,29.924639525450416,2.552432926283236,15.129749069736835,1.5123188699401104,4.73693323965318,0.5303874585621772
-0.40301979977966995,-0.42386567548433707,28.635201247800794,2.0061180059703836,14.483361120193463,1.1845034488534518,4.540185130974583,0.4162481104256577
-0.35813299251433084,-0.42386567548433707,27.538180923243193,1.5776303302926968,13.925172446762172,0.925693361627863,4.363790955313582,0.32321096107507863
-0.3182455065418344,-0.42386567548433707,26.59590169480022,1.2399466189445068,13.446190661529442,0.7235031136175384,4.2118558688932115,0.2507485651570134
-0.2828005365353655,-0.42386567548433707,25.78008853986315,0.972921257633654,13.0351749505466,0.5660412137891407,4.0845504049519,0.19593689299870157
-0.2513032920204875,-0.42386567548433707,25.072688288605164,0.7623386090862063,12.680459632006714,0.44303691512137316,3.97553484872822,0.1535758582835178
-0.22331409039755062,-0.42386567548433707,24.46006747520238,0.5970696747063474,12.372703156348386,0.34668456143086107,3.8798649976370294,0.12008970350708169
-0.19844221923690444,-0.42386567548433707,23.92978931397242,0.4677949657897799,12.10501620662694,0.27120215244145196,3.7956712325361996,0.09362665020780192
-0.17634048216824733,-0.42386567548433707,23.47021489454361,0.36677519182564405,11.872025954926173,0.21215514226858992,3.7222148983172962,0.07294776512719058
-0.15670035222800524,-0.42386567548433707,23.070953974848994,0.287788240680173,11.669169738301418,0.16603023259890157,3.6585709043913743,0.056923814767985983
-0.13924766500838334,-0.42386567548433707,22.723134534122337,0.22595527767058077,11.492414549670807,0.1300213813758338,3.6034859968165573,0.04452661269485598
-0.12373879148704055,-0.42386567548433707,22.419354614557363,0.177494556905978,11.338198491584784,0.10190348559217824,3.555652402591257,0.0349056565951395
-0.10995723711238882,-0.42386567548433707,22.15346865395444,0.13947994960181076,11.203422691669624,0.07993020040126317,3.5139182134628593,0.02740545714216976
-0.09771061966979347,-0.42386567548433707,21.92034503461934,0.10964101756247936,11.085427693489567,0.06274120921246312,3.477350202180606,0.021535877591086678
-0.0868279837415025,-0.42386567548433707,21.715657821696706,0.08620936533545766,10.981948434292129,0.04928073355581515,3.4452103017086775,0.016930757749724596
-0.07715741427178036,-0.42386567548433707,21.535726252640057,0.06780329353396704,10.891059476647298,0.03872987087824644,3.416907563864417,0.013312902111520473
-0.06856391592404971,-0.42386567548433707,21.377395163186335,0.05334100632529281,10.811121067796984,0.030452754197856827,3.3919555925878497,0.010469156741290654
-0.06092752862714207,-0.42386567548433707,21.237945281460703,0.041974531444675514,10.740731497755288,0.02395474858187226,3.369942959620517,0.008233632395874001
-0.0541416530048151,-0.42386567548433707,21.115024080638115,0.033038796942427055,10.678687309607144,0.018850346219889177,3.3505147097018195,0.0064763038291853646
-0.04811156231253989,-0.42386567548433707,21.006590758953354,0.026012039319098842,10.623950892390837,0.014838571351694575,3.333361074963974,0.005094928527224843
-0.04275308010908995,-0.42386567548433707,20.91087125333589,0.02048486016308442,10.575624264919012,0.011684103123760496,3.318210255295669,0.004009042855683329
-0.0379914052040221,-0.42386567548433707,20.826320732703067,0.016135981107854424,10.532927792714414,0.009202735362005759,3.3048233171281747,0.0031553424776744076
-0.03376006747802295,-0.42386567548433707,20.751591936367255,0.01271323046865978,10.495182763185685,0.0072501345345870665,3.2929901784696773,0.0024840573120214022
-0.03,-0.42386567548433707,20.685508249308736,0.01001863183413804,10.461796977021011,0.005713118831454311,3.2825261955541247,0.001956083952927676
0.03,-0.42386567548433707,19.673224401530668,0.009657604395426098,9.949550221678232,0.005497044851432982,3.1225460381873305,0.0018644203531874497
0.03376006747802295,-0.42386567548433707,19.612474492797244,0.01219943803082085,9.918786698405672,0.006942150757488547,3.1129464532754567,0.002354402545578745
0.0379914052040221,-0.42386567548433707,19.54449081479442,0.015405025975030299,9.884362861432056,0.00876372525076395,3.1021981583108156,0.002972265647185006
0.04275308010908995,-0.42386567548433707,19.46846752737007,0.0194453721270981,9.845872970151447,0.011058284795275052,3.0901703441065465,0.0037510522004858366
0.04811156231253989,-0.42386567548433707,19.383524315952958,0.02453449229471992,9.80287463402019,0.013946383290186668,3.0767191257094986,0.00473220155878609
0.0541416530048151,-0.42386567548433707,19.28870402321487,0.030939749024107753,9.754887825914675,0.017578284671536847,3.061687089897631,0.0059675917033430075
0.06092752862714207,-0.42386567548433707,19.18297190355418,0.03899442784982243,9.70139455329294,0.022140841779134994,3.0449035158651996,0.007521986248871796
0.06856391592404971,-0.42386567548433707,19.06521736000644,0.04911289915778338,9.641839387265993,0.02786578534980609,3.0261858498120646,0.00947586975863654
0.07715741427178036,-0.42386567548433707,18.93425945474243,0.06180865569808962,9.575631122598212,0.03503963577514695,3.005343286092994,0.011928549907307738
0.0868279837415025,-0.42386567548433707,18.788858147760752,0.07771534888438007,9.502146036995484,0.04401542900859166,2.9821834728694294,0.015001233685336702
0.09771061966979347,-0.42386567548433707,18.627734185121284,0.09761057236417711,9.420733710582091,0.05522634189775466,2.9565230165093337,0.01883958785443705
0.10995723711238882,-0.42386567548433707,18.44960181659354,0.12244141538046127,9.33072746951373,0.0692009795485055,2.92820080963634,0.023615271685521393
0.12373879148704055,-0.42386567548433707,18.253219801559965,0.15334955672145284,9.231463657546065,0.08657927293143289,2.8970891829855554,0.029526597185825988
0.13924766500838334,-0.42386567548433707,18.03746664106594,0.19169178113990254,9.122317355476389,0.10812616170482217,2.863091289936552,0.03680064989933103
0.15670035222800524,-0.42386567548433707,17.801444062520734,0.2390494510211379,9.002765939430448,0.1347369988226617,2.8261081684142604,0.04570310062248549
0.17634048216824733,-0.42386567548433707,17.544606702207393,0.29721839719013576,8.87249188748773,0.16742418106263568,2.7859702099347445,0.056563949153198796
0.19844221923690444,-0.42386567548433707,17.266906755584117,0.36816988814582763,8.731523073337659,0.20727200986635902,2.74238105069101,0.06981488663727252
0.22331409039755062,-0.42386567548433707,16.96894116200206,0.4539723322147772,8.58037116184719,0.255354601573775,2.6950211544990386,0.0859879768918017
0.2513032920204875,-0.42386567548433707,16.652123540384288,0.5566514100439299,8.420077099659215,0.3126384625939312,2.643983494339378,0.1055634086206843
0.2828005365353655,-0.42386567548433707,16.31900079297499,0.6779189392450878,8.25209270044851,0.37991502889668166,2.5903479367268676,0.12863075000271346
0.3182455065418344,-0.42386567548433707,15.97393677686503,0.8186094189531786,8.07819432437735,0.45772112131060694,2.535904585343984,0.15477261836262496
0.35813299251433084,-0.42386567548433707,15.62423860228805,0.9776357057372047,7.901115831087287,0.5458845144603219,2.4814147684473338,0.1838102082213864
0.40301979977966995,-0.42386567548433707,15.28119171816299,1.1505611882315145,7.726353378655337,0.6421650821090525,2.4264918392886026,0.21612079955470956
0.4535325211846986,-0.42386567548433707,14.96019091152163,1.32833698824184,7.563258404730328,0.7407291806017178,2.3743870102456515,0.24972678462077985
0.5103762839557767,-0.42386567548433707,14.68074284861742,1.4962777253084072,7.422375506542575,0.8329511088189422,2.331055067203798,0.27996020750952855
0.5743445928509872,-0.42386567548433707,14.467819802211109,1.6328210519662605,7.314015937446976,0.9085281478545902,2.296525455962296,0.305595012251485
0.6463304070095649,-0.42386567548433707,14.350974951799754,1.7110064183526041,7.254312105628039,0.9519474238346863,2.2772266367492366,0.32053589495383916
0.7273386051246984,-0.42386567548433707,14.35960159547454,1.7051538081174709,7.259712135107614,0.9479674942756964,2.2787961833638897,0.31930408510369973
0.8185000129460304,-0.42386567548433707,14.518674260133722,1.5995189038882487,7.3401126540652974,0.8899493798610323,2.3035413715949735,0.3002732940188702
0.9210871889273549,-0.42386567548433707,14.83956743689924,1.3992899065637316,7.50312712293857,0.7792711032820326,2.354322603286224,0.2634626379584226
1.0365321883776653,-0.42386567548433707,15.317244640475737,1.1315732832013567,7.745363413593398,0.6312318549520134,2.4297337842814426,0.21412625126402451
1.166446554092426,-0.42386567548433707,15.936842162627725,0.8346787749081008,8.059082900002853,0.46679474872047133,2.5282837299657097,0.15865795301710156
1.3126438125222553,-0.42386567548433707,16.695186382802266,0.5419833861933291,8.443604985894364,0.3038146471029581,2.649072935050038,0.10350899897866057
1.4771647895120215,-0.42386567548433707,17.608524544279707,0.28208323397856794,8.906232172166867,0.15858252133158587,2.794519837532986,0.05414414978652916
1.6623060990028473,-0.42386567548433707,18.723505953732072,0.08549475067191942,9.470242465111586,0.048248723556567466,2.9715384371335527,0.016537746090921075
1.8706522023821734,-0.42386567548433707,20.111176808539557,0.00013022333149538955,10.17180659489115,7.177425589017245e-05,3.191795041123713,2.4697213442085018e-05
2.1051114860111477,-0.42386567548433707,21.868306896127965,0.1034357610335417,11.05937721268241,0.05920909697706034,3.4700802428888124,0.020448474920419586
2.368956860549917,-0.42386567548433707,24.119231429578512,0.5124544675984518,12.19608915157092,0.29598551416457575,3.8258527125056165,0.10278041862060654
2.6658714488230206,-0.42386567548433707,27.00930791346848,1.384419977971115,13.658341485845359,0.8106720855035859,4.283127697540794,0.28381748265699763
3.0,-0.42386567548433707,30.70855441640176,2.9044279777263085,15.525104825226801,1.7263081181692281,4.864851623327627,0.610011890048876
-3.0,-0.37399912542735625,212.56452630576015,54.782311180127564,107.17913345627099,51.76321236579569,33.02968289927465,32.67348127407957
-2.6658714488230206,-0.37399912542735625,179.17129667450823,51.78063201227577,90.20995435818713,47.54828576180968,28.077406964039955,27.444635046599366
-2.368956860549917,-0.37399912542735625,151.77794998161153,48.28764228729891,76.49173789813173,42.76615332572247,23.764620768248847,22.532464581234144
-2.1051114860111477,-0.37399912542735625,129.63826046945604,44.385432738588854,65.36202707951863,37.661673397867474,20.351379299201813,18.444028791994693
-1.8706522023821734,-0.37399912542735625,111.61911986049,40.14838800373712,56.3458747723404,32.56611047740331,17.58195203043878,15.02931837510982
-1.6623060990028473,-0.37399912542735625,96.969704870339,35.739281722132425,48.80194991860452,27.5956286656937,15.260021103062101,12.129138470135198
-1.4771647895120215,-0.37399912542735625,84.56230873160045,31.152623471687892,42.67908338086763,23.101107610930235,13.332464446790805,9.722674271639116
-1.3126438125222553,-0.37399912542735625,74.19734914165524,26.63171057375544,37.52862784901175,19.0397480814278,11.719134630468169,7.733229737735287
-1.166446554092426,-0.37399912542735625,65.87145395749097,22.524739578438762,33.22284358328521,15.49449729465484,10.35365260909757,6.088343464092222
-1.0365321883776653,-0.37399912542735625,58.79063333478465,18.717615370936457,29.730995299688253,12.562988205508272,9.252620241997134,4.805300441200354
-0.9210871889273549,-0.37399912542735625,52.96269193119403,15.40461902082916,26.75109119708087,10.060965691814358,8.372999034349963,3.820964279475032
-0.8185000129460304,-0.37399912542735625,48.06452721855979,12.537391103398502,24.301663613171097,8.036894660337687,7.5794321702651875,2.975286270176244
-0.7273386051246984,-0.37399912542735625,44.00965610419967,10.14617688293568,22.233791747685544,6.377798053366288,6.958807731053263,2.350271103615527
-0.6463304070095649,-0.37399912542735625,40.53058797529874,8.117094176239394,20.51263963366396,5.052480154403305,6.404954562945689,1.8264644832114485
-0.5743445928509872,-0.37399912542735625,37.65528299172856,6.4842874977975296,19.033888507044374,3.970872907299665,5.963564402858992,1.4369776222183739
-0.5103762839557767,-0.37399912542735625,35.230041565614094,5.160331513534168,17.794698483122755,3.117858474580495,5.567475151710585,1.1126926215358783
-0.4535325211846986,-0.37399912542735625,33.149082681741184,4.080523819968512,16.75875930589474,2.451480744504849,5.244553264615236,0.8689416204109741
-0.40301979977966995,-0.37399912542735625,31.38354698831842,3.2182810621884568,15.873414909807513,1.922628959362048,4.974777910490076,0.6816236588358536
-0.35813299251433084,-0.37399912542735625,29.88991359537569,2.5371702594737227,15.11365640510049,1.5038171378649383,4.734822515504115,0.529108312692155
-0.3182455065418344,-0.37399912542735625,28.614222450976573,1.9975945841310012,14.465378523012962,1.1758005990178808,4.52934106977376,0.41026653973484994
-0.2828005365353655,-0.37399912542735625,27.51594406449507,1.5693238407619021,13.912016848727138,0.9198858951484522,4.357908931046277,0.3202694777773288
-0.2513032920204875,-0.37399912542735625,26.56866139215651,1.230636659832508,13.436893819473907,0.7197726483417533,4.211807017874015,0.2507264728706435
-0.22331409039755062,-0.37399912542735625,25.75229812679079,0.9642689622401192,13.026701618479311,0.5629599569947243,4.084276088213022,0.19582488254532002
-0.19844221923690444,-0.37399912542735625,25.048831145308597,0.7555970378873549,12.671572600784469,0.4401162926012264,3.972611367032424,0.15250047887162585
-0.17634048216824733,-0.37399912542735625,24.441695320849828,0.592371620926299,12.363802730962153,0.3440477320384125,3.8756149161421667,0.11868516533910468
-0.15670035222800524,-0.37399912542735625,23.916285635316235,0.464677660969353,12.096897414341958,0.26903857446774687,3.7918944344295067,0.09250778070537588
-0.13924766500838334,-0.37399912542735625,23.46022903887093,0.3646983220320964,11.865178684160359,0.21051669674598505,3.7196808063605182,0.07227566887830941
-0.12373879148704055,-0.37399912542735625,23.06325896664173,0.28634885521916004,11.6636834065008,0.1648531599749066,3.6571734423691837,0.05659221115373186
-0.10995723711238882,-0.37399912542735625,22.716891039773806,0.22490651729906444,11.488130091441498,0.12919816352390318,3.6028012460518397,0.04438129975082467
-0.09771061966979347,-0.37399912542735625,22.41407392047445,0.17669907298982648,11.334869595401596,0.10133122498085947,3.5552951672296564,0.03483788780537549
-0.0868279837415025,-0.37399912542735625,22.14889323264095,0.1388625836128539,11.20081212249177,0.07952901714907518,3.513652315853987,0.02736039050856298
-0.07715741427178036,-0.37399912542735625,21.916343409474965,0.10915788974995777,11.083345053474197,0.062455304241329404,3.4770705712758923,0.021493560570011006
-0.06856391592404971,-0.37399912542735625,21.71215692960598,0.08583151492635552,10.980254536609303,0.04907313808071349,3.444891418889767,0.016887698841295973
-0.06092752862714207,-0.37399912542735625,21.532675544307622,0.06750918192385794,10.889657249506898,0.03857654077789435,3.4165601063103797,0.013271065027784563
-0.0541416530048151,-0.37399912542735625,21.374750733786495,0.053113435849729905,10.809943826972722,0.030337955741702873,3.3916004123194674,0.010431042256342612
-0.04811156231253989,-0.37399912542735625,21.235664547184612,0.04179943605835891,10.739732974780381,0.023867952672222817,3.369598931259025,0.008200746836281027
-0.04275308010908995,-0.37399912542735625,21.113065117178763,0.03290469906991454,10.677834460843703,0.018784289733782128,3.3501947902040725,0.006449074040930791
-0.0379914052040221,-0.37399912542735625,21.004913208829826,0.025909691917424274,10.623219161924549,0.014788087869848187,3.3330722717263743,0.005073048267004453
-0.03376006747802295,-0.37399912542735625,20.909437412237352,0.02040692299964688,10.574994629423104,0.011645420757933402,3.3179549931712145,0.003991833485430255
-0.03,-0.37399912542735625,20.825096320225793,0.0160767059871484,10.532384972750881,0.009173046565224784,3.3046009957986753,0.0031420075244355575
0.03,-0.37399912542735625,19.54453363924929,0.015402885997150294,9.884395589550426,0.008761890308002528,3.1022254987779596,0.002970600755507773
0.03376006747802295,-0.37399912542735625,19.468424861530302,0.019447775569488006,9.845855356415976,0.011059397491180288,3.090198878497965,0.003749094874318755
0.0379914052040221,-0.37399912542735625,19.383362373511748,0.02454477791652824,9.802784586880245,0.013952793439659493,3.0767503899541215,0.004729785422924637
0.04275308010908995,-0.37399912542735625,19.288379211661734,0.030963014113947425,9.75469648578042,0.01759363540769866,3.0617229476836623,0.005964469160471185
0.04811156231253989,-0.37399912542735625,19.18242814803342,0.03903835909678137,9.701064907363014,0.02217065088419639,3.044945184558209,0.007517896786642887
0.0541416530048151,-0.37399912542735625,19.064382403351182,0.049189006956548785,9.641324965202127,0.02791822417482047,3.02623148135986,0.009470821561461878
0.06092752862714207,-0.37399912542735625,18.933039396583847,0.061934155844383304,9.574874971054909,0.03512653752400596,3.005382995091973,0.011923597066299946
0.06856391592404971,-0.37399912542735625,18.787128873465193,0.07791613379217749,9.501080092884422,0.04415356081646636,2.982190442556632,0.015000253437502166
0.07715741427178036,-0.37399912542735625,18.62532736067506,0.09792608588756989,9.419278253799243,0.05543903287136978,2.956439732720846,0.01885279675258565
0.0868279837415025,-0.37399912542735625,18.446281795312046,0.12293290579501977,9.328789088570495,0.06952044594823419,2.927921740594099,0.023665179093393714
0.09771061966979347,-0.37399912542735625,18.248646465172992,0.15411424292571563,9.228927448680698,0.08705073072249331,2.896447081854598,0.029656039730295503
0.10995723711238882,-0.37399912542735625,18.031139041266584,0.19288688605051346,9.119024379781207,0.10881661207435164,2.861864716695641,0.037079230854099164
0.12373879148704055,-0.37399912542735625,17.792623143532836,0.2409312905047171,8.998461186810673,0.13575500740067287,2.8240783234093603,0.04622210511648832
0.13924766500838334,-0.37399912542735625,17.53222554146066,0.3002012452158589,8.866726387088923,0.16896161467966125,2.783046525446979,0.05740479204025441
0.15670035222800524,-0.37399912542735625,17.249493840815507,0.3729048829642094,8.723509800932861,0.20968020622237557,2.7387475306657034,0.07098942710277356
0.17634048216824733,-0.37399912542735625,16.944593311423436,0.4614385228187192,8.568847635924328,0.2592536232630774,2.6911033520646166,0.08741070961040756
0.19844221923690444,-0.37399912542735625,16.61853095431768,0.5682516880569483,8.403315863653633,0.3190131210201205,2.6399238122395245,0.10721863550002783
0.22331409039755062,-0.37399912542735625,16.273394562203055,0.6956178583717529,8.228223812672805,0.39009461791158284,2.585047661487642,0.1310531559018361
0.2513032920204875,-0.37399912542735625,15.912636938987768,0.8452653284976817,8.045700708944223,0.47321104534522823,2.526878837215745,0.1593803728685113
0.2828005365353655,-0.37399912542735625,15.541548560212766,1.0177527072348775,7.858599440766238,0.5684429821061995,2.4670679689789115,0.1919499513037148
0.3182455065418344,-0.37399912542735625,15.168167695166062,1.2113550571927276,7.67046416202603,0.6749732318493995,2.4081657659303173,0.22760591376075032
0.35813299251433084,-0.37399912542735625,14.804675318663826,1.4202470888149943,7.486357816290094,0.7902360512050088,2.351607101154901,0.26535633386569785
0.40301979977966995,-0.37399912542735625,14.468603159327586,1.6323047479630144,7.314973719990019,0.9078420085521423,2.2976888314093653,0.3047085390494098
0.4535325211846986,-0.37399912542735625,14.18291161740667,1.8276155687099689,7.169714857941983,1.0156874436802408,2.2510333447904416,0.34153498805003635
0.5103762839557767,-0.37399912542735625,13.975742226609713,1.9782754004017256,7.065453149108395,1.0979090803664033,2.2192089616419897,0.36819145382409785
0.5743445928509872,-0.37399912542735625,13.881033754327106,2.0497586110293877,7.01690122816303,1.1376117010798679,2.2033475301542023,0.38195601751834457
0.6463304070095649,-0.37399912542735625,13.935954196156034,2.008104256330523,7.044326753865446,1.1150730477755906,2.2112949568548603,0.37501892831936195
0.7273386051246984,-0.37399912542735625,14.174452036003307,1.8336166522592559,7.166051828632712,1.0185069428940914,2.24928281536908,0.3429683871725068
0.8185000129460304,-0.37399912542735625,14.620491992231333,1.5341491486035257,7.391884986334281,0.8538020937586372,2.3196148497158666,0.28829940087707023
0.9210871889273549,-0.37399912542735625,15.279955264437545,1.1512158380771345,7.726289500208582,0.6422020129155614,2.424225111552481,0.21752197738017529
1.0365321883776653,-0.37399912542735625,16.146108836204636,0.7464465193636568,8.165075351137373,0.41778728803317966,2.5613487385559632,0.1422056652766827
1.166446554092426,-0.37399912542735625,17.212381318446635,0.3831110501877563,8.704758027669936,0.21537660113548335,2.7309293445246965,0.07355367956451812
1.3126438125222553,-0.37399912542735625,18.4989331645152,0.11526290531144838,9.356102823938395,0.06509118868353886,2.9355530015083127,0.0223205786994061
1.4771647895120215,-0.37399912542735625,20.058671064538647,0.0004726332549731825,10.144929470296628,0.0002674812962702119,3.1833249556197045,9.238875688883683e-05
1.6623060990028473,-0.37399912542735625,21.981741087536367,0.11717738591664911,11.117064636177288,0.06715937188853108,3.4887969117560806,0.023301736352313803
1.8706522023821734,-0.37399912542735625,24.39097349232255,0.5794814269892435,12.3344751680048,0.3354201043262502,3.8710143226499327,0.11717290999846017
2.1051114860111477,-0.37399912542735625,27.44736422282893,1.5438054524233438,13.877825100422749,0.904857474413957,4.354000512272747,0.318320876749355
2.368956860549917,-0.37399912542735625,31.351482995564844,3.203159619859899,15.849344963383286,1.9088373322288645,4.969478152016876,0.678105890790873
2.6658714488230206,-0.37399912542735625,36.32915597435507,5.7528833950423826,18.367984737683905,3.5056292888226723,5.756493239320409,1.2642068947423777
3.0,-0.37399912542735625,42.646185640184555,9.346395178203878,21.55385395334534,5.847011885771022,6.748839780499584,2.147536720397137
-3.0,-0.32413257537037543,284.2166499957448,58.73794487610033,143.29185968645842,57.103043471566735,44.140242686295856,42.62934326379022
-2.6658714488230206,-0.32413257537037543,237.35576947314954,56.43820734049572,119.48799222791413,54.00424124377198,37.17761111729903,36.68426256575687
-2.368956860549917,-0.32413257537037543,199.05589481026726,53.69543467867978,100.30440320754698,50.240027168410855,31.15003836727465,30.74376312322033
-2.1051114860111477,-0.32413257537037543,168.20330614326187,50.52202635607915,84.79383919522628,45.83433257363317,26.39120051913119,25.561323747013915
-1.8706522023821734,-0.32413257537037543,143.18573193821322,46.91324587266457,72.27239827308243,40.97478964433633,22.54343128123165,21.087865384197453
-1.6623060990028473,-0.32413257537037543,122.92285912693929,42.93762120788512,61.84777116687452,35.78324649509209,19.333587049331797,17.197265939963422
-1.4771647895120215,-0.32413257537037543,105.85812848329846,38.531648547565155,53.419409242924395,30.714683630142748,16.681652422150005,13.906982340214554
-1.3126438125222553,-0.32413257537037543,91.67772747457252,33.88717477566309,46.36853576334713,25.856622343869873,14.473766764114018,11.14570951353701
-1.166446554092426,-0.32413257537037543,80.32873917130898,29.385012084309786,40.505607092812525,21.415364525859957,12.616132939972017,8.8349954269134
-1.0365321883776653,-0.32413257537037543,70.7361072777774,24.975356779286933,35.77053382353024,17.60546218755792,11.12418104490293,7.010770486326121
-0.9210871889273549,-0.32413257537037543,62.878504493815065,20.94848936959907,31.755055951822083,14.265581750976988,9.936272249419353,5.596424455210392
-0.8185000129460304,-0.32413257537037543,56.31176781153475,17.325355266568522,28.46996662544371,11.501723066845129,8.873766059254894,4.376144228992265
-0.7273386051246984,-0.32413257537037543,50.90243504291087,14.204926686598426,25.71252217629959,9.197153656190341,8.044955981507586,3.465819444834121
-0.6463304070095649,-0.32413257537037543,46.29060007685867,11.490677340794274,23.429107283090353,7.3296707656273,7.311161613425939,2.7007027074925127
-0.5743445928509872,-0.32413257537037543,42.49710638432202,9.259239492181548,21.479487165994872,5.789494042304559,6.728246689748357,2.1279156000044135
-0.5103762839557767,-0.32413257537037543,39.31441304536744,7.419889709281574,19.854075689597646,4.563262306595379,6.20920824519806,1.6503793375125155
-0.4535325211846986,-0.32413257537037543,36.599362532506795,5.9005496889959925,18.501821886825855,3.597911086579872,5.787703875942338,1.2898069846372153
-0.40301979977966995,-0.32413257537037543,34.30778937898759,4.6743404156317805,17.352398771180205,2.8276072076832857,5.4371647924960005,1.0119353241834699
-0.35813299251433084,-0.32413257537037543,32.378500825408636,3.6973408103410073,16.37127122633673,2.2150104518921907,5.127428904606251,0.7856744366336039
-0.3182455065418344,-0.32413257537037543,30.738785093582894,2.9182783377905115,15.538188303108422,1.7335537042544913,4.8635246215072945,0.6091650581786477
-0.2828005365353655,-0.32413257537037543,29.33400326144519,2.296865288763003,14.830361093701509,1.3569383095963223,4.644201533940922,0.4752895167302389
-0.2513032920204875,-0.32413257537037543,28.128003524586696,1.803563145538732,14.225354169868236,1.0619223515049998,4.4580787452790505,0.37179906341833124
-0.22331409039755062,-0.32413257537037543,27.093192314248352,1.4144491846892437,13.705316783221637,0.8304933532074102,4.2963779952102,0.29014719579605164
-0.19844221923690444,-0.32413257537037543,26.20508921797806,1.1089399960842221,13.25696192726977,0.6490900882624375,4.155430381935051,0.2257662442791216
-0.17634048216824733,-0.32413257537037543,25.44149986974913,0.8695885736664382,12.869910083319308,0.5071912640092231,4.0334827443206525,0.17555087993402033
-0.15670035222800524,-0.32413257537037543,24.783046074986938,0.6821445463110861,12.535461438008412,0.3964013589689473,3.9285938002853498,0.1367025455540972
-0.13924766500838334,-0.32413257537037543,24.213415497463135,0.5352942420433858,12.24607540823113,0.3099847971110622,3.83840917538075,0.10669901424098596
-0.12373879148704055,-0.32413257537037543,23.71913467337329,0.42018306867956917,11.99521506121219,0.24258423263392997,3.7605793857405545,0.08346146446226359
-0.10995723711238882,-0.32413257537037543,23.28911312240026,0.32991028465566796,11.7772802957784,0.1899861670527514,3.693070428626447,0.06538754550051622
-0.09771061966979347,-0.32413257537037543,22.914170752109097,0.25909419971768993,11.587525581930343,0.14890419682045586,3.634243801505787,0.051277586517846106
-0.0868279837415025,-0.32413257537037543,22.586641026814718,0.20352912007999743,11.42195288245336,0.11678624767047707,3.5828058835004835,0.040234672092065396
-0.07715741427178036,-0.32413257537037543,22.300065260799055,0.15992252874259252,11.277197111353392,0.09165312892015726,3.537723283273144,0.03158014411279633
-0.06856391592404971,-0.32413257537037543,22.04896302336843,0.12569412755807652,11.150419304346288,0.07196918702079241,3.4981496769827447,0.024793068343109993
-0.06092752862714207,-0.32413257537037543,21.828658356086933,0.0988209424619019,11.039214680365783,0.05654133223964959,3.463374694909629,0.019469112774795214
-0.0541416530048151,-0.32413257537037543,21.635145176362023,0.07771688184984343,10.941536860876385,0.04444117911380044,3.432791210829349,0.01529235856226341
-0.04811156231253989,-0.32413257537037543,21.46498031281421,0.061138515840156116,10.855636609496962,0.03494524151819711,3.4058746317851054,0.012015206390640035
-0.04275308010908995,-0.32413257537037543,21.315196630747458,0.04811114391223206,10.780012548369942,0.02748896928078623,3.382169112179691,0.009443426430686453
-0.0379914052040221,-0.32413257537037543,21.18323135629015,0.03787073202536094,10.713371373437136,0.021631336693516683,3.3612775528216337,0.00742467682474658
-0.03376006747802295,-0.32413257537037543,21.06686632503411,0.029818328295409726,10.654595499811817,0.01702748232354948,3.3428536980931836,0.00583952801619931
-0.03,-0.32413257537037543,20.964177845273806,0.02348430495752636,10.602716521743686,0.013407513790214326,3.326595507882605,0.004594394688285483
0.03,-0.32413257537037543,19.41851498819456,0.02236426411633738,9.820593718578724,0.012714512057811404,3.082326725146814,0.004308970097796037
0.03376006747802295,-0.32413257537037543,19.327534129439503,0.028223759903770865,9.774523207733177,0.01603977014140938,3.06794993176832,0.005434976797645573
0.0379914052040221,-0.32413257537037543,19.225980950064503,0.03560114204186885,9.723103215425176,0.020223539332415354,3.0518941441485685,0.006851986143407798
0.04275308010908995,-0.32413257537037543,19.112750745262503,0.04488171876436166,9.665777709462171,0.02548233913721302,3.033979720078499,0.008633877012929923
0.04811156231253989,-0.32413257537037543,18.98665850713397,0.056544915562721,9.6019515053393,0.03208490691059557,3.014012453865613,0.010872689073336687
0.0541416530048151,-0.32413257537037543,18.84644418043241,0.07118546541319173,9.530993206571477,0.04036367033654645,2.9917843245808324,0.013682739486667447
0.06092752862714207,-0.32413257537037543,18.69078274295276,0.08953842150303958,9.452240333728911,0.050728210303000926,2.9670756266323814,0.01720539026298516
0.06856391592404971,-0.32413257537037543,18.518301029435847,0.11250810194026473,9.365007271840492,0.06368079410416094,2.939659425066017,0.021614295891110132
0.07715741427178036,-0.32413257537037543,18.32760401489107,0.14120060358695616,9.26859686902129,0.07983388465179708,2.909309678210439,0.027120663973085393
0.0868279837415025,-0.32413257537037543,18.11731443662739,0.17695861715734398,9.162316929266893,0.09992919080734496,2.875814599804375,0.03397759144283776
0.09771061966979347,-0.32413257537037543,17.88613125806731,0.2213956405775701,9.04550371469239,0.12485714543242515,2.8389963073168127,0.042481983111526324
0.10995723711238882,-0.32413257537037543,17.632914521994998,0.2764238873940519,8.917556346184844,0.15567431954684216,2.7987354022456694,0.0529723576988263
0.12373879148704055,-0.32413257537037543,17.35680617887349,0.3442656931336162,8.777989225377153,0.19361350964096025,2.754993430270965,0.06582211310945546
0.13924766500838334,-0.32413257537037543,17.057397301891427,0.4274316442680164,8.626514499760532,0.24007597483751716,2.707817186673963,0.08143225538662444
0.15670035222800524,-0.32413257537037543,16.73494949743419,0.528640289386055,8.46317158783372,0.2965864964742972,2.657302984860757,0.10023529823840259
0.17634048216824733,-0.32413257537037543,16.390670045232685,0.6506458079171579,8.28851977564094,0.36468057070406645,2.603517082304459,0.12272444686501724
0.19844221923690444,-0.32413257537037543,16.027028491260744,0.7959338417019383,8.103889855441334,0.44568684843598516,2.546444558711541,0.14949159757279595
0.22331409039755062,-0.32413257537037543,15.648102963226721,0.9662395567438156,7.911638147142071,0.5403859362369994,2.486171275494995,0.18115768110979233
0.2513032920204875,-0.32413257537037543,15.259993628551992,1.1618164297172822,7.71528112796845,0.6485857197547779,2.4235159640168273,0.21796145679373194
0.2828005365353655,-0.32413257537037543,14.871464944610405,1.3803021443288295,7.519433500073562,0.7686997537961305,2.360803394893439,0.2589767208639172
0.3182455065418344,-0.32413257537037543,14.495078159990113,1.614916477074128,7.329844285006217,0.8972308188995148,2.3014451587134843,0.30185721996927856
0.35813299251433084,-0.32413257537037543,14.148811381415477,1.8518835074952595,7.154408616783664,1.0275021000396465,2.247697969961116,0.3442693893600208
0.40301979977966995,-0.32413257537037543,13.857347427678313,2.0678966926737727,7.005499450906032,1.1470677951746426,2.200767803416657,0.38422529201502675
0.4535325211846986,-0.32413257537037543,13.65196197386601,2.229617499028452,6.90089108502251,1.2362161813603996,2.166752667095136,0.41496035942614895
0.5103762839557767,-0.32413257537037543,13.569779895518053,2.2965983334730096,6.85990872382104,1.2723364433973545,2.1547442428378676,0.42617748729870164
0.5743445928509872,-0.32413257537037543,13.653180507239105,2.228634230535201,6.901528981972571,1.2356593362004653,2.1670987753842423,0.4146399248885321
0.6463304070095649,-0.32413257537037543,13.945169034906472,2.0011699918966555,7.0491790781756505,1.111115624381734,2.212710778186249,0.3737916092574941
0.7273386051246984,-0.32413257537037543,14.481411036264552,1.6238779524323192,7.321519288465713,0.9031616093637014,2.297891394104528,0.30455435355419513
0.8185000129460304,-0.32413257537037543,15.28229356154839,1.1499780019661918,7.727107602593836,0.641729131272406,2.4246402898124644,0.2172649271344304
0.9210871889273549,-0.32413257537037543,16.349242900127447,0.6663303066339198,8.267669169252542,0.3733563245288306,2.5940301949450997,0.1269631623399277
1.0365321883776653,-0.32413257537037543,17.67978105087019,0.2657279015088828,8.941304714548473,0.14967165864937326,2.8050899919552847,0.05123249436177036
1.166446554092426,-0.32413257537037543,19.286974803419977,0.03106371129613376,9.754645605946223,0.017597718534613196,3.060644257630854,0.0060587716098777986
1.3126438125222553,-0.32413257537037543,21.22463195777761,0.04095738862153003,10.734711433089458,0.023433753971789446,3.3685423824834433,0.008100148540895503
1.4771647895120215,-0.32413257537037543,23.59259342914734,0.39264120805338787,11.93127870872488,0.22656713317323118,3.744162714163424,0.07888511882580311
1.6623060990028473,-0.32413257537037543,26.53272168733224,1.21839391109192,13.417114813902687,0.7118614603167978,4.211378029716374,0.25053250230353286
1.8706522023821734,-0.32413257537037543,30.22953631126858,2.6876658346561673,15.284709788263486,1.595031331230658,4.797717654844076,0.5677125455090145
2.1051114860111477,-0.32413257537037543,34.9215768177241,4.996568137152034,17.653646979459488,3.0244159765343355,5.538240630346632,1.0898176722734907
2.368956860549917,-0.32413257537037543,40.90166184715087,8.33137510081824,20.673542571650216,5.1736644346329,6.479575586226093,1.8949084211719749
2.6658714488230206,-0.32413257537037543,48.49210155614595,12.789384822892039,24.514308537818042,8.2105685731164,7.679170717757771,3.0789459495425975
3.0,-0.32413257537037543,58.07391491578615,18.31792240078164,29.344961550491636,12.2379592869761,9.183490376525386,4.726457066713459
-3.0,-0.2742660253133946,365.5318131385055,61.262367309426764,184.27420437938576,60.316005587615436,56.749469861565274,50.914673406019176
-2.6658714488230206,-0.2742660253133946,303.1940496634411,59.45576945840625,152.61733604860186,58.013180017120135,47.474525670691584,45.12536601391306
-2.368956860549917,-0.2742660253133946,252.384871361707,57.2747378899345,127.16463586517263,55.15213861062665,39.480501690062,38.76058078530477
-2.1051114860111477,-0.2742660253133946,211.55718643102438,54.70631502933537,106.63842975805231,51.65127295047977,33.18075530930606,32.82558271505616
-1.8706522023821734,-0.2742660253133946,178.54402379138492,51.712967584548984,90.11169579509395,47.51901107590449,28.100556167974357,27.470140464843073
-1.6623060990028473,-0.2742660253133946,151.88185842322116,48.3033150769079,76.4046198052039,42.730834580137625,23.87875414656301,22.66635134168284
-1.4771647895120215,-0.2742660253133946,129.52486982585052,44.362147296889226,65.35533656889243,37.658224643053174,20.403536351020644,18.50761914768739
-1.3126438125222553,-0.2742660253133946,111.0225492387609,39.98750340307205,56.151062679501266,32.44590212831956,17.52204567839776,14.954773776021167
-1.166446554092426,-0.2742660253133946,96.25751804009336,35.49863707343778,48.529559694282966,27.40417871849137,15.108846237325452,11.939974111396479
-1.0365321883776653,-0.2742660253133946,83.83754373404076,30.857622012462972,42.39436218712503,22.88279988267349,13.176803579087048,9.529319938023102
-0.9210871889273549,-0.2742660253133946,73.7028223449347,26.39956417867312,37.21740196278963,18.787393959262474,11.642700897860795,7.639994033311852
-0.8185000129460304,-0.2742660253133946,65.27142775658352,22.212802746652393,32.99824025248018,15.30692865184217,10.279867050719432,6.000944649553413
-0.7273386051246984,-0.2742660253133946,58.354042096572805,18.474427076614674,29.47321395632542,12.345937758770495,9.219116084371075,4.767059915747713
-0.6463304070095649,-0.2742660253133946,52.48689944325357,15.128616815853947,26.56640432141485,9.906886916729734,8.285974655650937,3.7260467335147767
-0.5743445928509872,-0.2742660253133946,47.67987229646531,12.310551448515804,24.09723891282532,7.8703959551315,7.546740257719222,2.9414896739402487
-0.5103762839557767,-0.2742660253133946,43.6647954746461,9.943493393464108,22.04753325351132,6.231552256795143,6.892713233784596,2.285938293687637
-0.4535325211846986,-0.2742660253133946,40.25638101078542,7.9591866666595905,20.349289964200572,4.93009788674216,6.363379554979567,1.7886404600164563
-0.40301979977966995,-0.2742660253133946,37.3923364105574,6.337982601999364,18.91242771414631,3.884902203418183,5.92488079477766,1.404188328271534
-0.35813299251433084,-0.2742660253133946,34.991164352379975,5.033408742097625,17.69156070603855,3.0494533573605342,5.539594903766695,1.0908739343086797
-0.3182455065418344,-0.2742660253133946,32.95908564124015,3.985123719304742,16.659317506332062,2.390085586986156,5.212755216422326,0.8460508695071292
-0.2828005365353655,-0.2742660253133946,31.225611342208637,3.143998948112528,15.785837245043703,1.8726063720402952,4.942066075920235,0.6600151029897119
-0.2513032920204875,-0.2742660253133946,29.743565811626905,2.4731675312165873,15.04222682358643,1.4662836884969346,4.713221473127596,0.5160838946496021
-0.22331409039755062,-0.2742660253133946,28.476827354525415,1.942078410447924,14.405551789517471,1.1470166535157444,4.515234223484317,0.4025353283816566
-0.19844221923690444,-0.2742660253133946,27.393639974728334,1.5239201886596045,13.858691911227877,0.8964891452860055,4.343350129502313,0.31303504457497067
-0.17634048216824733,-0.2742660253133946,26.465520880556102,1.1956261707185512,13.38826908297269,0.7003858666938253,4.1951701247971345,0.24324904318488616
-0.15670035222800524,-0.2742660253133946,25.667796064821612,0.9381462433453955,12.983122033879127,0.5472209966007886,4.068126916544628,0.18927814572166102
-0.13924766500838334,-0.2742660253133946,24.97980430708448,0.7362280060557265,12.633643823464023,0.42774229483518,3.959215892839263,0.14761446955560598
-0.12373879148704055,-0.2742660253133946,24.384545730859884,0.5778563379211804,12.331562501985454,0.33456836831927345,3.865486413464949,0.11536702956229451
-0.10995723711238882,-0.2742660253133946,23.8680745694381,0.4536206657158174,12.06983255463026,0.2618806236805554,3.7844009346967153,0.0903054966025151
-0.09771061966979347,-0.2742660253133946,23.4188873810198,0.3561545903307806,11.842512774466325,0.2051332566359832,3.7139202836269662,0.07075825608223307
-0.0868279837415025,-0.2742660253133946,23.027413331783368,0.27968584186689655,11.64461933280808,0.16079230513325535,3.652436076065225,0.055474641732804
-0.07715741427178036,-0.2742660253133946,22.685621633620357,0.21968695189678394,11.471974184460294,0.12611537285021618,3.5986650241815386,0.04350818621312551
-0.06856391592404971,-0.2742660253133946,22.386725943576,0.17260537722111877,11.321066101409112,0.09897413693793153,3.551558476764989,0.03413269047371186
-0.06092752862714207,-0.2742660253133946,22.124959987873112,0.13565377941164064,11.188932119147552,0.07771518960997381,3.510239099219391,0.026784973899669964
-0.0541416530048151,-0.2742660253133946,21.89540353762313,0.10664592401072226,11.073060271440099,0.06105238383123356,3.47395999091794,0.02102547951586893
-0.04811156231253989,-0.2742660253133946,21.69384419708561,0.08386770228603088,10.971311179174352,0.047983946755918945,3.4420784521327676,0.01651011863307228
-0.04275308010908995,-0.2742660253133946,21.516665426862257,0.0659755826127185,10.881855103241762,0.03772867546139132,3.4140382823059148,0.012969299669094088
-0.0379914052040221,-0.2742660253133946,21.360754504742733,0.0519166709793797,10.803121241169361,0.029676734546794984,3.3893568287376703,0.010191825533797522
-0.03376006747802295,-0.2742660253133946,21.223426145863566,0.040865853382434245,10.733756599834562,0.023351625698509144,3.367614742074411,0.008012318005034224
-0.03,-0.2742660253133946,21.102358726218103,0.03217644054954652,10.672592363526785,0.018380727470027003,3.3484474249108582,0.006301328673708517
0.03,-0.2742660253133946,19.29543263636749,0.03045984286677446,9.758278388239262,0.017307417312338647,3.062891456307499,0.005863174946659474
0.03376006747802295,-0.2742660253133946,19.190090301559174,0.03842169342030625,9.704936098367149,0.021821901398821543,3.046245122854878,0.007390895733977561
0.0379914052040221,-0.2742660253133946,19.07265885163698,0.04843731952832746,9.645476906258915,0.027496453137655252,3.0276787824823934,0.009311432524010527
0.04275308010908995,-0.2742660253133946,18.941918606108082,0.06102386586032722,9.579287048099475,0.034621064729193976,3.0069938599460957,0.011723581733314073
0.04811156231253989,-0.2742660253133946,18.79657503063006,0.07682269151773173,9.505716571833027,0.04355439807732407,2.983977817368944,0.014749978771602713
0.0541416530048151,-0.2742660253133946,18.63526991100014,0.09662621676227148,9.42408529873638,0.05473821138849087,2.9584058439550187,0.018542273461097897
0.06092752862714207,-0.2742660253133946,18.456599487938377,0.1214089568162616,9.333692008943206,0.06871391086637232,2.9300443652259593,0.023286985206081273
0.06856391592404971,-0.2742660253133946,18.2591421329779,0.15236237382412487,9.233827765099294,0.08614104799756081,2.898657508697148,0.02921170910250614
0.07715741427178036,-0.2742660253133946,18.041499152634284,0.19093227259725476,9.123794574650658,0.10781720282421639,2.86401812423077,0.03659089796490955
0.0868279837415025,-0.2742660253133946,17.802353748687707,0.23885584379287986,9.00293112975049,0.13469801747692728,2.8259252133159096,0.04574974898335987
0.09771061966979347,-0.2742660253133946,17.54055513702172,0.29819266208162737,8.870648446905799,0.1679149083599356,2.7842290019240328,0.05706389365942175
0.10995723711238882,-0.2742660253133946,17.25523727385016,0.3713393233264226,8.726480348700147,0.20878566220625072,2.738862131558112,0.07095221582128979
0.12373879148704055,-0.2742660253133946,16.94598404086439,0.46101018141653327,8.570157490408581,0.2588087418888828,2.6898689868457555,0.08786168532543584
0.13924766500838334,-0.2742660253133946,16.61305369835326,0.5701562897174745,8.401719183102912,0.31962423198725737,2.637415202843882,0.1082487918509084
0.15670035222800524,-0.2742660253133946,16.257672417459247,0.7017817105222601,8.221682663808174,0.3929116985896899,2.581753444814295,0.1325718892567616
0.17634048216824733,-0.2742660253133946,15.882397333032527,0.8586035435045455,8.031287635284034,0.4801796855191559,2.523143202427312,0.16131066805798439
0.19844221923690444,-0.2742660253133946,15.491536515581556,1.0424937167437607,7.832810257700522,0.5823945540485095,2.461808804522684,0.1949864434146954
0.22331409039755062,-0.2742660253133946,15.091614543001073,1.2536362306357027,7.629881314218084,0.6994245752960148,2.398164813132674,0.2340257047898795
0.2513032920204875,-0.2742660253133946,14.69192694833848,1.4893136046943771,7.427673651585329,0.8293607521323203,2.333538534928723,0.2781698621929841
0.2828005365353655,-0.2742660253133946,14.305357659880093,1.7421691198359694,7.232882670991464,0.9678456705808531,2.27101920651165,0.32543677629696616
0.3182455065418344,-0.2742660253133946,13.949718442337112,1.9977522909195562,7.0538384284381195,1.1073241215055705,2.2149627183206744,0.37184477675689237
0.35813299251433084,-0.2742660253133946,13.649535637843849,2.23157623247195,6.9016810713512795,1.2355265956507075,2.1685695017050217,0.41328007840993725
0.40301979977966995,-0.2742660253133946,13.437304522994696,2.4073650363641237,6.792816809625072,1.332952487823146,2.134134611587309,0.4458844823601813
0.4535325211846986,-0.2742660253133946,13.353021496506596,2.4796622352580977,6.749540896748011,1.3730441801399709,2.1192804726886068,0.4604503632922942
0.5103762839557767,-0.2742660253133946,13.442675701560802,2.402806146516173,6.795536124364574,1.3304594332433333,2.1344795835450587,0.4455498343326903
0.5743445928509872,-0.2742660253133946,13.756047446968171,2.146657656292934,6.953620899729386,1.1907367821356332,2.1833220995591462,0.3997986401792062
0.6463304070095649,-0.2742660253133946,14.339903253918925,1.7185366969114053,7.249233350527012,0.9557002090971941,2.2753392161332373,0.3220211161524278
0.7273386051246984,-0.2742660253133946,15.229093577133941,1.1783440849069993,7.7000870585454235,0.6574599066862212,2.4164935678606847,0.22234233287398292
0.8185000129460304,-0.2742660253133946,16.439449772210967,0.6324578418983935,8.313009876344946,0.35464125831440935,2.6083787870036024,0.12058427037880926
0.9210871889273549,-0.2742660253133946,17.971599132837643,0.20433183593784832,9.088826122495828,0.11525995917094647,2.8517077027913125,0.039429794720880276
1.0365321883776653,-0.2742660253133946,19.834708496982042,0.004363396301547993,10.031720170521396,0.00247349709619887,3.1477317024539695,0.0008534898600518271
1.166446554092426,-0.2742660253133946,22.072450038568704,0.12873479303058585,11.164115310062115,0.0739890468652527,3.503458002848162,0.025658801904273505
1.3126438125222553,-0.2742660253133946,24.780293338106492,0.6813998572923297,12.53289190004152,0.3955946291428011,3.9334656975061844,0.13841446810741945
1.4771647895120215,-0.2742660253133946,28.113169196714605,1.7977514193921516,14.216184919262492,1.0576577122408755,4.461652156133406,0.37369279336720507
1.6623060990028473,-0.2742660253133946,32.27142983563173,3.6449064427462896,16.317343785324777,2.1827020683567633,5.122654715167242,0.7823421694607519
1.8706522023821734,-0.2742660253133946,37.51027521724702,6.403530795909857,18.963639055452465,3.9210916554386532,5.953444568011975,1.4283775769403497
2.1051114860111477,-0.2742660253133946,44.15830795633554,10.233611109871083,22.319885492935512,6.44560126435979,7.001814209254655,2.3923778516019
2.368956860549917,-0.2742660253133946,52.6157489015876,15.203428412095533,26.590934972823998,9.927341637975644,8.331807549141017,3.7759754246526334
2.6658714488230206,-0.2742660253133946,63.3165639220228,21.18232666903227,32.00562073624922,14.475842995804257,10.022472454834864,5.697512834679398
3.0,-0.2742660253133946,76.77532192461388,27.81749130866177,38.78918544214822,20.054424965796855,12.134654739074229,8.241987078061063
-3.0,-0.2243994752564138,455.7971120765901,62.96408827581781,229.76687459174778,62.376109235973786,70.74683320269149,56.82237383179499
-2.6658714488230206,-0.2243994752564138,376.1169849013484,61.50654601255135,189.31160260562913,60.60072392899649,58.87914203787821,52.01719210696763
-2.368956860549917,-0.2243994752564138,311.31092313566546,59.734504442102796,156.84379834275808,58.38406140911505,48.68510375953906,45.97608033638849
-2.1051114860111477,-0.2243994752564138,259.33701420946835,57.62692990808817,130.71295780461267,55.62997491876283,40.66321534728066,39.78472315690162
-1.8706522023821734,-0.2243994752564138,217.4033987298312,55.1369916856215,109.717155840632,52.272153092007024,34.20765482420142,33.84751866837211
-1.6623060990028473,-0.2243994752564138,183.61336389256908,52.24603983506753,92.35521326394561,48.17167352003157,28.858900589867257,28.300312578450168
-1.4771647895120215,-0.2243994752564138,155.37587995610946,48.81806510761445,78.39273461811115,43.51998736226456,24.468763461172145,23.355285460260202
-1.3126438125222553,-0.2243994752564138,132.0827279569172,44.87824609353943,66.80081720417975,38.39223453232816,20.840479086487367,19.039114056588105
-1.166446554092426,-0.2243994752564138,113.53801476321571,40.65607418714144,57.23437156943843,33.108864468025224,17.8130516672942,15.316675732809962
-1.0365321883776653,-0.2243994752564138,97.9989819197524,36.0824697674701,49.55396664636042,28.119924646611874,15.395456272199972,12.298617430175621
-0.9210871889273549,-0.2243994752564138,85.35853943904935,31.47313696688048,43.0992225605978,23.421812254659834,13.480130315105521,9.906297266713183
-0.8185000129460304,-0.2243994752564138,74.8815311218879,26.95040306712219,37.85516402645606,19.30375400102679,11.788011087762209,7.8173441784357856
-0.7273386051246984,-0.2243994752564138,66.31449598457515,22.753728066296958,33.49064636842598,15.717876510186322,10.473413809488125,6.230574545678866
-0.6463304070095649,-0.2243994752564138,59.07924477249188,18.877879710874005,29.904156991512636,12.708793487915873,9.323064497211421,4.885876253521109
-0.5743445928509872,-0.2243994752564138,53.17102906342685,15.525253485237979,26.87070520159682,10.160849706532614,8.413905392274076,3.8657491496617467
-0.5103762839557767,-0.2243994752564138,48.25479447016861,12.649549082894396,24.361766856629046,8.085934374909069,7.6138449890826845,3.0109589684533247
-0.4535325211846986,-0.2243994752564138,44.098728527892135,10.198563013362001,22.290349968264497,6.422326213886632,6.96821142235564,2.3594616079511956
-0.40301979977966995,-0.2243994752564138,40.6197780003747,8.168537574217531,20.544698020652717,5.076575313702848,6.435173867994472,1.8540970822632203
-0.35813299251433084,-0.2243994752564138,37.71369584087227,6.516868627349542,19.067346628930878,3.9946381800729505,5.969080020098639,1.4416714908640527
-0.3182455065418344,-0.2243994752564138,35.26349619972001,5.178162703072181,17.82289668450238,3.1366350576072786,5.575205036692895,1.1187666360848034
-0.2828005365353655,-0.2243994752564138,33.18123168184826,4.096723891283642,16.773629862135166,2.4607028923132055,5.250001765748704,0.8728847922016671
-0.2513032920204875,-0.2243994752564138,31.407508611533828,3.2295948596717023,15.88354895075582,1.9284453495817873,4.975997702746883,0.6824342281136414
-0.22331409039755062,-0.2243994752564138,29.896740145410394,2.5401683662931465,15.12413648819799,1.5093518533208956,4.739822908938398,0.5321405250276666
-0.19844221923690444,-0.2243994752564138,28.609137475844573,1.99553047496592,14.474056589551456,1.1799974998120073,4.535525765969685,0.4136739215519566
-0.17634048216824733,-0.2243994752564138,27.509320878327674,1.5668528173738463,13.916633966810261,0.921922509277588,4.359976791793327,0.3213023544883239
-0.15670035222800524,-0.2243994752564138,26.566839129643743,1.2300148038662475,13.438009361525038,0.7202198704484374,4.209911181759427,0.2498697185249751
-0.13924766500838334,-0.2243994752564138,25.756305496867363,0.9655147567900713,13.02632178112576,0.5628219925352357,4.0816142057362015,0.1947393615391038
-0.12373879148704055,-0.2243994752564138,25.05690033218369,0.7578745287600103,12.671416083224969,0.44006492712798984,3.9714861753807535,0.15208744714047936
-0.10995723711238882,-0.2243994752564138,24.45159414179002,0.5949009931931931,12.364685072709007,0.3443087498870545,3.876448889720038,0.11896020388142159
-0.09771061966979347,-0.2243994752564138,23.926382053596363,0.4670075687684524,12.098901042990581,0.2695718209654885,3.7940340341784653,0.09314090238306096
-0.0868279837415025,-0.2243994752564138,23.4696500064008,0.36665756919449105,11.86802361374538,0.2111967617987123,3.7222965626999778,0.07296947073003036
-0.07715741427178036,-0.2243994752564138,23.071686739254734,0.2879254736928488,11.667006733477095,0.1655657188338853,3.6596863384233047,0.057189127755504755
-0.06856391592404971,-0.2243994752564138,22.724315552045187,0.22615390693807408,11.491624133865598,0.12986933167028092,3.6049391943493063,0.044835722952223746
-0.06092752862714207,-0.2243994752564138,22.420614171041166,0.17768453627171502,11.338321465692326,0.10192465408360697,3.557000552723841,0.035161955710207964
-0.0541416530048151,-0.2243994752564138,22.15469724825918,0.13964593932694389,11.204095446904207,0.08003373899425871,3.514975736199192,0.02758503876298288
-0.04811156231253989,-0.2243994752564138,21.92154371815012,0.10978593084209048,11.086396661094962,0.06287443760363368,3.4780977256665997,0.021649194260451542
-0.04275308010908995,-0.2243994752564138,21.71685721062563,0.08633899380476603,10.983051666247242,0.0494161624166545,3.445705161427238,0.01699768195701517
-0.0379914052040221,-0.2243994752564138,21.53695167405854,0.06792160335528252,10.892200370916438,0.03885483804542206,3.41722613933217,0.013351316778453946
-0.03376006747802295,-0.2243994752564138,21.37865681394682,0.053449742494603956,10.81224534980325,0.030562581789389746,3.3921653844930018,0.010491700908742149
-0.03,-0.2243994752564138,21.23923945691643,0.04207404277403262,10.741810505349498,0.024048710678140354,3.3700935861567793,0.008248050713460978
0.03,-0.2243994752564138,19.175535954680374,0.03959743017107135,9.697575876910495,0.022487432597086774,3.0439590924809856,0.0076149829118207476
0.03376006747802295,-0.2243994752564138,19.056363306023496,0.0499231065595363,9.637230722847246,0.02833741424414721,3.0251271079452384,0.009593390558435406
0.0379914052040221,-0.2243994752564138,18.923686270771913,0.06290071202003919,9.570052622916096,0.035683408119134716,3.004150175096361,0.01207786591583962
0.04275308010908995,-0.2243994752564138,18.776192147896076,0.07919235186472803,9.495381176871504,0.044895935328768725,2.980814282720177,0.015194455107303016
0.04811156231253989,-0.2243994752564138,18.612504007219115,0.09961627801730295,9.41252536818086,0.056431533252780317,2.954892891199762,0.019099016478095428
0.0541416530048151,-0.2243994752564138,18.431199059297565,0.12517906478532176,9.320773188453279,0.0708499063221012,2.9261497707043618,0.02398337735478938
0.06092752862714207,-0.2243994752564138,18.230836440817352,0.1571118393644535,9.219405681915022,0.08883305070591561,2.894344144794436,0.03008209905640488
0.06856391592404971,-0.2243994752564138,18.00999773316324,0.19690937930863014,9.107716649163887,0.11120573028407735,2.859239478067698,0.03767929248961679
0.07715741427178036,-0.2243994752564138,17.767344762505726,0.24636935569857943,8.985039628693578,0.13895599572729628,2.820617766485824,0.04711429008439301
0.0868279837415025,-0.2243994752564138,17.501700960339264,0.30762636772169133,8.850784452388908,0.17325327756396863,2.778301467544744,0.05878400001351729
0.09771061966979347,-0.2243994752564138,17.21216489615204,0.38317102538159153,8.704486974414342,0.21545956954011303,2.732184491425475,0.0731385952519628
0.10995723711238882,-0.2243994752564138,16.898267437644982,0.4758372839282379,8.545878040520098,0.26712562946863794,2.6822705659930297,0.09066658445520445
0.12373879148704055,-0.2243994752564138,16.560186737102683,0.5887304973258897,8.374982029345748,0.3299576961736341,2.6287101235824095,0.11186716369840985
0.13924766500838334,-0.2243994752564138,16.199036282246027,0.7250536729104581,8.192261424535113,0.40572916088161676,2.5718160149688636,0.13721478517900268
0.15670035222800524,-0.2243994752564138,15.817237789020966,0.8877713495642617,7.998829530406825,0.4960947249530452,2.5120325025549923,0.1671326687042138
0.17634048216824733,-0.2243994752564138,15.418980183868646,1.0790340700255743,7.796750577389753,0.6022452428272818,2.449857280190137,0.20199291593586333
0.19844221923690444,-0.2243994752564138,15.01075157822087,1.2992797364809223,7.589419092979569,0.7243363505999707,2.3858123749242446,0.24210493059424984
0.22331409039755062,-0.2243994752564138,14.601932836601643,1.5459357307279529,7.381944482751137,0.8606697242859684,2.3207148700129157,0.28749097029757004
0.2513032920204875,-0.2243994752564138,14.205499875735198,1.811654065623627,7.181393835830781,1.006731184410744,2.256483880645835,0.33709611062781686
0.2828005365353655,-0.2243994752564138,13.8390146990883,2.0820072306254533,6.996819265686508,1.1543007419578657,2.1970501389974504,0.38751071616073723
0.3182455065418344,-0.2243994752564138,13.526146587998035,2.332697786239448,6.839447208551404,1.290626470133316,2.1477806381159366,0.43277134316599225
0.35813299251433084,-0.2243994752564138,13.298555356260644,2.5271493374999876,6.723988375116506,1.3970873697504942,2.112915886239793,0.46678556839034024
0.40301979977966995,-0.2243994752564138,13.196985573504437,2.6173336264525555,6.671116852697559,1.4477213367831046,2.0959769921512104,0.4839247924535885
0.4535325211846986,-0.2243994752564138,13.270261565043713,2.5520574207445135,6.70765203240975,1.4126043309081417,2.1061114794272693,0.47362158387047243
0.5103762839557767,-0.2243994752564138,13.5727522206351,2.294152828295026,6.861366986887875,1.271039475540396,2.1549933799184617,0.4259427953902523
0.5743445928509872,-0.2243994752564138,14.160286054496114,1.8436942648292196,7.158317664412101,1.0244764669292281,2.247376280389182,0.34453384483344685
0.6463304070095649,-0.2243994752564138,15.081344073650989,1.259377272517066,7.624805762598742,0.7025201660765928,2.393026649072337,0.23736614764894756
0.7273386051246984,-0.2243994752564138,16.368135727533826,0.6591501919881193,8.276750260721208,0.3695632006605328,2.5972749698954907,0.12550408151860737
0.8185000129460304,-0.2243994752564138,18.03262346410418,0.19260615569679232,9.119513730588562,0.10871385711880896,2.8614253090299235,0.037179305671271284
0.9210871889273549,-0.2243994752564138,20.080107390666626,0.00030696947971664383,10.155856653211004,0.000172871589935612,3.1866408455918895,6.0738824793640646e-05
1.0365321883776653,-0.2243994752564138,22.538916169640043,0.19593763854092344,11.399881272969667,0.11277414148797002,3.5778707179101064,0.03924012167738567
1.166446554092426,-0.2243994752564138,25.49291838285298,0.8849854250952656,12.894775754388824,0.5158763249074181,4.0473396102897645,0.18098920766262566
1.3126438125222553,-0.2243994752564138,29.08513531011522,2.191827026967698,14.709800764948483,1.2960724365118705,4.617517815280465,0.45985967357295904
1.4771647895120215,-0.2243994752564138,33.53220167758716,4.2746381121265395,16.955087617547473,2.574082347051717,5.321820908700278,0.9254243958525855
1.6623060990028473,-0.2243994752564138,39.098803948808886,7.297203014074018,19.767719709446297,4.499967570397937,6.206929050418684,1.6483595924720928
1.8706522023821734,-0.2243994752564138,46.11911310478103,11.389463552566653,23.313657723391387,7.236815284550714,7.320116622138518,2.709764601324846
2.1051114860111477,-0.2243994752564138,55.02351419139436,16.59145745047592,27.808862341856432,10.946412839114476,8.72350223127662,4.2080219249092785
2.368956860549917,-0.2243994752564138,66.33381363318463,22.76368651355073,33.52077194125894,15.742985971856669,10.500898489975063,6.263279616573265
2.6658714488230206,-0.2243994752564138,80.60981121727868,29.50571160673612,40.74457014709759,21.60282284369955,12.755944901836136,9.00779354834074
3.0,-0.2243994752564138,98.51669029307678,36.253053425002776,49.7685324347449,28.268364848367213,15.565456455280328,12.511348896859884
-3.0,-0.17453292519943275,554.2098391482053,64.16347859254314,279.365321181053,63.775317807091604,86.0078668149214,60.51193721280359
-2.6658714488230206,-0.17453292519943275,455.48414475089214,62.95940736012134,229.2485421373047,62.357851073388915,71.29130476568947,56.99506487283895
-2.368956860549917,-0.17453292519943275,375.3235981041293,61.488747584867546,189.08480095153945,60.588282354089294,58.684112697002604,51.91955081430317
-2.1051114860111477,-0.17453292519943275,311.13505635246497,59.7286285200715,156.81198963971306,58.38135767738508,48.774731159277124,46.03790021361385
-1.8706522023821734,-0.17453292519943275,259.43762635783656,57.631879692038964,130.9241938685588,55.65746737935628,40.81345836108874,39.912767440781096
-1.6623060990028473,-0.17453292519943275,217.85567247627995,55.16929072717952,109.56801254009243,52.2429787744004,34.232955185512225,33.87243245636384
-1.4771647895120215,-0.17453292519943275,183.20202621583616,52.20393081571894,92.42613949887534,48.19177889048694,28.844448327398414,28.28458930146047
-1.3126438125222553,-0.17453292519943275,154.69140385785047,48.719069778865595,78.23342503955043,43.45803628881273,24.402776543271422,23.278503291947665
-1.166446554092426,-0.17453292519943275,132.03634237906508,44.86905531533605,66.55260762791528,38.26777196181658,20.70780144736879,18.877961300628105
-1.0365321883776653,-0.17453292519943275,113.11330214841585,40.54498105071215,57.19519547729039,33.085122725398996,17.763360630358385,15.254917395448286
-0.9210871889273549,-0.17453292519943275,97.75971629229872,36.00317404989929,49.35715622412103,27.983317231943637,15.435014776978033,12.348119984349688
-0.8185000129460304,-0.17453292519943275,85.07312050041556,31.358673998120025,43.005891573409535,23.35071864502875,13.387379580861724,9.790939672303876
-0.7273386051246984,-0.17453292519943275,74.7282922700498,26.879274965668642,37.736813475602304,19.20815854058965,11.799105709021406,7.830901776414203
-0.6463304070095649,-0.17453292519943275,66.02304299361478,22.603217422548113,33.4197899165411,15.658802902291173,10.415418152835251,6.161640695332048
-0.5743445928509872,-0.17453292519943275,58.93458992152635,18.797603525814484,29.781713963055356,12.605694348995625,9.324060635571845,4.887017322568166
-0.5103762839557767,-0.17453292519943275,53.05530592712722,15.458262645995285,26.782107210549047,10.086858833483495,8.368033239987184,3.815534913018111
-0.4535325211846986,-0.17453292519943275,48.10286404607957,12.559992469272014,24.313112492747496,8.046233083993567,7.598495536790219,2.9950353381957093
-0.40301979977966995,-0.17453292519943275,43.971029031690044,10.12346354948228,22.239559534347638,6.382336493601866,6.965027485457955,2.356348816920397
-0.35813299251433084,-0.17453292519943275,40.53057074239194,8.117084240364715,20.490786258672454,5.036069435744592,6.4134364240921125,1.8342085150167018
-0.3182455065418344,-0.17453292519943275,37.63935572168132,6.475408664739987,19.022535221904658,3.962816811538203,5.948884006748315,1.4245070416737704
-0.2828005365353655,-0.17453292519943275,35.19051822146467,5.139283201117617,17.78851504401665,3.113745300396595,5.566380543072818,1.1118333604612998
-0.2513032920204875,-0.17453292519943275,33.11135933419273,4.061535928659831,16.74503796627634,2.442980733432813,5.2450701156031725,0.869315412747669
-0.22331409039755062,-0.17453292519943275,31.345973416307352,3.20056337050044,15.857550836477143,1.9135354664958084,4.969044127306089,0.6778180906829085
-0.19844221923690444,-0.17453292519943275,29.845850476964728,2.517845448282682,15.100155073759208,1.4966973130011534,4.7310516081501195,0.5268259215139868
-0.17634048216824733,-0.17453292519943275,28.568162370054463,1.9789241793637147,14.452607213276265,1.1696340847339852,4.527155171260838,0.4090648477379332
-0.15670035222800524,-0.17453292519943275,27.476245552060227,1.5545337918121835,13.898135654240056,0.9137732462416074,4.353327259410971,0.31798569456790043
-0.13924766500838334,-0.17453292519943275,26.539648113084137,1.22074979154575,13.422455679202765,0.7139942881730303,4.205088870833943,0.2476958583530483
-0.12373879148704055,-0.17453292519943275,25.733466560824226,0.9584231108348769,13.013395394445784,0.5581350799890709,4.0781482613481606,0.19332973165718806
-0.10995723711238882,-0.17453292519943275,25.037382429654286,0.7523704445749477,12.66068144012585,0.43654803926091135,3.9688533776328487,0.15112288052885636
-0.09771061966979347,-0.17453292519943275,24.434729773055277,0.5905944502940529,12.355718236841614,0.3416600804989896,3.8742813495002735,0.11824594084557784
-0.0868279837415025,-0.17453292519943275,23.91172709319364,0.4636273298141763,12.091345653497095,0.26756342787927173,3.7921309440015856,0.09257767148149766
-0.07715741427178036,-0.17453292519943275,23.456886086772187,0.3640041948028408,11.861600635385736,0.20966276180854135,3.720570082070069,0.07251120606293872
-0.06856391592404971,-0.17453292519943275,23.06056474401248,0.28584564244214905,11.661503946237552,0.16438660842332503,3.658107367801095,0.05681372461627668
-0.06092752862714207,-0.17453292519943275,22.714626762328248,0.22452671254911732,11.486880546327415,0.12895852325022597,3.6035018856887286,0.04452998710980652
-0.0541416530048151,-0.17453292519943275,22.41217688988333,0.17641370064601608,11.334213247641902,0.10121856911970244,3.5557041365444038,0.03491547577175228
-0.04811156231253989,-0.17453292519943275,22.147350957604022,0.13865476662156948,11.20052523670691,0.0794849867070918,3.5138173471186387,0.027388357352639774
-0.04275308010908995,-0.17453292519943275,21.915146405733594,0.10901356447304394,11.083286080113082,0.06244721727947425,3.477070828363579,0.021493599457502087
-0.0379914052040221,-0.17453292519943275,21.71128377927073,0.08573739713433605,10.980336274468783,0.049083145959030454,3.4448002444432353,0.01687539707876882
-0.03376006747802295,-0.17453292519943275,21.532092579991836,0.0674530483725194,10.889826296429687,0.03859501032541485,3.4164319865527557,0.013255654100057416
-0.03,-0.17453292519943275,21.37441666962205,0.05308472032664893,10.810167003743258,0.030359702872449976,3.391470221387302,0.010417088147746287
0.03,-0.17453292519943275,19.05905944507425,0.04967565566343287,9.638604935299986,0.028196351775883303,3.0255666865997353,0.009544505721540014
0.03376006747802295,-0.17453292519943275,18.926605044080297,0.06259823825487004,9.57153464915255,0.03551177923044359,3.004635697156254,0.01201698650412576
0.0379914052040221,-0.17453292519943275,18.779331479583362,0.07882489523235656,9.496966231098078,0.044688801484413815,2.9813507308618714,0.015118596322320621
0.04275308010908995,-0.17453292519943275,18.615853994307,0.09917324058779552,9.41420323816674,0.05618405688842366,2.9554856822562456,0.019004459050725946
0.04811156231253989,-0.17453292519943275,18.434739044526456,0.12464991676335108,9.322526610300168,0.07055794603804114,2.926804128570633,0.023865609065640954
0.0541416530048151,-0.17453292519943275,18.23453103451088,0.15648742935379426,9.2212085444737,0.08849409066304363,2.895063505816576,0.029935988709272898
0.06092752862714207,-0.17453292519943275,18.013791207833588,0.19618426007350562,9.109532129902904,0.11082025210236146,2.860022119584044,0.037499856566590946
0.06856391592404971,-0.17453292519943275,17.771152816906806,0.24554584490229675,8.986818344375479,0.13852942633841164,2.82145053657147,0.04689873970478317
0.07715741427178036,-0.17453292519943275,17.50539815759264,0.3067216209907975,8.852462492102411,0.172798728502227,2.7791494789405893,0.058536192283013336
0.0868279837415025,-0.17453292519943275,17.215565084930905,0.38222937552361014,8.705982988900459,0.2150018685770797,2.7329766405471303,0.07287730011805843
0.09771061966979347,-0.17453292519943275,16.901093319000957,0.4749516862381271,8.547086929805301,0.26670799054848376,2.6828840294856375,0.09043828557686352
0.10995723711238882,-0.17453292519943275,16.562024079778702,0.5880791518428046,8.375759685577385,0.3296544703840097,2.6289639956047264,0.11176067667553358
0.12373879148704055,-0.17453292519943275,16.1992696403382,0.7249601659351468,8.192390515190896,0.40567239651484216,2.571494275714068,0.13736665385567157
0.13924766500838334,-0.17453292519943275,15.814970447717997,0.8887968454315832,7.99795281004467,0.49652888119486094,2.5109607965071237,0.16770066721742827
0.15670035222800524,-0.17453292519943275,15.412953448105268,1.0821038739971562,7.794263342017782,0.6036292840872526,2.4480313981939252,0.20307635539133861
0.17634048216824733,-0.17453292519943275,14.9992934586696,1.3058296334251325,7.584340765889748,0.7275008779927631,2.383482624466315,0.24364743554797552
0.19844221923690444,-0.17453292519943275,14.582963635037807,1.558041912920476,7.372852388931125,0.8669814099910972,2.318186748319369,0.2893510441658867
0.22331409039755062,-0.17453292519943275,14.176562749437483,1.832118157162447,7.166566121276833,1.0181107816132229,2.2534290560586308,0.33957942647741934
0.2513032920204875,-0.17453292519943275,13.797167823671092,2.114452965702003,6.974649276203749,1.172908376066357,2.191792905863818,0.39218736086459904
0.2828005365353655,-0.17453292519943275,13.467491030738522,2.3818185686644897,6.808743967082937,1.3183942985620356,2.1381143802425164,0.44203376894014257
0.3182455065418344,-0.17453292519943275,13.217549820078327,2.598901997544779,6.683229490806067,1.4360151478182535,2.09882253347518,0.4810171137899859
0.35813299251433084,-0.17453292519943275,13.08656889784421,2.7178153562180682,6.61663141355594,1.5011676849202877,2.0792705864774566,0.5012305608317003
0.40301979977966995,-0.17453292519943275,13.123781949412313,2.6836635948890954,6.634021733641558,1.483967976396427,2.084303913868227,0.49597426792895793
0.4535325211846986,-0.17453292519943275,13.386707787476707,2.4505944039706478,6.766630185836774,1.3571183803081648,2.1245571597446813,0.4552409817540405
0.5103762839557767,-0.17453292519943275,13.937358062453029,2.0070468197242577,7.04593652340355,1.1137591574543897,2.212706565176733,0.37379525753975934
0.5743445928509872,-0.17453292519943275,14.836136111420448,1.401342187624129,7.500547628473242,0.7809515773199621,2.3545509737847206,0.26330375963203156
0.6463304070095649,-0.17453292519943275,16.131473934582754,0.7524269579976952,8.15661924274588,0.42158015230123147,2.559742903053624,0.14298051065445905
0.7273386051246984,-0.17453292519943275,17.852008474037483,0.22841905321203165,9.027941424768116,0.12886729047768372,2.8328647144292525,0.04399848900551734
0.8185000129460304,-0.17453292519943275,20.007926682241518,0.0010076866648910327,10.119314670134191,0.0005703665164700918,3.1752342130008473,0.00019752410071481773
0.9210871889273549,-0.17453292519943275,22.615565160353967,0.20819328056495512,11.438782002288114,0.11988840800709481,3.5894352392245183,0.041588697387984055
1.0365321883776653,-0.17453292519943275,25.72917047583218,0.9570914333489141,13.013792981861428,0.5582790012890197,4.0854773131383855,0.19631557131087596
1.166446554092426,-0.17453292519943275,29.48070208415055,2.3595297021506214,14.912401446091975,1.3989239245063247,4.681550694178815,0.4972081690217523
1.3126438125222553,-0.17453292519943275,34.064951930542755,4.548261974783983,17.227932748929376,2.747427085533559,5.4089275804681165,0.9905193573195418
1.4771647895120215,-0.17453292519943275,39.76578350262329,7.6776680698513164,20.105602543607624,4.748777742767823,6.311368164926717,1.7416401203155734
1.6623060990028473,-0.17453292519943275,46.91740459070933,11.860643584999423,23.71902789973914,7.5636265323646015,7.448745647797621,2.840732423606738
1.8706522023821734,-0.17453292519943275,55.9405916537241,17.114585282860048,28.276453326714876,11.339065600784707,8.879421312111381,4.382495786346147
2.1051114860111477,-0.17453292519943275,67.37834411647587,23.298897900101288,34.050457236235175,16.183815143342688,10.681314514390882,6.478530898113744
2.368956860549917,-0.17453292519943275,81.88712539701551,30.0481952062658,41.377840712086034,22.09711667139357,12.96017714241598,9.260634880605242
2.6658714488230206,-0.17453292519943275,100.1655987265316,36.787427746516904,50.62695588106252,28.857088722472255,15.846994901895872,12.863610573198232
3.0,-0.17453292519943275,123.04519082720502,42.965296092399235,62.1553423986911,35.953060608353624,19.43600315709673,17.323203319759262
-3.0,-0.12466637514245194,659.8851604269319,65.03963523135404,332.62360746246384,64.77016933877469,102.39536087496712,62.73957288385573
-2.6658714488230206,-0.12466637514245194,540.5899382140345,64.02459025290199,272.07311574569445,63.60525043779372,84.60066806645158,60.25450382991913
-2.368956860549917,-0.12466637514245194,443.8608185237768,62.780659489994825,223.6045536051073,62.15280188910452,69.38973214164386,56.37566454795483
-2.1051114860111477,-0.12466637514245194,366.5026183291859,61.28538192602595,184.7094551378707,60.34131804386015,57.44504008313931,51.28362168458859
-1.8706522023821734,-0.12466637514245194,304.2879458246016,59.494253990673855,153.55181701764644,58.09724981814628,47.861588193727016,45.40055987997046
-1.6623060990028473,-0.12466637514245194,254.3212016210712,57.37488801707916,127.89847021127422,55.25350439981801,39.95578695010154,39.17559180482557
-1.4771647895120215,-0.12466637514245194,212.77367668286234,54.79799459900813,107.33975220724969,51.79622174076395,33.49448398599173,33.14001055298134
-1.3126438125222553,-0.12466637514245194,178.66551868365724,51.72611190612993,90.35632473220538,47.59177546796876,28.180097294797083,27.55770415522811
-1.166446554092426,-0.12466637514245194,151.60576073984902,48.26162310556617,76.41036053453368,42.73316405229154,23.770137397377557,22.53894052997407
-1.0365321883776653,-0.12466637514245194,129.0632264303296,44.26694949385217,65.25876437220828,37.60839110941929,20.262147732237604,18.335165987628155
-0.9210871889273549,-0.12466637514245194,110.81237678611834,39.93047381040793,55.94378825068524,32.31752810816178,17.49254293123771,14.918053976576786
-0.8185000129460304,-0.12466637514245194,95.77089056034214,35.332695529611996,48.41237049691276,27.32156074783981,15.066158657239503,11.886563031267967
-0.7273386051246984,-0.12466637514245194,83.53490778702565,30.73351723623645,42.181178401297956,22.718834448817837,13.186658472719204,9.54155442132337
-0.6463304070095649,-0.12466637514245194,73.2697493164544,26.195029585567664,37.088728495013875,18.682857659848565,11.555401676707957,7.533647711823934
-0.5743445928509872,-0.12466637514245194,64.93145116569585,22.035141007405294,32.81052013534226,15.150014094964654,10.27103295900783,5.990492756810673
-0.5103762839557767,-0.12466637514245194,58.03476912382739,18.296023108907754,29.292647518994855,12.193917760450901,9.150322266924151,4.688710591340453
-0.4535325211846986,-0.12466637514245194,52.24331608103279,14.987056639259134,26.40471374613541,9.772146120203342,8.250224486807353,3.6871977885760585
-0.40301979977966995,-0.12466637514245194,47.425489084617034,12.160478964207089,23.986596384190566,7.780477558117065,7.511185868836764,2.904837073461981
-0.35813299251433084,-0.12466637514245194,43.4250754602266,9.802746710884342,21.95343654309924,6.157905597393724,6.870028982690101,2.2639661991693956
-0.3182455065418344,-0.12466637514245194,40.07307135232785,7.853843384212916,20.25137245897829,4.857057496107517,6.331655707985017,1.759930553422188
-0.2828005365353655,-0.12466637514245194,37.24239627344708,6.254825339368166,18.824901207762736,3.8232490890243844,5.88945978349245,1.3743677521607667
-0.2513032920204875,-0.12466637514245194,34.84607691390437,4.956666726889898,17.622124104570485,3.0036438490193134,5.519011743018527,1.0748561124951292
-0.22331409039755062,-0.12466637514245194,32.817127237573274,3.91423067767625,16.602050950291908,2.3549485254526776,5.201728033042927,0.8381616280907781
-0.19844221923690444,-0.12466637514245194,31.097703656900297,3.084212825512382,15.733912411327266,1.8431548603353922,4.928967644860119,0.6514328224277831
-0.17634048216824733,-0.12466637514245194,29.637040912220563,2.4269094500558936,14.993656271970947,1.440952305056359,4.69591559580223,0.5057369694684043
-0.15670035222800524,-0.12466637514245194,28.39187895244083,1.908021904835937,14.361408659582464,1.1259470746389348,4.497723264291432,0.39301786544859457
-0.13924766500838334,-0.12466637514245194,27.326401630801975,1.499164307861838,13.820311282936101,0.8797924922740383,4.329099525148188,0.30601777229475446
-0.12373879148704055,-0.12466637514245194,26.41138967658105,1.177404663918991,13.356057991179878,0.6876589579961181,4.18502292274921,0.23873403960138465
-0.10995723711238882,-0.12466637514245194,25.623055838731293,0.924429570814896,12.956617693958346,0.5377380446584317,4.061238644214183,0.18651416222176825
-0.09771061966979347,-0.12466637514245194,24.941933641889563,0.7256881550521864,12.61195591022788,0.4207332267010813,3.954347189973336,0.14585551544828532
-0.0868279837415025,-0.12466637514245194,24.35196603898967,0.5696486953193595,12.313737822450546,0.3293761956268652,3.861674206869709,0.11412877764738599
-0.07715741427178036,-0.12466637514245194,23.83980399777296,0.44718977968853546,12.05504097669553,0.25800423340424355,3.7810926092838324,0.08934069374567047
-0.06856391592404971,-0.12466637514245194,23.394275589039033,0.3511101372425986,11.830100521588749,0.20221140311244046,3.7108736671089724,0.0699615836397718
-0.06092752862714207,-0.12466637514245194,23.005980776159372,0.27573512058949917,11.634095654716191,0.15857016900383644,3.649582320260825,0.05480632391744311
-0.0541416530048151,-0.12466637514245194,22.66697633104954,0.2166008426381402,11.462976094833984,0.12441310778036177,3.59600824167088,0.042951578161641156
-0.04811156231253989,-0.12466637514245194,22.370525970265604,0.17020101635769555,11.31332301387352,0.09766311212822262,3.5491203114476426,0.03367616639821679
-0.04275308010908995,-0.12466637514245194,22.110898974460213,0.13378467952461737,11.182237914118536,0.0767016968181395,3.508035025560886,0.026416445617023564
-0.0379914052040221,-0.12466637514245194,21.883205970404724,0.10519522283923746,11.067253551867346,0.060266905986971916,3.471992993643168,0.0207319961526537
-0.03376006747802295,-0.12466637514245194,21.68326395410904,0.08274281614292964,10.96626209721795,0.04737413138226763,3.440340319083662,0.016278839511388945
-0.03,-0.12466637514245194,21.507484762128474,0.06510368252407567,10.877456786933825,0.0372546564020144,3.412513207957223,0.01278841655642825
0.03,-0.12466637514245194,18.946222793591886,0.06058515698098229,9.581476813015165,0.03437161815342557,3.0077489523865024,0.011630432553382924
0.03376006747802295,-0.12466637514245194,18.80104957068264,0.07630759667793906,9.507966409763302,0.043265210479445725,2.9848078826684703,0.014634501316207908
0.0379914052040221,-0.12466637514245194,18.63984118657261,0.09603168544918463,9.426342678839198,0.05441073804390208,2.9593194532475766,0.018398906215482548
0.04275308010908995,-0.12466637514245194,18.46116063584517,0.12073851918642564,9.335883143127536,0.068355091922801,2.9310486244947302,0.023109181407619625
0.04811156231253989,-0.12466637514245194,18.263541989303885,0.15163120568866428,9.23585293374199,0.0857666023210415,2.8997529643946334,0.02899283534430645
0.0541416530048151,-0.12466637514245194,18.045526542949133,0.19017537400767787,9.125523441003308,0.10745622158008039,2.8651883327972163,0.03632699174309145
0.06092752862714207,-0.12466637514245194,17.805714117776468,0.2381414122783733,9.004198195512782,0.1343992228417705,2.8271179674447082,0.04544609652999523
0.06856391592404971,-0.12466637514245194,17.542834491978862,0.29764433493999526,8.871247970992073,0.16775522668213586,2.7853267293707282,0.05674842682593145
0.07715741427178036,-0.12466637514245194,17.255845655518378,0.37117370718552817,8.726157688550325,0.20888272365453356,2.739642894567826,0.07069898815911244
0.0868279837415025,-0.12466637514245194,16.944067909777218,0.46160040459937657,8.568588681411674,0.25934162635534813,2.6899701901305275,0.08782466153701239
0.09771061966979347,-0.12466637514245194,16.607365885645574,0.5721380281047924,8.398461637413243,0.3208731055741373,2.636331857914667,0.10869540207656114
0.10995723711238882,-0.12466637514245194,16.24639415241228,0.7062231144616774,8.216068684147753,0.3953389095899391,2.578924756137548,0.13388407786526663
0.12373879148704055,-0.12466637514245194,15.862925407472563,0.8672586411538551,8.022228265914224,0.48459076618233826,2.5181730679555776,0.16390002598369183
0.13924766500838334,-0.12466637514245194,15.460281245954583,1.0581400501256883,7.818503511225943,0.5902223227593503,2.454758951916887,0.19910148627915986
0.15670035222800524,-0.12466637514245194,15.04388084147399,1.2804569963335675,7.607510496226881,0.7131316518335893,2.3896023268852247,0.23960835814107295
0.17634048216824733,-0.12466637514245194,14.62190967783618,1.5332511521790422,7.3933372219863465,0.8528016642352901,2.323794664254026,0.2852350266827973
0.19844221923690444,-0.12466637514245194,14.206093026350386,1.8112361465329625,7.182058883757157,1.0062227004192423,2.2586048736662483,0.3353786732189116
0.22331409039755062,-0.12466637514245194,13.812559957306396,2.1024804193806386,6.982257002343284,1.1665013268423299,2.195843773280847,0.3885806759778686
0.2513032920204875,-0.12466637514245194,13.462845085803142,2.3857385222333267,6.8053732471728035,1.3214665053262855,2.138820579909486,0.4413527435932409
0.2828005365353655,-0.12466637514245194,13.18519880256165,2.627937794166419,6.665831480766735,1.4528492495683327,2.0933278500154624,0.48664218774221035
0.3182455065418344,-0.12466637514245194,13.016368380647872,2.783043509648675,6.58136503961908,1.5364574093571781,2.0668930348674457,0.5143133707662769
0.35813299251433084,-0.12466637514245194,13.0034377160236,2.795173479168565,6.574485831083341,1.543405576348249,2.0660334848713715,0.5152302336063801
0.40301979977966995,-0.12466637514245194,13.2042061543301,2.6108518248169537,6.674706893686573,1.4442451487092507,2.09698368383276,0.482894796302534
0.4535325211846986,-0.12466637514245194,13.684576919217506,2.203398445600909,6.917470177316289,1.2217968096469785,2.1717992831151336,0.41030391265798904
0.5103762839557767,-0.12466637514245194,14.51332775403307,1.6029995221637459,7.337517273578122,0.891786276579954,2.303955483544168,0.29996099866106896
0.5743445928509872,-0.12466637514245194,15.754007953418487,0.9166372652983916,7.965323444943526,0.5128480886557724,2.50015929214477,0.17348891816642634
0.6463304070095649,-0.12466637514245194,17.453679774600634,0.31951343706184976,8.82611416015147,0.18001258525019784,2.769678473571245,0.06133663464436838
0.7273386051246984,-0.12466637514245194,19.637366412757054,0.011121256295867694,9.931708476431451,0.006314217619666367,3.116391123357698,0.0021718878389675638
0.8185000129460304,-0.12466637514245194,22.316536203144185,0.1622990749075531,11.287686179732438,0.09337996749365336,3.542058591022998,0.03237006317269903
0.9210871889273549,-0.12466637514245194,25.52500570773217,0.894647848909242,12.910795346701326,0.5215036848062735,4.051683757565177,0.18270851823588802
1.0365321883776653,-0.12466637514245194,29.348488845759768,2.303028573183192,14.844636796541153,1.3642114332106994,4.661500991934724,0.48539553440301414
1.166446554092426,-0.12466637514245194,33.97329421600113,4.500890684301768,17.18538638481586,2.7201754912175247,5.396163102769071,0.9808883535355924
1.3126438125222553,-0.12466637514245194,39.64899245218289,7.610850946471085,20.051533419113454,4.708755683042197,6.296462375892797,1.7282365981258656
1.4771647895120215,-0.12466637514245194,46.73139328879003,11.750854241825575,23.626046202650635,7.488475825534699,7.41720396345864,2.8084799217735648
1.6623060990028473,-0.12466637514245194,55.62886555785567,16.937140269469108,28.121578250259493,11.208947122812978,8.832488853156466,4.329837252507654
1.8706522023821734,-0.12466637514245194,66.85573118633107,23.03191495153886,33.79192298061417,15.96880992300876,10.612474509130196,6.396284802835804
2.1051114860111477,-0.12466637514245194,81.07743280608406,29.70545849017556,40.97124613754947,21.78017043107831,12.852220419643393,9.126923242133861
2.368956860549917,-0.12466637514245194,99.0969058881392,36.44263134686159,50.07183718331404,28.477319767371682,15.681379255746958,12.656401540791174
2.6658714488230206,-0.12466637514245194,121.76341231805223,42.67281001806857,61.54134812029001,35.613022047334596,19.26077028346593,17.1076641385409
3.0,-0.12466637514245194,150.08866101916541,48.02979364436227,75.8121789704809,42.48882656480946,23.703351085671517,22.460509439442593
-3.0,-0.07479982508547112,771.8646056162563,65.69851625277849,389.0586875705368,65.50344639400151,119.7606785967671,64.15246507651413
-2.6658714488230206,-0.07479982508547112,630.6703704792399,64.82784060286843,317.4008948756362,64.52325960054144,98.68775252399196,62.33540028165182
-2.368956860549917,-0.07479982508547112,516.3142527219248,63.75808252460038,260.09667078752494,63.30273504966797,80.70694028019146,59.467264698543765
-2.1051114860111477,-0.07479982508547112,424.95432335695665,62.46796188841822,214.1608031811495,61.78202607466618,66.5981361928368,55.379706306037505
-1.8706522023821734,-0.07479982508547112,351.5664794332214,60.91642163550345,177.40434567371713,59.897283399295276,55.29109226926787,50.112639345978124
-1.6623060990028473,-0.07479982508547112,292.69921856429625,59.071013872560236,147.19040170451436,57.500032505719716,45.978633213757824,44.03344145839704
-1.4771647895120215,-0.07479982508547112,243.84287295879494,56.8127243974327,123.00853379622171,54.55133824180123,38.37988336649785,37.78176982915946
-1.3126438125222553,-0.07479982508547112,203.8075414827735,54.09508027677996,103.0696398796527,50.879610087347785,32.14132198453269,31.770013591370656
-1.166446554092426,-0.07479982508547112,172.08805379866885,50.98678776591537,86.72794397370674,46.470478766656115,26.975306237582227,26.219332914426104
-1.0365321883776653,-0.07479982508547112,145.72241327481197,47.335730635845096,73.68080952969045,41.591392993764316,22.872029538303668,21.478700840864626
-0.9210871889273549,-0.07479982508547112,124.41537965007839,43.27186971905153,62.80809016770542,36.309984209138534,19.63677502729354,17.56978463933466
-0.8185000129460304,-0.07479982508547112,106.89388087614208,38.832935739155985,54.033692250439515,31.111420420256568,16.811647738655697,14.069279155961455
-0.7273386051246984,-0.07479982508547112,92.66935229426542,34.24565743075313,46.7909514646228,26.16308810325032,14.625835735872151,11.335805410390325
-0.6463304070095649,-0.07479982508547112,80.76730486268045,29.57313381245405,40.884620322606764,21.7124503766533,12.73482891422363,8.981679914152458
-0.5743445928509872,-0.07479982508547112,71.11974030568399,25.162557625216657,35.93598134771988,17.741306799174808,11.24821267420992,7.160729923384924
-0.5103762839557767,-0.07479982508547112,63.15944378884391,21.098576627400277,31.876383021287875,14.367413869670319,9.955414362004639,5.618848901127897
-0.4535325211846986,-0.07479982508547112,56.49290280910219,17.42800400328214,28.551426648775802,11.570217171079925,8.919121988575759,4.427132939493897
-0.40301979977966995,-0.07479982508547112,50.96121738718119,14.23930805734183,25.774715399075923,9.2486841906672,8.070181617619468,3.4928665349994215
-0.35813299251433084,-0.07479982508547112,46.379446636121386,11.543117875891738,23.446324438886627,7.3435337951030935,7.33605720208365,2.7259137024966478
-0.3182455065418344,-0.07479982508547112,42.550229416128396,9.290288983395193,21.50213367837013,5.806997894968086,6.721254807585241,2.1212647029926255
-0.2828005365353655,-0.07479982508547112,39.32515097714779,7.426007627413064,19.876873726069736,4.580006561746543,6.217396206156091,1.6576411662727721
-0.2513032920204875,-0.07479982508547112,36.60212233870588,5.902061697053057,18.5099860525873,3.6035609281734953,5.796317090525211,1.2969000101057433
-0.22331409039755062,-0.07479982508547112,34.30241531533519,4.671541389223721,17.35369757538269,2.82844744912588,5.436643753651869,1.0115387814457795
-0.19844221923690444,-0.07479982508547112,32.35832262093834,3.687443633100047,16.372102356075526,2.215509565542228,5.128266644074993,0.7862596663653405
-0.17634048216824733,-0.07479982508547112,30.710721153211654,2.9054200201147387,15.537131797269222,1.732968234274597,4.865431988337923,0.6103823869791563
-0.15670035222800524,-0.07479982508547112,29.309425210072813,2.2864202222436663,14.825646263012654,1.354539262577808,4.642419317339558,0.4742529477412967
-0.13924766500838334,-0.07479982508547112,28.112999205795166,1.7976848589422607,14.21808547480136,1.0585411391009854,4.453084345916162,0.36915858532153
-0.12373879148704055,-0.07479982508547112,27.08771084624429,1.412479695413881,13.697908855221336,0.8273552481960107,4.291644021297998,0.2878793036575077
-0.10995723711238882,-0.07479982508547112,26.206151709276657,1.1092885870070717,13.251249951516106,0.64689409473576,4.1532164788028485,0.22480811402618184
-0.09771061966979347,-0.07479982508547112,25.445937091504263,0.8709130382212975,12.866575495392777,0.506031176633848,4.0339071080977735,0.17571638715800952
-0.0868279837415025,-0.07479982508547112,24.788643609481205,0.6836598550507935,12.534329937397722,0.3960460286793922,3.9306542887930807,0.13742545461635147
-0.07715741427178036,-0.07479982508547112,24.218991663253814,0.5366595765153548,12.246596120214164,0.3101320948278883,3.841025044297998,0.10752346089142571
-0.06856391592404971,-0.07479982508547112,23.72422589482453,0.4213079453141492,11.996796595049263,0.2429865108897001,3.7630449309219607,0.0841586879292664
-0.06092752862714207,-0.07479982508547112,23.293641746433952,0.3308113249202655,11.77944425901309,0.19048034857641616,3.695078317598174,0.06589643530489345
-0.0541416530048151,-0.07479982508547112,22.918217119529437,0.259817921944301,11.589940188525897,0.14939862207495072,3.6357491552091408,0.05161915945804663
-0.04811156231253989,-0.07479982508547112,22.590320392925324,0.20411979102981093,11.42441184960274,0.11723719828387093,3.5838882841311253,0.04045433666003991
-0.04275308010908995,-0.07479982508547112,22.303475391825774,0.16041325321906208,11.279583966586404,0.09204477415116391,3.538496629099556,0.031720386433002
-0.0379914052040221,-0.07479982508547112,22.05217009150813,0.12610734222558012,11.152675133876965,0.072300080003148,3.4987177148229773,0.02488504300772364
-0.03376006747802295,-0.07479982508547112,21.83169974563122,0.09917146455551053,11.041314551293326,0.05681647669811861,3.463815884860375,0.019532851204229335
-0.03,-0.07479982508547112,21.63803759554759,0.0780148115801293,10.943474512947692,0.04466782378052234,3.433158339060531,0.015339654284403105
0.03,-0.07479982508547112,18.837231021839912,0.07220981729516282,9.52629533495663,0.040947030972696315,2.990538287974327,0.013850270355421294
0.03376006747802295,-0.07479982508547112,18.67991339702189,0.09090357647350468,9.446635654464762,0.05151358703568152,2.9656778861254494,0.017417358179867178
0.0379914052040221,-0.07479982508547112,18.505441044731324,0.11433326545352086,9.358296253290785,0.06474223802409299,2.938092020092838,0.02188245994850748
0.04275308010908995,-0.07479982508547112,18.312343214515742,0.14364891191550688,9.260537968327435,0.08127285237368663,2.907539670815962,0.02746237454517614
0.04811156231253989,-0.07479982508547112,18.099144080946367,0.18025485218976733,9.152621476918377,0.10188391540079551,2.8737759968011876,0.03442175906730926
0.0541416530048151,-0.07479982508547112,17.864409230063767,0.2258526564682859,9.033831187971394,0.12751470832220213,2.836559676279824,0.043081167990673054
0.06092752862714207,-0.07479982508547112,17.606810507499702,0.28248335426994914,8.903507942333112,0.1592865766279001,2.795664250094511,0.05382464937628228
0.06856391592404971,-0.07479982508547112,17.325215116655045,0.35256267527945934,8.761092931529053,0.19851993245043123,2.7508954371524497,0.06710514445072638
0.07715741427178036,-0.07479982508547112,17.018806811930542,0.43889821053115496,8.606185944599186,0.24674132591432074,2.7021170738544424,0.08344446349977423
0.0868279837415025,-0.07479982508547112,16.687249669906603,0.5446697308863693,8.438622190250076,0.30567129261161097,2.64928865057194,0.10342242986266291
0.09771061966979347,-0.07479982508547112,16.330908323170178,0.6733420051682911,8.258573929012082,0.37717794104631214,2.59251640087736,0.1276471972954919
0.10995723711238882,-0.07479982508547112,15.951142488312238,0.8284617671895451,8.066686623030044,0.4631720842076123,2.5321158105301746,0.1566971980591514
0.12373879148704055,-0.07479982508547112,15.550697159635236,1.0132659856120128,7.8642649035512235,0.5654052807651665,2.4686743998548173,0.1910280978045901
0.13924766500838334,-0.07479982508547112,15.134210722079365,1.2299989887566094,7.653531045216184,0.6851107973252188,2.403090857647824,0.23085007687146378
0.15670035222800524,-0.07479982508547112,14.708857802740866,1.4788101083397147,7.437984145369786,0.8224014167746078,2.3365620347651372,0.2759997611427991
0.17634048216824733,-0.07479982508547112,14.285128943202666,1.7561038797887298,7.222880955320251,0.9753230765268341,2.270525665283752,0.32582843976933434
0.19844221923690444,-0.07479982508547112,13.877729840874242,2.052282337064713,7.01581994552348,1.1385062924717795,2.206687369886318,0.37903086413727005
0.22331409039755062,-0.07479982508547112,13.506582842862466,2.3490055063171664,6.827326499797963,1.3015419022761874,2.1474324021271514,0.4331028168485776
0.2513032920204875,-0.07479982508547112,13.197973678752998,2.6164459780215226,6.671259567693461,1.4475830413028925,2.0968468167293492,0.4830347467703229
0.2828005365353655,-0.07479982508547112,12.985999169553466,2.811589269542883,6.564977030838815,1.5530445018015233,2.0617187494423534,0.5198491184507223
0.3182455065418344,-0.07479982508547112,12.914418916434206,2.879662123795361,6.529716978594712,1.5891416338014237,2.0506973306862024,0.5317726753054515
0.35813299251433084,-0.07479982508547112,13.038353182676321,2.7625025389909763,6.592086542921621,1.5256704601603739,2.071497252948045,0.5094206330895898
0.40301979977966995,-0.07479982508547112,13.424117559324772,2.4185822519334015,6.786015622840049,1.3392012816929806,2.1317797030129735,0.44817329939324807
0.4535325211846986,-0.07479982508547112,14.14557821164256,1.854195198886162,7.150909090202773,1.0302155987954922,2.2449378461852616,0.3465426150273156
0.5103762839557767,-0.07479982508547112,15.277365844324514,1.1525875690062033,7.724314426902478,0.643344522855009,2.425052847849229,0.21700968037934512
0.5743445928509872,-0.07479982508547112,16.884916436360676,0.48003414223535573,8.537963287271207,0.2698691450844344,2.679606914391458,0.09166162095792363
0.6463304070095649,-0.07479982508547112,19.01310778106423,0.05398133523840526,9.615629125189814,0.030603155860817015,3.017301222471913,0.010485465718191448
0.7273386051246984,-0.07479982508547112,21.684052794446377,0.082826439551452,10.967717701400606,0.047549557583975215,3.441482969212328,0.016430708053653077
0.8185000129460304,-0.07479982508547112,24.9140296595564,0.7179616708203513,12.602141387823366,0.41757734855157064,3.954845195034149,0.14603501838466826
0.9210871889273549,-0.07479982508547112,28.76026431039722,2.057183321177493,14.54753145553227,1.215749895160697,4.565738546360806,0.43047467582314186
1.0365321883776653,-0.07479982508547112,33.34416825058641,4.179080821221772,16.865766663563292,2.5180780584789133,5.297558796698498,0.9075591930656609
1.166446554092426,-0.07479982508547112,38.91123461827638,7.19071989074506,19.683664379114546,4.438559499520832,6.181722421029893,1.6260705375136772
1.3126438125222553,-0.07479982508547112,45.7679720309434,11.182245062423018,23.145588163359285,7.101965648021378,7.269112951137928,2.658251612536219
1.4771647895120215,-0.07479982508547112,54.346191318340765,16.203028303506986,27.474570501611442,10.66610277088601,8.626179397244394,4.099812838692629
1.6623060990028473,-0.07479982508547112,65.13253398645902,22.140300797893353,32.92451647992039,15.245318822904014,10.342168757056813,6.074729138713565
1.8706522023821734,-0.07479982508547112,78.74104172940133,28.694181145010564,39.797673780690566,20.85707425285328,12.499665496131621,8.691243892399365
2.1051114860111477,-0.07479982508547112,95.96830868502161,35.40016443094302,48.494202660154535,27.379268042148603,15.212055981722292,12.06911818822514
2.368956860549917,-0.07479982508547112,117.77416756260537,41.725866268067776,59.50728621142416,34.45645836668417,18.634622411251236,16.335170220934852
2.6658714488230206,-0.07479982508547112,145.1687894822879,47.24476731983215,73.36925326850259,41.45663277281119,22.96021102404953,21.58332297632584
3.0,-0.07479982508547112,179.35647566486355,51.80051333998338,90.59227128165263,47.661581056863696,28.321642271407523,27.713243485845524
-3.0,-0.024933275028490298,889.125291347889,66.20593953107613,448.15505470473875,66.0596422259427,137.94518712292844,65.10810068469875
-2.6658714488230206,-0.024933275028490298,724.9103777838977,65.44781458952747,364.8217519895676,65.2187165697153,113.42509234601083,63.71158508355056
-2.368956860549917,-0.024933275028490298,592.0351415422871,64.51441056220075,298.234405784341,64.17272751408976,92.53440003342146,61.54891431716818
-2.1051114860111477,-0.024933275028490298,485.9727493988045,63.38583199842081,244.9053376406517,62.87096092457721,76.15299638158022,58.384410600632634
-1.8706522023821734,-0.024933275028490298,400.8599280421294,62.024441265553975,202.27327739434972,61.25855331786508,63.0370256674573,53.945986059774256
-1.6623060990028473,-0.024933275028490298,332.6587918673938,60.398986111443946,167.2774685149928,59.206322163779994,52.24956268789544,48.312542428833765
-1.4771647895120215,-0.024933275028490298,276.1456776416555,58.400824077229444,139.2993887936164,56.669275647070016,43.45914826134664,42.09164226348767
-1.3126438125222553,-0.024933275028490298,229.9073315839994,55.980459896071956,116.26712078623389,53.470037798173,36.25334602363918,35.82053795176018
-1.166446554092426,-0.024933275028490298,193.31501520825415,53.18496447683518,97.42064058119418,49.53102273425272,30.296991895875284,29.845541770265616
-1.0365321883776653,-0.024933275028490298,162.95663789016143,49.85814539436539,82.39348397261651,45.00529511769162,25.571983624213694,24.628687090234354
-0.9210871889273549,-0.024933275028490298,138.46135752042167,46.085951817104295,69.89589329121166,39.89036543214716,21.850790819026876,20.259148157919235
-0.8185000129460304,-0.024933275028490298,118.35622229068487,41.867584361762844,59.826469088013276,34.64101764197872,18.61037654107575,16.30518844300744
-0.7273386051246984,-0.024933275028490298,102.06276268285863,37.385754288272196,51.531389811566115,29.468407382795476,16.105791601913303,13.18731536245233
-0.6463304070095649,-0.024933275028490298,88.460608088307,32.68659840478423,44.77957372245871,24.686951045293572,13.945035576132048,10.485489240009686
-0.5743445928509872,-0.024933275028490298,77.4551911445435,28.123389472616598,39.13574720408985,20.33119817915156,12.248612596649807,8.382029586216039
-0.5103762839557767,-0.024933275028490298,68.39370863836915,23.812984195570078,34.5153613613408,16.569630779386976,10.777716663703272,6.593935857744076
-0.4535325211846986,-0.024933275028490298,60.82296926998991,19.837455417610883,30.738780561970156,13.411363609224711,9.600680173978676,5.205607716061485
-0.40301979977966995,-0.024933275028490298,54.5551213721633,16.32302510544265,27.59224139812231,10.764728242468887,8.638365487523787,4.113331952034835
-0.35813299251433084,-0.024933275028490298,49.375021264918125,13.309041451106742,24.96002270278467,8.576073440642524,7.808578876527136,3.2146415378748383
-0.3182455065418344,-0.024933275028490298,45.0557150106266,10.762147933205224,22.767190432142968,6.799855327344963,7.11530583919568,2.5044038410861846
-0.2828005365353655,-0.024933275028490298,41.426522581400825,8.635527315607286,20.938243008757304,5.37434506438176,6.548260854505525,1.9585239674714576
-0.2513032920204875,-0.024933275028490298,38.36953458198167,6.884569320316166,19.403589310751,4.235412846177617,6.07541411375936,1.5330567804314335
-0.22331409039755062,-0.024933275028490298,35.79372555290574,5.462533345584595,18.10838671485142,3.328491999581692,5.672508957532753,1.1961275129415747
-0.19844221923690444,-0.024933275028490298,33.621082268382274,4.319995057548317,17.01137183964595,2.6095633275812187,5.327901790920583,0.9299203703083119
-0.17634048216824733,-0.024933275028490298,31.78377552466054,3.408736304914618,16.08028722116551,2.0424945329124338,5.034847963164885,0.7219460102119079
-0.15670035222800524,-0.024933275028490298,30.22442346713081,2.685380205718568,15.28859216405417,1.5971231011017455,4.786712428271122,0.5608852885543065
-0.13924766500838334,-0.024933275028490298,28.89576256180402,2.112994603243786,14.613918830434184,1.2483864134878842,4.576463967810853,0.4365004586233052
-0.12373879148704055,-0.024933275028490298,27.75938715639171,1.6611095046601896,14.03741050211393,0.9758026546935092,4.397532179576374,0.340289673880087
-0.10995723711238882,-0.024933275028490298,26.78414443884596,1.3049975949983827,13.543302550127539,0.7629225624873314,4.2443887540351355,0.2656368788856521
-0.09771061966979347,-0.024933275028490298,25.944636896376842,1.0247663926494108,13.118514871634876,0.5967095446332061,4.112629300187464,0.20754332215651483
-0.0868279837415025,-0.024933275028490298,25.220002416045887,0.8044990701991471,12.752234574712304,0.46691893093070297,3.998793738684659,0.16224599400366302
-0.07715741427178036,-0.024933275028490298,24.592975677514858,0.6315128434152741,12.435522012541442,0.36553838806191263,3.9001346286742096,0.12688682961446224
-0.06856391592404971,-0.024933275028490298,24.049176142066276,0.4957388643655045,12.16096615460486,0.2863164281157889,3.8144252618657246,0.0992703167250956
-0.06092752862714207,-0.024933275028490298,23.576563376372825,0.3892097584852412,11.9223978544299,0.224380458655534,3.7398244704935024,0.07769505695795437
-0.0541416530048151,-0.024933275028490298,23.165013097758685,0.3056389995675337,11.714657838363173,0.17593387347877515,3.6747867640223717,0.06083586223984866
-0.04811156231253989,-0.024933275028490298,22.805981225584134,0.24007796947253845,11.533411259884247,0.13801837174216608,3.6180021987068285,0.04765835676939758
-0.04275308010908995,-0.024933275028490298,22.492233752718743,0.18863836760970254,11.37499983453007,0.10832837840695637,3.568354139707478,0.037354836540908445
-0.0379914052040221,-0.024933275028490298,22.217627241835817,0.1482691317085288,11.236323576068802,0.08506645539680585,3.524887618915602,0.029294835305913598
-0.03376006747802295,-0.024933275028490298,21.976929181129968,0.11657834662787714,11.114745669742934,0.06683075170422295,3.4867842532737923,0.022986503069330273
-0.03,-0.024933275028490298,21.7656702516761,0.09169187205279526,11.00801545783223,0.05252742897238542,3.453341601394634,0.018046287253024595
0.03,-0.024933275028490298,18.732274729448317,0.08442803705210468,9.473157023794057,0.04785346680096383,2.973964813903605,0.01618058798246092
0.03376006747802295,-0.024933275028490298,18.563395905336684,0.10623210900397503,9.387643360013026,0.06016938657030339,2.9472772237755542,0.020335901103597596
0.0379914052040221,-0.024933275028490298,18.37633629833622,0.13353433713131888,9.292930907749557,0.0755724510410854,2.9177008853036868,0.02553171283204059
0.04275308010908995,-0.024933275028490298,18.169608479966602,0.1676567053427556,9.18827243929752,0.09479688640311663,2.8849915285071543,0.032016488506660605
0.04811156231253989,-0.024933275028490298,17.94174731708884,0.21020640773691296,9.07293457175788,0.11873183300188539,2.84890520220044,0.04009212770506016
0.0541416530048151,-0.024933275028490298,17.691367584791713,0.26311970590737105,8.946227294188258,0.14844367677361087,2.809207402154822,0.05012211810312555
0.06092752862714207,-0.024933275028490298,17.417243331752534,0.32870170379325536,8.807543974873072,0.18519552469459927,2.765686824747692,0.06253856216412877
0.06856391592404971,-0.024933275028490298,17.118415829868795,0.4096530482647622,8.656414696021793,0.23045902886904424,2.718175933363956,0.07784573896306657
0.07715741427178036,-0.024933275028490298,16.794339147635224,0.50906817344059,8.49257658001517,0.2859106668777459,2.666581251619237,0.09661602475332448
0.0868279837415025,-0.024933275028490298,16.445075328464764,0.6303797060718334,8.316066069209404,0.35339980743412214,2.610926625666711,0.11947131027283309
0.09771061966979347,-0.024933275028490298,16.07155489842757,0.7772084697386044,8.127340335831619,0.43486850696146795,2.5514115770838104,0.1470399041839222
0.10995723711238882,-0.024933275028490298,15.675922698203989,0.9530565851143677,7.927438783476661,0.5321915922191659,2.488482474001663,0.179877051228475
0.12373879148704055,-0.024933275028490298,15.261992749523776,1.1607521029581658,7.718201565100182,0.646888427021537,2.4229047042754748,0.21834070101011857
0.13924766500838334,-0.024933275028490298,14.835836544270295,1.4015214488077024,7.502569690998023,0.7796340657744573,2.355810809113698,0.2624283431934469
0.15670035222800524,-0.024933275028490298,14.40652283305411,1.6735454390137208,7.284996473128923,0.9294724921643832,2.288695655120016,0.31160304162968877
0.17634048216824733,-0.024933275028490298,13.98701055575983,1.96988048027896,7.071990958385828,1.0926322062583411,2.2233697182083447,0.3646339338787129
0.19844221923690444,-0.024933275028490298,13.595175087050132,2.2757599615154844,6.872770412697171,1.2609272453575844,2.1620090163765595,0.41936828454017555
0.22331409039755062,-0.024933275028490298,13.254946158338463,2.565608897541888,6.6999097676151,1.4199981313465952,2.107613768602847,0.4721066930362362
0.2513032920204875,-0.024933275028490298,12.997593421009675,2.80066770058871,6.569798102926205,1.5481524004142042,2.065087560419226,0.5162404873355548
0.2828005365353655,-0.024933275028490298,12.863294052854261,2.928967355554779,6.5028428385687524,1.6170317252843756,2.0422421113226275,0.5410429525817876
0.3182455065418344,-0.024933275028490298,12.903014906803246,2.890610513524574,6.523892787980834,1.5951581296147466,2.0488602613942697,0.533777715145446
0.35813299251433084,-0.024933275028490298,13.179994560425074,2.6326291147404435,6.663707812586889,1.4549130618608774,2.0938723588450103,0.4860828296011826
0.40301979977966995,-0.024933275028490298,13.768927783347602,2.1365355368511656,6.9605633320951705,1.184831471726519,2.1863830423865394,0.39703743715758005
0.4535325211846986,-0.024933275028490298,14.751172795394956,1.4527636432804647,7.457558092625793,0.8092898327949355,2.3410323624506666,0.27281037807922204
0.5103762839557767,-0.024933275028490298,16.206350705239746,0.722126162148415,8.194620362610282,0.40469261011122754,2.5723360472910928,0.13696952320080355
0.5743445928509872,-0.024933275028490298,18.200775046820702,0.16224261441023546,9.204240862527353,0.09171189048422192,2.8884390441582295,0.03129591763546979
0.6463304070095649,-0.024933275028490298,20.77681173410333,0.013823951354848962,10.508476413462116,0.00791190492361608,3.2973802099672396,0.0027239366823174145
0.7273386051246984,-0.024933275028490298,23.95488559065675,0.47361191593615626,12.117145165418162,0.274448428642436,3.8022360208528543,0.09558559888725807
0.8185000129460304,-0.024933275028490298,27.75963882130559,1.6612053481513038,14.042052375417079,0.9778965507708783,4.407116225747645,0.3452040821589669
0.9210871889273549,-0.024933275028490298,32.27675567874461,3.6475097583071836,16.326443990404677,2.1881435006650816,5.124516748282103,0.7836412365287736
1.0365321883776653,-0.024933275028490298,37.66634193946021,6.490453687441865,19.05197427455155,3.983714775061284,5.985707565054539,1.455849753352389
1.166446554092426,-0.024933275028490298,44.23672191898904,10.279747831891461,22.378004147566003,6.491444078395079,7.029028609341051,2.419121688959869
1.3126438125222553,-0.024933275028490298,52.35290185671463,15.050764406272059,26.475228137556048,9.83088937145068,8.315908672735613,3.7586402187508354
1.4771647895120215,-0.024933275028490298,62.52614079618243,20.75963643944528,31.60871701166976,14.142708129639786,9.92494813026781,5.583165043046274
1.6623060990028473,-0.024933275028490298,75.3249116179814,27.155389631164635,38.07554178175505,19.481478930039074,11.961334278483974,8.029403444539135
1.8706522023821734,-0.024933275028490298,91.46830621078198,33.810777227773755,46.228914237428334,25.754907735233836,14.520624343729484,11.20427651717331
2.1051114860111477,-0.024933275028490298,111.89155105578713,40.22137247421355,56.5387791501507,32.68471480721432,17.73554996653784,15.220345892580578
2.368956860549917,-0.024933275028490298,137.72029430779926,45.951171272514635,69.58383694059424,39.74377759729259,21.78849834180339,20.184301829852078
2.6658714488230206,-0.024933275028490298,170.13438950346418,50.755790992107514,85.9856573503047,46.22960366882282,26.90621889702313,26.141811479449775
3.0,-0.024933275028490298,210.54119074599427,54.628886814957745,106.34034602123403,51.58901836143422,33.24236394744692,32.88748192871073
-3.0,0.02493327502849052,1010.5897896680664,66.60450692981462,509.36971471178754,66.49141294379027,156.78178860669811,65.78960693072679
-2.6658714488230206,0.02493327502849052,822.4516713748209,65.93567433688317,413.90380762574347,65.75809668283324,128.67846232185425,64.66896326404482
-2.368956860549917,0.02493327502849052,670.3405255757941,65.11079297961999,337.67378696498747,64.84670701782599,104.7654319413093,62.97504782026698
-2.1051114860111477,0.02493327502849052,549.0133818904488,64.11133420183786,276.6687126146845,63.71359134933435,86.02435597071029,60.51487528413283
-1.8706522023821734,0.02493327502849052,451.73351528069065,62.90278203023157,227.93927650038916,62.31131227738472,71.03107036244694,56.91298333056204
-1.6623060990028473,0.02493327502849052,373.85193929007704,61.45552218384073,187.98476029720362,60.527444200561064,58.713969407441084,51.93454146682365
-1.4771647895120215,0.02493327502849052,309.40467614628494,59.670436659596554,156.0724265751335,58.318130018513834,48.68866261632217,45.97853808426039
-1.3126438125222553,0.02493327502849052,256.74412275066487,57.4979453195402,129.83714745634273,55.51486988320045,40.48139209070356,39.629144943443066
-1.166446554092426,0.02493327502849052,215.11002953744816,54.97099696403039,108.3994981265723,52.011269656169404,33.70756282475713,33.352454651366145
-1.0365321883776653,0.02493327502849052,180.62504769492185,51.93557052021223,91.32559198301018,47.876201331281464,28.339949748959125,27.733334575551048
-0.9210871889273549,0.02493327502849052,152.83771551068918,48.446486606948575,77.15039235367837,43.030971885112976,24.116846865167766,22.945011681379597
-0.8185000129460304,0.02493327502849052,130.06793034558106,44.473321511358165,65.74523482272926,37.85840521393747,20.448229478328233,18.562084912456527
-0.7273386051246984,0.02493327502849052,111.64303453606172,40.15480690242306,56.36611591436672,32.57857538075892,17.61517005845431,15.070643782027929
-0.6463304070095649,0.02493327502849052,96.29201581709052,35.51035417876775,48.74441126754449,27.55525567407843,15.17695797655899,12.025199857608442
-0.5743445928509872,0.02493327502849052,83.891542411454,30.87970851117393,42.38646046549239,22.87673019699043,13.264930929916055,9.638759755492956
-0.5103762839557767,0.02493327502849052,73.70037867157698,26.398413302723018,37.190842415359455,18.76582619871619,11.611390940024783,7.6018349753214745
-0.4535325211846986,0.02493327502849052,65.20363948796309,22.177431363801904,32.951688550299025,15.268028484192241,10.290199226530225,6.013172271483677
-0.40301979977966995,0.02493327502849052,58.18315709584998,18.37899830431154,29.427018475606204,12.307043791751777,9.211938042489757,4.758874128805696
-0.35813299251433084,0.02493327502849052,52.39239624179613,15.073716019219013,26.484730445196362,9.838807603850515,8.284535223416572,3.724480899049784
-0.3182455065418344,0.02493327502849052,47.57383909304444,12.248002307910156,24.038624648316425,7.822742940799236,7.511343160553504,2.90499898495891
-0.2828005365353655,0.02493327502849052,43.53380766631456,9.866571151727484,22.00259558054488,6.1963608289738445,6.880055010705619,2.2736706257146606
-0.2513032920204875,0.02493327502849052,40.13801123095023,7.891142003408595,20.297726925679108,4.891604769591486,6.354676934714285,1.780751479008996
-0.22331409039755062,0.02493327502849052,37.282684318929675,6.277149547634428,18.861882130211015,3.8492673749580653,5.908000006968243,1.389952157818268
-0.19844221923690444,0.02493327502849052,34.8791580802578,4.974141075159301,17.64826691950882,3.0208678728667047,5.526794786425401,1.0809038131563449
-0.17634048216824733,0.02493327502849052,32.85062522954739,3.9309291837591855,16.620299487272494,2.366127752692245,5.203283288912513,0.839272776179324
-0.15670035222800524,0.02493327502849052,31.132298936116374,3.1003499542477897,15.747932463803668,1.8510916720661055,4.9298816620427965,0.652030388095633
-0.13924766500838334,0.02493327502849052,29.670928291503426,2.4415946236212047,15.005908908558505,1.4473278769605389,4.698645622540286,0.5073639987056314
-0.12373879148704055,0.02493327502849052,28.42331273239215,1.9205999200128445,14.372993647074926,1.1314626672005772,4.502198105619422,0.39544160880360185
-0.10995723711238882,0.02493327502849052,27.354462469028473,1.5094779453405343,13.83147662295032,0.8846373076600677,4.334350101610659,0.3085958601492956
-0.09771061966979347,0.02493327502849052,26.435896861734015,1.1856410909370134,13.366695274176923,0.6918516053249314,4.190176764191334,0.24102290643076735
-0.0868279837415025,0.02493327502849052,25.644261966554872,0.9309211496129688,12.966552647922748,0.5412847220695041,4.065811460347464,0.18834714197395364
-0.07715741427178036,0.02493327502849052,24.96026697886092,0.7307828391745828,12.621066696844826,0.42367172789414576,3.9581861327515906,0.1472416864608705
-0.06856391592404971,0.02493327502849052,24.36787673441007,0.5736508853978624,12.321978100917722,0.33177219531823726,3.864817171605312,0.11514922950808372
-0.06092752862714207,0.02493327502849052,23.853693431811106,0.45034440322696667,12.062424938697143,0.25993617693308824,3.7836544344459524,0.09008739423695536
-0.0541416530048151,0.02493327502849052,23.406475205839108,0.3536066675876041,11.836679889028133,0.20375787612875718,3.7129804971536515,0.07051207483624901
-0.04811156231253989,0.02493327502849052,23.016754756716256,0.2777180083675612,11.639940402263392,0.15980260427141754,3.651342877068063,0.05521819105384292
-0.04275308010908995,0.02493327502849052,22.676532989191696,0.2181801792421342,11.46816153895322,0.1253928075014521,3.5975061911798045,0.04326499994818868
-0.0379914052040221,0.02493327502849052,22.379030420932377,0.17146131265596404,11.317922395290157,0.09844088808115083,3.5504162178743135,0.03391845745850228
-0.03376006747802295,0.02493327502849052,22.118484085971488,0.13479146939835576,11.186318778063754,0.07731879763849364,3.509171405041078,0.026606153275294402
-0.03,0.02493327502849052,21.88998083816359,0.10599984249464899,11.070876428034316,0.060756414766445666,3.472999460376267,0.0208819215120838
0.03,0.02493327502849052,18.63153041939982,0.09711402334825511,9.422151264412248,0.055019606655230174,2.9580564242157523,0.018597261119028142
0.03376006747802295,0.02493327502849052,18.451679865419777,0.12213432296545,9.331082091309893,0.06914261904050079,2.9296347876893694,0.023359708683291628
0.0379914052040221,0.02493327502849052,18.252712554709653,0.15343426945115818,9.230340651984596,0.08678785925834637,2.8981754003079994,0.029308314336234154
0.04275308010908995,0.02493327502849052,18.03313989932927,0.19250854119438882,9.119179491910888,0.10878403558299285,2.8634332255405575,0.03672319111082545
0.04811156231253989,0.02493327502849052,17.791526008332045,0.24116592163600536,8.996880530174037,0.13612986314390965,2.8251681802765014,0.04594304639857663
0.0541416530048151,0.02493327502849052,17.526557076613685,0.3015724374019461,8.862790548406378,0.1700156211282346,2.7831561545454324,0.057373139888666554
0.06092752862714207,0.02493327502849052,17.237136059161493,0.37628603374322545,8.716368903491492,0.21183937083364696,2.7372053010814077,0.0714912496535336
0.06856391592404971,0.02493327502849052,16.922510432698108,0.46827056539613754,8.557250765329545,0.2632113276058087,2.6871799971601207,0.08884863208321976
0.07715741427178036,0.02493327502849052,16.58244330601558,0.5808686842771527,8.385330116171646,0.32593588238183685,2.633035652123827,0.11006072001401368
0.0868279837415025,0.02493327502849052,16.217441382050165,0.7177006021148762,8.200868206939587,0.40195470548052165,2.5748678651753347,0.1357790755028922
0.09771061966979347,0.02493327502849052,15.829057347504872,0.8824370016335787,8.00463560348213,0.49322522205487873,2.512978213240078,0.16663238858310525
0.10995723711238882,0.02493327502849052,15.420288833856814,1.078368195433761,7.798100037677654,0.6014951286639973,2.447954261044952,0.2031222032761433
0.12373879148704055,0.02493327502849052,14.996099938125148,1.3076588293867821,7.583678575217475,0.727914143653255,2.380751350819726,0.24546338389688785
0.13924766500838334,0.02493327502849052,14.56409169248224,1.570145572505353,7.365080444339086,0.872399587136562,2.3127501368006795,0.2933762651742305
0.15670035222800524,0.02493327502849052,14.135340579976313,1.8615273488822743,7.147771580998897,1.0326522827787157,2.24576073630571,0.34586389695317565
0.17634048216824733,0.02493327502849052,13.72540592166454,2.17086448461951,6.939580857639286,1.202737854306604,2.181987934004046,0.4010060134317437
0.19844221923690444,0.02493327502849052,13.355483123475606,2.4775303086572027,6.751420077638709,1.3712869139957258,2.1241054480749453,0.4556854134097924
0.22331409039755062,0.02493327502849052,13.053675666672177,2.7482475968328792,6.597995420239317,1.519747344988451,2.075760773947719,0.5049176261487187
0.2513032920204875,0.02493327502849052,12.856412214185587,2.935648197793922,6.498310376032961,1.6217679858990037,2.0427059121319364,0.5405316575771483
0.2828005365353655,0.02493327502849052,12.810116384082713,2.9808644897628307,6.475903847991483,1.6453204166851565,2.0337941208076704,0.5504129281187151
0.3182455065418344,0.02493327502849052,12.973082116963708,2.823791110569003,6.559302810851314,1.55881566082934,2.0599446428785595,0.5217562621339014
0.35813299251433084,0.02493327502849052,13.416675391550731,2.4249281871529402,6.7834374987959185,1.3415750577473005,2.131310277295763,0.44863046547783714
0.40301979977966995,0.02493327502849052,14.223782399966288,1.7988012406680929,7.190829831929572,0.9995318930018665,2.2584413072547598,0.33551092167320146
0.4535325211846986,0.02493327502849052,15.482788365772493,1.0468586957281296,7.8280115332679445,0.5850130986443731,2.4571360675930367,0.19770821687651188
0.5103762839557767,0.02493327502849052,17.277560228011666,0.36528979871208844,8.736929488201499,0.20565603606098037,2.742203139658641,0.06987214319160209
0.5743445928509872,0.02493327502849052,19.674568714451077,0.00960478198475976,9.95047361705704,0.005456322072544705,3.1223681480631384,0.0018729719315011546
0.6463304070095649,0.02493327502849052,22.713750300263314,0.22437977408339088,11.488940262517271,0.1293536478795895,3.604985481401671,0.04484558483530083
0.7273386051246984,0.02493327502849052,26.415331191825032,1.1787278691512333,13.362510890674958,0.6902011381039168,4.193161806691799,0.24235268701220977
0.8185000129460304,0.02493327502849052,30.815545661247125,2.9535354858832688,15.588291282126956,1.7613951003733352,4.89285797287054,0.6279836807844521
0.9210871889273549,0.02493327502849052,36.03252294158474,5.591645531646468,18.226321204073418,3.408655961784792,5.721349542379271,1.235574130199893
1.0365321883776653,0.02493327502849052,42.26700052438451,9.12484798012548,21.378991043315274,5.711944491138291,6.718289948445382,2.118446122556529
1.166446554092426,0.02493327502849052,49.892787742263465,13.613230016627647,25.239590450141783,8.806269437441017,7.929006046204666,3.3420890101612657
1.3126438125222553,0.02493327502849052,59.33450399375829,19.01928947363175,30.005433480289344,12.794068190891196,9.425825749115516,5.003828031855235
1.4771647895120215,0.02493327502849052,71.1857000224422,25.194653457000463,35.98526110996633,17.78173607248747,11.299918613237901,7.223351794575128
1.6623060990028473,0.02493327502849052,86.09964438193457,31.76811646760471,43.52090233444572,23.741952793006956,13.67307312745284,10.146486676734046
1.8706522023821734,0.02493327502849052,104.90489335402236,38.25009978448816,53.01861372584716,30.45350878828926,16.6542731388345,13.872791129233624
2.1051114860111477,0.02493327502849052,128.68146787741907,44.18774132865195,65.02125070582112,37.485402183813115,20.39643228257275,18.498959610330232
2.368956860549917,0.02493327502849052,158.72814431375406,49.290438320808754,80.19682183148366,44.20632085424408,25.110247852541672,24.098116208198302
2.6658714488230206,0.02493327502849052,196.40160005001323,53.46331833364703,99.25984015360042,49.98832940444433,31.057911904289533,30.647426071100313
3.0,0.02493327502849052,243.32075143511662,56.783365582086,122.89374416650482,54.53407216093515,38.41469707977151,37.81311031915422
-3.0,0.07479982508547134,1135.136545741984,66.92277017914076,572.1374365788625,66.83301328830018,176.09653656496826,66.29558357818509
-2.6658714488230206,0.07479982508547134,922.4010151120199,66.32583595490175,464.19759581415605,66.18454928080092,144.3081726531458,65.36531013021524
-2.368956860549917,0.07479982508547134,750.5198139825118,65.58855985114681,378.0569262497772,65.37910102160112,117.28904047096573,63.98880755873768
-2.1051114860111477,0.07479982508547134,613.5098357053502,64.69367894187509,309.16556345171836,64.37851288554282,96.12352653753945,62.026877177833974
-1.8706522023821734,0.07479982508547134,503.73514402408216,63.60943387439807,254.17427085431643,63.141300433329604,79.2021883809943,59.13035281312596
-1.6623060990028473,0.07479982508547134,415.9169431950569,62.30793332828535,209.13046130655798,61.568837903480215,65.31509300843459,54.885086170229386
-1.4771647895120215,0.07479982508547134,343.33161022168946,60.69847036631255,173.18228924166058,59.620667617378075,54.02310656595453,49.38340309432249
-1.3126438125222553,0.07479982508547134,284.0886107001148,58.732755477975005,143.66378490059572,57.14201134545762,44.7893389438329,43.13296229205771
-1.166446554092426,0.07479982508547134,237.28973499857656,56.434283115508144,119.572166822885,54.01775787520872,37.1783321104941,36.68492955996705
-1.0365321883776653,0.07479982508547134,198.5814819725198,53.65442671214964,100.40325599808976,50.26355325995676,31.15303650073443,30.74689555325097
-0.9210871889273549,0.07479982508547134,167.42768041093814,50.42657182148678,84.51267471119867,45.739526004669926,26.416541823185803,25.589992881479223
-0.8185000129460304,0.07479982508547134,141.93573870119016,46.69959534601965,71.74286581199468,40.73799188505821,22.310576355759384,20.80999290977257
-0.7273386051246984,0.07479982508547134,121.33548537882923,42.57391414705167,61.25745207870832,35.45437942008784,19.1422093930611,16.96166597038103
-0.6463304070095649,0.07479982508547134,104.20186936074018,38.03979693125409,52.74893600456496,30.276746009115,16.421215722358756,13.581637993978088
-0.5743445928509872,0.07479982508547134,90.38095632324297,33.410207962364524,45.6639683004153,25.341237533626867,14.289617297941092,10.915620786826617
-0.5103762839557767,0.07479982508547134,79.04103831706145,28.825893039173717,39.88346611301904,20.92496255015071,12.45040586344115,8.63050032466479
-0.4535325211846986,0.07479982508547134,69.60408118617214,24.417747810381194,35.174581003238096,17.114768952582295,10.98282899930596,6.840330749709571
-0.40301979977966995,0.07479982508547134,61.820539660231944,20.379450377023446,31.266516341464623,13.855191190521172,9.786982886729813,5.422015662309146
-0.35813299251433084,0.07479982508547134,55.4115958572663,16.813233885857386,28.01035769657044,11.11554267626293,8.7607772707188,4.249609901175419
-0.3182455065418344,0.07479982508547134,50.088471874788716,13.7280702896988,25.30829591922145,8.862944358544667,7.906831902015364,3.318539758695907
-0.2828005365353655,0.07479982508547134,45.63396536068171,11.103179008318772,23.063347679115246,7.036126035634189,7.210726895450141,2.5995822375713193
-0.2513032920204875,0.07479982508547134,41.89699306185307,8.909115328484678,21.187062215867126,5.564420529398792,6.632439180103817,2.037271757071903
-0.22331409039755062,0.07479982508547134,38.76072382659104,7.105447619249664,19.609849414834464,4.384798209965157,6.141762602200302,1.5909186832606645
-0.19844221923690444,0.07479982508547134,36.125579854451864,5.642127183012898,18.27925996444092,3.444808318271207,5.723844332432274,1.2375999080435096
-0.17634048216824733,0.07479982508547134,33.90558315194556,4.4659732208178085,17.154290756312484,2.700309287879238,5.369840654287597,0.9611268080871476
-0.15670035222800524,0.07479982508547134,32.02839721310785,3.5266566244311806,16.2013130133639,2.11370220495718,5.071193542305948,0.7467389476006077
-0.13924766500838334,0.07479982508547134,30.434675334945496,2.7798638173755457,15.392124135604792,1.6532507540548926,4.81902746367516,0.581018567500823
-0.12373879148704055,0.07479982508547134,29.07634077608626,2.1881448538010546,14.70306833469203,1.292703115551858,4.605146062049651,0.4527714647016891
-0.10995723711238882,0.07479982508547134,27.914505987258476,1.7205540050939763,14.114459035664114,1.0107769291594098,4.422690700645366,0.35324933095985694
-0.09771061966979347,0.07479982508547134,26.917562066450124,1.3518488604131802,13.610028483203518,0.7904809954769481,4.266209545004678,0.2758177114773434
-0.0868279837415025,0.07479982508547134,26.059630146145984,1.0616145983147314,13.17637920224911,0.6183864447710246,4.13142452374681,0.2154672086239858
-0.07715741427178036,0.07479982508547134,25.319370122319295,0.833449537592189,12.802474993190648,0.48394431317278974,4.014943319490598,0.1683848155879482
-0.06856391592404971,0.07479982508547134,24.67907550397488,0.6542496817537475,12.47920003614727,0.3788966561892039,3.914022766259753,0.1316374260185506
-0.06092752862714207,0.07479982508547134,24.123979830523716,0.5135959186735986,12.198994086492815,0.29679143129692415,3.826401889694824,0.10295045670069135
-0.0541416530048151,0.07479982508547134,23.641716434288945,0.4032374383480399,11.955558221293787,0.2325929100756785,3.7501901084302256,0.08055194819779168
-0.04811156231253989,0.07479982508547134,23.221890602374586,0.3166620404609485,11.74362011591408,0.18237301267008918,3.683791667746112,0.06305905790652368
-0.04275308010908995,0.07479982508547134,22.855736173807305,0.24874305234570576,11.558747193620269,0.14306849193676224,3.6258520723954186,0.04939246832132783
-0.0379914052040221,0.07479982508547134,22.53583723830391,0.1954523582269052,11.397197438769831,0.11229066097522354,3.5752177528569598,0.038710242208365345
-0.03376006747802295,0.07479982508547134,22.255901113935344,0.15362935053666898,11.255799642900014,0.08817664175234631,3.5309040845100683,0.030356061553858577
-0.03,0.07479982508547134,22.010572329056597,0.12079635281143372,11.13185669065957,0.06927325727630294,3.4920691509469624,0.023818560588636458
0.03,0.07479982508547134,18.53516089746295,0.11013908114057305,9.373360505890972,0.062372660239749585,2.942838849261815,0.021075715159742874
0.03376006747802295,0.07479982508547134,18.344932041455746,0.13844819404570435,9.27703630833398,0.07834174876406057,2.9127769412608493,0.026457902491423636
0.0379914052040221,0.07479982508547134,18.134736666249356,0.17382921268266907,9.170609998424318,0.09827345412553251,2.879541952952602,0.03317350038468961
0.04275308010908995,0.07479982508547134,17.903098901802053,0.21794813651499173,9.053340902030452,0.12308994113476623,2.8428903066729316,0.041533868176646394
0.04811156231253989,0.07479982508547134,17.648628497694183,0.2728114573966307,8.924534513995019,0.15389700928871658,2.802588425059322,0.051913617737633
0.0541416530048151,0.07479982508547134,17.37010249396383,0.340806823160848,8.783584202410152,0.1920039011559181,2.7584257246797277,0.06475804959766321
0.06092752862714207,0.07479982508547134,17.066575814102148,0.4247298531191614,8.630026933938558,0.23893475074204612,2.710233537182127,0.08058755316229296
0.06856391592404971,0.07479982508547134,16.737529569551743,0.5277811483226342,8.463616786346114,0.29642319278161544,2.65791257390054,0.09999519259337425
0.07715741427178036,0.07479982508547134,16.383068574545625,0.6535073377706675,8.284421069039457,0.36637665817852416,2.6014723620059335,0.12363102476717572
0.0868279837415025,0.07479982508547134,16.00418310614282,0.8056445884275598,8.092945491524162,0.4507894320586213,2.541086411235331,0.15216290029507917
0.09771061966979347,0.07479982508547134,15.60309433310862,0.9878006740994469,7.890297474730822,0.5515725986145181,2.4771655415198697,0.1861992071433308
0.10995723711238882,0.07479982508547134,15.183707677274885,1.2028815915811635,7.678401063129346,0.6702532976041478,2.410446832187487,0.22615676691515196
0.12373879148704055,0.07479982508547134,14.752202301307817,1.452133576834151,7.460283489836793,0.8074746232332921,2.342085165718875,0.2720625683825067
0.13924766500838334,0.07479982508547134,14.317784975399084,1.7336437926832104,7.240461394191669,0.9622040210488778,2.273720454824228,0.32329835852953753
0.15670035222800524,0.07479982508547134,13.893628215262826,2.0401568602066633,7.02545883294411,1.1305476597195763,2.2074914140023774,0.3783287989089495
0.17634048216824733,0.07479982508547134,13.497992357547266,2.3561902053470343,6.824476023983952,1.3041177176314953,2.1460137850215886,0.4344548547734478
0.19844221923690444,0.07479982508547134,13.155504840000061,2.65478130206127,6.650175554841302,1.4681099464141383,2.092479974639997,0.4875140317100963
0.22331409039755062,0.07479982508547134,12.898563092564125,2.894892199913028,6.519453374557733,1.5997544656475446,2.051209080944923,0.5312150324125763
0.2513032920204875,0.07479982508547134,12.768875644590779,3.021545489293521,6.453984841062763,1.6685843689710982,2.028823158047965,0.5559770464795726
0.2828005365353655,0.07479982508547134,12.81921767673279,2.9719378435924506,6.480492107935649,1.640478713759366,2.035226021286395,0.5488171441244339
0.3182455065418344,0.07479982508547134,13.115267596173494,2.691451660459692,6.6312155113205655,1.48673445456963,2.0824685817252293,0.4978866481587775
0.35813299251433084,0.07479982508547134,13.736476572956747,2.16209800329175,6.945244582413477,1.1978872175497197,2.181924623878524,0.4010633651242991
0.40301979977966995,0.07479982508547134,14.773717484090074,1.4390054601391735,7.469238846465584,0.8015278806550463,2.345583547788818,0.2695867208519237
0.4535325211846986,0.07479982508547134,16.321989663329614,0.676768383289604,8.252933547418754,0.3795592806718951,2.5903231116626184,0.12864203514449293
0.5103762839557767,0.07479982508547134,18.468826617499644,0.11961619746712761,9.340017015675079,0.06768086171111998,2.93113765734044,0.02309345310337517
0.5743445928509872,0.07479982508547134,21.28042906113086,0.04529990239515429,10.763561200171708,0.025980422576919217,3.377286233165709,0.008950685289028718
0.6463304070095649,0.07479982508547134,24.79468589052312,0.6852971038035034,12.542224900678384,0.3985281200183539,3.935472191788227,0.13912219143047835
0.7273386051246984,0.07479982508547134,29.033144988608832,2.170089032474609,14.687496156340776,1.2849219447108218,4.609131163978902,0.455050095335813
0.8185000129460304,0.07479982508547134,34.046287812705586,4.538606106409402,17.222927210875348,2.744216792478268,5.406426895437046,0.988630089157841
0.9210871889273549,0.07479982508547134,39.98755702785573,7.804762876336344,20.22693940725416,4.838870001097898,6.349874292432166,1.7764021029221393
1.0365321883776653,0.07479982508547134,47.09939162159402,11.968050197760576,23.823182913106123,7.647935880415331,7.487840534218907,2.8808297517010466
1.166446554092426,0.07479982508547134,55.82288881193349,17.047630826356546,28.239817672274818,11.308280884881507,8.872639980320784,4.3748797072890095
1.3126438125222553,0.07479982508547134,66.6430418157545,22.922800251468377,33.70094762704495,15.893078872591545,10.587761475487092,6.36679311941644
1.4771647895120215,0.07479982508547134,80.23791303241839,29.345906427001157,40.56025824048364,21.458281225231644,12.737269533426671,8.984697889372752
1.6623060990028473,0.07479982508547134,97.3478936606638,35.866008557271826,49.2055840565609,27.877816624769828,15.460072188619,12.379476125980819
1.8706522023821734,0.07479982508547134,118.91444174266756,42.002339398828454,60.097849594112965,34.797034013718886,18.878935927038174,16.637002011267978
2.1051114860111477,0.07479982508547134,146.16714252107283,47.408308325974055,73.85524556955417,41.66644039284975,23.167600760344367,21.828936847278502
2.368956860549917,0.07479982508547134,180.58352892303776,51.931181525596,91.23800546717908,47.850751935527434,28.565995175410634,27.980902204191313
2.6658714488230206,0.07479982508547134,223.7025363297064,55.574401488584805,113.05638745416348,52.902596436915864,35.37294072674888,34.981720371577836
3.0,0.07479982508547134,277.3611197239731,58.45292615276909,140.08374941491152,56.75679012693517,43.78593115454986,42.350810332137414
-3.0,0.12466637514245216,1261.610742511604,67.18044039653554,635.8762282584062,67.1075383017337,195.71032161813528,66.6829197262501
-2.6658714488230206,0.12466637514245216,1023.8388560607417,66.64212921698895,515.2404072256611,66.52710449777285,160.17041902174046,65.889923201089
-2.368956860549917,0.12466637514245216,831.8416314295757,65.97643228271889,419.0154677547035,65.80646325593514,129.9909838117202,64.73653805001828
-2.1051114860111477,0.12466637514245216,678.8792963499532,65.16722558164105,342.1022483283669,64.91179178624282,106.3592481124776,63.12440783777709
-1.8706522023821734,0.12466637514245216,556.3997256975937,64.18514973922534,280.7436359059176,63.806358778295085,87.47730214624313,60.76693789744635
-1.6623060990028473,0.12466637514245216,458.4818023345777,63.00396707777138,230.52758550457818,62.402736442011665,71.99456043972852,57.21275345358904
-1.4771647895120215,0.12466637514245216,377.63011864218436,61.54027229508497,190.47953361292113,60.66424997683252,59.41588734715928,52.282511119782725
-1.3126438125222553,0.12466637514245216,311.7051246964432,59.74764965602845,157.62788098755954,58.45030350813177,49.14006349774422,46.288232019994844
-1.166446554092426,0.12466637514245216,259.66575241970094,57.64308763719589,130.84377005985993,55.647012438521095,40.67982797765176,39.798904022439466
-1.0365321883776653,0.12466637514245216,216.67584360669974,55.08473386349468,109.55060986156776,52.23956875254104,33.98773612481981,33.630423354123366
-0.9210871889273549,0.12466637514245216,182.11139094797522,52.091320814433594,91.92227029604388,48.048256818166756,28.730988225471897,28.161018095892146
-0.8185000129460304,0.12466637514245216,153.86396494963088,48.59821241822372,77.7710183270039,43.27696305824208,24.182408159051725,23.02159064473993
-0.7273386051246984,0.12466637514245216,131.0635435638133,44.674886091048236,66.16676790148426,38.07300165395034,20.67485065368141,18.837906447834197
-0.6463304070095649,0.12466637514245216,112.12904090914357,40.28474937288289,56.76220794048444,32.82155590367963,17.66819759525371,15.136599190719068
-0.5743445928509872,0.12466637514245216,96.87445322858603,35.70724821402651,48.943541660302664,27.694823272576578,15.314941317640946,12.197863200797325
-0.5103762839557767,0.12466637514245216,84.37638735658936,31.077244456645165,42.573426702612736,23.020187234764233,13.288591294618433,9.668154480315247
-0.4535325211846986,0.12466637514245216,73.99278064151645,26.53586234908408,37.39154437776542,18.928681720491,11.673612228987038,7.6776865275775625
-0.40301979977966995,0.12466637514245216,65.44196168227387,22.30166942868404,33.0979407286819,15.390213897647198,10.35950116778874,6.095278688322892
-0.35813299251433084,0.12466637514245216,58.41224567878588,18.506899159318024,29.526613198465636,12.390898041993538,9.234093250773824,4.784147727300228
-0.3182455065418344,0.12466637514245216,52.58318127894708,15.184523898267917,26.567911343799082,9.908143442719375,8.299189710479945,3.740428626939764
-0.2828005365353655,0.12466637514245216,47.71372756377043,12.330521150355716,24.11380087342699,7.883867839689737,7.538188997330596,2.9326644124650603
-0.2513032920204875,0.12466637514245216,43.63575177376614,9.926434432119603,22.066173092372402,6.246160101526629,6.907007817598389,2.299812509823986
-0.22331409039755062,0.12466637514245216,40.21915199792298,7.937777603485049,20.34789132339537,4.929052882229555,6.372422817763895,1.7968487208760018
-0.19844221923690444,0.12466637514245216,37.353287391323065,6.316306690330151,18.900777826166703,3.8766815460898685,5.917934924242538,1.3983252654343794
-0.17634048216824733,0.12466637514245216,34.94289829392431,5.007849542005166,17.679350883643462,3.041383849822642,5.53361267444544,1.0862106204594733
-0.15670035222800524,0.12466637514245216,32.90801978368092,3.959583350597743,16.6463573649535,2.3821195095777083,5.209907642570497,0.8440111845230457
-0.13924766500838334,0.12466637514245216,31.18315338690067,3.1241161052804607,15.770618159475807,1.8639581267178962,4.93700303760772,0.6566929413724828
-0.12373879148704055,0.12466637514245216,29.7153063248025,2.460868759496035,15.026035432779292,1.4578220346438937,4.705877448715878,0.5116834390027933
-0.10995723711238882,0.12466637514245216,28.461665187010528,1.9359846735369979,14.390931604979517,1.1400224857070238,4.508999153946563,0.39913636585022666
-0.09771061966979347,0.12466637514245216,27.38747353671675,1.5216437233473787,13.847424230283465,0.8915749111897824,4.340387047664887,0.3115707357307078
-0.0868279837415025,0.12466637514245216,26.46431502908291,1.195219108159637,13.380809376222897,0.6974302306960276,4.195350028499486,0.24332940433755626
-0.07715741427178036,0.12466637514245216,25.668792805773062,0.9384527321684812,12.978993306777182,0.5457393345951741,4.070170448311094,0.19010141393157504
-0.06856391592404971,0.12466637514245216,24.981525409930978,0.7367084726283029,12.63200215022556,0.42721004527905926,3.961844962300316,0.1485680495091796
-0.06092752862714207,0.12466637514245216,24.386376877816517,0.5783191012913476,12.331577097723141,0.3345726341664243,3.867901526357612,0.11615450386558474
-0.0541416530048151,0.12466637514245216,23.86985688689112,0.4540274122938879,12.07084830868118,0.26214774448207734,3.7862764764632972,0.09085449832160826
-0.04811156231253989,0.12466637514245216,23.420645827517408,0.35651620061411315,11.844075003245967,0.2055023226954567,3.7152310971856712,0.0711022735036628
-0.04275308010908995,0.12466637514245216,23.02921388378758,0.28001887463665964,11.646438704548565,0.1611778856996779,3.65329225894275,0.055675868946121164
-0.0379914052040221,0.12466637514245216,22.6875126674962,0.22000104458995345,11.473878275665172,0.12647694030428222,3.5992076294286206,0.04362226984867045
-0.03376006747802295,0.12466637514245216,22.38872400873873,0.17290298802848122,11.322957614907843,0.09929562247421667,3.5519101570065366,0.03419877494555142
-0.03,0.12466637514245216,22.12705442776424,0.13593320959555977,11.190758915067045,0.07799283771741741,3.510488971922501,0.026826904336629
0.03,0.12466637514245216,18.44331573642536,0.12337289154307185,9.326860496309905,0.06983907933260419,2.9283357287592553,0.02359116346057212
0.03376006747802295,0.12466637514245216,18.243303877163047,0.1550101640132095,9.225582712740865,0.08767459442970316,2.8967276270957925,0.02959944671778731
0.0379914052040221,0.12466637514245216,18.022557707223747,0.1945141524885943,9.113814456356053,0.10991387277329505,2.8618241213969955,0.03708847030260598
0.04275308010908995,0.12466637514245216,17.77962623803817,0.24371889526304752,8.990827973327708,0.13757048051213103,2.8233850477207834,0.04640009797844227
0.04811156231253989,0.12466637514245216,17.51317901920257,0.3048224222476775,8.855959475402345,0.17185358933416867,2.7811856180367798,0.05794353944653471
0.0541416530048151,0.12466637514245216,17.22210045121528,0.3804231514429192,8.708657239542315,0.21418505005641736,2.7350314464830214,0.07220193569344609
0.06092752862714207,0.12466637514245216,16.90561672254305,0.473536075521384,8.548545560289787,0.26620456691631633,2.6847801678480105,0.08973469241033169
0.06856391592404971,0.12466637514245216,16.563465155519285,0.5875685783569554,8.375508792015705,0.3297522819201739,2.630372474730892,0.1111709396591937
0.07715741427178036,0.12466637514245216,16.1961187021114,0.7262233542413459,8.189800892195048,0.4068120062057962,2.571876250227149,0.137186363504853
0.0868279837415025,0.12466637514245216,15.805082153617747,0.8932775487945164,7.992187654198136,0.49938943945127573,2.509547800954772,0.16845128154556538
0.09771061966979347,0.12466637514245216,15.393281319117653,1.0921613312726541,7.78413168406068,0.6092869875059601,2.443912763497186,0.20553301318903572
0.10995723711238882,0.12466637514245216,14.965571515147962,1.3252256784317453,7.568034803572222,0.7377193182291805,2.37586401817144,0.2487333635017019
0.12373879148704055,0.12466637514245216,14.529395687318068,1.5925536742695254,7.347559420070369,0.8846920899588443,2.3067630397855936,0.29784905449960714
0.13924766500838334,0.12466637514245216,14.095622148411373,1.890151319369197,7.128058405424265,1.048046496556743,2.2385170058746913,0.35186745940953856
0.15670035222800524,0.12466637514245216,13.679582423402419,2.207400207042112,6.917146512139441,1.2220772550108552,2.1736026820963175,0.40864816131668197
0.17634048216824733,0.12466637514245216,13.302307430297907,2.523858590755915,6.725430957460984,1.3957226126887874,2.1150585338427965,0.4646464682542521
0.19844221923690444,0.12466637514245216,12.991931128957296,2.805997848054375,6.567362299907491,1.5506227899739227,2.0666104507039478,0.514614677042533
0.22331409039755062,0.12466637514245216,12.78522080582386,3.005376683621572,6.462062559635402,1.6599851273065998,2.0332657650638164,0.5510025420716134
0.2513032920204875,0.12466637514245216,12.72923519105056,3.0610074899564514,6.433911453159068,1.6900851401313357,2.0225295844725544,0.5630757723748412
0.2828005365353655,0.12466637514245216,12.883152072141737,2.9097478797500322,6.512839375151881,1.6066188754136579,2.0453574687372065,0.5376147942631032
0.3182455065418344,0.12466637514245216,13.320041290736333,2.508344165396347,6.734809007073478,1.386872075303197,2.114921632210119,0.46478295039386586
0.35813299251433084,0.12466637514245216,14.12736535715197,1.867252164242236,7.143039577321811,1.036334263310292,2.2438100885224226,0.34747415422127764
0.40301979977966995,0.12466637514245216,15.40379116010526,1.0867810449708923,7.788224833130865,0.6069974547879828,2.4454412351526096,0.20461925596995698
0.4535325211846986,0.12466637514245216,17.250607797504365,0.37260094669357746,8.723123714893834,0.2097966286300068,2.7377092174410254,0.07132706524877372
0.5103762839557767,0.12466637514245216,19.75863057343861,0.0065944558689890985,9.992986895303815,0.0037479572496207218,3.135723847220281,0.0012861285175529073
0.5743445928509872,0.12466637514245216,22.99363671694575,0.2734710064133917,11.630986727064675,0.1579163639265837,3.649265567629227,0.05473237139327498
0.6463304070095649,0.12466637514245216,26.99202885298364,1.3782638239865408,13.654374656754156,0.8090067977555835,4.284456040700231,0.2844494975948504
0.7273386051246984,0.12466637514245216,31.778030198065913,3.4059803322797335,16.076770083742563,2.0404369734440357,5.0453207148665005,0.7290596586345284
0.8185000129460304,0.12466637514245216,37.41829820084703,6.352401275996879,18.928991571447146,3.8965980111066676,5.942477073602945,1.419074888918446
0.9210871889273549,0.12466637514245216,44.103355459884575,10.20128462764969,22.30883838018031,6.436894002425871,7.003964849616727,2.3944885341325763
1.0365321883776653,0.12466637514245216,52.11771487578041,14.913996292421396,26.36139552884875,9.736073391909079,8.287038839286957,3.727204455110476
1.166446554092426,0.12466637514245216,61.97080537253033,20.46063836835752,31.350239016381657,13.925557587771902,9.850961623466976,5.496654125511895
1.3126438125222553,0.12466637514245216,74.2084464696669,26.636902728457056,37.52634186342384,19.037897077056616,11.790555460751024,7.8204531905554795
1.4771647895120215,0.12466637514245216,89.59478151251582,33.11648189115392,45.28923272385088,25.06499577439342,14.223009857377573,10.832431347038353
1.6623060990028473,0.12466637514245216,108.95897755255189,39.4195518358398,55.07363595321858,31.773250212577555,17.304720612667786,14.684166728904925
1.8706522023821734,0.12466637514245216,133.35780863527526,45.12850875033819,67.39628804340481,38.68818401974752,21.17249050947312,19.441453936294444
2.1051114860111477,0.12466637514245216,164.17374675443943,50.01602405106563,82.95240992897459,45.20236118601404,26.021330024175256,25.14164095929825
2.368956860549917,0.12466637514245216,203.06696626335403,54.0340892393746,102.59647201146899,50.77284130398918,32.12102573962738,31.74919215088476
2.6658714488230206,0.12466637514245216,251.76233088311568,57.2421912000908,127.23634986152413,55.162104784265104,39.807851072853936,39.04691330878556
3.0,0.12466637514245216,312.31921654572915,59.76805734147924,157.73707525116848,58.45946732811317,49.30192860549087,46.398297109734074
-3.0,0.17453292519943298,1388.8355050696996,67.39147599448083,699.9929837523194,67.3310339178346,215.44060996896118,66.9865266231026
-2.6658714488230206,0.17453292519943298,1125.8282233230632,66.90147019185238,566.5607673820708,66.80589474317101,176.11867462622655,66.29608252855417
-2.368956860549917,0.17453292519943298,913.560876307372,66.29485785505723,460.1741429248321,66.15409647466694,142.75487670260844,65.30540376810919
-2.1051114860111477,0.17453292519943298,744.5281276218625,65.55652528168855,375.17967377207617,65.34527754360087,116.63856746916352,63.944034736146676
-1.8706522023821734,0.17453292519943298,609.2536407235966,64.6591903331643,307.408444954875,64.34652234686749,95.7819954458501,61.98381359668802
-1.6623060990028473,0.17453292519943298,501.1677870311891,63.57813770909649,251.98576372413567,63.07948609413645,78.69294392241665,59.011834509706944
-1.4771647895120215,0.17453292519943298,411.9985590720582,62.236254817696505,207.8120542099034,61.51100400529116,64.8195829949091,54.68755925113574
-1.3126438125222553,0.17453292519943298,339.3538627535956,60.58918217322364,171.6081964846812,59.51346555544153,53.495792935923134,49.07125958350083
-1.166446554092426,0.17453292519943298,282.04646427225236,58.649311204294015,142.11780039484097,56.978458043965404,44.18207214935985,42.66205709037854
-1.0365321883776653,0.17453292519943298,234.75551011818968,56.281909858088376,118.69051196336453,53.875083749730116,36.82014552659552,36.35226780753144
-0.9210871889273549,0.17453292519943298,196.76701898753507,53.495665074196886,99.31771720337598,50.002425124632424,31.040989140200058,30.629712197801794
-0.8185000129460304,0.17453292519943298,165.75540080417005,50.217645388511976,83.78057825219244,45.489832030393416,26.048476677863718,25.17252220287351
-0.7273386051246984,0.17453292519943298,140.7494564224674,46.493396843718195,71.0548374615684,40.426202910132886,22.200849148666922,20.678793808779155
-0.6463304070095649,0.17453292519943298,120.01149513464695,42.26390462640888,60.752828231709195,35.1701729635345,18.908149830647478,16.673058893332637
-0.5743445928509872,0.17453292519943298,103.32235830849402,37.77348143958073,52.200100746475826,29.914452305416745,16.333063075932312,13.471463598380234
-0.5103762839557767,0.17453292519943298,89.66659641585758,33.14345695938927,45.24065184171236,25.029076435595073,14.119694070463396,10.703435613105837
-0.4535325211846986,0.17453292519943298,78.33782512356579,28.516283432470658,39.586463771054596,20.68967495096337,12.357528943716213,8.516064903196508
-0.40301979977966995,0.17453292519943298,69.02181777400392,24.127918944190327,34.908346838409024,16.894893714188054,10.92544702890797,6.77128645702904
-0.35813299251433084,0.17453292519943298,61.37375119578779,20.137346838507803,31.02309459972172,13.650528474777449,9.70123674467521,5.322237599648293
-0.3182455065418344,0.17453292519943298,55.04137516713662,16.601677134499905,27.8090972713342,10.94660996194135,8.685809085510703,4.166047719373215
-0.2828005365353655,0.17453292519943298,49.7597121417124,13.535092190263724,25.147199182750057,8.73011902599841,7.8603358698748975,3.2692804557180146
-0.2513032920204875,0.17453292519943298,45.343480062284776,10.931827633616937,22.929597561022025,6.929259309650896,7.176677360851117,2.5655177075941435
-0.22331409039755062,0.17453292519943298,41.6492241627739,8.764926970243852,21.071584028506585,5.476037064701043,6.598598428373838,2.005512056873494
-0.19844221923690444,0.17453292519943298,38.555187613237,6.989257074329943,19.509230735949007,4.311768367749053,6.1079458694732995,1.5613481343172877
-0.17634048216824733,0.17453292519943298,35.9568013294564,5.550636912982219,18.19256046144425,3.3856545777188027,5.693689073355281,1.2131840952744315
-0.15670035222800524,0.17453292519943298,33.76646039584845,4.394439418534327,17.08068516112641,2.6534577644231567,5.345282313829789,0.9428111895790402
-0.13924766500838334,0.17453292519943298,31.912511974548046,3.470653962877863,16.1394445418825,2.0772024766455868,5.051965859976267,0.7335861423350353
-0.12373879148704055,0.17453292519943298,30.337049526438012,2.735867226552525,15.340298386777699,1.6250714165480145,4.803894466546059,0.5715577333608048
-0.10995723711238882,0.17453292519943298,28.9933389234006,2.153494074746924,14.659580516727537,1.2710153710416168,4.592865426556186,0.4457769940834408
-0.09771061966979347,0.17453292519943298,27.843483221066503,1.693245183006501,14.07779775688884,0.9940775707305015,4.412370398044203,0.3479100475720834
-0.0868279837415025,0.17453292519943298,26.856536918907942,1.3303430856681027,13.57894447853592,0.777595458272577,4.257307003374107,0.2716453487762224
-0.07715741427178036,0.17453292519943298,26.007055567833547,1.0447053104376098,13.149874522865321,0.6084186579204417,4.123633806039553,0.2121677486674648
-0.06856391592404971,0.17453292519943298,25.273992365200524,0.8201781015159934,12.779761171825864,0.47621581654504663,4.0080887226840725,0.1657674042418218
-0.06092752862714207,0.17453292519943298,24.639851596730832,0.6438505590795371,12.459652193589148,0.37289311809678216,3.907990044517204,0.1295645809865319
-0.0541416530048151,0.17453292519943298,24.090028912518513,0.5054581404788573,12.182111808964097,0.2921210241198986,3.821102415549749,0.10131477865239939
-0.04811156231253989,0.17453292519943298,23.612289116789327,0.3968751183119171,11.940935536503234,0.22895546284405097,3.745545528838489,0.07926614937644541
-0.04275308010908995,0.17453292519943298,23.196347599828748,0.3116905105988175,11.730923487023883,0.1795374589649656,3.679728950227027,0.062051553835908546
-0.0379914052040221,0.17453292519943298,22.833531823705368,0.24485911311072675,11.547699600508219,0.14085631091734152,3.622302856486101,0.04860489871890689
-0.03376006747802295,0.17453292519943298,22.516505880774265,0.19241791803406694,11.387566779315119,0.11056357546752477,3.5721189685882835,0.038095537235557586
-0.03,0.17453292519943298,22.239045439077817,0.15125799075553462,11.247390119045466,0.0868273608791651,3.528198581775489,0.029876665689225902
0.03,0.17453292519943298,18.356131795391708,0.13668476375153055,9.282720545450921,0.07734525314135914,2.9145686935615727,0.026118838653330232
0.03376006747802295,0.17453292519943298,18.146932246688166,0.17165671168871643,9.176790627778315,0.09704919779361011,2.881508485307713,0.03275343612051546
0.0379914052040221,0.17453292519943298,17.916308029193324,0.21528488080169042,9.060021065967819,0.1215944820614022,2.8450428404573533,0.04101474464937562
0.04275308010908995,0.17453292519943298,17.66284343363677,0.26956638065282335,8.931702272792057,0.15208311861881302,2.8049366847440704,0.05127409506674896
0.04811156231253989,0.17453292519943298,17.38527966912997,0.3368826685601386,8.791207154464804,0.18982291770361212,2.7609759391236883,0.06397365365119896
0.0541416530048151,0.17453292519943298,17.082622030401836,0.42002991714048404,8.638045711534188,0.23634086522604947,2.7129846135448825,0.07963183681497651
0.06092752862714207,0.17453292519943298,16.754283418726175,0.5222218983339207,8.471937339432749,0.29338058186813554,2.660849158428657,0.09884309939929846
0.06856391592404971,0.17453292519943298,16.40027499500725,0.647040608361551,8.2929055383685,0.36287075148380415,2.604553106567007,0.1222665632210757
0.07715741427178036,0.17453292519943298,16.021457942461954,0.7982952108204155,8.101401034566846,0.4468442033673351,2.5442259240027267,0.15059434798667473
0.0868279837415025,0.17453292519943298,15.61987441806452,0.9797285366274273,7.898461247506201,0.5472769724482329,2.4802103111965823,0.1844855190863026
0.09771061966979347,0.17453292519943298,15.199180750728981,1.1944811077976705,7.685917107509557,0.6658022655747156,2.4131506628406885,0.2244462791998126
0.10995723711238882,0.17453292519943298,14.765211257949645,1.4441868094648989,7.466663105276825,0.8032354842037326,2.3440998992309305,0.27063501663441525
0.12373879148704055,0.17453292519943298,14.326705048614294,1.7275410409589338,7.2450135469278605,0.9588254181051813,2.2746305963835654,0.322579844382681
0.13924766500838334,0.17453292519943298,13.896227411961247,2.038178962068633,7.027175996016968,1.1291336191473793,2.2069220674989958,0.3788258478316072
0.15670035222800524,0.17453292519943298,13.491306726982065,2.361791898110617,6.821875650805169,1.3064704538676826,2.1437947186748803,0.4365752755060748
0.17634048216824733,0.17453292519943298,13.135783494539927,2.6727117903229827,6.641146775100637,1.4769593416823934,2.0887166964350463,0.49139615259378105
0.19844221923690444,0.17453292519943298,12.86133623872357,2.930866923834378,6.501246571926336,1.6186986947963975,2.0459561323323543,0.5369576931471061
0.22331409039755062,0.17453292519943298,12.709135755738851,3.0811518868368566,6.423538249251216,1.7012697029529178,2.021217853668554,0.5645629720383115
0.2513032920204875,0.17453292519943298,12.731614497825932,3.0586289067681416,6.435115260172965,1.6887904357221477,2.0228949933368283,0.5626619543936617
0.2828005365353655,0.17453292519943298,12.994356312866136,2.8037140759482577,6.569117658291991,1.5488422396318904,2.06298924621278,0.5184862093540579
0.3182455065418344,0.17453292519943298,13.577789869618403,2.2900120138727926,6.865218666704718,1.2676179924446136,2.1557797285418543,0.42520258981343767
0.35813299251433084,0.17453292519943298,14.577300400200624,1.5616678248639126,7.370727877492988,0.868460402287953,2.315059182499283,0.29166245482627473
0.40301979977966995,0.17453292519943298,16.099191679848307,0.7657190959471297,8.140287875695922,0.42896234181289344,2.5556655395093277,0.14495892223487275
0.4535325211846986,0.17453292519943298,18.25083325227932,0.15374834325299744,9.229564227340786,0.08693222986260668,2.896466570649794,0.02965210648048777
0.5103762839557767,0.17453292519943298,21.12614646471465,0.03380512720005901,10.685294804550608,0.019365912637273,3.3526541744431366,0.006659830640470618
0.5743445928509872,0.17453292519943298,24.790573140956266,0.6841825171960659,12.540792276197246,0.39807723301641973,3.9345514017611776,0.1387972207787651
0.6463304070095649,0.17453292519943298,29.279659395504343,2.273791317243404,14.81218269279117,1.3476969337347784,4.647785176077948,0.4773764157234859
0.7273386051246984,0.17453292519943298,34.6213426888183,4.838329648514984,17.515839640215646,2.9339107209390276,5.497166663642781,1.0579409589517434
0.8185000129460304,0.17453292519943298,40.89957755423851,8.330169690541272,20.69031119063087,5.186329234754265,6.495908814323597,1.909983174547256
0.9210871889273549,0.17453292519943298,48.34267892392169,12.701342882161956,24.453197489500916,8.1606085890651,7.677693361931052,3.077404549755051
1.0365321883776653,0.17453292519943298,57.27704113387066,17.87075812823526,28.97091344010024,11.923110541252871,9.108697849866173,4.641417122937402
1.166446554092426,0.17453292519943298,68.2807626134862,23.756102294080783,34.54262889559814,16.592225722810106,10.85506862693949,6.686723224586665
1.3126438125222553,0.17453292519943298,81.96065529460256,30.079123986046604,41.44618736852414,22.150245256740988,13.023044463854152,9.338559701524387
1.4771647895120215,0.17453292519943298,99.16783754342354,36.465691859467704,50.127468271919085,28.51553393144513,15.7430706853735,12.733590268369095
1.6623060990028473,0.17453292519943298,120.82120571997591,42.45422407486752,61.068593338540325,35.348346411205526,19.189243507914593,17.01960052050506
1.8706522023821734,0.17453292519943298,148.09420998999613,47.7178027301579,74.84276157529065,42.08589064451357,23.51255045243823,22.23607164264231
2.1051114860111477,0.17453292519943298,182.52404759043245,52.13409336926982,92.22317055863488,48.13415887174721,28.929511002237597,28.377077837959504
2.368956860549917,0.17453292519943298,225.9556365844582,55.72458578544778,114.15961441946565,53.10168999109229,35.740095800062235,35.33343348522536
2.6658714488230206,0.17453292519943298,280.3016382693241,58.576992201478255,141.65851005356535,56.92905908661834,44.31847995316571,42.76849006723564
3.0,0.17453292519943298,347.84609787294136,60.819305586351774,175.67747001631074,59.786016678721154,54.9076261630535,49.895262407104184
-3.0,0.2243994752564138,1515.6233337902454,67.56598106659953,763.8892455162762,67.51493623933985,235.10321740018395,67.22894277243111
-2.6658714488230206,0.2243994752564138,1227.4238072982428,67.11612912284438,617.6830057226454,67.03524672973984,192.00511044420702,66.6172757290922
-2.368956860549917,0.2243994752564138,994.9259208713818,66.55870407214442,501.15439720840055,66.43997580759643,155.463315449033,65.74901339692244
-2.1051114860111477,0.2243994752564138,809.8575908988867,65.87948170913134,408.0961764848574,65.70156142551943,126.86773391193182,64.57246451559149
-1.8706522023821734,0.2243994752564138,661.819286733359,65.0529740015528,333.92776373244135,64.79017703669066,104.0412282005915,62.9048476377184
-1.6623060990028473,0.2243994752564138,543.5930633844788,64.05583728296234,273.31306560270815,63.63488236651047,85.35032975652251,60.39331178071995
-1.4771647895120215,0.2243994752564138,446.1328839910795,62.81636797232514,225.02653354150377,62.205566038017096,70.18639455085872,56.64074981770379
-1.3126438125222553,0.2243994752564138,366.7931691011248,61.29224493849157,185.48255648702323,60.3859388459685,57.81846348997882,51.47812839190236
-1.166446554092426,0.2243994752564138,304.2388268640264,59.492532223638676,153.2970322850111,58.07444772139266,47.654863415331114,45.25395683190448
-1.0365321883776653,0.2243994752564138,252.6667706771332,57.289419650570856,127.74527152621359,55.23245509288896,39.62619135818862,38.88828689811149
-0.9210871889273549,0.2243994752564138,211.27191113803667,54.68465391969468,106.63713758913205,51.6510039197674,33.32721805329877,32.972613684456526
-0.8185000129460304,0.2243994752564138,177.5122183266996,51.60058461111736,89.72211889826717,47.40230653456848,27.8934366537967,27.24159784032851
-0.7273386051246984,0.2243994752564138,150.3150110658282,48.06467949751652,75.8822029030944,42.51759734584401,23.707887943021547,22.465839468469515
-0.6463304070095649,0.2243994752564138,127.78686077089841,44.000392209899196,64.68922842297157,37.31245661848158,20.13126596818375,18.17532991734157
-0.5743445928509872,0.2243994752564138,109.67475616841631,39.61858658335157,55.40844446479939,31.983695980730516,17.33610485325762,14.723262190737357
-0.5103762839557767,0.2243994752564138,94.87166870749417,35.022796899386876,47.86498484214077,26.933661196542744,14.93743477558767,11.72551672248379
-0.4535325211846986,0.2243994752564138,82.6071902817821,30.34967551211874,41.743167992233,22.380598047957363,13.02954164995775,9.346615460257356
-0.40301979977966995,0.2243994752564138,72.53443293645864,25.84510792436421,36.68475476290622,18.35391120643833,11.48076367936843,7.4428502097601745
-0.35813299251433084,0.2243994752564138,64.27547955788538,21.690491697043193,32.4893802143637,14.881282948952702,10.158955313994648,5.858119398265089
-0.3182455065418344,0.2243994752564138,57.44644600524428,17.966058090634956,29.023472275491326,11.967342826311285,9.06408009865716,4.5908185850967484
-0.2828005365353655,0.2243994752564138,51.75853803962005,14.704827688304757,26.15678716219456,9.565840711674294,8.17506222977433,3.6057998767138004
-0.2513032920204875,0.2243994752564138,47.00938319121235,11.914929437011562,23.77187998097942,7.606391481502029,7.439744310578602,2.8315192636971984
-0.22331409039755062,0.2243994752564138,43.04221592352827,9.578233094474534,21.776513966430443,6.019875932793979,6.818910418743608,2.214657354169552
-0.19844221923690444,0.2243994752564138,39.72421258671866,7.65387584146337,20.101041657451795,4.74539878897538,6.292760449277473,1.7249123774650377
-0.17634048216824733,0.2243994752564138,36.941550853369506,6.088590184458656,18.691014212214128,3.7294341275492533,5.849163975666797,1.3406830018833493
-0.15670035222800524,0.2243994752564138,34.59904196493418,4.826622848199811,17.50193079276855,2.924820089685443,5.476580495912738,1.0420811311154943
-0.13924766500838334,0.2243994752564138,32.618929939447575,3.815817530631191,16.49667165487756,2.2907161085792134,5.163314055707608,0.8108782834915044
-0.12373879148704055,0.2243994752564138,30.938439219360834,3.0102451042839737,15.64427512807278,1.7926804824285616,4.898703829384302,0.631758812403806
-0.10995723711238882,0.2243994752564138,29.506953596486365,2.3708009495960805,14.919105858909505,1.4023750620256024,4.673883820164852,0.4926784796701514
-0.09771061966979347,0.2243994752564138,28.283469133604157,1.8648607908423929,14.300077457841933,1.0969137307515702,4.481824830064999,0.3844535581333544
-0.0868279837415025,0.2243994752564138,27.234540511163726,1.4655809430164002,13.76989812678592,0.858045044006791,4.317018325134968,0.3001186988339993
-0.07715741427178036,0.2243994752564138,26.332701573478737,1.1511064940782614,13.31438294604407,0.6713306653404668,4.175103251718243,0.23435391707162956
-0.06856391592404971,0.2243994752564138,25.555263124555758,0.903797178675745,12.921864350358637,0.5254066260953287,4.052562302691542,0.18305705765603464
-0.06092752862714207,0.2243994752564138,24.883390099812367,0.7095164898611878,12.582707233668232,0.41135770861817533,3.9465071608827915,0.14304212294785462
-0.0541416530048151,0.2243994752564138,24.30138226373073,0.5570025992198308,12.28891916921806,0.3222047717708384,3.8545334908110167,0.11182510620206522
-0.04811156231253989,0.2243994752564138,23.7961049611501,0.4373265154193252,12.033840172388402,0.2524922527949848,3.7746218247678467,0.08746693174435509
-0.04275308010908995,0.2243994752564138,23.35653311279652,0.34343534667127307,11.811896186613389,0.19795976637698268,3.705066607828731,0.06845432096144335
-0.0379914052040221,0.2243994752564138,22.973382743548648,0.26977400943029506,11.618402637756375,0.1552823709902565,3.644422485529014,0.053607320214367475
-0.03376006747802295,0.2243994752564138,22.638811481986433,0.21197633531706495,11.449407105550923,0.121866065820543,3.591461705509695,0.042006716989987994
-0.03,0.2243994752564138,22.346174136584192,0.16661569011159316,11.30156261266935,0.0956873091403747,3.545139293694003,0.032936901467692056
0.03,0.2243994752564138,18.27373378408652,0.1499448486163531,9.241003810305536,0.08481817932127711,2.901557454553971,0.02863421502067017
0.03376006747802295,0.2243994752564138,18.05594025831066,0.1882258605799186,9.13072240496542,0.10637465316843778,2.8671389801793894,0.03588936981434933
0.0379914052040221,0.2243994752564138,17.816104378455023,0.23593986405645945,9.009288963826918,0.13320240037780767,2.829216577780596,0.044914500883389004
0.04275308010908995,0.2243994752564138,17.552854315488947,0.29524062329784545,8.876016403173,0.16648816120618876,2.787561654784086,0.05610911969019648
0.04811156231253989,0.2243994752564138,17.265012462747137,0.36868333496935635,8.73031912003198,0.20763283482699674,2.7419723912032166,0.06994644309060614
0.0541416530048151,0.2243994752564138,16.95171552311883,0.45924730225386556,8.571774126142245,0.2582602621210901,2.6922929120000876,0.08697733824257199
0.06092752862714207,0.2243994752564138,16.612574668767312,0.5703230383573246,8.400201724868683,0.3202056447492055,2.638440377257841,0.10782712741776387
0.06856391592404971,0.2243994752564138,16.247887535987058,0.7056340670678073,8.215770910383648,0.3954678961035605,2.5804432236710992,0.13317875326050077
0.07715741427178036,0.2243994752564138,15.858917253403648,0.8690466965038315,8.019136077275578,0.4861018558591865,2.5184947095644907,0.16373172296041338
0.0868279837415025,0.2243994752564138,15.44825807320827,1.0641967635744976,7.811613712976726,0.5940145026139287,2.453026231489592,0.20012074821584921
0.09771061966979347,0.2243994752564138,15.020312428838686,1.2938300827083153,7.595411011383505,0.7206134313389108,2.384803249097304,0.24277233116750316
0.10995723711238882,0.2243994752564138,14.581909764573105,1.5587162530937508,7.373923458195672,0.866236377233531,2.315040917371214,0.2916759870647563
0.12373879148704055,0.2243994752564138,14.143101475393589,1.8559673092509539,7.152125739341969,1.0292717023103775,2.245524891976273,0.3460583348802324
0.13924766500838334,0.2243994752564138,13.718165077919132,2.17661093673873,6.937088301022961,1.2048766250328664,2.1787083859590024,0.4039838599811353
0.15670035222800524,0.2243994752564138,13.326838891116113,2.5024143469716633,6.738653902287555,1.3832542492317967,2.1177572261359408,0.4619614108612226
0.17634048216824733,0.2243994752564138,12.995782121029132,2.802371998826969,6.570288646053373,1.547655213051473,2.0665714907613126,0.5146562274224998
0.19844221923690444,0.2243994752564138,12.76022065601074,3.0301313528310874,6.450057159389116,1.6727765779886714,2.0299644632555434,0.5546962241978747
0.22331409039755062,0.2243994752564138,12.665722271322348,3.12497536905264,6.401558821096753,1.7251352693434192,2.014340691546351,0.5724035141317159
0.2513032920204875,0.2243994752564138,12.770073339244947,3.020358684393113,6.454588825063205,1.6679403427149329,2.0289788578192423,0.5558021962627765
0.2828005365353655,0.2243994752564138,13.145225383588237,2.6641170914774657,6.645477568552464,1.4727101515899752,2.0869152957310964,0.49326165260478316
0.3182455065418344,0.2243994752564138,13.878902837828782,2.0513860990822783,7.017580805092153,1.1370496907635337,2.2035189016926084,0.38180557393451764
0.35813299251433084,0.2243994752564138,15.074323726701165,1.263310918756738,7.622256474321613,0.7040781467376385,2.3937769316615225,0.23687657928618966
0.40301979977966995,0.2243994752564138,16.84532460196069,0.4926044258452533,8.518037951810147,0.276846622536731,2.6739413119083877,0.09379847192731199
0.4535325211846986,0.2243994752564138,19.30527847244342,0.02976461696673673,9.763451564913534,0.01689832751212751,3.0638338771913145,0.005782130961361273
0.5103762839557767,0.2243994752564138,22.55125002442188,0.19788706723148553,11.406752054774712,0.11401621216555322,3.578730908410746,0.03941264272826469
0.5743445928509872,0.2243994752564138,26.648640415375485,1.258045951574862,13.48153803842849,0.7377559798014361,4.229549616685348,0.2588025209626738
0.6463304070095649,0.2243994752564138,31.632748311106468,3.336500598302263,16.003099120975367,1.9974938944053675,5.0215119203333485,0.7129232095164654
0.7273386051246984,0.2243994752564138,37.535851866977524,6.417761718135052,18.990928183384874,3.9404108057096012,5.960327502841038,1.4342251349270956
0.8185000129460304,0.2243994752564138,44.459484181719475,10.41086834839277,22.491401211436084,6.5810521383675455,7.061835916401223,2.451462262074905
0.9210871889273549,0.2243994752564138,52.66946336074718,15.234601091467658,26.641790968079192,9.96975793445598,8.365316848216821,3.812565606224267
1.0365321883776653,0.2243994752564138,62.53339825625211,20.763532941757624,31.629504027828652,14.160165080439166,9.945778968825424,5.607559594400987
1.166446554092426,0.2243994752564138,74.6977138564136,26.86506421905863,37.789127391821935,19.25042704924813,11.876171204889166,7.925138875281217
1.3126438125222553,0.2243994752564138,89.83010292576665,33.20476495149012,45.425304646579924,25.165472739350392,14.274141422393676,10.896290432029735
1.4771647895120215,0.2243994752564138,108.86886118667466,39.39433854110325,55.03037181985802,31.7459628442559,17.283420033994037,14.657629418132764
1.6623060990028473,0.2243994752564138,132.82285436862378,45.02406882497428,67.13397188095958,38.5582715226901,21.09585776951091,19.348707752082483
1.8706522023821734,0.2243994752564138,162.98249935151074,49.861525107341365,82.36591654845232,44.99551104795178,25.87666902773976,24.976870157469683
2.1051114860111477,0.2243994752564138,201.04005515968012,53.86473672601767,101.5775686175897,50.53922520622256,31.86391271610569,31.48473322007132
2.368956860549917,0.2243994752564138,249.0254842946358,57.09705535537663,125.81419763769773,54.961988785312215,39.38776522974676,38.679064830456596
2.6658714488230206,0.2243994752564138,309.0392957597728,59.65806071852935,156.18072868180775,58.32743306908105,48.86037657813747,46.09682408785183
3.0,0.2243994752564138,383.59030016737415,61.67039229584183,193.72740737032595,60.836259760308444,60.54756292376962,52.825761308739885
-3.0,0.27426602531339483,1640.7876527422825,67.71141023615917,826.9670249850587,67.6675752591189,254.51410118433407,67.42533035564693
-2.6658714488230206,0.27426602531339483,1327.6811294870463,67.29517482339969,668.1318702849175,67.22558306624265,207.68202965679458,66.87551601730337
-2.368956860549917,0.27426602531339483,1075.1858822472918,66.77898170190295,541.5780524683751,66.67715857270306,167.99901402145352,66.10171779808492
-2.1051114860111477,0.27426602531339483,874.2696198174801,66.14938639192528,440.5504331194071,65.99702862295922,136.9531037471585,65.06501771039358
-1.8706522023821734,0.27426602531339483,713.6196700069119,65.38244961493265,360.0609668238613,65.15788946955544,112.18005802978963,63.61615196503872
-1.6623060990028473,0.27426602531339483,585.3763511854426,64.4560484338177,294.3178385181584,64.09487737300975,91.90689242732759,61.45922900067575
-1.4771647895120215,0.27426602531339483,479.7295427998418,63.303126167908815,241.9699056263322,62.780467958353256,75.46860239659233,58.20444891786016
-1.3126438125222553,0.27426602531339483,393.78183195174455,61.88328522921282,199.12901212420186,61.10803459096235,62.07008242285113,53.522847497653416
-1.166446554092426,0.27426602531339483,326.0501983209353,60.20312928784607,164.2844428011247,58.982944321597145,51.06806368449769,47.5656386816395
-1.0365321883776653,0.27426602531339483,270.2562753860996,58.14130543114903,136.63738110669297,56.363438771082315,42.38185703846693,41.22176324936882
-0.9210871889273549,0.27426602531339483,225.50373992250468,55.694718924086054,113.81881840889999,53.04065838210912,35.570400262131436,35.171212627278535
-0.8185000129460304,0.27426602531339483,189.036883631601,52.78336291394012,95.54636259985325,49.045666876744036,29.701989107400635,29.210883395739593
-0.7273386051246984,0.27426602531339483,159.68226105058412,49.42120941273305,80.60954098567991,44.35946339081801,25.18369228100781,24.18274240659177
-0.6463304070095649,0.27426602531339483,135.39300680032574,45.51863568144922,68.53996201898335,39.246211557276936,21.32777742928617,19.629169439920528
-0.5743445928509872,0.27426602531339483,115.88194906262886,41.2564679137578,58.543481716596176,33.892180410806986,18.316223420809607,15.941064552531161
-0.5103762839557767,0.27426602531339483,99.95180464055576,36.71890223887442,50.42636836221331,28.720261208849553,15.735564965121316,12.724199281847373
-0.4535325211846986,0.27426602531339483,86.76902979181511,32.03179653666274,43.84557577511972,23.987243496977122,13.684640875116576,10.160895868676665
-0.40301979977966995,0.27426602531339483,75.95429272983522,27.44428889761971,38.41426580578565,19.753919541639924,12.02141974503928,8.103042580560645
-0.35813299251433084,0.27426602531339483,67.09694270466478,23.155340658663235,33.91512148199207,16.071304528306793,10.604019351657344,6.386192666663004
-0.3182455065418344,0.27426602531339483,59.78191661314095,19.266381907578463,30.20272067514625,12.960173333407496,9.431413283113612,5.010255233720833
-0.2828005365353655,0.27426602531339483,53.69694123128127,15.82915167157126,27.135868410750597,10.38251816636021,8.48028118677409,3.9386423149550165
-0.2513032920204875,0.27426602531339483,48.62277120505749,12.866356675528037,24.587617646753465,8.270551313929088,7.694521696539477,3.094972869765297
-0.22331409039755062,0.27426602531339483,44.38949650443651,10.369664631623987,22.458314927542226,6.554884839686016,7.031994569779948,2.4220409516631887
-0.19844221923690444,0.27426602531339483,40.8533779061099,8.303456151604976,20.672675822239874,5.173009986838055,6.471275136528647,1.887260293913633
-0.17634048216824733,0.27426602531339483,37.89147989553143,6.616205829563396,19.17184451627516,4.069091290259218,5.9991432403474345,1.4673368753804596
-0.15670035222800524,0.27426602531339483,35.40115366902226,5.251674913583946,17.907762153371163,3.1933354746883125,5.603075558842495,1.1407551408121577
-0.13924766500838334,0.27426602531339483,33.298645052731004,4.156028802304548,16.84039764469241,2.502240078917136,5.270455020044216,0.8877412889660018
-0.12373879148704055,0.27426602531339483,31.516396601927603,3.2811517005496076,15.936410027602687,1.9588781640207482,4.989820489959284,0.6916436452124755
-0.10995723711238882,0.27426602531339483,29.999982091431484,2.58564636569056,15.168231183509572,1.5327164924748278,4.751655956507186,0.5393416392254892
-0.09771061966979347,0.27426602531339483,28.70535052984024,2.034707788394422,14.51321254128209,1.199002063610246,4.548422078076354,0.4208138553249326
-0.0868279837415025,0.27426602531339483,27.596607071037734,1.5995299127185643,13.95280239381782,0.937935720099171,4.374212639759097,0.32844884330445484
-0.07715741427178036,0.27426602531339483,26.644306401989244,1.2565548608405193,13.471799240714246,0.7338181434316893,4.224353761793593,0.25642666930014385
-0.06856391592404971,0.27426602531339483,25.824153166231753,0.9867021477617808,13.057713434744517,0.57427038508145,4.095078494754566,0.20025599753315612
-0.06092752862714207,0.27426602531339483,25.11600394850298,0.7746404575743937,12.70024292678935,0.44956737119717005,3.983296613508158,0.15644660401626623
-0.0541416530048151,0.27426602531339483,24.50308923925199,0.6081311972344565,12.39085222276446,0.3520879591802969,3.886438830796234,0.1222763247207245
-0.04811156231253989,0.27426602531339483,23.971397826221605,0.4774558491706512,12.122437457480412,0.2758701509702758,3.8023500043739076,0.09561977011483266
-0.04275308010908995,0.27426602531339483,23.509183911118466,0.3749288830832723,11.889060390449565,0.2162555641782558,3.7292124908202164,0.07481815821901516
-0.0379914052040221,0.27426602531339483,23.10656914532193,0.29449166523371295,11.685736536501127,0.1696073659619426,3.665488046854634,0.05857813124548339
-0.03376006747802295,0.27426602531339483,22.75521946158607,0.2313792503296761,11.50826558720505,0.1330876511315815,3.6098717506645883,0.045892248860090336
-0.03,0.27426602531339483,22.448081611644326,0.18185039226467745,11.353094932848027,0.10448242047189715,3.561254367732633,0.03597635320871707
0.03,0.27426602531339483,18.196234861888055,0.16302530349651215,9.201767598186544,0.09218610528389738,2.8893198970540945,0.031113220250462606
0.03376006747802295,0.27426602531339483,17.97043809776772,0.20455861047050938,9.08743385085733,0.11556189124658114,2.853636533108365,0.03897740891203789
0.0379914052040221,0.27426602531339483,17.722049058617905,0.2562819932539615,8.961669971243134,0.14462744949165257,2.8143615171822014,0.04875088455054753
0.04275308010908995,0.27426602531339483,17.449746589404317,0.3204982462998184,8.823814801431553,0.18064990138825823,2.771273844748773,0.0608598501865155
0.04811156231253989,0.27426602531339483,17.152441449105112,0.3999254044946861,8.673327840069403,0.22511707354132104,2.724185133898498,0.07580647136590693
0.0541416530048151,0.27426602531339483,16.829409237673318,0.49771021937610527,8.509856867903084,0.27974087949978865,2.6729608638022984,0.0941710838310915
0.06092752862714207,0.27426602531339483,16.48046706690588,0.6173972931100039,8.33332693741027,0.34643553907261937,2.617550179676855,0.11660563235383829
0.06856391592404971,0.27426602531339483,16.106206703912637,0.7628189230814736,8.144056368348503,0.42725221035707067,2.5580276919643983,0.1438108361043631
0.07715741427178036,0.27426602531339483,15.708300581289244,0.9378513623907035,7.942906913888218,0.524242083317957,2.4946516465944377,0.17648502013424952
0.0868279837415025,0.27426602531339483,15.289901700084892,1.1459561128407454,7.7314774935606785,0.639206820828398,2.427943151054024,0.21522653095101987
0.09771061966979347,0.27426602531339483,14.85616396844649,1.3893901177631518,7.5123543440077505,0.7732781561117923,2.358789415067825,0.26036571567453554
0.10995723711238882,0.27426602531339483,14.414915235969822,1.667931788663728,7.28943577278621,0.9262489698840134,2.28856799995437,0.3117016004243089
0.12373879148704055,0.27426602531339483,13.977519263266444,1.9769499589027228,7.0683571905479905,1.0955631153998278,2.2192771226127697,0.36813299776724734
0.13924766500838334,0.27426602531339483,13.559961201163146,2.3046890616396896,6.857050020378818,1.2748814710042695,2.1536426053928923,0.42721625654971324
0.15670035222800524,0.27426602531339483,13.184178166305475,2.6288573918667435,6.666469333172733,1.4522297572091567,2.09517374708744,0.4847476714526101
0.17634048216824733,0.27426602531339483,12.87962813943918,2.9131521599529764,6.511503033408678,1.6080082306773305,2.0482002267152017,0.5344993329666669
0.19844221923690444,0.27426602531339483,12.68505321591734,3.1054089013963346,6.4120067164710655,1.7137624415418764,2.018077742639892,0.5681338992208864
0.22331409039755062,0.27426602531339483,12.650373432810705,3.14057197527,6.393791792516553,1.7336233078152876,2.011906085180249,0.5751967150180212
0.2513032920204875,0.27426602531339483,12.838669056202571,2.9529214381798985,6.489323366601055,1.6311869086158157,2.039840082036243,0.5436961463001955
0.2828005365353655,0.27426602531339483,13.328183814401429,2.501242234480262,6.738084472415136,1.383789654609667,2.115934065330277,0.46377424145237073
0.3182455065418344,0.27426602531339483,14.213851418181852,1.805775507560753,7.187072716449817,1.0023944794571478,2.256627854616771,0.3369793553007826
0.35813299251433084,0.27426602531339483,15.60664107604099,0.9860911472503086,7.891654781490102,0.5508570132412313,2.478093742812377,0.1856757908806218
0.40301979977966995,0.27426602531339483,17.627882365335054,0.2775863020805889,8.914230245333144,0.15652542666626387,2.7979982867096784,0.05317623853173255
0.4535325211846986,0.27426602531339483,20.397016377214147,0.001972948969008572,10.316215912531206,0.0011297894367132254,3.2371225944977824,0.0003892155546258891
0.5103762839557767,0.27426602531339483,24.01449909214275,0.48755153884115027,12.14751577156886,0.2826505038661546,3.8108634512218287,0.09818725135445745
0.5743445928509872,0.27426602531339483,28.54616287822529,1.97002774375239,14.442252189893207,1.1646429835642134,4.530811496893029,0.41107566826112646
0.6463304070095649,0.27426602531339483,34.02758780176444,4.528936644948747,17.215144273565027,2.739227423946252,5.401866113777267,0.985187503102743
0.7273386051246984,0.27426602531339483,40.495555612355005,8.096898828890456,20.488881519392464,5.03463963051536,6.430655301430451,1.8499578783252766
0.8185000129460304,0.27426602531339483,48.06861870478905,12.539803290451822,24.317406394338875,8.049735824485737,7.63556803752877,3.03352803325365
0.9210871889273549,0.27426602531339483,57.048849016171886,17.7421869225703,28.85700271267248,11.82725753989809,9.061282388097638,4.587649196385485
1.0365321883776653,0.27426602531339483,67.8439783426221,23.535412773339935,34.31552313443213,16.403920690434838,10.791426189331883,6.6103690607334675
1.166446554092426,0.27426602531339483,81.16774064076904,29.74388135607796,41.06244399221022,21.85139140161834,12.905656777701783,9.193091297539407
1.3126438125222553,0.27426602531339483,97.74832300445495,35.99939091526302,49.429069003337126,28.033282305323837,15.532931995085832,12.470649861747404
1.4771647895120215,0.27426602531339483,118.61070340750884,41.92915662804004,59.9538906709968,34.71437537209084,18.83019428521254,16.57682649507259
1.6623060990028473,0.27426602531339483,144.85324319856915,47.19261403043213,73.21381318135776,41.389052531630185,23.006944009107563,21.638723628492365
1.8706522023821734,0.27426602531339483,177.882547337849,51.64107621337321,89.89491152254378,47.45419522418881,28.242559032353647,27.626385958912557
2.1051114860111477,0.27426602531339483,219.54477176863153,55.28867182592339,110.92614449628236,52.50537922581197,34.79646005067422,34.4240161278463
2.368956860549917,0.27426602531339483,272.0534237801504,58.22176341372236,137.44747413854154,56.45798372734488,43.02874669701367,41.74695937245305
2.6658714488230206,0.27426602531339483,337.69509249421,60.54280266825408,170.66134495188157,59.4478677325273,53.38924037011457,49.00754683728175
3.0,0.27426602531339483,419.2013013074378,62.3669293183034,211.70983496510027,61.67960189010712,66.16642663889937,55.21595757542376
-3.0,0.32413257537037565,1763.154358586823,67.83335498034549,888.6346233558727,67.79513281459188,273.49115209589576,67.58623740267798
-2.6658714488230206,0.32413257537037565,1425.665711841389,67.44542004154286,717.437142201945,67.38463090757296,223.00330200030587,67.08582448664434
-2.368956860549917,0.32413257537037565,1153.5978923039424,66.96397682000162,581.0709688626797,66.87531308635337,180.24593998564345,66.38639900179164
-2.1051114860111477,0.32413257537037565,937.1725933186301,66.37626229504409,472.2443692696048,66.2437943415559,146.80204450504917,65.45791560074596
-1.8706522023821734,0.32413257537037565,764.1829949540153,65.65967399699588,385.57005312841284,65.46484764185028,120.12436150953528,64.17571775240667
-1.6623060990028473,0.32413257537037565,626.1405796814281,64.7931669836193,314.8105454937788,64.47862887762551,98.30346838066035,62.29076609996419
-1.4771647895120215,0.32413257537037565,512.4883817847988,63.71367740246673,258.4908184614232,63.259781802301276,80.61902225531202,59.448111148647435
-1.3126438125222553,0.32413257537037565,420.08137925784985,62.38257328831442,212.42700125934712,61.70985173447142,66.2130896979427,55.233786762137846
-1.166446554092426,0.32413257537037565,347.29016470130597,60.804604705222886,174.98413142343892,59.74062246057004,54.39188375612268,49.59858884728497
-1.0365321883776653,0.32413257537037565,287.3724829109623,58.8642983726695,145.29024826903225,57.3096691960898,45.063409522554146,43.34302742672285
-0.9210871889273549,0.32413257537037565,239.341653518632,56.55514819520617,120.80179144404752,54.21272905540896,37.751494045508025,37.21181554578392
-0.8185000129460304,0.32413257537037565,200.2330693787806,53.79630554360176,101.20464170564075,50.452434406568486,31.459024479439364,31.065682304554713
-0.7273386051246984,0.32413257537037565,168.7742520326586,50.591714896533965,85.19802912907,45.969574509203945,26.616143850631186,25.815422910997896
-0.6463304070095649,0.32413257537037565,142.7686178158746,46.84236035791333,72.27399563729104,40.97549981839607,22.488043966192944,21.021838198556214
-0.5743445928509872,0.32413257537037565,121.89491444152424,42.70307438998342,61.580462349031315,35.63480894618684,19.26568223075605,17.113709937320714
-0.5103762839557767,0.32413257537037565,104.86776587417648,38.23905016119259,52.90502782071948,30.379158757180072,16.507924301050878,13.689983244289369
-0.4535325211846986,0.32413257537037565,90.79196454473643,33.56239103448069,45.87784176022869,25.498237964029983,14.317890638423462,10.950938629099753
-0.40301979977966995,0.32413257537037565,79.25627306214733,28.92005176800757,40.08417860886318,21.083541490417517,12.543445558180647,8.745258597285947
-0.35813299251433084,0.32413257537037565,69.8179801702581,24.52370464757277,35.290135263699526,17.210076947743183,11.033250881364888,6.9010706890286935
-0.3182455065418344,0.32413257537037565,62.031585631682276,20.493443574279745,31.338665912548468,13.915831569845142,9.785262478994017,5.420010830770373
-0.2828005365353655,0.32413257537037565,55.56189041902505,16.898965013177346,28.07786395317459,11.172231377226657,8.773942434240633,4.2643170226437785
-0.2513032920204875,0.32413257537037565,50.17315091777345,13.77774283754752,25.37150725700728,8.915121648855111,7.939353584089356,3.3530907873720524
-0.22331409039755062,0.32413257537037565,45.68260189849528,11.131874163562845,23.112705044239483,7.075628621407606,7.236513012663214,2.625453642230767
-0.19844221923690444,0.32413257537037565,41.93584089286331,8.931743150994754,21.22067017187712,5.590196870116458,6.64240878482234,2.046654149275451
-0.17634048216824733,0.32413257537037565,38.80104226663573,7.128274785207076,19.632244854035065,4.401092878196394,6.142751767758461,1.5917861044630157
-0.15670035222800524,0.32413257537037565,36.168287890566404,5.665326463514609,18.295899315536403,3.45619275980518,5.724057119999989,1.2377727406564245
-0.13924766500838334,0.32413257537037565,33.94798349001678,4.487830616298788,17.16876532475704,2.7095513411248646,5.372810057540919,0.9633493660390426
-0.12373879148704055,0.32413257537037565,32.067918774493094,3.5458127487475783,16.21518578516324,2.1219145408241515,5.0767713458301875,0.7505698277022342
-0.10995723711238882,0.32413257537037565,30.469962603199388,2.7958194584473497,15.405713010116305,1.6606668409151009,4.825793742613351,0.5852671155650669
-0.09771061966979347,0.32413257537037565,29.107102978360402,2.2010335768784093,14.716180636158906,1.2992682250140288,4.611842752847928,0.4566030343629036
-0.0868279837415025,0.32413257537037565,27.941066517391693,1.7308061830106625,14.126813906909833,1.0164281637745303,4.428626268915928,0.3563346140370383
-0.07715741427178036,0.32413257537037565,26.94048775103516,1.3599609862477513,13.621425329331737,0.7952261132276183,4.271166962094237,0.27815225554724504
-0.06856391592404971,0.32413257537037565,26.079514498661208,1.0680371496260026,13.186728614457161,0.6222963024847279,4.135455861480231,0.2171828148006904
-0.06092752862714207,0.32413257537037565,25.33673644583441,0.8385510681943464,12.8117760082892,0.48712387105938504,4.018207155991225,0.16963721120303157
-0.0541416530048151,0.32413257537037565,24.6943497671612,0.6583177396129093,12.487506756220295,0.3814600999781088,3.916691930732829,0.13255908809492067
-0.04811156231253989,0.32413257537037565,24.137496268021984,0.5168509424567516,12.206388107114497,0.29884702584857703,3.828623894818139,0.10363970244264123
-0.04275308010908995,0.32413257537037565,23.653734521547715,0.40584832805656423,11.962130314986133,0.23423594935133352,3.752077183724869,0.08107700053845132
-0.0379914052040221,0.32413257537037565,23.232613147972152,0.31875928888337657,11.749459744338289,0.1836838413300472,3.6854239792381134,0.06346591688911873
-0.03376006747802295,0.32413257537037565,22.865324585236205,0.25042865710335455,11.563937363544317,0.1441131600000017,3.6272850342648204,0.04971208265724913
-0.03,0.32413257537037565,22.544423090066502,0.19680695795888506,11.401812761559517,0.1131226786293773,3.576489297865572,0.038963793838026645
0.03,0.32413257537037565,18.12373726121523,0.17580139971857345,9.165063682190102,0.09937913538856813,2.8778721790801884,0.033532435216297896
0.03376006747802295,0.32413257537037565,17.890523897895463,0.2205002828606839,9.04697466716054,0.12452441226737505,2.841016659736729,0.04198861652901882
0.0379914052040221,0.32413257537037565,17.634231121304715,0.27612020435766116,8.917209196906205,0.15576303100105188,2.8004917464628734,0.052488294434160525
0.04275308010908995,0.32413257537037565,17.353593447336102,0.345104394640325,8.775134552221962,0.19443765362977938,2.7560848450210167,0.06548271683997613
0.04811156231253989,0.32413257537037565,17.04761485627557,0.43032196658291544,8.620257767473346,0.24211645717310404,2.7076218222177477,0.08150076603398396
0.0541416530048151,0.32413257537037565,16.715714336518435,0.5350709062740666,8.452299634299852,0.3005904323681689,2.6549902748623815,0.10114920298442986
0.06092752862714207,0.32413257537037565,16.357918760196558,0.6630274203685692,8.271291850386547,0.3718404516261581,2.5981719966541563,0.12510242748822464
0.06856391592404971,0.32413257537037565,15.97511675960529,0.8181013124319857,8.07770340650182,0.4579528811816992,2.5372882572559754,0.154073222067649
0.07715741427178036,0.32413257537037565,15.569391160901947,1.0041353961540436,7.872603938679287,0.5609518470554827,2.4726624852503094,0.18875093069172524
0.0868279837415025,0.32413257537037565,15.144452414699185,1.224357260095237,7.657874146623841,0.6825018447205387,2.404905246095516,0.22968702778173972
0.09771061966979347,0.32413257537037565,14.706201232839433,1.4804550765497464,7.436477015665915,0.8234164121365205,2.335024590583835,0.2771019438075399
0.10995723711238882,0.32413257537037565,14.26345454471622,1.7711138670483124,7.212809125048805,0.9828898710500632,2.2645586734378598,0.3305871560413852
0.12373879148704055,0.32413257537037565,13.828872853492616,2.0898404004596607,6.99315899086294,1.1573595775436805,2.1957153106433283,0.3886947245510091
0.13924766500838334,0.32413257537037565,13.420124983666398,2.421985336750372,6.786307252755421,1.3389329418402356,2.1314886615965025,0.44845670404282456
0.15670035222800524,0.32413257537037565,13.061312146212256,2.7411619017120326,6.604304021870564,1.513440623433259,2.075725920394595,0.5049543298507937
0.17634048216824733,0.32413257537037565,12.784643047789855,3.0059471881034985,6.463434616692859,1.6585274907005165,2.0331795977516527,0.5510987399890489
0.19844221923690444,0.32413257537037565,12.632312186994147,3.158993865582845,6.385312580997956,1.7429222672219031,2.0097396337040654,0.5776900086681886
0.22331409039755062,0.32413257537037565,12.658510800057671,3.1322965421636297,6.3979190235109895,1.7291093947606908,2.013190190781074,0.5737223263296929
0.2513032920204875,0.32413257537037565,12.931515376589333,2.863301996995401,6.536338573066443,1.5823200736682776,2.054546349593412,0.5275880710130358
0.2828005365353655,0.32413257537037565,13.535752852437778,2.3247179888537,6.843152549433054,1.2873016405908664,2.148859202633999,0.4317457416183387
0.3182455065418344,0.32413257537037565,14.573261002293519,1.5642573385145089,7.368949447913721,0.869699682807154,2.3136195206322263,0.292730263631968
0.35813299251433084,0.32413257537037565,16.162692527125426,0.7397038846288851,8.173070525910635,0.41421963279353535,2.566176738773022,0.13989078058746884
0.40301979977966995,0.32413257537037565,18.432899983388797,0.12492466448067631,9.321793396435067,0.07067995425226117,2.925620090320582,0.024078932580121386
0.4535325211846986,0.32413257537037565,21.509601151943656,0.06530419294754214,10.87953154919952,0.0374779043710425,3.413720345002454,0.012931490213384859
0.5103762839557767,0.32413257537037565,25.497096473125964,0.8862412183312443,12.898069964441856,0.5170314669167128,4.0460628383009825,0.18048519449485864
0.5743445928509872,0.32413257537037565,30.462280068146608,2.7923433115906597,15.412376321358725,1.6643074606782067,4.835017125493791,0.5910767172599233
0.6463304070095649,0.32413257537037565,36.44143607947562,5.81415387941971,18.4368290057723,3.5530181797212386,5.785230656711957,1.2877725181952129
0.7273386051246984,0.32413257537037565,43.47553965538125,9.832365296852384,21.99709657957647,6.192056982951151,6.904174043590509,2.2970603322061844
0.8185000129460304,0.32413257537037565,51.698779076253736,14.6699930091046,26.154078237080007,9.563588643679717,8.212604232939892,3.6464087458195693
0.9210871889273549,0.32413257537037565,61.44729270954099,20.177269370482673,31.08188342054918,13.6999661065658,9.760245550555117,5.390871288373609
1.0365321883776653,0.32413257537037565,73.16743095003912,26.146537475514943,37.00806438545538,18.61726530658036,11.639013873381547,7.635499441929594
1.166446554092426,0.32413257537037565,87.6385366321657,32.37043260953217,44.336103827019436,24.35582917752074,13.935167886186171,10.473180993477063
1.3126438125222553,0.32413257537037565,105.64863036423634,38.47012371795488,53.42375680749236,30.717506644307672,16.78878384191634,14.040739066282498
1.4771647895120215,0.32413257537037565,128.30818617525003,44.10986532355277,64.85496871920945,37.39893695822461,20.369841844984382,18.466542007239127
1.6623060990028473,0.32413257537037565,156.8038867245644,49.02178731700419,79.25326794958151,43.85082829532851,24.905230220926544,23.86142365571598
1.8706522023821734,0.32413257537037565,192.65669325763707,53.124383317908936,97.36015202625987,49.51566849466527,30.588323986103568,30.15385752613645
2.1051114860111477,0.32413257537037565,237.86401142993037,56.4683331615447,120.18085822091074,54.11484970069928,37.6995226500416,37.16431620440239
2.368956860549917,0.32413257537037565,294.81961466071647,59.15109517712148,148.9483344625595,57.671072352381806,46.62826580432522,44.513191752860884
2.6658714488230206,0.32413257537037565,365.99260767556876,61.27330730669279,184.96061198253665,60.355861437908956,57.86136986519579,51.50031867667586
3.0,0.32413257537037565,454.333050904181,62.94213282888439,229.44995807267,62.36495703702725,71.70961095310354,57.12526923449008
-3.0,0.37399912542735647,1881.57325499398,67.93606958226763,948.3123946890313,67.90227051118418,291.85596869292493,67.719206874427
-2.6658714488230206,0.37399912542735647,1520.462154484858,67.57205531729409,765.1382041334298,67.51821257116768,237.82578378493324,67.25877211676689
-2.368956860549917,0.37399912542735647,1229.4342942204398,67.12001209361816,619.2666698380852,67.04171670247676,192.0904389881951,66.61882281201434
-2.1051114860111477,0.37399912542735647,997.9870498672489,66.56777087113664,502.8860388538105,66.45096628088089,156.32382995331275,65.77560956772359
-1.8706522023821734,0.37399912542735647,813.0472062899557,65.893882586587,410.22193747606866,65.72245489481324,127.80154799609443,64.62271561055837
-1.6623060990028473,0.37399912542735647,665.5165051920427,65.0782487885406,334.6055839700215,64.80050841711942,104.48212381527374,62.947763769089164
-1.4771647895120215,0.37399912542735647,544.115513501068,64.06123661910809,274.44108108989127,63.661580103911945,85.59145638757506,60.43714705435304
-1.3126438125222553,0.37399912542735647,445.4583500447289,62.80580664521786,225.25849684467113,62.21410141197618,70.21071580125879,56.648714228080244
-1.166446554092426,0.37399912542735647,367.7723465079824,61.31528953653041,185.30222998193875,60.37556963357571,57.59716603151941,51.363159482752934
-1.0365321883776653,0.37399912542735647,303.86709247796665,59.4794826719625,153.62891936081016,58.104132621777765,47.64762362820259,45.248807047514305
-0.9210871889273549,0.37399912542735647,252.66741302486037,57.28945306529645,127.52640704049303,55.20228090570232,39.85186986822858,39.085248925457336
-0.8185000129460304,0.37399912542735647,211.00655734027978,54.66444986828531,106.64935455477136,51.65354721200833,33.149764217334386,32.794417172423294
-0.7273386051246984,0.37399912542735647,177.5157395127121,51.60097044220178,89.60970747079419,47.3684420092845,27.99339380278881,27.351989897567023
-0.6463304070095649,0.37399912542735647,149.85376311253108,47.99347904044742,75.86099698567213,42.508889183538926,23.602643125445958,22.342115156175332
-0.5743445928509872,0.37399912542735647,127.66575750748628,43.974842326149464,64.49520558569114,37.21084177220506,20.1769228179984,18.23110862780744
-0.5103762839557767,0.37399912542735647,109.58123539131778,39.59270510403361,55.28165280623384,31.90415106184722,17.24849706398584,14.614115300920055
-0.4535325211846986,0.37399912542735647,94.64536866316328,34.944135896513785,47.82450087434671,26.90484254902232,14.924473422599885,11.709302176809258
-0.40301979977966995,0.37399912542735647,82.41586743959495,30.2698753473798,41.682103995376856,22.333300753710567,13.0429690456895,9.363265289941383
-0.35813299251433084,0.37399912542735647,72.41893984705088,25.789845387748667,36.6044951071296,18.288424361953737,11.443552035140625,7.397626298448636
-0.3182455065418344,0.37399912542735647,64.17967134140592,21.639950368160015,32.42334309989205,14.825979724610239,10.123147419668623,5.81591842722052
-0.2828005365353655,0.37399912542735647,57.34070139724718,17.906585602390045,28.97636994750461,11.92770246078712,9.054050229557165,4.5794580778218945
-0.2513032920204875,0.37399912542735647,51.65031681384334,14.641736500703825,26.11839083386189,9.533924239872116,8.172629409096578,3.60317162979286
-0.22331409039755062,0.37399912542735647,46.91330712529382,11.858225209533089,23.735523329232166,7.576969989637757,7.431165642399639,2.822745375993329
-0.19844221923690444,0.37399912542735647,42.96495806493331,9.532972514674643,21.741662430754474,5.992755320109207,6.805111702198827,2.201396313845908
-0.17634048216824733,0.37399912542735647,39.664858302191604,7.619923219203198,20.06949294389021,4.722040784816662,6.279140711875724,1.712698111153546
-0.15670035222800524,0.37399912542735647,36.896076659924596,6.063536199714945,18.66413295576488,3.7106714908231684,5.838836782920086,1.3320916943814123
-0.13924766500838334,0.37399912542735647,34.56338889271022,4.807920377319418,17.479976859861825,2.91048790049079,5.469818956040965,1.036889123504647
-0.12373879148704055,0.37399912542735647,32.59010193693387,3.801558973377385,16.479135144890616,2.2800810332435075,5.15909889117944,0.8079034949934106
-0.10995723711238882,0.37399912542735647,30.914517173586592,2.9991810066943363,15.630350184472855,1.7848815555449218,4.895922290814664,0.6299615319265768
-0.09771061966979347,0.37399912542735647,29.4867731917105,2.3621348256735355,14.907995278332029,1.396657463370339,4.671778679660476,0.4914374643546087
-0.0868279837415025,0.37399912542735647,28.266309304786212,1.8580601878395067,14.291119845128408,1.0926968573585223,4.480005084622422,0.3834779658617878
-0.07715741427178036,0.37399912542735647,27.219914970916022,1.4602595659769295,13.762589205026519,0.8549095060999119,4.315332633032553,0.299299260416077
-0.06856391592404971,0.37399912542735647,26.320243324083943,1.146963570309401,13.30835238840161,0.6689808422617269,4.173519946099557,0.23365788331319706
-0.06092752862714207,0.37399912542735647,25.544668808243486,0.9005894553118251,12.916842356307171,0.523634387239508,4.051093532600869,0.18247451927759104
-0.0541416530048151,0.37399912542735647,24.874396385758452,0.7070452778995697,12.578495024930794,0.4100148193630892,3.9451714396286954,0.1425651472270063
-0.04811156231253989,0.37399912542735647,24.293756961880472,0.5551065462914162,12.285367040453963,0.3211839163362469,3.8533417677446775,0.11144264411148495
-0.04275308010908995,0.37399912542735647,23.789643776086837,0.43587615165451776,12.030832456485037,0.2517144942105567,3.7735751128212858,0.08716549045502478
-0.0379914052040221,0.37399912542735647,23.35105792711764,0.34232813191628975,11.809341349456249,0.19736629399391908,3.70415804967618,0.0682198358831233
-0.03376006747802295,0.37399912542735647,22.968739900437917,0.2689296864988597,11.61622681386072,0.1548289703950057,3.643640376027025,0.0534266346145296
-0.03,0.37399912542735647,22.634869702689606,0.21133270033131238,11.447549820804268,0.12151930365952802,3.5907920917649454,0.04186837594212493
0.03,0.37399912542735647,18.056332924896115,0.1881525656779572,9.130938623757194,0.1063298005736478,2.8672288318496606,0.03586928075541462
0.03376006747802295,0.37399912542735647,17.816284621311286,0.2359017727673997,9.00938889747711,0.13317896499139179,2.829293109169373,0.04489517914601108
0.0379914052040221,0.37399912542735647,17.552727568032683,0.2952709615109017,8.87594564521686,0.16650692411291743,2.787619447027971,0.05609264082949085
0.04275308010908995,0.37399912542735647,17.264455182630808,0.3688344623537451,8.73000620547919,0.20772667289236943,2.74200420438182,0.06993619679219382
0.04811156231253989,0.37399912542735647,16.9505672396596,0.45960017940949216,8.571126427494951,0.2584799291249521,2.692287945744081,0.0869791449932946
0.0541416530048151,0.37399912542735647,16.61062766930178,0.5710010741411451,8.399100869781654,0.3206278166622004,2.63838068256868,0.10785165472331322
0.06092752862714207,0.37399912542735647,16.244873157900056,0.7068233508777451,8.214067867200463,0.39620607443800504,2.5802969210790376,0.1332466166924322
0.06856391592404971,0.37399912542735647,15.854487126127678,0.8710255680796717,8.016645996113622,0.487320736999557,2.518204308680132,0.16388367442698337
0.07715741427178036,0.37399912542735647,15.441957761955562,1.0673790032315769,7.808110208058125,0.5959484741753165,2.452490674879402,0.2004364152887693
0.0868279837415025,0.37399912542735647,15.011543910627058,1.2988275674137,7.590618414153813,0.7235902397174887,2.3838545537931077,0.2434007848491506
0.09771061966979347,0.37399912542735647,14.569878637991392,1.5664277477207564,7.36750311323003,0.8707083634534858,2.3134223759165504,0.29287667590051303
0.10995723711238882,0.37399912542735647,14.12674637160313,1.8676969639674441,7.143648404426579,1.0358600640448556,2.24288914676875,0.34823603483538157
0.12373879148704055,0.37399912542735647,13.696073490713667,2.1942052305371416,6.925980558201267,1.214437901687268,2.1746669469856212,0.4076730558836786
0.13924766500838334,0.37399912542735647,13.297169768668983,2.528365293237195,6.724108122830407,1.3969740485327675,2.1120111113591653,0.4676907833787194
0.15670035222800524,0.37399912542735647,12.956243033123496,2.839752101514735,6.5511473583474205,1.567135757856819,2.059097644292459,0.5226684192001115
0.17634048216824733,0.37399912542735647,12.708177566753807,3.0821145032290826,6.424742782211355,1.6999683685167946,2.0210908386571442,0.5647071183201
0.19844221923690444,0.37399912542735647,12.598525120143416,3.193656950221035,6.368216966540366,1.7617745728517893,2.0044014789963414,0.5838647339483582
0.22331409039755062,0.37399912542735647,12.685632349815577,3.1048240250269195,6.411661011501611,1.7141379280080324,2.017481121518069,0.5688140954150575
0.2513032920204875,0.37399912542735647,13.042838636329392,2.7583243932993393,6.592711096937012,1.5250436689232911,2.0721830623437985,0.5086945076276633
0.2828005365353655,0.37399912542735647,13.760613867789191,2.143065489884581,6.956976939564531,1.1878797131608563,2.184529651761427,0.398707866317704
0.3182455065418344,0.37399912542735647,14.947978200082249,1.3354158452494884,7.558577833092394,0.7436859902140806,2.373041766155191,0.25063368585203977
0.35813299251433084,0.37399912542735647,16.73121557654582,0.5298850823210508,8.460801805565657,0.29745662456423794,2.6562399018691525,0.10065480826639814
0.40301979977966995,0.37399912542735647,19.246800785781108,0.034016187231522076,9.733852685535416,0.019307437473544374,3.054651673989182,0.006596573632637151
0.4535325211846986,0.37399912542735647,22.627077404260827,0.21006292437466187,11.445321309929945,0.1211038270798098,3.5910924778213054,0.0419304091820569
0.5103762839557767,0.37399912542735647,26.9808424680793,1.3742837480981143,13.649201330377782,0.8068370189989839,4.281434601019225,0.2830127433156425
0.5743445928509872,0.37399912542735647,32.37683681548826,3.696524359906562,16.381709399966173,2.221281412487261,5.138958322945126,0.7937419721979013
0.6463304070095649,0.37399912542735647,38.85237402434313,7.157353691292217,19.65708115489339,4.419180316822388,6.1681189713946045,1.6140785648812899
0.7273386051246984,0.37399912542735647,46.45186735477053,11.5858639476483,23.50346556518226,7.389571247615352,7.377062784493103,2.767562285461965
0.8185000129460304,0.37399912542735647,55.322960906322436,16.762633150317072,27.987775177918756,11.096581677863789,8.788633688054881,4.280740399653042
0.9210871889273549,0.37399912542735647,65.83273387667695,22.50467279658318,33.30023508406438,15.559081372646292,10.45709737149623,6.2111700952738795
1.0365321883776653,0.37399912542735647,78.46421406644662,28.572152912356096,39.68713786179854,20.769513650481834,12.482203657046561,8.669707285572237
1.166446554092426,0.37399912542735647,94.05995056613642,34.73938519420038,47.58472385408672,26.733790633365956,14.956689446760775,11.749604669049853
1.3126438125222553,0.37399912542735647,113.46686196414124,40.63751254677318,57.376921552749984,33.19510597551744,18.03146520240437,15.58793065845735
1.4771647895120215,0.37399912542735647,137.8790596857906,45.98016475314331,69.6920316321877,39.79471352612674,21.889275842328548,20.305363527896272
1.6623060990028473,0.37399912542735647,168.5697000549433,50.56680351772221,85.19920674643568,45.96996674356176,26.773984039069166,25.993202792337954
1.8706522023821734,0.37399912542735647,207.17124766924016,54.36631639201972,104.69405107378508,51.23807566541285,32.89269735856202,32.53517448277599
2.1051114860111477,0.37399912542735647,255.82826606520067,57.45172125171377,129.25603342008884,55.437487807648765,40.546211179693245,39.684685646979666
2.368956860549917,0.37399912542735647,317.1097787422292,59.92438429720694,160.20847878067767,58.66295976760924,50.152427812003445,46.968101259879845
2.6658714488230206,0.37399912542735647,393.6620847509248,61.88085117514598,198.94215026161257,61.09891671128626,62.234117288184194,53.5956866625374
3.0,0.37399912542735647,488.64753012521453,63.420589990651315,246.77703804690466,62.92739525933775,77.12377730586196,58.63156674995269
-3.0,0.4238656754843373,1994.9292585978653,68.02283064947856,1005.4383938833498,67.99255168208316,309.4355961893434,67.82975652798999
-2.6658714488230206,0.4238656754843373,1611.1830313696669,67.67908316054634,810.7885171238665,67.63077586855468,252.01070943798277,67.40198969485218
-2.368956860549917,0.4238656754843373,1301.9896941294492,67.25196954567593,655.8098941656898,67.18192399009575,203.4223366095135,66.81016573431359
-2.1051114860111477,0.4238656754843373,1056.1512860688397,66.72983689572749,532.19244528245,66.62548853432708,165.43051701113606,66.0350918464077
-1.8706522023821734,0.4238656754843373,859.764438875163,66.09223011776012,433.7906956808704,65.93939537274301,135.14125893763983,64.98406434761651
-1.6623060990028473,0.4238656754843373,703.1462548165547,65.31987752093875,353.52306746286996,65.07144909117387,110.38671087907933,63.47297543335484
-1.4771647895120215,0.4238656754843373,574.3261273160824,64.35609261274053,289.6770810141638,63.9996107360661,90.34113553651768,61.226772733860216
-1.3126438125222553,0.4238656754843373,469.6865190534547,63.16525447897067,237.50913167244548,62.63810582072614,74.02733220704208,57.80933221138635
-1.166446554092426,0.4238656754843373,387.31616798047787,61.74959141284814,195.14779386254557,60.90940825382499,60.65566140723004,52.876520866812164
-1.0365321883776653,0.4238656754843373,319.59644635125267,60.00357286087105,161.5807883685416,58.77280715951409,50.11200174167466,46.94134030261347
-0.9210871889273549,0.4238656754843373,265.3665062905352,57.91652390737926,133.9348960261978,56.03829821213886,41.853485891148104,40.786421133243714
-0.8185000129460304,0.4238656754843373,221.26612239240993,55.40834683535666,111.83441206746248,52.67684214582064,34.759899448407474,34.388421562290866
-0.7273386051246984,0.4238656754843373,185.83389183513535,52.469997698505836,93.80783348434922,48.57718832774383,29.303973446928666,28.782648221235178
-0.6463304070095649,0.4238656754843373,156.59045411222607,48.99157735317579,79.27161693176632,43.857813474867285,24.662457876380202,23.58027174189387
-0.5743445928509872,0.4238656754843373,133.14815450523062,45.087672921586005,67.26432377838759,38.62291864530587,21.04263473835788,19.284251157658424
-0.5103762839557767,0.4238656754843373,114.05517020185637,40.79038344787371,57.53757477211562,33.29202246577545,17.951467507486147,15.488617398305175
-0.4535325211846986,0.4238656754843373,98.29964965541295,36.18170375724236,49.67060974972247,28.200683943017246,15.499734223094082,12.429107777953067
-0.40301979977966995,0.4238656754843373,85.40940954382178,31.49348742308484,43.19607745043521,23.495499845996957,13.516250878452114,9.951240907520521
-0.35813299251433084,0.4238656754843373,74.88085501047365,26.95008955774892,37.848620623179336,19.29847142756267,11.83193294134745,7.871030075909812
-0.3182455065418344,0.4238656754843373,66.21095248132289,22.700313261507414,33.44907005243304,15.683216571045067,10.442675846806022,6.1940261193363515
-0.2828005365353655,0.4238656754843373,59.02114900413991,18.845651553576822,29.825214175569688,12.642322413454425,9.3186809952386,4.8808555314997495
-0.2513032920204875,0.4238656754843373,53.04444000652246,15.45197031045188,26.823300660793368,10.121255900609595,8.392798006378982,3.8426272035372655
-0.22331409039755062,0.4238656754843373,48.07369692009913,12.54279719514918,24.322765420620126,8.05410771706012,7.6147012835175145,3.0118478716339334
-0.19844221923690444,0.4238656754843373,43.93434133613905,10.101893120081918,22.232419536520556,6.3767184001764985,6.958374524349091,2.349847941014325
-0.17634048216824733,0.4238656754843373,40.477759575611636,8.086642174508139,20.480973358820545,5.028704266185252,6.407494530038869,1.8287825315531585
-0.15670035222800524,0.4238656754843373,37.58032726000323,6.442521313915345,19.010342355303695,3.954169568072637,5.9467537440869895,1.4227001871706757
-0.13924766500838334,0.4238656754843373,35.141450745088775,5.113178611851042,17.772308104804548,3.1029718443698044,5.560944453072602,1.107569245291761
-0.12373879148704055,0.4238656754843373,33.0801640269152,4.045851206971444,16.726852328517015,2.431729202369716,5.236364780669223,0.8630269433290838
-0.10995723711238882,0.4238656754843373,31.331369770193433,3.193684729308046,15.840993005977667,1.9040594734090428,4.961682766682901,0.6729434587341562
-0.09771061966979347,0.4238656754843373,29.84249348133237,2.5163750861105454,15.087713207091815,1.4901466442385312,4.727935177201597,0.5249424350591726
-0.0868279837415025,0.4238656754843373,28.57079799629982,1.97999092132231,14.444943780775345,1.16593957220363,4.528106335173967,0.40958758041862464
-0.07715741427178036,0.4238656754843373,27.48131834393006,1.556420902874004,13.894649615704482,0.9122405979443737,4.356650174617326,0.3196413890671134
-0.06856391592404971,0.4238656754843373,26.545287491584876,1.2226691748041274,13.42205332759772,0.7138335247190837,4.209104449696093,0.24950550895490403
-0.06092752862714207,0.4238656754843373,25.73892616298811,0.9601164944726555,13.01500002010951,0.5587160254743626,4.081817425881046,0.19482214603663883
-0.0541416530048151,0.4238656754843373,25.04249907961683,0.7538117811504526,12.663448195336752,0.4374533572591738,3.9717619245159956,0.15218862394349159
-0.04811156231253989,0.4238656754843373,24.439568610776565,0.5918287827396536,12.359065354710985,0.3426477475950712,3.8764069569673927,0.11894636813958658
-0.04275308010908995,0.4238656754843373,23.916397978233842,0.4647035586025242,12.094907190681427,0.26850935048970886,3.793625046553709,0.09301973252310383
-0.0379914052040221,0.4238656754843373,23.46147028675859,0.36495619962008563,11.865162380154464,0.21051280215850163,3.7216217598211228,0.07279020162536312
-0.03376006747802295,0.4238656754843373,23.065098831101395,0.28669272008360824,11.664948616055625,0.1651242725382804,3.6588798161803684,0.05699723524001714
-0.03,0.4238656754843373,22.719110196305238,0.22527903285760992,11.490148737421642,0.12958573091923872,3.604113541161176,0.044659977371891785
0.03,0.4238656754843373,17.994104147260813,0.19996336029933953,9.099434097141605,0.11297358791891184,2.857402860888941,0.03810219072681703
0.03376006747802295,0.4238656754843373,17.74779694302468,0.2506207019252031,8.974715374038496,0.14144616933841392,2.8184780032103043,0.04767060878453506
0.0379914052040221,0.4238656754843373,17.477604546556314,0.31355959939993167,8.837912821846258,0.17676200357875393,2.775755082669358,0.05953157678916108
0.04275308010908995,0.4238656754843373,17.18238079204784,0.3914756167809915,8.688454587348785,0.2203989597577928,2.7290396828901478,0.0741810706098168
0.04811156231253989,0.4238656754843373,16.861321606418997,0.4875029376316895,8.525945493127217,0.2740654185069999,2.6781871641105393,0.09219448812692255
0.0541416530048151,0.4238656754843373,16.514134567471984,0.6051936255983188,8.35025318038784,0.33968397681129897,2.623129797302664,0.11422249316572672
0.06092752862714207,0.4238656754843373,16.141262582682703,0.7484237697212897,8.161620769514979,0.41933436237233546,2.5639142849405334,0.14097281434546272
0.06856391592404971,0.4238656754843373,15.744177130853922,0.9211753210208411,7.960812985753223,0.5151286957365007,2.500753628820735,0.17316741477053804
0.07715741427178036,0.4238656754843373,15.32576081508789,1.1271164243637941,7.749304541157704,0.6289794534240646,2.4340983337771775,0.21145857796464199
0.0868279837415025,0.4238656754843373,14.890804333351861,1.3688689860563945,7.529522208020285,0.762203987953878,2.3647322197734546,0.25628018244811335
0.09771061966979347,0.4238656754843373,14.446649224918259,1.6468138984986063,7.305155997652815,0.914890756518459,2.293896138569312,0.30760442683262074
0.10995723711238882,0.4238656754843373,14.00401402507047,1.9572568981505263,7.081560801603566,1.084937558188948,2.2234363446835057,0.3645771457893742
0.12373879148704055,0.4238656754843373,13.578045449957587,2.2898020660584106,6.866277851123009,1.266678169155981,2.155961565343551,0.42503154207212523
0.13924766500838334,0.4238656754843373,13.189633452519148,2.6239446826612047,6.669713114428319,1.4490820749815292,2.0949783698698203,0.4849479638784295
0.15670035222800524,0.4238656754843373,12.867013118679653,2.925361263236845,6.506008947188963,1.6137288265687475,2.0449791158156496,0.5380303571737722
0.17634048216824733,0.4238656754843373,12.64764313917475,3.1433519893193553,6.394117579621518,1.7332667044210697,2.011524717379687,0.5756350885445751
0.19844221923690444,0.4238656754843373,12.580307283351154,3.212456476968456,6.359006437960004,1.7719893633475863,2.0015283933640333,0.5872065311629432
0.22331409039755062,0.4238656754843373,12.727358523659793,3.0628844885567377,6.432800227721197,1.6912808735418137,2.0240862572296097,0.561314297250652
0.2513032920204875,0.4238656754843373,13.167031491312565,2.6443392051077517,6.655601776118454,1.4628086365206263,2.0918618823729473,0.4881502466983725
0.2828005365353655,0.4238656754843373,13.995668464336863,1.9634461336036249,7.075964217989671,1.0894332526182195,2.221819227123224,0.36595706167666975
0.3182455065418344,0.4238656754843373,15.329133652443254,1.1253542683636555,7.751468374292802,0.6277448740821728,2.433487420629128,0.21183076760715197
0.35813299251433084,0.4238656754843373,17.30130298096585,0.358917025351341,8.749326484999514,0.20197727638463597,2.7465533872725594,0.06847958419818491
0.40301979977966995,0.4238656754843373,20.05643615690387,0.000491964640773187,10.143750159672727,0.0002789268820927673,3.183005792251657,9.578541175735847e-05
0.4535325211846986,0.4238656754843373,23.733983393534487,0.4234674139361846,12.00575802789748,0.24527145147251106,3.7667826847303245,0.08522059610412998
0.5103762839557767,0.4238656754843373,28.4480833462709,1.9305316355062074,14.39197298373273,1.1405201511541463,4.514170978334829,0.40195492618250683
0.5743445928509872,0.4238656754843373,34.270273717023365,4.654809072144667,17.34035191403802,2.819817160019259,5.43952163760296,1.0137296699840803
0.6463304070095649,0.4238656754843373,41.23916878919734,8.526821733176451,20.86517554797901,5.318788992062933,6.5471535650352415,1.9574938078808009
0.7273386051246984,0.4238656754843373,49.40148346736156,13.324598902237877,24.99632720442786,8.605927467554176,7.845641014317224,3.2537464394161
0.8185000129460304,0.4238656754843373,58.915378411909934,18.78693455112445,29.805473301657745,12.625700203591698,9.35953971584623,4.92768820851922
0.9210871889273549,0.4238656754843373,70.17478793475972,24.699836188772263,35.49670939107621,17.380263647841183,11.146995669103891,7.038326540684162
1.0365321883776653,0.4238656754843373,83.69697934834831,30.80004720570783,42.33386620396266,22.836314844273296,13.315006759121745,9.700978073156158
1.166446554092426,0.4238656754843373,100.384569068924,36.857379630562946,50.784309301950515,28.96410830878286,15.962642313645938,13.008278761692047
1.3126438125222553,0.4238656754843373,121.14216084137296,42.52902872756303,61.257791790240056,35.454569789454496,19.251270287320185,17.095970554914466
1.4771647895120215,0.4238656754843373,147.24500274773408,47.58240777621976,74.42549397849312,41.9097714526028,23.37603366937925,22.075154437517597
1.6623060990028473,0.4238656754843373,180.0502452699221,51.87462016675273,91.0008513291682,47.78159339115609,28.597211400481303,28.01501766787934
1.8706522023821734,0.4238656754843373,221.29803063209297,55.410546601310934,111.8318077630797,52.676355020334455,35.13528741727118,34.75261597034721
2.1051114860111477,0.4238656754843373,273.2746003866603,58.27579379568762,138.06931579718236,56.529674794784256,43.31067811551329,41.97317003674698
2.368956860549917,0.4238656754843373,338.71753661530687,60.57144719814283,171.12359836313638,59.47999854335575,53.56858747109876,49.11466308068721
2.6658714488230206,0.4238656754843373,420.4433141287188,62.38898695702249,212.47440534696676,61.71184298932077,66.46634447060606,55.330002023955494
3.0,0.4238656754843373,521.818306718907,63.820774722913214,263.52618831063444,63.39250642065427,82.35741609023015,59.815156866494284
-3.0,0.4737322255413181,2102.1532646003543,68.09618762673341,1059.4738531425655,68.06873117761077,326.0642125660396,67.92199843220948
-2.6658714488230206,0.4737322255413181,1696.9775150647865,67.76962113457594,853.9599612039941,67.7257577585144,265.42504068612703,67.52110159268481
-2.368956860549917,0.4737322255413181,1370.5877974848806,67.36365625636161,690.3600395865367,67.30022410212099,214.1360065960278,66.96854022963137
-2.1051114860111477,0.4737322255413181,1111.1267838945291,66.867086728859,559.892276301172,66.77271827415811,174.03779582792208,66.24847599883407
-1.8706522023821734,0.4737322255413181,903.9053309607119,66.26031192849504,456.0597407028695,66.12236151222943,142.07604572000443,65.27866179658764
-1.6623060990028473,0.4737322255413181,738.6867610824942,65.5247783474884,371.39055243650506,65.2998673591856,115.96340675241285,63.89677662787082
-1.4771647895120215,0.4737322255413181,602.8472133382957,64.6063251808011,304.06115794503285,64.28445167049938,94.82514725424785,61.86055054034366
-1.3126438125222553,0.4737322255413181,492.54905280845264,63.470582011847384,249.06928845385792,62.995209421483395,77.62879103796801,58.75649009523274
-1.166446554092426,0.4737322255413181,405.74857185614576,62.11891040599725,204.4336657559154,61.358891188241216,63.540297638803544,54.16034683007307
-1.0365321883776653,0.4737322255413181,334.4228891519272,60.44988331343417,169.0762839561446,59.33613102576016,52.434986764637735,48.427312701015076
-0.9210871889273549,0.4737322255413181,277.32922754798165,58.45156523635264,139.9719143743756,56.74438265871488,43.739058089334456,42.31377002033477
-0.8185000129460304,0.4737322255413181,230.92438944711245,56.04481229322402,116.71567065965213,53.546468680074064,36.27572540697776,35.84165610444159
-0.7273386051246984,0.4737322255413181,193.65897173319516,53.21644464810711,97.75722577158614,49.6160904707799,30.536901565743946,30.099554199883997
-0.6463304070095649,0.4737322255413181,162.92318483128972,49.853771945172966,82.47776298609375,45.035169287068136,25.658761571778722,24.72801070001496
-0.5743445928509872,0.4737322255413181,138.29778255739686,46.05632205743537,69.86543936410003,39.876103152083445,21.855823381498904,20.26519270500493
-0.5103762839557767,0.4737322255413181,118.25414335222611,41.84281989553183,59.654939341825305,34.54197771750684,18.611273532764812,16.30629772579704
-0.4535325211846986,0.4737322255413181,101.72652007289639,37.28097742568315,51.40188385222163,29.381438881983797,16.039223260193374,13.104063733261174
-0.40301979977966995,0.4737322255413181,88.21428904407466,32.59227056830868,44.61466818123272,24.56405735167086,13.959718551245741,10.50380477717071
-0.35813299251433084,0.4737322255413181,77.18561594070606,28.002437690353407,39.0133641339751,20.233571345342114,12.195538760876174,8.316781617873048
-0.3182455065418344,0.4737322255413181,68.11090474295717,23.670415035598683,34.408516139803616,16.481057741016425,10.741564945973858,6.550627054802534
-0.2828005365353655,0.4737322255413181,60.59157560727959,19.71099840283594,30.61851078452273,13.310159991963616,9.566000374982554,5.165482717485922
-0.2513032920204875,0.4737322255413181,54.34615441470901,16.203007094364068,27.481502815647094,10.671911671488822,8.598381199454623,4.069006508123801
-0.22331409039755062,0.4737322255413181,49.15623418762335,13.180372258314982,24.87061819682994,8.502605518992215,7.78592850266336,3.19079514774031
-0.19844221923690444,0.4737322255413181,44.83791241581183,10.633776063913658,22.68986516027157,6.7383859795662815,7.101236803716234,2.4904461453015565
-0.17634048216824733,0.4737322255413181,41.23483215959093,8.52430729119717,20.864199408927888,5.318047613566377,6.527037803922639,1.9388053295306744
-0.15670035222800524,0.4737322255413181,38.21705665781552,6.798781082467734,19.33251280818136,4.184227702599901,6.0471802151387415,1.5086282555119235
-0.13924766500838334,0.4737322255413181,35.6789318018688,5.400692608016686,18.044122463542042,3.285030179140248,5.645676552941251,1.1746296420451188
-0.12373879148704055,0.4737322255413181,33.53546658837899,4.276302117120084,16.957004080139193,2.575288052936812,5.3081532722473606,0.9153458909870209
-0.10995723711238882,0.4737322255413181,31.71836374034582,3.3773962634688015,16.036552039880675,2.016956922315201,5.022735138620586,0.7137491317377838
-0.09771061966979347,0.4737322255413181,30.172495704136516,2.662200827551833,15.254441405302531,1.5787555845137264,4.780033256408721,0.55675663263578
-0.0868279837415025,0.4737322255413181,28.853078422161538,2.095359180444028,14.587551311969545,1.2353863836055299,4.572700405801183,0.43438235213618803
-0.07715741427178036,0.4737322255413181,27.7234980256425,1.6474616649294362,14.01700057764348,0.9666161233038382,4.3949300181478534,0.33896017172127596
-0.06856391592404971,0.4737322255413181,26.753653673564802,1.294376742741972,13.527329698369412,0.7563825078534874,4.242052364798291,0.2645560216859857
-0.06092752862714207,0.4737322255413181,25.918683318818086,1.0165196747851721,13.105832134025256,0.592000178278067,4.110248368467645,0.2065483672285313
-0.0541416530048151,0.4737322255413181,25.197969929280568,0.7981355688525551,12.742018693308555,0.46348796399370473,3.996354605276836,0.1613272559685657
-0.04811156231253989,0.4737322255413181,24.57435570012009,0.6266394204257528,12.427192221863205,0.3630139701904725,3.8977284519134474,0.12607146430686658
-0.04275308010908995,0.4737322255413181,24.03351394233995,0.492033841841346,12.154110308390324,0.284445297883289,3.8121505759090253,0.09857803212705953
-0.0379914052040221,0.4737322255413181,23.56344312583074,0.3864108754516816,11.916717051262298,0.22298661438034845,3.7377507358125017,0.07712905144449023
-0.03376006747802295,0.4737322255413181,23.154057184703827,0.3035354408923626,11.709928761074483,0.17489230129178115,3.6729489326738194,0.060386568230753966
-0.03,0.4737322255413181,22.796852571687126,0.23850307043556845,11.529461871083376,0.137238567030527,3.6164074806957522,0.04730953995032334
0.03,0.4737322255413181,17.93712420892335,0.21112437316741034,9.070587210703131,0.11924942850821878,2.8484058461701784,0.04021077092233179
0.03376006747802295,0.4737322255413181,17.68512812016024,0.2645224708013457,8.942988157939542,0.1492510818382057,2.808581973593114,0.05028992587353674
0.0379914052040221,0.4737322255413181,17.40891852534991,0.3308215246368389,8.803139328258595,0.18643687852289173,2.7649075849313207,0.06277470280626744
0.04275308010908995,0.4737322255413181,17.107409543819397,0.4128281245361958,8.650499593961367,0.23234395518882248,2.7171974994436185,0.07818064202633464
0.04811156231253989,0.4737322255413181,16.779891489780017,0.5137902588109422,8.484721835160773,0.28874055058335857,2.6653216346101556,0.09710295751558931
0.0541416530048151,0.4737322255413181,16.4262115673099,0.6373639705847463,8.305744712195668,0.3576025536211063,2.6092339327084284,0.1202100607272593
0.06092752862714207,0.4737322255413181,16.04701182195653,0.787497119920386,8.113912514962081,0.44104397825991865,2.549012220795134,0.14822126320434192
0.06856391592404971,0.4737322255413181,15.644040610564218,0.9681737694845491,7.91013043231742,0.5411717676263111,2.4849131222563137,0.1818570840296829
0.07715741427178036,0.4737322255413181,15.220558352379548,1.182934758386362,7.696064526670935,0.6598215984585115,2.4174471896873255,0.22174433650930137
0.0868279837415025,0.4737322255413181,14.781863905997737,1.4340542597613626,7.474398469580813,0.7981140671395887,2.347479706317525,0.26825059926127126
0.09771061966979347,0.4737322255413181,14.335974401571184,1.7212139600798386,7.249163234439028,0.9557520846311631,2.2763605578137023,0.3212168827768563
0.10995723711238882,0.4737322255413181,13.89449782447333,2.0394949780471947,7.026162075852003,1.12996841859417,2.2060798719814456,0.3795618634129281
0.12373879148704055,0.4737322255413181,13.473741691660823,2.376551447033138,6.813521292741302,1.3140481261440036,2.1394332258860227,0.44076249121166305
0.13924766500838334,0.4737322255413181,13.09609815121809,2.7090420629830545,6.622405026766388,1.495442615287862,2.080165830207145,0.5002929732487068
0.15670035222800524,0.4737322255413181,12.7917293003,2.9989550575781116,6.467931022702177,1.6537567355385634,2.0330707178326177,0.5512203106045573
0.17634048216824733,0.4737322255413181,12.600542192635645,3.191580192559699,6.370295052025839,1.7594755122211914,2.004086331606127,0.5842306622694099
0.19844221923690444,0.4737322255413181,12.57439852797717,3.2185704056895976,6.356030591822782,1.7752983598926837,2.000605109395173,0.5882831889747412
0.22331409039755062,0.4737322255413181,12.77947631997942,3.0110523701618725,6.4592034612548215,1.663025358686517,2.0323392449125723,0.5520375093206231
0.2513032920204875,0.4737322255413181,13.298704251230859,2.5270186945619733,6.72228164808485,1.3987031658038664,2.1127288967219644,0.46697255445050073
0.2828005365353655,0.4737322255413181,14.23409581414091,1.7915768200998228,7.196661459969944,0.9950990337965526,2.2596457453595042,0.3345378657191335
0.3182455065418344,0.4737322255413181,15.708201816658331,0.9378975193898448,7.943305585354988,0.5240381388785261,2.4936038237609517,0.17705845901275313
0.35813299251433084,0.4737322255413181,17.862457683892174,0.22625547911236807,9.033330104649732,0.1276294783033356,2.8354523693483364,0.04335496923231408
0.40301979977966995,0.4737322255413181,20.849123115341943,0.017259234824892,10.545063656987415,0.009878697185988739,3.308669132201124,0.003390383037231839
0.4535325211846986,0.4737322255413181,24.81535366732541,0.6909094482055047,12.553265673534186,0.4020101702293195,3.9384135168637466,0.1401624519114673
0.5103762839557767,0.4737322255413181,29.881661174939165,2.5335474289789977,15.117698867182327,1.5059511926923745,4.74154332842851,0.5331852676869693
0.5743445928509872,0.4737322255413181,36.123519799344564,5.6410086380795,18.278651120519502,3.4443919470786346,5.733671668914861,1.245589897226961
0.6463304070095649,0.4737322255413181,43.58113759700818,9.894361318822808,22.050664110937888,6.234005440452561,6.919044613146184,2.3115122617977946
0.7273386051246984,0.4737322255413181,52.302114421575716,15.021243376739143,26.46441621637985,9.82188046547716,8.306353450640387,3.7482296897430163
0.8185000129460304,0.4737322255413181,62.4514813633335,20.719535552587757,31.59477499897366,14.130999054561485,9.921403099736267,5.579015159579967
0.9210871889273549,0.4737322255413181,74.44494181886759,26.7473724601982,37.65690724474779,19.143556750929008,11.825396694306386,7.863038507970034
1.0365321883776653,0.4737322255413181,88.83097060362948,32.82777809567682,44.930687491707296,24.799321176940328,14.131848363263781,10.7186082566693
1.166446554092426,0.4737322255413181,106.56832370656394,38.73875077843455,53.912562471434654,31.033529170976838,16.94598067281459,14.23691539419654
1.3126438125222553,0.4737322255413181,128.61779169324666,44.17448678897872,65.03768520945702,37.493931812039975,20.439149689834338,18.551021567134256
1.4771647895120215,0.4737322255413181,156.3326572786933,48.95497667520127,79.01828377738624,43.76111874342965,24.818441943866468,23.761023176819062
1.6623060990028473,0.4737322255413181,191.15100978415987,52.98417844318116,96.61042230294368,49.32366055641818,30.359860260937946,29.91221103817008
1.8706522023821734,0.4737322255413181,234.91593581791756,56.2916591525816,118.71219903794243,53.87862262486363,37.296826149099616,36.79440523464705
2.1051114860111477,0.4737322255413181,290.0485629567254,58.96915712276766,146.54263983483722,57.43578974212272,45.96842109197593,44.02583161772118
2.368956860549917,0.4737322255413181,359.44674737686495,61.11511914540921,181.59455863991363,60.15705875607517,56.84571936660654,50.96624494403875
2.6658714488230206,0.4737322255413181,446.08850254989693,62.81567411131224,225.43209877461544,62.22047623650877,70.51887666377453,56.748976726663194
3.0,0.4737322255413181,553.534056574591,64.15675501116847,279.5401534118595,63.77927405584455,87.3614025571641,60.7473164109094
-3.0,0.5235987755982991,2202.2325633022724,68.15814032470027,1109.9084321496166,68.13295819880614,341.5847450627754,67.99904331567693
-2.6658714488230206,0.5235987755982991,1777.03964435469,67.84611698215937,894.246996305628,67.80583854618351,277.942759881943,67.62032360112919
-2.368956860549917,0.5235987755982991,1434.5879617506298,67.45806441501215,722.5944636202152,67.39995998213087,224.13139478948412,67.09994895202382
-2.1051114860111477,0.5235987755982991,1162.4034122591613,66.98316066403375,585.7285251758343,66.89682757352799,182.06580453283874,66.42458475434472
-1.8706522023821734,0.5235987755982991,945.0631577937511,66.40253655845191,476.82390820348206,66.27656033439777,148.5420192835973,65.52005309235105
-1.6623060990028473,0.5235987755982991,771.8130533483348,65.69825823234915,388.0446932033336,65.49230475038654,121.16123025336675,64.24089865266508
-1.4771647895120215,0.5235987755982991,629.4201727208812,64.81832254600604,317.462920263638,64.52431845974914,99.00284636196929,62.371594390336675
-1.3126438125222553,0.5235987755982991,513.8405758349102,63.72945051413983,259.835144467037,63.29578031796912,80.98275056737933,59.52693525348934
-1.166446554092426,0.5235987755982991,422.90566277951194,62.432314995058206,213.0773034725167,61.737079883286924,66.22543654119586,55.23849900685366
-1.0365321883776653,0.5235987755982991,348.21607077301604,60.829061509526,176.04952798810527,59.81020428347601,54.59616622527225,49.7166931361515
-0.9210871889273549,0.5235987755982991,288.4517124005562,58.90683518375633,145.585065338949,57.339588091084735,45.49222333076576,43.66862959858582
-0.8185000129460304,0.5235987755982991,239.89865508994046,56.58757866639591,121.25134731962605,54.28286991499965,37.68427032218872,37.1503658601274
-0.7273386051246984,0.5235987755982991,200.92498991637308,53.85501476168034,101.4245937455807,50.503707744498136,31.681787323473596,31.296629124798
-0.6463304070095649,0.5235987755982991,168.79945026152365,50.59477936625288,85.4528616015749,46.05421069956779,26.583299433325728,25.778375433631147
-0.5743445928509872,0.5235987755982991,143.07273198489966,46.8940824530777,72.27739297597817,40.97701016270584,22.609875017233517,21.16701642431429
-0.5103762839557767,0.5235987755982991,122.14467202082163,42.76039171383743,61.616871600612434,35.65507385880757,19.222658177606444,17.060746616172924
-0.4535325211846986,0.5235987755982991,104.89925811637322,38.24842306965211,53.00482902844089,30.44449355852131,16.538736951982727,13.728478514922847
-0.40301979977966995,0.5235987755982991,90.80915861556461,33.56873695638478,45.927083731594514,25.53431737682626,14.369999072648673,11.016038891429359
-0.35813299251433084,0.5235987755982991,79.31613452694909,28.946189067225088,40.09009377694305,21.08820967414434,12.531675617070436,8.730734577377625
-0.3182455065418344,0.5235987755982991,69.86583165404016,24.547370431684683,35.29476830700327,17.213896629961113,11.017661900830067,6.882284721940932
-0.2828005365353655,0.5235987755982991,62.040995099676266,20.49852042805761,31.35071276306487,13.925955717966666,9.79427958374965,5.43051997510878
-0.2513032920204875,0.5235987755982991,55.54663934435824,16.89026954543253,28.088538887653225,11.181196820462489,8.787986823261386,4.280017015620544
-0.22331409039755062,0.5235987755982991,50.153825573267106,13.766407862660557,25.375492934275098,8.918412686426237,7.943725965915776,3.35774200946764
-0.19844221923690444,0.5235987755982991,45.66995489440255,11.124412402278661,23.111106056432302,7.0743483408609205,7.232795233333065,2.6217196612106815
-0.17634048216824733,0.5235987755982991,41.93145802720177,8.929189978293854,21.216834083356492,5.587253484306714,6.637041767353842,2.041601794340214
-0.15670035222800524,0.5235987755982991,38.802524438519235,7.12911416462892,19.628752272490004,4.3985507666981425,6.1395266094283105,1.5889584047618528
-0.13924766500838334,0.5235987755982991,36.17279430875671,5.667775507298979,18.293884138808416,3.454813460942913,5.723536654020843,1.2373500156143942
-0.12373879148704055,0.5235987755982991,33.95353566598347,4.490694690093476,17.168340219395773,2.709279776467516,5.374074516772089,0.9642963168301335
-0.10995723711238882,0.5235987755982991,32.07347847799588,3.5485098486623032,16.216006532449434,2.122400722694939,5.078760803608881,0.7519378670424594
-0.09771061966979347,0.5235987755982991,30.47512457232279,2.7981558575340046,15.40734381839901,1.661557610880335,4.827811719035221,0.5865363979199675
-0.0868279837415025,0.5235987755982991,29.111790322448407,2.202999670670213,14.718255435035399,1.3003081374515482,4.6135724980121715,0.45759471787853484
-0.07715741427178036,0.5235987755982991,27.94533256742047,1.7324548415449512,14.129075677904316,1.0174640002312423,4.429994971869343,0.35704755532326315
-0.06856391592404971,0.5235987755982991,26.944414201737104,1.3613521362755512,13.623712913793469,0.796179890516117,4.272217055248947,0.2786477856522542
-0.06092752862714207,0.5235987755982991,26.083170259235025,1.069219565705016,13.188949691423883,0.6231366846003107,4.136264611118451,0.2175276715312195
-0.0541416530048151,0.5235987755982991,25.34016753442323,0.8395604528269933,12.813882438160958,0.48784515023323494,4.018848053704451,0.16988359766165326
-0.04811156231253989,0.5235987755982991,24.69758206707817,0.6591799388682804,12.489476691762603,0.38206909219879126,3.9172214617859207,0.1327422653411842
-0.04275308010908995,0.5235987755982991,24.1405418807472,0.5175855813136526,12.20821447426183,0.29935571317642273,3.829080570759162,0.10378160953825877
-0.0379914052040221,0.5235987755982991,23.6565977794642,0.4064714308862907,11.963813947285924,0.2346576791231552,3.7524850983258085,0.08119069710713431
-0.03376006747802295,0.5235987755982991,23.235295056008336,0.31928479855079017,11.751005515095517,0.184031523571946,3.6857971420517575,0.0635590950505365
-0.03,0.5235987755982991,22.867825635959825,0.25086916587895675,11.565352099012156,0.14439851155726205,3.6276310332498345,0.04978939714995064
0.03,0.5235987755982991,17.88545799554131,0.22153304910235458,9.044430820109138,0.12510014275790513,2.8402480397413483,0.04217594366404115
0.03376006747802295,0.5235987755982991,17.628336836401935,0.2774812089822883,8.914236966598393,0.15652370419751413,2.7996142952485323,0.05272982305974071
0.0379914052040221,0.5235987755982991,17.346717430462665,0.34690327919652597,8.771649437212538,0.1954464545834982,2.755084532569528,0.06579374594319075
0.04275308010908995,0.5235987755982991,17.03957249174402,0.4327064884959453,8.616156957919872,0.24345913105405956,2.7064825708580096,0.08190092316027528
0.04811156231253989,0.5235987755982991,16.706282947898583,0.5382404086569219,8.447458534089353,0.30238321441966176,2.653692327938818,0.10166417067401501
0.0541416530048151,0.5235987755982991,16.34682902946808,0.667250978534881,8.265560477426048,0.3742403352017999,2.5966884196663016,0.12576711700171345
0.06092752862714207,0.5235987755982991,15.962041539266218,0.8237420968695905,8.070902964066331,0.4611704651403307,2.5355782011752983,0.15493786384016137
0.06856391592404971,0.5235987755982991,15.553930329425782,1.0116832344240754,7.8645238374204975,0.5652666796315974,2.4706595145809636,0.18989258185516705
0.07715741427178036,0.5235987755982991,15.126111700051661,1.234471789582124,7.648269404348111,0.6882796893236234,2.4024994811544627,0.23122992641940535
0.0868279837415025,0.5235987755982991,14.684362229493447,1.4940217604720014,7.425064864631922,0.8311274211432016,2.3320399490798907,0.2792493526163372
0.09771061966979347,0.5235987755982991,14.237333260171205,1.789312893986168,7.199261309401957,0.9931268227232155,2.2607331020145707,0.3336609268471289
0.10995723711238882,0.5235987755982991,13.797466933675862,2.1142198812920134,6.977082544373563,1.1708566564114298,2.1907038907152407,0.3931606132402297
0.12373879148704055,0.5235987755982991,13.382158810427171,2.454506287063882,6.767203337355064,1.356586381185818,2.124922887001762,0.4548813566322824
0.13924766500838334,0.5235987755982991,13.01520896741914,2.7841296610169093,6.581498475472465,1.5363228445609907,2.06735884031411,0.5138169605804555
0.15670035222800524,0.5235987755982991,12.728586464404454,3.0616562411237966,6.436000290194709,1.6878390105323144,2.0230867266696317,0.562444902449744
0.17634048216824733,0.5235987755982991,12.564496995500624,3.2288339195011373,6.352071853294179,1.7797068687539948,1.9983996827799757,0.5908604015992689
0.19844221923690444,0.5235987755982991,12.577698446191407,3.2151549042399425,6.357719870181568,1.7734194434068784,2.001141552330697,0.5876574703347103
0.22331409039755062,0.5235987755982991,12.837981376619098,2.9535923081806774,6.4888431435127005,1.6316912536913666,2.041606680415448,0.5417439794342768
0.2513032920204875,0.5235987755982991,13.432733974084721,2.4112489289295036,6.790156827336944,1.3353941284184057,2.1339724256531802,0.44604187124748257
0.2828005365353655,0.5235987755982991,14.469407726593932,1.6317745729787236,7.315784154701642,0.9072616817953284,2.296979795573962,0.3052486218620901
0.3182455065418344,0.5235987755982991,16.077058893278448,0.7749121938895398,8.12997738660858,0.43366173682094233,2.552102073828751,0.14670094791996782
0.35813299251433084,0.5235987755982991,18.404647043936233,0.1291864779662288,9.307733428244555,0.07304138107925731,2.9213457680847075,0.024857430240506656
0.40301979977966995,0.5235987755982991,21.612683379170228,0.07542148127479674,10.931626583833129,0.043290525626438724,3.429708667376025,0.014897989924629993
0.4535325211846986,0.5235987755982991,25.85672613083447,0.9969376017877031,13.080522750634723,0.5826474602639132,4.103687599675905,0.20381703822639086
0.5103762839557767,0.5235987755982991,31.26487006566006,3.162416370694844,15.81792141899687,1.8908816018381456,4.9608955356213285,0.6724229060684306
0.5743445928509872,0.5235987755982991,37.91788893029375,6.63098395867853,19.187148189121608,4.080023691064732,6.018434964982622,1.4838782106171462
0.6463304070095649,0.5235987755982991,45.85800489431417,11.235371165008846,23.203302588708482,7.14822791528658,7.280567469069573,2.669799430751688
0.7273386051246984,0.5235987755982991,55.132147404360055,16.653596346004807,27.896801972389916,11.020212342721706,8.755751447205897,4.243997994032258
0.8185000129460304,0.5235987755982991,65.90794280245814,22.543642072014677,33.343902721863934,15.595511721955699,10.470500767413006,6.227109579064099
0.9210871889273549,0.5235987755982991,78.6167259202219,28.639439605055788,39.767466300192844,20.833155830752524,12.48808301530595,8.67695813552
1.0365321883776653,0.5235987755982991,93.83441470959075,34.66001597807266,47.46155434911826,26.645681196204997,14.927630777487842,11.713251975624761
1.166446554092426,0.5235987755982991,112.57110823416942,40.40211126521033,56.94919682242222,32.93564137739314,17.900291051012925,15.425060757609067
1.3126438125222553,0.5235987755982991,135.8419797755404,45.60319026483615,68.690434715468,39.318623372720225,21.586844513199626,19.94166077531635
1.4771647895120215,0.5235987755982991,165.07469209790182,50.131357203975256,83.43638211205084,45.371006960122344,26.20578615216954,25.351228260773272
1.6623060990028473,0.5235987755982991,201.7847131152826,53.9273711251345,101.98380134465982,50.63297917253255,32.0480288133305,31.67424012258099
1.8706522023821734,0.5235987755982991,247.91251618097368,57.03705993212119,125.27838250672112,54.885217018446795,39.35942158624294,38.65411541085827
2.1051114860111477,0.5235987755982991,306.00610674900554,59.55411181482337,154.60320041357255,58.1904108050254,48.496587767996026,45.84553018092855
2.368956860549917,0.5235987755982991,379.1138409615099,61.57306746713556,191.52857858219645,60.7205459572315,59.95478712691022,52.543916848808486
2.6658714488230206,0.5235987755982991,470.3651133894489,63.17476437481013,237.6976642527512,62.644245031315094,74.3549517756907,57.90111567166717
3.0,0.5235987755982991,583.5020294811026,64.43937104075698,294.67105989220823,64.10199238119219,92.08954395634981,61.485533851632724
-3.0,0.5734653256552797,2294.2207030301124,68.21026658475301,1156.265189281941,68.18692061693739,355.8504008459362,68.06327168785874
-2.6658714488230206,0.5734653256552797,1850.6161516255584,67.91050354548553,931.2706017232478,67.8731225488998,289.44609449826794,67.70285716488407
-2.368956860549917,0.5734653256552797,1493.391399602874,67.53755889464259,752.2116083999007,67.48375492082975,233.31498847865132,67.20890094916915
-2.1051114860111477,0.5734653256552797,1209.5043507489945,67.08093865758664,609.4609719217189,67.00108816338368,189.4399004840364,66.56995590026295
-1.8706522023821734,0.5734653256552797,982.8577441656586,66.52239566423825,495.89143060227804,66.40607175537014,154.47946500554514,65.7181243851211
-1.6623060990028473,0.5734653256552797,802.2213730731825,65.84452590356449,403.3328083190316,65.65388180089887,125.93253080488722,64.52107009992469
-1.4771647895120215,0.5734653256552797,653.8032883677588,64.99715904526232,329.7604910971286,64.72563674179719,102.83624345989769,62.784647933874865
-1.3126438125222553,0.5734653256552797,533.3691265799802,63.94795826159927,269.70966043465404,63.54792672843871,84.05898334179376,60.15177114665368
-1.166446554092426,0.5734653256552797,438.63426320550946,62.69704419088663,221.00156368340643,62.05420936003625,68.68711749620707,56.13498235788914
-1.0365321883776653,0.5734653256552797,360.8541801791503,61.149642776260094,182.4389591092437,60.20773096696486,56.57646556053477,50.82155515472581
-0.9210871889273549,0.5734653256552797,298.63691814962107,59.29222333693972,150.72539400504584,57.83921519982893,47.09769383559088,44.8545528885267
-0.8185000129460304,0.5734653256552797,248.11166603492165,57.04783727959134,125.40241285774619,54.90305612725418,38.97341752720512,38.31269774737167
-0.7273386051246984,0.5734653256552797,207.57032446949455,54.39788084048005,104.77885005823025,51.256451551757934,32.72892778545714,32.36934166965074
-0.6463304070095649,0.5734653256552797,174.17023775251909,51.22708945881521,88.17210680230232,46.92774657994424,27.428365788546778,26.725636412214982
-0.5743445928509872,0.5734653256552797,147.43389722277118,47.6126585370842,74.48044074381092,41.93305629563639,23.298618460894605,21.98377988391432
-0.5103762839557767,0.5734653256552797,125.69552861331746,43.552746417620426,63.407632817679946,36.6336815302475,19.780718434549666,17.74632001783994
-0.4535325211846986,0.5734653256552797,107.79295474260063,39.09061199978926,54.46686623530795,31.388597612140256,16.99435676280371,14.297264571971905
-0.40301979977966995,0.5734653256552797,93.17413021839192,34.426083076936564,47.1232691674506,26.402843433677496,14.743949957565835,11.483502363759964
-0.35813299251433084,0.5734653256552797,81.25650030515774,29.781597458066805,41.070772282785235,21.857891624112405,12.837835175257261,9.10911621159746
-0.3182455065418344,0.5734653256552797,71.46298861759637,25.329290766452267,36.10139364248162,17.876950827447097,11.268963372018236,7.185853977413189
-0.2828005365353655,0.5734653256552797,63.3591914233537,21.205025036919956,32.016661656476764,14.485104105578298,10.001910897343345,5.673375052085983
-0.2513032920204875,0.5734653256552797,56.63769769232888,17.50995949465386,28.64026548349703,11.64492960569921,8.960321056552962,4.473543369202573
-0.22331409039755062,0.5734653256552797,51.059883529970236,14.296999112853648,25.834056693424046,9.297877630250506,8.08705224264293,3.5109805439585338
-0.19844221923690444,0.5734653256552797,46.42516352086036,11.570102051358123,23.493456992449264,7.381504431212448,7.352211427419482,2.7423029815693707
-0.17634048216824733,0.5734653256552797,42.5633542001714,9.297961506264972,21.536709853149823,5.833742233396116,6.736830479128779,2.1360883889478064
-0.15670035222800524,0.5734653256552797,39.33326393031025,7.430630451001183,19.897307107451034,4.595026185990745,6.2232464439065565,1.6628353654114314
-0.13924766500838334,0.5734653256552797,36.62022476873116,5.911981302191684,18.520170647336098,3.6106122534282763,5.794081447359945,1.2950577822684588
-0.12373879148704055,0.5734653256552797,34.33208152942519,4.686997686432426,17.359703604087983,2.8323339062139237,5.433767663615438,1.0093508235918793
-0.10995723711238882,0.5734653256552797,32.3948451481976,3.7053627926601047,16.37841235069266,2.2193000319276313,5.1294650646533855,0.7870971249082742
-0.09771061966979347,0.5734653256552797,30.74885020332229,2.922894125852846,15.545647690121438,1.737689275242649,4.871029136544151,0.6139597254436093
-0.0868279837415025,0.5734653256552797,29.34567737631639,2.3018319363677997,14.836421607495836,1.3600243021789349,4.650524212244182,0.47897379514464683
-0.07715741427178036,0.5734653256552797,28.145786942981356,1.810538844526552,14.230352126581177,1.0642496056569202,4.461681488402265,0.37370835355927445
-0.06856391592404971,0.5734653256552797,27.11671350145196,1.4229117436718366,13.710770782527172,0.832806685465505,4.299463272692146,0.29162910415575094
-0.06092752862714207,0.5734653256552797,26.23167730984696,1.117675826032968,13.263994154259192,0.6517977457444899,4.159753939299174,0.22764223715321327
-0.0541416530048151,0.5734653256552797,25.468501172020698,0.8776605414992515,12.878740942940794,0.5102687558550016,4.039148850728206,0.1777661620339983
-0.04811156231253989,0.5734653256552797,24.808754253952014,0.6891153421837213,12.545669386237554,0.399613075940893,3.9348079456284855,0.1388877288708223
-0.04275308010908995,0.5734653256552797,24.237068114495433,0.5410956554372407,12.257010596457503,0.31308443750357,3.8443496083446673,0.10857528046649424
-0.0379914052040221,0.5734653256552797,23.740586215710255,0.4249313943274761,12.006277132565664,0.24540409717063344,3.7657698097993766,0.08493224980861078
-0.03376006747802295,0.5734653256552797,23.308518612042693,0.3337788676660246,11.788030321741521,0.19244676700260605,3.697377981581061,0.06648145997668674
-0.03,0.5734653256552797,22.931780457121697,0.26225036509616256,11.597693551268007,0.15099123368106046,3.6377448398241876,0.05207358675117116
0.03,0.5734653256552797,17.839162591265836,0.23109443624534148,9.020993828741865,0.13047284307102786,2.832938459383049,0.04398007814653791
0.03376006747802295,0.5734653256552797,17.577474009316482,0.28938062534101305,8.888487582445801,0.16319943627248046,2.791583013738495,0.054968810530741964
0.0379914052040221,0.5734653256552797,17.29104172968821,0.36166347161977386,8.743463641616037,0.2037124231954105,2.7462923227237166,0.06856271486174446
0.04275308010908995,0.5734653256552797,16.978893916219317,0.45094040900979626,8.585438977829531,0.2536504845652621,2.6968987394473882,0.08531078814822969
0.04811156231253989,0.5734653256552797,16.64049646314676,0.5606507908945408,8.414155841639026,0.31488200302144687,2.643299328253303,0.10584133216806053
0.0541416530048151,0.5734653256552797,16.27595362459959,0.6946176134001347,8.229683612800518,0.38946753781371424,2.5854879991572566,0.13085091255966577
0.06092752862714207,0.5734653256552797,15.886271507538046,0.85688771384378,8.032551517041426,0.4795661910210688,2.5235995498923307,0.16107413102776486
0.06856391592404971,0.5734653256552797,15.47370216214459,1.0514041355865853,7.823920264975099,0.5872511962591167,2.457970014339284,0.19722080939211467
0.07715741427178036,0.5734653256552797,15.04219086405391,1.2814130399308188,7.605802791118725,0.7141847131283886,2.38921881032505,0.23986027859016212
0.0868279837415025,0.5734653256552797,14.597955184032543,1.548469312878107,7.381347276647943,0.8610834155048313,2.318358450708673,0.28922447833809245
0.09771061966979347,0.5734653256552797,14.150231380641062,1.850868808957117,7.155200084421689,1.0268890377107334,2.2469354245444304,0.34489647327756173
0.10995723711238882,0.5734653256552797,13.71223053727402,2.181328165759242,6.933972739025431,1.2075534559599557,2.1771988931655097,0.40535925969120523
0.12373879148704055,0.5734653256552797,13.302351150163288,2.5238202633693128,6.726845615189578,1.3943851340311493,2.112280644849391,0.46742099832028655
0.13924766500838334,0.5734653256552797,12.945691711561063,2.8497845918000566,6.546348864078513,1.5720451054719984,2.0563555141238687,0.5256287967796917
0.15670035222800524,0.5734653256552797,12.67588957598297,3.114673569022987,6.409359111884541,1.716639564885281,2.0147588146650377,0.5719247305670855
0.17634048216824733,0.5734653256552797,12.537276944573891,3.257166622731539,6.338319070282207,1.7950807184533293,1.9941120015045317,0.5958928367093552
0.19844221923690444,0.5734653256552797,12.58729968339401,3.2052317288857783,6.362602438441198,1.76799644624534,2.002678122169916,0.5858676833461361
0.22331409039755062,0.5734653256552797,12.89911798608298,2.894358274748076,6.519817623598545,1.5993770040504105,2.051294461099889,0.531122033642349
0.2513032920204875,0.5734653256552797,13.56431143643989,2.30110207891929,6.856792304621273,1.2751110724965906,2.154830491598261,0.426096229821298
0.2828005365353655,0.5734653256552797,14.695501903788522,1.4870918774067639,7.430243196881956,0.8276229492717251,2.3328532186052597,0.2786632023983344
0.3182455065418344,0.5734653256552797,16.428039942704903,0.6366850463206657,8.307604082466462,0.35684331237178424,2.6077661418126317,0.12085277304941658
0.35813299251433084,0.5734653256552797,18.91835837633933,0.06345482559905402,9.567720648317941,0.035954345691147,3.0027251704311744,0.01225747497745038
0.40301979977966995,0.5734653256552797,22.335487282469035,0.16505324863259532,11.297550156790889,0.0950174579939048,3.5442787659927584,0.03277810678908278
0.4535325211846986,0.5734653256552797,26.84415834739176,1.3259963744634957,13.580470393494062,0.7782260783826936,4.2603903075568805,0.27308748779163017
0.5103762839557767,0.5734653256552797,32.581424048883264,3.7972696212480015,16.4843951486373,2.283269349624056,5.169639231879928,0.8153492676883389
0.5743445928509872,0.5734653256552797,39.634982444221066,7.602841107027702,20.05652849986189,4.712449808656575,6.290884880102026,1.7232288737907853
0.6463304070095649,0.5734653256552797,48.04974745019526,12.52867738110005,24.31297111298705,8.046117757159486,7.6285382322263136,3.0262201766454258
0.7273386051246984,0.5734653256552797,57.87047119751837,18.204033478186133,29.282807662235488,12.185634105732463,9.190468305667519,4.734405023183313
0.8185000129460304,0.5734653256552797,69.26259094156863,24.24801460338862,35.04166427705872,17.005046430092264,11.003295563058385,6.864977625643071
0.9210871889273549,0.5734653256552797,82.66583390308088,30.374091634252768,41.816122009745406,22.43705912916718,13.13118309611699,9.4726962255053
1.0365321883776653,0.5734653256552797,98.6788818708181,36.30621734266677,49.912117558525466,28.367412660167048,15.697791712356238,12.676937303782953
1.166446554092426,0.5734653256552797,118.35739164572414,41.86786782856073,59.87624908620968,34.66969817930794,18.819890665218555,16.564103169628922
1.3126438125222553,0.5734653256552797,142.76876672845228,46.84238573711346,72.19282333554254,40.939379889323845,22.687023220782145,21.258841452699656
1.4771647895120215,0.5734653256552797,173.41089508526994,51.14014623270741,87.64937743251227,46.76394546281757,27.528484853120396,26.83703498665776
1.6623060990028473,0.5734653256552797,211.87264377267897,54.730196076538604,107.08120896520245,51.74303317296552,33.64917850242254,33.29433367937448
1.8706522023821734,0.5734653256552797,260.1855930921892,57.668549638604226,131.47871136952062,55.72914617652883,41.30681385743228,40.329969116028934
2.1051114860111477,0.5734653256552797,321.0155193021714,60.048181194135914,162.18442946549212,58.820436451545746,50.87428224706207,47.44054727009866
2.368956860549917,0.5734653256552797,397.55013969401983,61.95909378741112,200.84040474854564,61.19063327911837,62.869110988764874,53.8735768320133
2.6658714488230206,0.5734653256552797,493.05866955265077,63.477050940119476,249.16266496222784,62.99794211326086,77.94066373365807,58.83242004920586
3.0,0.5734653256552797,611.4514443880436,64.67706166454582,308.78213157867725,64.37156625257705,96.49911561679286,62.0736825136509
-3.0,0.6233318757122608,2377.2467000716774,68.25381522666041,1198.105223799993,68.23194909081045,368.7260964493614,68.11651979014519
-2.6658714488230206,0.6233318757122608,1917.0137710717502,67.96431169719914,964.6819544015146,67.92926831222503,299.8266604513149,67.7711559200275
-2.368956860549917,0.6233318757122608,1546.4469700382756,67.60401417909974,778.9339180126373,67.55367565198031,241.60072140093575,67.29882057745066
-2.1051114860111477,0.6233318757122608,1251.9906858315996,67.16270538039997,630.8684995597073,67.0880761404928,196.0913802451993,66.68949714541931
-1.8706522023821734,0.6233318757122608,1016.9391165049743,66.62266177821772,513.0857797633453,66.5141058209901,159.83341665942132,65.88019613897279
-1.6623060990028473,0.6233318757122608,829.6320816833323,65.96692689278133,417.11434275402877,65.78862365573553,130.2334448576815,64.74881075160717
-1.4771647895120215,0.6233318757122608,675.7740313635736,65.14687357263266,340.84167156171344,64.89345327749855,106.29036760683292,63.118094374501254
-1.3126438125222553,0.6233318757122608,550.9579836283853,64.1309673764144,278.6035038155034,63.758014270629545,86.82966386531858,60.65622963230312
-1.166446554092426,0.6233318757122608,452.79336647755406,62.918882822181615,228.13543386653294,62.31832348167339,70.90328486803837,56.87237192487076
-1.0365321883776653,0.6233318757122608,372.22509804992455,61.41847072723847,188.18791529140773,60.538741802879315,58.35832868140216,51.75496743741777
-0.9210871889273549,0.6233318757122608,307.79553998064944,59.61569938368826,155.34784946814392,58.2554974289408,48.54140152057625,45.87662859534133
-0.8185000129460304,0.6233318757122608,255.49234693526307,57.4346788323697,129.13295955686388,55.42099454009091,40.132019617610645,39.328297564189384
-0.7273386051246984,0.6233318757122608,213.53830017432708,54.85505439474108,107.7914027988144,51.88845219564283,33.66939912028623,33.314470735210016
-0.6463304070095649,0.6233318757122608,178.99048675194297,51.76117848061513,90.61269279053751,47.667605528953494,28.186876328234668,27.565161659772123
-0.5743445928509872,0.6233318757122608,151.34534265420137,48.22215911514015,76.45643892643167,42.751850947650695,23.916382776944758,22.710449063815137
-0.5103762839557767,0.6233318757122608,128.8780319385246,44.22857981823204,65.01276712688943,37.480998005976815,20.280950939545722,18.358113360630938
-0.4535325211846986,0.6233318757122608,110.38474495316133,39.8138707821436,55.776448281538066,32.21352924015146,17.40248556238964,14.805934626260399
-0.40301979977966995,0.6233318757122608,95.29095879331102,35.167825590317705,48.19399990142356,27.167207886708418,15.078688231111167,11.902239936107653
-0.35813299251433084,0.6233318757122608,82.99212646005273,30.509566620606122,41.94803068559503,22.53902015964916,13.111717640377485,9.448542190211771
-0.3182455065418344,0.6233318757122608,72.89069893500228,26.015062393321962,36.82249790248276,18.466198868348236,11.493633716777264,7.458498280907289
-0.2828005365353655,0.6233318757122608,64.5368106870743,21.82808774985702,32.61163404960944,14.983627217786633,10.187422134768383,5.89170046640974
-0.2513032920204875,0.6233318757122608,57.61182902972669,18.058972193298903,29.13289114730698,12.059436775066814,9.114199946868291,4.647663652405806
-0.22331409039755062,0.6233318757122608,51.868384289870264,14.768834453570133,26.243261634680355,9.637755555327649,8.214954962644104,3.6489546913213955
-0.19844221923690444,0.6233318757122608,47.09869020230735,11.967636247282199,23.834464020922148,7.657075476182291,7.458719184668728,2.8509489875776155
-0.17634048216824733,0.6233318757122608,43.12660927151759,9.627691523779896,21.82184714656517,6.055187640912992,6.825786582094691,2.221273428625847
-0.15670035222800524,0.6233318757122608,39.806111224289495,7.700758364395611,20.13657674675625,4.771739565017569,6.297840909771593,1.7294749503640765
-0.13924766500838334,0.6233318757122608,37.01865701939338,6.1311162509869535,18.721684482174023,3.7508714820160396,5.856906549699359,1.3471353099744985
-0.12373879148704055,0.6233318757122608,34.66901704164939,4.863378333757295,17.53003940836278,2.9431998839067193,5.486903752989903,1.0500244806748793
-0.10995723711238882,0.6233318757122608,32.680761321817236,3.8464478359169734,16.522909372296024,2.306656995285906,5.174579436737202,0.8188471801988769
-0.09771061966979347,0.6233318757122608,30.992279793187812,3.0351909433724886,15.668649456126804,1.8063591759671316,4.909465690950411,0.638729965976385
-0.0868279837415025,0.6233318757122608,29.553596525397598,2.390870100948665,14.941472455071569,1.4139101514394308,4.683375019262307,0.49828829710863076
-0.07715741427178036,0.6233318757122608,28.32392000583314,1.8809257170364932,14.320354521998683,1.106481549578438,4.489840842409546,0.38876252892488244
-0.06856391592404971,0.6233318757122608,27.269774066454602,1.4784292542231763,13.788110525800207,0.8658774165117825,4.32366810053933,0.30335999810424485
-0.06092752862714207,0.6233318757122608,26.363559933966613,1.16139271078281,13.33063987503707,0.6776815586065991,4.180614431085405,0.2367833129439938
-0.0541416530048151,0.6233318757122608,25.582434653208306,0.9120446660440746,12.936323262646217,0.5305228055580892,4.057172196064307,0.18489049050947962
-0.04811156231253989,0.6233318757122608,24.907424616798373,0.7161376870473992,12.59554406964264,0.4154615732406276,3.9504171037420726,0.14444226453625011
-0.04275308010908995,0.6233318757122608,24.322717584742428,0.5623220358113202,12.300309095703817,0.3254875208744136,3.8578983702888854,0.1129080948508458
-0.0379914052040221,0.6233318757122608,23.8150930695838,0.4416007549187099,12.04394717927375,0.2551134803954194,3.7775549959720944,0.0883141132555677
-0.03376006747802295,0.6233318757122608,23.37346174390631,0.3468685799764118,11.820868637022953,0.20005027685277574,3.707649370349966,0.06912287068514791
-0.03,0.6233318757122608,22.98849170923557,0.27252976537875667,11.626372290797612,0.1569481937634019,3.6467132721559516,0.054138144687591885
0.03,0.6233318757122608,17.798287838112604,0.23972185780744779,9.000301470871099,0.1353192942540957,2.8264849769068765,0.045607106766962904
0.03376006747802295,0.6233318757122608,17.53258354938038,0.30011476090949135,8.865762237184866,0.16921947552892413,2.784495065091152,0.05698734367083606
0.0379914052040221,0.6233318757122608,17.241925449845056,0.3749735838199685,8.718599169541733,0.21116368294313398,2.7385363315595446,0.07105803255411501
0.04275308010908995,0.6233318757122608,16.92539267421189,0.4673755855266365,8.55835520175374,0.2628329463047873,2.6884489862589587,0.08838209860350063
0.04811156231253989,0.6233318757122608,16.582528719070908,0.5808386317730992,8.384812080399298,0.3261365433754725,2.6341421139464374,0.10960132961743152
0.0541416530048151,0.6233318757122608,16.21355065642061,0.7192513039480972,8.198096555635622,0.40316794641342557,2.57562718948337,0.13542321777811403
0.06092752862714207,0.6233318757122608,15.819623628230723,0.8866930267808786,7.998818642245285,0.49610011544030785,2.5130639195390723,0.16658709362492774
0.06856391592404971,0.6233318757122608,15.403218997362137,1.0870735326863017,7.788250317206662,0.6069832164144775,2.4468229307553426,0.20379534191384593
0.07715741427178036,0.6233318757122608,14.968579552724036,1.3234882782718356,7.5685552235596,0.737391830217115,2.3775709383422945,0.24758831235388404
0.0868279837415025,0.6233318757122608,14.5223213629615,1.597147373591163,7.343083063413337,0.8878499747912615,2.3063843004317057,0.2981334145976132
0.09771061966979347,0.6233318757122608,14.074209035948488,1.9057008944888427,7.116746950539556,1.0569456759737372,2.2348946649083343,0.3548942080952205
0.10995723711238882,0.6233318757122608,13.638148257828238,2.240784267843882,6.896508678911132,1.2400461901122752,2.1654633544357678,0.4161554419212991
0.12373879148704055,0.6233318757122608,13.23344396510406,2.584716394120664,6.692005594125564,1.4275730881897508,2.101367821520162,0.47842602714090016
0.13924766500838334,0.6233318757122608,12.886369438020424,2.906642142525457,6.516360755369777,1.6029616954459827,2.0469693546597845,0.5358467930432633
0.15670035222800524,0.6233318757122608,12.632074320482964,3.1592369811371244,6.387215959185478,1.7408319063644297,2.007839323035568,0.5798830274448934
0.17634048216824733,0.6233318757122608,12.516824125791153,3.2785692762025676,6.327995169323333,1.8066814507913593,1.9908977988385925,0.5996844042346148
0.19844221923690444,0.6233318757122608,12.600519264956404,3.1916037933885217,6.369320055787649,1.760553928812478,2.004790660057464,0.5834130572246535
0.22331409039755062,0.6233318757122608,12.959416964370229,2.836738972921276,6.550370354495864,1.567930008372698,2.0608537960488764,0.5207783513444157
0.2513032920204875,0.6233318757122608,13.68898604240025,2.199869693622727,6.919934699914983,1.2196627582550748,2.1745979577809598,0.4077362199309645
0.2828005365353655,0.6233318757122608,14.906713726435273,1.3595081917724285,7.537171130371016,0.7573018137796284,2.3663673491393022,0.2551630014485348
0.3182455065418344,0.6233318757122608,16.753996046342824,0.5223169674760069,8.472567354087921,0.29315093254816554,2.6594619855150756,0.09938637777667948
0.35813299251433084,0.6233318757122608,19.394657517783102,0.023832716705084245,9.80876911651412,0.013530074752910267,3.0781742138734263,0.004620422516009559
0.40301979977966995,0.6233318757122608,23.00650554320997,0.27583155512720176,11.637249635729658,0.15923469060002082,3.650629525590111,0.05505113945272999
0.4535325211846986,0.6233318757122608,27.76425768082545,1.6629647320319303,14.04632751377963,0.9798265166913865,4.406394629872458,0.3448331020071114
0.5103762839557767,0.6233318757122608,33.81544235285377,4.419592475859437,17.1090790604967,2.6715020999935413,5.365251741965605,0.9576954444401807
0.5743445928509872,0.6233318757122608,41.25660242435335,8.536930816755463,20.877577360096183,5.328210065882625,6.5481280919363405,1.958400444788719
0.6463304070095649,0.6233318757122608,50.13642501747068,13.756201216671482,25.369587397818393,8.91353643633226,7.959786989176553,3.3748394352915234
0.7273386051246984,0.6233318757122608,60.496263462587486,19.65883057253697,30.61190216624747,13.30459853506814,9.607186055218847,5.213140776285577
0.8185000129460304,0.6233318757122608,72.49425672836735,25.825893210648402,36.67737510978854,18.347891692520086,11.516412577712346,7.486202642037147
0.9210871889273549,0.6233318757122608,86.57015677143514,31.95372958966724,43.791725061220625,23.946632157716856,13.751177214511005,10.243794043828832
1.0365321883776653,0.6233318757122608,103.33958680811334,37.77873284990466,52.269879754136156,29.960704279887068,16.438353175539525,13.603053783615842
1.166446554092426,0.6233318757122608,123.89680976042041,43.15657236035086,62.678380689072995,36.239433179473224,19.699922383766317,17.64725613952072
1.3126438125222553,0.6233318757122608,149.35887748623176,47.9165978037189,75.52502507498636,42.37037409268043,23.733420304730185,22.49582982461032
1.4771647895120215,0.6233318757122608,181.2892964085927,52.00550434476326,91.63103603808017,47.96456384825063,28.778268906980763,28.21254084770313
1.6623060990028473,0.6233318757122608,221.34603390596445,55.41385469886738,111.86790180517545,52.683103982129055,35.152353078587346,34.769105568676366
1.8706522023821734,0.6233318757122608,271.6448982867388,58.20357315050066,137.26756630151374,56.437100096828814,43.1246364737522,41.824080278563855
2.1051114860111477,0.6233318757122608,334.95937094727617,60.46524923375979,169.2269820525911,59.34685955555898,53.082874426772555,48.82315475198501
2.368956860549917,0.6233318757122608,414.6041746488449,62.28407762737774,209.45348289687308,61.5828804632288,65.56473463681664,54.98321498409267
2.6658714488230206,0.6233318757122608,513.9755200061767,63.731019863593126,259.72919253703583,63.29295828572273,81.24540016481373,59.583176649451474
3.0,0.6233318757122608,637.1368091950726,64.87645349889209,321.74936683330185,64.59640832498172,100.55138521394962,62.54435642531769
-3.0,0.6731984257692414,2450.523502251124,68.28977438378749,1235.0319419811606,68.26909301522964,380.08977152422653,68.16020951345055
-2.6658714488230206,0.6731984257692414,1975.6059535025636,68.00875345689151,994.165808722751,67.97558351950416,308.9865126597816,67.82710963329342
-2.368956860549917,0.6731984257692414,1593.2564985314627,67.65891526235428,802.5105187172854,67.61135110186127,248.9108052101488,67.37232512494504
-2.1051114860111477,0.6731984257692414,1289.4656328598535,67.23027201236498,649.75122188611,67.15982082624951,201.9581409855655,66.78692281685589
-1.8706522023821734,0.6731984257692414,1046.9908574959354,66.70553448510026,528.247359640872,66.6031895152646,164.55418363977913,66.01174275358834
-1.6623060990028473,0.6731984257692414,853.7923316763988,66.06811764123029,429.2622110842627,65.89969627254386,134.0243151634283,64.93263733503159
-1.4771647895120215,0.6731984257692414,695.1311799838171,65.2706764398574,350.6050095006655,65.03173417117463,109.33359953074041,63.38557997646967
-1.3126438125222553,0.6731984257692414,566.4473440356636,64.28234768796011,286.4358973172678,63.93104252040969,89.26963298176871,61.06018861784869
-1.166446554092426,0.6731984257692414,465.25547275661177,63.10244337589536,234.4147052391394,62.5357426835047,72.85399708364965,57.47078583062475
-1.0365321883776653,0.6731984257692414,382.2274570252051,61.641016439200556,193.24516966099375,60.81114237480834,59.92588405795847,52.53002243876494
-0.9210871889273549,0.6731984257692414,315.8468541695125,59.8836600049048,159.4117101784138,58.598163099287916,49.81063083422412,46.74082633092219
-0.8185000129460304,0.6731984257692414,261.9764705996085,57.755445492416094,132.41053970884997,55.84801534118231,41.15000356685491,40.19790564666748
-0.7273386051246984,0.6731984257692414,218.77772226982088,55.23470077788344,110.43642469421683,52.411602893954004,34.49514061971517,34.12986034054195
-0.6463304070095649,0.6731984257692414,183.2195125795366,52.2057249258157,92.75402834241609,48.284313829401746,28.85243470351712,28.293278518000015
-0.5743445928509872,0.6731984257692414,154.77463993604033,48.73115532447915,78.18901414509891,43.44072670429809,24.458050479561816,23.342824514002235
-0.5103762839557767,0.6731984257692414,131.6663157416084,44.79551882086354,66.41923679304054,38.200625333480836,20.719294103147668,18.891928727563368
-0.4535325211846986,0.6731984257692414,112.65402110039976,40.424035482148255,56.92316748774808,32.919784270944994,17.759881154985905,15.25059232900362
-0.40301979977966995,0.6731984257692414,97.143211650226,35.79751294486226,49.13096728526451,27.825786588809017,15.371617171526832,12.268785744360882
-0.35813299251433084,0.6731984257692414,84.50988441594006,31.13138951097601,42.715236270743226,23.12877163522713,13.351252956015045,9.74602742791841
-0.3182455065418344,0.6731984257692414,74.13846071526491,26.604145497955724,37.45277943804755,18.978311859408805,11.690021776877932,7.69770360997725
-0.2828005365353655,0.6731984257692414,65.56544600291927,22.365913809958673,33.131384376346816,15.418142573198732,10.349489995804177,6.083408111151388
-0.2513032920204875,0.6731984257692414,58.46229686777723,18.534810309899473,29.563010342668353,12.421543761569874,9.24856001823483,4.800663387709052
-0.22331409039755062,0.6731984257692414,52.57392118646238,15.179148119582223,26.600371983941347,9.935211498064936,8.326579239087682,3.77027296677497
-0.19844221923690444,0.6731984257692414,47.68618628558879,12.314275846656463,24.131925871499426,7.8986147026198825,7.551631164742981,2.9465400926585796
-0.17634048216824733,0.6731984257692414,43.61771695290118,9.915842477498114,22.070471320092963,6.249529461707746,6.903356593415745,2.296266579389627
-0.15670035222800524,0.6731984257692414,40.21823181195265,7.937248530507314,20.345127168042037,4.926987768212558,6.362863068247159,1.7881719849070066
-0.13924766500838334,0.6731984257692414,37.36579340154532,6.323247250220237,18.89726381108269,3.8742027806138726,5.911649836329936,1.393026433321652
-0.12373879148704055,0.6731984257692414,34.96247449681504,5.018212553434386,17.678403628562588,3.040758060437219,5.533188367608817,1.0858801081559868
-0.10995723711238882,0.6731984257692414,32.929704382627506,3.970423559108721,16.64872825621096,2.383576185442095,5.213863759583787,0.8468453629530819
-0.09771061966979347,0.6731984257692414,31.20416830434891,3.133952669798765,15.775720140442052,1.8668558476643073,4.9429248604269285,0.66057919977276
-0.0868279837415025,0.6731984257692414,29.734526505062572,2.469231420193937,15.032892079146025,1.461403233490726,4.711963606698558,0.5153291961844336
-0.07715741427178036,0.6731984257692414,28.478891309332283,1.9429084279563038,14.39865829440642,1.1437169043890798,4.514340207729574,0.4020472831148974
-0.06856391592404971,0.6731984257692414,27.40290192005547,1.5273417307750474,13.855381535308261,0.8950442999101815,4.344721816886605,0.31371383848968076
-0.06092752862714207,0.6731984257692414,26.47824311369414,1.1999240395200814,13.388596309623727,0.7005156316991004,4.198755149628081,0.24485248833845888
-0.0541416530048151,0.6731984257692414,25.68148984496049,0.9423603937707565,12.9863877732813,0.5483941222613001,4.0728424649436485,0.19118013796074435
-0.04811156231253989,0.6731984257692414,24.993194162462338,0.7399692941070868,12.638899082305496,0.42944797549267905,3.963985826214543,0.14934649644288053
-0.04275308010908995,0.6731984257692414,24.397156143616577,0.5810463388663085,12.337941062973814,0.336434824862386,3.869674004780777,0.11673392621877597
-0.0379914052040221,0.6731984257692414,23.87983749752877,0.4563079794260201,12.076682104718031,0.26368420168005213,3.7877962390630895,0.09130043888195882
-0.03376006747802295,0.6731984257692414,23.42988757198178,0.3584193124740016,11.84940069022928,0.20676268926729208,3.7165738472180267,0.07145544976567317
-0.03,0.6731984257692414,23.037758897607016,0.2816017625020822,11.651286932848931,0.16220740039679651,3.654504626385136,0.05596137652535299
0.03,0.6731984257692414,17.762876853090955,0.2473375084960902,8.98237557345904,0.13959623258034382,2.820894399805945,0.04704262782620273
0.03376006747802295,0.6731984257692414,17.493703060312104,0.30958864852356,8.846079966355566,0.17453116565740068,2.778356386393862,0.05876793405043443
0.0379914052040221,0.6731984257692414,17.19939711395612,0.38671866285736245,8.697070458712407,0.217736698678803,2.7318210622915124,0.07325864880728708
0.04275308010908995,0.6731984257692414,16.87908344142309,0.4818743768702761,8.53491305611748,0.2709307125248023,2.6811356273158116,0.0910898046109271
0.04811156231253989,0.6731984257692414,16.532374233868627,0.5986414919366768,8.359424470843159,0.3360577351069046,2.626219815793571,0.11291480046810737
0.0541416530048151,0.6731984257692414,16.159586195563588,0.7409641052577463,8.170782124180604,0.41523894631680053,2.567100623627808,0.13945031727688303
0.06092752862714207,0.6731984257692414,15.762024702949548,0.9129466107829253,7.969667279357036,0.5106574290242871,2.5039597298969514,0.17143915499105208
0.06856391592404971,0.6731984257692414,15.342354319506725,1.1184633806511821,7.757449947933307,0.6243397277707158,2.437198240632533,0.20957605821360492
0.07715741427178036,0.6731984257692414,14.905079784558477,1.360467721144638,7.536426490387828,0.7577781928138718,2.367524515093166,0.2543741854765038
0.0868279837415025,0.6731984257692414,14.457167974907623,1.6398519266529712,7.310124044528523,0.9113195954415018,2.29607110941843,0.30594165280605273
0.09771061966979347,0.6731984257692414,14.008848720729901,1.953677213551271,7.083690638543204,1.0832298156739892,2.224544642584909,0.3636333293925612
0.10995723711238882,0.6731984257692414,13.57463971885863,2.292600772254024,6.864396710554879,1.2683476361167576,2.1554052495207654,0.4255549902109702
0.12373879148704055,0.6731984257692414,13.17464551313499,2.6374568723845755,6.662282700809385,1.456299104185581,2.0920588837343894,0.48794740965422073
0.13924766500838334,0.6731984257692414,12.836177663821918,2.9553524292622853,6.490995575372878,1.6294315295312405,2.039031668004726,0.5445910505954259
0.15670035222800524,0.6731984257692414,12.595726148745511,3.1965403004237083,6.36885505557229,1.7610684126479301,2.002104281221798,0.586535656115345
0.17634048216824733,0.6731984257692414,12.501276988932146,3.294903992040518,6.320157986210895,1.815522355127624,1.9884626179820477,0.6025679320376958
0.19844221923690444,0.6731984257692414,12.614927784787788,3.176796159506713,6.376642860711672,1.7524654627770655,2.007095074267607,0.5807434491209538
0.22331409039755062,0.6731984257692414,13.015731260059916,2.7836403356104356,6.578907932532157,1.5389367235546345,2.069786855088308,0.5112345802888525
0.2513032920204875,0.6731984257692414,13.802708658047433,2.110137958569405,6.977533962478351,1.1704762793174104,2.192633333561372,0.3914373291666241
0.2828005365353655,0.6731984257692414,15.097866766775054,1.250149298147294,7.633947743250938,0.6969504948634373,2.3967010510538507,0.23497440656721474
0.3182455065418344,0.6731984257692414,17.04835210882802,0.4301037508058587,8.621539568375933,0.2416976343111911,2.706146756928325,0.08201908594467283
0.35813299251433084,0.6731984257692414,19.82525172911564,0.004615375918368452,10.026681264229776,0.0026241677449589562,3.14637863727639,0.0008977682191813793
0.40301979977966995,0.6731984257692414,23.615371410192243,0.3975394792268599,11.945475833110574,0.23008217852783058,3.7471167315058036,0.07970008477739021
0.4535325211846986,0.6731984257692414,28.60422966058077,1.9935389653981743,14.471615228675718,1.1788162514829534,4.539668923799256,0.4159626152126982
0.5103762839557767,0.6731984257692414,34.951458671713354,5.012380536599451,17.68414127747387,3.0445491102833553,5.5452777897578205,1.0953099068123597
0.5743445928509872,0.6731984257692414,42.76468298344886,9.415718400812672,21.64114488634338,5.9146658844131865,6.787293938387541,2.1843040655740573
0.6463304070095649,0.6731984257692414,52.097998991930815,14.90252383090806,26.363013802045845,9.737420791630555,8.271129108560265,3.709904110048633
0.7273386051246984,0.6731984257692414,62.988712755711354,21.00741783396834,31.873558654013358,14.365043756029035,10.002591831014843,5.674174171059606
0.8185000129460304,0.6731984257692414,75.58250669437945,27.273926282554243,38.24072206606825,19.614446641882907,12.006597197486407,8.084870659756966
0.9210871889273549,0.6731984257692414,90.30968994087057,33.3837245031352,45.68419420342902,25.356105559624808,14.344883149458289,10.984659620000672
1.0365321883776653,0.6731984257692414,107.79559324402908,39.091362984615174,54.52430005492511,31.425187159311836,17.14595501492261,14.486310054542383
1.166446554092426,0.6731984257692414,129.16471170084543,44.28793204365406,65.34315652697633,37.65194496901722,20.536442556875325,18.66951984513423
1.3126438125222553,0.6731984257692414,155.58059091695344,48.84750157477087,78.67104808589265,43.627686778274494,24.720975634225322,23.64812641854534
1.4771647895120215,0.6731984257692414,188.66732873775942,52.74777557848515,95.35989188956042,48.99627584530612,29.94836671518211,29.474487499079913
1.6623060990028473,0.6731984257692414,230.14748620837656,55.9957096563229,116.31489697161845,53.47821086583277,36.54840603321062,36.098154524435756
1.8706522023821734,0.6731984257692414,282.21376728947536,58.656195627980004,142.60621389613965,57.03057912165806,44.800685848490836,43.14168965535566
2.1051114860111477,0.6731984257692414,347.7365004395702,60.81641136651298,175.67974178625562,59.786164729544865,55.10631538652906,50.00823435792891
2.368956860549917,0.6731984257692414,430.144014183998,62.55666826371026,217.301136051825,61.909404668848545,68.02079411572042,55.90061890245677
2.6658714488230206,0.6731984257692414,532.9455833600163,63.94339616469897,269.3112545767967,63.538153051064754,84.24227655588328,60.18676591079263
3.0,0.6731984257692414,660.3411729252098,65.04278742235573,333.46318179846463,64.78306929795413,104.21212650933496,62.921548979145726
-3.0,0.7230649758262224,2513.3556195581245,68.31892207275237,1266.6949036000506,68.29917634862971,389.8335734934785,68.19544045925834
-2.6658714488230206,0.7230649758262224,2025.8389188843398,68.04478355499757,1019.4435431707484,68.01309470783468,316.8390920895642,67.87217317531987
-2.368956860549917,0.7230649758262224,1633.3795716222692,67.70343245929004,822.7196345520331,67.65805953503651,255.17647889204625,67.43141673400322
-2.1051114860111477,0.7230649758262224,1321.5783405551895,67.28506665016897,665.9324009457576,67.21791388269148,206.98527653007406,66.86505088673519
-1.8706522023821734,0.7230649758262224,1072.733128905156,66.77274907844256,541.2350315780122,66.67530352156663,168.59782606439296,66.11687499309598
-1.6623060990028473,0.7230649758262224,874.4784737820374,66.15019514086777,439.66400803976694,65.98957914289015,137.27006863517116,65.07887606963013
-1.4771647895120215,0.7230649758262224,711.6967298974548,65.37110376801319,358.9607629301522,65.14358285957647,111.93797200791835,63.59722591177877
-1.3126438125222553,0.7230649758262224,579.695837017934,64.40515936151598,293.1353841526653,64.07092077327212,91.35663631314142,61.37897353699382
-1.166446554092426,0.7230649758262224,475.907794623431,63.25137815465729,239.7825800332294,62.711409101833425,74.52161531365795,57.94735687448227
-1.0365321883776653,0.7230649758262224,390.77159923254396,61.82162073985256,197.56541438647176,61.03112601051605,61.265094705300854,53.15904646885278
-0.9210871889273549,0.7230649758262224,322.71948020921917,60.101195936127105,162.88096835923656,58.874881868354315,50.8941388043446,47.453398955698304
-0.8185000129460304,0.7230649758262224,267.50726425210445,58.01600882898287,135.20647181976247,56.193183933013465,42.01846579877658,40.92296856305143
-0.7273386051246984,0.7230649758262224,223.2433596334818,55.543399897312305,112.69109677662476,52.83569424226041,35.199030744877255,34.814177714884124
-0.6463304070095649,0.7230649758262224,186.82139027647435,52.56780841481146,94.57793098809823,48.786928098474085,29.419392839250555,28.907133781963232
-0.5743445928509872,0.7230649758262224,157.69317367557605,49.14676900338314,79.66371763165635,44.00639489386399,24.919105734207086,23.877464264174
-0.5103762839557767,0.7230649758262224,134.03757209526654,45.260072824721746,67.61554480365744,38.79621883721259,21.092166291469137,19.344238248815156
-0.4535325211846986,0.7230649758262224,114.58262621968244,40.92628611017584,57.897853260159174,33.50829818963955,18.063686665235497,15.627919146566754
-0.40301979977966995,0.7230649758262224,98.71642196123744,36.31850358429533,49.92685616768825,28.377566611053393,15.620450541344677,12.580163541198369
-0.35813299251433084,0.7230649758262224,85.79822574728935,31.648531398204625,43.366554119999215,23.624974911166035,13.554620004939316,9.998993696458358
-0.3182455065418344,0.7230649758262224,75.19704365642505,27.09639719630793,37.987578013348546,19.410584178316387,11.856676075676988,7.901289522102782
-0.2828005365353655,0.7230649758262224,66.43771423245136,22.81721100798295,33.57218364741407,15.78582825821126,10.486952126635805,6.2466813835676325
-0.2513032920204875,0.7230649758262224,59.183189461549674,18.93550158366298,29.92763417120851,12.728561460191786,9.362467860027124,4.931047424335581
-0.22331409039755062,0.7230649758262224,53.17175281450863,15.525672322818465,26.902988388723024,10.187819934705674,8.421175276329544,3.873719413956022
-0.19844221923690444,0.7230649758262224,48.18384071339603,12.607727570785883,24.38391325661835,8.104013915208679,7.630344913731336,3.028097928689018
-0.17634048216824733,0.7230649758262224,44.03360632350622,10.160261340254953,22.281027961803282,6.414983234143116,6.969055675115673,2.3602871733246626
-0.15670035222800524,0.7230649758262224,40.56714458410301,8.13817471485883,20.521703029042474,5.059289693847959,6.417921631183038,1.8383072886191254
-0.13924766500838334,0.7230649758262224,37.6596238160799,6.486707709031689,19.045892108531454,3.9793949436180416,5.957994441881604,1.4322422167044953
-0.12373879148704055,0.7230649758262224,35.21082076742167,5.150093031636549,17.803970735678682,3.124029168484852,5.572364018420531,1.1165329698640718
-0.10995723711238882,0.7230649758262224,33.1403435797637,4.076122995246918,16.755196529798845,2.4492728263608003,5.247108097235911,0.8707898377438953
-0.09771061966979347,0.7230649758262224,31.383428067303274,3.21822494070775,15.86631020408776,1.9185546938051778,4.9712349338531885,0.6792712519340081
-0.0868279837415025,0.7230649758262224,29.887575504160843,2.5361436661805787,15.110229924641072,1.502009092658818,4.7361490882138435,0.5299121111567987
-0.07715741427178036,0.7230649758262224,28.609967226603896,1.9958672406162155,14.46489279650397,1.175565853002135,4.535063624072919,0.41341893462705376
-0.06856391592404971,0.7230649758262224,27.515491513094286,1.5691549553332396,13.912277846965896,0.9200009758474871,4.362528668549819,0.32257881546241596
-0.06092752862714207,0.7230649758262224,26.575225277237653,1.232877596917898,13.437610001082266,0.720059753776253,4.214096763984089,0.2517628379974887
-0.0541416530048151,0.7230649758262224,25.765249825532468,0.9682975996108243,13.02872376606286,0.5636946726418073,4.086093707010132,0.19656756171623638
-0.04811156231253989,0.7230649758262224,25.065715089422735,0.7603656162354396,12.67555862444715,0.4414252573249144,3.975459094676946,0.15354795201501395
-0.04275308010908995,0.7230649758262224,24.460092605003982,0.5970761113483012,12.369759295947341,0.34581146623775416,3.879630450845636,0.12001200460358244
-0.0379914052040221,0.7230649758262224,23.934574836836447,0.4689018227699863,12.104358210135365,0.2710265222082694,3.7964548401490896,0.09385953773759158
-0.03376006747802295,0.7230649758262224,23.477589792263213,0.3683123155356369,11.873522164558992,0.21251390987108942,3.724118783675725,0.07345455293376847
-0.03,0.7230649758262224,23.07940745417874,0.28937317372099547,11.672349198812473,0.16671409435867357,3.6610912962269695,0.05752410330621664
0.03,0.7230649758262224,17.732966495617763,0.25387297725415425,8.96723479281299,0.1432656446951825,2.816172545076783,0.048273995079391244
0.03376006747802295,0.7230649758262224,17.460864471190554,0.3177188840602265,8.82945692938393,0.1790882973771717,2.773172015639973,0.06029524485839778
0.0379914052040221,0.7230649758262224,17.163480586234375,0.3967979079447398,8.678889584332534,0.22337580452302247,2.726150278675528,0.07514613455359526
0.04275308010908995,0.7230649758262224,16.839977831327534,0.4943163394451961,8.515118412298216,0.2778775128666773,2.674960490444691,0.09341202509251323
0.04811156231253989,0.7230649758262224,16.490026831020753,0.613917639524016,8.337989875929315,0.34456791693299726,2.6195314494073125,0.11575617602846418
0.0541416530048151,0.7230649758262224,16.114028999823212,0.7595927084134166,8.147724489841805,0.4255914777515565,2.559903352892979,0.1429029805894659
0.06092752862714207,0.7230649758262224,15.713408926884957,0.9354658813372801,7.945064101757973,0.5231391171986273,2.4962765623952468,0.1755979308919239
0.06856391592404971,0.7230649758262224,15.290995430770145,1.1453786468087062,7.731462093697608,0.6392156990629412,2.4290780983499585,0.21452875317668965
0.07715741427178036,0.7230649758262224,14.85151603336311,1.3921581546362192,7.509327730801608,0.7752407395752018,2.359051735737177,0.2601845413956849
0.0868279837415025,0.7230649758262224,14.402236155040477,1.6764174413028727,7.282339189847756,0.9314054185381273,2.2873778525353106,0.31262141538830274
0.09771061966979347,0.7230649758262224,13.95378193051894,1.9947028578891173,7.0558446502213705,1.1056941499338024,2.215826932038286,0.37109937302711743
0.10995723711238882,0.7230649758262224,13.52119316505977,2.3368196482057115,6.837377870788144,1.2924857559311596,2.1469434207722147,0.433568539661135
0.12373879148704055,0.7230649758262224,13.1252579748513,2.6823150341691804,6.637323847122605,1.4807170491781285,2.084243175120172,0.49603747853835717
0.13924766500838334,0.7230649758262224,12.794178143811674,2.9965413497279743,6.469778586027473,1.6517991526873708,2.0323937480644974,0.5519765905326207
0.15670035222800524,0.7230649758262224,12.565597579356258,3.227691975509716,6.353645136122984,1.7779539375042606,1.997356149492776,0.5920825210741454
0.17634048216824733,0.7230649758262224,12.488991974239818,3.307851501858573,6.313975677375045,1.8225174716694243,1.9865464604260687,0.6048435115781561
0.19844221923690444,0.7230649758262224,12.628376285950166,3.1630182927862016,6.383482985442706,1.744933219226213,2.009251598486023,0.5782526796442715
0.22331409039755062,0.7230649758262224,13.065269145521357,2.7374951984065743,6.604016909887959,1.5137272672001867,2.0776520309737285,0.5029286288535127
0.2513032920204875,0.7230649758262224,13.901872263291507,2.033887752017851,7.027763963118347,1.1286497058590035,2.2083652286774265,0.3775667551104175
0.2828005365353655,0.7230649758262224,15.264322044450807,1.1595127502983662,7.718225021935763,0.6468748053873942,2.4231185478072255,0.21820798079384401
0.3182455065418344,0.7230649758262224,17.305165583863023,0.35788625077760305,8.751513545149745,0.20133212627077954,2.7468781463813245,0.06837624941128036
0.35813299251433084,0.7230649758262224,20.202557763927434,4.237724248439388e-05,10.21761913152798,2.4285220775183442e-05,3.2061371273098986,8.245047724864264e-06
0.40301979977966995,0.7230649758262224,24.152455106559888,0.520463415128094,12.217352873500099,0.30190658345307403,3.8322137401429375,0.10475750758961505
0.4535325211846986,0.7230649758262224,29.35194856090531,2.3045013988266185,14.850192603232886,1.3670457226529318,4.658288187509956,0.483512610110871
0.5103762839557767,0.7230649758262224,35.974461806767366,5.560195739795999,18.20197962297198,3.3920676457560157,5.707336130449051,1.224214670357191
0.5743445928509872,0.7230649758262224,44.14125043157445,10.223576262644993,22.338125606849143,6.459982543071899,7.005528298154937,2.396023233950578
0.6463304070095649,0.7230649758262224,53.91414830715826,15.954395246428707,27.282962969089507,10.505618879149374,8.559336054084133,4.025813590851427
0.7273386051246984,0.7230649758262224,65.32667000868032,22.241608235821385,33.05707721170987,15.356083002391518,10.373323002977655,6.111673028143749
0.8185000129460304,0.7230649758262224,78.50723011993695,28.59114558324615,39.72155280978969,20.796786448139695,12.470649932240304,8.655459800447773
0.9210871889273549,0.7230649758262224,93.86626205846986,34.671240009784874,47.484378336954016,26.662020782584122,14.909413469872113,11.690462660928553
1.0365321883776653,0.7230649758262224,112.0298696645887,40.258312272404346,56.66682314681484,32.76320624127336,17.817864856368093,15.3226569148214
1.166446554092426,0.7230649758262224,134.142625968242,45.28029173074471,67.86128319961182,38.91670605412763,21.326496122004293,19.62762179049796
1.3126438125222553,0.7230649758262224,161.41060190915127,49.65409232166289,81.61917401750878,44.72815772535178,25.645972565325984,24.713380594309747
1.4771647895120215,0.7230649758262224,195.51303257730243,53.38413219762844,98.81986006000724,49.880592476152906,31.033696821030517,30.6220772865261
1.6623060990028473,0.7230649758262224,238.23247552446477,56.49008836464814,120.39973500824172,54.14948516478051,37.83024003840171,37.283680598111275
1.8706522023821734,0.7230649758262224,291.83091490933435,59.03786390422932,147.4637073702028,57.526939012611706,46.32520396127556,44.29044517541294
2.1051114860111477,0.7230649758262224,359.26407175450026,61.11061725839762,181.50086286215998,60.151402318112446,56.93146423039704,51.012047343566664
2.368956860549917,0.7230649758262224,444.0596379394487,62.783799493486754,224.32776601773426,62.17973261919387,70.21989415534033,56.651717879848086
2.6658714488230206,0.7230649758262224,549.8250987376349,64.11954706903123,277.83616608332784,63.74047855995483,86.90857173242377,60.669858004230484
3.0,0.7230649758262224,680.8793355700299,65.18023228838001,343.8300325164054,64.9366886394522,107.45212662145795,63.22293150044349
-3.0,0.772931525883203,2565.1458426660583,68.34186369612016,1292.793208908435,68.3228387806324,397.86490086700877,68.22305575871707
-2.6658714488230206,0.772931525883203,2067.236983612274,68.07314512104014,1040.2758422056324,68.04259864305767,323.31005945641124,67.90745790499086
-2.368956860549917,0.772931525883203,1666.4377559573404,67.73847696790234,839.3707131890868,67.69479271754562,260.33866833912816,67.47761674394557
-2.1051114860111477,0.772931525883203,1348.0272383633855,67.32820151274214,679.2601342701429,67.26358956473429,211.12560186973403,66.92600792499098
-1.8706522023821734,0.772931525883203,1093.925331281034,66.82565741638594,551.927456458896,66.73198268441107,171.9265728369565,66.1986681504666
-1.6623060990028473,0.772931525883203,891.4981754140009,66.21479353267165,448.22307396454465,66.06019201543705,139.9405489113812,65.19221376058465
-1.4771647895120215,0.772931525883203,725.3175761317849,65.45013273570979,365.8317483920867,65.23139993555111,114.07943435603869,63.760498853418426
-1.3126438125222553,0.772931525883203,590.5818578218523,64.50178958601731,298.64050236126945,64.18067039949527,93.07153436243536,61.62416840838644
-1.166446554092426,0.772931525883203,484.6533204633638,63.36853869731881,244.19020711819556,62.84914109341362,75.89096989051772,58.31607882539106
-1.0365321883776653,0.772931525883203,397.78042181425513,61.96367745625788,201.10968792850989,61.203482665578434,62.36389061331858,53.65300447707787
-0.9210871889273549,0.772931525883203,328.35205458945177,60.272296151845644,165.7246698279969,59.09161137459115,51.78226115072197,48.020362237228724
-0.8185000129460304,0.772931525883203,272.03594613626643,58.220986381847865,137.49611160018233,56.46361852318262,42.7297563208415,41.50528171530806
-0.7273386051246984,0.772931525883203,226.89637288948956,55.786356513469606,114.53582424828998,53.16858202015959,35.77495448967175,35.366684833157166
-0.6463304070095649,0.772931525883203,189.76529498099964,52.85308233994034,96.06879917934377,49.182970498156614,29.8829044047759,29.404558952152435
-0.5743445928509872,0.772931525883203,160.07641263792664,49.47476934763223,80.8681620667328,44.454704995558494,25.295677114664446,24.311607912048288
-0.5103762839557767,0.772931525883203,135.97226739829415,45.62762669027071,68.59184365178307,39.27120482252148,21.39649970328612,19.71214654631411
-0.4535325211846986,0.772931525883203,116.15502559058483,41.325039981501384,58.69265867062914,33.98020653701191,18.31145749809942,15.93515928801485
-0.40301979977966995,0.772931525883203,99.99822492069458,36.73380003326492,50.57541369142886,28.82197319974259,15.823234079853792,12.83388453639534
-0.35813299251433084,0.772931525883203,86.84729025790365,32.06245455756043,43.897001672987116,24.0259990229499,13.720263629904265,10.205274743715107
-0.3182455065418344,0.772931525883203,76.05857477769416,27.491920886408373,38.42291805088512,19.76086699619347,11.992358279684444,8.067417812549722
-0.2828005365353655,0.772931525883203,67.14732390641431,23.181077016422353,33.93085372541151,16.08438786382042,10.598817797928353,6.379985109118474
-0.2513032920204875,0.772931525883203,59.76947356492208,19.259523322567013,30.224217531660216,12.97827134590375,9.455128604576238,5.0375498705916275
-0.22331409039755062,0.772931525883203,53.65784556115249,15.806591744974007,27.149069429112338,10.393562103148529,8.4981050890027,3.958262869494656
-0.19844221923690444,0.772931525883203,48.58841368453055,12.846120074164636,24.588785903820174,8.271507642150583,7.694348180147873,3.094791606485117
-0.17634048216824733,0.772931525883203,44.37166848673018,10.359169940264776,22.45219637854486,6.55004777582194,7.022471838636712,2.412671342999249
-0.15670035222800524,0.772931525883203,40.85074295857167,8.301932870465537,20.665238352883943,5.1673949807828,6.462684289883289,1.8793536943731082
-0.13924766500838334,0.772931525883203,37.89844248514197,6.620101450527977,19.16670662835347,4.065422603802964,5.995671400103558,1.4643659423074085
-0.12373879148704055,0.772931525883203,35.412670615106755,5.257835443118138,17.906040400964596,3.192182315007856,5.604212241531556,1.1416548488713305
-0.10995723711238882,0.772931525883203,33.3115506105947,4.162560613615119,16.84174393452244,2.503079807483063,5.274134406356875,0.8904228952804923
-0.09771061966979347,0.772931525883203,31.529137205462476,3.2871995130427027,15.939953800064714,1.9609239457145708,4.994250340002995,0.694604325328315
-0.0868279837415025,0.772931525883203,30.011987881552443,2.5909513686954035,15.173104172129976,1.535306216200203,4.755812063978339,0.5418793962197798
-0.07715741427178036,0.772931525883203,28.71652631371054,2.0392751536132003,14.518744012225495,1.2016957260581118,4.551912844348682,0.4227545651126587
-0.06856391592404971,0.772931525883203,27.607030013975127,1.603448030789302,13.958540307944496,0.9404857612231633,4.377007549155969,0.32985922864807954
-0.06092752862714207,0.772931525883203,26.654081737125537,1.2599189425570714,13.477466316692432,0.7361085891281165,4.226572092728922,0.25743992862469384
-0.0541416530048151,0.772931525883203,25.83336164571117,0.9895915716410046,13.063152842663639,0.5762636224952166,4.096870082973097,0.20099490448120558
-0.04811156231253989,0.772931525883203,25.12469301032639,0.7771177410311667,12.705373879401375,0.45126759522033677,3.9847903337904853,0.15700166926697975
-0.04275308010908995,0.772931525883203,24.51128053774442,0.6102468296844815,12.395639205395792,0.3535190863153076,3.887728721934215,0.12270738673976278
-0.0379914052040221,0.772931525883203,23.979098056119092,0.47925291523984326,12.126870813952134,0.27706358387082025,3.8034980485432643,0.0959642441435476
-0.03376006747802295,0.772931525883203,23.516393852768523,0.3764459669991107,11.893144791912254,0.21724388799635588,3.73025656987023,0.07509905012805079
-0.03,0.772931525883203,23.11328969437106,0.29576422521000184,11.689484400055957,0.17042135177502493,3.6664499242642843,0.05880987880506414
0.03,0.772931525883203,17.708587778506736,0.2592696983233565,8.954894822688612,0.1462950077344635,2.812324304152495,0.04929039466285281
0.03376006747802295,0.772931525883203,17.434094591814628,0.32443411444612363,8.815906690788642,0.1828513646126679,2.768946179478875,0.061556171922894254
0.0379914052040221,0.772931525883203,17.13419581401737,0.4051251632222165,8.664066634767781,0.2280334569471974,2.72152712225475,0.0767047602676501
0.04275308010908995,0.772931525883203,16.808085377322886,0.5045986627176267,8.49897608393528,0.28361682458383924,2.6699250705127047,0.09533011132967217
0.04811156231253989,0.772931525883203,16.45548092968001,0.6265463179884536,8.320505454475665,0.35160097974580273,2.614076119248243,0.11810370910949292
0.0541416530048151,0.772931525883203,16.076852198857576,0.7749983541472101,8.128910030183786,0.43414994419147074,2.554031113344803,0.1457564193526121
0.06092752862714207,0.772931525883203,15.673720076494774,0.954096350309185,7.924980624148428,0.5334614973421595,2.4900055062549082,0.1790360811496735
0.06856391592404971,0.772931525883203,15.249046278647455,1.167655431635077,7.7102381052462725,0.6515229869931958,2.4224472834784527,0.21862475863817002
0.07715741427178036,0.772931525883203,14.807738867636147,1.4183991938946365,7.48718327681624,0.7896940822280454,2.3521289171745385,0.26499179149355306
0.0868279837415025,0.772931525883203,14.357305631838143,1.7067102126237983,7.259616981687,0.9480375328932094,2.2802696079840543,0.3181504155604556
0.09771061966979347,0.772931525883203,13.908695125277836,2.0287089192112537,7.0330502767044205,1.1243049397480154,2.2086918083716687,0.3772822006291034
0.10995723711238882,0.772931525883203,13.477373058295216,2.373495048931313,6.815231731090186,1.3124943529910964,2.140008782821044,0.4402084410084393
0.12373879148704055,0.772931525883203,13.084687099123101,2.7195501513179496,6.616828311727404,1.5009722004815949,2.077826446299142,0.5027454620744559
0.13924766500838334,0.772931525883203,12.759571082610737,3.030776416849003,6.452305065874748,1.6703763988618527,2.0269288130899823,0.558107356415992
0.15670035222800524,0.772931525883203,12.540623615943906,3.2536738400764618,6.341047251496312,1.792023719673565,1.9934262621332897,0.5967003813384322
0.17634048216824733,0.772931525883203,12.478562924287653,3.3188708508043185,6.308736547720636,1.8284599556475907,1.9849268600007057,0.6067714728281538
0.19844221923690444,0.772931525883203,12.639020643056906,3.1521427222839282,6.388906902771017,1.7389762916288634,2.0109686519807948,0.5762746781535553
0.22331409039755062,0.772931525883203,13.10562478101708,2.700290440919618,6.624479273993843,1.4933893890493564,2.0840687811911063,0.4962189993602112
0.2513032920204875,0.772931525883203,13.983350206188844,1.9726048923805592,7.0690418695126125,1.0950104834328815,2.2212984217929956,0.36640218074507636
0.2828005365353655,0.772931525883203,15.402025838065729,1.0876836268193089,7.787951368789067,0.6071502565410443,2.444977017503875,0.20489651870275072
0.3182455065418344,0.772931525883203,17.519186048574305,0.3033607015886618,8.859832742765787,0.17081010376208994,2.7808238503659357,0.058048595601059474
0.35813299251433084,0.772931525883203,20.51977535841089,0.004649936478913118,10.378141631036318,0.0026544399649282204,3.2563729985184993,0.0009087107866326021
0.40301979977966995,0.772931525883203,24.608951709904286,0.6357066723562503,12.448422780662769,0.3694627307181627,3.9045254649976693,0.1283805910963369
0.4535325211846986,0.772931525883203,29.996053503285033,2.5839111807632955,15.176305391941211,1.537008313706702,4.7604493788001765,0.5447161930842789
0.5103762839557767,0.772931525883203,36.869975526173995,6.049164648267686,18.655262154293208,3.7044852514701665,5.849132347122711,1.3406566637083692
0.5743445928509872,0.772931525883203,45.36842696085921,10.946540874020503,22.959460249470094,6.953096802042689,7.199994334058387,2.5888329064473377
0.6463304070095649,0.772931525883203,55.56410060547575,16.9002250843929,28.118911249102517,11.206706960001876,8.821108582426335,4.317086602687105
0.7273386051246984,0.772931525883203,67.48823489379969,23.354831787801047,34.15137423460569,16.267655094780086,10.71590189691524,6.519905774786049
0.8185000129460304,0.772931525883203,81.24805238949274,29.77800978820371,41.10957650508609,21.888169974988436,12.90533353341308,9.192690939460283
0.9210871889273549,0.772931525883203,97.22302271899159,35.824246761065154,49.18379581936403,27.862630137702023,15.442094404459077,12.356979242413253
1.0365321883776653,0.772931525883203,116.02912327900538,41.293459897357735,58.69079556106734,33.9791087109554,18.45195283482685,16.10916665281135
1.166446554092426,0.772931525883203,138.81859112749262,46.150425162550235,70.22677877739257,40.04472378135368,22.06817025617128,20.51993335296961
1.3126438125222553,0.772931525883203,166.8348517869034,50.35299867079082,84.3623819149878,45.68860153176785,26.506171175315387,25.691304420546864
1.4771647895120215,0.772931525883203,201.806314699264,53.929180800118885,102.00087809988426,50.636902423928305,32.03106921385411,31.656811465983097
1.6623060990028473,0.772931525883203,245.5709565401733,56.908948632182124,124.10729769170409,54.71473272980222,38.99306345558531,38.33014813790185
1.8706522023821734,0.772931525883203,300.4523387958974,59.35800593223584,151.81785311920643,57.94028891240403,47.69118154828414,45.27977466156386
2.1051114860111477,0.772931525883203,369.47975534694774,61.35516456416317,186.65887595868017,60.45301026702296,58.54843493180262,51.851232978431256
2.368956860549917,0.772931525883203,456.26541158910834,62.97107986468704,230.49010652853303,62.40142923440227,72.14850076594655,57.259611754498046
2.6658714488230206,0.772931525883203,564.499437590056,64.26378533094226,285.2459721106683,63.90543506681844,89.22617323076453,61.05329790876393
3.0,0.772931525883203,698.6010651767651,65.29211973559514,352.7740411245247,65.06132307398939,110.24769475304312,63.46158303598768
-3.0,0.8227980759401841,2605.400978064875,68.35905973044916,1313.0783902618289,68.34056598301227,404.1072942109251,68.24368921247017
-2.6658714488230206,0.8227980759401841,2099.407105740939,68.0944034297741,1056.4649848347406,68.06470004559188,328.33800674224614,67.933796622796
-2.368956860549917,0.8227980759401841,1692.1181967643854,67.76474192798909,852.3062393975233,67.72230299148967,264.3485490756606,67.51206019763039
-2.1051114860111477,0.8227980759401841,1368.5628910483138,67.3605226305889,689.608793948259,67.29778353442202,214.34010056770535,66.97137150180357
-1.8706522023821734,0.8227980759401841,1110.368372402983,66.86528774251505,560.2242395356069,66.77438954281403,174.5091782591727,66.25938707176513
-1.6623060990028473,0.8227980759401841,904.6922282678255,66.263155634772,454.85940405820116,66.11298753295392,142.01080015168753,65.27607312019896
-1.4771647895120215,0.8227980759401841,735.8669495058343,65.50926702324327,371.15406548929445,65.29699987109751,115.73807832203542,63.88082301936923
-1.3126438125222553,0.8227980759401841,599.004708338253,64.57405410891187,302.9003613972088,64.26257265273638,94.3984821623334,61.804311679827535
-1.166446554092426,0.8227980759401841,491.41172516217335,63.456094549252015,247.59714068771316,62.95181973368355,76.94950282212527,58.587883725533494
-1.0365321883776653,0.8227980759401841,403.19010231776724,62.06977061048867,203.84574153332352,61.33182751255944,63.21228234233324,54.02108582263746
-0.9210871889273549,0.8227980759401841,332.6938098806095,60.40000199859359,167.9172060102408,59.25286059629326,52.467003460045085,48.447062890710654
-0.8185000129460304,0.8227980759401841,275.5221874926595,58.37390750592979,139.259085225701,56.66474749737936,43.277551136011766,41.94667466654773
-0.7273386051246984,0.8227980759401841,229.70468352467168,55.96756547036674,115.95442256312778,53.41635359725938,36.21786144274711,35.787032388796554
-0.6463304070095649,0.8227980759401841,192.025795729943,53.065916720328424,97.21376087473142,49.4784247353541,30.23897095363325,29.78394677224333
-0.5743445928509872,0.8227980759401841,161.90414401245235,49.71966439183288,81.79213975966798,44.790484579133725,25.58457452520477,24.643106009031378
-0.5103762839557767,0.8227980759401841,137.4543290019691,45.9024559248338,69.34002931207888,39.628561993070875,21.629769632293232,19.993354878775527
-0.4535325211846986,0.8227980759401841,117.35845493977261,41.62388636607219,59.30113524207231,34.336646146110695,18.501184623228387,16.17010437439333
-0.40301979977966995,0.8227980759401841,100.9784752982283,37.04592821743147,51.07150868614461,29.158720439128068,15.978364055843235,13.027943940361096
-0.35813299251433084,0.8227980759401841,87.64899920547197,32.3744808103075,44.30249578881596,24.33065357624833,13.846909313673459,10.363119598348312
-0.3182455065418344,0.8227980759401841,76.71661228163624,27.790942337420983,38.75554588996434,20.027507869854063,12.096054795906994,8.194599184903646
-0.2828005365353655,0.8227980759401841,67.68913366156919,23.4569034447145,34.20479681620195,16.312017574712463,10.684277092285926,6.482073511660171
-0.2513032920204875,0.8227980759401841,60.21704061343861,19.50573623485763,30.450682455290387,13.168910521913023,9.525893211118628,5.119142215664325
-0.22331409039755062,0.8227980759401841,54.02891009211123,16.020502477772023,27.336950073306323,10.550822082652514,8.556848266739962,4.023064614973668
-0.19844221923690444,0.8227980759401841,48.897265488155774,13.027981466483414,24.745207147743876,8.399675511453204,7.74322346940979,3.145944582779129
-0.17634048216824733,0.8227980759401841,44.629779373199085,10.511155040624416,22.582901134817018,6.653510767631858,7.063269542236142,2.4528779801924996
-0.15670035222800524,0.8227980759401841,41.067312929935824,8.427239062677021,20.774865658022097,5.2502908777616675,6.496880559630296,1.9108810940210943
-0.13924766500838334,0.8227980759401841,38.0808622541789,6.722305126075358,19.25900563454421,4.131453256072001,6.024461896944678,1.4890573043545403
-0.12373879148704055,0.8227980759401841,35.56689803615228,5.340483119368207,17.984043229606215,3.2445415458322344,5.6285553860331135,1.1609774835747166
-0.10995723711238882,0.8227980759401841,33.44240863227478,4.228937838598191,16.907906978839517,2.544453500592504,5.294797957238534,0.9055337341255376
-0.09771061966979347,0.8227980759401841,31.640546802921254,3.3402198105720977,15.996272394214868,1.9935296385031562,5.011852778729207,0.7064132303558402
-0.0868279837415025,0.8227980759401841,30.1071498761599,2.6331209462168457,15.221204622256971,1.5609501865634132,4.7708555224914875,0.5511019134949063
-0.07715741427178036,0.8227980759401841,28.798063866164433,2.0727024175643125,14.559956858594859,1.2218344044084237,4.5648080547437635,0.4299534186537577
-0.06856391592404971,0.8227980759401841,27.677100951393275,1.6298772278107396,13.993958417115193,0.9562843999319077,4.388092575071959,0.33547658547960874
-0.06092752862714207,0.8227980759401841,26.714467608218573,1.2807746123986543,13.507990922453653,0.7484938777261901,4.236126565439273,0.26182267712185564
-0.0541416530048151,0.8227980759401841,25.885538671308375,1.006025631191449,13.089530099083678,0.5859690829138037,4.105126235131585,0.20441466243233136
-0.04811156231253989,0.8227980759401841,25.169888836783063,0.7900545088009711,12.72822396631785,0.45887174509566936,3.9919417093935614,0.15967071552922676
-0.04275308010908995,0.8227980759401841,24.550519785855844,0.6204235963723981,12.415479583719817,0.3594769328540514,3.8939371463992605,0.12479135804385494
-0.0379914052040221,0.8227980759401841,24.0132389846499,0.4872551118953694,12.144134873351607,0.2817322561412261,3.8088992562489206,0.0975922268141365
-0.03376006747802295,0.8227980759401841,23.546157950363583,0.3827368400748756,11.908196856957256,0.22090327803095489,3.7349647722686057,0.07637156614531893
-0.03,0.8227980759401841,23.139285627684025,0.30070939403102115,11.702631847867577,0.173290599766271,3.6705615301453953,0.05980517560683774
0.03,0.8227980759401841,17.689766216656142,0.2634793327813292,8.94536857086774,0.1486574920681509,2.809353698018352,0.05008290992919724
0.03376006747802295,0.8227980759401841,17.413415583816775,0.3296754475908541,8.805440458753736,0.18578777916495637,2.765682367685863,0.0625399114332557
0.0379914052040221,0.8227980759401841,17.111559457134188,0.41162932650573913,8.65261003025335,0.2316704438870122,2.7179542118541464,0.07792156046988216
0.04275308010908995,0.8227980759401841,16.783414365921974,0.5126365204331599,8.48649024884597,0.28810204377705123,2.6660306611642874,0.09682869721425821
0.04811156231253989,0.8227980759401841,16.428732639544446,0.6364279402932453,8.306969215570165,0.3571024440324133,2.609853191775554,0.1199394912070439
0.0541416530048151,0.8227980759401841,16.048034724063438,0.7870667027261397,8.114328052943197,0.44085210332439184,2.549480552011509,0.1479902405857879
0.06092752862714207,0.8227980759401841,15.642913367145605,0.9687109005622823,7.909394143103004,0.5415557751067096,2.485139452471451,0.18173115007369786
0.06856391592404971,0.8227980759401841,15.216429858530436,1.1851592238342201,7.693738963908184,0.6611893283151481,2.4172935811822356,0.22184059556461272
0.07715741427178036,0.8227980759401841,14.773628045955753,1.439059878109689,7.469932220238024,0.8010685900484378,2.3467369883930305,0.26877346672066144
0.0868279837415025,0.8227980759401841,14.322198701598417,1.7306223729562897,7.241867426617837,0.9611596610529911,2.2747181872458326,0.32251074837230637
0.09771061966979347,0.8227980759401841,13.873334817744205,2.055642672664231,7.0151791737678915,1.139036645040298,2.2030990541797766,0.382174216863003
0.10995723711238882,0.8227980759401841,13.442826575511353,2.4026781728059503,6.797779685979782,1.3284048652293023,2.1345453532267067,0.44548605154022786
0.12373879148704055,0.8227980759401841,13.052450483745883,2.749385572391684,6.60055193038764,1.5171894728491049,2.072732168257399,0.508113618071953
0.13924766500838334,0.8227980759401841,12.731705670503636,3.0585377872464097,6.438245641602331,1.6854268537437023,2.0225336760314514,0.5630711376327375
0.15670035222800524,0.8227980759401841,12.519935140392432,3.275307472048886,6.330621545902003,1.803725365091122,1.9901769491262478,0.6005369893291018
0.17634048216824733,0.8227980759401841,12.46883810982163,3.329169223272022,6.303857668322975,1.8340058501563914,1.9834215776055535,0.6085671071728699
0.19844221923690444,0.8227980759401841,12.645343234973026,3.145695101287038,6.392146398034709,1.735425108820535,2.0120062680406594,0.5750815946092982
0.22331409039755062,0.8227980759401841,13.134805889333293,2.6736027508975027,6.639286460716268,1.4787871198783529,2.0887220076121285,0.4913906593409453
0.2513032920204875,0.8227980759401841,14.044531733114795,1.9273887196848938,7.100046138737753,1.070173221232375,2.231019491256414,0.35815043857059403
0.2828005365353655,0.8227980759401841,15.507555650572913,1.0345296120268328,7.841394878785405,0.5777277826608264,2.461733888312669,0.19502990315923224
0.3182455065418344,0.8227980759401841,17.685915165324523,0.26434529804946344,8.944221626576283,0.1489433363560588,2.8072710888470036,0.05064264253880912
0.35813299251433084,0.8227980759401841,20.770965752138366,0.01356244773843844,10.505244345177951,0.007748410289750038,3.296146643304582,0.0026554383351064074
0.40301979977966995,0.8227980759401841,24.976982646444245,0.7354405804382977,12.634696978764458,0.42808388607552184,3.9628044911224034,0.1489167316567204
0.4535325211846986,0.8227980759401841,30.526072291278272,2.82124763710189,15.444648903351803,1.6819785746598155,4.844491129112649,0.5970659993582142
0.5103762839557767,0.8227980759401841,37.62418523037274,6.466953697570387,19.036991507720625,3.9730754615179418,5.968479010212563,1.441159797891578
0.5743445928509872,0.8227980759401841,46.42849571119727,11.572068868513941,23.49616882785052,7.383690015277411,7.36788293326717,2.758225224489681
0.6463304070095649,0.8227980759401841,57.02650712574241,17.729586496064336,28.860034420902597,11.829808426027252,9.053056851595038,4.578333188589063
0.7273386051246984,0.8227980759401841,69.45029881562498,24.341399423082052,35.144749632447066,17.09015191649989,11.026663535340793,6.89313165668624
0.8185000129460304,0.8227980759401841,83.78355605872888,30.835522693932873,42.39396628372064,22.88249578478608,13.307249436889405,9.691338246698272
0.9210871889273549,0.8227980759401841,100.36361534127539,36.85069595850395,50.77421335913051,28.957250193486352,15.94033453101048,12.980374803029521
1.0365321883776653,0.8227980759401841,119.78330998153776,42.20985302393419,60.59121700476878,35.07855069098876,19.046614887137373,16.843853554490465
1.166446554092426,0.8227980759401841,143.18726424557727,46.913505529103354,72.43702992456875,41.04785296460503,22.76061277389949,21.34635261050819
1.3126438125222553,0.8227980759401841,171.8492828731198,50.95884681368821,86.89873431829348,46.52533383801264,27.30092963527721,26.583587570792805
1.4771647895120215,0.8227980759401841,207.54026237053378,54.39550758315299,104.89957695445601,51.28255621722355,32.93939585652464,32.58236483288513
1.6623060990028473,0.8227980759401841,252.1491180486331,57.26243269549067,127.43070156740286,55.18904824279221,40.03467045842685,39.24402321394196
1.8706522023821734,0.8227980759401841,308.0534168415107,59.624512275597866,155.65627686047895,58.28224166256116,48.89469238159454,46.12039232734675
2.1051114860111477,0.8227980759401841,378.3441139369082,61.5560878020057,191.13389892304676,60.699449736411,59.95097601887871,52.54208556860216
2.368956860549917,0.8227980759401841,466.70274857273847,63.12309612709395,235.75857199160976,62.58057127312284,73.79736391082675,57.74419881767212
2.6658714488230206,0.8227980759401841,576.8860634048426,64.37960291605678,291.4989458450576,64.03741116865166,91.18204644810832,61.35318819295652
3.0,0.8227980759401841,713.3944063632389,65.38112376649,360.2386689069396,65.16019132324674,112.58118581597219,63.64724373553768
-3.0,0.8726646259971651,2633.7365366828867,68.3708458565338,1327.3567766691128,68.35271152074844,408.5011650463835,68.25779873554983
-2.6658714488230206,0.8726646259971651,2122.0425978485637,68.10897043657606,1067.8567146251473,68.07983889254305,331.8750387001004,67.95178935855247
-2.368956860549917,0.8726646259971651,1710.1765558796253,67.78273227379023,861.4032160757405,67.74113730695973,267.16800593448573,67.53556188921519
-2.1051114860111477,0.8726646259971651,1382.9903290394034,67.38264597448261,696.8802016941387,67.3211753265354,216.59829015066964,67.0022686702187
-1.8706522023821734,0.8726646259971651,1121.9065197427346,66.89238818486461,566.04686546066,66.80336734813552,176.32121331459024,66.30063998045223
-1.6623060990028473,0.8726646259971651,913.9360257043764,66.29618496506887,459.5103916699265,66.14901792763249,143.4612990297548,65.33286724617074
-1.4771647895120215,0.8726646259971651,743.2455925315046,65.54959899154099,374.87769003237884,65.34169494949438,116.8983230057855,63.9620021114006
-1.3126438125222553,0.8726646259971651,604.8855329039134,64.62327120962179,305.8751151314762,64.31827491077311,95.32507664672922,61.92543891869455
-1.166446554092426,0.8726646259971651,496.1201191830601,63.51561995867291,249.97171750225385,63.02152310810131,77.6873849993479,58.77082596573155
-1.0365321883776653,0.8726646259971651,406.95069706108603,62.141774916629686,205.74834147917866,61.41876663931032,63.802454701324216,54.270438941450706
-0.9210871889273549,0.8726646259971651,335.7050537752017,60.486520781504964,169.43855544235097,59.36188429643113,52.94211657759627,48.73783779142598
-0.8185000129460304,0.8726646259971651,277.9344957336069,58.47733689226964,140.47948275288613,56.80050812590707,43.656912275300634,42.248747863822445
-0.7273386051246984,0.8726646259971651,231.64328071646912,56.089937097300655,116.93427205913629,53.583473284563254,36.52381402755348,36.0750837474094
-0.6463304070095649,0.8726646259971651,193.58310006938862,53.20951068986936,98.00279721776663,49.67776194071418,30.484480319912503,30.044144472763847
-0.5743445928509872,0.8726646259971651,163.16066864130462,49.88477946779365,82.42772111129743,45.0174379094938,25.783319956770182,24.870358426385845
-0.5103762839557767,0.8726646259971651,138.4713007745968,46.087750737012804,69.85381955892072,39.870658857699894,21.790018849159555,20.186129373656474
-0.4535325211846986,0.8726646259971651,118.18304392266906,41.8255486277107,59.71829525183517,34.578597528456825,18.631313969595457,16.3310793825022
-0.40301979977966995,0.8726646259971651,101.649345285117,37.25685246101267,51.41118110211829,29.387688678987082,16.084602707221254,13.160817187771475
-0.35813299251433084,0.8726646259971651,88.19713278478513,32.58568767808724,44.579891860785615,24.53810516974391,13.933575378817945,10.471194667903298
-0.3182455065418344,0.8726646259971651,77.1662068332531,27.993712062236472,38.98296069925099,20.209299115042423,12.166986393178165,8.281698306144664
-0.2828005365353655,0.8726646259971651,68.05920062348149,23.64429798650166,34.392019888839336,16.46737740468824,10.742708511469404,6.551996453233725
-0.2513032920204875,0.8726646259971651,60.52274487952233,19.673329465477543,30.60543738786099,13.299158078926549,9.574264484384111,5.175039769792573
-0.22331409039755062,0.8726646259971651,54.282431430960074,16.16637713712276,27.465356894877186,10.658382547742576,8.59700672744989,4.067484484575448
-0.19844221923690444,0.8726646259971651,49.108380225206105,13.152219649869444,24.852155936809986,8.487443443304704,7.776651791576917,3.1810401636158847
-0.17634048216824733,0.8726646259971651,44.80631846332302,10.615159152345296,22.672321528677426,6.724452785055623,7.091192645511932,2.4804935253305618
-0.15670035222800524,0.8726646259971651,41.21554786222889,8.513126938552796,20.84992344236787,5.307207483862456,6.520304111748249,1.9325605034818754
-0.13924766500838334,0.8726646259971651,38.205826293765796,6.792469572372354,19.322254318929645,4.176852738838269,6.044199114744418,1.5060557951341809
-0.12373879148704055,0.8726646259971651,35.672645530552685,5.397310423584779,18.037545446331738,3.280591033836739,5.645258075246362,1.1742953468144386
-0.10995723711238882,0.8726646259971651,33.5322196144771,4.274647253455963,16.953332654131994,2.5729783949586786,5.308988493739911,0.9159607144803417
-0.09771061966979347,0.8726646259971651,31.71708674628068,3.37678524709995,16.034977717195694,2.0160395994638116,5.023952143291514,0.714571194512058
-0.0868279837415025,0.8726646259971651,30.17259425632808,2.662244759842786,15.254295045098534,1.5786770244881354,4.7812055751896105,0.5574804737609884
-0.07715741427178036,0.8726646259971651,28.85419562609168,2.0958201353174877,14.588337059098693,1.2357730682809018,4.573688460815245,0.43493804078788695
-0.06856391592404971,0.8726646259971651,27.725387176115376,1.6481790704721435,14.01837182191104,0.9672322915023073,4.3957335538571085,0.3393704964754059
-0.06092752862714207,0.8726646259971651,26.75612017899655,1.2952346989089074,13.529050981674308,0.7570862223693209,4.242718597853842,0.2648640509784686
-0.0541416530048151,0.8726646259971651,25.921562485960308,1.0174332522519793,13.107745087573804,0.59270953156295,4.110827588461228,0.2067902311185151
-0.04811156231253989,0.8726646259971651,25.201120309879926,0.7990442308619249,12.744016713991456,0.4641581654957948,3.996884370693891,0.16152661174355648
-0.04275308010908995,0.8726646259971651,24.577657702704048,0.6275025195587096,12.429203229027722,0.3636227434718366,3.898231562790926,0.12624176172589965
-0.0379914052040221,0.8726646259971651,24.03686931020769,0.49282659213551727,12.156085488910579,0.2849838284562807,3.8126381558498355,0.09872624379285486
-0.03376006747802295,0.8726646259971651,23.566773839781998,0.3871205749760056,11.91862360631621,0.2234539807025235,3.738226261659391,0.0772586779647063
-0.03,0.8726646259971651,23.157303615536335,0.3041580962975116,11.711745186208548,0.1752920388728661,3.673411614655894,0.06049953779146343
0.03,0.8726646259971651,17.676522108449728,0.26646408261572296,8.938666301686336,0.15033212800032814,2.8072639217217534,0.05064457468588113
0.03376006747802295,0.8726646259971651,17.398845341176035,0.3333967890164016,8.798067277849588,0.1878720467435471,2.7633833933471834,0.0632380153777234
0.0379914052040221,0.8726646259971651,17.095585396621754,0.41625468331624754,8.644526780538076,0.23425605528268056,2.715433724045659,0.07878638619739955
0.04275308010908995,0.8726646259971651,16.765972510725806,0.518363354271132,8.477664790352174,0.2912966231072075,2.6632784614354876,0.09789573943521511
0.04811156231253989,0.8726646259971651,16.409780647212553,0.6434842379617622,8.29738046743482,0.361029517506585,2.6068624356804637,0.1212494645337951
0.0541416530048151,0.8726646259971651,16.0275624671777,0.7957077069207863,8.10397138272696,0.44564896641197277,2.546249410233855,0.1495884045836152
0.06092752862714207,0.8726646259971651,15.620956959942024,0.9792091539575318,7.898288500047048,0.5473676605468122,2.4816733323482043,0.18366542900679558
0.06856391592404971,0.8726646259971651,15.193090165162921,1.1977834056287353,7.681936269610025,0.6681574794785847,2.4136080912572333,0.22415767788121
0.07715741427178036,0.8726646259971651,14.74909503538784,1.4540357747681467,7.457529687577359,0.8093087649007923,2.34286188946585,0.2715116685999878
0.0868279837415025,0.8726646259971651,14.29678346919286,1.7480668237128925,7.229023695838466,0.9707263602844879,2.270702648750458,0.32568795557266167
0.09771061966979347,0.8726646259971651,13.847511734387588,2.075459308682404,7.002135467674222,1.1498674102531259,2.199018619318275,0.3857688725164189
0.10995723711238882,0.8726646259971651,13.417288942849735,2.4244045910471614,6.784887652194952,1.3402395050956326,2.130511098424809,0.4494094733129926
0.12373879148704055,0.8726646259971651,13.028184408239861,2.7719905953898243,6.588310553090854,1.5294636668442336,2.0689026158408628,0.5121740344702748
0.13924766500838334,0.8726646259971651,12.710088838077247,3.080194607112668,6.427350717209534,1.6971531790593803,2.0191301320390638,0.5669354302414498
0.15670035222800524,0.8726646259971651,12.50287014739908,3.293227518688405,6.322032940945803,1.8134045619251182,1.9875033149972177,0.6037064445001767
0.17634048216824733,0.8726646259971651,12.458934695039867,3.339679700348149,6.298892195598495,1.8396621034559906,1.9818908889793412,0.6103967654431192
0.19844221923690444,0.8726646259971651,12.64617167696374,3.1448509558976854,6.3926080492918045,1.7349194448478429,2.0121790541421514,0.5748830822529589
0.22331409039755062,0.8726646259971651,13.1512582279671,2.6586353772469487,6.64765174259042,1.4705800325942024,2.0913659244444815,0.48866114284684187
0.2513032920204875,0.8726646259971651,14.083354359542085,1.8990497092412169,7.119732906011662,1.0545918188985492,2.23720193896426,0.3529644012599798
0.2828005365353655,0.8726646259971651,15.578163713526006,0.9998679838267872,7.877165362640666,0.5585247778472153,2.4729537362215983,0.1885852645361792
0.3182455065418344,0.8726646259971651,17.801666174768393,0.23900217118795233,9.002815784220381,0.13472523587826254,2.825636035367277,0.04582353400331019
0.35813299251433084,0.8726646259971651,20.951134153082542,0.022732050300039903,10.59640130128638,0.012995499979975803,3.324668578390256,0.0044564451684757445
0.40301979977966995,0.8726646259971651,25.249709835233116,0.8131113076097038,12.772714212303992,0.473828529310109,4.0059691630522165,0.16496158087869417
0.4535325211846986,0.8726646259971651,30.932573581212797,3.007531087833838,15.650445292305553,1.7961398412926073,4.908917947070066,0.6383744895722919
0.5103762839557767,0.8726646259971651,38.224117648178286,6.8027498833731315,19.340596219282858,4.190041221580826,6.063324183301933,1.5225820103960193
0.5743445928509872,0.8726646259971651,47.30404684948374,12.088821881562595,23.939425036603737,7.742185093704924,7.506435961178994,2.8999486612490504
0.6463304070095649,0.8726646259971651,58.27940061231914,18.43276108314744,29.495185783033005,12.364437124802588,9.251693700035421,4.80424219789209
0.7273386051246984,0.8726646259971651,71.188089184548,25.195815518871875,36.02465456639832,17.81404357515129,11.301683457210057,7.225490313235616
0.8185000129460304,0.8726646259971651,86.09031240642666,31.76442204623484,43.56286485514888,23.773714603662377,13.672683938528825,10.146001905947818
0.9210871889273549,0.8726646259971651,103.27095631477528,37.757805360777006,52.24702420830851,29.945560909915535,16.401430690501563,13.556912490174668
1.0365321883776653,0.8726646259971651,123.28468069424969,43.01933034593227,62.36425544595845,36.06780670528684,19.60062242054541,17.525413040396174
1.166446554092426,0.8726646259971651,147.24967045667293,47.58315622138388,74.4926668067112,41.93823349900276,23.403993542700086,22.108134234983915
1.3126438125222553,0.8726646259971651,176.4604344469292,51.484620643178374,89.2316835635548,47.253932541567565,28.03130059177022,27.393807121912808
1.4771647895120215,0.8726646259971651,212.722500231572,54.7941600789375,107.51997506888034,51.833128660573465,33.75990845527574,33.40450672380808
1.6623060990028473,0.8726646259971651,257.9713313275937,57.559336869190695,130.37229183881973,55.58541730460587,40.95575247866086,40.03360999721672
1.8706522023821734,0.8726646259971651,314.6312890728701,59.84413552706342,158.97763587653506,58.56254149416843,49.93527320587727,46.823972947736515
2.1051114860111477,0.8726646259971651,385.8433097356057,61.718476118973,194.91901202086626,60.8977093717093,61.13690185679431,53.100129794600605
2.368956860549917,0.8726646259971651,475.34308917839974,63.24365800677079,240.11876829805504,62.722115794219306,75.16199113542851,58.12224971105338
2.6658714488230206,0.8726646259971651,586.9377745189324,64.46985724505923,296.57123088303365,64.13994621708927,92.7687491630065,61.58191687322135
3.0,0.8726646259971651,725.1892149010887,65.44940227591349,366.1885046223386,65.23586186346544,114.44156044350443,63.7872113933405
-3.0,0.9225311760541457,2649.880320998342,68.3774470851585,1335.491303668047,68.35951218513017,411.0043542391398,68.26568939721422
-2.6658714488230206,0.9225311760541457,2134.9259636556217,68.1171219820587,1074.3416691693578,68.08830949851802,333.88721754553575,67.96183473946388
-2.368956860549917,0.9225311760541457,1720.4392546270494,67.79278565054051,866.5742954361467,67.7516609695073,268.76998430559945,67.5486612877065
-2.1051114860111477,0.9225311760541457,1391.170827272573,67.39498274735568,701.0045262092792,67.33421792898694,217.87850124166835,67.01944236898642
-1.8706522023821734,0.9225311760541457,1128.4288156902078,66.90745718062847,569.3394128166195,66.81947692316936,177.3452882965478,66.32348117606652
-1.6623060990028473,0.9225311760541457,919.140693471182,66.31448209700352,462.1313973778389,66.16898130119932,144.2781323457403,65.36416815773325
-1.4771647895120215,0.9225311760541457,747.3826622080478,65.57185311610291,376.96692944782285,65.3663534029957,117.54905684105063,64.00650094199237
-1.3126438125222553,0.9225311760541457,608.1680397454976,64.65031337910807,307.53632643017727,64.34886418685242,95.84247023739377,61.99147406846912
-1.166446554092426,0.9225311760541457,498.7336287524378,63.5481544866207,251.29134901021058,63.05961929353926,78.0976069540542,58.87028357570351
-1.0365321883776653,0.9225311760541457,409.0266069301693,62.18092618324552,206.79950426376962,61.46601223861157,64.1288396351063,54.40601507046033
-0.9210871889273549,0.9225311760541457,337.3575438172428,60.53330565537095,170.2744726004648,59.420819876956145,53.20315553950216,48.895761061371694
-0.8185000129460304,0.9225311760541457,279.2505154892834,58.532962091037405,141.14601000566427,56.873490693383644,43.864334926253,42.412666580726594
-0.7273386051246984,0.9225311760541457,232.69446324234107,56.15538724579384,117.46643981122314,53.672896314717,36.690025504661484,36.23077490743982
-0.6463304070095649,0.9225311760541457,194.4232473714612,53.28597535329979,98.42884024345446,49.78397495449295,30.617236939754587,30.184368266367922
-0.5743445928509872,0.9225311760541457,163.83495550921933,49.972318269771975,82.76933250101806,45.13808481469284,25.89017180871028,24.992264843145282
-0.5103762839557767,0.9225311760541457,139.01446621973736,46.18564006481158,70.12881592935184,39.99913895926336,21.875876886094733,20.289275393722168
-0.4535325211846986,0.9225311760541457,118.62191375660092,41.931863587570106,59.94066098484662,34.706767426523534,18.700761753390413,16.416931178483367
-0.40301979977966995,0.9225311760541457,102.00540171736426,37.36791825322419,51.591681022412935,29.508830673149156,16.141090423123494,13.231456676780866
-0.35813299251433084,0.9225311760541457,88.48739112626829,32.69683410513761,44.72701460962069,24.647812350948808,13.979582590504611,10.528585147487732
-0.3182455065418344,0.9225311760541457,77.40394965600726,28.10043304974507,39.10343874137509,20.30543712844812,12.204615753522413,8.32793756047545
-0.2828005365353655,0.9225311760541457,68.25481825395411,23.743025427693315,34.4911537816403,16.549568209124565,10.773684927915156,6.589104131017362
-0.2513032920204875,0.9225311760541457,60.684433216204944,19.761778186818383,30.687392224526402,13.368123907595496,9.599901767445274,5.204706530523636
-0.22331409039755062,0.9225311760541457,54.4166923268866,16.243537484691778,27.533419897905986,10.715420959680179,8.61830841113221,4.091085485460254
-0.19844221923690444,0.9225311760541457,49.22038417609618,13.218106558766987,24.908936132852357,8.534084149237405,7.794415564392663,3.1997256694510936
-0.17634048216824733,0.9225311760541457,44.900183239478345,10.67047288201973,22.719898908684456,6.7622500797219365,7.106066691159681,2.495235593574594
-0.15670035222800524,0.9225311760541457,41.29455987519649,8.558945292493776,20.88996194608084,5.337621537991393,6.53281456970103,1.9441671419697473
-0.13924766500838334,0.9225311760541457,38.272617083766946,6.830020471195648,19.356089346381463,4.201189270041363,6.05476964906701,1.515183271606632
-0.12373879148704055,0.9225311760541457,35.72933120243812,5.427825055141867,18.066252486400103,3.2999789370963812,5.654228326879316,1.181467754267377
-0.10995723711238882,0.9225311760541457,33.58050996094146,4.299275618516117,16.977781277133342,2.5883705666876202,5.316631120759947,0.9215930697813098
-0.09771061966979347,0.9225311760541457,31.758370183726363,3.396554396343467,16.055874018892055,2.0282264476082617,5.030487224873017,0.7189912382135739
-0.0868279837415025,0.9225311760541457,30.208003863895513,2.6780441214276323,15.272214971949033,1.5883057127172224,4.786812016803728,0.5609469332211154
-0.07715741427178036,0.9225311760541457,28.884660605011064,2.10840295464571,14.60375257088335,1.2433682791122123,4.578512734062425,0.4376551467333402
-0.06856391592404971,0.9225311760541457,27.751673114261685,1.658172657405068,14.031671457691791,0.9732161832619557,4.399896340885489,0.3414993585757447
-0.06092752862714207,0.9225311760541457,26.778860714432163,1.3031548005941214,13.540556066690113,0.7617964487943157,4.246319877283707,0.2665316035630447
-0.0541416530048151,0.9225311760541457,25.941284337143014,1.0236996686287243,13.11772254797409,0.5964148965760068,4.113950579560992,0.20809632321831198
-0.04811156231253989,0.9225311760541457,25.218263162929844,0.803995996403551,12.752689249000793,0.4670718757402244,3.9995986343727523,0.16254965756288192
-0.04275308010908995,0.9225311760541457,24.592590088461876,0.6314117649111248,12.43675741936743,0.3659134217073881,3.9005954682856165,0.12704325125501043
-0.0379914052040221,0.9225311760541457,24.04990133699538,0.4959106998733902,12.162678288042072,0.28678454086840627,3.8147008605036157,0.0993543382333162
-0.03376006747802295,0.9225311760541457,23.578167448159363,0.3895525461638788,11.92438755949232,0.22486955848228554,3.740029310435804,0.07775106644129597
-0.03,0.9225311760541457,23.167280871038983,0.3060752148287259,11.716792644593225,0.17640496763273977,3.6749902388257385,0.06088569842310394
0.03,0.9225311760541457,17.668870745827757,0.26819693911237175,8.93479574246528,0.151303937563739,2.8060573776372837,0.05097041525931403
0.03376006747802295,0.9225311760541457,17.39039777497243,0.33556510925053884,8.793794173290214,0.18908590679217213,2.7620514379445438,0.063644435557098
0.0379914052040221,0.9225311760541457,17.086285116221298,0.41896117409405464,8.639822678137824,0.2357682196147244,2.7139674535449645,0.0792919470149361
0.04275308010908995,0.9225311760541457,16.755767458823744,0.5217311040939638,8.472503553787643,0.2931741839891613,2.6616696559241326,0.0985225503079135
0.04811156231253989,0.9225311760541457,16.398626883411385,0.6476583890980322,8.291740155371249,0.36335114636207166,2.605104127523911,0.12202343337764321
0.0541416530048151,0.9225311760541457,16.01542915414601,0.8008555276703675,8.097836803580567,0.4485047277808797,2.544336662036789,0.15053919460333667
0.06092752862714207,0.9225311760541457,15.607833100679589,0.9855169958525571,7.891654658015928,0.5508570783126931,2.479604297878586,0.1848258522068478
0.06856391592404971,0.9225311760541457,15.178993671326497,1.2054481058489028,7.6748129895801975,0.6723845562701968,2.411385462380511,0.22556208500117783
0.07715741427178036,0.9225311760541457,14.734084925476031,1.4632467388468449,7.449947809014766,0.8143719844166218,2.3404948748538015,0.2731926447013244
0.0868279837415025,0.9225311760541457,14.280976320202878,1.75897329501201,7.221043376482212,0.9767008481137898,2.2682096897461124,0.3276702995622252
0.09771061966979347,0.9225311760541457,13.831104004542713,2.0881154880458177,6.993857369074177,1.1567755485150697,2.1964311265470564,0.38805949956372715
0.10995723711238882,0.9225311760541457,13.400587549017722,2.438684362371157,6.776468149861422,1.34800591307486,2.1278785859467546,0.45198179170722996
0.12373879148704055,0.9225311760541457,13.011649145208716,2.7874663492937564,6.579982730758739,1.5378518802332373,2.066299709712294,0.5149461412670024
0.13924766500838334,0.9225311760541457,12.694392133295109,3.0959866867158152,6.4194539520940985,1.7056872993755121,2.0166660478561282,0.5697442342003407
0.15670035222800524,0.9225311760541457,12.488982692054737,3.3078612980328095,6.3150556604584756,1.8212941609036808,1.9853346545249488,0.6062856426343126
0.17634048216824733,0.9225311760541457,12.448250467249983,3.3510448921671885,6.293535303380493,1.8457777439390282,1.980239437868513,0.6123749833808738
0.19844221923690444,0.9225311760541457,12.640694366437785,3.1504350089569053,6.38988109116872,1.7379078486107742,2.0113586450824275,0.5758260554975896
0.22331409039755062,0.9225311760541457,13.153886502338791,2.6562496013865187,6.649020811314127,1.469239763427879,2.0918273582345566,0.4881857992661982
0.2513032920204875,0.9225311760541457,14.098332548534222,1.8881889987540759,7.127350499154159,1.0486020215061604,2.2396107229722686,0.3509567996122865
0.2828005365353655,0.9225311760541457,15.611817217339995,0.9835994755663777,7.894234703552764,0.5494983882888558,2.478314655878752,0.18555134600228176
0.3182455065418344,0.9225311760541457,17.863621682576674,0.22601516816308526,9.034191158546486,0.12743229416420349,2.8354729630258517,0.043349868481622617
0.35813299251433084,0.9225311760541457,21.05631434827335,0.029133921730892465,10.649607807793119,0.016661296591330147,3.341312802254557,0.00571531165277419
0.40301979977966995,0.9225311760541457,25.42146023673395,0.8636169207223346,12.859603736448358,0.5036092687978327,4.033123288438932,0.17541073916594768
0.4535325211846986,0.9225311760541457,31.207345863448666,3.135440794473184,15.789534498122116,1.8747093393703151,4.952428666269313,0.6668333554610212
0.5103762839557767,0.9225311760541457,38.657877012054065,7.047270280732128,19.560050767383036,4.348617156750207,6.131788819355952,1.582180239952483
0.5743445928509872,0.9225311760541457,47.97822345644089,12.486506210165892,24.280681529397157,8.019784046173744,7.612985313987515,3.0100666171372024
0.6463304070095649,0.9225311760541457,59.30028473368099,19.000350862180692,30.012941380565472,12.800389725448907,9.413448826637604,4.989596144427187
0.7273386051246984,0.9225311760541457,72.6747886403337,25.912156800469596,36.777497223503495,18.429528762294062,11.536717280191157,7.510907071475572
0.8185000129460304,0.9225311760541457,88.14176492079521,32.5644314452921,44.6028143634297,24.5552127102214,13.997430654205578,10.550852500870963
0.9210871889273549,0.9225311760541457,105.92555157040255,38.551407125534865,53.59239043564734,30.8268395861865,16.822300112386568,14.082575327048177
1.0365321883776653,0.9225311760541457,126.52618187700338,43.73219032055088,64.00643283405972,36.95304990278093,20.11286938872223,18.15284847670424
1.166446554092426,0.9225311760541457,151.01238238001966,48.17150343765015,76.39714809972445,42.72780226665206,23.99937529528172,22.80763318930076
1.3126438125222553,0.9225311760541457,180.68572938287383,51.941981469941496,91.37022163766363,47.889149932424694,28.70007859531229,28.12731315146219
1.4771647895120215,0.9225311760541457,217.37654004826481,55.13506910114288,109.87417071767938,52.30277064361885,34.49637567364677,34.13106973681402
1.6623060990028473,0.9225311760541457,263.06233971992606,57.80752119234732,132.94476115672373,55.91528370451638,41.76024866949168,40.70900525085551
1.8706522023821734,0.9225311760541457,320.20764427951013,60.02283713003991,161.7930391279439,58.789601943000434,50.81636868540767,47.40302008443055
2.1051114860111477,0.9225311760541457,391.99230063544616,61.846746964542206,198.02188344764554,61.053723043301474,62.10860242242491,53.539991269786654
2.368956860549917,0.9225311760541457,482.1913910564046,63.3360064727734,243.57326469677315,62.83020099328547,76.24320325016575,58.40777351975308
2.6658714488230206,0.9225311760541457,594.6464364419704,64.53692731033688,300.45873272565416,64.21594249885804,93.98502439966018,61.74904269559828
3.0,0.9225311760541457,733.9611281482016,65.49871377349717,370.61127473953803,65.29040332791595,115.82501487676278,63.88698914661437
-3.0,0.9723977261111267,2653.6748633665507,68.37898691685643,1337.4027448647041,68.36109792151308,411.5925126744318,68.26752818767369
-2.6658714488230206,0.9723977261111267,2137.930820681644,68.11900892134967,1075.8563501468664,68.09027283777874,334.3548650165194,67.96414998694623
-2.368956860549917,0.9723977261111267,1722.8049918647007,67.79508590920578,867.7685454678833,67.75407293076493,269.13872837267365,67.55165099604322
-2.1051114860111477,0.9723977261111267,1393.0231094324213,67.3977556547893,701.940891244662,67.33715676766076,218.16806684962003,67.02329317735669
-1.8706522023821734,0.9723977261111267,1129.8700378131741,66.9107629897679,570.0690392076917,66.8230202364292,177.57120400670374,66.32847507510508
-1.6623060990028473,0.9723977261111267,920.2538603073926,66.31836790508314,462.69613708893115,66.17325112952395,144.45311815016518,65.37081113210215
-1.4771647895120215,0.9723977261111267,748.2363496739656,65.57641368924314,377.4007353718065,65.37143636118562,117.68373505266086,64.01562023273146
-1.3126438125222553,0.9723977261111267,608.8190006484671,64.65564022554213,307.86721954155456,64.35491374057482,95.9454494715941,62.004483698008734
-1.166446554092426,0.9723977261111267,499.2258016500754,63.55424154892596,251.54272555703452,63.06682527327317,78.17604229916893,58.88912030158194
-1.0365321883776653,0.9723977261111267,409.39690650294216,62.18786608943894,206.98866264447906,61.47445569764043,64.18816767072717,54.43048289247045
-0.9210871889273549,0.9723977261111267,337.63475470031943,60.54110652459786,170.41662247218687,59.430774839459346,53.247521549935215,48.92247257989221
-0.8185000129460304,0.9723977261111267,279.4572451033303,58.54164951212562,141.25209770331045,56.885032284789446,43.89778127399813,42.43901565227508
-0.7273386051246984,0.9723977261111267,232.8480145419273,56.164895366972665,117.54576772820292,53.686146449641946,36.71488743105844,36.25401501654758
-0.6463304070095649,0.9723977261111267,194.53824929241748,53.296388099647025,98.4878438218064,49.798606980293535,30.63598385125843,30.204142685276558
-0.5743445928509872,0.9723977261111267,163.92075420602518,49.98340421118552,82.81381294823804,45.15372577433631,25.904142572873468,25.008189871154933
-0.5103762839557767,0.9723977261111267,139.0789380800194,46.197209898538844,70.16254879367153,40.014846692024975,21.886574056503942,20.302119683385598
-0.4535325211846986,0.9723977261111267,118.67124812180768,41.94377092709333,59.966300491752484,34.72151005071994,18.708925600667634,16.427020695265483
-0.40301979977966995,0.9723977261111267,102.04366194814756,37.379816779137386,51.61149688703955,29.522107584879947,16.147354554134527,13.239289689083176
-0.35813299251433084,0.9723977261111267,88.51743821497544,32.70831236639046,44.742680255832916,24.65948090708448,13.984561068977502,10.534796147017795
-0.3182455065418344,0.9723977261111267,77.42800696233519,28.11121284284718,39.11605074698109,20.315494289277282,12.208652878122722,8.332899747090364
-0.2828005365353655,0.9723977261111267,68.27454327541255,23.752967895996466,34.50146679929268,16.558115721955062,10.776977819851426,6.59305037601494
-0.2513032920204875,0.9723977261111267,60.7009660804243,19.770814664653834,30.695968941914842,13.37534084416543,9.60262426027485,5.207858557011557
-0.22331409039755062,0.9723977261111267,54.43078966635691,16.251635526031297,27.5406808264905,10.721506785772412,8.620609875708864,4.093636973702656
-0.19844221923690444,0.9723977261111267,49.232558622100186,13.225267114929807,24.91518300633615,8.539217318578974,7.796400641278767,3.2018152806275637
-0.17634048216824733,0.9723977261111267,44.91079921662303,10.6767294223229,22.72534175544131,6.766576347005622,7.1078004901640925,2.4969554417356585
-0.15670035222800524,0.9723977261111267,41.30388770571618,8.564356151757288,20.894747133197274,5.341258896749536,6.534338750606316,1.9455825212347166
-0.13924766500838334,0.9723977261111267,38.280862587282975,6.834658590868944,19.360321980818213,4.20423611463476,6.05611448362368,1.5163456941096716
-0.12373879148704055,0.9723977261111267,35.73665361955234,5.431769457985418,18.07001145544715,3.302519964579655,5.655418320717351,1.1824202917607205
-0.10995723711238882,0.9723977261111267,33.58703434336262,4.302605806539072,16.98112843033118,2.5904799961644076,5.317686910347507,0.9223720654098763
-0.09771061966979347,0.9723977261111267,31.76419655723393,3.399347064261955,16.058859602976835,2.0299696046564026,5.031426192325613,0.7196271067349406
-0.0868279837415025,0.9723977261111267,30.213214018469685,2.680371282243941,15.274880912098494,1.5897398935088352,4.787648706019065,0.5614649371704459
-0.07715741427178036,0.9723977261111267,28.889322995212694,2.110330862136583,14.60613455212577,1.2445433840735096,4.579259314709385,0.43807621088911575
-0.06856391592404971,0.9723977261111267,27.75584629091383,1.6597612173211098,14.033800318908828,0.9741753152246941,4.400563080789505,0.3418408198468438
-0.06092752862714207,0.9723977261111267,26.782595673827817,1.3044573348136796,13.542458775307761,0.7625765283945583,4.246915555642283,0.26680783878563935
-0.0541416530048151,0.9723977261111267,25.944626112332127,1.0247629606703634,13.119422901858247,0.5970472937826081,4.114482811391338,0.20831925365728204
-0.04811156231253989,0.9723977261111267,25.221251906159456,0.8048605593573486,12.754208392950115,0.46758304103942255,4.000074108972083,0.16272915364688123
-0.04275308010908995,0.9723977261111267,24.595261822737562,0.6321122717456306,12.438114233004542,0.3663254990602405,3.901020118962919,0.12718746331314854
-0.0379914052040221,0.9723977261111267,24.05228849721536,0.49647651719782615,12.163889683997796,0.2871159475096339,3.815079985022377,0.0994699727675865
-0.03376006747802295,0.9723977261111267,23.580299290002902,0.39000831913521294,11.925468718967691,0.22513552070342735,3.740367658356589,0.07784362060224992
-0.03,0.9723977261111267,23.169183796675984,0.30644146124069466,11.717757209058634,0.17661800579580866,3.6752920774341424,0.06095966046759438
0.03,0.9723977261111267,17.666822549969528,0.26866186687870736,8.933762152295067,0.15156403226119627,2.8057356970029153,0.05105748170257215
0.03376006747802295,0.9723977261111267,17.38808299847333,0.3361606450779486,8.79262624474729,0.18941843796270652,2.7616880807206194,0.06375555683117226
0.0379914052040221,0.9723977261111267,17.083667951665042,0.4197246006754864,8.638502424671573,0.23619360994853714,2.713556852750398,0.0794338437763824
0.04275308010908995,0.9723977261111267,16.75280712325804,0.5227103957474659,8.471010514964389,0.29371860945716377,2.661205467509185,0.09870382534046268
0.04811156231253989,0.9723977261111267,16.395276962987783,0.6489151441285541,8.290051084682382,0.3640480705659024,2.6045791214953575,0.12225507826348515
0.0541416530048151,0.9723977261111267,16.011636923921515,0.8024685233577822,8.09592535219423,0.44939674139311747,2.543742605886799,0.15083520394317557
0.06092752862714207,0.9723977261111267,15.603538877734808,0.9875863054933944,7.889491085523338,0.5519979986804148,2.4789318418904625,0.18520393482802255
0.06856391592404971,0.9723977261111267,15.17413031690313,1.2080994773176599,7.672363959213364,0.6738416145108896,2.410624048903218,0.22604441640276346
0.07715741427178036,0.9723977261111267,14.728577716205411,1.4666354411871132,7.447176370489152,0.8162276740940877,2.3396327175911154,0.27380650822723107
0.0868279837415025,0.9723977261111267,14.274743596592787,1.7632856955480043,7.217909319782312,0.9790535381300255,2.267233911961112,0.32844827399924614
0.09771061966979347,0.9723977261111267,13.824059341565869,2.0935649341380076,6.9903182766920455,1.1597371364441047,2.195328217323276,0.38903851408161344
0.10995723711238882,0.9723977261111267,13.392644790466543,2.4454951803239884,6.772481741672671,1.3516934522898074,2.126635435399805,0.45319985493887716
0.12373879148704055,0.9723977261111267,13.002732687045045,2.7958358863240655,6.5755115996162585,1.542368185682813,2.0649056067683826,0.5164349662352773
0.13924766500838334,0.9723977261111267,12.684456635121686,3.1060114774764913,6.414474744687244,1.7110834341260404,2.015116139531052,0.5715157804197438
0.15670035222800524,0.9723977261111267,12.478049430826154,3.319414071186623,6.3095765358897715,1.8275062993496032,1.9836354864468486,0.6083117169127156
0.17634048216824733,0.9723977261111267,12.436472659332262,3.363604741273014,6.287628641178815,1.8525373134238021,1.9784176275913028,0.6145623469741757
0.19844221923690444,0.9723977261111267,12.628472588130993,3.1629197820969726,6.3837435337560855,1.744646747252078,2.009475609144377,0.5779943647244408
0.22331409039755062,0.9723977261111267,13.14207133120892,2.666986053210541,6.643080357421203,1.4750611805139198,2.090008418776045,0.49006134366571824
0.2513032920204875,0.9723977261111267,14.08858208509158,1.8952544832420704,7.122451768300402,1.0524514386886952,2.2381061022100925,0.3522099757506574
0.2828005365353655,0.9723977261111267,15.60723428608414,0.9858053959356259,7.891955049375283,0.5506987843167673,2.4776139487244704,0.18594623938522495
0.3182455065418344,0.9723977261111267,17.869888160419983,0.22472385236813958,9.037391596086575,0.12670084409204904,2.8364828555394057,0.043100132867707065
0.35813299251433084,0.9723977261111267,21.083652980540712,0.030922873441919786,10.663423089565052,0.017685012292326798,3.345630071008376,0.006066607557611235
0.40301979977966995,0.9723977261111267,25.487857215215715,0.8834651526554084,12.89315194483308,0.5153073131693275,4.043576886949064,0.17950555141646174
0.4535325211846986,0.9723977261111267,31.343599158866358,3.1994447502557026,15.858476735818737,1.914065813576432,4.973948482289705,0.6810726884922731
0.5103762839557767,0.9723977261111267,38.91493684099367,7.192819353595416,19.690023878202396,4.443198558251202,6.172212906977168,1.617684793861282
0.5743445928509872,0.9723977261111267,48.43508145181723,12.755790638048644,24.511853311287926,8.208560614167679,7.685010030537135,3.085040132413043
0.6463304070095649,0.9723977261111267,60.06640777087585,19.42298283003747,30.40173932394269,13.12771339561299,9.534712290989136,5.129325996273111
0.7273386051246984,0.9723977261111267,73.8813347409991,26.483537196381114,37.3885403775304,18.926246322005472,11.727168732440857,7.743036579107233
0.8185000129460304,0.9723977261111267,89.90706747796742,33.23357139186341,45.498162919462665,25.219192678909103,14.276605565905863,10.899368234967747
0.9210871889273549,0.9723977261111267,108.3033226229146,39.23531210057436,54.798134849595485,31.599121790689253,17.19913422218964,14.552597884083328
1.0365321883776653,0.9723977261111267,129.4989911150297,44.356827579752895,65.5133693931039,37.7395575659213,20.58198192045199,18.72494734167011
1.166446554092426,0.9723977261111267,154.48581241998406,48.68916246561385,78.1558944191103,43.4278067583723,24.548443372704774,23.447909564169812
1.3126438125222553,0.9723977261111267,184.553185025021,52.34151519897035,93.32873787892753,48.44488676143474,29.31175615125583,28.791050012956084
1.4771647895120215,0.9723977261111267,221.54299718063126,55.42741232161056,111.9829687188662,52.7045865241144,35.15529982950121,34.7719522577902
1.6623060990028473,0.9723977261111267,267.46971655864957,58.014278498716465,135.17240790264265,56.189079288195764,42.455739977670625,41.2821813228318
1.8706522023821734,0.9723977261111267,324.83206269212826,60.166106226048136,164.1277531055709,58.97098709629039,51.545865766867074,47.8709479249443
2.1051114860111477,0.9723977261111267,396.83876138406305,61.94489873485166,200.46676594178683,61.172738513765324,62.87366950253357,53.87554848763136
2.368956860549917,0.9723977261111267,487.2904178663563,63.403004551711064,246.1437730621711,62.90840971577484,77.0478180376303,58.612563537507896
2.6658714488230206,0.9723977261111267,600.0475168403842,64.58285449133197,303.17941889840523,64.26784929275473,94.8365216903283,61.86203889179093
3.0,0.9723977261111267,739.736295374719,65.53052051714326,373.52024036233746,65.325513232839,116.73573247488339,63.95076947864054
-3.0,1.0222642761681073,2645.078675080174,68.37549217834624,1333.0703449554692,68.35749707613041,410.25929811513,68.26335180896452
-2.6658714488230206,1.0222642761681073,2131.0228767205817,68.11466295178934,1072.3836179296086,68.08576300753772,333.2727168708876,67.95878138236529
-2.368956860549917,1.0222642761681073,1717.2455121083524,67.78967010900281,864.9718391381448,67.74841374185452,268.2699024880387,67.54459153370621
-2.1051114860111477,1.0222642761681073,1388.5239584530655,67.39100726443542,699.6776847635674,67.33003949281411,217.4634188569599,67.01390082592147
-1.8706522023821734,1.0222642761681073,1126.2111898714982,66.90235361631724,568.2262297162214,66.81405243888354,176.9960292942189,66.31572891773914
-1.6623060990028473,1.0222642761681073,917.2600580096805,66.30789525473281,461.1968839135394,66.16189119896322,143.98386874555524,65.3529476063157
-1.4771647895120215,1.0222642761681073,745.7942093140776,65.56333862119914,376.17286967457187,65.35701639841095,117.30043142044525,63.989585099498086
-1.3126438125222553,1.0222642761681073,606.8285236774458,64.63931474657413,306.8628176525128,64.33650632054136,95.63247784732279,61.96480834010477
-1.166446554092426,1.0222642761681073,497.58883497771916,63.533947339556924,250.72193083254572,63.043236197794556,77.9214832738987,58.82777679782103
-1.0365321883776653,1.0222642761681073,408.05553392441857,62.162664073497126,206.31276121369223,61.44420377708956,63.97949751126297,54.34418432168056
-0.9210871889273549,1.0222642761681073,336.532036233787,60.50999486534135,169.86265990106,59.391870106958464,53.0744866989826,48.818081318916924
-0.8185000129460304,1.0222642761681073,278.5511671071907,58.5034717290391,140.79596708149953,56.835263412559485,43.75670082032874,42.32771703824216
-0.7273386051246984,1.0222642761681073,232.10130973541715,56.11853287582073,117.17092628737215,53.623354948376985,36.59798638647898,36.14463061780877
-0.6463304070095649,1.0222642761681073,193.92617636374456,53.240819282892076,98.17882732909925,49.72176615019428,30.54041621374033,30.103267350748794
-0.5743445928509872,1.0222642761681073,163.41666449658237,49.91810091111216,82.56044911264759,45.064423769885224,25.825009743909522,24.917944644055723
-0.5103762839557767,1.0222642761681073,138.66371368155643,46.12251253868997,69.95450515986376,39.917788365183526,21.821950093285903,20.224501486562822
-0.4535325211846986,1.0222642761681073,118.33033669505846,41.861308082393485,59.79484953304383,34.622785677349626,18.65569136549406,16.36121951065425
-0.40301979977966995,1.0222642761681073,101.76362783530077,37.292567194740215,51.470372660492565,29.427455515725626,16.10331476686013,13.184217961847887
-0.35813299251433084,1.0222642761681073,88.28692828697727,32.62012375699878,44.62670984862768,24.57304068284868,13.948454442444277,10.489753820640255
-0.3182455065418344,1.0222642761681073,77.2381403567558,28.02603914212492,39.020672216529405,20.239404546961698,12.179058291462335,8.296529888512595
-0.2828005365353655,1.0222642761681073,68.11821138094395,23.674104516992138,34.42287265458518,16.492962468657574,10.75255974450023,6.563794649116068
-0.2513032920204875,1.0222642761681073,60.57222960432472,19.70041337187417,30.631107710736106,13.320760749742469,9.582412927672145,5.1844659048342425
-0.22331409039755062,1.0222642761681073,54.32464374637065,16.190643717209547,27.48709786658598,10.676600148293796,8.603897766176841,4.075116412038799
-0.19844221923690444,1.0222642761681073,49.14484697783725,13.17367343744886,24.870866855106502,8.502809750615215,7.782597441836633,3.1872915737809695
-0.17634048216824733,1.0222642761681073,44.83812544040004,10.633901593813782,22.688628471646297,6.737403639707221,7.0963869929680685,2.4856392774266745
-0.15670035222800524,1.0222642761681073,41.243500958304836,8.52933366853831,20.864262848575247,5.318095795377356,6.524871338628916,1.9367955411530942
-0.13924766500838334,1.0222642761681073,38.23053954771644,6.806359799644824,19.334939758293224,4.185972936063448,6.048229512795637,1.509534030946428
-0.12373879148704055,1.0222642761681073,35.694594380181236,5.409121452820718,18.048812432107415,3.288196675445361,5.648824805721772,1.1771455542809202
-0.10995723711238882,1.0222642761681073,33.55177770766263,4.284617726633835,16.963365980149334,2.5792917436037177,5.312153220148943,0.9182915972090067
-0.09771061966979347,1.0222642761681073,31.734553176932362,3.3851453032433634,16.0439276259647,2.021256318264716,5.026766842254793,0.7164737513974683
-0.0868279837415025,1.0222642761681073,30.188213757865483,2.669210421358321,15.262286982446467,1.5829687358307807,4.783713762636202,0.5590303044258006
-0.07715741427178036,1.0222642761681073,28.868173151039272,2.1015900852648612,14.595477860121546,1.2392892369364343,4.5759265677397964,0.4361977722971526
-0.06856391592404971,1.0222642761681073,27.73789810947549,1.6529328989603171,14.024753854697488,0.9701020106904078,4.397732331417333,0.34039202107075667
-0.06092752862714207,1.0222642761681073,26.7673173322322,1.2991322103262577,13.534755046213123,0.7594200567577585,4.244504348291625,0.2656904014246117
-0.0541416530048151,1.0222642761681073,25.93158083639451,1.0206146164540746,13.112842504972484,0.5946014111389681,4.112423132391453,0.2074570890669864
-0.04811156231253989,1.0222642761681073,25.210080226342484,0.8016307997766683,12.748570865273384,0.46568727927937353,3.998309758455838,0.16206351872688152
-0.04275308010908995,1.0222642761681073,24.585667186870324,0.6295981281594476,12.433270711960585,0.36485537855746986,3.8995045810585047,0.126673109305605
-0.0379914052040221,1.0222642761681073,24.044025611964386,0.4945191668229503,12.159717008233939,0.2859751092068762,3.8137746873531957,0.09907210093699757
-0.03376006747802295,1.0222642761681073,23.573164679169295,0.38848389270994765,11.921864677736618,0.22424947543009632,3.7392405462412643,0.07753549334903413
-0.03,1.0222642761681073,23.16300815717845,0.3052535690915946,11.71463670984902,0.17592921380201984,3.6743164464821234,0.06072074020394717
0.03,1.0222642761681073,17.67038313054473,0.26785392423500604,8.935568352139946,0.15110967724760785,2.806299749403917,0.05090486833667907
0.03376006747802295,1.0222642761681073,17.39190740993202,0.3351770365571048,8.794566708394273,0.1888661303971252,2.76229431191071,0.06357022001397929
0.0379914052040221,1.0222642761681073,17.08774120439481,0.418536775945486,8.64056968857992,0.23552772176486583,2.714203049892374,0.07921059292663828
0.04275308010908995,1.0222642761681073,16.757099837246987,0.521290693647587,8.473189858418685,0.29292412180299443,2.6618871819377614,0.09843766692963372
0.04811156231253989,1.0222642761681073,16.399740392137357,0.6472409618614455,8.292318025773723,0.3631128902014355,2.605288882418265,0.1219419752630108
0.0541416530048151,1.0222642761681073,16.016196605088652,0.8005293337397139,8.098242458151717,0.4483155560405073,2.544468908710789,0.15047334422830463
0.06092752862714207,1.0222642761681073,15.608086589725525,0.9853949263068961,7.89180394290187,0.5507784078564568,2.479657856502549,0.1847957590399941
0.06856391592404971,1.0222642761681073,15.17851399642959,1.2057094517532523,7.674596129085792,0.6725135003716004,2.411325988307373,0.2255997375383253
0.07715741427178036,1.0222642761681073,14.73258896441874,1.4641667463486832,7.449223141063056,0.8148569510260191,2.3402778119007097,0.2733471155097022
0.0868279837415025,1.0222642761681073,14.278102455447694,1.760960868088121,7.2196300757507474,0.9777613469298783,2.2677779578214405,0.3280143706313705
0.09771061966979347,1.0222642761681073,13.826396188651831,2.0917562163459538,6.991527356979355,1.1587248001785198,2.1957127334197626,0.3886970128184832
0.10995723711238882,1.0222642761681073,13.393479611172765,2.444778733179425,6.772937811308763,1.351271237605433,2.126784562330241,0.453053624284239
0.12373879148704055,1.0222642761681073,13.001452836308772,2.7970386387188424,6.574905937158819,1.542980653590221,2.0647230308598896,0.5166301592725967
0.13924766500838334,1.0222642761681073,12.6802958300866,3.110216349351747,6.412419684522095,1.7133139712265528,2.014482426844583,0.5722411858093711
0.15670035222800524,1.0222642761681073,12.470073648048292,3.327859575812518,6.305597037850835,1.8320273516389236,1.982406188190144,0.6097804006124896
0.17634048216824733,1.0222642761681073,12.42358370200848,3.377387305811284,6.281163236328464,1.8599559308961724,1.9764225254291707,0.6169638969886758
0.19844221923690444,1.0222642761681073,12.609448924960857,3.1824211409781307,6.374166408217492,1.755197987783301,2.0065207675541625,0.5814079929966999
0.22331409039755062,1.0222642761681073,13.115681858136927,2.6910723810949753,6.629764441370332,1.488166327676357,2.08588847722714,0.4943271022267895
0.2513032920204875,1.0222642761681073,14.053839481076775,1.9205695527532463,7.104903893470208,1.0663148446109907,2.2326466884253295,0.3567808394814383
0.2828005365353655,1.0222642761681073,15.563914589264995,1.0068050789807106,7.870074278459177,0.5623005685008537,2.4707729528771845,0.1898278150312319
0.3182455065418344,1.0222642761681073,17.81954530621756,0.23521326817244773,9.011953770030992,0.13257825077550833,2.828521189336149,0.04509027160229446
0.35813299251433084,1.0222642761681073,21.031490417076448,0.0275540402231408,10.637011159775179,0.015753632492809526,3.337360606930025,0.005402641504372732
0.40301979977966995,1.0222642761681073,25.445953828677652,0.8709180356071565,12.871869943136307,0.5078735999367727,4.036867209290226,0.17687269602740907
0.4535325211846986,1.0222642761681073,31.336182520866302,3.1959511670441936,15.854663011840216,1.9118816569382706,4.9726634751520375,0.6802194016287688
0.5103762839557767,1.0222642761681073,38.98648075326333,7.2334088253145055,19.726051723001635,4.469501398963228,6.183209321445109,1.627382872580733
0.5743445928509872,1.0222642761681073,48.66006875621158,12.888323356924356,24.62556184891998,8.301619210303421,7.720212287493954,3.121837206081067
0.6463304070095649,1.0222642761681073,60.555268732771886,19.69113177848225,30.6501378099586,13.336774905636943,9.61191502777531,5.21861749900135
0.7273386051246984,1.0222642761681073,74.77653287081633,26.901682168189545,37.841958392078105,19.29309259258457,11.868107227072406,7.915272971299168
0.8185000129460304,1.0222642761681073,91.35006476416575,33.76753559593976,46.230543586928206,25.75609591403362,14.504484456077655,11.18410252856948
0.9210871889273549,1.0222642761681073,110.3730079238223,39.81065967725751,55.84841589735996,32.258295056915465,17.52698450234684,14.960920238436673
1.0365321883776653,1.0222642761681073,132.1889634358402,44.899272387604285,66.87797158229904,38.43079051755639,21.00575476016048,19.239566790063186
1.166446554092426,1.0222642761681073,157.68116505345617,49.145090804654515,79.77473898865684,44.048227956332916,25.053022259896863,24.032117563815
1.3126438125222553,1.0222642761681073,188.10009230330712,52.69286707333079,95.12635203076346,48.934130291095144,29.8723157170041,29.393240295363714
1.4771647895120215,1.0222642761681073,225.28039748983494,55.67991080007395,113.87630114933405,53.05098195453062,35.746049164683896,35.3391140748416
1.6623060990028473,1.0222642761681073,271.2665535847427,58.18667480436751,137.09251570595984,56.41671848517818,43.05388115055848,41.76719238295745
1.8706522023821734,1.0222642761681073,328.58608770604303,60.279270990495355,166.02328275582573,59.113866056769766,52.13674546885599,48.242389236555084
2.1051114860111477,1.0222642761681073,400.46805511315546,62.01676355865952,202.29703127861242,61.25966995802412,63.44569167838872,54.12035425394956
2.368956860549917,1.0222642761681073,490.7262475431142,63.447328936033344,247.8739498448605,62.960022641029056,77.58952963067834,58.7468659225553
2.6658714488230206,1.0222642761681073,603.2258985812709,64.6094824543179,304.77626985323167,64.29783876718645,95.33672278119273,61.926937755373565
3.0,1.0222642761681073,742.5973692940344,65.54608889546049,374.9572359110215,65.34263925142346,117.18683696037988,63.981821236588104
-3.0,1.0721308262250884,2624.166270770055,68.36689385155849,1322.531836694768,68.34863732007219,407.0163830018327,68.25306813693139
-2.6658714488230206,1.0721308262250884,2114.259932203719,68.1039975135639,1063.9526968897403,68.07468827150903,330.6499255991706,67.94560610994229
-2.368956860549917,1.0721308262250884,1703.805602465297,67.77642947092647,858.2068557424017,67.73456670921782,266.1705924555651,67.52731380827403
-2.1051114860111477,1.0721308262250884,1377.7082176589029,67.3746009761702,694.2325613873338,67.3127172328205,215.77008930795552,66.99102760492468
-1.8706522023821734,1.0721308262250884,1117.4795125868723,66.88205774914573,563.8248031746826,66.79238318752036,175.6241032215716,66.28489767905162
-1.6623060990028473,1.0721308262250884,910.1807435626525,66.28284984943318,457.64448008037704,66.1346570095004,142.87379440461385,65.31005280527746
-1.4771647895120215,1.0721308262250884,740.0731926396203,65.53236017433996,373.2919215204407,65.32277898236592,116.4018436041268,63.92755732286179
-1.3126438125222553,1.0721308262250884,602.2100961378828,64.6010039422889,304.5299641614691,64.29323568751317,94.90570243143323,61.871079114839546
-1.166446554092426,1.0721308262250884,493.8336232754716,63.486861250109165,248.8344657045053,62.98832705904968,77.33564812636823,58.68427563107726
-1.0365321883776653,1.0721308262250884,405.0113405814155,62.10481758651768,204.77628100860804,61.37458032496578,63.50422361743322,54.14511383603966
-0.9210871889273549,1.0721308262250884,334.05666136196277,60.43936381165164,168.61625338073696,59.30324171569062,52.68520131864677,48.58113923206787
-0.8185000129460304,1.0721308262250884,276.5382921951886,58.417707400975566,139.7806517594792,56.72310905653224,43.44203710163655,42.078011368621766
-0.7273386051246984,1.0721308262250884,230.45935415690758,56.01546286312919,116.34443368172437,53.48325985297794,36.340109895927576,35.90235554018155
-0.6463304070095649,1.0721308262250884,192.59119027570466,53.11833171812528,97.50389182599469,49.55212178155346,30.331186276848022,29.881812740989574
-0.5743445928509872,1.0721308262250884,162.32616256078197,49.775411276585224,82.01098841463798,44.86899796596552,25.653319887513007,24.721785964823397
-0.5103762839557767,1.0721308262250884,137.7716955988591,45.96056517370576,69.50613900252519,39.70712565834702,21.682457340644195,20.056773336827284
-0.4535325211846986,1.0721308262250884,117.6015909299332,41.683608384608874,59.42751951652923,34.410155911673115,18.5414355837822,16.21991125841656
-0.40301979977966995,1.0721308262250884,101.16729750356181,37.10551461416292,51.169313772357825,29.224782934713062,16.00928488987963,13.066619169953391
-0.35813299251433084,1.0721308262250884,87.79751441327801,32.431876821642135,44.379933606304924,24.3886445793312,13.871521195317673,10.393806645810749
-0.3182455065418344,1.0721308262250884,76.83571297194639,27.844778496815575,38.81798652994342,20.077463288858347,12.116044006481715,8.21913623030029
-0.2828005365353655,1.0721308262250884,67.78694153692884,23.50651054642401,34.255932657948584,16.354468002348113,10.700605019329558,6.501602776773567
-0.2513032920204875,1.0721308262250884,60.299138562179536,19.550790432411485,30.493268412250305,13.20475483179634,9.539410972713744,5.13475314160839
-0.22331409039755062,1.0721308262250884,54.09900029086092,16.06085459528277,27.37304668041322,10.58105210554233,8.568289138474947,4.035709717442519
-0.19844221923690444,1.0721308262250884,48.957856143796064,13.06364457799257,24.776293700635094,8.425175560594397,7.753101170531292,3.156305750577153
-0.17634048216824733,1.0721308262250884,44.68265538322738,10.542301642733406,22.610007845491115,6.675002506165005,7.0719034356888075,2.4614084084512275
-0.15670035222800524,1.0721308262250884,41.113800691919984,8.454163962671867,20.798711123443653,5.268358937771498,6.5044749819494285,1.9179025880639602
-0.13924766500838334,1.0721308262250884,38.12197386895092,6.745374947070661,19.280106686924764,4.146585857153231,6.0311656054597025,1.4948243246463189
-0.12373879148704055,1.0721308262250884,35.6034183572362,5.360094154183898,18.002788598076414,3.2571595245782996,5.63448914175929,1.165703192416724
-0.10995723711238882,1.0721308262250884,33.47495542968337,4.245488273630477,16.924602161280422,2.554925987638706,5.300063720565105,0.9093982257911165
-0.09771061966979347,1.0721308262250884,31.66961532018188,3.354093389001174,16.011166151921017,2.002181697976624,5.016536616682819,0.7095673563902982
-0.0868279837415025,1.0721308262250884,30.133145901416892,2.644677644316735,15.234504943214814,1.5680669703337955,4.7750295791268655,0.5536710493529733
-0.07715741427178036,1.0721308262250884,28.821327629907564,2.0822731069546894,14.571841074935737,1.2276642322625198,4.568532790570785,0.4320414533650922
-0.06856391592404971,1.0721308262250884,27.69792387898423,1.637760796112814,14.004579984937982,0.9610417091855495,4.391419069064556,0.33716961195667433
-0.06092752862714207,1.0721308262250884,26.73310379942143,1.2872368582449867,13.517484170290885,0.752362284723251,4.239098537748628,0.26319209124871407
-0.0541416530048151,1.0721308262250884,25.902212685555114,1.011299565181195,13.098013655604591,0.5891045373523951,4.107781639234779,0.20551966006278105
-0.04811156231253989,1.0721308262250884,25.18480099775832,0.794341757171646,12.735803289762362,0.46140568685043126,3.994313904369591,0.16056030021217252
-0.04275308010908995,1.0721308262250884,24.563849873068254,0.6238966026561712,12.4222488673768,0.36151935762499976,3.896055732743413,0.12550598444704453
-0.0379914052040221,1.0721308262250884,24.025148899234924,0.490059841029132,12.150178515016274,0.28337461340615233,3.8107906701060856,0.09816517490691662
-0.03376006747802295,1.0721308262250884,23.55679373611107,0.3849957248142158,11.913590623390617,0.22222114657275227,3.7366527173228636,0.07683010795165902
-0.03,1.0721308262250884,23.148779086219747,0.3025243163805603,11.707443825118432,0.17434610730934444,3.672067304414277,0.0601715726477805
0.03,1.0721308262250884,17.67955326752941,0.2657793200289588,8.940214715752791,0.1499443220382608,2.8077496400449014,0.05051372367096081
0.03376006747802295,1.0721308262250884,17.40187367179655,0.332621400379454,8.799616886521433,0.18743292520365912,2.7638705296339,0.06308973456715344
0.0379914052040221,1.0721308262250884,17.09851011802246,0.4154056181866088,8.646027093370423,0.23377492349326404,2.7159068455251894,0.0786236426726475
0.04275308010908995,1.0721308262250884,16.768654327966054,0.5174804213056781,8.479045964323033,0.2907953468056543,2.663716143931004,0.09772560481545928
0.04811156231253989,1.0721308262250884,16.412030539992703,0.6426441617501084,8.298547699978462,0.36055014616947056,2.6072354815464647,0.12108562157134584
0.0541416530048151,1.0721308262250884,16.029127686523033,0.795045068879492,8.104797929306628,0.445265014872481,2.546518601577117,0.14945487680480743
0.06092752862714207,1.0721308262250884,15.621503717910436,0.9789468935278578,7.8986070685739405,0.547200427040492,2.481786629097846,0.18360201140460536
0.06856391592404971,1.0721308262250884,15.19218253838589,1.1982760005387765,7.68152855470963,0.6683989855522021,2.4134971982598086,0.2242276220435847
0.07715741427178036,1.0721308262250884,14.74616977947741,1.4558279844090147,7.456113870919543,0.8102527629348848,2.3424381727868746,0.2718121090798412
0.0868279837415025,1.0721308262250884,14.291120898008842,1.7519688173540984,7.226239907934839,0.972807807449989,2.269852515212263,0.32636311369900073
0.09771061966979347,1.0721308262250884,13.838203811240417,2.082632818792093,6.9975295906346755,1.1537077419883428,2.1975987315230157,0.3870247792379487
0.10995723711238882,1.0721308262250884,13.40320771084462,2.436440396419993,6.77789466791767,1.346687961665257,2.12834421084926,0.4515261149538709
0.12373879148704055,1.0721308262250884,13.007957620890727,2.7909293646667206,6.5782403701545595,1.5396107843408633,2.065775337699012,0.5155058057921325
0.13924766500838334,1.0721308262250884,12.682096392504318,3.1083962334519613,6.413382942912816,1.7122682149210298,2.014794355142448,0.5718840464432812
0.15670035222800524,1.0721308262250884,12.465286675208375,3.3329356868909175,6.303233987131642,1.8347156347528932,1.9816832171026562,0.610645288268046
0.17634048216824733,1.0721308262250884,12.409863757379608,3.3921019582179754,6.274280765141716,1.8678756902635136,1.9742982566366116,0.6195279780206254
0.19844221923690444,1.0721308262250884,12.583951731375011,3.208689515748935,6.361316016253947,1.7694241488754283,2.0025458892839993,0.5860215616631431
0.22331409039755062,1.0721308262250884,13.075083603294052,2.728415161837769,6.609258450671554,1.5085000150817696,2.0795253879888134,0.5009635890198239
0.2513032920204875,1.0721308262250884,13.994475723185804,1.964331734770969,7.074895321538867,1.09029324987254,2.2232915971832687,0.36470052634353933
0.2828005365353655,1.0721308262250884,15.482163411023976,1.047170949153211,7.828748141358747,0.5846106899050184,2.457840828111181,0.19729626642079
0.3182455065418344,1.0721308262250884,17.712688224423317,0.2583575787001884,8.957928444323109,0.14554704678012284,2.811604563964519,0.04948177715919952
0.35813299251433084,1.0721308262250884,20.89943468522222,0.019867226733169308,10.570178139006654,0.01135157863370255,3.3164456836471614,0.003890816119721424
0.40301979977966995,1.0721308262250884,25.294362050788802,0.826125009625373,12.795059014057305,0.48141532784064395,4.0127790764029765,0.16755652544662256
0.4535325211846986,1.0721308262250884,31.181807679864566,3.123486521640747,15.776428732166135,1.8672584174956752,4.948056074763556,0.6639532650848503
0.5103762839557767,1.0721308262250884,38.86577915715525,7.164950549255288,19.66472928349914,4.424753742273202,6.163723292378218,1.6102091668618304
0.5743445928509872,1.0721308262250884,48.640615449535375,12.876866390810097,24.6154356245684,8.293326665825168,7.716610962345834,3.1180681499353575
0.6463304070095649,1.0721308262250884,60.74538690702539,19.79508711451661,30.747207691150223,13.418454133411974,9.641651339405882,5.253077210473338
0.7273386051246984,1.0721308262250884,75.32762560922994,27.15664065070046,38.1211266996321,19.518195051156997,11.95435775620305,8.020857283580082
0.8185000129460304,1.0721308262250884,92.42870106475107,34.159153101773654,46.77857202235172,26.15413386355918,14.674408253827957,11.39653885453474
0.9210871889273549,1.0721308262250884,112.09337582459156,40.275246363137164,56.72230574355037,32.797159191416895,17.79931788864165,15.29960839382448
1.0365321883776653,1.0721308262250884,134.5718408703929,45.36258567541193,68.08798788097377,39.02730402873104,21.380390902661926,19.692701697472515
1.166446554092426,1.0721308262250884,160.60545264752696,49.54623844180491,81.25739084659195,44.597004789774026,25.514283856118347,24.56257666579173
1.3126438125222553,1.0721308262250884,191.36991345789605,53.004705897310195,96.78534012470898,49.36874022658367,30.388738085755968,29.942809725776186
1.4771647895120215,1.0721308262250884,228.66501621761526,55.901030378285164,115.59315761620209,53.353916375584035,36.28083670486068,35.84647792365804
1.6623060990028473,1.0721308262250884,274.5541794503818,58.331860389964795,138.75675336576424,56.60805048815738,43.570839194951695,42.18046897050968
1.8706522023821734,1.0721308262250884,331.5881829342018,60.36781767076158,167.5399089090949,59.22546397938729,52.607877656946776,48.53373047292823
2.1051114860111477,1.0721308262250884,403.0096874935375,62.06628065918843,203.57846459331807,61.3194646411175,63.84528779903293,54.288325110853535
2.368956860549917,1.0721308262250884,492.63561589808427,63.47168180458145,248.83313551123007,62.98828803108972,77.8900824980009,58.82016775064544
2.6658714488230206,1.0721308262250884,604.3236953464163,64.61861208827418,305.3212499799882,64.30799450073354,95.50818778089594,61.94893836864151
3.0,1.0721308262250884,742.6915403198387,65.54659921913392,374.99674746814753,65.34310813807883,117.201672394846,63.982836455168616
-3.0,1.121997376282069,2591.126934994327,68.35302391401358,1305.8828255104786,68.33434227818323,401.8932684040844,68.23645143588892
-2.6658714488230206,1.121997376282069,2087.7908828191566,68.08680377305268,1050.6386787945037,68.05682670620455,326.5099075426892,67.92432557948145
-2.368956860549917,1.121997376282069,1682.6022996758784,67.75510427948484,847.5326851342019,67.712252267066,262.8591839203381,67.49940942355245
-2.1051114860111477,1.121997376282069,1360.668169757935,67.3482145834493,685.6521317349225,67.28483731800742,213.1026145543967,66.95410389720003
-1.8706522023821734,1.121997376282069,1103.7480061567182,66.84947668216748,556.9016721972296,66.75756724353099,173.46696061138059,66.23516155835014
-1.6623060990028473,1.121997376282069,899.0739389235584,66.242740170996,452.0681566439515,66.09098361845787,141.1320471076938,65.24088875179436
-1.4771647895120215,1.121997376282069,731.1193850728109,65.48287254405022,368.78117447068917,65.2680067815972,114.99525171972843,63.82757241400173
-1.3126438125222553,1.121997376282069,595.0003974709047,64.5399636645457,300.8872274675819,64.2241863633891,93.77092416500592,61.720119792646585
-1.166446554092426,1.121997376282069,487.989627483081,63.41207766398825,245.89518164939207,62.90092671687345,76.42316039476358,58.45413594588805
-1.0365321883776653,1.121997376282069,400.2880013511901,62.013230580819844,202.3911935232219,61.264093440066304,62.766061885137816,53.82891774513179
-0.9210871889273549,1.121997376282069,330.227764972576,60.327903372427876,166.68705365620767,59.163000736878004,52.08268408656118,48.20868529697407
-0.8185000129460304,1.121997376282069,273.4341172510655,58.28281368024457,138.2139761265695,56.54624382618179,42.95622088760762,41.68850417356121
-0.7273386051246984,1.121997376282069,227.93475373185953,55.853911020589834,115.07264054453795,53.263165050388054,35.94324159917193,35.5268671688702
-0.6463304070095649,1.121997376282069,190.54352198353072,52.926952852888526,96.4682088117816,49.2868816301218,30.00989982020234,29.54014548892112
-0.5743445928509872,1.121997376282069,160.65758389180948,49.55325502811399,81.1696302731411,44.56502874755669,25.390385865940647,24.420433347137084
-0.5103762839557767,1.121997376282069,136.40967754133962,45.70933762645843,68.82086406970885,39.38120141367759,21.46915848509295,19.799811705494044
-0.4535325211846986,1.121997376282069,116.4905319441573,41.40890232880587,58.86709136038634,34.082815805682515,18.367023541996875,16.003997962440483
-0.40301979977966995,1.121997376282069,100.25915473370658,36.81734375740871,50.71058175820623,28.913999225562794,15.865971228643712,12.887350352225358
-0.35813299251433084,1.121997376282069,87.05283913414561,32.14280813410851,44.004186200398166,24.10668988865138,13.754333190928632,10.24772685569378
-0.3182455065418344,1.121997376282069,76.223681220849,27.567198121370566,38.509480806176356,19.8303415731564,12.020072232926156,8.101390422432766
-0.2828005365353655,1.121997376282069,67.28312878436874,23.250376014472117,34.001852108057335,16.143417499563363,10.621488596938704,6.407046412403658
-0.2513032920204875,1.121997376282069,59.88363016087027,19.322417417165546,30.28342752248022,13.028118217265222,9.47392286455027,5.059198429904989
-0.22331409039755062,1.121997376282069,53.75542515680613,15.862889841787865,27.19931774650494,10.435606562140247,8.514030629716444,3.975810187430536
-0.19844221923690444,1.121997376282069,48.67285204034682,12.895851783036782,24.632103042263456,8.306976452937885,7.708111117514769,3.1091765505456235
-0.17634048216824733,1.121997376282069,44.44541321118205,10.40258379368117,22.489997173619635,6.579941346404922,7.034510757110483,2.4245182267487557
-0.15670035222800524,1.121997376282069,40.915616324243395,8.339445913554707,20.698510619998753,5.1925244107988995,6.473279810346341,1.8891066321515668
-0.13924766500838334,1.121997376282069,37.955838065853776,6.652229612704946,19.196161967155007,4.086466227375886,6.005028208093746,1.472376917609068
-0.12373879148704055,1.121997376282069,35.46367161093227,5.285135172667111,17.932215191239163,3.209725652706406,5.6124969745999325,1.1482192648894218
-0.10995723711238882,1.121997376282069,33.357011614652826,4.18559030382825,16.865060724270418,2.5176369262181737,5.281488129712282,0.8957906458879832
-0.09771061966979347,1.121997376282069,31.56974485169342,3.3064967614163256,15.960757460929337,1.9729477637082704,5.000792387695958,0.6989849108317686
-0.0868279837415025,1.121997376282069,30.048305933805263,2.6070199934175595,15.191683638533238,1.545194092188133,4.761642646199141,0.5454470413002487
-0.07715741427178036,1.121997376282069,28.74902829157873,2.052577793781425,14.535346047833555,1.2097936531000781,4.557116072119102,0.4256536917616657
-0.06856391592404971,1.121997376282069,27.63612208844434,1.614402208652911,13.973378736291195,0.9470924419334579,4.381654574823923,0.33220954193357216
-0.06092752862714207,1.121997376282069,26.680118435874597,1.2688956221126986,13.490728497548576,0.7414797021094548,4.230723882153655,0.2593407009123282
-0.0541416530048151,1.121997376282069,25.85665651759546,0.9969156832834858,13.075004358695045,0.5806162347989785,4.100579603162678,0.20252843632189696
-0.04811156231253989,1.121997376282069,25.145525904273885,0.7830702361255516,12.715962004705226,0.45478458357052165,3.988104166561741,0.15823607831748332
-0.04275308010908995,1.121997376282069,24.529902680272535,0.6150678324544785,12.405095526636343,0.3563534302743612,3.8906882164076926,0.12369889439991107
-0.0379914052040221,1.121997376282069,23.995735728958913,0.48314555718950186,12.135313258225747,0.2793424213882823,3.806140142116451,0.09675908944024386
-0.03376006747802295,1.121997376282069,23.531251190357512,0.37958054178534745,11.900679238733176,0.2190722562145201,3.7326143862505017,0.07573511530896218
-0.03,1.121997376282069,23.126550926914724,0.29828237738417174,11.696206000639178,0.17188556672623037,3.668553227085293,0.05931807896123057
0.03,1.121997376282069,17.69432881563267,0.2624554062071673,8.947699121423891,0.14807759739667364,2.8100846948163474,0.0498872495954095
0.03376006747802295,1.121997376282069,17.417980586361253,0.3285143387436272,8.807776144738074,0.1851302207000875,2.766416520447737,0.062317880960811645
0.0379914052040221,1.121997376282069,17.115977717531536,0.41035518913056174,8.654876136389937,0.23094847924060863,2.718668687360043,0.07767738087027537
0.04275308010908995,1.121997376282069,16.78747950982063,0.5113070486682805,8.488583304031664,0.2873473639859153,2.666693724797369,0.09657261312662532
0.04811156231253989,1.121997376282069,16.432164374380562,0.6351550912319003,8.308748646012067,0.3563764146922933,2.61042155512072,0.11969146719178977
0.0541416530048151,1.121997376282069,16.05045798167215,0.7860476022580468,8.11560578207961,0.4402624188817677,2.549896026973321,0.1477854671468394
0.06092752862714207,1.121997376282069,15.643832502514767,0.9682729193104844,7.9099217648481845,0.5412805804078049,2.485324775687139,0.18162807159381777
0.06856391592404971,1.121997376282069,15.215197174711408,1.1858239038220448,7.693192128274758,0.6615111887283885,2.417147293028976,0.2219322907353944
0.07715741427178036,1.121997376282069,14.76940616546197,1.4416301240200702,7.467891958640064,0.8024205264895078,2.346127332185101,0.26920312762630766
0.0868279837415025,1.121997376282069,14.313916964238734,1.736294426982761,7.237798385869821,0.9641839975882744,2.2734761900422966,0.3234913648062002
0.09771061966979347,1.121997376282069,13.859641327704267,2.066135528034577,7.008405281836962,1.144653025203883,2.2010113295174443,0.38401070476525884
0.10995723711238882,1.121997376282069,13.422040407168263,2.4203523196902306,6.787458969465944,1.3378735502680168,2.1313477727789185,0.44859393804840464
0.12373879148704055,1.121997376282069,13.022524009135536,2.777281687271731,6.585654722258621,1.532135404178201,2.068106310079875,0.5130210465574953
0.13924766500838334,1.121997376282069,12.690216825543752,3.1001967842839924,6.417545580799114,1.7077540883807767,2.0161085778953773,0.5703809946114555
0.15670035222800524,1.121997376282069,12.464146629161856,3.3341453917310844,6.302718908122908,1.8353019670428021,1.9815389066783058,0.6108180265670005
0.17634048216824733,1.121997376282069,12.395889906039184,3.4071351337078424,6.267273128816242,1.8759634646879513,1.9721358682180083,0.6221455553063644
0.19844221923690444,1.121997376282069,12.552695447765972,3.241096676562961,6.34555407170378,1.7869815655374237,1.9976637267905653,0.591722127787796
0.22331409039755062,1.121997376282069,13.021141170098074,2.7785753500981825,6.582000448063009,1.5358166960595896,2.0710558942342123,0.5098883017700868
0.2513032920204875,1.121997376282069,13.911503689140643,2.026579613764401,7.032939490898291,1.1243958824125124,2.2102015919776288,0.37596848062035315
0.2828005365353655,1.121997376282069,15.363107987645549,1.107698481446038,7.768548476387337,0.6180513596404886,2.4389971080917987,0.20848826612895482
0.3182455065418344,1.121997376282069,17.550460314769946,0.29581394422130874,8.875897010180504,0.1665198213575498,2.7859158472614847,0.0565795214698519
0.35813299251433084,1.121997376282069,20.688424698325505,0.010130937361280113,10.463404106682448,0.005782999192041025,3.2830374931425794,0.001980443812174342
0.40301979977966995,1.121997376282069,25.033371150234984,0.7512412656494805,12.662870526004092,0.4372642716946662,3.971363466727574,0.15204243260729047
0.4535325211846986,1.121997376282069,30.87926685338023,2.9828996489845974,15.623164292630795,1.7808614249722305,4.899939558846041,0.6325578683619753
0.5103762839557767,1.121997376282069,38.548582100413995,6.985527965286847,19.50390981504328,4.307914624982563,6.113094357990633,1.5658395691501596
0.5743445928509872,1.121997376282069,48.36681009165949,12.71556293891491,24.476454376042483,8.179617186457115,7.672648804831617,3.072142645964931
0.6463304070095649,1.121997376282069,60.617334471209155,19.72508922087234,30.6830593860639,13.364477977571038,9.620843320610872,5.228960102605468
0.7273386051246984,1.121997376282069,75.50144048086847,27.236666410861677,38.20920594585305,19.589092833041242,11.980682544495261,8.053109316475172
0.8185000129460304,1.121997376282069,93.09522841517064,34.39797172956789,47.11795241207104,26.399016939289275,14.778815399913196,11.527106867769108
0.9210871889273549,1.121997376282069,113.41074324193512,40.62285868380197,57.39252323563874,33.20453080913133,18.00762024241889,15.55833304533365
1.0365321883776653,1.121997376282069,136.60731827373647,45.74609280646295,69.12297921253192,39.52548179861359,21.699558874907602,20.077350141854104
1.166446554092426,1.121997376282069,163.25390087737406,49.89692731385914,82.60156591023588,45.07895068758277,25.931539962008276,25.03941018410186
1.3126438125222553,1.121997376282069,194.40623417787737,53.28443381001214,98.32805870576749,49.758939045411125,30.8680413764554,30.448365612369535
1.4771647895120215,1.121997376282069,231.78868386562272,56.09902793704141,117.18048179673194,53.62496137992352,36.77437575829058,36.30957182014133
1.6623060990028473,1.121997376282069,277.4643434328179,58.45732867967029,140.23230874147188,56.77323598150174,44.0276487793571,42.54110861499273
1.8706522023821734,1.121997376282069,333.99960484500053,60.43772272604111,168.7597002617189,59.31351976372811,52.98496455070413,48.7638490628199
2.1051114860111477,1.121997376282069,404.6457764163032,62.09780947555054,204.40359290796732,61.35751119834485,64.10146514332953,54.394707160979294
2.368956860549917,1.121997376282069,493.21598275194975,63.47904500781636,249.12148564446812,62.996737272275794,77.98088281069121,58.84214515403886
2.6658714488230206,1.121997376282069,603.5511782612988,64.61219117859656,304.92086427496344,64.30053719551528,95.38429941327209,61.93305479257472
3.0,1.121997376282069,740.2418454224974,65.53328046900126,373.7516584889981,65.32828090341539,116.8156071066532,63.956293411616194
-3.0,1.17186392633905,2546.2621954935908,68.33360790567332,1283.2755244257794,68.31432355485984,394.93689911484165,68.21313084385292
-2.6658714488230206,1.17186392633905,2051.853695913548,68.06274132436084,1032.5615113383187,68.03181604763293,320.89003054769324,67.89444952821809
-2.368956860549917,1.17186392633905,1653.8232891877092,67.7252722708101,833.0440259117424,67.68101504378345,258.3651151997015,67.46020776056129
-2.1051114860111477,1.17186392633905,1337.5522826939778,67.31132584837185,674.0113331654048,67.24582679943649,209.48434060792,66.90219416519284
-1.8706522023821734,1.17186392633905,1085.1344590645144,66.80396650206316,547.5163541830143,66.7088834778572,170.5431801272798,66.16517329253942
-1.6623060990028473,1.17186392633905,884.0334869824666,66.18677564834385,444.5151601846329,66.02995881589624,138.77340405428959,65.1434178819566
-1.4771647895120215,1.17186392633905,719.0074467085155,65.4139052537792,362.6783240954034,65.19154542130337,113.09243031139066,63.68639342863814
-1.3126438125222553,1.17186392633905,585.2588844554156,64.45500649396347,295.9646904169399,64.12788982180436,92.23753221573672,61.50672578978381
-1.166446554092426,1.17186392633905,480.1045675340676,63.308157741870524,241.92812513397223,62.77916205979414,75.19150050115914,58.13020381651519
-1.0365321883776653,1.17186392633905,393.9237880400767,61.88616869636248,199.17684541663905,61.11036543643147,61.771013812301945,53.38892428448769
-0.9210871889273549,1.17186392633905,325.0761756490899,60.17354914948295,164.0906082040425,58.96814859121118,51.27179520973257,47.69636356447422
-0.8185000129460304,1.17186392633905,269.2634990344337,58.096369505571296,136.10849105668333,56.30099901588125,42.30315010836925,41.15727715425329
-0.7273386051246984,1.17186392633905,224.5476183032687,55.63110643225346,113.36568080899137,52.95885897546109,35.41054584065534,35.017868668651566
-0.6463304070095649,1.17186392633905,187.79939633063714,52.66361886929673,95.07998191122292,48.92175293160362,29.57910417355248,29.078982697955073
-0.5743445928509872,1.17186392633905,158.4240632560955,49.24842488476232,80.04299566915948,44.14887814902326,25.03827728623056,24.015103513890505
-0.5103762839557767,1.17186392633905,134.5882956740635,45.36573057748916,67.90402927916539,38.93760057982216,21.183718860718002,19.45503716704865
-0.4535325211846986,1.17186392633905,115.0057506135952,41.0345239880834,58.117895335365695,33.639663940257186,18.13380297784378,15.714911033563986
-0.40301979977966995,1.17186392633905,99.04613601865051,36.426110199954856,50.09767762324382,28.495074415819715,15.674467356723547,12.647753085138008
-0.35813299251433084,1.17186392633905,86.05850715721442,31.751826900217587,43.50229299192218,23.727861613778057,13.597771371633064,10.052711881373963
-0.3182455065418344,1.17186392633905,75.40657216976595,27.193011356706183,38.09743451632838,19.499114296832154,11.89185183026246,7.94432678035035
-0.2828005365353655,1.17186392633905,66.61042554425426,22.906043883581415,33.662470886811576,15.861038336772545,10.51578313478069,6.281001152576081
-0.2513032920204875,1.17186392633905,59.328648662668165,19.01604925129499,30.00307036883117,12.792078484348146,9.386411922108643,4.958531129848893
-0.22331409039755062,1.17186392633905,53.29629174226555,15.597718480551489,26.9671100116075,10.241403598735609,8.441496476794324,3.8960159748297465
-0.19844221923690444,1.17186392633905,48.291749337826005,12.671329015402929,24.43926267678039,8.149221919615552,7.647929043920663,3.0463878302188654
-0.17634048216824733,1.17186392633905,44.127945437327845,10.215749349754866,22.329378051495777,6.453084895017615,6.984452288924866,2.3753560176571256
-0.15670035222800524,1.17186392633905,40.6501988690469,8.186092754308598,20.56429322286171,5.091315367406514,6.431482375837118,1.85071532019503
-0.13924766500838334,1.17186392633905,37.733145799853006,6.527723624893375,19.0836172397189,4.006208065105444,5.969976489464369,1.4424348368557085
-0.12373879148704055,1.17186392633905,35.27617698347425,5.184925041844885,17.837507288571235,3.1463764052543155,5.582977546272636,1.1248848988074918
-0.10995723711238882,1.17186392633905,33.198615552266,4.105490602146016,16.78507915227204,2.467810533505919,5.256531658030208,0.8776185933059578
-0.09771061966979347,1.17186392633905,31.435487374905406,3.242819911008318,15.892976616420889,1.9338615059716808,4.979620010666595,0.6848433289367728
-0.0868279837415025,1.17186392633905,29.934139718061235,2.55661346157314,15.134047846223263,1.5145927338900207,4.7436231937212705,0.5344493042372375
-0.07715741427178036,1.17186392633905,28.651640462911494,2.0128056358242334,14.486176978106755,1.1858683355912814,4.541734004388122,0.41710518802101904
-0.06856391592404971,1.17186392633905,27.552792934159108,1.5830971408220629,13.931301501199238,0.928403753612224,4.368486202986553,0.32556662771349404
-0.06092752862714207,1.17186392633905,26.608608670641157,1.244298509839438,13.454612842095957,0.7268891777144488,4.219419429266732,0.25417867945058287
-0.0541416530048151,1.17186392633905,25.79511692226898,0.9776127764844378,13.043917847685846,0.5692276599398156,4.090849320519139,0.19851626594848087
-0.04811156231253989,1.17186392633905,25.092424675773692,0.7679339873926584,12.689132678252086,0.44589497942550677,3.979707342970687,0.15511626489893235
-0.04275308010908995,1.17186392633905,24.48396689934769,0.6032041713707046,12.381882023548547,0.3494128708466687,3.8834243418550307,0.12127150039992385
-0.0379914052040221,1.17186392633905,23.955904127182663,0.4738486423601759,12.115180841412682,0.27392154458201706,3.799841740368832,0.0948690628573883
-0.03376006747802295,1.17186392633905,23.496635979904553,0.3722949332541554,11.883180499765015,0.2148362735801511,3.727141176003783,0.07426230253678061
-0.03,1.17186392633905,23.096406907463187,0.292572005496188,11.6809652861893,0.16857364287035825,3.663787356680949,0.05816939628037908
0.03,1.17186392633905,17.71470053243251,0.2579106047601666,8.958016865119413,0.14552527762515916,2.813303433328015,0.04903068958595953
0.03376006747802295,1.17186392633905,17.44022286923014,0.3228898815147967,8.819041777455215,0.18197684418418275,2.7699314237816144,0.061260902291513424
0.0379914052040221,1.17186392633905,17.140144512915214,0.4034256722010072,8.667117038982452,0.22707054177914765,2.722488623705952,0.07637913399055957
0.04275308010908995,1.17186392633905,16.81358409928813,0.5028171408526727,8.501806245312517,0.2826057399233597,2.670821261880721,0.0949871230483219
0.04811156231253989,1.17186392633905,16.460161964262056,0.6248262999494022,8.322930968331672,0.35062041117631143,2.614850226082439,0.11776895128369694
0.0541416530048151,1.17186392633905,16.080222989444497,0.7735939559611729,8.13068391819345,0.43333874783143306,2.5546067381534203,0.14547526016861786
0.06092752862714207,1.17186392633905,15.67512912643747,0.9534311179724042,7.925776384998065,0.5330502027353579,2.490281112211368,0.17888414946063608
0.06856391592404971,1.17186392633905,15.247641504378588,1.1684060041037605,7.709629054329673,0.6518782706117571,2.4222894198758413,0.21872284333647476
0.07715741427178036,1.17186392633905,14.80241771385406,1.421609816105554,7.4846177897799615,0.791379248770175,2.351364132302986,0.2655261776833846
0.0868279837415025,1.17186392633905,14.346657096394388,1.7139406308405216,7.2543895570235755,0.9518902659646398,2.27867524717904,0.3193988924825454
0.09771061966979347,1.17186392633905,13.890935680193348,2.042207110616463,7.024269031200977,1.1315281024438535,2.2059863847808576,0.379643620512758
0.10995723711238882,1.17186392633905,13.450282150224709,2.396359908829305,6.801784464110961,1.324742647839728,2.1358433930661955,0.44422844400782474
0.12373879148704055,1.17186392633905,13.04555491540215,2.7557963061887967,6.597352496580496,1.5203910669556917,2.071779681974699,0.5091215177745385
0.13924766500838334,1.17186392633905,12.705183938968368,3.0851233043669173,6.425173761768462,1.6995029188343653,2.0185083962770918,0.5676432609674268
0.15670035222800524,1.17186392633905,12.467334418009308,3.330763595267118,6.304395999055427,1.8333933518561527,1.9820808298775017,0.6101695219452445
0.17634048216824733,1.17186392633905,12.382531887431748,3.421549491292124,6.260580283783142,1.8837105742794502,1.9700726469958065,0.6246501451450319
0.19844221923690444,1.17186392633905,12.516776567747147,3.2786191569635603,6.327435639507411,1.8073116540207537,1.9920473636077816,0.5983264628310717
0.22331409039755062,1.17186392633905,12.955215461671274,2.840728081412906,6.548679736490284,1.569659090888471,2.060695163508761,0.5209488928599372
0.2513032920204875,1.17186392633905,13.806578606629895,2.107127615855379,6.979875027470962,1.1685049212702705,2.1936391235185937,0.39054093215066393
0.2828005365353655,1.17186392633905,15.20870498171592,1.1893283805818557,7.690466926853384,0.6631166315225977,2.4145528415028674,0.22356232437778076
0.3182455065418344,1.17186392633905,17.33507481048382,0.3499612043744265,8.766982254592028,0.1968019816003579,2.751807510757373,0.06681839781667026
0.35813299251433084,1.17186392633905,20.400778979859453,0.002038372342547763,10.317867565625706,0.0011622005764466688,3.2375066986864494,0.0003974761886032159
0.40301979977966995,1.17186392633905,24.665048129505763,0.650522845510068,12.47635667775435,0.3780208802422165,3.912953229964295,0.13126889556496313
0.4535325211846986,1.17186392633905,30.429631258434302,2.7775853515867563,15.395415787409542,1.6550461225963764,4.8284894376908944,0.5869629004630025
0.5103762839557767,1.17186392633905,38.033503115071554,6.695745955839262,19.242899568805154,4.1199120088484324,6.031116813123267,1.494782325769349
0.5743445928509872,1.17186392633905,47.8321201687072,12.400349213293046,24.20531548330394,7.958363738283595,7.587306515772999,2.983440160968459
0.6463304070095649,1.17186392633905,60.15498835701882,19.471660296445148,30.449481693220665,13.167899824333947,9.546940221733472,5.143451674791412
0.7273386051246984,1.17186392633905,75.26617225182689,27.128302483578675,38.09004945722393,19.493165781843384,11.942063497927519,8.005799044227508
0.8185000129460304,1.17186392633905,93.29760792320955,34.47000856671949,47.22219305296442,26.473983813717467,14.809464083314012,11.565439960786467
0.9210871889273549,1.17186392633905,114.25760777367367,40.84267152002874,57.824733655903934,33.46452377316604,18.141176508155347,15.724057126548777
1.0365321883776653,1.17186392633905,138.23256203485695,46.04448914049673,69.9510080276101,39.91615312308446,21.953361961466292,20.382278847719135
1.166446554092426,1.17186392633905,165.59922930877752,50.1979130107628,83.79352195629815,45.494282564576295,26.300536600713688,25.458664231821356
1.3126438125222553,1.17186392633905,197.2421206135556,53.53753243390759,99.77152444237296,50.112336607878696,31.315587239663923,30.916469401125426
1.4771647895120215,1.17186392633905,234.75264041808944,56.28173533359773,118.69005430164422,53.87500905287356,37.24290554591217,36.7446238574203
1.6623060990028473,1.17186392633905,280.1595357963116,58.57106023720881,141.60208060255357,56.922963824083396,44.450273290455684,42.87096169110879
1.8706522023821734,1.17186392633905,336.03082158074795,60.49578236871559,169.78981530435712,59.38673216561821,53.3015753081801,48.95496623838818
2.1051114860111477,1.17186392633905,405.62208263123784,62.11649628315123,204.8973304542494,61.38010904640792,64.253391125883,54.457319748987814
2.368956860549917,1.17186392633905,492.7395590326975,63.473001879129214,248.87712876643837,62.98957854707395,77.90524689356248,58.82384355133927
2.6658714488230206,1.17186392633905,601.2025091061973,64.59256462606501,303.7241667001913,64.27811897981748,95.0117774889984,61.88490021430023
3.0,1.17186392633905,735.5637165775275,65.5075916823615,371.38166506003273,65.29975966822667,116.07867653322016,63.90490251285477
-3.0,1.221730476396031,2489.981957839154,68.30825258764173,1254.9168172391107,68.28816746279,386.21107359010495,68.18257099859919
-2.6658714488230206,1.221730476396031,2006.7723284736476,68.03132281218944,1009.8844560937275,67.99913684644521,313.8411374913569,67.85526927297427
-2.368956860549917,1.221730476396031,1617.7244759108867,67.68632951476089,814.8699675189921,67.64020248021001,252.72850158323547,67.40873736178168
-2.1051114860111477,1.221730476396031,1308.5633116768677,67.2631888687236,659.4124765688418,67.19486530558274,204.94712810818808,66.83393950746682
-1.8706522023821734,1.221730476396031,1061.7999797484558,66.74460905780552,535.7502314733167,66.64530043203425,166.8781543478226,66.07296886949588
-1.6623060990028473,1.221730476396031,865.1879251230542,66.11383127196748,435.0501871210717,65.95027927951051,135.81809114540337,65.01465610372749
-1.4771647895120215,1.221730476396031,703.839761275194,65.3240802528542,355.0350481137897,65.09174771097595,110.70951434417358,63.499263083023365
-1.3126438125222553,1.221730476396031,573.0671540298111,64.34445018559916,289.8036270116686,64.00225336712649,90.31840318037224,61.223303468527604
-1.166446554092426,1.221730476396031,470.24394387435024,63.17306839811882,236.9662955486957,62.62036764674406,73.6509304570638,57.70241801183418
-1.0365321883776653,1.221730476396031,385.9712106081124,61.72118804566537,195.1597762082528,60.910020104853714,60.52730985477764,52.81622933726322
-0.9210871889273549,1.221730476396031,318.6441440089504,59.97340128795526,160.8482234139409,58.7144420147859,50.259193254447446,47.03862249448389
-0.8185000129460304,1.221730476396031,264.0604462137549,57.85498661199902,133.48136830638413,55.98221746612042,41.4881569270569,40.48206425979612
-0.7273386051246984,1.221730476396031,220.32539977957785,55.343189647625735,111.23738965067697,52.5644937623206,34.74634197515883,34.375215514282814
-0.6463304070095649,1.221730476396031,184.38090442919932,52.324089463345125,93.35038212900616,48.450894171708235,29.042268014124147,28.499473712932694
-0.5743445928509872,1.221730476396031,155.64343251408937,48.856522215750836,78.64007544472226,43.61573442527635,24.59980429970933,23.50756114514442
-0.5103762839557767,1.221730476396031,132.32194588081617,44.925547306018665,66.76287696556476,38.37325182594697,20.828393410689063,19.02444321690089
-0.4535325211846986,1.221730476396031,113.15884020032178,40.55692691375016,57.18577705532272,33.079412306814675,17.843593466204638,15.354626319540113
-0.40301979977966995,1.221730476396031,97.53757550741055,35.92929319339668,49.33531404280731,27.96812988469342,15.43624541952575,12.349659978315671
-0.35813299251433084,1.221730476396031,84.822040279207,31.257585850778444,42.87804730217787,23.25319686764727,13.403018662402314,9.810385514272197
-0.3182455065418344,1.221730476396031,74.39044665738808,26.721947688436092,37.584900914500764,19.085301335193897,11.732332525435128,7.749340432353795
-0.2828005365353655,1.221730476396031,65.77371153085845,22.47406762433492,33.24024831170928,15.509023849262384,10.384254276426129,6.124643181053987
-0.2513032920204875,1.221730476396031,58.638120929794326,18.63276569612893,29.65417880450019,12.49830755935751,9.277496467974725,4.833727840610737
-0.22331409039755062,1.221730476396031,52.72476117437176,15.266683589353633,26.67802089387606,9.999983807510024,8.35118539574184,3.79712606239049
-0.19844221923690444,1.221730476396031,47.81709545065195,12.3914881945562,24.199060617620557,7.953269089517791,7.572956662369744,2.968584781902664
-0.17634048216824733,1.221730476396031,43.732308020189414,9.983153927599709,22.129189860767145,6.295591657326858,6.9220517284633205,2.3144375822184475
-0.15670035222800524,1.221730476396031,40.319210556802766,7.995334178262009,20.396898802655233,4.965698374463848,6.379344024253523,1.8031380604179756
-0.13924766500838334,1.221730476396031,37.455243541973054,6.372930158366486,18.943152382644122,3.906604116718119,5.92622203353815,1.4053213399016844
-0.12373879148704055,1.221730476396031,35.04202741118377,5.060374750989311,17.71921643662177,3.0677535510097282,5.546102646325936,1.095954262454386
-0.10995723711238882,1.221730476396031,33.00065635671966,4.005946771512685,16.6851059617047,2.4059611616449197,5.225334167130693,0.8550811954827655
-0.09771061966979347,1.221730476396031,31.267567938710986,3.1636831743678364,15.808189303465022,1.8853319569043683,4.953133649824317,0.6672981244850041
-0.0868279837415025,1.221730476396031,29.791240057387697,2.493959993284585,15.061896546646135,1.4765862124617097,4.721064650084004,0.52079896242673
-0.07715741427178036,1.221730476396031,28.52965018402801,1.9633590935541412,14.424579026295813,1.1561426572831413,4.522463249074517,0.4064900740327163
-0.06856391592404971,1.221730476396031,27.44833611291764,1.5441660386045197,13.878549926308676,0.9051750778195016,4.351977033512489,0.3173139020476893
-0.06092752862714207,1.221730476396031,26.518904231435922,1.2136993124560576,13.409303590374055,0.7087466626883978,4.205237237614452,0.24776262504625526
-0.0541416530048151,1.221730476396031,25.717866800219042,0.9535910439005277,13.004891868273045,0.5550605375619966,4.078633888788274,0.19352698211006733
-0.04811156231253989,1.221730476396031,25.02572394556681,0.7490904705977175,12.655429732341483,0.4348317685206342,3.969159229519528,0.1512347993849371
-0.04275308010908995,1.221730476396031,24.42623139289202,0.5884292028804707,12.352703734259439,0.3407716037781995,3.8742939412404427,0.11825008475296311
-0.0379914052040221,1.221730476396031,23.905812033597012,0.46226595179829044,12.089861043226236,0.26716955359208505,3.7919204129458572,0.0925154564560795
-0.03376006747802295,1.221730476396031,23.45308065088217,0.36321473668171633,11.861161372736252,0.2095580335345658,3.7202540232485335,0.07242745402747545
-0.03,1.221730476396031,23.05845865462297,0.28545255040820094,11.66177808997207,0.16444526103175167,3.6577873250157107,0.0567377708426412
0.03,1.221730476396031,17.74065383236242,0.252184266993292,8.971160536093615,0.1423092070793055,2.817403530246426,0.04795130552066203
0.03376006747802295,1.221730476396031,17.46859082328883,0.3157953581158027,8.833408843014032,0.17799898722054672,2.774413680673648,0.05992748448035737
0.0379914052040221,1.221730476396031,17.171008070630013,0.39467328503173926,8.682748529744027,0.22217211249108626,2.7273662360513318,0.07473915606476625
0.04275308010908995,1.221730476396031,16.846976055541223,0.4920763587256284,8.51871876939954,0.276606539361977,2.67609997050783,0.09298102937031877
0.04811156231253989,1.221730476396031,16.496045754067904,0.6117327058151137,8.341105970041541,0.34332309521254123,2.620524989767905,0.11533154047786599
0.0541416530048151,1.221730476396031,16.11846495809681,0.7577667548356161,8.150053651085665,0.42453892610604016,2.5606573515657822,0.14253897236289606
0.06092752862714207,1.221730476396031,15.715462514077263,0.9345079368121451,7.946205725547945,0.5225559681070812,2.496666465009364,0.17538546444781672
0.06856391592404971,1.221730476396031,15.28961996023165,1.146104894366867,7.730892074076353,0.6395443760037623,2.428940016881894,0.21461357434305472
0.07715741427178036,1.221730476396031,14.845355657381416,1.3958322394664986,7.5063677521716805,0.7771630955290598,2.3581724178545684,0.26079215537463146
0.0868279837415025,1.221730476396031,14.389553683518795,1.6849329513253406,7.276120704300316,0.9359387089641988,2.2854832216606025,0.314089191771305
0.09771061966979347,1.221730476396031,13.932378558045336,2.0107991850479263,7.045268178799505,1.1143045375016198,2.2125700064889027,0.37391352370340314
0.10995723711238882,1.221730476396031,13.488326700362574,2.364291634219131,6.821070055412577,1.3071998978689536,2.1418933633037467,0.4383974565832182
0.12373879148704055,1.221730476396031,13.07757450298869,2.7261139216176913,6.613598496883379,1.5041809839261897,2.0768783926837053,0.503741619039419
0.13924766500838334,1.221730476396031,12.727687160020878,3.062555736732974,6.436615868744307,1.6871774668886999,2.022102855336356,0.5635592941457305
0.15670035222800524,1.221730476396031,12.47574698952518,3.32185056932297,6.308718706751294,1.8284802146044077,1.983450725805358,0.6085323022173954
0.17634048216824733,1.221730476396031,12.370944326782173,3.4340880622763255,6.25478629328629,1.8904351489259756,1.9682908818504339,0.6268186242753688
0.19844221923690444,1.221730476396031,12.47766511443645,3.3198206769462257,6.307704799846482,1.8296317912164395,1.9859288517741076,0.605578214902572
0.22331409039755062,1.221730476396031,12.879155122505994,2.91360932396824,6.510232497445635,1.6093299243951382,2.0487354094526182,0.5339141660921851
0.2513032920204875,1.221730476396031,13.681991014833573,2.205469761503225,6.9168621393691145,1.2223236894510905,2.1739671799379576,0.40831403029514235
0.2828005365353655,1.221730476396031,15.021738085465595,1.2930186847331318,7.595913651539401,0.7203016654092587,2.3849501637522486,0.24267509742250448
0.3182455065418344,1.221730476396031,17.06982308785449,0.42377632175323476,8.632852413701512,0.23801895171845713,2.709802860174127,0.08073774709061048
0.35813299251433084,1.221730476396031,20.04022633671382,0.0006438352302351401,10.13546072719644,0.00036617771894635457,3.1804471174480655,0.00012524186023633432
0.40301979977966995,1.221730476396031,24.193313340295273,0.5303843178027461,12.237508586467596,0.3075657626953471,3.8381748419538404,0.10662529494063258
0.4535325211846986,1.221730476396031,29.836416522042395,2.5137140740495574,15.094968804398578,1.4939655111023484,4.734269528735942,0.5287733804158681
0.5103762839557767,1.221730476396031,37.32236571007072,6.2991517781369755,18.88263332453004,3.8638868802687316,5.918094155789544,1.398459590145817
0.5743445928509872,1.221730476396031,47.034100327755205,11.929517127953002,23.800793684198343,7.6298014308351885,7.460214754233411,2.85248175283802
0.6463304070095649,1.221730476396031,59.34690931709619,19.02615377820794,30.040645368680757,12.823715888103308,9.418138028063623,4.9949873213583755
0.7273386051246984,1.221730476396031,74.59374411115762,26.81670311986784,37.749405606408054,19.21833457352969,11.834076717374957,7.873651344632618
0.8185000129460304,1.221730476396031,92.9823993684271,34.35771420011855,47.06408241224848,26.36022926044674,14.757891600299816,11.500938153118382
0.9210871889273549,1.221730476396031,114.55346019260153,40.91879964975928,57.97795986149863,33.55618574433443,18.187197769517887,15.781132564799623
1.0365321883776653,1.221730476396031,139.35659933059716,46.24691886634514,70.52576981318425,40.18325669266915,22.12744404221011,20.590933049510387
1.166446554092426,1.221730476396031,167.57799854887838,50.44514210179842,84.80109301578965,45.83677056971181,26.611279701542315,25.80993747135175
1.3126438125222553,1.221730476396031,199.8829172711405,53.76643209247234,101.11864432117991,50.43232133904281,31.732340317323718,31.348905979641714
1.4771647895120215,1.221730476396031,237.65422509243496,56.45591475133485,120.17171928339246,54.113400363971174,37.70207329147719,37.16664865260938
1.6623060990028473,1.221730476396031,282.8286118822803,58.68142182117958,142.96248404337592,57.06833451234354,44.868920107081436,43.19411604318431
1.8706522023821734,1.221730476396031,337.9470722659597,60.54987909573755,170.76538227719865,59.45511699223647,53.60004904010807,49.13339087348096
2.1051114860111477,1.221730476396031,406.2618366589094,62.1286901496916,205.22406807439333,61.39499481586413,64.35261879613248,54.49802303583668
2.368956860549917,1.221730476396031,491.57289797747774,63.45815185398571,248.2861752225536,62.97220027566243,77.72154611934198,58.77916892379466
2.6658714488230206,1.221730476396031,597.6788455134629,64.56281896799342,301.9345323081919,64.24422683806615,94.45437596356888,61.81172472963586
3.0,1.221730476396031,729.0899337148264,65.4714814218317,368.1059766082412,65.25968274986573,115.05957296758908,63.83222372086752
-3.0,1.2715970264530116,2422.79923461765,68.27642761048344,1221.06561731524,68.25531526659518,375.7956394189784,68.14404283454357
-2.6658714488230206,1.2715970264530116,1952.9525412066548,67.99189112585992,982.811993618858,67.95808741221022,305.4268990778458,67.80581726977569
-2.368956860549917,1.2715970264530116,1574.6266997443404,67.63746212107598,793.1723429272998,67.58893306468893,245.99962716567407,67.34366729397708
-2.1051114860111477,1.2715970264530116,1273.9557449881952,67.20279919589333,641.9839629316461,67.1308447809801,199.5309550530538,66.74746994780187
-1.8706522023821734,1.2715970264530116,1033.9470290527242,66.67016924780725,521.7055594566647,66.56542532803194,162.50378148637031,65.95583026979115
-1.6623060990028473,1.2715970264530116,842.6989807972541,66.0223957182366,423.75462769289055,65.85018578029802,132.29154708021179,64.85044551716094
-1.4771647895120215,1.2715970264530116,685.7453010342492,65.21154926283445,345.91643280626573,64.96639139193424,107.86682037646777,63.259522473969646
-1.3126438125222553,1.2715970264530116,558.5280923687504,64.20604268471524,282.45607064246843,63.84445548251101,88.02976645075175,60.859347823521006
-1.166446554092426,1.2715970264530116,458.4903959912483,63.0040939439629,231.051320685298,62.42095316501171,71.81439290822188,57.15755236538858
-1.0365321883776653,1.2715970264530116,376.4965329254823,61.515032627223405,190.37347233337636,60.658518330562565,59.04533300356165,52.09987423781527
-0.9210871889273549,1.2715970264530116,310.9849728284932,59.72360847523264,156.98677708171977,58.39619868216913,49.05327643399259,46.22900434828891
-0.8185000129460304,1.2715970264530116,257.86783351892865,57.5541833314731,130.35425550451404,55.58305063199199,40.517962545826414,39.66049120438666
-0.7273386051246984,1.2715970264530116,215.30266772279512,54.985084199665074,108.70518984068681,52.072427905557404,33.95606880326331,33.599083350235695
-0.6463304070095649,1.2715970264530116,180.3158255522081,51.90283178580377,91.2934575695741,47.86687003990096,28.403753219762063,27.803306728585802
-0.5743445928509872,1.2715970264530116,152.33807746667796,48.3718740600701,76.9721579336508,42.959694477289204,24.078494939956258,22.900183911570885
-0.5103762839557767,1.2715970264530116,129.62866774981495,44.38346429914689,65.4064843788785,37.684577591212864,20.40600843041239,18.510632366348208
-0.4535325211846986,1.2715970264530116,110.96430205428815,39.971716546649304,56.07804989291818,32.4007381242777,17.49867157729327,14.925682260193591
-0.40301979977966995,1.2715970264530116,95.74512822892547,35.32387608174923,48.42937660045289,27.33355935553335,15.153144013751657,11.995401844717634
-0.35813299251433084,1.2715970264530116,83.35281483210481,30.6585819183275,42.13617887180714,22.684168801078638,13.171550126271507,9.522798358536756
-0.3182455065418344,1.2715970264530116,73.18284840181956,26.15384844364431,36.97568140963791,18.59092013004399,11.54269693415833,7.518184072779455
-0.2828005365353655,1.2715970264530116,64.77905247402187,21.955287893077028,32.73824234758245,15.089563053268364,10.227854176344676,5.9394442607026825
-0.2513032920204875,1.2715970264530116,57.81692306036871,18.174025510018147,29.239214386448907,12.148936091023298,9.147944579342127,4.686006769066681
-0.22331409039755062,1.2715970264530116,52.04475542087622,14.871536559071496,26.334032709878077,9.713293024335066,8.243716344559349,3.6801346719721177
-0.19844221923690444,1.2715970264530116,47.25204891666696,12.058138337564115,23.91309417484586,7.720821829818893,7.483692231808584,2.876568757780428
-0.17634048216824733,1.2715970264530116,43.261049009015615,9.706516212993453,21.89072100488799,6.108910049057291,6.847710409915041,2.2424026581435395
-0.15670035222800524,1.2715970264530116,39.92471092314084,7.768718530499369,20.19736819433719,4.816878277001463,6.317188711034948,1.746882097242501
-0.13924766500838334,1.2715970264530116,37.12379943320883,6.189194130925429,18.77560989247202,3.788640450674161,5.874027091573776,1.3614366265150089
-0.12373879148704055,1.2715970264530116,34.76257701137074,4.912622210642816,17.578026158415,2.9746541606921446,5.502085212975479,1.0617418588923693
-0.10995723711238882,1.2715970264530116,32.76423583838923,3.8879029444462185,16.565697110304196,2.3327269728045796,5.1880690502069085,0.8284247752644144
-0.09771061966979347,1.2715970264530116,31.066885337364184,3.069858385841135,15.706848957042526,1.8278662719297785,4.921474882110988,0.6465416492234931
-0.0868279837415025,1.2715970264530116,29.620342136311354,2.4196834493204054,14.975600625955018,1.4315752583304473,4.694082924791631,0.5046458410413114
-0.07715741427178036,1.2715970264530116,28.383660560402397,1.9047380455020742,14.350856476134213,1.1209318596427917,4.499398963046035,0.39392481025561193
-0.06856391592404971,1.2715970264530116,27.323247900669223,1.4980067692539394,13.815374440192562,0.8776535774948582,4.332205411657395,0.3075417503307538
-0.06092752862714207,1.2715970264530116,26.411414802651436,1.1774130972033414,13.355007520529032,0.6872454679524254,4.1882420072556235,0.24016261257444327
-0.0541416530048151,1.2715970264530116,25.62524548291709,0.9250990333019427,12.958097730364146,0.5382657983191074,4.063986910104155,0.18761488141198376
-0.04811156231253989,1.2715970264530116,24.945705738745076,0.7267352076732037,12.614995580210875,0.4217126583075036,3.956504381688092,0.14663374537053744
-0.04275308010908995,1.2715970264530116,24.356931377610447,0.5708964267185797,12.317679462889599,0.3305213660584574,3.8633341770011054,0.11466723952095152
-0.0379914052040221,1.2715970264530116,23.845656318744677,0.4485178286640053,12.059453321404972,0.25915792535036886,3.7824072639975608,0.08972353459549855
-0.03376006747802295,1.2715970264530116,23.400750562530853,0.35243421763932403,11.834705412802093,0.2032932289312374,3.711979052925929,0.07025016669354342
-0.03,1.2715970264530116,23.012845549018625,0.27699781462425266,11.638714853087619,0.15954382685423557,3.6505751518375447,0.055038415737744636
0.03,1.2715970264530116,17.772168469714604,0.24532646251076584,8.987119856577312,0.13845718937967366,2.822381765435239,0.0466583425794545
0.03376006747802295,1.2715970264530116,17.503069917186163,0.30729119442430114,8.85086995048574,0.17323010174362455,2.7798609674418073,0.05832872413422423
0.0379914052040221,1.2715970264530116,17.208562457902996,0.3841701181687449,8.70176756342582,0.2162929637210893,2.7333005515809092,0.07277060608268532
0.04275308010908995,1.2715970264530116,16.887661853167785,0.47916939797477726,8.539324103064006,0.2693963066968753,2.682530829432268,0.09056968845574385
0.04811156231253989,1.2715970264530116,16.539839617804926,0.5959717315143829,8.363285674334998,0.33453776496966137,2.6274495648276,0.11239676529236708
0.0541416530048151,1.2715970264530116,16.165231661879528,0.7386747161560946,8.173739086944826,0.4139221153081897,2.56805535390551,0.1389959948239193
0.06092752862714207,1.2715970264530116,15.764912757271716,0.9116192415545973,7.9712502298472625,0.5098605122661372,2.5044934223510293,0.17115245842290708
0.06856391592404971,1.2715970264530116,15.341255793669449,1.1190349655616492,7.757043445673705,0.6245707826955293,2.437118494527744,0.20962436006165838
0.07715741427178036,1.2715970264530116,14.898400302481718,1.364394641959017,7.533232936815583,0.759823349910002,2.366580629963765,0.2550175000895005
0.0868279837415025,1.2715970264530116,14.44286180730479,1.6493252637862474,7.303120699496259,0.9163563250034517,2.293940403444725,0.30757053012008573
0.09771061966979347,1.2715970264530116,13.98432229696263,1.9718811220434047,7.071580729061419,1.0929628342408084,2.220817905638588,0.36681317117605394
0.10995723711238882,1.2715970264530116,13.53665199448558,2.3239720149716514,6.845557204126511,1.285146940800359,2.149573307366968,0.43106757288627956
0.12373879148704055,1.2715970264530116,13.119221808779553,2.6878328432718344,6.634715599923851,1.4832844694451017,2.0835035749853827,0.4968076059871827
0.13924766500838334,1.2715970264530116,12.758570696376148,3.0317700437643174,6.452298534204495,1.670383369583873,2.0270254999046298,0.5579984930871466
0.15670035222800524,1.2715970264530116,12.490487826411941,3.3062730838697467,6.316244908480701,1.8199477403256694,1.9858229906745843,0.6057042076850853
0.17634048216824733,1.2715970264530116,12.362555421297802,3.4431856028036414,6.250613586971685,1.89528835512586,1.9670160662566898,0.6283732907399491
0.19844221923690444,1.2715970264530116,12.437191536388301,3.362837186988141,6.287287992969012,1.8529276721304995,1.9795971257110097,0.6131455694896913
0.22331409039755062,1.2715970264530116,12.795281999220357,2.9954537702501853,6.467834399198916,1.6538591562335387,2.035543568152987,0.5484636752542815
0.2513032920204875,1.2715970264530116,13.540651806586988,2.3206554987979056,6.845374997798155,1.2853101244263,2.151646882492644,0.42910226954752856
0.2828005365353655,1.2715970264530116,14.805804931639459,1.4195655442220492,7.486710614931476,0.7900043875208619,2.350760170730352,0.26594865729061334
0.3182455065418344,1.2715970264530116,16.75906817065124,0.5206404646831535,8.47571771848103,0.29200412153424454,2.6605949143423917,0.09894254634144153
0.35813299251433084,1.2715970264530116,19.61191542646935,0.012224239988904623,9.918794078530352,0.006941783444851206,3.1126770558264547,0.0023689929795918953
0.40301979977966995,1.2715970264530116,23.623985166625104,0.39939863669180664,11.94927862648604,0.2310277482031988,3.747955240266907,0.07993209736265669
0.4535325211846986,1.2715970264530116,29.105702160570893,2.2004461201285825,14.724908782427054,1.303644885821167,4.618250683570933,0.4602808716231938
0.5103762839557767,1.2715970264530116,36.42048410837509,5.80271074081382,18.425816277999647,3.5454261694060474,5.774883033657212,1.2792714580379216
0.5743445928509872,1.2715970264530116,45.97502430109186,11.304426768295865,23.264061388464185,7.1969810239586725,7.291753862454857,2.6810887672053987
0.6463304070095649,1.2715970264530116,58.18771466014238,18.38154518239493,29.453803084271442,12.329594786178493,9.233597876805293,4.78358237149153
0.7273386051246984,1.2715970264530116,73.46255171272179,26.286230108598456,37.17631494604169,18.754027000085543,11.653327972814294,7.652950272540116
0.8185000129460304,1.2715970264530116,92.09917330924459,34.04018898159381,46.61794289846776,26.037799564631946,14.616116563813197,11.323653684443066
0.9210871889273549,1.2715970264530116,114.20884593261366,40.83009139307882,57.80665100199137,33.45368888014743,18.131466233949368,15.712012463423058
1.0365321883776653,1.2715970264530116,139.8580016109179,46.336197234675325,70.78540572797928,40.302829247984505,22.202616879858198,20.68090875778582
1.166446554092426,1.2715970264530116,169.07586674825825,50.62833388919099,85.56616107844022,46.09168454450505,26.84568398616952,26.07381847314186
1.3126438125222553,1.2715970264530116,202.2810295144637,53.96884724872036,102.34534867873744,50.715735997201236,32.110847090096215,31.738747097518512
1.4771647895120215,1.2715970264530116,240.5616193677201,56.6259707521905,121.66050722414904,54.346186329033934,38.16290748573315,37.58588245416047
1.6623060990028473,1.2715970264530116,285.67215591621596,58.79658891535267,144.4160285313086,57.22010557309328,45.315722318195725,43.535063766267825
1.8706522023821734,1.2715970264530116,340.06923591780253,60.60903643630184,171.85000864486696,59.53008303158434,53.931656725126665,49.329645481997524
2.1051114860111477,1.2715970264530116,406.9813483202357,62.14235604877158,205.59570098841579,61.411859917609846,64.46560799545203,54.544188168239785
2.368956860549917,1.2715970264530116,490.2037336640725,63.44063003321704,247.59644823323976,62.95179918772254,77.5075226332235,58.72671602080899
2.6658714488230206,1.2715970264530116,593.5225616382832,64.52726154591015,299.82711131537894,64.20374317465291,93.79836563191155,61.723838532407434
3.0,1.2715970264530116,721.4090919126929,65.4277705956792,364.22291433410226,65.21116038046023,113.85180371149447,63.74357787517107
-3.0,1.3214635765099927,2345.323361601268,68.23743948731371,1182.0294691940887,68.21503506495043,363.7854591942018,68.09658138611259
-2.6658714488230206,1.3214635765099927,1890.8765382938413,67.94358704701494,951.5871410572985,67.9077481549915,295.7229855902004,67.74480839829089
-2.368956860549917,1.3214635765099927,1524.9115561755348,67.57760616520983,768.1436320902742,67.52605115055864,238.23829835116427,67.26322148047068
-2.1051114860111477,1.3214635765099927,1234.032576759235,67.12884454071715,621.8786610753405,67.05231227262091,193.28341474169815,66.64027529608357
-1.8706522023821734,1.3214635765099927,1001.8169521220224,66.57903483244948,505.50422166159046,66.46743169902295,157.45807848754808,65.81008153327994
-1.6623060990028473,1.3214635765099927,816.7596968719514,65.9104984979491,410.7256232533749,65.72737135897572,128.22412919930628,64.64511429319047
-1.4771647895120215,1.3214635765099927,664.8782195308114,65.07390613358396,335.40026147684813,64.8125627748459,104.58862469794512,62.95804702051872
-1.3126438125222553,1.3214635765099927,541.764822766144,64.0368576943543,273.98428005368254,63.650798115961194,85.39103765679552,60.400739606870225
-1.166446554092426,1.3214635765099927,444.9429092375572,62.79771364583662,224.2330553443711,62.176217066173194,69.69738623604592,56.47900770770636
-1.0365321883776653,1.3214635765099927,365.57917216809375,61.26349303037267,184.8580621250509,60.34992876385347,57.33752398104527,51.227158892642805
-0.9210871889273549,1.3214635765099927,302.1625557848026,59.41920945918255,152.53848465008664,58.006030817792464,47.664109423368195,45.260532145386435
-0.8185000129460304,1.3214635765099927,250.7370428633217,57.18821424017145,126.75309419115453,55.09469163743187,39.40062050361246,38.69037522473734
-0.7273386051246984,1.3214635765099927,209.5208256966757,54.550326529167805,105.78994819604578,51.473040148091464,33.046239663055104,32.69017273641573
-0.6463304070095649,1.3214635765099927,175.63740075533835,51.392872262584795,88.92601875845048,47.16062955715472,27.668779130967202,26.992836570825133
-0.5743445928509872,1.3214635765099927,148.53475521571676,47.78743539614736,75.05273668628244,42.173902856947194,23.47856623851566,22.196039102859125
-0.5103762839557767,1.3214635765099927,126.52999630406474,43.73300930622272,63.845688957417615,36.86770174920308,19.919938256394996,17.91685765604587
-0.4535325211846986,1.3214635765099927,108.43942512025997,39.27370933659694,54.80343419487729,31.60247938316309,17.101751924591884,14.431199880986458
-0.40301979977966995,1.3214635765099927,93.68267214685586,34.60646235058054,47.38687434490127,26.592178675308375,14.827352731125245,11.587814690798323
-0.35813299251433084,1.3214635765099927,81.6619820888325,29.95329092007982,41.282313729553515,22.02278774877982,12.905120441214816,9.192427012215736
-0.3182455065418344,1.3214635765099927,71.79273945118416,25.488789211066567,36.27429305879249,18.018547615315985,11.324350442277446,7.252962959850473
-0.2828005365353655,1.3214635765099927,63.6336479467945,21.35092759473116,32.160083327641686,14.605374695007846,10.047713315137662,5.727164845086457
-0.2513032920204875,1.3214635765099927,56.87083836446759,17.641731947262684,28.761097182562047,11.746569133508798,8.998667475349672,4.516820286475444
-0.22331409039755062,1.3214635765099927,51.2609235337707,14.414477557371,25.93749563066076,9.383686666364824,8.119823202438512,3.546224028918265
-0.19844221923690444,1.3214635765099927,46.60035233565732,11.673507501134672,23.583256283694265,7.453928586871365,7.380726294104694,2.7712906592754334
-0.17634048216824733,1.3214635765099927,42.71718687999138,9.387927427229844,21.615497965724764,5.8947729220921765,6.761903896708403,2.1600091242576243
-0.15670035222800524,1.3214635765099927,39.46913948379788,7.5081145289033735,19.966934450107104,4.646291392595518,6.2454002798677655,1.6825475757474087
-0.13924766500838334,1.3214635765099927,36.7407894392383,5.978129539314338,18.58198789856892,3.653489485466905,5.8137024086086235,1.3112537244990576
-0.12373879148704055,1.3214635765099927,34.43943002277752,4.743027430728516,17.414746376460048,2.868024097556757,5.45117759649964,1.0226191525501438
-0.10995723711238882,1.3214635765099927,32.49065967087392,3.752484190746004,16.427511544634193,2.248864185478869,5.14494184400095,0.797940121396407
-0.09771061966979347,1.3214635765099927,30.834505054855097,2.9622633200908446,15.589493206109772,1.762064823894848,4.884811587372622,0.6228009084188756
-0.0868279837415025,1.3214635765099927,29.42231788229513,2.3345245069994873,14.875600034448016,1.3800339368062087,4.662815520745188,0.48616673379040376
-0.07715741427178036,1.3214635765099927,28.214387253764173,1.8375353302448043,14.265370461767713,1.0806087194320055,4.472654087862834,0.37954682217818336
-0.06856391592404971,1.3214635765099927,27.17811754292976,1.4450908481211344,13.74207243358229,0.8461314656213156,4.309264378885157,0.29635684393659384
-0.06092752862714207,1.3214635765099927,26.28662713219478,1.1358130855541135,13.291970343458527,0.6626141300261854,4.168510623456929,0.23146136324627853
-0.0541416530048151,1.3214635765099927,25.517656410257402,0.8924310999670303,12.903739136620553,0.5190218922310251,4.046972124852879,0.18084407993286727
-0.04811156231253989,1.3214635765099927,24.852705604721937,0.701099739324665,12.567999684157453,0.40667684481622474,3.9417958198460257,0.1413627925993491
-0.04275308010908995,1.3214635765099927,24.276346919766652,0.5507876301851887,12.27695068220068,0.31877067123410047,3.8505893044370376,0.11056148212295211
-0.0379914052040221,1.3214635765099927,23.775671569265114,0.4327468145638077,12.024076199544233,0.24997123555656556,3.7713393620481277,0.08652316835859733
-0.03376006747802295,1.3214635765099927,23.339842904135438,0.34006505391867253,11.803912267635335,0.19610778253088834,3.7023474231224016,0.06775362165893814
-0.03,1.3214635765099927,22.959733927574995,0.267295255933124,11.611859646725256,0.1539207385546061,3.6421771189732652,0.05308933503213421
0.03,1.3214635765099927,17.80921815482036,0.23739769487870038,9.00588148764866,0.13400283752432154,2.8282339635544207,0.04516298160042413
0.03376006747802295,1.3214635765099927,17.54364027359464,0.2974506290001236,8.8714150008106,0.1677107537073533,2.7862701151203004,0.056478082951790985
0.0379914052040221,1.3214635765099927,17.25279756654491,0.37200389002637385,8.72416897885368,0.20948151792303005,2.740289936677616,0.07048951195160037
0.04275308010908995,1.3214635765099927,16.935645595355776,0.464199850029565,8.563624269942977,0.2610320085682657,2.6901144410959374,0.08777190453902975
0.04811156231253989,1.3214635765099927,16.5915677034169,0.5776633844121941,8.389482239782819,0.3243301260961729,2.6356277110270105,0.10898624973298453
0.0541416530048151,1.3214635765099927,16.22057490350687,0.7164531320284844,8.201766366990565,0.4015620102982776,2.576808865857985,0.1348704995181393
0.06092752862714207,1.3214635765099927,15.823569184535652,0.8849114904552214,8.000955011135503,0.4950431130151454,2.513776029599029,0.16621103035031762
0.06856391592404971,1.3214635765099927,15.402688597066042,1.0873447146142092,7.7881536906344895,0.6070372043433018,2.4468468441768385,0.20378109969985586
0.07715741427178036,1.3214635765099927,14.961757864584131,1.3274304346696058,7.565317536631541,0.7394306859774821,2.3766213055804086,0.2482249557206894
0.0868279837415025,1.3214635765099927,14.506875218357841,1.6072065925502972,7.335537967439061,0.8931887436178138,2.3040932003139973,0.29985718672557493
0.09771061966979347,1.3214635765099927,14.04717478809395,1.9254507314531768,7.103412774890216,1.067498246342848,2.2307945882352764,0.3583399996950045
0.10995723711238882,1.3214635765099927,13.59581373975341,2.275237531562642,6.875526686427483,1.2584910014899378,2.1589711654041452,0.4222069890048778
0.12373879148704055,1.3214635765099927,13.171242732166272,2.640531153406052,6.661080700648977,1.4574688371264752,2.091773284120173,0.48824148761705305
0.13924766500838334,1.3214635765099927,12.798823593999694,2.9919662315825697,6.47272160590096,1.6486841369840084,2.033432797173063,0.5508160981705619
0.15670035222800524,1.3214635765099927,12.512854724725468,3.2827343659091404,6.3276307197638495,1.8070919162453036,1.989402739060248,0.601453605862429
0.17634048216824733,1.3214635765099927,12.35905210255023,3.44698987184018,6.248915437678025,1.8972659202594464,1.9665145442323024,0.6289856327261151
0.19844221923690444,1.3214635765099927,12.397528996894069,3.405369369527389,6.26728503223807,1.875949705952912,1.9733951891333508,0.6206202245927657
0.22331409039755062,1.3214635765099927,12.706370508082818,3.0839304779768333,6.422890119149333,1.701970201177857,2.0215580124651096,0.5641770563111802
0.2513032920204875,1.3214635765099927,13.386069075164581,2.4511434108515715,6.76718996611136,1.3565987907991053,2.127233784523095,0.45261331317111386
0.2828005365353655,1.3214635765099927,14.565292727940701,1.5693735064780054,7.365079164856834,0.8724004808650333,2.3126790040498313,0.29342915995099006
0.3182455065418344,1.3214635765099927,16.408222257075813,0.6440664945333099,8.298318846339406,0.36064410508769107,2.6050427504722777,0.1220505013307811
0.35813299251433084,1.3214635765099927,19.122400875787918,0.04404703127909117,9.671189057867762,0.02495891746959069,3.0352369341416994,0.008501862711529955
0.40301979977966995,1.3214635765099927,22.964788948285914,0.268212111842308,11.61558458450599,0.15469525611737434,3.643522985423715,0.053399538640354176
0.4535325211846986,1.3214635765099927,28.24619456073053,1.8500994517026705,14.289652569274454,1.092006698943162,4.481820495559386,0.38445123319507674
0.5103762839557767,1.3214635765099927,35.336853238262464,5.217308868321604,17.87701959398533,3.1727628809157973,5.602922741816189,1.1406342003328198
0.5743445928509872,1.3214635765099927,44.66237784129634,10.530356731566318,22.598937658766264,6.666224010164331,7.083131337304215,2.4725129745153347
0.6463304070095649,1.3214635765099927,56.67928916043723,17.533484269803083,28.689906156462825,11.68668279283208,8.99363840746067,4.5111402358250725
0.7273386051246984,1.3214635765099927,71.86026325506364,25.52136797596463,36.36453513316374,18.092374707720587,11.397897108266497,7.342182183273389
0.8185000129460304,1.3214635765099927,90.60607902780485,33.4936801646988,45.862474190207536,25.48697296952266,14.377525653968991,11.02544292031915
0.9210871889273549,1.3214635765099927,113.13325706959235,40.55021678468289,57.264707026536826,33.12723654272665,17.95959211180911,15.498705761715762
1.0365321883776653,1.3214635765099927,139.58897771459388,46.28837314738168,70.6545900062909,40.24266759971553,22.155504702115508,20.624528306963576
1.166446554092426,1.3214635765099927,169.91636475844044,50.72967234786353,85.99891617157927,46.233941610406525,26.9757772358515,26.219861126949624
1.3126438125222553,1.3214635765099927,204.30382199714472,54.135691178482546,103.38419776441515,50.94999487388189,32.430111384552575,32.0654066753344
1.4771647895120215,1.3214635765099927,243.4710396169409,56.791829975584506,123.15478100332176,54.57328186358356,38.624983946908976,38.00189074202666
1.6623060990028473,1.3214635765099927,288.86772553227684,58.923141836109004,146.0536284939944,57.3868471132902,45.81921221428431,43.914403324082144
1.8706522023821734,1.3214635765099927,342.7609792866418,60.68295713641798,173.22931632324233,59.62383538886948,54.35458198327099,49.576938817476595
2.1051114860111477,1.3214635765099927,408.3026871402948,62.16732073063657,206.2782073550498,61.442651103920745,64.67579409693508,54.62954917147189
2.368956860549917,1.3214635765099927,489.27554902939545,63.42869334854962,247.13520567516696,62.93808474601679,77.36586161120802,58.69175672759888
2.6658714488230206,1.3214635765099927,589.4675188954321,64.49206838480266,297.77450185549753,64.16370327744266,93.16060038321352,61.636514341596786
3.0,1.3214635765099927,713.3257071232348,65.38071924699156,360.1405678061875,65.15892088169467,112.58332656520788,63.647408777645246
-3.0,1.3713301265669733,2258.2515215002877,68.190395243387,1138.160304448187,68.1663824117156,350.2891212558109,68.03892561949219
-2.6658714488230206,1.3713301265669733,1821.0963194244473,67.88530410305572,916.4881260687006,67.84693164216563,284.8160408114183,67.6705557284003
-2.368956860549917,1.3713301265669733,1469.0162605586763,67.50539186502301,740.0043853033421,67.45006370666589,229.5130498531668,67.16505485258001
-2.1051114860111477,1.3713301265669733,1189.1413822097081,67.03963628322025,599.2719338677751,66.95738991921817,186.25910514006907,66.50901667238173
-1.8706522023821734,1.3713301265669733,965.6870088175323,66.46913308271046,487.2862308792402,66.34895831961204,151.784715227366,65.63078789203618
-1.6623060990028473,1.3713301265669733,787.5921987821589,65.77560945659113,396.0749425082219,65.57885330183667,123.65076282060575,64.39097144878306
-1.4771647895120215,1.3713301265669733,641.4161894443699,64.90806648568206,323.5761733391982,64.62649482107098,100.90290101642853,62.58242715795152
-1.3126438125222553,1.3713301265669733,522.9194697084322,63.833152006666964,264.46011165780834,63.41650170912497,82.42462283930077,59.828865683711925
-1.166446554092426,1.3713301265669733,429.7158849997585,62.54943544597867,216.56911053693102,61.88008927035794,67.31781800953317,55.6467660007948
-1.0365321883776653,1.3713301265669733,353.3109935822895,60.9612159839539,178.65995761618296,59.97661454712062,55.418269860735165,50.18413214523722
-0.9210871889273549,1.3713301265669733,292.25083333747455,59.05392160011316,147.54062349570734,57.53449014936845,46.10333703907223,44.12619736678823
-0.8185000129460304,1.3713301265669733,242.72753732410283,56.74984638459897,122.7079038972572,54.50603944825938,38.145449389398934,37.570079347754984
-0.7273386051246984,1.3713301265669733,203.02777232365855,54.03084829736234,102.51580413867576,50.754530910623586,32.024388806271595,31.649944762575643
-0.6463304070095649,1.3713301265669733,170.38406084032624,50.78561616394601,86.26750090428573,46.3215373345365,26.843379638712225,26.071228968295365
-0.5743445928509872,1.3713301265669733,144.26437379509315,47.09468395001807,72.89739918825778,41.25077055542306,22.80488940115376,21.398968479756334
-0.5103762839557767,1.3713301265669733,123.05078270177023,42.966559932672546,62.09299800312631,35.91872417938463,19.374077097642985,17.247067283729663
-0.4535325211846986,1.3713301265669733,105.60414015005307,38.45703246263267,53.37198375661334,30.683874732165762,16.65596424695791,13.874903067066805
-0.40301979977966995,1.3713301265669733,91.36618974179532,33.773437143938295,46.21588002051,25.74540171323359,14.461393477936566,11.130245483858305
-0.35813299251433084,1.3713301265669733,79.7623721901556,29.140340723481394,40.32292575600558,21.27171639920747,12.605748787976784,8.822171298553233
-0.3182455065418344,1.3713301265669733,70.23042244283914,24.72722956197923,35.4859294173,17.371388757929807,11.078909020900648,6.956127725945441
-0.2828005365353655,1.3713301265669733,62.345768687858275,20.662703988580663,31.509942380560567,14.059743584775386,9.845130666738548,5.489845039966047
-0.2513032920204875,1.3713301265669733,55.80650700675313,17.038307708392253,28.223180372741595,11.294301708411165,8.830711592337204,4.327845511298073
-0.22331409039755062,1.3713301265669733,50.37860129745061,13.898200445820345,25.491107304367123,9.013932720976472,7.980348408371676,3.396755391494645
-0.19844221923690444,1.3713301265669733,45.8663000929429,11.24026614333624,23.211719195685465,7.154978356239399,7.264736587989903,2.653842848215712
-0.17634048216824733,1.3713301265669733,42.1041847493436,9.02986051007802,21.305272274954806,5.655190102945615,6.6651779242961355,2.0681259741517026
-0.15670035222800524,1.3713301265669733,38.95529514807687,7.215711843696747,19.70701244353976,4.4555968200949305,6.164419228036193,1.6108215988004517
-0.13924766500838334,1.3713301265669733,36.3084809229867,5.741615305562127,18.363431872768835,3.502501336869191,5.7456046437131505,1.2553135618064162
-0.12373879148704055,1.3713301265669733,34.07442769940731,4.55316615230628,17.23030680213819,2.748950068111781,5.393669500538422,0.9790105453566735
-0.10995723711238882,1.3713301265669733,32.18142693370035,3.600989475571742,16.271305927481706,2.1552401201003586,5.096188584930161,0.7639592434084163
-0.09771061966979347,1.3713301265669733,30.571650918100175,2.841954851870856,15.456739665843358,1.6886153151604018,4.843336634994951,0.5963349705276287
-0.0868279837415025,1.3713301265669733,29.198169299226453,2.23933446617331,14.76240042590324,1.3225047776850924,4.627420484300821,0.4655633528562848
-0.07715741427178036,1.3713301265669733,28.022653152805386,1.7624313778688334,14.168536280884865,1.03559958830653,4.442358509791455,0.36351288925419195
-0.06856391592404971,1.3713301265669733,27.013622989543148,1.3859589211382015,13.658986108537713,0.8109428258910859,4.283261000202281,0.28388088138693074
-0.06092752862714207,1.3713301265669733,26.145101613082975,1.0893269304897495,13.220474978594696,0.6351138834458534,4.146131617363443,0.2217532654594728
-0.0541416530048151,1.3713301265669733,25.395564386410726,0.8559243852297902,12.842050797966861,0.49753279402696515,4.027662978612843,0.17328775426598889
-0.04811156231253989,1.3713301265669733,24.747110410313,0.6724492001394431,12.514637441796651,0.389883447277432,3.9250946809252127,0.13547867017708137
-0.04275308010908995,1.3713301265669733,24.18480115670727,0.5283109582011158,12.230680635842143,0.3056435859591337,3.836110390989336,0.10597680245312151
-0.0379914052040221,1.3713301265669733,23.696128651497553,0.4151161230017175,11.983866541846066,0.2397062052890549,3.7587595132667158,0.08294848638690851
-0.03376006747802295,1.3713301265669733,23.27058553211816,0.3262351335353556,11.768897090133917,0.18807710556649296,3.6913951415130435,0.06496431518830977
-0.03,1.3713301265669733,22.899316139598287,0.25644504405935276,11.581309695368352,0.14763481106355625,3.632623621342458,0.05091111642282303
0.03,1.3713301265669733,17.85177010852297,0.22846854069387001,9.02742880387556,0.12898538293568595,2.834954923924739,0.04347827819830459
0.03376006747802295,1.3713301265669733,17.590276073739023,0.28635934230090165,8.895030885561242,0.1614884305958956,2.7936370156847636,0.05439132740467537
0.0379914052040221,1.3713301265669733,17.303698324477136,0.3582776067675161,8.749945100020208,0.2017946771564539,2.748331972704748,0.06791471883187451
0.04275308010908995,1.3713301265669733,16.990927977892945,0.44728996555789247,8.591619566365935,0.25158092677431343,2.698850868342411,0.08460990074182018
0.04811156231253989,1.3713301265669733,16.651253080404956,0.5569502481787668,8.419707276054801,0.3127783176255328,2.645063015983832,0.10512572827685379
0.0541416530048151,1.3713301265669733,16.284548758727382,0.6912642938409754,8.234162779241789,0.3875471109830085,2.5869263651074106,0.13019153970174466
0.06092752862714207,1.3713301265669733,15.891528093869743,0.8545629179811867,8.035368705368109,0.4782003858851798,2.524529431207863,0.16059277884156192
0.06856391592404971,1.3713301265669733,15.474071389026008,1.0512191928535373,7.824300119033997,0.5870431829376421,2.4581491774419457,0.19711618962881877
0.07715741427178036,1.3713301265669733,15.035656737049024,1.2851136626870758,7.6027369587053055,0.7160776632921062,2.388330487303599,0.2404444092048308
0.0868279837415025,1.3713301265669733,14.581921580390828,1.5587086914787702,7.3735380798469,0.8665043990919936,2.315993384903405,0.29097084347964514
0.09771061966979347,1.3713301265669733,14.121393442112893,1.871546415219856,7.1409954438894045,1.0379274001676844,2.242572398823241,0.3484983194241148
0.10995723711238882,1.3713301265669733,13.666437787916811,2.2179551065847205,6.9112947356040975,1.2271548794401974,2.1701859846706664,0.41178879184643524
0.12373879148704055,1.3713301265669733,13.234480449479157,2.5837931470251196,6.693119861418889,1.4265036054450506,2.101820977401871,0.4779656842688496
0.13924766500838334,1.3713301265669733,12.84956775770655,2.9423031294778115,6.498452082676384,1.6216197652163897,2.041502236824869,0.5418592630714664
0.15670035222800524,1.3713301265669733,12.544324925898898,3.2498139798157,6.3436229642042745,1.7891408581659398,1.994423446842526,0.5955263162719086
0.17634048216824733,1.3713301265669733,12.36236173982382,3.443395845159519,6.250666688869695,1.895226538870327,1.9670906103694081,0.6282823097553565
0.19844221923690444,1.3713301265669733,12.361171100004748,3.444688490014223,6.248957808254922,1.8972165605370006,1.9677165825435652,0.6275186682242312
0.22331409039755062,1.3713301265669733,12.615620902382684,3.1760850493107986,6.377019778057429,1.7520498272676572,2.007284304262368,0.5805245994462966
0.2513032920204875,1.3713301265669733,13.222316656354652,2.594642066470809,6.684369623676049,1.4349165358430296,2.1013728578244266,0.47842090935692927
0.2828005365353655,1.3713301265669733,14.305342307220211,1.7421796686192106,7.233621745636446,0.9672945778711708,2.2715221011469797,0.3250379942550883
0.3182455065418344,1.3713301265669733,16.023707576691166,0.7973410836291112,8.103906936426409,0.4456789115215253,2.544165210109692,0.15062459171251552
0.35813299251433084,1.3713301265669733,18.57960448173139,0.1040233527869132,9.396658109938542,0.05880044613185339,2.949382976246149,0.01998979290391058
0.40301979977966995,1.3713301265669733,22.225326988033995,0.14934046727914066,11.241294051860097,0.08585528959465043,3.526403259297026,0.02956051352861666
0.4535325211846986,1.3713301265669733,27.269226206889368,1.4782291592304746,13.794947518823108,0.8688247844497817,4.326782849262348,0.304883012094618
0.5103762839557767,1.3713301265669733,34.084229538850586,4.5582404280937565,17.2427203032554,2.756917530190741,5.404247372873461,0.9869844363076712
0.5743445928509872,1.3713301265669733,43.109161239763765,9.61746468128985,21.812039760692464,6.047545006956406,6.836428891218572,2.2315234449190835
0.6463304070095649,1.3713301265669733,54.83168537289403,16.481620850737475,27.754061937111906,10.900436072832015,8.69987822919909,4.181705284137008
0.7273386051246984,1.3713301265669733,69.78627544441005,24.508016889825385,35.31378920195568,17.229576977056873,11.067727537831066,6.942639652997048
0.8185000129460304,1.3713301265669733,88.47577493229659,32.692395234676106,44.78377937433396,24.690081601479072,14.037818210455832,10.601246798031726
0.9210871889273549,1.3713301265669733,111.24637703087541,40.048037511749186,56.31121629329984,32.54475622745303,17.658807533559806,15.124921170376389
1.0365321883776653,1.3713301265669733,138.38849102241818,46.072761260742524,70.05123082918695,39.96296792081761,21.960624091866,20.39099131815321
1.166446554092426,1.3713301265669733,169.86088180133467,50.72301464233425,85.97783358323589,46.22704332807109,26.963684784705926,26.20629853038349
1.3126438125222553,1.3713301265669733,205.70193658215533,54.248988377670834,104.10818325482,51.1102130890304,32.65052674277034,32.28976674880873
1.4771647895120215,1.3713301265669733,246.24364622747387,56.94601785458091,124.58399157231787,54.78457917839001,39.06634132859182,38.3951670915457
1.6623060990028473,1.3713301265669733,292.50033840920287,59.063439502798886,147.9191520423897,57.571517174499476,46.393245299072255,44.34061641106875
1.8706522023821734,1.3713301265669733,346.38327318512466,60.780516141523165,175.08784679473422,59.74743956876003,54.926700986058364,49.906139894446795
2.1051114860111477,1.3713301265669733,410.8492102022367,62.214957257940384,207.5895388381208,61.501159899201866,65.08293558176263,54.7929982735328
2.368956860549917,1.3713301265669733,489.62492949337707,63.433192018084966,247.32836861389904,62.943835204663415,77.43024221768765,58.7076685530198
2.6658714488230206,1.3713301265669733,586.5099719150239,64.46608146814421,296.2830221464084,64.1342242108528,92.69991706841377,61.57225087288818
3.0,1.3713301265669733,705.9541299660514,65.33684094457625,356.42475778597554,65.11023952722557,111.43162961151488,63.55724093811379
-3.0,1.4211966766239543,2162.358272815385,68.13415167119587,1089.8492016212824,68.10814517507058,335.4273518105868,67.96943241487887
-2.6658714488230206,1.4211966766239543,1744.2255600312494,67.81562563109802,877.8243253515888,67.77411268634478,272.80243057561466,67.58084925398434
-2.368956860549917,1.4211966766239543,1407.4274606240765,67.41906595727366,709.0001180983296,67.35905186982816,219.9001887495589,67.04607346933206
-2.1051114860111477,1.4211966766239543,1139.6696595470612,66.93301456246363,574.3592941102723,66.8436632401594,178.5189040155527,66.34924975522102
-1.8706522023821734,1.4211966766239543,925.866902783769,66.33781576162545,467.20797555066395,66.20696835846294,145.5324695878476,65.41130870540553
-1.6623060990028473,1.4211966766239543,755.4451218630704,65.6145007571422,379.9276852909315,65.40079513381816,118.61053671949044,64.07755278425411
-1.4771647895120215,1.4211966766239543,615.5585101388899,64.71010334030308,310.5447047793299,64.40334258760672,96.8410213749249,62.11579492560191
-1.3126438125222553,1.4211966766239543,502.1517627652578,63.59017189179812,253.9643099364072,63.13542198851439,79.15569696223714,59.119629222234316
-1.166446554092426,1.4211966766239543,412.9380938056446,62.25357193217488,208.1243230198835,61.52477810127614,64.69583977915548,54.637655139329425
-1.0365321883776653,1.4211966766239543,339.79551528319183,60.601450116350556,171.83145054990538,59.52880964276885,53.30377837183591,48.956289401391075
-0.9210871889273549,1.4211966766239543,281.33317600506786,58.61986219999598,142.03522044917224,56.969603854005875,44.384086399366616,42.81954455012903
-0.8185000129460304,1.4211966766239543,233.9063748272443,56.23007022232301,118.25253575250245,53.80329469572219,36.76295604902674,36.29891239947884
-0.7273386051246984,1.4211966766239543,195.87751151678822,53.41670468941903,98.90997264462649,49.90274214188893,30.89900977229136,30.48087990153927
-0.6463304070095649,1.4211966766239543,164.59911156777827,50.07063757475309,83.33980459535455,45.337500101484224,25.934353563906853,25.04261567291119
-0.5743445928509872,1.4211966766239543,139.5617360258217,46.283520416222636,70.52369757585919,40.18229963624813,22.06294935992604,20.513677359968877
-0.5103762839557767,1.4211966766239543,119.21898528977026,42.0753820350543,60.16248346770486,34.83406983558463,18.772806232017288,16.50594964483105
-0.4535325211846986,1.4211966766239543,102.48084966136975,37.51528212975863,51.79500008758057,29.644846192499102,16.16482669182767,13.261137303490363
-0.40301979977966995,1.4211966766239543,88.81362994765574,32.8211853557748,44.92546039160513,24.795438167384305,14.058098702541084,10.626555490142874
-0.35813299251433084,1.4211966766239543,77.66838227316752,28.218726928837906,39.26528028727553,20.434394802241318,12.275701257043847,8.415348768141083
-0.3182455065418344,1.4211966766239543,68.50745024144457,23.870189691795744,34.61641503417542,16.653348372692033,10.808185065466787,6.630464508514809
-0.2828005365353655,1.4211966766239543,60.92468389879789,19.89295561406498,30.792494805842423,13.456556792263576,9.621562293275261,5.229793111472509
-0.2513032920204875,1.4211966766239543,54.63136771826673,16.36677680638501,27.629220846969524,10.795732583706382,8.645249410487258,4.12097273935742
-0.22331409039755062,1.4211966766239543,49.40376461655289,13.325939965443073,24.997889314456604,8.607212294269411,7.826235611981479,3.2332582486402894
-0.19844221923690444,1.4211966766239543,45.05470114473993,10.761550248453418,22.800915671902537,6.826694093203814,7.136482183929478,2.525449535887815
-0.17634048216824733,1.4211966766239543,41.42592069003742,8.63517785741131,20.9620055146318,5.3924385290615975,6.558143728983814,1.9677250477130008
-0.15670035222800524,1.4211966766239543,38.38631255526372,6.89401976643207,19.41918691796156,4.246665627559297,6.074738987437659,1.532471284410591
-0.13924766500838334,1.4211966766239543,35.82941378422135,5.481789150769588,18.121225109534333,3.337193363469408,5.670133407412731,1.194219242393699
-0.12373879148704055,1.4211966766239543,33.669633277788826,4.344821646477178,17.025749351942913,2.618650181653148,5.329885620128194,0.9313887239742817
-0.10995723711238882,1.4211966766239543,31.838218126902593,3.4348830103179093,16.09792859358899,2.052825033160338,5.042073924475697,0.7268516331116677
-0.09771061966979347,1.4211966766239543,30.27969553581246,2.710120756348588,15.309281116766611,1.60828591864192,4.797266379059286,0.567431991895607
-0.0868279837415025,1.4211966766239543,28.949020834032815,2.1350679326449313,14.636569308737021,1.2595931342451825,4.5880752027358,0.44305997975322775
-0.07715741427178036,1.4211966766239543,27.80938227241139,1.680187929860345,14.060820318294333,0.9863798253556173,4.408658097979347,0.34599730226474024
-0.06856391592404971,1.4211966766239543,26.830526012499824,1.3212155158261247,13.566500016051394,0.7724599577131459,4.254315594009319,0.27024915064864324
-0.06092752862714207,1.4211966766239543,25.98746837051691,1.0384324118250567,13.140839579903568,0.605035761915554,4.121204548504242,0.21114325770994294
-0.0541416530048151,1.4211966766239543,25.259492438310748,0.8159553348852966,12.773296848353008,0.4740257194742218,4.006142126274813,0.16502727628583094
-0.04811156231253989,1.4211966766239543,24.62935581269593,0.6410795314679647,12.4551289105689,0.37150971815039047,3.906469819479936,0.12904447793422427
-0.04275308010908995,1.4211966766239543,24.082658259802848,0.5036986990964714,12.179053309917988,0.29127833218994625,3.8199549946352143,0.10096214695056283
-0.0379914052040221,1.4211966766239543,23.607333065624044,0.39580789021514823,11.93897872199793,0.22847061232336355,3.7447160016230754,0.07903747712622611
-0.03376006747802295,1.4211966766239543,23.193235636968264,0.31108717863381685,11.729789865107383,0.17928525133007842,3.6791628549043804,0.06191175214062329
-0.03,1.4211966766239543,22.831809464198866,0.24455898126662223,11.547174829895754,0.14075161868589497,3.621948996053154,0.048526694958261674
0.03,1.4211966766239543,17.899784560963443,0.21861920876075897,9.051741639777111,0.12344944142315172,2.8425383416070553,0.04161908792265448
0.03376006747802295,1.4211966766239543,17.642944885839782,0.27411499221644886,8.921701147201412,0.15461729887769365,2.8019565162726012,0.052086452332384334
0.0379914052040221,1.4211966766239543,17.361243804660322,0.34310911490073603,8.779085285254116,0.1932975959391943,2.7574233155972583,0.06506781946457292
0.04275308010908995,1.4211966766239543,17.05350511622109,0.4285802994342066,8.623307967877215,0.24112048962517704,2.7087394495146944,0.08110927081248834
0.04811156231253989,1.4211966766239543,16.718916206125,0.5339973509991913,8.453971067882067,0.2999728753876272,2.655758653277383,0.10084504375379612
0.0541416530048151,1.4211966766239543,16.357207582350362,0.6632978019135896,8.270955749576073,0.37198093868150617,2.598416371670654,0.12499313420868849
0.06092752862714207,1.4211966766239543,15.968890173344457,0.820784638329862,8.074542166064324,0.4594469463843566,2.5367694633909643,0.15433523665338433
0.06856391592404971,1.4211966766239543,15.55556729260717,1.010882456690313,7.865565148796732,0.5647094966152946,2.471051201208226,0.18966900667896824
0.07715741427178036,1.4211966766239543,15.12034323107132,1.237663645896516,7.645615668934165,0.6898813324962536,2.401747049529723,0.23171377078751026
0.0868279837415025,1.4211966766239543,14.668357028222152,1.5040141122203952,7.417301002160284,0.8363989918293931,2.3296972331360313,0.2809420770552546
0.09771061966979347,1.4211966766239543,14.20747826421408,1.8102603850070154,7.184581395056336,1.0042955204142836,2.2562304232542716,0.33730171319587465
0.10995723711238882,1.4211966766239543,13.749211357706338,2.1520426661177634,6.953208601445162,1.1910880885198358,2.183326527946676,0.3997946365434162
0.12373879148704055,1.4211966766239543,13.309864334032746,2.517239582699414,6.7313027059582815,1.39017677327691,2.113793757237777,0.465908370831408
0.13924766500838334,1.4211966766239543,12.912044027729866,2.8819397819381924,6.530117067868915,1.588728898734182,2.0514301236443933,0.5309742880976863
0.15670035222800524,1.4211966766239543,12.586537708088215,3.206018473870141,6.365050359284392,1.7652818711844316,2.001144192805333,0.5876543915463399
0.17634048216824733,1.4211966766239543,12.374630499428518,3.4300958608052823,6.256952791557218,1.887918737583572,1.9690830825268621,0.625853848184266
0.19844221923690444,1.4211966766239543,12.330905170455456,3.4776622330233895,6.233716744305136,1.9150293476952815,1.963001150467567,0.6332868646371433
0.22331409039755062,1.4211966766239543,12.52662654542819,3.268299417625184,6.332042341087057,1.8021275973664932,1.993290002309647,0.5968609331331415
0.2513032920204875,1.4211966766239543,13.053994435843022,2.7479515699337718,6.599242622268041,1.5184991167469473,2.074792178927545,0.5059382972104628
0.2828005365353655,1.4211966766239543,14.031800584184161,1.9367414573529196,7.0952977464601235,1.073953386171471,2.2282166110246204,0.3605174176208084
0.3182455065418344,1.4211966766239543,15.61290040710716,0.9830785375455355,7.8962150915305065,0.5484568509627495,2.479131943015213,0.18509138176463757
0.35813299251433084,1.4211966766239543,17.992750992725934,0.2002245611127056,9.099871883904871,0.11287976557830683,2.8565768923252497,0.03829320937545119
0.40301979977966995,1.4211966766239543,21.417008378817243,0.056805214124186015,10.832188440766329,0.03254211370147587,3.39840651331795,0.011173002709445918
0.4535325211846986,1.4211966766239543,26.188687855906196,1.1035642238095191,13.2478364916375,0.6455831977072146,4.155346807660559,0.2257300445407362
0.5103762839557767,1.4211966766239543,32.67909286606712,3.8456204523060373,16.531280695215006,2.3117503204197134,5.181479115266771,0.8237411395641195
0.5743445928509872,1.4211966766239543,41.333969324918606,8.581808277165237,20.91282113342693,5.355002135609772,6.554614051348416,1.9644375096642335
0.6463304070095649,1.4211966766239543,52.66360124685589,15.231199489829486,26.65577463677571,9.98142339606359,8.355310601451674,3.801631794254547
0.7273386051246984,1.4211966766239543,67.25344569320809,23.235238514789167,34.03064332937003,16.16734837879402,10.664900178864698,6.45890743988665
0.8185000129460304,1.4211966766239543,85.70065645978369,31.609707950684616,43.37802823623914,23.633679066320397,13.595838223334518,10.050305045047848
0.9210871889273549,1.4211966766239543,108.4908413735214,39.2881940721136,54.916968230657616,31.674335911275357,17.220004884928443,14.578609096733377
1.0365321883776653,1.4211966766239543,136.1045535151797,45.65239189380575,68.8978639702654,39.41806284015628,21.593927123276387,19.95019189862927
1.166446554092426,1.4211966766239543,168.62842297445613,50.573961457719875,85.35974772020836,46.02334157823572,26.764762759283567,25.982828417267893
1.3126438125222553,1.4211966766239543,206.09484261366956,54.28053585894169,104.32330938618105,51.15734775438006,32.71154482889527,32.35170883399081
1.4771647895120215,1.4211966766239543,248.53138953001937,57.07049126374301,125.77073507233347,54.95578985650364,39.43160796901136,38.71762485516687
1.6623060990028473,1.4211966766239543,296.44416459788295,59.211627360531985,149.94899772564287,57.766329983073135,47.01812073708793,44.797001396293965
1.8706522023821734,1.4211966766239543,351.1826343319231,60.90650241665502,177.55213106243352,59.906688521250885,55.68778175546598,50.33465280610838
2.1051114860111477,1.4211966766239543,415.28824195093574,62.2965283124689,209.8706140073917,61.600940917250966,65.79403369647616,55.0725364550962
2.368956860549917,1.4211966766239543,492.29927667447186,63.467406315950264,248.70987091499657,62.984669399901804,77.86829571114852,58.814882911249825
2.6658714488230206,1.4211966766239543,585.9969827169274,64.4615462860734,296.0380706878814,64.12935133084869,92.63139888805298,61.56260637240721
3.0,1.4211966766239543,700.8611876981507,65.30596894667721,353.8720095628199,65.07615046898333,110.64668398886316,63.4941645731341
-3.0,1.471063226680935,2058.48257371137,68.06724375956807,1037.5198956157496,68.0387655081983,319.3310543839709,67.88595197207563
-2.6658714488230206,1.471063226680935,1660.9297229939984,67.7327362426553,835.9313189404926,67.68732954197817,259.78672110287715,67.47277892088955
-2.368956860549917,1.471063226680935,1340.6738516296878,67.31638292582593,675.3976032548234,67.25054620949813,209.48265429488217,66.90216946468693
-2.1051114860111477,1.471063226680935,1086.039388824777,66.80621592736064,547.3536635549392,66.70802400792536,170.12912179729614,66.15501207207642
-1.8706522023821734,1.471063226680935,882.6948133179004,66.18169963476083,445.4402121456371,66.03755183912386,138.75460360114752,65.14262262412966
-1.6623060990028473,1.471063226680935,720.5907277716344,65.42305667514435,362.4208274217719,65.18825776562156,113.14624892270574,63.69048397707288
-1.4771647895120215,1.471063226680935,587.5240202924844,64.4750221630924,296.41623022266754,64.13687041224729,92.43742559660483,61.535180225673955
-1.3126438125222553,1.471063226680935,479.6375123032598,63.301890170089116,242.58573187254785,62.79965744233495,75.61196166400144,58.24254503435078
-1.166446554092426,1.471063226680935,394.7515365675891,61.902938766228,198.9701777232983,61.10028556249722,61.85366706743754,53.426081934530686
-1.0365321883776653,1.471063226680935,325.1470410323952,60.175707594857485,164.43027166797134,58.99404876594548,51.01194066451833,47.529485073294424
-0.9210871889273549,1.471063226680935,269.5017070072829,58.10718356816518,136.0687086235728,56.296279325104045,42.520859458715066,41.33534020962949
-0.8185000129460304,1.471063226680935,224.34766919138684,55.61773076286295,113.42439953439363,52.96950080450138,35.26475049652507,34.87756276214238
-0.7273386051246984,1.471063226680935,188.1297167066612,52.69574329530478,95.00252405586119,48.90104918891599,29.67948653396084,29.186750920270157
-0.6463304070095649,1.471063226680935,158.33037919457078,49.23544800513002,80.167116513808,44.19524357561978,24.949208823588997,23.91225392258876
-0.5743445928509872,1.471063226680935,134.4652496584862,45.34219572573497,67.95100240874402,38.96053941400763,21.25879903511183,19.54582340743308
-0.5103762839557767,1.471063226680935,115.0654324977293,41.04973521822984,58.06966261231836,33.610915938877795,18.12095680727974,15.69897574458813
-0.4535325211846986,1.471063226680935,99.09423479657465,36.44176246099187,50.08493505522083,28.48632008776508,15.632215484302705,12.594884851362268
-0.40301979977966995,1.471063226680935,86.04475138409828,31.74637767070394,43.52559713874291,23.745507202175112,13.620586681056379,10.081119841968786
-0.35813299251433084,1.471063226680935,75.39584959273859,27.18807371603867,38.11737015920207,19.515169967756684,11.917470900320486,7.9756856116582
-0.3182455065418344,1.471063226680935,66.63652362735773,22.91945207845481,33.67215393174812,15.869102267954402,10.514171364706977,6.279081863932854
-0.2828005365353655,1.471063226680935,59.380579084542696,19.04478067235809,30.012878683954487,12.800336935957965,9.37860845706082,4.949571213826578
-0.2513032920204875,1.471063226680935,53.35359205434232,15.630850074976273,26.98334604073422,10.254974413545428,8.443569106963613,3.8982915323692864
-0.22331409039755062,1.471063226680935,48.3429770397256,12.701518560098197,24.461160673367196,8.167116520988031,7.658521399001796,3.0574175874689726
-0.19844221923690444,1.471063226680935,44.17083719138013,10.240982300637462,22.35351784297134,6.472122820482254,6.996796891250546,2.3874556090064702
-0.17634048216824733,1.471063226680935,40.68665441817694,8.207136308158308,20.58785248118076,5.109049543624888,6.441472804627487,1.8598715145280948
-0.15670035222800524,1.471063226680935,37.76563554966045,6.545863123654485,19.10519908783304,4.021567676874241,5.976901755110922,1.4483358370394304
-0.13924766500838334,1.471063226680935,35.30637933994185,5.2010389767617236,17.856778064222592,3.159237791146606,5.587727943532512,1.1286295493954144
-0.12373879148704055,1.471063226680935,33.22731515703319,4.11997437936549,16.80221966078229,2.4784629732894246,5.260182998334557,0.8802694053418965
-0.10995723711238882,1.471063226680935,31.462881768826467,3.2557838359058686,15.908312789803272,1.942682736571791,4.9828890213145645,0.6870200598566609
-0.09771061966979347,1.471063226680935,29.96014961176952,2.5680700763686923,15.147880115436166,1.5219174664327046,4.7468389759604355,0.5364058815411047
-0.0868279837415025,1.471063226680935,28.67611084696328,2.0227743563094203,14.498731744510525,1.1919607998868846,4.544975060217785,0.4189008391176988
-0.07715741427178036,1.471063226680935,27.575592937417355,1.5916408525816512,13.942736608158405,0.9334686533355173,4.371713629606343,0.3271898077852874
-0.06856391592404971,1.471063226680935,26.629666751232108,1.2515230796470882,13.465038304467813,0.7310892749751945,4.222560871466791,0.2556089280165846
-0.06092752862714207,1.471063226680935,25.81442288964822,0.9836525736623644,13.053415329849086,0.572697354432748,4.093839314683166,0.19974558611161924
-0.0541416530048151,1.471063226680935,25.110018304686307,0.7729357821064696,12.69776907284211,0.44874857511379135,3.982500877742466,0.15615125167514024
-0.04811156231253989,1.471063226680935,24.499923434377834,0.6073143549121365,12.389717381654647,0.3517490471661827,3.8859973616241263,0.12212894387212597
-0.04275308010908995,1.471063226680935,23.970321156355492,0.4772048061184417,12.122272282727101,0.27582573015626544,3.8021868041675027,0.09557084583848467
-0.0379914052040221,1.471063226680935,23.509623104279544,0.3750212202711273,11.88958369320807,0.21638207927976713,3.7292622981243815,0.07483154732190107
-0.03376006747802295,1.471063226680935,23.10807825106871,0.2947772092026655,11.686734655525228,0.16982397338587157,3.6656956136208945,0.058628105693537026
-0.03,1.471063226680935,22.757454897848355,0.23175929818347957,11.509576875018837,0.1333427638296118,3.610191330965929,0.045961090715943106
0.03,1.471063226680935,17.953214201545222,0.20793901629608685,9.078796011579609,0.11744473412304277,2.8509767207792587,0.03960197674845137
0.03376006747802295,1.471063226680935,17.7016069262031,0.2608266493046757,8.95140560526033,0.14715790745975302,2.8112223027759438,0.04958358706591846
0.0379914052040221,1.471063226680935,17.425406242501655,0.326630534105513,8.811575430074909,0.18406339023328766,2.767559541010358,0.06197306400975702
0.04275308010908995,1.471063226680935,17.12336724956264,0.4082292151606861,8.658684473551727,0.2297380292609951,2.71977859415066,0.07729890736885853
0.04811156231253989,1.471063226680935,16.794573228455892,0.508991873172584,8.492281716219614,0.28601661217542157,2.6677171147255074,0.09617811919005281
0.0541416530048151,1.471063226680935,16.438603797999228,0.632770699401541,8.312171723358547,0.35498216350352024,2.611287099077215,0.1193143245003674
0.06092752862714207,1.471063226680935,16.055757637405502,0.7838215713629771,8.118527015330546,0.43891598577104085,2.5505122018774014,0.1474820797173077
0.06856391592404971,1.471063226680935,15.647345841454497,0.9665998683855803,7.912034436760671,0.5401795007830638,2.485579633846947,0.181486373725154
0.07715741427178036,1.471063226680935,15.216076830063527,1.1853495581102662,7.694084791117165,0.6609858281662971,2.4169119478243664,0.222079855904494
0.0868279837415025,1.471063226680935,14.766560093511362,1.443364418658113,7.467018020675997,0.803000056645437,2.3452645626278823,0.2698118938213987
0.09771061966979347,1.471063226680935,14.3059641064969,1.7417524643644984,7.234440899637799,0.9666840064684848,2.271853261257853,0.3247755606597297
0.10995723711238882,1.471063226680935,13.844873186644158,2.0774911575323607,7.001641568585026,1.1502788211211818,2.1985097124847184,0.3862187056698604
0.12373879148704055,1.471063226680935,13.398397480594872,2.44056104847495,6.776136108188674,1.3483128066573813,2.1278503932971327,0.4520093916651101
0.13924766500838334,1.471063226680935,12.987596431146084,2.810082954566452,6.568395800692721,1.5495742900171243,2.063429081557965,0.5180149371958161
0.15670035222800524,1.471063226680935,12.641274578205154,3.149843164233781,6.392813490056932,1.734694450326298,2.0098465214766343,0.5775668239557672
0.17634048216824733,1.471063226680935,12.398198526053033,3.404648282334822,6.268957235367111,1.8740175622476132,1.972861373790769,0.6212664860282365
0.19844221923690444,1.471063226680935,12.309781280144048,3.500807391226577,6.223105101565437,1.9275000555198323,1.9597301394322026,0.6373094889623068
0.22331409039755062,1.471063226680935,12.443335410375445,3.3562823023245762,6.289956099062424,1.8498717346979971,1.980198561578229,0.6124240032011907
0.2513032920204875,1.471063226680935,12.886180675325662,2.9068242931214514,6.514379505687723,1.6050186560462085,2.048295356702308,0.5343952868246601
0.2828005365353655,1.471063226680935,13.75116171356359,2.1505054007099744,6.953393638829049,1.1909304156533556,2.183792024568496,0.39937393218952705
0.3182455065418344,1.471063226680935,15.184058609937392,1.202690663470681,7.679421557700155,0.6696478944217674,2.4112518500044273,0.22564667919311443
0.35813299251433084,1.471063226680935,17.37227894248803,0.34024251847526643,8.786113831392996,0.1912786157172536,2.75847163717577,0.06474388105956062
0.40301979977966995,1.471063226680935,20.552939312774896,0.005563950409830801,10.394906991430405,0.0031759708165803534,3.2616108843134346,0.001087125717641004
0.4535325211846986,1.471063226680935,25.020894467651754,0.7477334532262676,12.656589221792482,0.43521044944641535,3.9701049900190695,0.1515811010090405
0.5103762839557767,1.471063226680935,31.141489317528475,3.104641011270523,15.752867231598998,1.853887962391406,4.937802715675121,0.6572172573396381
0.5743445928509872,1.471063226680935,39.3608404771922,7.446346877257255,19.913491759841996,4.6069308658985495,6.241515037330508,1.6790856671171865
0.6463304070095649,1.471063226680935,50.20238150267107,13.794886178026442,25.40894247944892,8.94603756890773,7.964301870268903,3.379649084448743
0.7273386051246984,1.471063226680935,64.28883929138385,21.697535202508643,32.528880983523045,14.914356306161714,10.193750075073655,5.899169061040007
0.8185000129460304,1.471063226680935,82.29635649852874,30.219916234336832,41.653233169059604,22.310926671988305,13.05412945748958,9.377105524698784
0.9210871889273549,1.471063226680935,104.84366515861922,38.23187410009088,53.07028333889308,30.487281598264463,16.639563315774886,13.854420324965812
1.0365321883776653,1.471063226680935,132.6217749302556,44.9846043954191,67.13573080349786,38.55914503471429,21.037186188394955,19.27765065124273
1.166446554092426,1.471063226680935,165.93883488773153,50.24077377440749,84.00192142934732,45.56575977019402,26.33447998709131,25.497114993853366
1.3126438125222553,1.471063226680935,204.99743267251137,54.19210222710096,103.78213494555668,51.03836359621323,32.53588783366243,32.17319473714346
1.4771647895120215,1.471063226680935,249.7258937843476,57.134520203725096,126.40453974917416,55.045695523900534,39.62378012759517,38.886176845343655
1.6623060990028473,1.471063226680935,300.2026955106087,59.34901005459745,151.89035243092852,57.94693606922115,47.615029624214564,45.22560934022524
1.8706522023821734,1.471063226680935,357.070505466794,61.056178651203574,180.5780891209514,60.095329487195016,56.624272878749814,50.847341197959395
2.1051114860111477,1.471063226680935,422.1461989809206,62.41900791928084,213.39123259080478,61.750156152066694,66.8938590235491,55.4903319792428
2.368956860549917,1.471063226680935,498.4854213861666,63.54507996322647,251.88573832321936,63.0766320177105,78.87036492729258,59.053391574421646
2.6658714488230206,1.471063226680935,589.6954806738911,64.49406016788677,297.93991976594884,64.16695265561819,93.23765367585756,61.6471650466841
3.0,1.471063226680935,700.2617481498552,65.30230479723987,353.60987645511483,65.07261963303588,110.58252067921997,63.488948887333606
-3.0,1.520929776737916,1947.5114447916123,67.98778182783431,981.6206066437859,67.95622730520927,302.1388512359974,67.78564343883436
-2.6658714488230206,1.520929776737916,1571.9139313334151,67.63429516720396,791.1648226866225,67.58404184228601,245.8798152620745,67.34247078321803
-2.368956860549917,1.520929776737916,1269.317380388586,67.19445033540322,639.4804494999988,67.12134807985537,198.34866030412405,66.7278219078572
-2.1051114860111477,1.520929776737916,1028.7007459191466,66.65568645097869,518.4822010671529,66.54644617869877,161.16052177717563,65.91819362368909
-1.8706522023821734,1.520929776737916,836.5329463921596,65.99644296379824,422.1658095852477,65.83564516970137,131.50816242918734,64.81228698883847
-1.6623060990028473,1.520929776737916,683.3217575811667,65.19600916056376,343.70162909927654,64.93484778310605,107.30390971559646,63.20974883258594
-1.4771647895120215,1.520929776737916,557.5488674787752,64.19645081126986,281.3098279612121,63.8190119739226,87.72926704770985,60.8093122264265
-1.3126438125222553,1.520929776737916,455.5670005690979,62.960647254139495,230.4205271936154,62.39900113730777,71.82338893575864,57.160317867547064
-1.166446554092426,1.520929776737916,375.3102461230923,61.48844737449076,189.18419915586443,60.59373925679216,58.81538949179618,51.98534722185941
-1.0365321883776653,1.520929776737916,309.48974255411423,59.67331353015725,156.51912421720985,58.35640355179789,48.562185884189326,45.891038262909305
-0.9210871889273549,1.520929776737916,256.8565778352001,57.50359687626714,129.69156046562227,55.495559425077,40.52941807354432,39.67030463058113
-0.8185000129460304,1.520929776737916,214.1320067388644,54.899062310343645,108.26416837461775,51.984070948703895,33.66345383698012,33.308550861636874
-0.7273386051246984,1.520929776737916,179.84925400355482,51.85321195686681,90.82614330223946,47.73041042741044,28.376018214325104,27.772899285691466
-0.6463304070095649,1.520929776737916,151.62981941152208,48.265262124421284,76.77571175609167,42.8808049792743,23.896100882364887,22.68668299848801
-0.5743445928509872,1.520929776737916,129.0166058721431,44.25730010050218,65.20034056648228,37.578194433217405,20.39900864343706,18.502100143447308
-0.5103762839557767,1.520929776737916,110.62355910732428,39.879082481158385,55.83136532807965,32.24769448657439,17.42376849464797,14.832435663343839
-0.4535325211846986,1.520929776737916,95.47104031698208,35.229830146537594,48.2552825364053,27.210577642796903,15.062331179948144,11.881774158111726
-0.40301979977966995,1.520929776737916,83.08094792772052,30.54633455444768,42.02709885521228,22.600058760895166,13.152234027229163,9.498821888118394
-0.35813299251433084,1.520929776737916,72.96191053164213,26.04893992952096,36.887844644756605,18.519423739938304,11.533755569325207,7.507303063598791
-0.3182455065418344,1.520929776737916,64.631377804682,21.877784130464736,32.66007245743641,15.024163226140315,10.199023320665766,5.905393895703757
-0.2828005365353655,1.520929776737916,57.724465091386634,18.12218212424412,29.176649050798204,12.096269512700356,9.117999352577707,4.651977996212046
-0.2513032920204875,1.520929776737916,51.98201174811661,14.835010247464329,26.290017284621577,9.67665823728858,8.227063121995581,3.6620742733065055
-0.22331409039755062,1.520929776737916,47.203331874937355,12.029389771796344,23.884508581334405,7.697638568917795,7.478326163150708,2.8710591355599187
-0.19844221923690444,1.520929776737916,43.22041661211723,9.682687965799474,21.87241392428729,6.094621662825752,6.846581996343344,2.241313858397652
-0.17634048216824733,1.520929776737916,39.890990653001744,7.749387964824715,20.18514266614768,4.807792904609758,6.315891134953421,1.7457131111349409
-0.15670035222800524,1.520929776737916,37.096988039608995,6.174374542416767,18.766931916895,3.782555848510748,5.871493911784643,1.3593176546044914
-0.13924766500838334,1.520929776737916,34.742397142592296,4.901991220430045,17.57161664877909,2.9704473077785964,5.498863486369095,1.0592517065337057
-0.12373879148704055,1.520929776737916,32.749928449203544,3.8807892424694517,16.56095777171489,2.329834856961796,5.184948126197143,0.8262055141164505
-0.10995723711238882,1.520929776737916,31.057419702678796,3.0654534855088658,15.703469262873124,1.8259600102646738,4.9189492299038164,0.6448959320332505
-0.09771061966979347,1.520929776737916,29.614650232255293,2.4172219928005747,14.97336308694458,1.430414714530584,4.692312540169016,0.5035926354161949
-0.0868279837415025,1.520929776737916,28.380782264711943,1.9035884110903019,14.349565633667323,1.1203189189601268,4.498331964734256,0.3933472208975929
-0.07715741427178036,1.520929776737916,27.322390313649034,1.497692058298972,13.814843066501362,0.8774234760901329,4.331699611895357,0.3072933611520973
-0.06856391592404971,1.520929776737916,26.41195773509982,1.1775953319937882,13.355061703770712,0.6872667933386588,4.188140993208863,0.24011773114644455
-0.06092752862714207,1.520929776737916,25.626721223409863,0.9255503341792766,12.958584021168694,0.5384392468408784,4.064155395461165,0.18768245069434392
-0.0541416530048151,1.520929776737916,24.947770586821342,0.7273086244371043,12.615784964747997,0.4219671670994335,3.956838590130464,0.14675447349012258
-0.04811156231253989,1.520929776737916,24.359337764875676,0.5715015331384294,12.318667815759595,0.3308087805251382,3.8637602157422455,0.1148056165746797
-0.04275308010908995,1.520929776737916,23.84822903005773,0.44910217768584454,12.060559462559006,0.2594474991859467,3.7828752444478773,0.08985999047182698
-0.0379914052040221,1.520929776737916,23.403367831166,0.352970043668284,11.835867967239354,0.2035667522159848,3.712456741584192,0.07037504215173078
-0.03376006747802295,1.520929776737916,23.015424609757503,0.2774728623475435,11.639888774555454,0.15979169916078445,3.6510426126814934,0.05514784750291185
-0.03,1.520929776737916,22.67651582187786,0.2181773375446977,11.468648976006293,0.12548508023167063,3.5973922542734464,0.04324112364472136
0.03,1.520929776737916,18.012003587721175,0.196525779552903,9.108563818135742,0.11102576169976351,2.860261281616393,0.037445116254224184
0.03376006747802295,1.520929776737916,17.76621426268778,0.2466141255734882,8.984119953348163,0.13917683339752943,2.8214267743423584,0.04690488274435096
0.0379914052040221,1.520929776737916,17.496149974100696,0.30898755815848555,8.847397429989977,0.17417277546130364,2.778734976976003,0.058657246930741334
0.04275308010908995,1.520929776737916,17.200497337784928,0.3864122268132173,8.697740396034956,0.2175304523939736,2.731965561749424,0.07321090237115797
0.04811156231253989,1.520929776737916,16.878234144647973,0.4821426563905779,8.534644206638946,0.2710243934789809,2.6809399199581,0.09116289649136271
0.0541416530048151,1.520929776737916,16.528785496583257,0.5999273677460916,8.357834950294732,0.3366846080061517,2.625546075345481,0.11319919292487694
0.06092752862714207,1.520929776737916,16.152231110350534,0.7439530892981998,8.167374066984936,0.4167597047251774,2.565773469732999,0.14008329236381797
0.06856391592404971,1.520929776737916,15.74957895331613,0.91868008566278,7.963794841508276,0.513620315275139,2.5017615688689903,0.17262297900561427
0.07715741427178036,1.520929776737916,15.323125007911516,1.1284946943132692,7.748279485506198,0.6295648148325956,2.4338673993458357,0.21159922508311874
0.0868279837415025,1.520929776737916,14.876925059843035,1.3770681691594155,7.522888381191938,0.7664714370655074,2.362757680836093,0.25763324262609744
0.09771061966979347,1.520929776737916,14.41741217431932,1.6662639231349423,7.2908575449489295,0.9252180687215366,2.2895296809750336,0.3109595937926193
0.10995723711238882,1.520929776737916,13.954202707117407,1.9943872611140383,7.05698748187627,1.1047663386773292,2.2158588945630933,0.37107182291572616
0.12373879148704055,1.520929776737916,13.501142951282594,2.353553490248511,6.828157235275576,1.300791843731056,2.144159142441638,0.43622659067391867
0.13924766500838334,1.520929776737916,13.077654752009384,2.7260398047910104,6.614010838599528,1.503771071137776,2.0777252920065736,0.5028516864865832
0.15670035222800524,1.520929776737916,12.710437241094853,3.0798447211018867,6.427873660374205,1.696589060807202,2.020830955319195,0.5650021310780109
0.17634048216824733,1.520929776737916,12.435572162687427,3.364566386434297,6.287947483896847,1.8521719938493324,1.978821098228264,0.6140774586463773
0.19844221923690444,1.520929776737916,12.301077288369573,3.510375766200003,6.218781270188845,1.9325975615339648,1.9584206693599087,0.6389247622042646
0.22331409039755062,1.520929776737916,12.370006141672803,3.435104657732289,6.252916400810708,1.8926089214035013,1.968682377620065,0.6263417164750347
0.2513032920204875,1.520929776737916,12.724376789811831,3.0658683852073967,6.432564713910474,1.6915343721761191,2.022752770857392,0.5628229940145284
0.2828005365353655,1.520929776737916,13.470497538123567,2.379284162304883,6.811487705302424,1.3158970264427499,2.139369114686829,0.44082423488824896
0.3182455065418344,1.520929776737916,14.746233549070466,1.4557889000087139,7.458105027000519,0.8089253520469213,2.341959065159488,0.2721520714305313
0.35813299251433084,1.520929776737916,16.729727923892607,0.5303814988500125,8.461222923756923,0.2973018933573445,2.656893469768858,0.1003967819445658
0.40301979977966995,1.520929776737916,19.6477763106781,0.010685474814043087,9.936872038322475,0.006071783503794885,3.118338776301823,0.002072010024685108
0.4535325211846986,1.520929776737916,23.784389470528385,0.434698219857256,12.030602434403757,0.25165505649534653,3.7740021938750585,0.08728842917456296
0.5103762839557767,1.520929776737916,29.494763686671018,2.365564978246941,14.919313539170668,1.4024820147871406,4.676922534511824,0.4944719275071455
0.5743445928509872,1.520929776737916,37.21888951649838,6.241806630734564,18.82882883227599,3.826010254507816,5.901761387957086,1.3847021402440678
0.6463304070095649,1.520929776737916,47.483555042095,12.194738133910622,24.031617905643742,7.817049151301729,7.532515809558257,2.9268128833729072
0.7273386051246984,1.520929776737916,60.93341223052987,19.89771570974233,30.82933365757959,13.487549412539334,9.660813136301444,5.275302223699708
0.8185000129460304,1.520929776737916,78.302870409014,28.50081463124318,39.62980739141076,20.724058723923324,12.419109914057602,8.591926100509948
0.9210871889273549,1.520929776737916,100.32349232627064,36.83789180104688,50.780703825860876,28.961659261489338,15.920506176006835,12.955571519945545
1.0365321883776653,1.520929776737916,127.8866386503918,44.02140903650521,64.73768262545714,37.33776984139888,20.282020157103204,18.35941811191104
1.166446554092426,1.520929776737916,161.57179409895213,49.67555325535119,81.79217719956668,44.79049804405442,25.637830894249866,24.704065440222386
1.3126438125222553,1.520929776737916,201.90354576933046,53.937321290754554,102.22642995778138,50.68858666805936,32.04286723580774,31.66893638106727
1.4771647895120215,1.520929776737916,248.990995241387,57.09520475213771,126.05842602974617,54.99672966997203,39.50935733775189,38.785909126343654
1.6623060990028473,1.520929776737916,302.7758276498542,59.44097795988788,153.23307180778727,58.06870955148967,48.02472316562171,45.515645440553
1.8706522023821734,1.520929776737916,363.288636502293,61.20869223059454,183.7799646453814,60.28709375322698,57.61578684984444,51.37286692461618
2.1051114860111477,1.520929776737916,431.3836899542674,62.57752637869822,218.13327737193708,61.942456693377075,68.37701775213638,56.026660670532415
2.368956860549917,1.520929776737916,509.17945458262153,63.67471060521438,257.36623305053485,63.22934342390565,80.59686640462569,59.44327415702192
2.6658714488230206,1.520929776737916,599.6958108157786,64.57988995335913,303.05557351030006,64.26550885017093,94.85377719250619,61.86429570915108
3.0,1.520929776737916,707.1993498349619,65.34431925724,357.1903659767844,65.12036001200406,111.72670034982093,63.58060828570677
-3.0,1.5707963267948966,1830.3588484446464,67.89329967720525,922.6134697506371,67.85788944892248,283.99391660143397,67.66469406218884
-2.6658714488230206,1.5707963267948966,1477.9078769748123,67.51725076168168,743.8931297649622,67.46092139043746,231.19663469730864,67.18468237892264
-2.368956860549917,1.5707963267948966,1193.9427445618473,67.04950440135454,601.5438129100456,66.967268282837,186.59007371802363,66.5154786200261
-2.1051114860111477,1.5707963267948966,968.1249122200335,66.47681321045224,487.9826649048976,66.35366031351445,151.68719679206086,65.62754978671259
-1.8706522023821734,1.5707963267948966,787.7626525448399,65.7764276215017,397.57726636297633,65.59462621600937,123.85320231801856,64.40279296152275
-1.6623060990028473,1.5707963267948966,643.9481029946686,64.92656556503209,323.9259456457728,64.63221290795701,101.13221379424834,62.60704125586504
-1.4771647895120215,1.5707963267948966,525.884212348773,63.866207726802955,265.35210911034784,63.43924344515519,82.756046442717,59.895962100953696
-1.3126438125222553,1.5707963267948966,430.14334775543904,62.55665701680479,217.5713043874004,61.920167195808816,67.8219599275998,55.829510979936586
-1.166446554092426,1.5707963267948966,354.77906984437374,60.99855159977502,178.84933227495742,59.98846699977962,55.606777304081405,50.28955283556239
-1.0365321883776653,1.5707963267948966,292.9567167664506,59.08080449853082,148.1652046179886,57.595466359728476,45.97533151791228,44.030981341143004
-0.9210871889273549,1.5707963267948966,243.5052115777245,56.79375302865788,122.95790463299846,54.543727472193765,38.426663975276135,37.82387760336141
-0.8185000129460304,1.5707963267948966,203.34582682754905,54.057110156366114,102.81546544151222,50.822390598454845,31.972600543449342,31.596682890990095
-0.7273386051246984,1.5707963267948966,171.10566903025847,50.87131325755455,86.41587099525064,46.369699870352335,26.999538148550645,26.246503376412463
-0.6463304070095649,1.5707963267948966,144.55309254796515,47.142796754127936,73.19373924617943,41.380308186695956,22.7837659584395,21.373870033645183
-0.5743445928509872,1.5707963267948966,123.26042808505302,43.01386714093608,62.29421827980141,36.02939238516955,19.49061037232598,17.390309842973927
-0.5103762839557767,1.5707963267948966,105.92911741617924,38.55245154022431,53.465588897500325,30.74465855876687,16.686844240999175,13.91346554565293
-0.4535325211846986,1.5707963267948966,91.63983902243338,33.8733708377065,46.320459731600614,25.821622225326056,14.459661707576696,11.12808117494263
-0.40301979977966995,1.5707963267948966,79.94505775378471,29.2194744420467,40.4415047160433,21.364992268939417,12.656645606172887,8.885040810539488
-0.35813299251433084,1.5707963267948966,70.38484649465424,24.803166550066962,35.58593178680756,17.453691635509614,11.127433697127154,7.014698341027252
-0.3182455065418344,1.5707963267948966,62.50665859385771,20.749175111878813,31.58755694316203,14.124936858361286,9.865039555733807,5.513099013702628
-0.2828005365353655,1.5707963267948966,55.96807908130815,17.13021322078134,28.289728008213466,11.350221002675735,8.84157957440893,4.3400277466655535
-0.2513032920204875,1.5707963267948966,50.52603977978349,13.984591725770153,25.55398998032228,9.065930249586476,7.997215735388405,3.4147570027759424
-0.22331409039755062,1.5707963267948966,45.992389409284755,11.314674746936063,23.27175670894676,7.203159445421198,7.286844205124641,2.676132492628268
-0.19844221923690444,1.5707963267948966,42.20952458086229,9.0913061638207,21.360682998040446,5.697839042043386,6.686798397905787,2.0885705871782423
-0.17634048216824733,1.5707963267948966,39.04383949019683,7.265975364244464,19.756360225109784,4.49165708036271,6.182172954872038,1.626468145001823
-0.15670035222800524,1.5707963267948966,36.38434251381701,5.782982159953233,18.40639421093462,3.532047450505687,5.759141071333835,1.2663725028566275
-0.13924766500838334,1.5707963267948966,34.1406899548237,4.587495654010571,17.267369595131203,2.7727585397912007,5.404047327496156,0.9868334372707535
-0.12373879148704055,1.5707963267948966,32.24009507435119,3.6296000646333715,16.303288089982534,2.174305993016776,5.1045938133425555,0.7697808327276682
-0.10995723711238882,1.5707963267948966,30.623971250399315,2.86578159217322,15.484478264707743,1.7038748311257574,4.850591607278517,0.6009342630365063
-0.09771061966979347,1.5707963267948966,29.24494823759463,2.2590931509794654,14.786613954611893,1.3347367243877288,4.633963155417321,0.4693463740638579
-0.0868279837415025,1.5707963267948966,28.064472503451867,1.7787192179677849,14.189796632367301,1.0454202379115594,4.448372759683163,0.36667437991189206
-0.07715741427178036,1.5707963267948966,27.050958355161896,1.3993005591876242,13.677737428718666,0.818833702062234,4.288803011835971,0.28652171200354054
-0.06856391592404971,1.5707963267948966,26.17837743759251,1.1001899650971003,13.237064273221751,0.6414532465043745,4.151210551998218,0.22394144583632888
-0.06092752862714207,1.5707963267948966,25.425174823553494,0.8647226048889072,12.85675544821286,0.502621183551424,4.032281036032866,0.17508255618447233
-0.0541416530048151,1.5707963267948966,24.77342459518952,0.6795431297226988,12.527685629044317,0.3939621980738969,3.929262011845948,0.13693680319586282
-0.04811156231253989,1.5707963267948966,24.208162816150317,0.534009448758112,12.242265154412248,0.3089078788265078,3.8398475442396363,0.10715200233507514
-0.04275308010908995,1.5707963267948966,23.716854621431878,0.4196797224694272,11.994153724359327,0.24231443529913196,3.7620950500147057,0.08388976838443687
-0.0379914052040221,1.5707963267948966,23.288964896667707,0.3298808110028325,11.77803251102134,0.19015788466709213,3.694362193605328,0.06571473287508421
-0.03376006747802295,1.5707963267948966,22.915610379119,0.2593515846251026,11.589421890207253,0.14929243071100085,3.6352569118952442,0.051507352832002445
-0.03,1.5707963267948966,22.589276560645164,0.2039521398783803,11.424534870114181,0.1172597799034612,3.5835967067880143,0.04039510905995731
0.03,1.5707963267948966,18.076088520946126,0.18448511699302494,9.141012525230098,0.10425143046103635,2.8703818619899235,0.0351681629541371
0.03376006747802295,1.5707963267948966,17.836709971182184,0.23160719153808557,9.019815332395021,0.13074626654699628,2.832560910460817,0.044074379615050195
0.0379914052040221,1.5707963267948966,17.57343030885669,0.29033861286919344,8.886528610079635,0.16371362693559613,2.790942526201339,0.05514956859577698
0.04275308010908995,1.5707963267948966,17.284869568165195,0.36332115773223844,8.740462605996123,0.2046038124421788,2.7452962263182346,0.06888041568397285
0.04811156231253989,1.5707963267948966,16.969900838092283,0.4536794781165223,8.581059415957522,0.25512278804083355,2.6954273067210694,0.08584123493639237
0.0541416530048151,1.5707963267948966,16.627793870971285,0.5650391217410872,8.407966186422126,0.31723709256503957,2.641199738098723,0.10669683061682918
0.06092752862714207,1.5707963267948966,16.258406291651823,0.7014932821045314,8.221131639339657,0.39314954872631264,2.5825683107295565,0.13219527011903515
0.06856391592404971,1.5707963267948966,15.862436614600172,0.8674765755127313,8.02093224007017,0.4852237679578961,2.519623792928247,0.16314171973120228
0.07715741427178036,1.5707963267948966,15.441757665960788,1.067480165353286,7.808336134595704,0.5958236458595252,2.452656003010841,0.2003389360744684
0.0868279837415025,1.5707963267948966,14.99985481594938,1.3055082621073797,7.585115673998281,0.7270174500504261,2.382240253858649,0.24447243552287345
0.09771061966979347,1.5707963267948966,14.54240087272003,1.5841307319753932,7.354123604761117,0.880074101670809,2.3093511691211717,0.29591037952535587
0.10995723711238882,1.5707963267948966,14.078008354303835,1.902935903251778,7.119654833292712,1.054653321543497,2.235502016734594,0.35438557144570443
0.12373879148704055,1.5707963267948966,13.61920887721207,2.256154682499773,6.887926012961595,1.247569484573049,2.162895387765831,0.4185423548249444
0.13924766500838334,1.5707963267948966,13.183715587967658,2.629274248659468,6.667718475685398,1.4510170813001815,2.094555493319222,0.4853816660422962
0.15670035222800524,1.5707963267948966,12.7960235559724,2.994723300265311,6.471240728264363,1.6502510600678337,2.034413189669795,0.5497226235408922
0.17634048216824733,1.5707963267948966,12.489393474021634,3.307427788958625,6.315259548889743,1.821063277485296,1.9873792525388898,0.6038537903632507
0.19844221923690444,1.5707963267948966,12.308260234229685,3.502478161775816,6.222499218322053,1.9282137860254376,1.95961963218549,0.6374456945344256
0.22331409039755062,1.5707963267948966,12.311159120413828,3.499294408255194,6.2232108617732775,1.9273754888563164,1.9594550464327911,0.637648591619271
0.2513032920204875,1.5707963267948966,12.57444517565089,3.2185221065290293,6.356765077491616,1.774481252856533,1.9990917171263125,0.5900508814313545
0.2828005365353655,1.5707963267948966,13.197378183263211,2.616980907421634,6.673409797184633,1.4455004661217523,2.096147323746468,0.4837504159622628
0.3182455065418344,1.5707963267948966,14.309167703000561,1.739552515545649,7.237192734698706,0.9646346663554837,2.2727966882523365,0.32402865454648644
0.35813299251433084,1.5707963267948966,16.077604478736852,0.774684794770035,8.131525604723432,0.4329541577335245,2.5538206632256513,0.14585929086505675
0.40301979977966995,1.5707963267948966,18.717546292359717,0.08622380110469725,9.466197552377427,0.04880012063596128,2.9711282391794755,0.016598532036300764
0.4535325211846986,1.5707963267948966,22.499694986231074,0.18979658545413075,11.380272643447938,0.10926366918393055,3.570295496585023,0.037735943115194084
0.5103762839557767,1.5707963267948966,27.765197315166365,1.6633227317866799,14.04393562073219,0.9787465447692432,4.403004739018687,0.34309242991386535
0.5743445928509872,1.5707963267948966,34.941758148768066,5.007246134659848,17.675895184052536,3.0391010724822256,5.540695804442946,1.0917328237744288
0.6463304070095649,1.5707963267948966,44.54997785306913,10.46415500024145,22.545566876380317,6.623929416608819,7.066775212818454,2.456340734294938
0.7273386051246984,1.5707963267948966,57.24073790184712,17.850318952679913,28.95922450401006,11.913273845975386,9.074620548050413,4.6027628963370395
0.8185000129460304,1.5707963267948966,73.7832314127641,26.437413242714147,37.339870130616596,18.886779368227756,11.700854149820888,7.710920312608916
0.9210871889273549,1.5707963267948966,94.9920104760449,35.06451690995985,48.07969645852445,27.086205364198754,15.072721936243575,11.894774932051025
1.0365321883776653,1.5707963267948966,121.92257206671405,42.70943208016971,61.71584640544421,35.71008744003615,19.332291984283692,17.19567279357984
1.166446554092426,1.5707963267948966,155.421975974753,48.82470032581397,78.67706785580178,43.63000884692599,24.658153513344395,23.57527844119035
1.3126438125222553,1.5707963267948966,196.41178855918704,53.4642219316871,99.45149915653884,50.03493947322467,31.168503786220917,30.763052933867122
1.4771647895120215,1.5707963267948966,245.42906888397715,56.90110219922559,124.27398390027209,54.739226926463154,38.94491880842844,38.287369865293776
1.6623060990028473,1.5707963267948966,302.7038390453313,59.438427523043764,153.23196813488227,58.06861048683756,48.014380679581045,45.508365036525646
1.8706522023821734,1.5707963267948966,368.1073506642835,61.323144042509085,186.27571319453273,60.431270947924105,58.386644760980204,51.769346183348745
2.1051114860111477,1.5707963267948966,441.69220742520923,62.74621757005073,223.43113512557952,62.14631468712294,70.0352120440764,56.591073218556375
2.368956860549917,1.5707963267948966,524.31219100114,63.848728839850075,265.11975619548394,63.43333602409547,83.03830876115866,59.95244754508072
2.6658714488230206,1.5707963267948966,617.7383336868984,64.7274551320321,312.2766973500147,64.4341829497178,97.76010972032219,62.22671505324292
3.0,1.5707963267948966,725.3628822108589,65.45039049338385,366.4987880365079,65.23973488981001,114.67189596490785,63.80407190957338
