eps,eta,N_LZ,Tstat_LZ,N_XNT,Tstat_XNT,N_PANDA,Tstat_PANDA
-3.0,-1.5707963267948966,3162.9330360852027,68.55186498265422,1599.6522515628153,68.54205534374087,502.195557326236,68.49548559384732
-2.6658714488230206,-1.5707963267948966,2522.2206055185743,68.32291649151222,1274.9468517815174,68.30676532326358,400.7270858293692,68.23260385814207
-2.368956860549917,-1.5707963267948966,2013.9726466217364,68.03643644659059,1019.8257798245533,68.01364723381262,319.8921495750069,67.8890210920044
-2.1051114860111477,-1.5707963267948966,1615.7113521153617,67.68410579922323,817.3801928568677,67.6459516455047,256.70544501642627,67.44532616729752
-1.8706522023821734,-1.5707963267948966,1297.9171461282215,67.24496077979916,656.7693028545244,67.18538493193435,206.56571044953512,66.85870756499428
-1.6623060990028473,-1.5707963267948966,1049.367087463386,66.71188025007902,530.6188441209662,66.61663606634416,166.76242497865897,66.06997209055878
-1.4771647895120215,-1.5707963267948966,850.8221043858622,66.05599577561138,430.369388142761,65.9094851499193,135.3177690165648,64.9920833360549
-1.3126438125222553,-1.5707963267948966,694.7372236067392,65.26822786617006,350.91379899220277,65.0359708643829,110.346959611354,63.46972222868526
-1.166446554092426,-1.5707963267948966,569.1244933180852,64.30764374601323,288.22454896950376,63.96909350308054,90.74386764762332,61.28777930463286
-1.0365321883776653,-1.5707963267948966,470.0244242136449,63.16999351079987,237.4824971626559,62.63723762884852,74.82559897868778,58.03092456085044
-0.9210871889273549,-1.5707963267948966,389.7734543884514,61.80095230826767,197.0582632085113,61.00587839577217,62.14514001231235,53.55623056026482
-0.8185000129460304,-1.5707963267948966,324.40305230386537,60.15299709292322,164.28261128269077,58.982804709976634,51.689981891526195,47.962165724782295
-0.7273386051246984,-1.5707963267948966,272.36429810648013,58.235566751838995,137.8484521735115,56.5042988049336,43.28204380957521,41.950269280022944
-0.6463304070095649,-1.5707963267948966,228.6973037622596,55.90310632647461,115.79669153928036,53.389147983616304,36.440506140534616,35.99683806551998
-0.5743445928509872,-1.5707963267948966,193.32680635515368,53.18604559288373,97.88948006713888,49.64934519309168,30.86688403613015,30.447150144786452
-0.5103762839557767,-1.5707963267948966,164.1258689852053,50.00985877785119,83.1120114458896,45.25817954966185,26.111887034275505,25.244607626804097
-0.4535325211846986,-1.5707963267948966,139.98161441615505,46.35811173186716,70.9079768718676,40.3590444835728,22.339997764213503,20.845143625660704
-0.40301979977966995,-1.5707963267948966,120.05587814232115,42.27439647454611,60.80731324988502,35.20099625191553,19.176692626197127,17.004142923805002
-0.35813299251433084,-1.5707963267948966,103.66912918550382,37.878913381736226,52.492890059395215,30.108152556838604,16.559618719755836,13.754564896658632
-0.3182455065418344,-1.5707963267948966,90.13365208502492,33.31818501419951,45.632196422546286,25.317873417591066,14.37584131903324,11.023338421759597
-0.2828005365353655,-1.5707963267948966,78.76628456780774,28.70528508876281,39.9151820040168,20.950043693762805,12.551854452970199,8.755636259777425
-0.2513032920204875,-1.5707963267948966,69.5735406555522,24.402596709515002,35.23046156494905,17.160868266089594,11.059784190424066,6.933059600666481
-0.22331409039755062,-1.5707963267948966,61.78611606146438,20.360834558042775,31.298836049602002,13.882356571714482,9.867547032183685,5.516028879784777
-0.19844221923690444,-1.5707963267948966,55.40780740893561,16.811071729535108,28.07901781288882,11.173200442587842,8.811831608341238,4.3066977864102824
-0.17634048216824733,-1.5707963267948966,50.08674524931791,13.727057310160045,25.361806840143455,8.907112397897786,7.98542265255935,3.402168681890595
-0.15670035222800524,-1.5707963267948966,45.62428498994218,11.097467838013628,23.11056799557679,7.073917533534265,7.254690456580901,2.643729146801939
-0.13924766500838334,-1.5707963267948966,41.910183808538854,8.916797978042357,21.227916766868333,5.595757950201897,6.676735952927795,2.0790486444355802
-0.12373879148704055,-1.5707963267948966,38.78214621127861,7.117574961343411,19.633985158825926,4.402359707653847,6.171406105054838,1.6169739188955508
-0.10995723711238882,-1.5707963267948966,36.14057423002044,5.650270017200861,18.297385589067538,3.457210143108261,5.746203005143437,1.2558017657477534
-0.09771061966979347,-1.5707963267948966,33.91756363723698,4.472146528680681,17.17768720836631,2.7152526585207664,5.399455920496581,0.9833698439932937
-0.0868279837415025,-1.5707963267948966,32.04163271500346,3.5330686716457853,16.22896762017621,2.1300831463346706,5.099766879553616,0.7664357365778767
-0.07715741427178036,-1.5707963267948966,30.447373502998403,2.7856022550783095,15.417940718831737,1.6673497522785397,4.839488606282697,0.5939007514467982
-0.06856391592404971,-1.5707963267948966,29.08488350959098,2.1917215724422014,14.723452619503677,1.3029143367707285,4.620260434947354,0.4614366781947727
-0.06092752862714207,-1.5707963267948966,27.91729710337247,1.7216303496464973,14.129417861932602,1.0176207467429044,4.4366665570695885,0.36053071051926744
-0.0541416530048151,-1.5707963267948966,26.915378560930655,1.35107717481737,13.621223575598137,0.7951420161228906,4.280008954167025,0.28233583971031323
-0.04811156231253989,-1.5707963267948966,26.054351674652974,1.0599121845883934,13.185446404152989,0.6218113641444303,4.143933443870767,0.2208089736582114
-0.04275308010908995,-1.5707963267948966,25.31283520995964,0.8315330590232485,12.810408645765067,0.4866558977920667,4.025071044338085,0.17228383162632174
-0.0379914052040221,-1.5707963267948966,24.672567835723452,0.6525196160843428,12.486408181968779,0.3811206616953968,3.9215179801147055,0.1342325694920392
-0.03376006747802295,-1.5707963267948966,24.11818438853156,0.5122029171992396,12.205551302830203,0.29861408043063614,3.831681986520191,0.10459159796128659
-0.03,-1.5707963267948966,23.636876208542667,0.40218796508216487,11.961418817756227,0.23405782800230152,3.753919667330921,0.0815911137303128
0.03,-1.5707963267948966,17.3797612821838,0.3383065256559421,8.782298976517508,0.192372982512588,2.755252978289437,0.06574131364340832
0.03376006747802295,-1.5707963267948966,17.077094934743357,0.4216454399399604,8.6281002785406,0.239560359771468,2.7061950552642298,0.0820020853405246
0.0379914052040221,-1.5707963267948966,16.748690901669256,0.5240738224061249,8.461174713783835,0.2973196047844208,2.652892551846919,0.10198222567823126
0.04275308010908995,-1.5707963267948966,16.39470927488285,0.6491282593908938,8.281902152071877,0.3674212789446901,2.595755575602044,0.12618609957443044
0.04811156231253989,-1.5707963267948966,16.01648204504101,0.8004080318234672,8.091214504011592,0.45159960656858683,2.535597274125284,0.15492820453362524
0.0541416530048151,-1.5707963267948966,15.617053986147017,0.9810825098986515,7.89062026329254,0.5514023708500195,2.473330299718215,0.18837120000891355
0.06092752862714207,-1.5707963267948966,15.201720961483973,1.1931054768366862,7.68212240322112,0.6680472426992233,2.40921253918413,0.22694021071908452
0.06856391592404971,-1.5707963267948966,14.77830531458353,1.4362157655676624,7.4681833980589145,0.8022273235359481,2.342297827504356,0.27191166736899935
0.07715741427178036,-1.5707963267948966,14.356935576045709,1.7069611539428848,7.252273334188872,0.9534527857942532,2.271977989226101,0.3246767522922577
0.0868279837415025,-1.5707963267948966,13.949758672999353,1.997722085021133,7.040758731634422,1.117988823826259,2.202426596242234,0.38276513618082775
0.09771061966979347,-1.5707963267948966,13.572516431182626,2.2943467627942264,6.845721446092403,1.284999857686172,2.143459617490012,0.43689606418472154
0.10995723711238882,-1.5707963267948966,13.250386227329948,2.569652999355499,6.684900017600728,1.4344056486408805,2.0981895396209667,0.48166293066647625
0.12373879148704055,-1.5707963267948966,13.02503284757572,2.7749356867671575,6.574631625406826,1.543258101505052,2.058197915018382,0.52363852827231
0.13924766500838334,-1.5707963267948966,12.950407336921076,2.8452978521617895,6.527138582545185,1.59180326655767,2.0396578879665097,0.5438977466490604
0.15670035222800524,-1.5707963267948966,13.079024797296091,2.7247746623187328,6.57690569282959,1.540959050193836,2.067987705604732,0.5131472830998299
0.17634048216824733,-1.5707963267948966,13.484106530386073,2.3678346589689854,6.794705743210188,1.3312203959615219,2.1246638399497395,0.45513606228777403
0.19844221923690444,-1.5707963267948966,14.301690057674247,1.744690289066945,7.21489611977697,0.9813188948232698,2.26288617461418,0.33192877403510157
0.22331409039755062,-1.5707963267948966,15.667552349485517,0.9570115258472647,7.884523373096877,0.5546229900613675,2.468566459986983,0.19108995654511501
0.2513032920204875,-1.5707963267948966,17.74321518545393,0.2516229897103874,8.945580556736724,0.14860469352090708,2.8113849827279815,0.04954024556796131
0.2828005365353655,-1.5707963267948966,20.781796953795016,0.014048873428785883,10.466108660406729,0.005901537296084296,3.2852725685639066,0.0020886677843019426
0.3182455065418344,-1.5707963267948966,25.080543358191743,0.7645635885147487,12.661050516275294,0.43666876045234254,3.9627420433311595,0.14889402817083483
0.35813299251433084,-1.5707963267948966,31.047353199770583,3.0607710166374518,15.655277650569344,1.7988507065108803,4.910514497838318,0.6394108230528189
0.40301979977966995,-1.5707963267948966,39.15307203026024,7.328054516924273,19.734230418137333,4.475477523945068,6.201406507614015,1.643468692657577
0.4535325211846986,-1.5707963267948966,50.01343445512351,13.68404194355961,25.25141352877502,8.816019445507527,7.925381800921382,3.338237500272303
0.5103762839557767,-1.5707963267948966,64.45538737856336,21.785258095195694,32.564054197550604,14.943801906104774,10.222502869136681,5.933122017689532
0.5743445928509872,-1.5707963267948966,83.5147655905082,30.725237990490072,42.1910993681296,22.726474536545055,13.26569430244114,9.639708059518398
0.6463304070095649,-1.5707963267948966,108.43246924664876,39.27174888582188,54.79370282518712,31.596313474421773,17.21190448510624,14.568513801158463
0.7273386051246984,-1.5707963267948966,140.8999877272732,46.519750074514434,71.20136652704564,40.49299642233062,22.38135759428849,20.89453744514504
0.8185000129460304,-1.5707963267948966,182.94452656077064,52.177469789017486,92.47475400254086,48.205541261494034,29.065239278197524,28.524379982250807
0.9210871889273549,-1.5707963267948966,237.14406311274715,56.42561807794344,119.90353761671896,54.07075586402909,37.68763413639071,37.15344293697416
1.0365321883776653,-1.5707963267948966,306.94328407952423,59.58646197085824,155.13435093197074,58.23691145980426,48.72938272750771,46.006641446643755
1.166446554092426,-1.5707963267948966,396.2358431208077,61.93282591986251,200.36360134846547,61.167784090221545,62.96310803520733,53.9141658825082
1.3126438125222553,-1.5707963267948966,510.6530769397706,63.69212944791056,258.2739799830808,63.25393591601226,81.15709068470748,59.56432978213622
1.4771647895120215,-1.5707963267948966,656.8575719726499,65.01859211889678,332.12338151086755,64.76244948121231,104.26503383300825,62.92670236239886
1.6623060990028473,-1.5707963267948966,843.0255558605977,66.02375938709974,426.15557873917777,65.87193806703677,133.88983728519682,64.9263648316794
1.8706522023821734,-1.5707963267948966,1080.2906112274688,66.79186044032005,545.9126918259792,66.70038793770631,171.4776331771995,66.18787425347281
2.1051114860111477,-1.5707963267948966,1381.6059879754107,67.3805435850919,698.5525669792908,67.32648333135124,219.215574807406,67.03712137955313
2.368956860549917,-1.5707963267948966,1764.0562200701036,67.83419006798866,891.742961364299,67.80107926199047,279.8613081528647,67.63463000763576
2.6658714488230206,-1.5707963267948966,2249.620048341031,68.18553118427533,1137.4327715521492,68.1655430675444,357.311047892221,68.06952653780856
3.0,-1.5707963267948966,2866.8580854031925,68.45889386561993,1449.313577622674,68.44649596334266,454.40488543144494,68.38751911189485
-3.0,-1.5209297767379157,2963.4099712949983,68.49127044808782,1498.972609219276,68.48022341303212,470.5775889191552,68.42670752244217
-2.6658714488230206,-1.5209297767379157,2367.737722074878,68.2489840498335,1196.6277944024214,68.23041406578866,376.33363166053874,68.1460905988626
-2.368956860549917,-1.5209297767379157,1894.388273921215,67.94640524338271,959.5723377069239,67.92094321461278,301.01694970531406,67.7786454943618
-2.1051114860111477,-1.5209297767379157,1524.2585069310526,67.57679351533686,771.165968942496,67.53386976188172,242.2627244029526,67.30569228342958
-1.8706522023821734,-1.5209297767379157,1227.7931806973227,67.11684348740675,621.3511682320686,67.05018002819878,195.52088956864173,66.67963817221738
-1.6623060990028473,-1.5209297767379157,996.071873119294,66.56210496510971,503.6559946358246,66.45582730279253,158.34496393774467,65.83658365084958
-1.4771647895120215,-1.5209297767379157,810.0588695600576,65.8803939167924,409.74487465676026,65.71778629773252,128.88671310737996,64.67981518121641
-1.3126438125222553,-1.5209297767379157,663.4755645620995,65.06433262390087,335.0401589881852,64.80710817896684,105.39969655988997,63.03531611503366
-1.166446554092426,-1.5209297767379157,544.6216512177284,64.06645708692149,275.87776826457394,63.69523133208718,86.89990966412317,60.66836386873929
-1.0365321883776653,-1.5209297767379157,450.5062682073934,62.88403904332016,227.60179340555626,62.299217564687396,71.75058229307328,57.13790817255442
-0.9210871889273549,-1.5209297767379157,373.76594769631436,61.453572232363335,188.97061444985658,60.582005377083384,59.62419733065777,52.38414509133598
-0.8185000129460304,-1.5209297767379157,310.94278834321824,59.722196549118095,157.49518374046673,58.43914718831074,49.56525572708499,46.57624474363634
-0.7273386051246984,-1.5209297767379157,260.8757716464097,57.7021882333647,132.05113886134396,55.80240101357278,41.46400217769358,40.461844285599796
-0.6463304070095649,-1.5209297767379157,218.7890662998556,55.23550188563574,110.79623686141946,52.48059466930107,34.87159941346311,34.49708603714043
-0.5743445928509872,-1.5209297767379157,184.767420441564,52.3631372227719,93.56881173748836,48.51135856883438,29.508554964281387,29.00313041047863
-0.5103762839557767,-1.5209297767379157,156.75781292937953,49.01527292247791,79.39060887364447,43.90304217711801,24.94355252950867,23.905718145071408
-0.4535325211846986,-1.5209297767379157,133.67841527976324,45.190719357517956,67.72226566956371,38.84862207261813,21.336919841949886,19.64021166410681
-0.40301979977966995,-1.5209297767379157,114.69856541448175,40.95601316246909,58.09916642962819,33.62850414628473,18.322895594152435,15.949331480043478
-0.35813299251433084,-1.5209297767379157,99.14051287063755,36.45681133555522,50.20354567708999,28.567737019545774,15.837119080637896,12.851255501748017
-0.3182455065418344,-1.5209297767379157,86.3228237755293,31.856319425103084,43.70509547803425,23.88123983284225,13.768467860644437,10.26534155985211
-0.2828005365353655,-1.5209297767379157,75.579346623341,27.272474600686593,38.301385794525416,19.663227228968218,12.044089860990292,8.130842610595286
-0.2513032920204875,-1.5209297767379157,66.90402565618243,23.056654178514968,33.87972113478063,16.041860485323234,10.635755868369621,6.424084513793741
-0.22331409039755062,-1.5209297767379157,59.560488600546094,19.144216861807656,30.17172967732486,12.93408181970031,9.511582084325541,5.10262369005606
-0.19844221923690444,-1.5209297767379157,53.54810019057081,15.743236438373337,27.136481617998925,10.383031157170388,8.516034307180956,3.9780190064187835
-0.17634048216824733,-1.5209297767379157,48.53233822674959,12.813088615609333,24.57488464278962,8.260129045197019,7.7371641090100285,3.1395924777711204
-0.15670035222800524,-1.5209297767379157,44.32437558668252,10.331332711793415,22.451823631286437,6.5497531177414725,7.047850085135129,2.4376620352932195
-0.13924766500838334,-1.5209297767379157,40.820128280285736,8.284236679460221,20.675447395869718,5.175102753485273,6.502623584215609,1.9161902015429737
-0.12373879148704055,-1.5209297767379157,37.86649606316225,6.602230424962247,19.170259999033547,4.067959784714828,6.025414687656852,1.4898765569185657
-0.10995723711238882,-1.5209297767379157,35.369911808290595,5.234971236261173,17.9069469210042,3.1927894507441317,5.623467403538727,1.1569302537092847
-0.09771061966979347,-1.5209297767379157,33.266888351397085,4.13996713280339,16.847674134824636,2.506779705579474,5.295481327464212,0.9060349385051384
-0.0868279837415025,-1.5209297767379157,31.490397406918305,3.2688201205750063,15.949235237851543,1.966285333061364,5.0116753294339,0.7062938328926933
-0.07715741427178036,-1.5209297767379157,29.97900723996173,2.5763864030964716,15.18033038331365,1.539149342066617,4.764868154715718,0.5474244051451788
-0.06856391592404971,-1.5209297767379157,28.685894682965166,2.0267647411754575,14.521161209211591,1.2028735216029725,4.556771278048041,0.4254613445353693
-0.06092752862714207,-1.5209297767379157,27.576530904429724,1.5919926837713627,13.956713449260446,0.9396735839009087,4.382339994631622,0.3325567643008742
-0.0541416530048151,-1.5209297767379157,26.623547156051437,1.249421962737015,13.47331893964244,0.7344320798862083,4.233351311804389,0.2605465319801118
-0.04811156231253989,-1.5209297767379157,25.80372426604031,0.9803037583134093,13.058384961315996,0.5745163101663916,4.103795526731858,0.20386184693701365
-0.04275308010908995,-1.5209297767379157,25.096991650636085,0.7692311011808275,12.700934249872944,0.44979629643679586,3.990505497382845,0.15913315228995
-0.0379914052040221,-1.5209297767379157,24.48618110831455,0.603773829698679,12.391836108908127,0.35238190211345705,3.891707910299963,0.12404132085375051
-0.03376006747802295,-1.5209297767379157,23.956828738257844,0.4740635822901089,12.123656448271872,0.2761980729420738,3.805919269494873,0.09669253143441434
-0.03,-1.5209297767379157,23.49686377066911,0.372342677348352,11.890345930138043,0.216566418231253,3.7315985780350114,0.07546078736794459
0.03,-1.5209297767379157,17.464650103428546,0.31677560833668605,8.82549316569971,0.18018458369416313,2.7688199404833895,0.061594061347482756
0.03376006747802295,-1.5209297767379157,17.168727388015263,0.3953163214057574,8.674741929961296,0.22467362985871925,2.7208651639337744,0.07692939155096962
0.0379914052040221,-1.5209297767379157,16.8468799101589,0.49210709314382584,8.5111592887937,0.2792789685695928,2.66864090097399,0.09582280452195169
0.04275308010908995,-1.5209297767379157,16.498962932337783,0.6106753750885883,8.334961576739012,0.34578016136053213,2.61249618565161,0.11878863312809743
0.04811156231253989,-1.5209297767379157,16.125882290620748,0.7547194158442089,8.146857455532684,0.42598368267997794,2.553157189454254,0.14618388447428293
0.0541416530048151,-1.5209297767379157,15.730095980344519,0.9276989566624707,7.9480600807988155,0.5216095782254272,2.491429971504054,0.17825164642967203
0.06092752862714207,-1.5209297767379157,15.316107771162109,1.132169070726693,7.740192285708523,0.6341946334200611,2.4274646781135654,0.2155211097130926
0.06856391592404971,-1.5209297767379157,14.890698126885043,1.3689316111398502,7.525232703620326,0.7649616830565459,2.360215560140342,0.2593816664813261
0.07715741427178036,-1.5209297767379157,14.462662157343807,1.636223013685716,7.306022473572732,0.9142672771849332,2.2889279675184095,0.3114237300142759
0.0868279837415025,-1.5209297767379157,14.042464532353284,1.9289053535490839,7.088069688434943,1.0797240445072962,2.217444974617539,0.36970633742720027
0.09771061966979347,-1.5209297767379157,13.643687283210593,2.2363021774819876,6.882253997029204,1.252557748612162,2.1550347781562227,0.4259038055810812
0.10995723711238882,-1.5209297767379157,13.28861637584192,2.535880250412981,6.704720086523238,1.4154012935890614,2.104362879269957,0.47538887582194694
0.12373879148704055,-1.5209297767379157,13.015005521779118,2.784320280996923,6.569927375074987,1.5480213668754539,2.0567779320729795,0.5251720309212735
0.13924766500838334,-1.5209297767379157,12.871823809423963,2.9207012312119414,6.487925137580179,1.632655666478195,2.027515717717565,0.5574467585136008
0.15670035222800524,-1.5209297767379157,12.905608969005963,2.888117587972315,6.490065699592374,1.630407495955806,2.0405916932356774,0.5428650078793998
0.17634048216824733,-1.5209297767379157,13.181917718921678,2.6308948399384064,6.642539917632399,1.4755915555043124,2.0769208493545155,0.5036969801643386
0.19844221923690444,-1.5209297767379157,13.826352734092708,2.0917898407700957,6.974850728617383,1.172738423835231,2.1875012672060543,0.3960317800664048
0.22331409039755062,-1.5209297767379157,14.961964021830306,1.3273111920883112,7.528289316640626,0.7629959753066997,2.35670226732345,0.2618099791795599
0.2513032920204875,-1.5209297767379157,16.734703220677613,0.5287223395826555,8.435910161236833,0.3066845504044982,2.6512018587792565,0.10265643806017122
0.2828005365353655,-1.5209297767379157,19.37738841703852,0.024925765654087415,9.756316300952365,0.017463900651573754,3.062406554995172,0.005905100887153953
0.3182455065418344,-1.5209297767379157,23.162569312152947,0.30516923390256123,11.690937877434592,0.17073749760025786,3.6581516702560744,0.05682424228284911
0.35813299251433084,-1.5209297767379157,28.465884781823412,1.937679888858463,14.34991166237022,1.1204832142892642,4.500402263354182,0.39446821837343443
0.40301979977966995,-1.5209297767379157,35.719974504184805,5.4227857166142295,17.997858437809157,3.253839595365266,5.655977507486971,1.1828679805383333
0.4535325211846986,-1.5209297767379157,45.492773965666686,11.019885649637146,22.96399672045857,6.956719138763108,7.207032706566757,2.5958810297102897
0.5103762839557767,-1.5209297767379157,58.54893851028394,18.583098427207887,29.57586285807912,12.432365442347646,9.284471735827994,4.841704093746479
0.5743445928509872,-1.5209297767379157,75.85126946130342,27.397166089215865,38.31321075854061,19.672732530658678,12.048811132802449,8.136633335864708
0.6463304070095649,-1.5209297767379157,98.54618623103664,36.26273157724731,49.79181048619189,28.284438130539947,15.64168694488252,12.606736278779595
0.7273386051246984,-1.5209297767379157,128.2075320669494,44.08879374545686,64.78077853826153,37.360262504668654,20.36605288509078,18.461922065442398
0.8185000129460304,-1.5209297767379157,166.71384139189152,50.33791459862896,84.26327086989161,45.65492475000953,26.489177008873142,25.67210580449736
0.9210871889273549,-1.5209297767379157,216.46445731325392,55.06948096820165,109.44206629666895,52.21827224547784,34.404390729107405,34.04091238790052
1.0365321883776653,-1.5209297767379157,280.6656763318896,58.5921595955307,141.83839081063851,56.948450966843,44.559134774053966,42.95533603514771
1.166446554092426,-1.5209297767379157,362.91639772674716,61.19971747611366,183.50616414909481,60.2709992312196,57.67537895865635,51.40389217268029
1.3126438125222553,-1.5209297767379157,468.47345855092226,63.14818267590181,236.93426651796895,62.61931816564763,74.46312663951728,57.931163413761674
1.4771647895120215,-1.5209297767379157,603.5037823405498,64.61179668380646,305.1384575290364,64.30459261426931,95.8030504986361,61.98648241356496
1.6623060990028473,-1.5209297767379157,775.6519543504277,65.7173753909987,392.0703025173177,65.53617067726603,123.20381988102321,64.36467354363809
1.8706522023821734,-1.5209297767379157,995.1932249514315,66.55949807932885,502.8720007438474,66.45087750625079,157.98590948956377,65.8259014291335
2.1051114860111477,-1.5209297767379157,1274.1626311674243,67.20317013955454,644.2212715705263,67.13926622402273,202.18192301489663,66.79050187068782
2.368956860549917,-1.5209297767379157,1628.4551237006904,67.69808855431567,823.1750599865654,67.65908473148778,258.37031377219483,67.46025402447219
2.6658714488230206,-1.5209297767379157,2078.3954159484747,68.08059412934725,1050.861787864151,68.05712985731705,330.1725600852249,67.94318287654806
3.0,-1.5209297767379157,2650.670046565944,68.37776792375641,1340.011722515566,68.36325486936529,420.14506907295015,68.2936315732857
-3.0,-1.471063226680935,2765.8867263127095,68.42259599775954,1399.3696102279077,68.41010837986968,439.29240016482896,68.34806588266223
-2.6658714488230206,-1.471063226680935,2215.867223281293,68.16614277974065,1119.556321080847,68.14456724451293,352.3999560951306,68.04826702513729
-2.368956860549917,-1.471063226680935,1777.4012785778227,67.84644666060183,900.7117837376816,67.81799931477795,282.5854831112625,67.65456118979532
-2.1051114860111477,-1.471063226680935,1435.2782167847583,67.45903596466316,726.217062664258,67.41059171652839,228.23425229972946,67.1499157873797
-1.8706522023821734,-1.471063226680935,1159.4746124571411,66.97681294172077,586.8646775524904,66.90202121458854,184.78598900609327,66.47990301050815
-1.6623060990028473,-1.471063226680935,943.7837420035673,66.39830690812579,477.21186051208065,66.27930529816518,150.09765432523497,65.57397531402587
-1.4771647895120215,-1.471063226680935,769.349536309572,65.68588673573309,389.15694213756075,65.50452266832016,122.47043305934105,64.32091966961106
-1.3126438125222553,-1.471063226680935,631.3797020840112,64.83322354793805,318.7584069351632,64.5463307197626,100.32372046104507,62.519477434147134
-1.166446554092426,-1.471063226680935,518.5967849377514,63.78424941796725,262.7680494937839,63.37288714404903,82.81293975001174,59.90739585287784
-1.0365321883776653,-1.471063226680935,429.0378526361133,62.53794975992432,216.7510286343469,61.88739565591676,68.36488007948985,56.02239442632167
-0.9210871889273549,-1.471063226680935,355.67827348513265,61.021259074763044,179.84089805316663,60.05005254263516,56.768396377929534,50.9248276418252
-0.8185000129460304,-1.471063226680935,295.51924791917963,59.1772507406803,149.71351430284437,57.744047931979566,47.125332268231766,44.87451261465664
-0.7273386051246984,-1.471063226680935,247.6561144720821,57.02315717600147,125.37762709314455,54.8994945131909,39.370602477664924,38.66395932840643
-0.6463304070095649,-1.471063226680935,207.47338462414936,54.39022530331401,105.0816492295362,51.3217998142831,33.07643236631119,32.72059718641479
-0.5743445928509872,-1.471063226680935,175.10860317173893,51.33345223560593,88.68969378981775,47.08805249317021,27.972299681951224,27.32870857012683
-0.5103762839557767,-1.471063226680935,148.56030253902625,47.79146080084207,75.24741153203374,42.25513674824471,23.6423300245414,22.388790053719045
-0.4535325211846986,-1.471063226680935,126.76283868119906,43.7829156744313,64.22474834939418,37.06851589898334,20.2349343722704,18.30194793125663
-0.40301979977966995,-1.471063226680935,108.89317341252627,39.40114418701421,55.16285352556112,31.829453605063133,17.396610566659195,14.798618751216834
-0.35813299251433084,-1.471063226680935,94.283282959194,34.81771122147095,47.74694179025723,26.849581974358735,15.061491280677467,11.880723293048542
-0.3182455065418344,-1.471063226680935,82.26876473534814,30.208369871720528,41.65428427780453,22.31174138793373,13.121920059290646,9.461201556701422
-0.2828005365353655,-1.471063226680935,72.2104409255901,25.68987304305997,36.594868366256755,18.280566624796926,11.507090302820854,7.474863273674888
-0.2513032920204875,-1.471063226680935,64.09509124533108,21.595289311029333,32.458059357559826,14.855054854641015,10.189435151842998,5.894076194175112
-0.22331409039755062,-1.471063226680935,57.226370177595534,17.842228139100026,28.989420553896828,11.938685330809651,9.138138264524436,4.674858315596774
-0.19844221923690444,-1.471063226680935,51.602076464202256,14.613603294182614,26.15001526078265,9.560210970911868,8.206438483520001,3.639732737997087
-0.17634048216824733,-1.471063226680935,46.90801512744539,11.855101800535817,23.75242533611213,7.590645843546759,7.477681604331382,2.8703975020602397
-0.15670035222800524,-1.471063226680935,42.966946036627874,9.534136947250044,21.763844884347705,6.010014482485847,6.831825024512082,2.227087758309476
-0.13924766500838334,-1.471063226680935,39.68206491413419,7.629763838009909,20.09858553987979,4.743579389440487,6.320818416423491,1.7501532872561807
-0.12373879148704055,-1.471063226680935,36.9103386985632,6.071391757261565,18.685970296555734,3.725911685100395,5.872945392180874,1.3605316748846894
-0.10995723711238882,-1.471063226680935,34.56476191789375,4.8086403106818905,17.499000509847598,2.922905936226825,5.4952269600915065,1.0564432431652284
-0.09771061966979347,-1.471063226680935,32.58661228420038,3.7998339335242184,16.502624447935208,2.2943297267987073,5.186767495133807,0.8274990018434527
-0.0868279837415025,-1.471063226680935,30.91358657725881,2.998750845129947,15.65650681482264,1.7995404637058734,4.919489120121146,0.6452475979302473
-0.07715741427178036,-1.471063226680935,29.4884344442446,2.36284783418426,14.931440026158924,1.4087320088047663,4.686704304952808,0.5002617347667051
-0.06856391592404971,-1.471063226680935,28.267554511802654,1.8585533866085315,14.309046742206522,1.1011421288472556,4.490199139422727,0.3889555655822373
-0.06092752862714207,-1.471063226680935,27.21885274137697,1.4598733574425928,13.77542865994947,0.8604205903677331,4.325314471310904,0.3041646411422255
-0.0541416530048151,-1.471063226680935,26.31689909534173,1.1458524328752229,13.317898091200709,0.6727018653165537,4.184322422657476,0.23842363384497534
-0.04811156231253989,-1.471063226680935,25.54008775242472,0.8992038081971817,12.924723150507663,0.5264165798855318,4.061572105693091,0.18664757312016778
-0.04275308010908995,-1.471063226680935,24.869704616242103,0.7057575096155091,12.58565201649585,0.41229762679368426,3.9541055985586846,0.1457684693893735
-0.0379914052040221,-1.471063226680935,24.289712222196716,0.5541019078598618,12.29214551607268,0.32313320446878036,3.860283912616678,0.11367864524129088
-0.03376006747802295,-1.471063226680935,23.78657873872991,0.4351888532709092,12.037245121787375,0.25337399664093707,3.778735348151824,0.08865605449052522
-0.03,-1.471063226680935,23.34899652257406,0.34191167023943414,11.815284058189029,0.19874796781841,3.708024426632367,0.06922019739335933
0.03,-1.471063226680935,17.556744086905557,0.2943104154217399,8.872350662553643,0.16746174727736746,2.7835377676605932,0.05726303529628209
0.03376006747802295,-1.471063226680935,17.268431947328896,0.36775677972566034,8.725488371862209,0.20908414562892014,2.736826412671993,0.07161483614257884
0.0379914052040221,-1.471063226680935,16.954108445815226,0.4585124356933621,8.565740266764758,0.2603107497623328,2.6858370761734496,0.08934385256873242
0.04275308010908995,-1.471063226680935,16.613334212883714,0.5700586566742556,8.393163512236185,0.32291027809997874,2.6308583487604054,0.11096791508963433
0.04811156231253989,-1.471063226680935,16.246599059999145,0.7061422739291673,8.208247933338328,0.3987347737166992,2.5725294360286317,0.13687838043831324
0.0541416530048151,-1.471063226680935,15.855783556809358,0.870446192265185,8.011916121278594,0.4896409746336197,2.5115500861654696,0.16738820648395036
0.06092752862714207,-1.471063226680935,15.444607363746451,1.066040001903502,7.805416614241367,0.5974379478878517,2.4479654593895996,0.20311554694957437
0.06856391592404971,-1.471063226680935,15.018815956825536,1.2946821254735468,7.590251852123451,0.7238182317975829,2.380637295372183,0.24553939487471868
0.07715741427178036,-1.471063226680935,14.58587872898211,1.5561775962081612,7.368642750428749,0.8699135138401461,2.3086720758302826,0.2964183030179533
0.0868279837415025,-1.471063226680935,14.15458909019643,1.8477571375268655,7.145244306671121,1.0346177168257735,2.2355781838671933,0.35432181667696866
0.09771061966979347,-1.471063226680935,13.736381008770614,2.1621735772887343,6.929728437843335,1.21120630986286,2.1700568914327922,0.4119077589076991
0.10995723711238882,-1.471063226680935,13.350646130817902,2.4817206214112937,6.736629834908387,1.3851579990304541,2.11432814339812,0.4653749249160718
0.12373879148704055,-1.471063226680935,13.031189187118743,2.7691846544498384,6.578524451877701,1.539323912919725,2.0595464956710186,0.5221849058835928
0.13924766500838334,-1.471063226680935,12.821936668431565,2.9692746020605276,6.463303475079242,1.6586667743563905,2.0199787426209452,0.5659702705387055
0.15670035222800524,-1.471063226680935,12.763406377182738,3.0269691193651624,6.419143459567733,1.7060234499698417,2.0181770303573825,0.5680207565774227
0.17634048216824733,-1.471063226680935,12.913393931988576,2.8806449928592697,6.507499858497146,1.6121750865878435,2.0345751277091826,0.5495421475159661
0.19844221923690444,-1.471063226680935,13.386782562269707,2.4505301364871652,6.75297860106271,1.3698306332417478,2.1178222498727286,0.4618968415378859
0.22331409039755062,-1.471063226680935,14.29360497014793,1.7502563912981333,7.191045620338549,0.9993676398233442,2.250814538724479,0.3417139474438224
0.2513032920204875,-1.471063226680935,15.763829662633121,0.9121169027505244,7.9454166546347675,0.5229589893918144,2.497018507561844,0.1751937593071351
0.2828005365353655,-1.471063226680935,18.009264221985422,0.19704975831274033,9.06507808953115,0.12046901746914454,2.845357600994113,0.04093913084272167
0.3182455065418344,-1.471063226680935,21.276777762426196,0.04500935030999628,10.737246680704791,0.023652491039974934,3.3587424277586884,0.0071956551844306405
0.35813299251433084,-1.471063226680935,25.90834451859495,1.0132417350008018,13.056892158644862,0.5739696771338888,4.094151872170923,0.1998742754947726
0.40301979977966995,-1.471063226680935,32.296624973150365,3.657226513273008,16.266716345243776,2.1525084800138745,5.11213978831528,0.7750204249167408
0.4535325211846986,-1.471063226680935,40.95938583189649,8.364766520909374,20.670334076624947,5.171241917141594,6.486692666697551,1.9014730412628453
0.5103762839557767,-1.471063226680935,52.59568940995324,15.191784861653396,26.56418616908191,9.905037487017935,8.339042208157291,3.78386910854203
0.5743445928509872,-1.471063226680935,68.0913992823569,23.660564209120274,34.386748275422164,16.463005366004126,10.81661790849596,6.640579200924541
0.6463304070095649,-1.471063226680935,88.49378696722792,32.699277805467986,44.70608327891028,24.632217717869032,14.045069808196148,10.610296051606506
0.7273386051246984,-1.471063226680935,115.25334363084706,41.09753876813345,58.22801886637237,33.705201512685264,18.30913364969206,15.932279836415617
0.8185000129460304,-1.471063226680935,150.09321725696785,48.0304969043611,75.85456719994639,42.50624799525899,23.85119981017668,22.63404620770402
0.9210871889273549,-1.471063226680935,195.22712172049,53.35849165007407,98.69855964632004,49.85070818444084,31.03254281520158,30.62086897244619
1.0365321883776653,-1.471063226680935,253.6143965764485,57.33851926374222,128.1506795346833,55.28802963735775,40.26617553299797,39.44411655724959
1.166446554092426,-1.471063226680935,328.5492112463937,60.27817266757736,166.1183023460645,59.12092793120382,52.22144665995038,48.295081956314974
1.3126438125222553,-1.471063226680935,424.9031372204929,62.467075641163646,214.8906429178753,61.812009585010664,67.54876620039683,55.73092039718559
1.4771647895120215,-1.471063226680935,548.3326863191327,64.10442748193621,277.23412102199666,63.72664455740275,87.0533541043957,60.69476221629812
1.6623060990028473,-1.471063226680935,705.9412754612632,65.33676360326248,356.80096382972846,65.11521845672831,112.14829311352328,63.613675593385494
1.8706522023821734,-1.471063226680935,907.1176370903144,66.2718887825244,458.3224982762775,66.13988979830694,144.02364829035486,65.35446807770666
2.1051114860111477,-1.471063226680935,1162.953699329962,66.9843496851775,587.9853997574223,66.90712361985013,184.55330379255076,66.4752510730649
2.368956860549917,-1.471063226680935,1488.1289626397408,67.53070487612393,752.2164171039076,67.48376796829957,236.13370659637593,67.2403289199503
2.6658714488230206,-1.471063226680935,1901.2558139597888,67.95188602954032,961.3009113944076,67.92376979958226,302.10423997021275,67.78542843041052
3.0,-1.471063226680935,2427.11576548029,68.27852587889521,1226.985449489192,68.26119441294225,384.7199213466636,68.1771959243329
-3.0,-1.421196676623954,2577.346244129505,68.34713268335258,1304.4311582416212,68.33307816162656,409.46334739194293,68.26084425768305
-2.6658714488230206,-1.421196676623954,2071.5614981504837,68.07604166230766,1046.227554213506,68.05080573612403,329.7401872985668,67.94098124717235
-2.368956860549917,-1.421196676623954,1665.9360318517001,67.73795564219859,844.7567115338352,67.70635332203267,265.0745496872961,67.51816717958116
-2.1051114860111477,-1.421196676623954,1349.8998420507794,67.33119028212371,683.1222435108573,67.27647736245899,214.80402202083175,66.97778303193775
-1.8706522023821734,-1.421196676623954,1092.6395572425245,66.8225071183216,553.157735599194,66.73835577971606,174.30684946883085,66.2547129894547
-1.6623060990028473,-1.421196676623954,891.1554826176776,66.21351782463017,450.6201936239834,66.07945422544249,141.8050543687361,65.26788866679185
-1.4771647895120215,-1.421196676623954,726.8843386878866,65.45902718851619,367.699221103614,65.25465213471023,115.77541010879357,63.88347252054149
-1.3126438125222553,-1.421196676623954,596.5952702496197,64.5535984361137,301.1495915493084,64.22922122858378,94.82270740216747,61.86023121093524
-1.166446554092426,-1.421196676623954,489.5153752899334,63.43178210568035,248.10931181365626,62.96698109839533,78.22895311561722,58.901794808865716
-1.0365321883776653,-1.421196676623954,404.51294304988863,62.09525967027343,204.37238427176047,61.356078595668436,64.48756737804948,54.553137747269986
-0.9210871889273549,-1.421196676623954,334.84879417133607,60.46208635491236,169.33145205531963,59.35428390666752,53.468037627499484,49.054684130073404
-0.8185000129460304,-1.421196676623954,277.82676373705027,58.4727585089909,140.77813749411362,56.83331030716212,44.31907022546614,42.76894980485445
-0.7273386051246984,-1.421196676623954,232.63029138196913,56.15140968265101,117.78714719416176,53.72633769098861,36.98874093529172,36.50917373934781
-0.6463304070095649,-1.421196676623954,194.80387265623784,53.32038936678853,98.67815470635499,49.84567334480207,31.06277619135929,30.652516741062918
-0.5743445928509872,-1.421196676623954,164.45687697590282,50.052407944840624,83.30490917548642,45.32537544955287,26.274812811459658,25.42951151441103
-0.5103762839557767,-1.421196676623954,139.64887225228088,46.29903605492918,70.74037680007102,40.2821398825657,22.226426517030458,20.709390943881903
-0.4535325211846986,-1.421196676623954,119.33853941842732,42.1039651915488,60.467704249540546,35.00833029841992,19.050600059825403,16.848766634538695
-0.40301979977966995,-1.421196676623954,102.7246914500251,37.59044369785064,52.04131720988401,29.808999067161704,16.41146188483411,13.56944870524412
-0.35813299251433084,-1.421196676623954,89.16397743258906,32.9540530596813,45.1567276735607,24.966967496114385,14.243417511767332,10.85791741370593
-0.3182455065418344,-1.421196676623954,78.02235987985837,28.376406736334626,39.505527223042016,20.625426986986277,12.444347921809957,8.62303244379802
-0.2828005365353655,-1.421196676623954,68.69797320517125,23.96583828086711,34.81511489064353,16.817803237863888,10.94699972502816,6.797209432191514
-0.2513032920204875,-1.421196676623954,61.17588601495959,20.029793949190132,30.980245263687703,13.614491365302552,9.725461964040397,5.350397175970377
-0.22331409039755062,-1.421196676623954,54.80588215279174,16.4668359886009,27.763127702129946,10.908041464825494,8.75076632021799,4.2384329310852795
-0.19844221923690444,-1.421196676623954,49.586704364624154,13.433460725155374,25.128228282424526,8.714491970585955,7.885748211202676,3.296182799349061
-0.17634048216824733,-1.421196676623954,45.22689436184777,10.86307427354485,22.901075274531898,6.906504203706862,7.2090737258278335,2.597925765299692
-0.15670035222800524,-1.421196676623954,41.562218258921064,8.714349354310436,21.051814645559475,5.460935233660681,6.608243665564108,2.014550273503791
-0.13924766500838334,-1.421196676623954,38.50403063220228,6.960384939846805,19.50140539050749,4.306101052374792,6.1326051343621035,1.5828949141263757
-0.12373879148704055,-1.421196676623954,35.92003693578307,5.530748924945926,18.184338822209224,3.38005954819188,5.715012920034964,1.2304334784891606
-0.10995723711238882,-1.421196676623954,33.73019387998496,4.375838793628032,17.07611461601843,2.6505565985034565,5.362289311382274,0.9554824639863342
-0.09771061966979347,-1.421196676623954,31.880800490230193,3.455372819477838,16.144599282365647,2.0802357281260715,5.073963799945641,0.7486407225451085
-0.0868279837415025,-1.421196676623954,30.3144793115145,2.7257263894258514,15.352445400361896,1.6316612499272716,4.823731831947626,0.583971239798037
-0.07715741427178036,-1.421196676623954,28.978313450122574,2.1472410316537136,14.67261730906382,1.2775030429320597,4.605420373399565,0.45292817289147513
-0.06856391592404971,-1.421196676623954,27.83202755467458,1.688854827390796,14.088205907662976,0.9988078772592601,4.4208884184666495,0.352314601393431
-0.06092752862714207,-1.421196676623954,26.84603246251421,1.3266541273585926,13.58645989471534,0.7807033105233605,4.265872053690649,0.27565906973669135
-0.0541416530048151,-1.421196676623954,25.99688748988715,1.041447109824068,13.155697023832428,0.6106027683895834,4.133154390468682,0.21620269245266752
-0.04811156231253989,-1.421196676623954,25.264640135178407,0.8174534836875058,12.78506792164329,0.47801685465148225,4.017454759876084,0.16934815375475193
-0.04275308010908995,-1.421196676623954,24.631965836802667,0.6417681530123434,12.465064577651251,0.3745513037369098,3.916029904257757,0.1323302313168625
-0.0379914052040221,-1.421196676623954,24.083985452145637,0.5040153207095275,12.187754307169776,0.2936784333356295,3.8273776200558616,0.1032528703950365
-0.03376006747802295,-1.421196676623954,23.608122169522204,0.39597773163776107,11.946666109815862,0.23037795901191915,3.7502399035778233,0.0805657834455952
-0.03,-1.421196676623954,23.193850540368874,0.3112063523647792,11.736525380600026,0.1807860902415046,3.683288970884898,0.06293399740546302
0.03,-1.421196676623954,17.656021037411328,0.2711211475486689,8.92285970543716,0.15432254971635195,2.799402791135624,0.05278813289278833
0.03376006747802295,-1.421196676623954,17.376222865663575,0.3392212869600608,8.78034621423584,0.19293451842719256,2.7540808813024813,0.0661066336395211
0.0379914052040221,-1.421196676623954,17.070442363972514,0.4235946157894907,8.624950305223805,0.24058518502464343,2.704491307933211,0.08260298436085087
0.04275308010908995,-1.421196676623954,16.737960542150695,0.5276377169940035,8.456576779503768,0.2990115736530031,2.65086362692459,0.10279162067038394
0.04811156231253989,-1.421196676623954,16.37886756192128,0.6550919466852393,8.27550419714103,0.37008234317446326,2.593751097970134,0.12708911805597414
0.0541416530048151,-1.421196676623954,15.994484013292944,0.8097885712025695,8.082373449030946,0.45575098066131337,2.5337487387477813,0.15586601487882268
0.06092752862714207,-1.421196676623954,15.58776391105237,0.9952106102800029,7.87806992729533,0.5580442223360506,2.4708011451493164,0.18981172088376497
0.06856391592404971,-1.421196676623954,15.16343821017722,1.2139412017826472,7.663634421691546,0.6790509647115798,2.4036867794045946,0.23046769026002265
0.07715741427178036,-1.421196676623954,14.72767593197825,1.4671907991692956,7.440685326584149,0.8205842242697201,2.331383666240631,0.27972291166812535
0.0868279837415025,-1.421196676623954,14.287633275108789,1.7543748715803456,7.213041528709991,0.9827148511708609,2.25706486734443,0.33662511701497994
0.09771061966979347,-1.421196676623954,13.852638068329444,2.0715154357986645,6.989176737579482,1.160693448105153,2.18885015744959,0.3948208578702328
0.10995723711238882,-1.421196676623954,13.439223991126863,2.4057351877846163,6.782019121086998,1.3428821961649615,2.128521913939505,0.4513522877313519
0.12373879148704055,-1.421196676623954,13.077259469075571,2.7264048956014983,6.602281806265578,1.5154603175057728,2.0670884226150896,0.5141051066379074
0.13924766500838334,-1.421196676623954,12.805633916449478,2.985267721540289,6.455747998124445,1.6667047945306346,2.017824904912107,0.5684220874843389
0.15670035222800524,-1.421196676623954,12.658891496941118,3.1319097569173833,6.367417955169937,1.7626590967927216,2.001773009709884,0.5869215040806599
0.17634048216824733,-1.421196676623954,12.687084046045385,3.103358269762658,6.393910922636947,1.7334929033148891,1.998987894931096,0.590172281308658
0.19844221923690444,-1.421196676623954,12.994229394764224,2.8038335620087635,6.554973938303004,1.5632282037861525,2.055637707245062,0.5264055787349604
0.22331409039755062,-1.421196676623954,13.67724230867719,2.20927683956484,6.880273540596282,1.2543025349000367,2.153255660516757,0.4275815087534654
0.2513032920204875,-1.421196676623954,14.849930718903119,1.3931030651343028,7.4838929431319725,0.7918557757659527,2.351910378862888,0.26514442563003787
0.2828005365353655,-1.421196676623954,16.702666654079053,0.5394585701071013,8.405184156745,0.31829890688193213,2.638141656008544,0.10794989761345337
0.3182455065418344,-1.421196676623954,19.455985632865215,0.020155026531886503,9.816602166126534,0.012986898677284878,3.0697417909104727,0.005287304875517632
0.35813299251433084,-1.421196676623954,23.417198496778262,0.35580743519729047,11.797741301795101,0.19468164240563038,3.6985282057806756,0.06677494680538827
0.40301979977966995,-1.421196676623954,28.93763765232529,2.130343655879493,14.568497226363405,1.2260228804981048,4.578589167123666,0.43769824711318295
0.4535325211846986,-1.421196676623954,36.48296389702094,5.8368479078297115,18.40575872153488,3.5316099274936468,5.7754603604877905,1.279745295926681
0.5103762839557767,-1.421196676623954,46.68376504316855,11.72274188021522,23.57368657854115,7.446205526380126,7.4002352434204886,2.7911653602760165
0.5743445928509872,-1.421196676623954,60.34530835397981,19.57611281041892,30.467558731459413,13.183115371038156,9.586622859023532,5.18933706585859
0.6463304070095649,-1.421196676623954,78.4112389050217,28.548747470696362,39.60544160658669,20.704731702573117,12.44367766276868,8.62220621907387
0.7273386051246984,-1.421196676623954,102.20290118951277,37.42926343495964,51.626954873142026,29.532461570999807,16.23689104968572,13.35124031560327
0.8185000129460304,-1.421196676623954,133.2810271178256,45.11356767785496,67.34915087840922,38.6648923934907,21.182810842086162,19.453938771117944
0.9210871889273549,-1.421196676623954,173.66620692134993,51.169466724070595,87.7916498595677,46.80871831039001,27.609278215540275,26.92680137612933
1.0365321883776653,-1.421196676623954,226.06172865593234,55.73157929432438,114.20912565839599,53.110522127336566,35.89378150548723,35.47984842710536
1.166446554092426,-1.421196676623954,293.4467860273792,59.099387579470786,148.35820671410826,57.614186595005755,46.650943838397446,44.52978514529208
1.3126438125222553,-1.421196676623954,380.29699718733,61.599025842041485,192.32274799234168,60.76269219957955,60.470449602965246,52.78943164632511
1.4771647895120215,-1.421196676623954,491.7449666654463,63.46034668500183,248.6130396412192,62.9818239283433,78.07970874206664,58.86597716849951
1.6623060990028473,-1.421196676623954,634.346719645131,64.85560432541372,320.57630279332466,64.57689004696212,100.79563302072218,62.57085333920495
1.8706522023821734,-1.421196676623954,816.5799161477203,65.90969743833355,412.52418751010174,65.74482167721914,129.6734391723458,64.720366691961
2.1051114860111477,-1.421196676623954,1048.5739708671447,66.70976548822563,530.1455171911587,66.61396242890811,166.42500657138376,66.06120398206691
2.368956860549917,-1.421196676623954,1343.7789624319155,67.3213896141188,679.220759992755,67.26345738439757,213.26439073090827,66.9563750589941
2.6658714488230206,-1.421196676623954,1719.0424931678972,67.79142453412854,869.1757386440312,67.75690615582278,273.24399284916643,67.58430737748694
3.0,-1.421196676623954,2197.2371891185285,68.15518330549732,1110.7612093119815,68.1339926701016,348.2957756210254,68.02998838535777
-3.0,-1.3713301265669733,2401.2372545849,68.26583221446582,1215.958841575902,68.25019644947783,381.6562634710561,68.16600727243215
-2.6658714488230206,-1.3713301265669733,1934.4647256843011,67.97783315943877,976.5402262298176,67.94824279617667,308.2929766714534,67.82300479212626
-2.368956860549917,-1.3713301265669733,1557.091354789499,67.61679302466725,790.197783225293,67.58167648528139,248.00471459669964,67.36349006797127
-2.1051114860111477,-1.3713301265669733,1263.5808964651817,67.18403851846811,639.5885171006485,67.12175962754921,201.2299088243839,66.77520827863465
-1.8706522023821734,-1.3713301265669733,1022.4211685298646,66.63815119348591,517.7567007207211,66.54213989036131,163.27714109329588,65.97713356221635
-1.6623060990028473,-1.3713301265669733,833.6288582930473,65.98408295726841,421.5817306317577,65.83027017308375,132.72837675067638,64.87144941430518
-1.4771647895120215,-1.3713301265669733,679.0383112964729,65.16826259069128,343.53628269366345,64.93247508069116,108.21023114470671,63.28950138847802
-1.3126438125222553,-1.3713301265669733,556.5369278451626,64.18650158686496,280.917683932642,63.81025442149375,88.47981586793139,60.93328092837766
-1.166446554092426,-1.3713301265669733,455.81659535256455,62.964379456039985,231.0946542508127,62.422456211096616,72.88719622583915,57.48058029277905
-1.0365321883776653,-1.3713301265669733,376.14029489826197,61.50706773972788,190.06055255493996,60.641564715647036,59.987087516108595,52.559427644146325
-0.9210871889273549,-1.3713301265669733,311.01545658670193,59.72462852209276,157.30346648262963,58.422989824130326,49.67788634426862,46.651937726827526
-0.8185000129460304,-1.3713301265669733,257.9048682146985,57.556027930688444,130.70477654142726,55.62890803119503,41.15103455364626,40.19877557828417
-0.7273386051246984,-1.3713301265669733,215.97584194319606,55.03410321178909,109.36730159734884,52.203575512938414,34.345708255867486,33.98330760331269
-0.6463304070095649,-1.3713301265669733,180.99386896238866,51.9744669853294,91.69255346920825,47.9822876217338,28.864338892189576,28.30622816548115
-0.5743445928509872,-1.3713301265669733,153.01176211132525,48.47236260676858,77.51488878350719,43.17585682800748,24.448046562798666,23.331186698867228
-0.5103762839557767,-1.3713301265669733,130.18951309685212,44.498092082365005,65.9533869977469,37.96460905571217,20.7222428900385,18.895512240981166
-0.4535325211846986,-1.3713301265669733,111.53519568481052,40.12584352444009,56.516826449506304,32.67123893665211,17.804751377096,15.306360887793193
-0.40301979977966995,-1.3713301265669733,96.29113520145376,35.51005515611696,48.78423213550026,27.58320056961908,15.383224276140927,12.28331059707961
-0.35813299251433084,-1.3713301265669733,83.85561074633348,30.86501369659998,42.46990610866874,22.940798542420374,13.39465091849388,9.799980689614426
-0.3182455065418344,-1.3713301265669733,73.63777947481613,26.368918961947013,37.286286192128216,18.843308141926514,11.744442587940394,7.7641261681742755
-0.2828005365353655,-1.3713301265669733,65.08208663281849,22.113940167822108,32.98251247767936,15.293786910295406,10.370247288119657,6.108024330824483
-0.2513032920204875,-1.3713301265669733,58.17654935996667,18.375305569681437,29.46156111556662,12.336126635640564,9.248638242775284,4.800752718088795
-0.22331409039755062,-1.3713301265669733,52.32175966710992,15.032663378065543,26.50438759009851,9.855189433620136,8.353117580883993,3.7992363438813044
-0.19844221923690444,-1.3713301265669733,47.519363975916846,12.215864622980943,24.07994257553672,7.85633004850752,7.556734527791284,2.9518120611328595
-0.17634048216824733,-1.3713301265669733,43.50238922280694,9.848126232531872,22.027632892057472,6.215963454957265,6.93348702522409,2.3255705952368526
-0.15670035222800524,-1.3713301265669733,40.12063579291262,7.8811600744701735,20.32102943939075,4.908992379662182,6.378770165680313,1.8026163550992638
-0.13924766500838334,-1.3713301265669733,37.2942340500842,6.283552105354434,18.888068991035723,3.867718726809089,5.939296132940523,1.4163802563732066
-0.12373879148704055,-1.3713301265669733,34.90208956784785,4.9862622678150545,17.66865792159438,3.034321839297709,5.552653883588463,1.1010762737143192
-0.10995723711238882,-1.3713301265669733,32.87138664398429,3.9412879842990955,16.640913506248587,2.378775846423692,5.22547970499441,0.8551858679429813
-0.09771061966979347,-1.3713301265669733,31.153607682302894,3.1103018293471196,15.775705497084545,1.8668475286865673,4.957734024122515,0.6703338248845008
-0.0868279837415025,-1.3713301265669733,29.696428890288942,2.4526640483475397,15.038751849179928,1.4644662114728688,4.72493895662365,0.5231339714060758
-0.07715741427178036,-1.3713301265669733,28.45136462394576,1.93184856956387,14.405241486464496,1.1468680437938048,4.52144960718683,0.40593464560139764
-0.06856391592404971,-1.3713301265669733,27.381530710371447,1.5194509719266671,13.859762035529476,0.8969564021871856,4.349191879909717,0.31592996303609844
-0.06092752862714207,-1.3713301265669733,26.459884441437246,1.1937239125430932,13.390726201241158,0.701360494332138,4.2043019300444815,0.24734184941705456
-0.0541416530048151,-1.3713301265669733,25.665003602792144,0.9372877958369976,12.987471124648964,0.5487835123912196,4.080085431939737,0.19411706712367716
-0.04811156231253989,-1.3713301265669733,24.97861231320565,0.7358953210861502,12.640042940856898,0.42981960995339136,3.9716403448781605,0.15214401086861726
-0.04275308010908995,-1.3713301265669733,24.38479556256457,0.57791946574327,12.339689054836695,0.3369470868832617,3.8764415438514543,0.11895778005618414
-0.0379914052040221,-1.3713301265669733,23.86984991099992,0.454025820007567,12.079093004015748,0.264320306979159,3.793124642907144,0.09287157399430587
-0.03376006747802295,-1.3713301265669733,23.422168523338893,0.35682945957635004,11.852279229124106,0.20744533965987735,3.7205460878625267,0.07250484634347075
-0.03,-1.3713301265669733,23.032020940394258,0.28053842165749937,11.654371748052261,0.16286398998272963,3.6574870075889994,0.05666654037446581
0.03,-1.3713301265669733,17.7624404800815,0.24743217893020542,8.976999231578896,0.1408932190145068,2.8164084209088798,0.04821207129162421
0.03376006747802295,-1.3713301265669733,17.49209366590404,0.3099843566349517,8.8393115152469,0.17637883739771895,2.7726273312711656,0.0604569627473091
0.0379914052040221,-1.3713301265669733,17.195923962972213,0.38768691351514484,8.688810069148664,0.22028875818584107,2.7246100494903343,0.07566341620866163
0.04275308010908995,-1.3713301265669733,16.872952513434793,0.48381296666671797,8.525256541567888,0.27430709778831713,2.672529275226523,0.09433537040423241
0.04811156231253989,-1.3713301265669733,16.522892362801716,0.602042419939342,8.348728916791101,0.34028883396383985,2.6168543429207545,0.1169048120933952
0.0541416530048151,-1.3713301265669733,16.146529559530805,0.7462750123391159,8.159599288651732,0.42024120255750474,2.5580784066138804,0.14378624527515343
0.06092752862714207,-1.3713301265669733,15.74608130007968,0.9202952723286586,7.958406292586251,0.5163480518728505,2.496051565848848,0.1757206055777416
0.06856391592404971,-1.3713301265669733,15.325297931485643,1.1273583924225397,7.745750430500437,0.6310104537623378,2.4294803619884386,0.21428176417562247
0.07715741427178036,-1.3713301265669733,14.889090952690667,1.369879507061496,7.522674171186572,0.7666094810846285,2.3572275330313603,0.26144604490763684
0.0868279837415025,-1.3713301265669733,14.443036323217243,1.6492094918460578,7.29218885684667,0.924253415581038,2.282133742577723,0.3166945697887166
0.09771061966979347,-1.3713301265669733,13.99442779780105,1.9643673244422086,7.061594557257543,1.1010311593157758,2.2117273367902617,0.3746438430588631
0.10995723711238882,-1.3713301265669733,13.557016894460784,2.3071188957546225,6.842236138298455,1.2881234184575836,2.147367720219559,0.4331644034675511
0.12373879148704055,-1.3713301265669733,13.156799682968138,2.6536069019137636,6.643011219578805,1.4751290236593513,2.0799737230942523,0.5004940686819698
0.13924766500838334,-1.3713301265669733,12.827701721946134,2.963633190097524,6.467680979285312,1.654021789862272,2.021815708761262,0.5638848141916626
0.15670035222800524,-1.3713301265669733,12.598431748074828,3.193753107929893,6.338113105812609,1.7953116527857906,1.992391720597674,0.5979200937195128
0.17634048216824733,-1.3713301265669733,12.511435071219351,3.2842249042934526,6.306045722362572,1.8315172212930566,1.9715039339972316,0.6229119416333474
0.19844221923690444,-1.3713301265669733,12.659867706403585,3.130918086666089,6.386491695856872,1.7416271165998252,2.002723989674817,0.5858143141166983
0.22331409039755062,-1.3713301265669733,13.127634730612696,2.680144493722827,6.603448965696459,1.5142943926237662,2.066376591304349,0.5148641192327822
0.2513032920204875,-1.3713301265669733,14.012474983664998,1.9509950726171468,7.06119749352465,1.1013527572075907,2.2189739063079723,0.3683930867884033
0.2828005365353655,-1.3713301265669733,15.48323683428162,1.0466346571909704,7.789625797571117,0.6062150124991,2.4448381069204044,0.20497952936693872
0.3182455065418344,-1.3713301265669733,17.733884587730515,0.2536709677111967,8.946072376887297,0.1484822374294427,2.7965175193665375,0.05358710585549038
0.35813299251433084,-1.3713301265669733,21.036598630116057,0.027875675615181623,10.594836675654468,0.012894386747748489,3.3205669581336683,0.0041696320779939
0.40301979977966995,-1.3713301265669733,25.70063942133154,0.9482659383711503,12.932427640336524,0.5291423695827014,4.064504681968222,0.1878225609374368
0.4535325211846986,-1.3713301265669733,32.13829966795919,3.57999745470042,16.208199589195914,2.1177776098003243,5.08525270913563,0.7564080615151023
0.5103762839557767,-1.3713301265669733,40.909545749157,8.335934782192673,20.65322657439891,5.158329308260284,6.4833924979849735,1.8984282601612803
0.5743445928509872,-1.3713301265669733,52.735965840326124,15.273183148178031,26.61801942541419,9.949929618932304,8.378378329919672,3.826847528712591
0.6463304070095649,-1.3713301265669733,68.45362861994462,23.84313015206324,34.56854478449173,16.613697058531017,10.86219295917477,6.695277424879342
0.7273386051246984,-1.3713301265669733,89.2490302194225,32.986204092118555,45.07538582943641,24.906699911890883,14.179977563514965,10.778696825722465
0.8185000129460304,-1.3713301265669733,116.51303880223625,41.414512893918555,58.86658545554441,34.08251870749697,18.521464974087362,16.19520110796141
0.9210871889273549,-1.3713301265669733,152.06447532965987,48.33080763152723,76.86474213240885,42.916600921413576,24.179519574461683,23.018218028683556
1.0365321883776653,-1.3713301265669733,198.33939635910127,53.63342140251411,100.1820228670939,50.21083199719134,31.494718592817765,31.102752148013103
1.166446554092426,-1.3713301265669733,257.9892095292874,57.560226645682825,130.41856301214005,55.591485362805294,41.02422948963264,40.09161558995865
1.3126438125222553,-1.3713301265669733,335.0786698364161,60.46865911799016,169.4453578937,59.362366640300635,53.29552556964797,48.951332282891926
1.4771647895120215,-1.3713301265669733,434.1992095944355,62.62443458636836,219.50747488635912,61.99641313281418,68.95513615953732,56.227565305455116
1.6623060990028473,-1.3713301265669733,561.3491907344411,64.23348181696369,283.6394814439317,63.870484347462025,89.22271771735869,61.05274956744489
1.8706522023821734,-1.3713301265669733,724.0662949980524,65.44300072635636,365.7223342510069,65.23002960544045,115.01341376077674,63.82888656034196
2.1051114860111477,-1.3713301265669733,931.4929604356943,66.35706754992421,470.93906081645815,66.23433058961372,147.8729150571953,65.49639097607701
2.368956860549917,-1.3713301265669733,1195.8383094119934,67.05337805327972,604.4062829484536,66.97960345093668,189.8338106094041,66.5773257120948
2.6658714488230206,-1.3713301265669733,1532.1221437066315,67.5865321913919,774.6718997677401,67.54285994137905,243.6570469803071,67.32002188097206
3.0,-1.3713301265669733,1961.3208685327816,67.99816611760866,991.4832456488817,67.97148698394305,310.92056575293157,67.83844738217508
-3.0,-1.3214635765099922,2219.561610341641,68.1682939751893,1124.670975501998,68.15063860453282,352.9698835943972,68.05076791223348
-2.6658714488230206,-1.3214635765099922,1787.4597416658728,67.8555621293437,902.0536283988872,67.82050084413923,285.19895914685526,67.6732726916577
-2.368956860549917,-1.3214635765099922,1436.5948107537324,67.46088646847511,729.5708056361767,67.42033631439458,229.0131322805015,67.15916054487947
-2.1051114860111477,-1.3214635765099922,1164.7565316931132,66.98823708573481,589.7130499666118,66.91494924866025,185.61230607937753,66.49630503977487
-1.8706522023821734,-1.3214635765099922,940.6491070541538,66.38789419413682,476.47278664120853,66.2740718612122,150.3341759254795,65.58204305161466
-1.6623060990028473,-1.3214635765099922,765.7903378311158,65.6678679981809,387.33862077281276,65.48450926855686,121.98101883862421,64.2912970107237
-1.4771647895120215,-1.3214635765099922,622.7319870049549,64.76673084425525,315.0919259185583,64.48351603271549,99.26820399555088,62.40179724890836
-1.3126438125222553,-1.3214635765099922,509.746028955005,63.681420190318796,257.31804371233613,63.22803244727383,81.0559127320038,59.54265827765148
-1.166446554092426,-1.3214635765099922,417.0959707702398,62.32922419264361,211.50489131114634,61.67091427450778,66.71613208496859,55.423996456237504
-1.0365321883776653,-1.3214635765099922,344.08327678457266,60.7188222151495,173.88864825335298,59.668037969541516,54.886458710163396,49.88318367348252
-0.9210871889273549,-1.3214635765099922,284.5891218568291,58.753012863565644,143.9585061048317,57.172722206249276,45.46280048239263,43.646408067006824
-0.8185000129460304,-1.3214635765099922,236.21491067879583,56.37008197354911,119.725250930843,54.04228361416312,37.6946028491225,37.1598168904411
-0.7273386051246984,-1.3214635765099922,198.11654097890764,53.61403690406974,100.33174499397292,50.246539301361295,31.508561816218478,31.117122313697344
-0.6463304070095649,-1.3214635765099922,166.38722187177436,50.29708868641471,84.29878345143835,45.667000159469595,26.53619993216227,25.725216362256788
-0.5743445928509872,-1.3214635765099922,141.0380207462989,46.543866960280305,71.4537550717105,40.6075465713325,22.534735572399367,21.077502063310327
-0.5103762839557767,-1.3214635765099922,120.3788817352678,42.350542958911255,60.98621315267316,35.30197007287066,19.16120780836875,16.985069872575096
-0.4535325211846986,-1.3214635765099922,103.49611841901311,37.82638153850752,52.44490957664305,30.076476887533417,16.52048447383783,13.705675486935386
-0.40301979977966995,-1.3214635765099922,89.69628078050845,33.15459850323225,45.44429888597052,25.179482934166863,14.328637301564784,10.964363776922823
-0.35813299251433084,-1.3214635765099922,78.43352547629635,28.55859619986658,39.72471696570363,20.799293440825046,12.52733815926569,8.725382661504485
-0.3182455065418344,-1.3214635765099922,69.17011585379208,24.20193008011465,35.024514542054156,16.990882107077162,11.031052157850528,6.898420677324099
-0.2828005365353655,-1.3214635765099922,61.40330154722241,20.153391862124934,31.11765412604688,13.730044116324148,9.783326967561722,5.417755473872167
-0.2513032920204875,-1.3214635765099922,55.127398360703616,16.65088080529522,27.91738750204204,11.037491196488709,8.763797302463434,4.252982793806316
-0.22331409039755062,-1.3214635765099922,49.796851472097416,13.55690244548626,25.224798788242072,8.79407301951791,7.948862640747469,3.363208075250208
-0.19844221923690444,-1.3214635765099922,45.417526446099025,10.975500307294556,23.01402859500445,6.996689358182359,7.222183904112162,2.6110693163501497
-0.17634048216824733,-1.3214635765099922,41.74799469117422,8.82237872075951,21.138940151759428,5.52755436083744,6.653081614643793,2.0567113091368405
-0.15670035222800524,-1.3214635765099922,38.65271765147761,7.044353757331509,19.57682502595732,4.360796421395693,6.145081042105933,1.593829246360029
-0.13924766500838334,-1.3214635765099922,36.06095239475358,5.607058120665767,18.2627738097449,3.433538707312375,5.7422149429133444,1.252549025801306
-0.12373879148704055,-1.3214635765099922,33.863056996740355,4.444077174946392,17.142251745344726,2.692629500104481,5.3869148958859325,0.9739300068536583
-0.10995723711238882,-1.3214635765099922,31.99357410077386,3.509801764237354,16.19604968450064,2.1105891200107294,5.0856322581644555,0.7566696985411064
-0.09771061966979347,-1.3214635765099922,30.409237336687266,2.7683790309938403,15.398074903193752,1.6564969723928062,4.838749803244437,0.5934338094590148
-0.0868279837415025,-1.3214635765099922,29.0628317823964,2.1824927786848956,14.717149075235824,1.2997535803111737,4.623652935872756,0.46339019874607146
-0.07715741427178036,-1.3214635765099922,27.91034659262302,1.718950447324505,14.130711343315895,1.0182133422444652,4.435231393397117,0.35978030839673475
-0.06856391592404971,-1.3214635765099922,26.918314827306325,1.3521149358324582,13.624855772715843,0.7966565568548104,4.275467724083379,0.28018400760849443
-0.06092752862714207,-1.3214635765099922,26.06225323882934,1.062460990264046,13.189162008805374,0.6232170423590688,4.1408981228589,0.2195078028576576
-0.0541416530048151,-1.3214635765099922,25.322765594507864,0.8344460147039985,12.813989472354878,0.4878818124224773,4.025358078115152,0.17239488562241162
-0.04811156231253989,-1.3214635765099922,24.683259195689075,0.6553629115050762,12.490284087586181,0.3823188118551474,3.924329571715539,0.1352116931287868
-0.04275308010908995,-1.3214635765099922,24.12923550878454,0.5148605598765956,12.210053483758644,0.29986829898184064,3.8355070923499652,0.10578762004625399
-0.0379914052040221,-1.3214635765099922,23.648173922074484,0.4046394046085721,11.96660189430828,0.23535675932715364,3.7576636707349746,0.08264027470260286
-0.03376006747802295,-1.3214635765099922,23.22944449766334,0.3181388930692206,11.75445304167087,0.18480801444170497,3.6897698056664296,0.06455489049113167
-0.03,-1.3214635765099922,22.864118252957528,0.25021630973264425,11.569132845186942,0.14516233878487447,3.6307157953216818,0.050481123582730554
0.03,-1.3214635765099922,17.875941678921276,0.22348028940343748,9.034737874833974,0.12730718085553003,2.834544830544984,0.043580077052052274
0.03376006747802295,-1.3214635765099922,17.61601450499271,0.28033850147320405,8.902368447796999,0.15958158079322718,2.7924607862344137,0.05472161503032134
0.0379914052040221,-1.3214635765099922,17.33056849550293,0.35114884421212456,8.757326466046393,0.199623006765983,2.746195421514264,0.06859358531203388
0.04275308010908995,-1.3214635765099922,17.018389286877145,0.4390232195595926,8.59924197618291,0.24904178812402764,2.6958675094607054,0.08568234960839591
0.04811156231253989,-1.3214635765099922,16.67884133337501,0.5475241014052805,8.42800611072425,0.3096486044333772,2.6418654588702353,0.10642515166731671
0.0541416530048151,-1.3214635765099922,16.31220936246048,0.6805375547222146,8.243739002601902,0.38345988050844565,2.5845846847178495,0.13126599175275694
0.06092752862714207,-1.3214635765099922,15.920012681205794,0.8420309652547284,8.046654022210937,0.472752249549039,2.523788459429396,0.16097627377999596
0.06856391592404971,-1.3214635765099922,15.505068059122681,1.0357639065730218,7.83693938468662,0.5801470553897881,2.458124810997569,0.19713041612366627
0.07715741427178036,-1.3214635765099922,15.071089410649435,1.2651257374722507,7.615096893225483,0.7084650070607391,2.386357027382786,0.24174518077256846
0.0868279837415025,-1.3214635765099922,14.622151834341285,1.5330977976953228,7.383370223679462,0.8596826012388736,2.310999781069879,0.29467956043754295
0.09771061966979347,-1.3214635765099922,14.163616617786296,1.8413217049285358,7.147925137498363,1.0325329405342876,2.23898468331385,0.35147787504096145
0.10995723711238882,-1.3214635765099922,13.706567794422293,2.185835638313022,6.918565916908888,1.220847698679141,2.1712692874956945,0.41079133842301874
0.12373879148704055,-1.3214635765099922,13.273243928855242,2.549424171663694,6.702448465470824,1.4175708641074891,2.098748522985912,0.4810925940662131
0.13924766500838334,-1.3214635765099922,12.89274769209959,2.900491912388424,6.501433623835104,1.6185032976050144,2.0326839605177627,0.5516522929364103
0.15670035222800524,-1.3214635765099922,12.588183498825682,3.204319351452428,6.334344923813931,1.7995402797951425,1.9910114675173411,0.5995500379008443
0.17634048216824733,-1.3214635765099922,12.394650670377702,3.4084705677547276,6.248052288242077,1.8982716428801747,1.9534289689663455,0.645108033620859
0.19844221923690444,-1.3214635765099922,12.394604080074782,3.408520781903801,6.253049825419021,1.8924537562032513,1.9608144949531847,0.6359740295263696
0.22331409039755062,-1.3214635765099922,12.659271403883428,3.131523807276949,6.367909602766594,1.762114795514389,1.9924850759912685,0.597809959190176
0.2513032920204875,-1.3214635765099922,13.27071289266197,2.551658807769194,6.6870759750105,1.4323109874454698,2.1012705321945364,0.47852489753842326
0.2828005365353655,-1.3214635765099922,14.376552843800459,1.6936909233124557,7.231360321967823,0.9689814413435309,2.2695159324456053,0.32663066324094353
0.3182455065418344,-1.3214635765099922,16.144454133014108,0.7471212824576383,8.142869382530582,0.42779042847073323,2.544483697276597,0.1504659815146532
0.35813299251433084,-1.3214635765099922,18.811681333746954,0.07509105964284955,9.471053638351705,0.04813854406972218,2.967462509792061,0.017146960861908044
0.40301979977966995,-1.3214635765099922,22.645526081021547,0.2130747585864342,11.38888835024741,0.11079984952709317,3.579429912625446,0.03955309342698912
0.4535325211846986,-1.3214635765099922,28.004694152684174,1.7554527761536693,14.11788193597832,1.01234141048867,4.428711477822827,0.35637898201367124
0.5103762839557767,-1.3214635765099922,35.37767167947363,5.239119024950016,17.855870187139978,3.158631540517213,5.605177518127948,1.1424190643760228
0.5743445928509872,-1.3214635765099922,45.40060160335977,10.965517633471894,22.907775049610194,6.911848195017612,7.2137114950489165,2.602573462195002
0.6463304070095649,-1.3214635765099922,58.799563274063544,18.722580084795492,29.68603278682749,12.52512900134663,9.329061839389812,4.8927468587392395
0.7273386051246984,-1.3214635765099922,76.62176855471503,27.74800843404959,38.690067574150895,19.975088628477096,12.17498329527847,8.291523070850406
0.8185000129460304,-1.3214635765099922,100.08164373433874,36.76054521319389,50.55529318010562,28.808257061568874,15.913631562796354,12.946971909102812
0.9210871889273549,-1.3214635765099922,130.78751428531336,44.61929340466922,66.10344102673238,38.04088359396336,20.801372854331223,18.991636585577684
1.0365321883776653,-1.3214635765099922,170.8951914161337,50.84639437588595,86.29699976199174,46.33112579762236,27.140275550587276,26.404105441795725
1.166446554092426,-1.3214635765099922,222.7125715603238,55.50739453741327,112.57165917002679,52.813712242117774,35.42642334554717,35.033122536683486
1.3126438125222553,-1.3214635765099922,289.8705420007009,58.96224542066146,146.57467036855633,57.43898211515671,46.12284303326811,44.14067760720968
1.4771647895120215,-1.3214635765099922,376.39280146039414,61.51271500542402,190.27138025820045,60.65299419829836,59.79062441322427,52.46481098978009
1.6623060990028473,-1.3214635765099922,487.69249697075946,63.40822534897774,246.3684401495708,62.915157915330745,77.54806323846972,58.736685268929115
1.8706522023821734,-1.3214635765099922,630.319062907512,64.82516996625506,318.2940859265306,64.53846385073055,100.16239199188566,62.50174086436028
2.1051114860111477,-1.3214635765099922,812.3722086576013,65.89084472771964,410.70169969795387,65.72713813536579,129.0036056433091,64.68588468521963
2.368956860549917,-1.3214635765099922,1044.7781142663132,66.69959876849359,528.0117378151305,66.60184653099716,165.92032455444027,66.04800325699253
2.6658714488230206,-1.3214635765099922,1340.6069662447105,67.31627481991916,677.845067611813,67.25882907433115,213.36931476601134,66.95784585151694
3.0,-1.3214635765099922,1718.8934618204569,67.7912791735873,868.9092558205506,67.75637035183476,272.5241113175438,67.57866293855014
-3.0,-1.2715970264530114,2000.5201687266367,68.02685233501947,1014.0393993551692,68.00523706109769,318.23248435865787,67.87990762186787
-2.6658714488230206,-1.2715970264530114,1609.1175337062887,67.6767826613802,812.0626708738421,67.63372924090564,256.86478121871323,67.44676459302178
-2.368956860549917,-1.2715970264530114,1291.5357378928031,67.2338879711975,656.0778549122557,67.18289169026994,205.95106972253672,66.84935805133271
-2.1051114860111477,-1.2715970264530114,1046.1427900268272,66.70326256663594,529.7335350047443,66.61163118624238,166.74417835293175,66.06949910889998
-1.8706522023821734,-1.2715970264530114,844.1443222754019,66.02842276230324,427.644019675766,65.88529151071944,134.93585853924623,64.97469609139716
-1.6623060990028473,-1.2715970264530114,686.909818342461,65.21897599726898,347.49028475992156,64.98853994052682,109.4322201128582,63.393872315953594
-1.4771647895120215,-1.2715970264530114,558.5897315754828,64.20664529337155,282.662341574289,63.84900979666408,89.0452365370232,61.02449506200201
-1.3126438125222553,-1.2715970264530114,457.44426307099246,62.98861343348792,230.94760636636806,62.417353184033644,72.74273105797171,57.43786697205067
-1.166446554092426,-1.2715970264530114,374.6828551821186,61.474315467578805,190.01187691408208,60.63892171924553,59.93125346130964,52.53260471547547
-1.0365321883776653,-1.2715970264530114,309.5594530334457,59.6756698268916,156.46421646645229,58.35171282701384,49.38120596247746,46.452014593187485
-0.9210871889273549,-1.2715970264530114,256.5672674515074,57.48904660534451,129.79803202379847,55.50968664442803,40.98441812149591,40.05790384131954
-0.8185000129460304,-1.2715970264530114,213.51860339443832,54.85358995270516,108.22660432784055,51.97650774503126,34.07263285623865,33.7143442040406
-0.7273386051246984,-1.2715970264530114,179.6203829405251,51.82877347690523,90.96865097432848,47.772174894080095,28.567945585279418,27.98303427960755
-0.6463304070095649,-1.2715970264530114,151.38979358940574,48.22890487702377,76.7031174392152,42.85156474929704,24.143747034717915,22.97644049650488
-0.5743445928509872,-1.2715970264530114,128.82402439309055,44.2173707482849,65.26810254446441,37.61321419877505,20.58159270334073,18.72447371394538
-0.5103762839557767,-1.2715970264530114,110.42063678802296,39.82368676891077,55.94242105928665,32.316679718524675,17.57595680863484,15.021859197499722
-0.4535325211846986,-1.2715970264530114,95.36529626849676,35.19344165066914,48.32521448493633,27.26001821661793,15.221039700395828,12.080359699885602
-0.40301979977966995,-1.2715970264530114,83.04266359752819,30.530492413959436,42.073657092325135,22.63597292246981,13.264258060473795,9.637923883932128
-0.35813299251433084,-1.2715970264530114,72.97157867550196,26.053536958465607,36.95868449907113,18.577089360940658,11.653394544983513,7.653031442617855
-0.3182455065418344,-1.2715970264530114,64.67325728529198,21.899776213236784,32.747569990875476,15.097365470384267,10.31283528774885,6.039973306540159
-0.2828005365353655,-1.2715970264530114,57.701296855745554,18.109185079067274,29.240714061374337,12.150198534440166,9.192599801630548,4.736833297135871
-0.2513032920204875,-1.2715970264530114,52.05819445535759,14.87935869702816,26.36282865023503,9.737266630537892,8.275685832791487,3.714857412506357
-0.22331409039755062,-1.2715970264530114,47.253662580274465,12.059090564696511,23.93578827460874,7.739233955796993,7.541616981231188,2.9362014886007386
-0.19844221923690444,-1.2715970264530114,43.298455876853915,9.728456401287566,21.939253123284747,6.146818672312531,6.884850341796445,2.2783159734682386
-0.17634048216824733,-1.2715970264530114,39.97708623162886,7.798755993659944,20.241780028078285,4.849915250477967,6.369998690880274,1.7946473773419551
-0.15670035222800524,-1.2715970264530114,37.168918402922706,6.214147804313025,18.82450515442219,3.8229706874029166,5.908842757116704,1.3906618274842257
-0.13924766500838334,-1.2715970264530114,34.81243164027931,4.938908747381077,17.629701939694595,3.0086335605655385,5.542680174356458,1.0932815235148607
-0.12373879148704055,-1.2715970264530114,32.80948850114771,3.9104254480774623,16.60843929692734,2.3588602158549055,5.218840919996732,0.8504156451917556
-0.10995723711238882,-1.2715970264530114,31.1019911961447,3.0862114222953814,15.744176521977831,1.8489643051135833,4.943581342883837,0.661010530130823
-0.09771061966979347,-1.2715970264530114,29.651901167196115,2.433345681509166,15.013843676170515,1.4514619564729612,4.717684132775505,0.5187647405620143
-0.0868279837415025,-1.2715970264530114,28.41709678764768,1.9181104058980167,14.389366379853042,1.1392746293059888,4.520418223736277,0.4053697968785895
-0.07715741427178036,-1.2715970264530114,27.35803251291904,1.5107919332706945,13.8504331518748,0.8928861953871436,4.347207474247858,0.3149453859074777
-0.06856391592404971,-1.2715970264530114,26.444646301773943,1.1885868835714084,13.384635751993153,0.6989456732314367,4.200076654953787,0.24544463590729565
-0.06092752862714207,-1.2715970264530114,25.654999230286034,0.9342148253499323,12.982709844375968,0.5470730019077789,4.075957195671342,0.19244082069290463
-0.0541416530048151,-1.2715970264530114,24.971707225991356,0.7339693137680335,12.636029112986463,0.42851612768240555,3.9692173688779957,0.151256078039329
-0.04811156231253989,-1.2715970264530114,24.379850771514693,0.5766705432897618,12.336434929086693,0.3359937084466178,3.8757255787330953,0.11872164511915871
-0.04275308010908995,-1.2715970264530114,23.86634175919715,0.4532253662729121,12.076693217718796,0.26368713226475116,3.793395436365561,0.09295173701411927
-0.0379914052040221,-1.2715970264530114,23.419839353460837,0.3563503359459563,11.850728159814194,0.20707737709574475,3.721135568188565,0.07266116193596023
-0.03376006747802295,-1.2715970264530114,23.030689451780148,0.28029192857973906,11.653562551733618,0.16269164072683143,3.6580289901991594,0.056795119474645786
-0.03,-1.2715970264530114,22.690764764801088,0.22054167528526447,11.48112433658931,0.12785719998798178,3.603074472152011,0.044439255677975374
0.03,-1.2715970264530114,17.99644173967291,0.19951257252456472,9.096033006424667,0.1137039220487536,2.8537986555458077,0.03893951352247399
0.03376006747802295,-1.2715970264530114,17.747929641539518,0.2505917063064869,8.969488018854516,0.14271625584673014,2.813572129230487,0.04895955145290673
0.0379914052040221,-1.2715970264530114,17.474360807805386,0.31436314972370116,8.830490946280916,0.17880292314290203,2.769244677323959,0.06146663183718312
0.04275308010908995,-1.2715970264530114,17.17431414772259,0.39374219393764354,8.67855402968637,0.22348064438122534,2.7208847993423997,0.07692272312325807
0.04811156231253989,-1.2715970264530114,16.84683979426414,0.4921199171614182,8.513398185990912,0.2784859473520474,2.6688039229822755,0.09576017879194694
0.0541416530048151,-1.2715970264530114,16.49176184080485,0.6132873456285842,8.334912196153912,0.3457999490646642,2.6133050609474355,0.11843769028123426
0.06092752862714207,-1.2715970264530114,16.10995032858393,0.7612738958945177,8.143010547318134,0.4277263989040955,2.5540738605539577,0.1457355289692446
0.06856391592404971,-1.2715970264530114,15.703348068471435,0.9401675778935866,7.937503524675424,0.5270109166915266,2.4897151891923324,0.17919620510128176
0.07715741427178036,-1.2715970264530114,15.274547721184826,1.154081596964459,7.718395816930075,0.6467756281772059,2.4189112482522557,0.2208281455749156
0.0868279837415025,-1.2715970264530114,14.826224390751674,1.4072810117550807,7.487214150564309,0.7896738160639587,2.34386047865536,0.2708044176435497
0.09771061966979347,-1.2715970264530114,14.361936868866396,1.7035716898940099,7.249043507496525,0.9558406689834581,2.270896977969845,0.3255337466350155
0.10995723711238882,-1.2715970264530114,13.890253844495804,2.0427265133976853,7.012209140314514,1.14149696327145,2.2006038833812527,0.38436977621635887
0.12373879148704055,-1.2715970264530114,13.42982057032758,2.413726823491832,6.782224674117438,1.3426927119516199,2.1239260476635,0.4558620012702935
0.13924766500838334,-1.2715970264530114,13.005123861819985,2.793589702031216,6.559206994664473,1.5589132379374167,2.0511214632846726,0.5313104796669224
0.15670035222800524,-1.2715970264530114,12.633986198412437,3.157283280971334,6.3590677207717725,1.7719212644359736,1.9985598897951182,0.5906729293397843
0.17634048216824733,-1.2715970264530114,12.344544389678077,3.4627753615704027,6.223879558663888,1.9265880129904664,1.9460061891072091,0.6543788009404748
0.19844221923690444,-1.2715970264530114,12.208872521230381,3.612875458127159,6.159925339267332,2.002924080266968,1.9315670011612356,0.6726759045525125
0.22331409039755062,-1.2715970264530114,12.286085376254,3.526899765431889,6.180709156610191,1.9778888029684403,1.933799743353646,0.6698237377595272
0.2513032920204875,-1.2715970264530114,12.643275709293263,3.147802503718333,6.370957175481782,1.758743414349629,2.0017626338180974,0.5869335921665799
0.2828005365353655,-1.2715970264530114,13.407572083190793,2.43270572016523,6.743026995851209,1.3791470354434674,2.1161444651284347,0.4635647960389784
0.3182455065418344,-1.2715970264530114,14.721199939404777,1.4711828941778502,7.423961297163061,0.8318754624288733,2.3189785779983687,0.288767653703524
0.35813299251433084,-1.2715970264530114,16.787558883409464,0.5112811100068718,8.449250485918027,0.30171889758855575,2.646406241762583,0.10458257588789649
0.40301979977966995,-1.2715970264530114,19.833201154340404,0.00440307949278879,9.968770055745573,0.004681197012510944,3.1330709867698174,0.0013938104537301681
0.4535325211846986,-1.2715970264530114,24.16454470759939,0.5233907175148866,12.176605602099437,0.29060468703193243,3.818976954638732,0.10066199771379247
0.5103762839557767,-1.2715970264530114,30.199826844469946,2.67439305023621,15.238259692783142,1.5700781009637166,4.783380525501335,0.5588243028643364
0.5743445928509872,-1.2715970264530114,38.49055094145712,6.952780407158446,19.41365341009905,4.242672686232716,6.116698117085804,1.56898568351263
0.6463304070095649,-1.2715970264530114,49.65392738119608,13.472956263869335,25.06191994032583,8.65989595410096,7.876934829463092,3.2868471116684965
0.7273386051246984,-1.2715970264530114,64.59765558805546,21.860068429880798,32.611426109343924,14.983453184238966,10.265918898828815,5.984443342368681
0.8185000129460304,-1.2715970264530114,84.35836145773088,31.06992525683475,42.604009246045386,23.043620880685875,13.418376277060867,9.829483405541728
0.9210871889273549,-1.2715970264530114,110.33104348239321,39.799174018466,55.75960469269521,32.20304352521879,17.553660879355565,14.994116950922356
1.0365321883776653,-1.2715970264530114,144.38415312771392,47.11466730015276,72.88757859556881,41.246463277707456,22.93479632405772,21.553181370049536
1.166446554092426,-1.2715970264530114,188.47466992251816,52.729165000399526,95.25385759592535,48.968099530334115,29.993723883178323,29.522892079533932
1.3126438125222553,-1.2715970264530114,245.78002105833542,56.92049242768829,124.27409685318455,54.73924349874637,39.1281132674353,38.44989147646288
1.4771647895120215,-1.2715970264530114,319.737308452737,60.0080195954634,161.62242774228272,58.77610603908672,50.81058659349494,47.39926976944905
1.6623060990028473,-1.2715970264530114,415.14050085365545,62.29384293280599,209.66308452740174,61.59196584416227,66.0513843900191,55.171866758364715
1.8706522023821734,-1.2715970264530114,537.5088911868435,63.99215447157324,271.34889869475245,63.58780353493857,85.46490285939555,60.41418906007617
2.1051114860111477,-1.2715970264530114,693.8331074289231,65.2625976113197,350.76644645228214,65.03395015311689,110.23349824232886,63.460417189691576
2.368956860549917,-1.2715970264530114,893.70729386286,66.22299309529936,451.62140964096756,66.08743483143475,142.0185202954418,65.27637959317184
2.6658714488230206,-1.2715970264530114,1148.1301114824614,66.95191345440891,580.5309034947418,66.87279485259504,182.94876287967296,66.44276748103857
3.0,-1.2715970264530114,1474.0310341436411,67.51209803035846,745.099838958357,67.46426662663177,233.76344356355844,67.2139612378735
-3.0,-1.2217304763960306,1746.5216606692334,67.81779700091916,885.2001054667509,67.78851212104087,277.79910260590515,67.61924322218266
-2.6658714488230206,-1.2217304763960306,1405.1072564308297,67.41566339216492,709.2833252677284,67.35992078536364,224.21759019413693,67.10102118257264
-2.368956860549917,-1.2217304763960306,1128.6900518903442,66.90805703192598,573.2159619858203,66.8381938157048,179.92649017240024,66.37959540996302
-2.1051114860111477,-1.2217304763960306,914.7909606220985,66.29920516893162,463.21116265221576,66.17713539484141,145.77138925370323,65.42016343458282
-1.8706522023821734,-1.2217304763960306,739.1782257575672,65.52746932310762,374.4535599620644,65.3366526922156,118.11381799208789,64.0445375047677
-1.6623060990028473,-1.2217304763960306,602.349476652412,64.6021690544064,304.73706233763943,64.29710658763464,95.94684164523257,62.004659273723085
-1.4771647895120215,-1.2217304763960306,490.8452036792582,63.44885193385913,248.38633763565863,62.975152321776655,78.22835101838766,58.90165072596787
-1.3126438125222553,-1.2217304763960306,402.8882322308956,62.06392937200157,203.4338338191157,61.31275918384073,64.06205333486326,54.37840660684545
-1.166446554092426,-1.2217304763960306,330.9486028351836,60.34909582887245,167.82799210639098,59.246395525375405,52.92213304066698,48.72569461168048
-1.0365321883776653,-1.2217304763960306,274.2812265420461,58.31994720226068,138.64985148618243,56.595922407539355,43.748946297230155,42.321587679001766
-0.9210871889273549,-1.2217304763960306,228.15107960775293,55.86790255942028,115.43023400478219,53.325611722895914,36.43854721987884,35.99499648608386
-0.8185000129460304,-1.2217304763960306,190.64307389817182,52.93635687748656,96.63097273962534,49.32896577317304,30.419197467581668,29.975067125354613
-0.7273386051246984,-1.2217304763960306,161.06278820949757,49.60763566261493,81.57086073557241,44.71070500950101,25.616068202230633,24.679160638283335
-0.6463304070095649,-1.2217304763960306,136.3953878756755,45.70667620304072,69.10621153920697,39.51749858176174,21.750595241925613,20.138735153334448
-0.5743445928509872,-1.2217304763960306,116.64260473702844,41.44677436136141,59.09690880933608,34.21747916921423,18.63287124992938,16.333004947680177
-0.5103762839557767,-1.2217304763960306,100.50512801885084,36.89579292857668,50.918939722472594,29.055452305385156,15.997034358939413,13.051296646907224
-0.4535325211846986,-1.2217304763960306,87.27687970481652,32.23011241401945,44.22606080074751,24.273353843582875,13.928076807785924,10.464336445787794
-0.40301979977966995,-1.2217304763960306,76.42605335926488,27.659236982021763,38.721044356857774,19.999891634786675,12.20555311039164,8.329089679254489
-0.35813299251433084,-1.2217304763960306,67.53915093774636,23.380723585865226,34.207080984436075,16.313914052227332,10.784012846442929,6.601482256861171
-0.3182455065418344,-1.2217304763960306,60.198200952780994,19.495392501347922,30.481350625837134,13.194723883772774,9.597985933985795,5.202488619199342
-0.2828005365353655,-1.2217304763960306,54.013920133111846,16.01187027707043,27.37093959009885,10.579287328627643,8.604133111675358,4.075377110302309
-0.2513032920204875,-1.2217304763960306,48.99753019312919,13.086993643135905,24.812398769808354,8.45480387117929,7.788865109985223,3.193884559806928
-0.22331409039755062,-1.2217304763960306,44.713959632654635,10.560743099618646,22.648409665049847,6.7054697521084385,7.134876818807083,2.523852526673068
-0.19844221923690444,-1.2217304763960306,41.1789445533284,8.491910004719912,20.864144036734643,5.318005558985205,6.547412817993834,1.9577349887908366
-0.17634048216824733,-1.2217304763960306,38.20273653935142,6.7907332878982025,19.342783090539545,4.19161434043944,6.086330963592525,1.5425335270068627
-0.15670035222800524,-1.2217304763960306,35.67949802786644,5.400997275015803,18.069275287357964,3.3020222795403877,5.671690868751503,1.1954702359658114
-0.13924766500838334,-1.2217304763960306,33.55679206501076,4.287174921257007,16.992972053381695,2.5979481945476603,5.341990336023463,0.9403650167161807
-0.12373879148704055,-1.2217304763960306,31.74785255612169,3.3915147838266453,16.070499023365972,2.0367700103600006,5.049464107321275,0.7318808604073008
-0.10995723711238882,-1.2217304763960306,30.20182178603868,2.6752836568073604,15.28792176720177,1.5967618332069569,4.800153249107763,0.569227610843969
-0.09771061966979347,-1.2217304763960306,28.8857796101802,2.1088656117860944,14.625132280240328,1.253929933793653,4.595205037197317,0.4471063238034805
-0.0868279837415025,-1.2217304763960306,27.76261477713087,1.6623388529541119,14.057124082511892,0.984706907339417,4.415776444668,0.3496686503222358
-0.07715741427178036,-1.2217304763960306,26.797186699903214,1.30955046483581,13.56580880962658,0.7721751053263111,4.257818219240033,0.2718842433034929
-0.06856391592404971,-1.2217304763960306,25.962788895127332,1.0305495013426327,13.140249370629004,0.6048150384411903,4.123378982716499,0.21206018527983478
-0.06092752862714207,-1.2217304763960306,25.23998436887638,0.8102878328362073,12.77231311589565,0.47369280005996894,4.009775981242197,0.1664100650622771
-0.0541416530048151,-1.2217304763960306,24.613366645014136,0.6368676440149044,12.454369376986241,0.3712776363454563,3.9119090606594886,0.13090953686420148
-0.04811156231253989,-1.2217304763960306,24.069663229530082,0.5006029799231785,12.179142220171771,0.2913028142970591,3.8260325115838727,0.10283607500507741
-0.04275308010908995,-1.2217304763960306,23.5971776996061,0.39362492275044514,11.940147345917623,0.22876011418904116,3.7502766448236122,0.08057599243420074
-0.0379914052040221,-1.2217304763960306,23.18573596889019,0.30963529020889735,11.731923012716996,0.17975996435048114,3.6836824733860576,0.06303188308067913
-0.03376006747802295,-1.2217304763960306,22.826650871322794,0.2436610472532633,11.549986906682285,0.1413130422321595,3.6254428803339778,0.04930137338443824
-0.03,-1.2217304763960306,22.512590863006828,0.1918059939140099,11.390666013374268,0.11111802936225197,3.574663473528917,0.038599955956974415
0.03,-1.2217304763960306,18.123833823449004,0.17578403341191148,9.160829832050778,0.1002276775281201,2.874152709425969,0.03433944762114712
0.03376006747802295,-1.2217304763960306,17.88775504137947,0.221064429969694,9.040626859020076,0.12596377285860416,2.8359477219300757,0.04323236807091364
0.0379914052040221,-1.2217304763960306,17.627252151960242,0.2777320709439378,8.908277891556033,0.15805495353399085,2.7937496958492507,0.05435974416599654
0.04275308010908995,-1.2217304763960306,17.34073028329507,0.3484739107489964,8.763193282275449,0.1979062909413128,2.747581196811841,0.06815284303561239
0.04811156231253989,-1.2217304763960306,17.026964939706094,0.43645970510991994,8.604943120000941,0.24715217330734127,2.6976815150560025,0.08502935242813814
0.0541416530048151,-1.2217304763960306,16.68536731524817,0.5453079814322004,8.43320900351278,0.3076956578058115,2.644267748461503,0.10544806051141799
0.06092752862714207,-1.2217304763960306,16.31621595664051,0.6789919879345233,8.247637525188004,0.3818031760918358,2.586958562826057,0.13017680169052795
0.06856391592404971,-1.2217304763960306,15.92065120045994,0.8417513149515182,8.047701369866843,0.4722485019701761,2.524332824594857,0.16069448162820296
0.07715741427178036,-1.2217304763960306,15.500236206647235,1.0381639418046424,7.832959438939139,0.58231326299354,2.4550123531907486,0.19895268508199732
0.0868279837415025,-1.2217304763960306,15.056367123821666,1.2734070773770296,7.604282389883778,0.7151230762764769,2.3808922781717454,0.245369484236524
0.09771061966979347,-1.2217304763960306,14.590956822375484,1.5529333393758487,7.365741294790734,0.8719380546077726,2.307712751619019,0.29713674577528226
0.10995723711238882,-1.2217304763960306,14.1102459814735,1.879579384206836,7.12426167785073,1.0510281612213315,2.2357158888300885,0.3542065708744628
0.12373879148704055,-1.2217304763960306,13.629497249411967,2.2477964263579713,6.88383848587131,1.2511629555093093,2.15597785207926,0.42501622386732324
0.13924766500838334,-1.2217304763960306,13.168851078085627,2.642693371753994,6.643033655190097,1.4751070079554698,2.0777669359281687,0.5028079534586597
0.15670035222800524,-1.2217304763960306,12.741257070836578,3.0490023462043983,6.4150206075339895,1.7104912952923064,2.015897172267849,0.5706225947753389
0.17634048216824733,-1.2217304763960306,12.368391050465991,3.4368552286978717,6.23720196114283,1.910945834545742,1.9503924743357683,0.6488894702224673
0.19844221923690444,-1.2217304763960306,12.112422267294715,3.7223468469926893,6.112046584167503,2.0614413415864563,1.9165298005013975,0.6921050482087441
0.22331409039755062,-1.2217304763960306,12.02114719398655,3.8281010164219262,6.048461423416819,2.141003530807608,1.8924010044592314,0.724094349300257
0.2513032920204875,-1.2217304763960306,12.147729320353083,3.6820035588363185,6.121725922675097,2.0495156521078233,1.9232422011554584,0.6833845850011205
0.2828005365353655,-1.2217304763960306,12.599977964247362,3.1921610217891843,6.336614157643827,1.796992940750115,1.9884887795733608,0.6025369036645488
0.3182455065418344,-1.2217304763960306,13.49619932224552,2.3576916662026273,6.805585948283566,1.321272501788452,2.1251113115137428,0.45469614855589285
0.35813299251433084,-1.2217304763960306,15.007935832229007,1.300887422594343,7.551561973877931,0.7481316630396255,2.3643643416827924,0.25653194187922157
0.40301979977966995,-1.2217304763960306,17.323608728971035,0.35298754801958704,8.702467724521679,0.21607821887742862,2.7349808434158556,0.07221852566046104
0.4535325211846986,-1.2217304763960306,20.700645394940203,0.010608183125563974,10.42636501691254,0.004278598742463148,3.2692541705112204,0.0013757284561027824
0.5103762839557767,-1.2217304763960306,25.49125989900142,0.8844871361105289,12.858834546843358,0.5033423543628235,4.0363588844585285,0.17667390052161888
0.5743445928509872,-1.2217304763960306,32.16728800517438,3.59410368479658,16.217627881925466,2.123361258114967,5.113024484829214,0.7756355310492451
0.6463304070095649,-1.2217304763960306,41.24455965183387,8.529947546261825,20.81186992460662,5.278335170149125,6.542128494633907,1.9528206458177944
0.7273386051246984,-1.2217304763960306,53.5000351741209,15.71547617783829,27.003652121286162,10.271948883973254,8.504255906996308,3.965038217487589
0.8185000129460304,-1.2217304763960306,69.80462843152891,24.51709883952732,35.247205425728836,17.174677817847382,11.109060671304528,6.992514756655817
0.9210871889273549,-1.2217304763960306,91.35642523009298,33.76986362146312,46.169256053739254,25.711383505394842,14.54155806427869,11.230443818782403
1.0365321883776653,-1.2217304763960306,119.75677389256978,42.2035552676165,60.437999133885675,34.991416608633955,19.029668200658097,16.82295938170068
1.166446554092426,-1.2217304763960306,156.6487074232021,48.999830984457375,79.16401689414054,43.81681073275584,24.94414167727714,23.906398921990792
1.3126438125222553,-1.2217304763960306,204.79397014373484,54.17559649328615,103.55449086931414,50.98790295890132,32.626363112027946,32.26521705103754
1.4771647895120215,-1.2217304763960306,267.1208413369861,57.998176378432476,135.0299966553325,56.17189264829225,42.47382640711995,41.29695451406337
1.6623060990028473,-1.2217304763960306,347.8853654496368,60.82034208501304,175.66481084764789,59.78519160132868,55.39599672711131,50.17163288295466
1.8706522023821734,-1.2217304763960306,451.7569328209895,62.9031386344004,228.01940605013613,62.31417798375972,71.8893679100935,57.18057101459298
2.1051114860111477,-1.2217304763960306,584.8455588263176,64.4513368043007,295.69875550910774,64.1225864921642,92.98436493511294,61.61204913387208
2.368956860549917,-1.2217304763960306,755.7782103375947,65.61624250539052,381.94637110583153,65.42394668060638,120.2085507238001,64.18107130085048
2.6658714488230206,-1.2217304763960306,974.063895275308,66.49535797512678,492.5653354778417,66.38424775436233,155.40763150051853,65.74727894460888
3.0,-1.2217304763960306,1254.854845763984,67.1680145615068,634.3784550802446,67.10175109522166,199.1383696673985,66.74097755407502
-3.0,-1.1718639263390498,1489.9148845057307,67.53303645099564,754.8751097915443,67.49095531667496,236.9043092242372,67.24876693304314
-2.6658714488230206,-1.1718639263390498,1200.0695772879117,67.0619797692921,605.9585429156043,66.98624134102826,191.35607090121536,66.60545196958901
-2.368956860549917,-1.1718639263390498,965.9249612890744,66.46988445363382,490.3138265966462,66.36929585207524,153.88740744065564,65.69928365494839
-2.1051114860111477,-1.1718639263390498,784.0922669909498,65.75872907064988,396.98105586254144,65.58838201287233,124.88609652335367,64.46225299395914
-1.8706522023821734,-1.1718639263390498,635.2020909745863,64.86201632816858,321.73673613996885,64.59619899867315,101.43517958547774,62.639296397485296
-1.6623060990028473,-1.1718639263390498,518.8884067568084,63.78757526793784,262.5187095741383,63.366406949159625,82.62731183368133,59.869999675627454
-1.4771647895120215,-1.1718639263390498,424.18530388150157,62.45462326501175,214.64602168957555,61.80198595000071,67.58084723735497,55.7425514799245
-1.3126438125222553,-1.1718639263390498,349.33523771090125,60.85844019461531,176.41502111331494,59.83384938158818,55.53806217116885,50.251200456957726
-1.166446554092426,-1.1718639263390498,288.0974924111037,58.89291124487045,146.0841788183073,57.389916024528375,46.05190129952809,44.08797716276982
-1.0365321883776653,-1.1718639263390498,239.76017994622404,56.57953113402933,121.21061664286508,54.27653983427678,38.235488233094394,37.651515950631534
-0.9210871889273549,-1.1718639263390498,200.3673732074771,53.80773458412745,101.37703195720441,50.49264109714593,31.992803803278925,31.617467217917692
-0.8185000129460304,-1.1718639263390498,168.28432318408514,50.53194475717155,85.29429900079845,46.0016052348602,26.84729466955901,26.07562842009022
-0.7273386051246984,-1.1718639263390498,142.92545058829685,46.86906062547832,72.38390098158654,41.024303183321074,22.73027456872938,21.310284330334188
-0.6463304070095649,-1.1718639263390498,121.73549635970369,42.66637771253842,61.67719016412148,35.68861393954834,19.41033221280806,17.291646292832404
-0.5743445928509872,-1.1718639263390498,104.72596125588213,38.196789217027316,53.05857727256813,30.479632825994763,16.726219110479942,13.962630830912724
-0.5103762839557767,-1.1718639263390498,90.79676526252196,33.56416303033943,45.99954090395973,25.58735997346703,14.450831840914724,11.117046068145873
-0.4535325211846986,-1.1718639263390498,79.34867364014238,28.960387435386497,40.20746585212282,21.18077560991236,12.660604437059577,8.8899322975721
-0.40301979977966995,-1.1718639263390498,69.93197266397921,24.580058792538246,35.429998297202175,17.32533096179144,11.166324827072874,7.061682666791241
-0.35813299251433084,-1.1718639263390498,62.19918991805881,20.583803173130555,31.50191799048763,14.053002634760366,9.929341441401997,5.588308598308374
-0.3182455065418344,-1.1718639263390498,55.79189048829024,17.029988327435476,28.249698584792228,11.31658344557146,8.894043541308179,4.398926360465434
-0.2828005365353655,-1.1718639263390498,50.37646439126843,13.896947997140938,25.526279397625736,9.043012659916354,8.023583013737115,3.442938829907631
-0.2513032920204875,-1.1718639263390498,45.9723551169787,11.302851565401257,23.279779363215848,7.209601549026951,7.307634563681845,2.6971355918598032
-0.22331409039755062,-1.1718639263390498,42.198449522940805,9.084844234500425,21.37317884795433,5.707465731525459,6.731966926118762,2.131456677861513
-0.19844221923690444,-1.1718639263390498,39.07508780700989,7.283726415156011,19.79687532734332,4.521314051667283,6.212439105439905,1.6532436499075567
-0.17634048216824733,-1.1718639263390498,36.437554187656815,5.812033406267023,18.448345230077205,3.560961918380635,5.804096635192131,1.3033169055675113
-0.15670035222800524,-1.1718639263390498,34.194404124700725,4.615369523360161,17.31618261799202,2.8042071879566333,5.435211163856804,1.010448756847262
-0.13924766500838334,-1.1718639263390498,32.30194094899538,3.6598274017962367,16.35659499284626,2.2062028874974637,5.141409809858391,0.7954610513915069
-0.12373879148704055,-1.1718639263390498,30.684471375363483,2.8934084193231353,15.531635548080912,1.7299235283127823,4.8797933141637895,0.6195764696929589
-0.10995723711238882,-1.1718639263390498,29.298149045874982,2.2816333333403875,14.829862351315283,1.3566844629717858,4.656158256918872,0.48226584631173436
-0.09771061966979347,-1.1718639263390498,28.11498389357412,1.7984620227837054,14.234026197462192,1.0659616146514148,4.4719694942408434,0.3791815210206715
-0.0868279837415025,-1.1718639263390498,27.10272944136323,1.4178782668107108,13.722118663592019,0.8376279053358078,4.310261713487575,0.29683963707055905
-0.07715741427178036,-1.1718639263390498,26.230541912195662,1.1173022422463204,13.278224309964108,0.6572906386581657,4.167499001963738,0.23101881846840203
-0.06856391592404971,-1.1718639263390498,25.47498598830588,0.8796035604340937,12.892833789886456,0.5151958562428062,4.045731795890839,0.18035461031245656
-0.06092752862714207,-1.1718639263390498,24.819058244500763,0.6919174034133713,12.558909045125995,0.40379490615757624,3.9426493570146666,0.14166639859092708
-0.0541416530048151,-1.1718639263390498,24.249275377071193,0.5441000542735418,12.269786299301792,0.3167225706980857,3.8536778668417293,0.11155045105205393
-0.04811156231253989,-1.1718639263390498,23.753970221489713,0.4279055427346402,12.019051474815278,0.24867818663235144,3.7754541260112013,0.08770695500307217
-0.04275308010908995,-1.1718639263390498,23.322807051639618,0.33663993121799646,11.800955162227913,0.19542380368925077,3.7063208556403167,0.06877861846530679
-0.0379914052040221,-1.1718639263390498,22.946755848955846,0.26494773542359595,11.610638867425106,0.15366728602869265,3.6454469074731755,0.05384440617998018
-0.03376006747802295,-1.1718639263390498,22.61807988193114,0.20860104087098785,11.444107122498671,0.12087773100061183,3.5921313054942816,0.04214526538874011
-0.03,-1.1718639263390498,22.330231412662425,0.1642872914692885,11.29807995677043,0.09510578001453639,3.5455839554968,0.033019095522896134
0.03,-1.1718639263390498,18.257985496488338,0.1525549000417894,9.229060558207479,0.08702595261767582,2.89558572152695,0.029830159498908677
0.03376006747802295,-1.1718639263390498,18.035376154155085,0.19208616568460002,9.11572609907587,0.10951056767765284,2.859569051234955,0.0376036749828925
0.0379914052040221,-1.1718639263390498,17.78915721461434,0.24167293757528296,8.990643113507483,0.13761461138339995,2.819696509247388,0.04735337195828123
0.04275308010908995,-1.1718639263390498,17.517596835882955,0.3037470305599085,8.853137953663397,0.17261594570353905,2.775949708553692,0.05947425410334905
0.04811156231253989,-1.1718639263390498,17.219240615503416,0.38121294782241577,8.702651822492896,0.21602177447455462,2.7285014877484444,0.07436030145525585
0.0541416530048151,-1.1718639263390498,16.893141116409215,0.4774462296770401,8.538686606843813,0.2696177568101768,2.677490591300229,0.09245656646001585
0.06092752862714207,-1.1718639263390498,16.539051631667288,0.5962532017333202,8.36065624907873,0.33557241154704864,2.6224806761125437,0.11449829554907565
0.06856391592404971,-1.1718639263390498,16.157392467163778,0.7418548538384427,8.167741658780889,0.4165955195448645,2.5620434050164116,0.1418712337166607
0.07715741427178036,-1.1718639263390498,15.748803224929228,0.9190381628127542,7.9591144035045165,0.5159891075330141,2.494763032037094,0.17642412720373732
0.0868279837415025,-1.1718639263390498,15.313540611867262,1.1335151247911253,7.735059245809473,0.6371439259960197,2.4222472058907765,0.21874907645731037
0.09771061966979347,-1.1718639263390498,14.852052423547049,1.3918385357934269,7.498712419035668,0.7821485352474626,2.3496497860747865,0.26672646350596646
0.10995723711238882,-1.1718639263390498,14.368470731983276,1.6991500810543816,7.255695253744139,0.9509270101621748,2.2769107253267755,0.3207841875200792
0.12373879148704055,-1.1718639263390498,13.874928674792189,2.0544236290784896,7.0086296241121,1.1444667318567538,2.1953254956100547,0.3890409320091108
0.13924766500838334,-1.1718639263390498,13.387546660775302,2.4498734734073198,6.754740989671813,1.368185096216262,2.113194459348174,0.4665070916298344
0.15670035222800524,-1.1718639263390498,12.914889252261501,2.8792111904419135,6.504675761177835,1.6151190540576033,2.0437998093968597,0.5393270262608577
0.17634048216824733,-1.1718639263390498,12.47278071412715,3.3249913971149017,6.291345341505295,1.8482819362381573,1.9676350328470456,0.6276181169540368
0.19844221923690444,-1.1718639263390498,12.11410475226681,3.720417263922687,6.113885130163718,2.059172363354602,1.9171077049850183,0.691351226770732
0.22331409039755062,-1.1718639263390498,11.876348466698017,4.000258874860015,5.977179286836679,2.232757513365107,1.8701803214907085,0.7544597227642483
0.2513032920204875,-1.1718639263390498,11.800096022839895,4.093124742380217,5.947479792440037,2.271800790258392,1.868254389798979,0.7571331921144416
0.2828005365353655,-1.1718639263390498,11.975446010419253,3.881850873110178,6.023085279128774,2.1733540689839024,1.8899921438478633,0.7273437737863775
0.3182455065418344,-1.1718639263390498,12.498962627222078,3.2973404468870573,6.302670814648851,1.8353567201220518,1.9675789768340168,0.6276864827594868
0.35813299251433084,-1.1718639263390498,13.513326871862159,2.3433753455347697,6.798489418671494,1.3277553553224886,2.127791274457387,0.452067271232356
0.40301979977966995,-1.1718639263390498,15.172932196935504,1.2087532135242194,7.618448256345251,0.706409458836376,2.3941090723104295,0.23666004943665417
0.4535325211846986,-1.1718639263390498,17.691785320100397,0.2630259379277009,8.907098889341631,0.1583588863142379,2.792104551372841,0.054821863032476596
0.5103762839557767,-1.1718639263390498,21.363899289586932,0.05218444052335255,10.774309731962623,0.02696141574754312,3.3819294313499717,0.00941894334980191
0.5743445928509872,-1.1718639263390498,26.591770537152474,1.238533011588862,13.401355231438012,0.7055827315939955,4.228275881466156,0.25821926789396127
0.6463304070095649,-1.1718639263390498,33.8059934480087,4.4147375542008875,17.054846442373044,2.637069072859258,5.362004139433584,0.9552695265744968
0.7273386051246984,-1.1718639263390498,43.67470850265268,9.949316259783547,22.042164765844635,6.227346188326518,6.945008767395625,2.336801756739373
0.8185000129460304,-1.1718639263390498,56.93625971203405,17.678666484850844,28.746763679465197,11.734511062799168,9.06761055552241,4.594818631354563
0.9210871889273549,-1.1718639263390498,74.63996210831883,26.83820945506385,37.72626858525821,19.19963602863853,11.888398203392729,7.940100299209512
1.0365321883776653,-1.1718639263390498,98.18828902096641,36.14500298503296,49.54619030212478,28.11453521109737,15.611698134905264,12.569211707778726
1.166446554092426,-1.1718639263390498,129.02351111104088,44.25872974013091,65.21096232239552,37.58368707538376,20.561213317707676,18.699672144926403
1.3126438125222553,-1.1718639263390498,169.63038374296076,50.69530785984972,85.79515961841935,46.16713458251965,27.04751330916634,26.30026623252644
1.4771647895120215,-1.1718639263390498,222.65398944690665,55.50340954086707,112.58136288733334,52.81550015242515,35.431187459071204,35.03769853563651
1.6623060990028473,-1.1718639263390498,292.04347392193705,59.04599829562454,147.4888018186944,57.52940364411015,46.545326812491446,44.45241723899582
1.8706522023821734,-1.1718639263390498,382.019740571028,61.636519745843835,192.86913929894618,60.79145605954443,60.843655153551566,52.96433127879129
2.1051114860111477,-1.1718639263390498,498.2055214779683,63.54160902901849,251.9791877815402,63.07929853760227,79.27040393096368,59.14605242321941
2.368956860549917,-1.1718639263390498,648.6318522006367,64.96039258847824,327.9235850141103,64.69661685444957,103.2498015526337,62.82638959666106
2.6658714488230206,-1.1718639263390498,841.9046101500024,66.01907415091712,425.8115289601044,65.86883718791627,134.36494763107837,64.9484472676415
3.0,-1.1718639263390498,1091.2575892042064,66.81911267522696,551.8344849498593,66.73149985328673,173.3205028540707,66.23172745420223
-3.0,-1.121997376282069,1252.5814900160733,67.163802556651,634.4101777818918,67.10187396479051,199.1007777340615,66.74035422469898
-2.6658714488230206,-1.121997376282069,1010.02328646151,66.60287575563802,510.1122659272992,66.49597552406141,160.94059344260248,65.91195327364659
-2.368956860549917,-1.121997376282069,814.5259214544687,65.90051951136897,413.2658622963419,65.75197008598579,129.69343021232086,64.72138806258985
-2.1051114860111477,-1.121997376282069,662.2641468042698,65.05603059114367,335.2515290737275,64.81031142796154,105.43332718497892,63.03848069509411
-1.8706522023821734,-1.121997376282069,537.9375084043304,63.99668992189658,272.4286151526913,63.61377681351205,85.84835598652512,60.48342321522097
-1.6623060990028473,-1.121997376282069,440.6017096992955,62.72876390371476,222.91101198914515,62.12678908983054,70.13782776605687,56.624823231689845
-1.4771647895120215,-1.121997376282069,361.4468647871941,61.164096102744644,182.8878674025674,60.234448589671445,57.5644103002109,51.346068231888836
-1.3126438125222553,-1.121997376282069,298.7858977522613,59.29765363409505,150.90230857689536,57.85570000161329,47.493095001440345,45.13863715525284
-1.166446554092426,-1.121997376282069,247.5194000117178,57.015731657446246,125.49418527239735,54.91622918348104,39.5490554079145,38.82072661845932
-1.0365321883776653,-1.121997376282069,206.9790250624712,54.3510669333021,104.64559003357478,51.227559378337766,33.000576290825876,32.644124793742336
-0.9210871889273549,-1.121997376282069,173.90860791277353,51.19722208105662,87.99124519361243,46.87128977979699,27.76000405221447,27.093957516773212
-0.8185000129460304,-1.121997376282069,146.93103180025437,47.53195565113731,74.46661930505466,41.927201834348494,23.436183124222314,22.146088815613894
-0.7273386051246984,-1.121997376282069,125.55980817782405,43.52321838442134,63.58699373055846,36.72975397403506,19.96702005318482,17.974484318515923
-0.6463304070095649,-1.121997376282069,107.66185250066732,39.05325868654691,54.5445236096339,31.438062073428167,17.16361212038366,14.508321247414584
-0.5743445928509872,-1.121997376282069,93.2570172766007,34.455578083347106,47.246405350904524,26.491379817540455,14.891237290228934,11.667725379665093
-0.5103762839557767,-1.121997376282069,81.42952273771171,29.854981925202754,41.252488679450664,21.999563927196963,12.95884431171082,9.258983285116285
-0.4535325211846986,-1.121997376282069,71.67963626656456,25.43415685616266,36.31983910099111,18.055815517203573,11.434566445229814,7.386710449056311
-0.40301979977966995,-1.121997376282069,63.63419759804616,21.351219373480014,32.238074977770246,14.670751813793146,10.158463430506758,5.857539391544661
-0.35813299251433084,-1.121997376282069,57.00724682254702,17.71872228571177,28.871446214856242,11.839410447178492,9.098325589506711,4.629645604319156
-0.3182455065418344,-1.121997376282069,51.496559484318674,14.55204608247162,26.074062508610922,9.49708864217168,8.207785865774769,3.6411914058411132
-0.2828005365353655,-1.121997376282069,46.82120584088599,11.803864972657282,23.72314571437225,7.566957191060529,7.45611939177068,2.848285003212
-0.2513032920204875,-1.121997376282069,43.007640681142966,9.557975678084826,21.777647601044126,6.02075848825828,6.835977738244984,2.231088669939328
-0.22331409039755062,-1.121997376282069,39.7265331842097,7.655203720401866,20.11994806555118,4.759409251398826,6.336000752378384,1.7638549632682987
-0.19844221923690444,-1.121997376282069,37.00210074832743,6.121980344506635,18.745173549198633,3.7673110032975865,5.882356338461588,1.36841107962795
-0.17634048216824733,-1.121997376282069,34.69354615723228,4.876277837122574,17.564557560017516,2.9658160853802498,5.525217258312766,1.0796771252482913
-0.15670035222800524,-1.121997376282069,32.72316805214862,3.867493121224931,16.570063197582094,2.3353923070194926,5.200923030994638,0.837586695345421
-0.13924766500838334,-1.121997376282069,31.055493622849855,3.0645573992413846,15.724433616035755,1.8377953073948274,4.942156177266124,0.6600742783730034
-0.12373879148704055,-1.121997376282069,29.625460578752843,2.421897599611791,14.9949490081817,1.4416245035624817,4.710804442492595,0.514634082791773
-0.10995723711238882,-1.121997376282069,28.395909101328538,1.909632958194853,14.372500829820803,1.1312278353399385,4.512383225120824,0.4009797615702498
-0.09771061966979347,-1.121997376282069,27.34352018296141,1.505453112315343,13.842557713145762,0.8894556529939032,4.348617693699885,0.31564495047639307
-0.0868279837415025,-1.121997376282069,26.4407094113234,1.1872610550277076,13.386008605163155,0.6994897118461206,4.204396175917951,0.24738423543433463
-0.07715741427178036,-1.121997376282069,25.66077756543702,0.9359892312048821,12.98903868386326,0.5493471414715648,4.07667672504271,0.1927325429769279
-0.06856391592404971,-1.121997376282069,24.9834434766768,0.7372440737081862,12.643507258651779,0.43094597142363983,3.967486235375441,0.1506230423862483
-0.06092752862714207,-1.121997376282069,24.39404459277226,0.5802585440539003,12.343421827686328,0.33804211909962106,3.8748680923179037,0.11843910350657794
-0.0541416530048151,-1.121997376282069,23.880947636577158,0.4565619467727614,12.083047201277845,0.26536505018850665,3.7947657494038496,0.09335786014592184
-0.04811156231253989,-1.121997376282069,23.434034355889438,0.35927467251718326,11.856802654405321,0.20852009064868104,3.724192427577479,0.07347418753494186
-0.04275308010908995,-1.121997376282069,23.04428707433454,0.28281370707994025,11.659652718787884,0.16399078730126793,3.661697189204154,0.05766883692076829
-0.0379914052040221,-1.121997376282069,22.703787934903236,0.22271262140798107,11.487326574337963,0.12904404017552762,3.6065709037025098,0.04518397505538252
-0.03376006747802295,-1.121997376282069,22.405726852514448,0.17544498284433377,11.336303854588959,0.10157760250036346,3.558213984774467,0.03539338695959623
-0.03,-1.121997376282069,22.144322199851633,0.1382470668668342,11.203688734712943,0.07997113760442527,3.515937228269045,0.02774878931134013
0.03,-1.121997376282069,18.39873723998701,0.13008768146420369,9.300643639832636,0.07424789766644091,2.918072100381229,0.025462600377877273
0.03376006747802295,-1.121997376282069,18.1906458921313,0.16399160490363623,9.194710349313997,0.09354649521836203,2.8844124081941263,0.03213839547365655
0.0379914052040221,-1.121997376282069,17.959951403001764,0.20661313579245183,9.077522483082204,0.1177237351949078,2.847064871684536,0.040530316130864025
0.04275308010908995,-1.121997376282069,17.704825285379304,0.26010821099042597,8.94834207636433,0.14791783491538033,2.805975721313052,0.05099250875378921
0.04811156231253989,-1.121997376282069,17.42363252278963,0.3270799538951873,8.806505713946946,0.18548772022442556,2.76125780496292,0.06388728162736498
0.0541416530048151,-1.121997376282069,17.115127246855014,0.41060027317497183,8.651366036889549,0.23206731077172094,2.7129800585871693,0.07963341392281859
0.06092752862714207,-1.121997376282069,16.778611409686043,0.5142098543817974,8.482143427195185,0.2896729621937121,2.6606642998362946,0.098915400755287
0.06856391592404971,-1.121997376282069,16.413877616225285,0.6419549718685187,8.297777776651596,0.36086630492437133,2.6028952256758155,0.12299975663071532
0.07715741427178036,-1.121997376282069,16.020760571952664,0.7985911215016703,8.097118125806773,0.44883998931374064,2.538244184494982,0.15359111658419372
0.0868279837415025,-1.121997376282069,15.598533479530293,0.9900016432097752,7.879941761586911,0.5570505872799397,2.468049781075539,0.1913862226715494
0.09771061966979347,-1.121997376282069,15.1463813140673,1.2232965054268952,7.648539947873398,0.688116532678593,2.396890980987464,0.23485117667962377
0.10995723711238882,-1.121997376282069,14.666575069561743,1.5051292292340865,7.407339672897398,0.8431931246626034,2.324449270509499,0.2847569451502375
0.12373879148704055,-1.121997376282069,14.168408463453458,1.8379116521884211,7.157754538561301,1.0249119793311472,2.242332867085718,0.3486967477466935
0.13924766500838334,-1.121997376282069,13.664357361406315,2.2196287050043506,6.895917231684784,1.2405636794714403,2.1579027755309266,0.42320829087746964
0.15670035222800524,-1.121997376282069,13.159156622334702,2.65147010232514,6.630190120664093,1.487746184141232,2.0829454443797415,0.49738929773311
0.17634048216824733,-1.121997376282069,12.663480515515865,3.127249954019583,6.389216947627052,1.7386362004934173,1.9986493049565657,0.5905683144077208
0.19844221923690444,-1.121997376282069,12.221668408254079,3.59852592317534,6.169351710693151,1.9915421590228042,1.9345293200902072,0.6688935772725084
0.22331409039755062,-1.121997376282069,11.862089599745428,4.017507575475463,5.972115903146211,2.239379723488191,1.8687901437789654,0.7563888166163555
0.2513032920204875,-1.121997376282069,11.614367245300542,4.325847133920121,5.855281385250691,2.396126940554955,1.8390196467590365,0.7985463030856707
0.2828005365353655,-1.121997376282069,11.55286530931402,4.404991574994017,5.811982438407056,2.4561753862947087,1.8236513412464685,0.8209527237655754
0.3182455065418344,-1.121997376282069,11.755162893399214,4.148571870988867,5.928186215194204,2.297424591591355,1.8504624144201098,0.782149726209127
0.35813299251433084,-1.121997376282069,12.3389416393064,3.4688851806043024,6.207821413170946,1.9455605806562986,1.942289530812831,0.65905514384967
0.40301979977966995,-1.121997376282069,13.430006795641873,2.413568385069097,6.741416787651466,1.3806584023480277,2.1182251429348478,0.46149689598981325
0.4535325211846986,-1.121997376282069,15.206560639819418,1.1904872963531177,7.653527966992961,0.6851126486100767,2.3984495972659023,0.233841399255707
0.5103762839557767,-1.121997376282069,17.915498641795715,0.21544755371088803,9.034128909616069,0.12744654378288206,2.835622698930224,0.04331279090526973
0.5743445928509872,-1.121997376282069,21.905099836530425,0.10780572410034799,11.036274296933993,0.05615711111597593,3.4848330039264126,0.022682817919654846
0.6463304070095649,-1.121997376282069,27.5443731189057,1.5799461972498732,13.895144725279403,0.9124582146281276,4.369318697927128,0.32598501027735316
0.7273386051246984,-1.121997376282069,35.425125034932,5.26449919905253,17.880395796780327,3.175020382635534,5.636322787394759,1.167164769364427
0.8185000129460304,-1.121997376282069,46.20152810598186,11.438105103620709,23.329460537828826,7.249514722151735,7.3649443567634885,2.7552379343772087
0.9210871889273549,-1.121997376282069,60.83925572950887,19.84634564461011,30.762563208254186,13.431373916371346,9.698173009993141,5.318677990337355
1.0365321883776653,-1.121997376282069,80.6257387407497,29.512536934671488,40.690740365375575,21.56063959157975,12.83015307028417,9.099607772182747
1.166446554092426,-1.121997376282069,106.91723814432315,38.83967502155676,54.05845543298384,31.127323506205663,17.052005888599034,14.369167315617464
1.3126438125222553,-1.121997376282069,142.01609982185124,46.71344171893172,71.86114084846554,40.791120306706866,22.66108549012847,21.227978620822277
1.4771647895120215,-1.121997376282069,188.3803658374217,52.72004082587503,95.29599183983828,48.97930368319287,29.998557154978286,29.528047808159272
1.6623060990028473,-1.121997376282069,249.6049112958008,57.12806482306208,126.11458134565757,55.00469544850156,39.800118638009344,39.04017508913664
1.8706522023821734,-1.121997376282069,329.42791465026545,60.30427303553488,166.41218484716944,59.14270961337847,52.48289214349739,48.45685686079195
2.1051114860111477,-1.121997376282069,432.7526044565975,62.600413302838845,218.9365288807349,61.97408936809492,68.87267065754007,56.199180934811444
2.368956860549917,-1.121997376282069,566.5629929094292,64.28344557728136,286.5279599617152,63.933013891066224,90.19020955179457,61.20368747702284
2.6658714488230206,-1.121997376282069,738.2663796410734,65.52247364995816,373.38565350664254,65.32390191589553,117.70421206045447,64.01700407900341
3.0,-1.121997376282069,958.6053345814803,66.44659665949573,484.8073029201461,66.33210509310481,152.28936001560675,65.64745644956312
-3.0,-1.0721308262250882,1037.8618594170525,66.68087888002111,525.5300215220301,66.58762391151164,164.9295712373754,66.0217839944883
-2.6658714488230206,-1.0721308262250882,837.7939226490888,66.00178234029661,423.19431818038515,65.84507130187828,133.42894058495764,64.90473295560393
-2.368956860549917,-1.0721308262250882,676.8541940684077,65.1539748972744,343.2893483853427,64.92892695511746,107.72617871247286,63.24716083210746
-2.1051114860111477,-1.0721308262250882,551.2742693715301,64.13414704485702,279.03169885378975,63.76775301669346,87.73119486024093,60.809634953263256
-1.8706522023821734,-1.0721308262250882,448.9894121093058,62.86072464056091,227.35204587691229,62.29024084468193,71.61520559313986,57.09606969746718
-1.6623060990028473,-1.0721308262250882,368.7983793336978,61.339298339597036,186.58329896371814,60.44873048749463,58.6907000836046,51.92285958794568
-1.4771647895120215,-1.0721308262250882,303.67733617400637,59.47280830447331,153.6470392619996,58.10574897879744,48.34808769353751,45.74219233772918
-1.3126438125222553,-1.0721308262250882,252.07492778774306,57.258555258769285,127.32026987874123,55.17375060374755,40.0613073142715,39.2671018405736
-1.166446554092426,-1.0721308262250882,209.86756760819858,54.57711356088261,106.39276942032906,51.59999515131017,33.519909038860376,33.16540708741417
-1.0365321883776653,-1.0721308262250882,176.44900945841857,51.48335310858123,89.21522031246154,47.24892347748284,28.126909409302634,27.499164316536977
-0.9210871889273549,-1.0721308262250882,149.17033677374857,47.88717383296369,75.47468821019427,42.34953193652355,23.80417948440862,22.578892207435228
-0.8185000129460304,-1.0721308262250882,126.8868761368035,43.80943186859707,64.30313430562163,37.109847504702714,20.23491574695126,18.301925193400475
-0.7273386051246984,-1.0721308262250882,109.1999745169803,39.48680879859019,55.29946716139651,31.915338294275784,17.363872748747447,14.757848163767713
-0.6463304070095649,-1.0721308262250882,94.35320797399683,34.84218032429182,47.799376477966874,26.886948680362217,15.039223650402226,11.852862796167106
-0.5743445928509872,-1.0721308262250882,82.37275946704976,30.251864826229973,41.73022392508047,22.370575089236496,13.150016162901844,9.496069157656542
-0.5103762839557767,-1.0721308262250882,72.50839674582507,25.832656959575672,36.73125270253994,18.391830627270124,11.537896285668841,7.51234181521858
-0.4535325211846986,-1.0721308262250882,64.35036349951595,21.729958962388764,32.60421356318069,14.977416623894332,10.262918904865911,5.9808950612557865
-0.40301979977966995,-1.0721308262250882,57.59477754927563,18.049398140043703,29.17684901457744,12.096437833985068,9.191949232783927,4.736092123248318
-0.35813299251433084,-1.0721308262250882,52.01130091458218,14.85206232414339,26.340060153598934,9.718310670566087,8.298678451909245,3.739872012826452
-0.3182455065418344,-1.0721308262250882,47.34949282938692,12.115638163084254,23.973374007435503,7.769741338490107,7.545190141517905,2.939889426680596
-0.2828005365353655,-1.0721308262250882,43.37716630328613,9.774633066830532,21.976291910306628,6.175778988338633,6.906387467196419,2.299209948596564
-0.2513032920204875,-1.0721308262250882,40.12616989869902,7.884339158457551,20.317568541937348,4.906409097716628,6.377528376219566,1.8014875680723406
-0.22331409039755062,-1.0721308262250882,37.31612965487874,6.295693130256726,18.897815986451914,3.8745922550299365,5.949852049205599,1.4253283498786622
-0.19844221923690444,-1.0721308262250882,34.97417573583042,5.0244091145539125,17.716245124495448,3.0657859015954108,5.559428148238009,1.1063807888794082
-0.17634048216824733,-1.0721308262250882,32.982004506146,3.9966004327112357,16.697148639675664,2.413385841504824,5.251499514948178,0.8739698044225671
-0.15670035222800524,-1.0721308262250882,31.274815694631837,3.1670871370031897,15.835496527133255,1.9009172896090898,4.970265184690983,0.6786278804688088
-0.13924766500838334,-1.0721308262250882,29.824703593825586,2.5085876728115193,15.100167271540492,1.4967037400831367,4.745389014593239,0.5355233532566729
-0.12373879148704055,-1.0721308262250882,28.576674620972874,1.9823701263796623,14.463407322162992,1.1748480469319953,4.54343170758075,0.4180454009169073
-0.10995723711238882,-1.0721308262250882,27.49984839818414,1.5633211894945767,13.918243725450182,0.9226329787372736,4.369584779559607,0.32611877850770443
-0.09771061966979347,-1.0721308262250882,26.575256211692942,1.2328881616950802,13.452688965281903,0.7261151502672394,4.225767696359652,0.25707231903101513
-0.0868279837415025,-1.0721308262250882,25.779722066972994,0.9728069632023673,13.050401090160523,0.5715952411676514,4.0986858202703305,0.20174493031270804
-0.07715741427178036,-1.0721308262250882,25.090499115219423,0.7673873535656253,12.699573535397324,0.4493457546973617,3.9857665318482964,0.15736487660844023
-0.06856391592404971,-1.0721308262250882,24.490313489680144,0.6048375799935595,12.393360855056185,0.35283763720269595,3.8889848999665766,0.12312781569353606
-0.06092752862714207,-1.0721308262250882,23.966728394593343,0.47636750083655544,12.126756092054613,0.27703267323249925,3.806716789912051,0.09693295242124626
-0.0541416530048151,-1.0721308262250882,23.509870066636196,0.3750731466472738,11.894905489356534,0.21767054688514206,3.7354102791690433,0.07649247179499014
-0.04811156231253989,-1.0721308262250882,23.111099006037858,0.2953491448494093,11.693026014975123,0.17119214786324938,3.672446361700934,0.06026396770447753
-0.04275308010908995,-1.0721308262250882,22.762661997951547,0.23264564280205632,11.516769497109403,0.13474604123310607,3.6165726989734983,0.0473456240383814
-0.0379914052040221,-1.0721308262250882,22.457712744951895,0.18332146838932012,11.362432740929052,0.10611410581784757,3.567195164020173,0.0371281724315221
-0.03376006747802295,-1.0721308262250882,22.19033712703788,0.14450050526163993,11.22695523363714,0.08358883750225482,3.5238098465057575,0.029106592982235877
-0.03,-1.0721308262250882,21.955496470399257,0.11392744823432636,11.107813646882235,0.06585291026084132,3.485824205009505,0.022836847165526194
0.03,-1.0721308262250882,18.54590114224223,0.10864401554519694,9.375483120532083,0.06204255725776224,2.9415817261634483,0.021287805589039952
0.03376006747802295,-1.0721308262250882,18.353382840153596,0.13711646416201267,9.27748679626834,0.0782625247163936,2.910448603838897,0.0269019949967105
0.0379914052040221,-1.0721308262250882,18.13946842601806,0.17298453806322753,9.168830709803618,0.0986274337459925,2.875827875294978,0.03397470917225742
0.04275308010908995,-1.0721308262250882,17.902276211317922,0.21811460515886713,9.048733861710266,0.12412711460179532,2.8376364879140343,0.04281581049306621
0.04811156231253989,-1.0721308262250882,17.640043913463092,0.27478166158187683,8.916454553733972,0.15595597071845613,2.7959344588867414,0.05374936301706705
0.0541416530048151,-1.0721308262250882,17.351292685561464,0.34570572740664623,8.771229299855952,0.195568264271467,2.750730341383319,0.0671571216342181
0.06092752862714207,-1.0721308262250882,17.03495382106431,0.4340793009931186,8.612127391667046,0.24478256693267467,2.7015183313877036,0.08365742608192404
0.06856391592404971,-1.0721308262250882,16.690293221338642,0.5436386687248245,8.437902755044318,0.30593989790193654,2.6469176165220394,0.10437621473725003
0.07715741427178036,-1.0721308262250882,16.316470395474543,0.6788939065159596,8.247152183580884,0.3820091978216404,2.5855128394962215,0.13083950897791233
0.0868279837415025,-1.0721308262250882,15.911945044246503,0.8455691146798758,8.039230948665972,0.4763316753703704,2.518394254035213,0.16378427667338533
0.09771061966979347,-1.0721308262250882,15.474859651516546,1.0508244250438241,7.815684377833236,0.5917722166394901,2.4495806694253366,0.20215682808934804
0.10995723711238882,-1.0721308262250882,15.005895120543974,1.302053367085053,7.579867009183537,0.7302957080878537,2.378542889734701,0.24693773817420261
0.12373879148704055,-1.0721308262250882,14.511826303491965,1.6039778450153963,7.332164763546083,0.8955820722341102,2.2972993634303007,0.30500512865130064
0.13924766500838334,-1.0721308262250882,14.001899689614413,1.958823727453564,7.06788125574348,1.095947367323216,2.2123057727203546,0.37414243020179805
0.15670035222800524,-1.0721308262250882,13.47762879953621,2.3732798991641273,6.793362284818741,1.3324521517948957,2.133899340061223,0.4461128070027393
0.17634048216824733,-1.0721308262250882,12.94531032052815,2.850147682451738,6.533242509192256,1.5855071654972415,2.044199093981396,0.5388877712746857
0.19844221923690444,-1.0721308262250882,12.441571719749422,3.3581630622770486,6.281701532716021,1.859337488196349,1.969817261079468,0.6249606436389078
0.22331409039755062,-1.0721308262250882,11.986990207590683,3.868222854862565,6.037617558514001,2.154785617248314,1.8895975034709163,0.7278770980554089
0.2513032920204875,-1.0721308262250882,11.602040472350442,4.341625989868576,5.850923229352814,2.4021223676555956,1.8373597703065683,0.8009449857148464
0.2828005365353655,-1.0721308262250882,11.347575699441421,4.6768813418008754,5.711038191770442,2.600409652531293,1.7918946159981608,0.868681381596349
0.3182455065418344,-1.0721308262250882,11.285343403866642,4.761695871598043,5.692488037416568,2.6275735327759033,1.7770186356770463,0.8917169012145256
0.35813299251433084,-1.0721308262250882,11.51243549780747,4.457593311000573,5.79348773300287,2.482154079492542,1.8122479280861967,0.8378676818448583
0.40301979977966995,-1.0721308262250882,12.132304841139863,3.6995897190289813,6.09026678460872,2.0884543616194478,1.913273227025162,0.6963636585093049
0.4535325211846986,-1.0721308262250882,13.296040482062917,2.529356617115269,6.691411540057786,1.4281434843508247,2.0963907800939383,0.4835012502093195
0.5103762839557767,-1.0721308262250882,15.215944354443785,1.1854209868252776,7.67347938302046,0.6731777507725195,2.408484081591777,0.22740335386587424
0.5743445928509872,-1.0721308262250882,18.20250157346849,0.16194551288394562,9.170311570613618,0.09833277664203816,2.8977050662454653,0.029402724764993747
0.6463304070095649,-1.0721308262250882,22.58724444007222,0.20362593675178506,11.396748104054863,0.11220980830822574,3.584159403934849,0.04050944467533096
0.7273386051246984,-1.0721308262250882,28.91473629882799,2.120849650922925,14.59993255985694,1.241484589889693,4.603827714600488,0.45201860918942993
0.8185000129460304,-1.0721308262250882,37.7913600987192,6.560231707739779,19.0900341053132,4.010773351089094,6.030635809278305,1.4943683120306397
0.9210871889273549,-1.0721308262250882,50.12947534560585,13.752124581805326,25.362754512008284,8.907894819419694,7.997459252417665,3.415017047536668
1.0365321883776653,-1.0721308262250882,67.11379420657248,23.163950619177264,33.886789392907325,16.04773993437043,10.689259883027617,6.488032441158258
1.166446554092426,-1.0721308262250882,89.992295194419,33.26543179628468,45.52294934490243,25.237455588395143,14.35932938036674,11.002708109600164
1.3126438125222553,-1.0721308262250882,120.77415913465927,42.44322883805165,61.13700692880907,35.386802577241994,19.27538383198154,17.1256503360232
1.4771647895120215,-1.0721308262250882,161.55458945871948,49.67326473156102,81.75524969454551,44.777211884870525,25.732053482303645,24.8118013389805
1.6623060990028473,-1.0721308262250882,215.28415338714953,54.9837314431592,108.81814505531197,52.094928579290276,34.318515862366475,33.95659129890819
1.8706522023821734,-1.0721308262250882,284.98778221097785,58.769093937879795,144.027699319275,57.179910933772,45.384025123212865,43.58682654168366
2.1051114860111477,-1.0721308262250882,374.605391230679,61.47256713882545,189.5210932039515,60.612185251392944,59.59773733987098,52.37127653716894
2.368956860549917,-1.0721308262250882,489.8222488355659,63.43572976523714,247.73839312537524,62.95600815974872,77.93370525076188,58.830735922967314
2.6658714488230206,-1.0721308262250882,636.7592598324986,64.87364330378229,321.9898949616588,64.60039111561082,101.38023358707757,62.633468811695124
3.0,-1.0721308262250882,823.8677003789644,65.94188191797826,416.6393814114191,65.78413942755961,130.86142362724252,64.78029947543989
-3.0,-1.0222642761681073,843.7153735426322,66.02663626975232,427.15296853171606,65.88089712057874,134.05293269452986,64.93396988751084
-2.6658714488230206,-1.0222642761681073,682.1129321249762,65.18821532835435,344.5936253338479,64.94760496660618,108.59598742779166,63.32283408957876
-2.368956860549917,-1.0222642761681073,552.2752881681809,64.14418545864503,280.02941227982797,63.79031620690068,87.87149952198754,60.833062616903725
-2.1051114860111477,-1.0222642761681073,450.8279854749866,62.8889627744832,228.16789282540464,62.31948233371095,71.72588245727557,57.13029113009962
-1.8706522023821734,-1.0222642761681073,368.34085058770955,61.328609765061984,186.49502524892287,60.44372662477581,58.72683153355075,51.94099458128032
-1.6623060990028473,-1.0222642761681073,303.6030446293396,59.47019281000087,153.60019669947948,58.10156954430599,48.30412905040659,45.71151802423256
-1.4771647895120215,-1.0222642761681073,251.08943662323577,57.20681907746244,127.03206869814808,55.13368102159004,39.964401137244636,39.18307081784216
-1.3126438125222553,-1.0222642761681073,209.44649498430272,54.54457202042782,105.79496696795724,51.47410375908481,33.28137768305702,32.92664096422001
-1.166446554092426,-1.0222642761681073,175.3906121507623,51.36518728609648,88.90616764694956,47.15454793451325,28.003666638104015,27.363325015421083
-1.0365321883776653,-1.0222642761681073,148.4021513262234,47.76651928451557,75.03811587520077,42.167787720148546,23.65150531491901,22.399577549118504
-0.9210871889273549,-1.0222642761681073,126.35928256181796,43.69631091258913,63.93284689855697,36.91401383378386,20.15833820380526,18.20840666942259
-0.8185000129460304,-1.0222642761681073,108.32973456059902,39.24276969726618,54.89446231072963,31.660103453142376,17.27199082989013,14.643389327646842
-0.7273386051246984,-1.0222642761681073,93.99534226082409,34.71667643468829,47.59734241564579,26.742808035950816,14.944739940723302,11.734655547068131
-0.6463304070095649,-1.0222642761681073,81.93252029711645,30.067293445926424,41.50435570694196,22.19542788336841,13.056878536060278,9.380514908141045
-0.5743445928509872,-1.0222642761681073,72.17318715406499,25.671982299412413,36.56094519613233,18.252872188728833,11.518601071414958,7.488864933414904
-0.5103762839557767,-1.0222642761681073,64.11391038765186,21.605229905922293,32.4767970341415,14.870746175690702,10.20086571132668,5.907568981703359
-0.4535325211846986,-1.0222642761681073,57.425244931350136,17.954138245722877,29.093341035467596,12.026147452365443,9.155982381812438,4.695148191564258
-0.40301979977966995,-1.0222642761681073,51.86498302993205,14.766853045001199,26.27239290746178,9.661992444110293,8.275008047220329,3.7141205513048354
-0.35813299251433084,-1.0222642761681073,47.25210671649904,12.058172445416009,23.928472143487014,7.733297580414244,7.536938322964415,2.931374186069731
-0.3182455065418344,-1.0222642761681073,43.38308748227519,9.77810739831472,21.964077712468285,6.166226032317019,6.911443278784064,2.3041219765199616
-0.2828005365353655,-1.0222642761681073,40.07004837920412,7.852107679505063,20.2987789825928,4.892389485443969,6.378497533297124,1.8023685150067315
-0.2513032920204875,-1.0222642761681073,37.348429150542486,6.313610846413551,18.909939702509003,3.8831461831079284,5.935553001608745,1.4132113783161417
-0.22331409039755062,-1.0222642761681073,34.983561099309384,5.029380512590388,17.71506901939572,3.0650071653072706,5.576136474183239,1.119499264848637
-0.19844221923690444,-1.0222642761681073,33.00437701943076,4.007811855322702,16.71672269155944,2.425468888759737,5.245737795357873,0.8697983672716737
-0.17634048216824733,-1.0222642761681073,31.313416095204392,3.1852340425803156,15.851438476366303,1.910035575881257,4.984620740909692,0.6881741549126934
-0.15670035222800524,-1.0222642761681073,29.857792781755283,2.523078376516845,15.116767580356822,1.505459463783592,4.744583730320648,0.5350334449931998
-0.13924766500838334,-1.0222642761681073,28.61640204554584,1.9984795535140503,14.487261053756542,1.1863939558396537,4.552200205250942,0.42291447779013747
-0.12373879148704055,-1.0222642761681073,27.543658369464232,1.5796788204624528,13.939821587207714,0.9321765201700853,4.378559895060034,0.33064361848480983
-0.10995723711238882,-1.0222642761681073,26.61448518376159,1.2463130353820622,13.46938196262906,0.7328420146880045,4.228483161020409,0.2583141462536737
-0.09771061966979347,-1.0222642761681073,25.81389071548419,0.9834858906506041,13.066296421360168,0.5774168450152145,4.104010544511586,0.20395112937605434
-0.0868279837415025,-1.0222642761681073,25.122809295219835,0.7765804165494051,12.716839693355588,0.45507662956033856,3.993616602311536,0.16029859017020515
-0.07715741427178036,-1.0222642761681073,24.522218818095226,0.6130766891905814,12.411103277281747,0.3581591354695952,3.895168738368736,0.12520657439075805
-0.06856391592404971,-1.0222642761681073,23.997679099164113,0.4836011092860861,12.143450729463211,0.28154660115351837,3.8105594095371718,0.09809504195870929
-0.06092752862714207,-1.0222642761681073,23.538843694318167,0.3811867358390212,11.909790722545155,0.22129235015303458,3.7384719423387365,0.07732568772418956
-0.0541416530048151,-1.0222642761681073,23.13749200692743,0.3003670366135368,11.70609572115891,0.17405011130064216,3.675843080599857,0.06109478227694748
-0.04811156231253989,-1.0222642761681073,22.786380509827588,0.23670211005401756,11.528338152749713,0.13701705557610241,3.6204105664126645,0.04818736979307445
-0.04275308010908995,-1.0222642761681073,22.478956750378764,0.18658530304548143,11.372825227343123,0.10794372059972777,3.5711113688521157,0.03789664054442577
-0.0379914052040221,-1.0222642761681073,22.20939731027626,0.14712793583511918,11.236397164065108,0.08507810950658778,3.5274582506917977,0.029746104904023504
-0.03376006747802295,-1.0222642761681073,21.972646921722607,0.1160464393377176,11.116434785218463,0.06707004134977454,3.4890363741537915,0.023339376677548943
-0.03,-1.0222642761681073,21.764381593328874,0.09154862325224411,11.010773032879236,0.05287659525215739,3.455344870437469,0.018326291169842152
0.03,-1.0222642761681073,18.699259793346545,0.08848135699005304,9.453468075614314,0.05055702081457391,2.966079775446038,0.017356271416548705
0.03376006747802295,-1.0222642761681073,18.523369722974053,0.11179304754986913,9.363944430107212,0.06384827474788835,2.937642726108344,0.0219596521375883
0.0379914052040221,-1.0222642761681073,18.327498204463854,0.1412175005966796,9.264460288166434,0.08057077338540841,2.9059516187467564,0.027770903191357377
0.04275308010908995,-1.0222642761681073,18.109756478960087,0.17832565667945482,9.154214281163146,0.10156137843269183,2.870900681086445,0.03505351101094776
0.04811156231253989,-1.0222642761681073,17.868311836257906,0.2250482974752704,9.03241454778283,0.12783932663801467,2.8325048750557302,0.04408838509503027
0.0541416530048151,-1.0222642761681073,17.601522413641437,0.28371978421699867,8.898216870358613,0.1606589352675733,2.7907225647146157,0.055211721174467016
0.06092752862714207,-1.0222642761681073,17.308035308933135,0.35712151831605754,8.750584791571473,0.20160595377163412,2.745035426650957,0.06896373133649049
0.06856391592404971,-1.0222642761681073,16.986698047171004,0.4485711500255836,8.588144918431619,0.25274322410133626,2.6941195728475726,0.08631421989674515
0.07715741427178036,-1.0222642761681073,16.63613383103259,0.5621556988660092,8.409316583693212,0.3167224227264502,2.636600349990918,0.10858461819128129
0.0868279837415025,-1.0222642761681073,16.25417031832203,0.7031590746430747,8.213124214068213,0.39661544373474855,2.573342222082391,0.13649570426074817
0.09771061966979347,-1.0222642761681073,15.838142192533876,0.8783499974357274,8.000473577243245,0.4952811931613547,2.507821456835479,0.16937103360036895
0.10995723711238882,-1.0222642761681073,15.387429450733936,1.0951641243154089,7.773778127827396,0.6151016267468078,2.439349200405385,0.2082757498269611
0.12373879148704055,-1.0222642761681073,14.90663162715331,1.3595563943177391,7.532588594987373,0.7602364006052592,2.3604541126505825,0.2592172865168913
0.13924766500838334,-1.0222642761681073,14.402209606075965,1.6764352384829444,7.2716571500459874,0.9392012317297342,2.276724478477808,0.3209306258535278
0.15670035222800524,-1.0222642761681073,13.873099773921716,2.055822483385049,6.995596387082582,1.1553220993038782,2.1971030387543284,0.3874638411434198
0.17634048216824733,-1.0222642761681073,13.322038434446943,2.5066009981902004,6.725313589544081,1.395833615662965,2.1048799287174074,0.47486584817242716
0.19844221923690444,-1.0222642761681073,12.778825997471671,3.0116953694732542,6.453454806313018,1.669149682935211,2.023763154610901,0.5616796025022378
0.22331409039755062,-1.0222642761681073,12.257643872405628,3.5583987151140413,6.176999289142778,1.9823413932328533,1.9336447736607134,0.6700214289471683
0.2513032920204875,-1.0222642761681073,11.771722293017328,4.128074808398275,5.938726773737839,2.28340015803062,1.8646346561319769,0.7621760447638476
0.2828005365353655,-1.0222642761681073,11.370703827446158,4.645647722737583,5.725838465719109,2.578885062302381,1.7964756664632333,0.8616755748169075
0.3182455065418344,-1.0222642761681073,11.103771503639152,5.015701074756818,5.602736315542076,2.7619632997170735,1.7494971086360753,0.9355064983728135
0.35813299251433084,-1.0222642761681073,11.051876123141403,5.090124689657832,5.5645262463344665,2.8206942026619566,1.740515202709225,0.9501336117214574
0.40301979977966995,-1.0222642761681073,11.302240166548303,4.738555931288287,5.676198028054757,2.6515991658078497,1.7827796277190548,0.8827438856910854
0.4535325211846986,-1.0222642761681073,11.986928119670731,3.8682960582796584,6.034066959842169,2.159311916355971,1.8901122908279553,0.7271814595217505
0.5103762839557767,-1.0222642761681073,13.294461175667722,2.530743421519426,6.706790987165067,1.4134253528832472,2.1050286187896035,0.47471550908323507
0.5743445928509872,-1.0222642761681073,15.509436503983398,1.0335969644889085,7.8157339237073105,0.5917449562981226,2.470726809146344,0.18985415889516907
0.6463304070095649,-1.0222642761681073,18.939713741813833,0.061249244567492644,9.561089236146346,0.03673068583378706,3.006956512460149,0.011728199035198405
0.7273386051246984,-1.0222642761681073,24.090182555726955,0.5054948440500433,12.171685551057413,0.28925265879329093,3.8384571821121214,0.10671411950818088
0.8185000129460304,-1.0222642761681073,31.516155492693883,3.281037279691752,15.929152863650122,1.9546908657364044,5.0335804232176145,0.7210867022329135
0.9210871889273549,-1.0222642761681073,42.040022622026825,8.992452671643228,21.28322673025268,5.638239717521196,6.7101618040639925,2.110724162466272
1.0365321883776653,-1.0222642761681073,56.669432334077165,17.527909763191126,28.627441448012245,11.63414387925304,9.030496616847417,4.5527997801196145
1.166446554092426,-1.0222642761681073,76.42728543102241,27.65979655606588,38.672656937490885,19.96114462972548,12.193326692274068,8.31406310587523
1.3126438125222553,-1.0222642761681073,102.88616165062706,37.640060379729846,52.0881739508552,29.840147882761904,16.41363495270252,13.572164396198907
1.4771647895120215,-1.0222642761681073,137.6599912717283,45.94014187038651,69.66965822058947,39.78419029892401,21.91983495119555,20.342046970253218
1.6623060990028473,-1.0222642761681073,182.99299752909556,52.18245666876202,92.51404627020098,48.216653708362216,29.15142648338915,28.61774062125719
1.8706522023821734,-1.0222642761681073,241.2366679485536,56.6648323700801,121.94461104633535,54.38986102074499,38.39114457983781,37.79191026794145
2.1051114860111477,-1.0222642761681073,315.47772178146,59.87169168193892,159.58911792961607,58.61265635553109,50.16577717705525,46.976931112529726
2.368956860549917,-1.0222642761681073,410.25348394161796,62.20386901698878,207.48906610212796,61.496707034687304,65.23784990880634,54.85453606857865
2.6658714488230206,-1.0222642761681073,530.5527808390191,63.917480077206896,268.23953912045835,63.51170079424191,84.38119421519656,60.213129457923934
3.0,-1.0222642761681073,683.0002352042517,65.19393894770937,345.37203449615185,64.95867889633934,108.46241914156701,63.3113333560555
-3.0,-0.9723977261111264,669.03831490445,65.1020557380981,338.6817923589403,64.8616851274048,106.28467303008237,63.117571859833134
-2.6658714488230206,-0.9723977261111264,542.1462837505155,64.04082877537923,273.9070821339687,63.648972034288334,86.29062443112633,60.562074397896296
-2.368956860549917,-0.9723977261111264,440.2529043267051,62.72316205160489,223.184067443467,62.13705260396621,70.03252285742116,56.59018694123168
-2.1051114860111477,-0.9723977261111264,360.5498783342222,61.14220251617463,182.46345517456314,60.209192836471615,57.350707706516836,51.23409351734438
-1.8706522023821734,-0.9723977261111264,295.7985719587376,59.18765650037848,149.7541492026319,57.74789879336938,47.14532755857116,44.88894307647131
-1.6623060990028473,-0.9723977261111264,244.92893185350016,56.87336742496288,123.91742930946954,54.686738555105116,38.96161821023435,38.30221326845009
-1.4771647895120215,-0.9723977261111264,203.6875955032179,54.08523371007343,103.04454100353661,50.873973655612176,32.411966329780476,32.046894583339665
-1.3126438125222553,-0.9723977261111264,170.95714583060243,50.85373586268768,86.35697974504453,46.350602382473085,27.161650265627852,26.42801125891557
-1.166446554092426,-0.9723977261111264,144.18108147745517,47.08076860949559,73.08015389058606,41.3307568604212,23.0137558652397,21.646796266311725
-1.0365321883776653,-0.9723977261111264,122.94474350533211,42.94257576099099,62.16879719327811,35.9604652439876,19.590838018221167,17.513401964456726
-0.9210871889273549,-0.9723977261111264,105.58527043416689,38.45147734351608,53.42166507377907,30.71614844091381,16.83960938475657,14.10417951931533
-0.8185000129460304,-0.9723977261111264,91.36527522882257,33.773102481579386,46.294136359655354,25.802447980879347,14.564121651112565,11.258650044253024
-0.7273386051246984,-0.9723977261111264,80.0418750979309,29.261330329794916,40.529316536292505,21.433986432274477,12.724910755135005,8.969416259138242
-0.6463304070095649,-0.9723977261111264,70.48447844393512,24.852082995288676,35.7024734286656,17.549530499724685,11.230067978233551,7.138769352710942
-0.5743445928509872,-0.9723977261111264,62.73102208435016,20.86952674490039,31.775523918373125,14.282763529033543,10.00858714814702,5.68121079133282
-0.5103762839557767,-0.9723977261111264,56.307347566459676,17.32284860955054,28.5202533012667,11.544004156273697,8.957529307636802,4.470395661427913
-0.4535325211846986,-0.9723977261111264,50.95518942176786,14.23578271102656,25.813084742221495,9.280489199280417,8.121888487926096,3.548447655286906
-0.40301979977966995,-0.9723977261111264,46.48665924901883,11.606399877866227,23.545967418928708,7.4238419534432225,7.414333795282778,2.8055494517500086
-0.35813299251433084,-0.9723977261111264,42.763816628288076,9.415211420810767,21.654029037255697,5.924664294414955,6.818571384702355,2.214331278766623
-0.3182455065418344,-0.9723977261111264,39.625095854016536,7.597189421787716,20.060255149393246,4.715206293561554,6.310981988825232,1.7412924902097233
-0.2828005365353655,-0.9723977261111264,36.92228893435209,6.077975452680082,18.702003010738622,3.737111206530665,5.876033986971112,1.3631160886891527
-0.2513032920204875,-0.9723977261111264,34.692576784859746,4.875767909167871,17.56397501306358,2.9654339893340387,5.51294591590472,1.0701504227529548
-0.22331409039755062,-0.9723977261111264,32.74348732264091,3.8775878106750703,16.579148007677297,2.340941285581562,5.21720129022617,0.8492389158500655
-0.19844221923690444,-0.9723977261111264,31.104567554918585,3.087412551476894,15.752627933124804,1.853752331346415,4.94317649268815,0.66074451841948
-0.17634048216824733,-0.9723977261111264,29.697393365244157,2.453083026468583,15.032303287642431,1.4610955889827608,4.726117868497747,0.5238452633788502
-0.15670035222800524,-0.9723977261111264,28.479904122141054,1.9433157739742373,14.417835931278498,1.152905436428346,4.525122466351263,0.40794859489722557
-0.13924766500838334,-0.9723977261111264,27.43694665652643,1.539942279970142,13.888939810297162,0.9097323868046183,4.363605758581813,0.3231181848716462
-0.12373879148704055,-0.9723977261111264,26.531605004259067,1.2180142548995516,13.426824694789548,0.7157408915509414,4.217017634919655,0.25308739110938766
-0.10995723711238882,-0.9723977261111264,25.744075339291037,0.9617146659863767,13.028073515854464,0.5634583718940919,4.089756771028749,0.1980678615817884
-0.09771061966979347,-0.9723977261111264,25.062925908892353,0.7595770251226872,12.685156903458056,0.444583874756703,3.983905862045999,0.1566728990215183
-0.0868279837415025,-0.9723977261111264,24.472865406817473,0.6003514087562527,12.386793170705594,0.3508763937942256,3.889650916853517,0.12335097757459133
-0.07715741427178036,-0.9723977261111264,23.958338045654113,0.4744145326966416,12.124846155471818,0.27651828043179155,3.8052660132124148,0.09649579678705385
-0.06856391592404971,-0.9723977261111264,23.507540158398008,0.37458338336075697,11.894790921034458,0.2176427730108351,3.7325281485620603,0.07571180874487457
-0.06092752862714207,-0.9723977261111264,23.112062249879184,0.29553162369005626,11.693373103895697,0.17126777205295157,3.67040012120757,0.05976596050665712
-0.0541416530048151,-0.9723977261111264,22.765216379452816,0.23308099923843728,11.517328984542985,0.13485547645650356,3.6162883755101953,0.04728353489992394
-0.04811156231253989,-0.9723977261111264,22.461060831934564,0.18383411995742613,11.36333828392559,0.10627295732033393,3.5682741991604474,0.03733918184304893
-0.04275308010908995,-0.9723977261111264,22.194171031764434,0.14502726106778552,11.228326883947176,0.0838044306048065,3.525473166245625,0.029397343769917796
-0.0379914052040221,-0.9723977261111264,21.95969037441155,0.11444394668803098,11.10965039577427,0.06611134861714978,3.487495819961193,0.02309772154869671
-0.03376006747802295,-0.9723977261111264,21.753379422117753,0.09032987155853188,11.005109450657509,0.05216064749629362,3.4540089840461126,0.01813934275567354
-0.03,-0.9723977261111264,21.57159587620637,0.0713065806166088,10.912880657321937,0.041153141658611336,3.4245977735870268,0.014254945337083732
0.03,-0.9723977261111264,18.85856540042142,0.06984956322574866,9.534472167022079,0.03993450537292226,2.991526581117354,0.013717305737644616
0.03376006747802295,-0.9723977261111264,18.700352153142564,0.08834562840049762,9.453953414403802,0.05048943232016845,2.965953941552169,0.01737538587722562
0.0379914052040221,-0.9723977261111264,18.523785140454596,0.11173455178733573,9.364280626307462,0.0637952722274594,2.937394933182294,0.022002286570416352
0.04275308010908995,-0.9723977261111264,18.32701688841689,0.1412943763916059,9.264655882597106,0.08053584840110511,2.9057280212962473,0.02781449188829722
0.04811156231253989,-0.9723977261111264,18.10820398452228,0.17860717307237722,9.154266761523658,0.1015507607778706,2.870931413555053,0.035046725881787436
0.0541416530048151,-0.9723977261111264,17.865615229025554,0.22560392144669844,9.032225584545145,0.12788266103397183,2.8329241255082076,0.043983656354292126
0.06092752862714207,-0.9723977261111264,17.597704712575727,0.28461428606530337,8.897437815939723,0.16086154999030305,2.7911911270964893,0.05507936989442588
0.06856391592404971,-0.9723977261111264,17.30301581419195,0.3584597321260227,8.748464240985074,0.2022319426656214,2.74448860911008,0.06913860043251957
0.07715741427178036,-0.9723977261111264,16.979781537526172,0.4506705759265776,8.583624993301301,0.25425971694090466,2.691510891450842,0.08726210156424688
0.0868279837415025,-0.9723977261111264,16.62538762628782,0.5658726390675322,8.401709117418633,0.3196280866438533,2.63292066492026,0.11010852429113528
0.09771061966979347,-0.9723977261111264,16.2366060346918,0.7100911063978742,8.203094591364708,0.40098169265258143,2.5716716464769886,0.13728291854315963
0.10995723711238882,-0.9723977261111264,15.811817559553162,0.8902240487606887,7.989391859452556,0.500780177252366,2.5069686689385473,0.16982646606365065
0.12373879148704055,-0.9723977261111264,15.353804831285897,1.1125161171538405,7.7595166117740835,0.6231658425342529,2.4319514073911415,0.21276829804864728
0.13924766500838334,-0.9723977261111264,14.866703369074083,1.3831262626620837,7.507954479394131,0.7761322299623875,2.3513808480768796,0.26551449062919186
0.15670035222800524,-0.9723977261111264,14.34753337954966,1.7133448889461131,7.237874581358412,0.9641273095146798,2.2728657241225587,0.3239740415759881
0.17634048216824733,-0.9723977261111264,13.796303313708233,2.1151267386072177,6.966748240301556,1.1795865858782237,2.1811066173390707,0.4018048598539341
0.19844221923690444,-0.9723977261111264,13.236879291727437,2.581657235374024,6.686338310357996,1.4330208634837023,2.096909258584035,0.4829708948964087
0.22331409039755062,-0.9723977261111264,12.678439822259591,3.112093285698367,6.392454809560404,1.735087282887391,2.0016212380881218,0.5870983373830441
0.2513032920204875,-0.9723977261111264,12.128843541919267,3.7035443005908357,6.121398961336914,2.04991769924092,1.9216971260132376,0.6853850616103502
0.2828005365353655,-0.9723977261111264,11.628694376292323,4.307560385403932,5.859585774654496,2.390216098823803,1.8383992194664622,0.7994422787801335
0.3182455065418344,-0.9723977261111264,11.21764578252717,4.855250192444236,5.662495607055722,2.6719332894925065,1.769013460755437,0.9042956164847564
0.35813299251433084,-0.9723977261111264,10.96438364626058,5.217474752006444,5.5243975429282965,2.8833700267199616,1.7281830881062097,0.970491033173119
0.40301979977966995,-0.9723977261111264,10.944830739228093,5.2462604429662125,5.501536003898141,2.9195387812142743,1.7274810481978817,0.9716595730048367
0.4535325211846986,-0.9723977261111264,11.277631291882606,4.772285363123766,5.680390691411807,2.645400161616015,1.779257991522232,0.8882211382444783
0.5103762839557767,-0.9723977261111264,12.133424749571628,3.698310852085679,6.124645572513804,2.0459279714443035,1.922272969807458,0.6846390156611072
0.5743445928509872,-0.9723977261111264,13.773407994801353,2.133022109265766,6.945109909382727,1.1980024087209384,2.195306104151769,0.3890581593565386
0.6463304070095649,-0.9723977261111264,16.478786080443534,0.6180103426002608,8.324512348571657,0.34998195574818813,2.6177093963215077,0.11653723780997509
0.7273386051246984,-0.9723977261111264,20.696547857312854,0.010446968008979552,10.464488836641877,0.005830400281013396,3.2991805140100463,0.0028254378121245695
0.8185000129460304,-0.9723977261111264,26.89504873401476,1.3439001154643981,13.60060227357943,0.7865647314167661,4.296910841419424,0.29040291338116914
0.9210871889273549,-0.9723977261111264,35.74318516423033,5.435288347694707,18.10243469144095,3.32446006397315,5.7047255929956195,1.2221021969871493
1.0365321883776653,-0.9723977261111264,48.005242907118536,12.502437633620936,24.258050299104152,8.001333949189199,7.649971864496984,3.0485142915904833
1.166446554092426,-0.9723977261111264,64.42552969679956,21.76954320372488,32.60066742656768,14.974448610164522,10.272538452247257,5.992273769219037
1.3126438125222553,-0.9723977261111264,86.14387752861214,31.78562095282379,43.60741703619074,23.80741738286843,13.732820581803116,10.22092031297017
1.4771647895120215,-0.9723977261111264,114.35410201373129,40.86753877066859,57.87042472337046,33.491884707266124,18.200396006432825,15.797498061463264
1.6623060990028473,-0.9723977261111264,150.7300828508962,48.12837966562062,76.20841064812404,42.651037578530676,23.995780095614354,22.803425399156744
1.8706522023821734,-0.9723977261111264,197.09612837335845,53.52468976001131,99.64338294214701,50.08141043168242,31.3486889611609,30.950939123426963
2.1051114860111477,-0.9723977261111264,255.85505384079363,57.45307824706172,129.41457865921564,55.45868057990065,40.66854454040482,39.789272877390744
2.368956860549917,-0.9723977261111264,330.57083230473756,60.3380016698143,167.18296277417477,59.19941190794427,52.54578967091935,48.495580078530814
2.6658714488230206,-0.9723977261111264,425.2090417446048,62.47236880316048,214.95378473838937,61.81459265888323,67.57861629837346,55.74174310872682
3.0,-0.9723977261111264,544.8728216841683,64.06904399137667,275.5061206826425,63.686563798512054,86.51219603839255,60.60100126467532
-3.0,-0.9225311760541456,513.8133386590516,63.72913365182908,260.08549985109545,63.30243830300432,81.61582001297266,59.66154313199806
-2.6658714488230206,-0.9225311760541456,417.8169083692986,62.34218067474547,211.10614008513335,61.65395574069974,66.48951164582981,55.33875742249102
-2.368956860549917,-0.9225311760541456,340.7290734397731,60.627271205309306,172.70436261867894,59.58835997444963,54.19257820527493,49.48260883325719
-2.1051114860111477,-0.9225311760541456,280.3662620693274,58.57968776198132,141.87615524247013,56.95251478479921,44.58910880195831,42.97852529397748
-1.8706522023821734,-0.9225311760541456,231.32757945413212,56.07015718499133,117.10726309366203,53.61264446592013,36.85978673274667,36.3892124338484
-1.6623060990028473,-0.9225311760541456,192.75872011508346,53.133800638213245,97.52550561516819,49.55759326105684,30.658138391340305,30.227502895265907
-1.4771647895120215,-0.9225311760541456,161.4859786748995,49.664133329950985,81.6907117778734,44.75396523055968,25.6912101405665,24.765118378239663
-1.3126438125222553,-0.9225311760541456,136.64020314044262,45.75219844807026,69.02457001478999,39.47858736478595,21.706750106765647,20.086001595764586
-1.166446554092426,-0.9225311760541456,116.29203702223766,41.35933837185251,58.94020433472279,34.125721745282405,18.557226084248565,16.23944693641903
-1.0365321883776653,-0.9225311760541456,100.13867111634009,36.778809252656465,50.63901545522129,28.865300560285696,15.95417422370755,12.997686456105162
-0.9210871889273549,-0.9225311760541456,86.91549188475804,32.08914317195267,43.97524249182857,24.084911820887395,13.858188850019314,10.377182891935334
-0.8185000129460304,-0.9225311760541456,76.06180630571882,27.4933958528572,38.536521686986966,19.85203228405013,12.121949299205076,8.22638632168278
-0.7273386051246984,-0.9225311760541456,67.40429219686658,23.31211179269128,34.12811445982162,16.248335671024634,10.7146395468113,6.518395096397536
-0.6463304070095649,-0.9225311760541456,60.06895683809311,19.424384162459205,30.424042972790183,13.146487407973204,9.56825999565338,5.168095572986164
-0.5743445928509872,-0.9225311760541456,54.09973169103244,16.06127558409387,27.401067257776837,10.604522158641347,8.62843884002258,4.10231878219996
-0.5103762839557767,-0.9225311760541456,49.13539298575876,13.168111737349522,24.885295935526514,8.514661839767706,7.815313541935234,3.221739511834521
-0.4535325211846986,-0.9225311760541456,44.98021930454273,10.717645300330261,22.783748122169843,6.813029855066336,7.167005422748701,2.5558619403757397
-0.40301979977966995,-0.9225311760541456,41.49361990089928,8.674493192614356,21.01473478076839,5.432633084715982,6.615318055242117,2.02118648937362
-0.35813299251433084,-0.9225311760541456,38.574690561520704,7.0002692084659,19.531074686622638,4.3275978183539685,6.148088930260795,1.5964687803895403
-0.3182455065418344,-0.9225311760541456,36.098955578146544,5.627674529510779,18.273793147973198,3.4410702038531205,5.747547081213233,1.2568986165710512
-0.2828005365353655,-0.9225311760541456,33.953182716368836,4.4905126088278715,17.195758813756107,2.7268117728660566,5.402075798242406,0.985345690408142
-0.2513032920204875,-0.9225311760541456,32.17446443514297,3.5975982200744547,16.287715835654858,2.1650160501816678,5.112232721201175,0.7750850306985552
-0.22331409039755062,-0.9225311760541456,30.608878081163205,2.8589019525286234,15.496634309668051,1.7105767646525616,4.87512123748503,0.6165799394909032
-0.19844221923690444,-0.9225311760541456,29.285362429482934,2.276209203839452,14.829348032902852,1.3564227062929433,4.6534360197807585,0.48067414224734123
-0.17634048216824733,-0.9225311760541456,28.142623655251437,1.8092973334765903,14.244149741968565,1.0706841894574877,4.477379376660949,0.38207198659288255
-0.15670035222800524,-0.9225311760541456,27.148265730705273,1.4342927320430614,13.742311463755668,0.8462335325518701,4.313015258815872,0.2981742196752634
-0.13924766500838334,-0.9225311760541456,26.29217941854414,1.137651916382081,13.308166737947428,0.6689085551697093,4.180539082489675,0.23675002890569502
-0.12373879148704055,-0.9225311760541456,25.54532023594366,0.9007865632144105,12.926853162848387,0.5271695850221246,4.059571691360369,0.18584785099806791
-0.10995723711238882,-0.9225311760541456,24.89258268657754,0.7120459725285722,12.596328334863932,0.4157128526897053,3.9540374351222,0.14574391394561967
-0.09771061966979347,-0.9225311760541456,24.325643164874172,0.563053103292802,12.310935243484893,0.32856299419430995,3.8659779697474934,0.11552711748500397
-0.0868279837415025,-0.9225311760541456,23.83261737145507,0.44556124082393267,12.061645427972365,0.2597319285063424,3.7872244414718352,0.09113254406872279
-0.07715741427178036,-0.9225311760541456,23.401131293270815,0.35251214155259813,11.84195613478673,0.20500182530294428,3.7164208283548983,0.07141516234983707
-0.06856391592404971,-0.9225311760541456,23.02180039131716,0.27864878950121363,11.648346808652416,0.16158271737798466,3.655194209076591,0.05612406675621353
-0.06092752862714207,-0.9225311760541456,22.68798311298458,0.22007921488445464,11.478313837324043,0.127321035048117,3.6027563150940907,0.04437177245481255
-0.0541416530048151,-0.9225311760541456,22.394391271344308,0.17374839250691126,11.329288629869433,0.10037514436408151,3.5569616383622686,0.03515454544310419
-0.04811156231253989,-0.9225311760541456,22.136280751772645,0.1371672897407625,11.19860479083972,0.07919053362204176,3.5162198477929727,0.02779700811663237
-0.04275308010908995,-0.9225311760541456,21.909273787748962,0.10830677509848935,11.083765883328523,0.06251302648461589,3.4798131588545385,0.021910295410192782
-0.0379914052040221,-0.9225311760541456,21.70941789604391,0.08553643372151845,10.982611462742595,0.04936210355961995,3.447439904124764,0.017233275645190362
-0.03376006747802295,-0.9225311760541456,21.533241111715377,0.06756366138788698,10.89333772520092,0.03897960779273238,3.4188404399824575,0.013546785519834821
-0.03,-0.9225311760541456,21.37774555747839,0.053371194728792024,10.814444184600987,0.03077792506253244,3.3936795487227536,0.010655102506479568
0.03,-0.9225311760541456,19.02353913891746,0.05298744094104686,9.618353317997718,0.03031240442682363,3.017877529927208,0.010418363572586894
0.03376006747802295,-0.9225311760541456,18.88403767934741,0.06708574221838079,9.547364608316546,0.03836510532325378,2.9953353449679887,0.013211155246083635
0.0379914052040221,-0.9225311760541456,18.728026771478305,0.08494390876593033,9.468137369802118,0.04853527406169272,2.970109169579237,0.016750052907582177
0.04275308010908995,-0.9225311760541456,18.553750319557096,0.10755830873642072,9.3799018580531,0.06135835773954495,2.942068983775483,0.021205466350408816
0.04811156231253989,-0.9225311760541456,18.359416188040278,0.13616994040637848,9.28185585941925,0.07749639893955791,2.9111649730646905,0.026764939062459484
0.0541416530048151,-0.9225311760541456,18.14328040536004,0.17230568440466634,9.173106961186178,0.09777785776073603,2.8772881651816036,0.03365846537515406
0.06092752862714207,-0.9225311760541456,17.9036988690143,0.21782677925424387,9.052551983550183,0.12326721164702428,2.8399431650183504,0.04225037270208358
0.06856391592404971,-0.9225311760541456,17.6390294625521,0.2750150040262266,8.918749463424303,0.1553696397298677,2.7979898516627397,0.053178574088950145
0.07715741427178036,-0.9225311760541456,17.34726627065631,0.34675949972969444,8.77000100520066,0.19592462453258178,2.7502202860629916,0.06731784355204558
0.0868279837415025,-0.9225311760541456,17.025549037685625,0.4368823691278306,8.604958558677689,0.24714706728753244,2.6971204313879773,0.08523102898239876
0.09771061966979347,-0.9225311760541456,16.67033832046499,0.5504194056246037,8.423587463112149,0.3113127467734287,2.641143299645506,0.10671988114282423
0.10995723711238882,-0.9225311760541456,16.279324065384323,0.6933015242904922,8.226837070132373,0.39069085985090946,2.5814421172464015,0.13271594383694704
0.12373879148704055,-0.9225311760541456,15.853836856507042,0.8713162611964461,8.013191451310114,0.48901471807451596,2.511867478814003,0.16722005655061212
0.13924766500838334,-0.9225311760541456,15.396150961314898,1.090690665009023,7.777154962148469,0.6132014957786217,2.4363935771949525,0.21006374552078277
0.15670035222800524,-0.9225311760541456,14.902028229221928,1.3622608760087302,7.520739474806156,0.7678569603709429,2.3613587045416478,0.25859453686135264
0.17634048216824733,-0.9225311760541456,14.369566303536281,1.6984094046393847,7.2582675075325644,0.9490311793853944,2.2731058013164853,0.3237841660083385
0.19844221923690444,-0.9225311760541456,13.817551384112836,2.0986075027260576,6.981253042999388,1.1673455336438407,2.189538291610385,0.3942040252512599
0.22331409039755062,-0.9225311760541456,13.251471782190555,2.568689855101576,6.685011087508311,1.4342986790001961,2.0938487424161094,0.48610708126100327
0.2513032920204875,-0.9225311760541456,12.675529037455814,3.1150384736041845,6.3999680326346935,1.7268714067470892,2.0088726610788665,0.5786898243036356
0.2828005365353655,-0.9225311760541456,12.12312774401703,3.7100812630005406,6.113009389038484,2.060252909661184,1.9178928744842652,0.690327965102414
0.3182455065418344,-0.9225311760541456,11.62685668433343,4.309902803723577,5.871619180843561,2.373747530859839,1.835512909884989,0.8036199301621315
0.35813299251433084,-0.9225311760541456,11.24588904329674,4.816054942180438,5.670874387830822,2.65948575711699,1.7745507617733036,0.8955810101738892
0.40301979977966995,-0.9225311760541456,11.047714479048343,5.096128638804407,5.559761728778419,2.828082097083551,1.7453342072376272,0.9422650116813875
0.4535325211846986,-0.9225311760541456,11.139446446503662,4.965014568676697,5.615506432690574,2.74253886630377,1.759137900268273,0.9199916215727528
0.5103762839557767,-0.9225311760541456,11.673484292867364,4.250755318429704,5.896489286726835,2.339970519929342,1.8505975733764424,0.7819575013733466
0.5743445928509872,-0.9225311760541456,12.880600259321547,2.912212774758199,6.500009216299751,1.6199916578281117,2.0531694727793064,0.5290824553631702
0.6463304070095649,-0.9225311760541456,15.000072307679154,1.3053837635582684,7.582520266126882,0.7286373785099238,2.3836379995323487,0.2435443776726403
0.7273386051246984,-0.9225311760541456,18.39351707652066,0.13088652727522482,9.305059617627911,0.07349515868936603,2.9318368395996437,0.022970135139861646
0.8185000129460304,-0.9225311760541456,23.41038458644091,0.3544083114751042,11.84191455806048,0.2049920098862821,3.7388936290796257,0.07744076396929164
0.9210871889273549,-0.9225311760541456,30.536667037773775,2.8260569133959157,15.466685378175068,1.6940812731596486,4.87096854362511,0.6139209576484873
1.0365321883776653,-0.9225311760541456,40.2979785875601,7.983116554542644,20.365377480779287,4.942121318056406,6.419530443504251,1.839778117673301
1.166446554092426,-0.9225311760541456,53.19844889877138,15.54112028201115,26.91585191405737,10.198567860759992,8.476035693601506,3.9339717606195106
1.3126438125222553,-0.9225311760541456,70.0384762051749,24.632639517134614,35.44810638615609,17.340244520740097,11.157239483566988,7.050703388480097
1.4771647895120215,-0.9225311760541456,91.69489669128899,33.89342745379008,46.39855145313953,25.878461778320784,14.58798704529218,11.28848536134029
1.6623060990028473,-0.9225311760541456,119.4028559676454,42.119320897059374,60.37128845139338,34.95339637451391,18.998720581996626,16.784796211555985
1.8706522023821734,-0.9225311760541456,154.54928477579992,48.698404324381215,78.13952918964914,43.421419175302375,24.571619017427018,23.474831366999787
2.1051114860111477,-0.9225311760541456,198.95134169640903,53.68641485392585,100.6246820668763,50.3160687642276,31.614638058566605,31.227113708130567
2.368956860549917,-0.9225311760541456,255.3099291843146,57.42540413521562,129.1166633152419,55.41880790586243,40.571514707119015,39.706343751330586
2.6658714488230206,-0.9225311760541456,326.6408635623644,60.22097623963121,165.10980499550976,59.04549050904488,51.88668463630086,48.086018852784306
3.0,-0.9225311760541456,416.73506127922775,62.32272033803175,210.70111001962613,61.63665489328806,66.15685223704008,55.21229544878301
-3.0,-0.8726646259971647,378.54459832835823,61.56051736518376,191.60642629737256,60.72469516719188,60.122902729704435,52.62445308978051
-2.6658714488230206,-0.8726646259971647,309.45561103978673,59.67215943404356,156.36410484614396,58.34315041591283,49.23865660902163,46.35533527738731
-2.368956860549917,-0.8726646259971647,253.93857801744213,57.35522677734433,128.69705230024434,55.36228135299178,40.38434921977365,39.54583185007866
-2.1051114860111477,-0.8726646259971647,210.41994764706305,54.61959418013932,106.47497456416869,51.61718359071665,33.46062649357512,33.10617118990782
-1.8706522023821734,-0.8726646259971647,175.03358502919724,51.324992446028006,88.60476648556168,47.06187656689409,27.883383476379993,27.2304852828388
-1.6623060990028473,-0.8726646259971647,147.1640258118794,47.56941600422931,74.46000911276978,41.9244012678521,23.403405420066207,22.107440639680547
-1.4771647895120215,-0.8726646259971647,124.54531709780517,43.30062153662753,63.00052291221419,36.41431022441172,19.810400531316358,17.782696196090924
-1.3126438125222553,-0.8726646259971647,106.54749132436486,38.73270786010818,53.8249379864716,30.97707875620045,16.92435377761441,14.209932319105613
-1.166446554092426,-0.8726646259971647,91.77561324806987,33.92280105651548,46.51144353284309,25.96051621588468,14.641168441527551,11.354976199023554
-1.0365321883776653,-0.8726646259971647,80.03406236864953,29.257954861748537,40.47439992586234,21.390846169508762,12.748936830565667,8.999126229195767
-0.9210871889273549,-0.8726646259971647,70.39991840431301,24.810570300939027,35.61884176124416,17.480763724195974,11.22153106315454,7.128439781405045
-0.8185000129460304,-0.8726646259971647,62.468818283596576,20.728850199393563,31.6463643465592,14.17432364366722,9.953086485280503,5.616121126917588
-0.7273386051246984,-0.8726646259971647,56.12921703245425,17.221765875845207,28.417226763986854,11.457384737736781,8.921273413218424,4.429554280728226
-0.6463304070095649,-0.8726646259971647,50.72978079358612,14.103896954146517,25.691178943744056,9.179476099860798,8.078333201783176,3.501616386127008
-0.5743445928509872,-0.8726646259971647,46.31921378941471,11.507566091011125,23.457751813402147,7.352737145323189,7.38442576727056,2.7750568610244364
-0.5103762839557767,-0.8726646259971647,42.63367985550466,9.339081425425011,21.589961043240226,5.874978115284571,6.779869617544759,2.1771924936169396
-0.4535325211846986,-0.8726646259971647,39.5316010098875,7.543771908706001,20.021167902514502,4.686313057269947,6.2962877972725515,1.728079790390338
-0.40301979977966995,-0.8726646259971647,36.912876143419936,6.072789588572354,18.692388813338034,3.7303942370619287,5.882252703567103,1.3683242342305937
-0.35813299251433084,-0.8726646259971647,34.70777211719178,4.883762660641741,17.571296149459357,2.970236994362905,5.529159169559293,1.0827432092079443
-0.3182455065418344,-0.8726646259971647,32.82413717267526,3.917723529284965,16.614561661956046,2.362610933895779,5.224240707123041,0.8542949070498178
-0.2828005365353655,-0.8726646259971647,31.179038565721477,3.122191119683813,15.788320485882728,1.8740187328722084,4.959222288485615,0.6713169586121384
-0.2513032920204875,-0.8726646259971647,29.807690766628372,2.5011475806548846,15.08805864260595,1.4903283811982262,4.735579090421199,0.5295666818080349
-0.22331409039755062,-0.8726646259971647,28.591012574379686,1.9881790477412873,14.473249818979317,1.179607097330869,4.55169883143723,0.4226354847580696
-0.19844221923690444,-0.8726646259971647,27.55610346697731,1.5843366556927418,13.951622971708359,0.9374118881322094,4.378004749775372,0.3303630224981122
-0.17634048216824733,-0.8726646259971647,26.656834391273918,1.2608668480362177,13.49089731163148,0.7415481699283365,4.2396398114378036,0.26344180999766986
-0.15670035222800524,-0.8726646259971647,25.869268621902293,1.000889803478707,13.093436033582819,0.5874118434545325,4.109280289294253,0.2061443913095218
-0.13924766500838334,-0.8726646259971647,25.187392958134655,0.7950878963949886,12.747626312144893,0.46536996203532355,4.00384562785847,0.16415591936123852
-0.12373879148704055,-0.8726646259971647,24.58919270358628,0.6305214613105276,12.44213211381293,0.3675469226646951,3.906922245592469,0.12919916839439902
-0.10995723711238882,-0.8726646259971647,24.063653796073588,0.4991741194152802,12.175995560162264,0.2904368995801848,3.821906387602586,0.10156218213929204
-0.09771061966979347,-0.8726646259971647,23.605081991401953,0.395323556800074,11.945173616057184,0.23000710503438726,3.750712530516107,0.08069715246404985
-0.0868279837415025,-0.8726646259971647,23.20460748377707,0.3132943846740603,11.74268672571836,0.1821638819077698,3.6867433702353214,0.06379564367294303
-0.07715741427178036,-0.8726646259971647,22.852731992979773,0.2482159733030582,11.563515701120632,0.1440281602497222,3.6289731980719395,0.05008982767652957
-0.06856391592404971,-0.8726646259971647,22.542255829244862,0.1964646278533423,11.405029245606883,0.11370418531362987,3.5788435485776944,0.03943525988597825
-0.06092752862714207,-0.8726646259971647,22.268123221886434,0.1553593815499163,11.265381969970097,0.08972581813295698,3.5357824292165088,0.03122945521817594
-0.0541416530048151,-0.8726646259971647,22.02630228289554,0.12279225951796549,11.14262639009594,0.07083154181434803,3.498068374039708,0.024779917141602655
-0.04811156231253989,-0.8726646259971647,21.813133632643144,0.0970407241688467,11.034692062675104,0.055950869562329815,3.464422534587593,0.019620654335617944
-0.04275308010908995,-0.8726646259971647,21.62519812596005,0.07669638918008588,10.93961550612647,0.04421697962240215,3.4342807023421007,0.015484674966532441
-0.0379914052040221,-0.8726646259971647,21.459378890967308,0.06062476422611351,10.855685757696751,0.03495036419928082,3.407418247735407,0.012192936416828157
-0.03376006747802295,-0.8726646259971647,21.312918360690897,0.0479244586889564,10.781467928006123,0.02762438703511909,3.3836403092869807,0.009594376782472495
-0.03,-0.8726646259971647,21.183421998608484,0.03788468007225456,10.715763754861468,0.021829946664583474,3.362684468045727,0.007553271968793976
0.03,-0.8726646259971647,19.193870752877615,0.0381193194882741,9.704953513982646,0.021820338938458875,3.0450829997047335,0.007504379487108726
0.03376006747802295,-0.8726646259971647,19.07409515155131,0.04830748838487739,9.644009249413834,0.027645161111659145,3.025733859564518,0.009525948757595026
0.0379914052040221,-0.8726646259971647,18.939872829763996,0.06123296813507001,9.575851930986127,0.035014280355369104,3.0040380508051223,0.012091947976814024
0.04275308010908995,-0.8726646259971647,18.789590398788672,0.07763041042908897,9.499765376079873,0.044324244475077164,2.979864588879406,0.015329239757348312
0.04811156231253989,-0.8726646259971647,18.62157058187386,0.09841965253172816,9.414989187635362,0.056068332291027416,2.953144702957109,0.019379318212248822
0.0541416530048151,-0.8726646259971647,18.43413523700425,0.12474008709942797,9.320665971719654,0.07086777976793077,2.923753183485123,0.02441733779515171
0.06092752862714207,-0.8726646259971647,18.225639386527355,0.15799245865948447,9.215734526391548,0.0895254314906013,2.891230955375918,0.03071882012112669
0.06856391592404971,-0.8726646259971647,17.99437698518237,0.19991071674661542,9.098816005018472,0.11310612378899,2.8545653814565357,0.03876056485015201
0.07715741427178036,-0.8726646259971647,17.73825758849408,0.252709990524441,8.968275484565595,0.14301175573872785,2.812675167530145,0.049197245207015905
0.0868279837415025,-0.8726646259971647,17.454373747262824,0.3193398532745946,8.82272746281692,0.18095171637293037,2.7658951984967803,0.06247549992992224
0.09771061966979347,-0.8726646259971647,17.13912809846323,0.4037157653829697,8.661841167411898,0.22873741319356788,2.7162009615604426,0.07852256795725486
0.10995723711238882,-0.8726646259971647,16.78982888991151,0.5105396109783507,8.486047781775506,0.288261726073441,2.662749187326161,0.09810170117977665
0.12373879148704055,-0.8726646259971647,16.406717643220446,0.6446289517250251,8.293602098898829,0.36258379088289416,2.600198693250572,0.12419767806863236
0.13924766500838334,-0.8726646259971647,15.990663021636333,0.8114245915810495,8.079306027657218,0.45719654772492846,2.5317760864888537,0.1568704475400614
0.15670035222800524,-0.8726646259971647,15.536803848411314,1.0200843942533988,7.844287388022232,0.5761604471732771,2.462613294300254,0.19452011358883484
0.17634048216824733,-0.8726646259971647,15.042098809761374,1.281465129063299,7.599989506483983,0.7177766510352879,2.380914055773667,0.24535497580859844
0.19844221923690444,-0.8726646259971647,14.521026738574374,1.597988947265872,7.338271431372397,0.8912522712796505,2.301672567422651,0.301685136168705
0.22331409039755062,-0.8726646259971647,13.976548172117901,1.9776741965710234,7.054534766881658,1.1067582001604768,2.21028370697969,0.37589711312951435
0.2513032920204875,-0.8726646259971647,13.410651667797962,2.430072769450092,6.773813601723449,1.3504607034167628,2.125968783975706,0.4538539364328174
0.2828005365353655,-0.8726646259971647,12.850886585932873,2.9410200142474925,6.484454138188518,1.6363056304929795,2.0344351909531606,0.549698101304678
0.3182455065418344,-0.8726646259971647,12.324430204014748,3.4847452619379773,6.226482543525957,1.9235248002827743,1.9478441743720751,0.6520747205872829
0.35813299251433084,-0.8726646259971647,11.882268466304133,3.993113261165487,5.996635936827541,2.2074408200629256,1.8773118523172778,0.7446182496490632
0.40301979977966995,-0.8726646259971647,11.583980952980413,4.364818919578879,5.836984798734655,2.4213700161155183,1.8319799866331894,0.8087547303774434
0.4535325211846986,-0.8726646259971647,11.523476447344667,4.443182872210984,5.8143445327191925,2.452871735334301,1.8218591269727418,0.823594736809102
0.5103762839557767,-0.8726646259971647,11.82992241414402,4.056616625231646,5.979068909263444,2.230289732476881,1.8764092827692511,0.7458587473961537
0.5743445928509872,-0.8726646259971647,12.69253813624585,3.0978556426638537,6.40986127431814,1.7160936166320078,2.0222816684824307,0.5633566489856889
0.6463304070095649,-0.8726646259971647,14.293488774097584,1.750336468483118,7.228537158876924,0.9710899414601636,2.271364657611704,0.32516280978497464
0.7273386051246984,-0.8726646259971647,16.893830877422122,0.4772295599418532,8.548462114532354,0.26623335235022544,2.6911920666933598,0.08737834797010673
0.8185000129460304,-0.8726646259971647,20.721164103809954,0.011433619197105026,10.482098651490716,0.006626427588865712,3.306459748982751,0.003254345863910342
0.9210871889273549,-0.8726646259971647,26.095946850952533,1.0733559690663028,13.21532557509985,0.633151250358109,4.158984783480849,0.22730803165658234
1.0365321883776653,-0.8726646259971647,33.35592181295098,4.185037852841773,16.85680380558622,2.512479032996445,5.310902648307987,0.9173702878414451
1.166446554092426,-0.8726646259971647,42.82958101966919,9.453701888162492,21.665665187299307,5.93369700645324,6.818988229927383,2.2147321930245862
1.3126438125222553,-0.8726646259971647,55.0653745938152,16.615407202175504,27.86494868733014,10.993478158809237,8.766532542225246,4.256038060334173
1.4771647895120215,-0.8726646259971647,70.69161242236365,24.95358665056755,35.76748009366048,17.602953256908464,11.243063285655225,7.154496820936424
1.6623060990028473,-0.8726646259971647,90.58713911198056,33.486668404414246,45.80263224443818,25.44308292444922,14.408256676765673,11.063841836502498
1.8706522023821734,-0.8726646259971647,115.75257317496956,41.223881454464056,58.52745542280466,33.88270863396231,18.398343789153447,16.04278876294613
2.1051114860111477,-0.8726646259971647,147.49118168499834,47.62181722789134,74.5935146930429,41.98088481036119,23.432452279682096,22.141690581408888
2.368956860549917,-0.8726646259971647,187.74323046002547,52.658144839146864,94.94354969702144,48.885262148384314,29.82840777254118,29.34628300012626
2.6658714488230206,-0.8726646259971647,238.67156429741945,56.51592030862997,120.63275481459942,54.18619886734281,37.89731002334373,37.34479014485726
3.0,-0.8726646259971647,302.94847816840047,59.44708944125886,153.15858403631856,58.0620198341245,48.08530730154313,45.55824951583928
-3.0,-0.8227980759401838,263.9208045620332,57.84836884379471,133.58532654420634,55.99511182483832,41.91318055746714,40.835892574980846
-2.6658714488230206,-0.8227980759401838,217.55361386972567,55.147735042576315,109.93304105633334,52.31422478564431,34.61207989359962,34.24423507658949
-2.368956860549917,-0.8227980759401838,180.2413105241296,51.89492506081219,91.33668141468023,47.87941996202051,28.662079723621424,28.085853959544792
-2.1051114860111477,-0.8227980759401838,150.9570214566579,48.163059285365975,76.38226333682725,42.72175993726938,24.00229656933929,22.811052076960355
-1.8706522023821734,-0.8227980759401838,127.09595444623461,43.85401887104161,64.33531099020387,37.12679442970275,20.242183760877,18.31079771876663
-1.6623060990028473,-0.8227980759401838,108.26912332325017,39.225651203577286,54.78331031877273,31.589727466975255,17.215987252037472,14.573602079807134
-1.4771647895120215,-0.8227980759401838,92.95839138855162,34.34913923560943,47.02031394780323,26.32869191163049,14.783272637198063,11.53268151880368
-1.3126438125222553,-0.8227980759401838,80.74794940070996,29.564855947677923,40.79365237212127,21.641263124464107,12.824981837940909,9.093207527546944
-1.166446554092426,-0.8227980759401838,70.68881047183893,24.952215328561643,35.82168391909119,17.64747832768716,11.27368736066583,7.19157497870756
-1.0365321883776653,-0.8227980759401838,62.6781415195229,20.841185477182346,31.699012361594264,14.218530805616155,9.982167165436886,5.6502119474772865
-0.9210871889273549,-0.8227980759401838,56.08056042568488,17.194132198838886,28.373650136705002,11.420754267266723,8.935879312968028,4.445999120202798
-0.8185000129460304,-0.8227980759401838,50.62519033977682,14.042662877846404,25.643027649030515,9.13960709427306,8.063467936421281,3.485663657953804
-0.7273386051246984,-0.8227980759401838,46.2519018664115,11.467836613338466,23.414361387058694,7.31780070762646,7.350342516945359,2.740405659313231
-0.6463304070095649,-0.8227980759401838,42.49976227819166,9.260791612270568,21.52038698179863,5.8211136671555295,6.765401992518912,2.163352046834989
-0.5743445928509872,-0.8227980759401838,39.41939730198509,7.4797353582923165,19.960674383354654,4.641676857478623,6.281216259808468,1.7145578621682842
-0.5103762839557767,-0.8227980759401838,36.82923584862469,6.026745946846075,18.647902155820518,3.6993546496695364,5.85547041625177,1.345937780114909
-0.4535325211846986,-0.8227980759401838,34.63343027076154,4.844677784252722,17.537528468884346,2.9481024627940937,5.513537176135287,1.070608808796883
-0.40301979977966995,-0.8227980759401838,32.765618676699184,3.8885906810256348,16.589659245498897,2.3473666381543405,5.218492048166417,0.8501652201369734
-0.35813299251433084,-0.8227980759401838,31.18146904844329,3.1233281001439623,15.784021398664736,1.871573819980552,4.964703315906692,0.6749421190618801
-0.3182455065418344,-0.8227980759401838,29.81646770107917,2.504985055593601,15.090579483863372,1.4916548546681239,4.743579673865706,0.5344228436856062
-0.2828005365353655,-0.8227980759401838,28.61334225504497,1.9972372404450414,14.486525421781804,1.1860372712021945,4.549619973267117,0.42147944450745284
-0.2513032920204875,-0.8227980759401838,27.60367218653388,1.6021854064757832,13.970791417066815,0.9459391961729589,4.384802281423118,0.33380530307111933
-0.22331409039755062,-0.8227980759401838,26.699497335735618,1.2755923516891412,13.513866411788683,0.7508871594854637,4.248467640989076,0.26752813638164713
-0.19844221923690444,-0.8227980759401838,25.924850171238898,1.0184768442649306,13.123541175048127,0.5985800878636663,4.1181663044092325,0.20986484134405012
-0.17634048216824733,-0.8227980759401838,25.24677158114031,0.8122578660011252,12.775967423217667,0.4749299967289224,4.013976456302966,0.16801456763497205
-0.15670035222800524,-0.8227980759401838,24.648552979955475,0.6461515700145414,12.474070421781583,0.37731731844672267,3.9148159675992367,0.13191102805903235
-0.13924766500838334,-0.8227980759401838,24.127304764169526,0.5143958245240209,12.209711243384149,0.2997728779015417,3.83427880645047,0.10540291272024475
-0.12373879148704055,-0.8227980759401838,23.667170320387775,0.4087757915733624,11.974663279401684,0.23738329549391599,3.7596991333985548,0.08321316667951428
-0.10995723711238882,-0.8227980759401838,23.26059724774927,0.324261326120992,11.768753003650048,0.18804436864059643,3.693890969541109,0.0655952925187507
-0.09771061966979347,-0.8227980759401838,22.90402234197875,0.257283032610977,11.589282567247908,0.14926389138983878,3.6385537299825836,0.05225829269668768
-0.0868279837415025,-0.8227980759401838,22.59117853127367,0.2042576641773976,11.431106156425999,0.11846889049446732,3.588582048574553,0.041413277611011885
-0.07715741427178036,-0.8227980759401838,22.315120209784105,0.1620941366698037,11.290529620411522,0.09385065164092891,3.543238718656358,0.032586661533756014
-0.06856391592404971,-0.8227980759401838,22.070584670684706,0.12849207431743667,11.165689416415384,0.07422286078047168,3.50374337490491,0.025705737876044625
-0.06092752862714207,-0.8227980759401838,21.853909073644374,0.10174861675268822,11.055300771710623,0.0586650750362958,3.469705957556712,0.020393211440664662
-0.0541416530048151,-0.8227980759401838,21.66216569772,0.08052094017361267,10.957958917592784,0.04637931166163691,3.439803027175021,0.016207660206509218
-0.04811156231253989,-0.8227980759401838,21.492659819313126,0.0637073135259664,10.872127654678877,0.03668414070511665,3.4130488208635987,0.01285180519340006
-0.04275308010908995,-0.8227980759401838,21.342836714405774,0.0504035257100858,10.796328563744481,0.02902533654626536,3.389018705046495,0.010156005030927222
-0.0379914052040221,-0.8227980759401838,21.21034164452324,0.03987888685811474,10.729263118561963,0.02296698814292122,3.3675537029339275,0.008006554917174304
-0.03376006747802295,-0.8227980759401838,21.093074300014283,0.0315512501413342,10.669836616753303,0.018170273815226345,3.348514464328377,0.0063069664752491246
-0.03,-0.8227980759401838,20.98919909630167,0.02496043536691648,10.617130671502993,0.014371265318127704,3.3317040294233013,0.004970009916954968
0.03,-0.8227980759401838,19.369218414304356,0.025451718807421597,9.794098734852598,0.014578247777952292,3.0730883378537777,0.005017109291864354
0.03376006747802295,-0.8227980759401838,19.270154415573888,0.03228294055837844,9.743698803500484,0.018487605834503977,3.0570901896515337,0.006374881786604227
0.0379914052040221,-0.8227980759401838,19.158924722599142,0.04096192078705652,9.687221231649021,0.023441321618986172,3.03911759083541,0.008101021626306734
0.04275308010908995,-0.8227980759401838,19.03411070686425,0.051990070162317104,9.624029188249288,0.029711278546079037,3.0190462787870946,0.010282969353779012
0.04811156231253989,-0.8227980759401838,18.894214475451975,0.06599798435872296,9.55343621144532,0.037637450466313956,2.996797827092458,0.013019450119026011
0.0541416530048151,-0.8227980759401838,18.737703498038602,0.08377119680171878,9.474660273131732,0.04765027560302349,2.9722427979614374,0.01643364282585433
0.06092752862714207,-0.8227980759401838,18.563030623378815,0.1062821723327692,9.386733383284442,0.06030850272816483,2.9449752794296753,0.020717855296460218
0.06856391592404971,-0.8227980759401838,18.3685488696591,0.134743914488478,9.288404690260565,0.07635560971349971,2.914133832878426,0.026200915573716742
0.07715741427178036,-0.8227980759401838,18.15223873644305,0.17071606517506582,9.178185020360113,0.09677414395966759,2.8787924938477993,0.0333343473100771
0.0868279837415025,-0.8227980759401838,17.9113444604913,0.21628353575562398,9.054750989910609,0.1227734402606532,2.8391609117465357,0.042441669951085705
0.09771061966979347,-0.8227980759401838,17.64246241706489,0.27422580541582076,8.917591695942892,0.15566528773923663,2.7967610644422987,0.05351941047179559
0.10995723711238882,-0.8227980759401838,17.342823548811303,0.34792432194772843,8.766761394724806,0.19686625730546575,2.750807780353232,0.06713273870672022
0.12373879148704055,-0.8227980759401838,17.011933637095797,0.4409586603848364,8.60048277395448,0.24862983887662374,2.696861198334131,0.08532429864208609
0.13924766500838334,-0.8227980759401838,16.64969158961684,0.5574865576628696,8.41412140474874,0.3148950779655935,2.63743672573959,0.10823992962979667
0.15670035222800524,-0.8227980759401838,16.25120860145078,0.7043251519611302,8.20817273558032,0.3987675078263285,2.576522184438553,0.13500447191662962
0.17634048216824733,-0.8227980759401838,15.813005100835579,0.889686328272292,7.991441645165673,0.49976030861617793,2.504381723667312,0.17121243891557536
0.19844221923690444,-0.8227980759401838,15.345907810242684,1.1166156560855205,7.7566652740924225,0.6247857810812196,2.433082804064854,0.21207749058576364
0.22331409039755062,-0.8227980759401838,14.85130826013336,1.3922819728490652,7.499792716465,0.7814438074734656,2.3505362247007673,0.2661054155124232
0.2513032920204875,-0.8227980759401838,14.330079042882986,1.7252362924897078,7.240794950460334,0.9619562000891743,2.272315339623813,0.3244096008690006
0.2828005365353655,-0.8227980759401838,13.804682214230215,2.1086024221701845,6.970153029041643,1.1767057290089906,2.1868416268101845,0.39662481851337134
0.3182455065418344,-0.8227980759401838,13.297655393579237,2.527939076595748,6.720565407853211,1.4003292197782495,2.103943550604445,0.47581333122062375
0.35813299251433084,-0.8227980759401838,12.851774201005512,2.940156651793629,6.4905227249982715,1.6299277678375008,2.032950147362676,0.5513549554267568
0.40301979977966995,-0.8227980759401838,12.51738406477727,3.2779820298652522,6.314629228051841,1.821777118632635,1.9815889633932138,0.6107581053420499
0.4535325211846986,-0.8227980759401838,12.371544761366282,3.4334375564663637,6.247243814039595,1.8992139950945588,1.9580923537932247,0.6393301911520177
0.5103762839557767,-0.8227980759401838,12.514369956875155,3.281143997988572,6.327534090589071,1.8072007567350745,1.9856349004233058,0.6059281113141929
0.5743445928509872,-0.8227980759401838,13.085555280832216,2.718749697305592,6.612063252253593,1.5057078445330796,2.0831341910014634,0.49719253282569253
0.6463304070095649,-0.8227980759401838,14.20530003918463,1.8117948794798098,7.185260501216215,1.0037770905148342,2.2567245605182484,0.3369009462043213
0.7273386051246984,-0.8227980759401838,16.03936962457342,0.7907172415452207,8.115984991474578,0.44008749943299186,2.5527328233872955,0.14639171888904048
0.8185000129460304,-0.8227980759401838,18.715622428167446,0.08645985160406257,9.466626452362341,0.04874149658922929,2.9828447555443733,0.014908377695508474
0.9210871889273549,-0.8227980759401838,22.428099343437825,0.17881543139945247,11.354644509142545,0.10475238934700448,3.5708674066592923,0.03784855567893248
1.0365321883776653,-0.8227980759401838,27.38094870110325,1.5192362867525997,13.836911571135767,0.886999309676767,4.3570497841327045,0.31984073128940776
1.166446554092426,-0.8227980759401838,33.77737431337425,4.40004083548219,17.083552549664496,2.6552783315837116,5.374175275506782,0.9643717881887621
1.3126438125222553,-0.8227980759401838,41.97362682269222,8.953757614292211,21.23687593375863,5.6026348074703005,6.678709101452324,2.080914879708208
1.4771647895120215,-0.8227980759401838,52.392603067282124,15.073836201077203,26.506963348850444,9.857336174699412,8.330836316368863,3.774915977978847
1.6623060990028473,-0.8227980759401838,65.61799284626855,22.393225376341473,33.178210326086564,15.457239371100417,10.43376900045732,6.183441131387138
1.8706522023821734,-0.8227980759401838,82.31448369017326,30.2274994555893,41.622215347413366,22.28688008617368,13.081031729395809,9.410472861927817
2.1051114860111477,-0.8227980759401838,103.34750333320653,37.78114541587662,52.265668024898844,29.95791416556491,16.416464587456293,13.575700578640198
2.368956860549917,-0.8227980759401838,130.01046611232664,44.46159889627517,65.7449497038394,37.85825942292907,20.652486123245684,18.81071296864666
2.6658714488230206,-0.8227980759401838,163.73593496498918,49.959509178621836,82.7498930445627,45.131244264580765,25.988919968583026,25.10475599435359
3.0,-0.8227980759401838,206.2704113887434,54.29459174246773,104.27128511255209,51.14596881165108,32.73353956025364,32.374018744379846
-3.0,-0.772931525883203,170.6397920562067,50.8160719432296,86.37036399109954,46.35494490187403,27.096142505724668,26.35472109067123
-2.6658714488230206,-0.772931525883203,142.62353633834266,46.817609376650374,72.07450929705529,40.88661768492453,22.68863897781002,21.260763698714946
-2.368956860549917,-0.772931525883203,120.0188590681782,42.26564589347968,60.811414095679844,35.20331483998259,19.084459948334384,16.890504581082425
-2.1051114860111477,-0.772931525883203,102.24868165108954,37.44345672055289,51.73377989255855,29.603940612838166,16.255819097398174,13.37490403958926
-1.8706522023821734,-0.772931525883203,87.71379543789217,32.39953789631794,44.39819052937838,24.402307790748036,13.966161357979866,10.51184192496741
-1.6623060990028473,-0.772931525883203,76.21457183110797,27.56304923910029,38.56614672382238,19.875789237727016,12.117380510912708,8.220777043673639
-1.4771647895120215,-0.772931525883203,66.82800439533973,23.017705491961106,33.80164938322768,15.976904304226036,10.625429666265749,6.411752273177018
-1.3126438125222553,-0.772931525883203,59.31561550156385,19.008836363161752,29.96866556353936,12.7631099369308,9.420068919926198,4.997207555483015
-1.166446554092426,-0.772931525883203,53.088514735860365,15.477491196353448,26.898898928406997,10.184403213461175,8.463081848187183,3.919727857001298
-1.0365321883776653,-0.772931525883203,48.1145267869187,12.56686793904862,24.33503386027455,8.064117472046615,7.6604198910611405,3.059395446728936
-0.9210871889273549,-0.772931525883203,43.993132487507545,10.136460403097786,22.25765830024701,6.396581419375342,7.006544900038052,2.3970212776898085
-0.8185000129460304,-0.772931525883203,40.56184750005461,8.135119717430795,20.541873613636863,5.074451481709967,6.457791034718064,1.874854329398052
-0.7273386051246984,-0.772931525883203,37.79907846546447,6.564543906653672,19.132911953795702,4.041312255897743,6.006024275312329,1.473230490663677
-0.6463304070095649,-0.772931525883203,35.403234427576535,5.252787816103634,17.923870706723257,3.204129952974836,5.633233161622944,1.1647024036776685
-0.5743445928509872,-0.772931525883203,33.42229871009851,4.2187198664741885,16.92091130401159,2.5526096791672264,5.3222170661486,0.9257170762963742
-0.5103762839557767,-0.772931525883203,31.742028783903525,3.388725183631462,16.06918507001133,2.036001955409467,5.045261753472805,0.7290195400446042
-0.4535325211846986,-0.772931525883203,30.303723644613964,2.720897938076222,15.341923430369372,1.6259524833219563,4.8215817264932,0.5826210565241257
-0.40301979977966995,-0.772931525883203,29.067947826636377,2.1846327293651258,14.714687190280769,1.298519878338828,4.626573540718015,0.4650744925491401
-0.35813299251433084,-0.772931525883203,28.010017312671767,1.7575202673160004,14.176457676533223,1.039254611666403,4.456972502183867,0.37121357191849363
-0.3182455065418344,-0.772931525883203,27.08840986110425,1.4127307952193833,13.708157257402128,0.8316978390534377,4.307541445894864,0.29552354419726146
-0.2828005365353655,-0.772931525883203,26.266910327324307,1.1292923554482925,13.29585375218401,0.6641211801662523,4.174987910986289,0.23430318359594296
-0.2513032920204875,-0.772931525883203,25.57171987514014,0.9087888368224459,12.940633303755748,0.5320518089449944,4.0613836694804695,0.18657217884208047
-0.22331409039755062,-0.772931525883203,24.9422958371898,0.7257886660443127,12.622521382499501,0.4241417007388838,3.9666974449601824,0.15033497668971582
-0.19844221923690444,-0.772931525883203,24.398383004936665,0.581357082777134,12.348541453677024,0.3395464624339807,3.875000188107057,0.1184826099381209
-0.17634048216824733,-0.772931525883203,23.91818932963479,0.4651165893389839,12.10227823266508,0.270471667016709,3.8013077775546154,0.09530752087205012
-0.15670035222800524,-0.772931525883203,23.490991464543036,0.3711127114939294,11.886685941601387,0.21568192164098648,3.730398307950555,0.07513721873195725
-0.13924766500838334,-0.772931525883203,23.116038687949548,0.29628545381490257,11.696513135118987,0.17195260611320887,3.6724970780752226,0.06027633467320063
-0.12373879148704055,-0.772931525883203,22.7827422765735,0.23607784397196066,11.526215883169568,0.13659914871708767,3.6184589898445023,0.047758488189638446
-0.10995723711238882,-0.772931525883203,22.48636723991502,0.18772995546846175,11.37609884026834,0.10852301590984584,3.5704620227320523,0.0377687171035696
-0.09771061966979347,-0.772931525883203,22.224970250043494,0.1492907530238041,11.244533733494768,0.08637125440343267,3.52990199041172,0.030178082526527386
-0.0868279837415025,-0.772931525883203,21.99446149840666,0.11876780451958757,11.127985410804966,0.06871707012501971,3.49308101451456,0.023979455108017637
-0.07715741427178036,-0.772931525883203,21.79011227304969,0.09442867212074478,11.023919680428056,0.054556196923869545,3.45950691707604,0.018914558370753655
-0.06856391592404971,-0.772931525883203,21.608338619184526,0.0749812206458854,10.9311144436543,0.04323145103549804,3.4301407668387567,0.014952975382182543
-0.06092752862714207,-0.772931525883203,21.446669527568403,0.059466700925528,10.848744085576095,0.03423038260691043,3.40473883564426,0.011885230036690156
-0.0541416530048151,-0.772931525883203,21.30312252065974,0.04712571209298743,10.775864760836418,0.027104781962364183,3.38234803029537,0.00946172260702007
-0.04811156231253989,-0.772931525883203,21.17584170288564,0.03733197607005934,10.711409785614274,0.021469142188736606,3.362256018376448,0.007513997783313464
-0.04275308010908995,-0.772931525883203,21.063037694158368,0.02956911694612995,10.654335325564798,0.017008285744618906,3.3441629749045405,0.0059460904464015965
-0.0379914052040221,-0.772931525883203,20.963040321157255,0.02341823047673377,10.603716108906204,0.01347330026044205,3.3279636881561236,0.004693585278222284
-0.03376006747802295,-0.772931525883203,20.874346002645918,0.018544454080120863,10.5587671578945,0.010670013870293461,3.3135646329695234,0.003701496770973956
-0.03,-0.772931525883203,20.795630932429567,0.014682290626649233,10.51882620913092,0.008446666829591923,3.3008265819488445,0.002919833354727061
0.03,-0.772931525883203,19.54920884893818,0.015170178992731362,9.885599022152505,0.008694554969798967,3.101833882279061,0.0029944936431636165
0.03376006747802295,-0.772931525883203,19.471806345986362,0.01925776485835922,9.846224985882246,0.011036059293080248,3.089338827253055,0.003808320291866014
0.0379914052040221,-0.772931525883203,19.38473544410948,0.024457639266960256,9.802017664343765,0.01400744955302044,3.0752760827847356,0.0048444118470732985
0.04275308010908995,-0.772931525883203,19.28682453980757,0.031074495363649375,9.752445515851784,0.017774745356449528,3.059535882432557,0.006156464166883992
0.04811156231253989,-0.772931525883203,19.176819935244552,0.03949296395267043,9.696928313941834,0.02254648399754568,3.0420395813732526,0.0078058195393834046
0.0541416530048151,-0.772931525883203,19.05341482903643,0.0501944545874478,9.634799910368457,0.02858783596734411,3.0226656511215757,0.009869525644596262
0.06092752862714207,-0.772931525883203,18.915258884297714,0.06377835867217313,9.565236809617138,0.03624410986182143,3.001078162047172,0.012466792250842825
0.06856391592404971,-0.772931525883203,18.760887157212476,0.08099677564571456,9.487181293901296,0.04597556282727295,2.9765902499070496,0.015798745947970743
0.07715741427178036,-0.772931525883203,18.58850571073353,0.10282092358926648,9.399371480214986,0.05839168307145809,2.9484594077028903,0.02014120658257638
0.0868279837415025,-0.772931525883203,18.395706765786038,0.13055111657223809,9.300644260111515,0.07424779164652483,2.9167957033749814,0.02570065726678178
0.09771061966979347,-0.772931525883203,18.179526599938384,0.16592330090291335,9.190422264875789,0.09437834344938628,2.882691999072055,0.03250201591475458
0.10995723711238882,-0.772931525883203,17.937413442801454,0.21106687839731197,9.068519955529794,0.11970627684802967,2.8454744524317275,0.04091107928285243
0.12373879148704055,-0.772931525883203,17.668474141254933,0.26828693096892003,8.933316304389871,0.15167630230481965,2.801691984807895,0.05215889825265713
0.13924766500838334,-0.772931525883203,17.372044285061616,0.3403033346253735,8.780988540908966,0.19274971036752342,2.7531811342014385,0.06638782838092515
0.15670035222800524,-0.772931525883203,17.0437486961698,0.4314673260865075,8.61162314940893,0.24494846138697252,2.702844184377356,0.08318625190305412
0.17634048216824733,-0.772931525883203,16.68027933453824,0.5470353317348382,8.431590243668111,0.3083025126434181,2.643182249383687,0.10588893389738027
0.19844221923690444,-0.772931525883203,16.289325692083725,0.6894047461837388,8.234962815489977,0.3872046805287743,2.583306102660385,0.13185480744566494
0.22331409039755062,-0.772931525883203,15.871437064745482,0.8634688790739394,8.018562912037552,0.48638225667505025,2.513905048145661,0.16614294951096029
0.2513032920204875,-0.772931525883203,15.427094014118726,1.0749095978104835,7.797467667358518,0.6018465691696337,2.4468325692508475,0.2037896014040953
0.2828005365353655,-0.772931525883203,14.973888179036932,1.3204255594082868,7.56465614035173,0.73984761131161,2.3733996126327046,0.25039224646442676
0.3182455065418344,-0.772931525883203,14.529742668816278,1.5923285790760757,7.345302364903138,0.8862834656097479,2.3011038521047475,0.3021156067603782
0.35813299251433084,-0.772931525883203,14.128313426116941,1.8665710200054764,7.139218842121095,1.0393133025806736,2.237270121753822,0.3529074745098677
0.40301979977966995,-0.772931525883203,13.808654042702877,2.105514346420274,6.972667463139105,1.1745811547861988,2.1878783424131982,0.3956930331608795
0.4535325211846986,-0.772931525883203,13.627665112254425,2.249283346559875,6.885799701773817,1.2494379459504439,2.158912094307146,0.4222623106821044
0.5103762839557767,-0.772931525883203,13.653570866433537,2.2283192995690695,6.904941632308706,1.2326830847124635,2.1667015786950303,0.4150076717256523
0.5743445928509872,-0.772931525883203,13.976238261828696,1.9779053634196686,7.064752724070407,1.0984753868529058,2.22271880039729,0.3651890300779685
0.6463304070095649,-0.772931525883203,14.661350468607202,1.5084017022550145,7.415998128746489,0.837285666834337,2.3282794824250064,0.2819695397426102
0.7273386051246984,-0.772931525883203,15.79907043132722,0.8960082805259832,7.993212735453306,0.4988800999577651,2.51201382396563,0.16714255854839635
0.8185000129460304,-0.772931525883203,17.448311346507953,0.3208580323010994,8.82448045940083,0.18046527140354274,2.7772408943441254,0.059094734568433574
0.9210871889273549,-0.772931525883203,19.714952979771542,0.008086793661536387,9.977837849181848,0.004319409925686542,3.135737327039092,0.0012855925718417381
1.0365321883776653,-0.772931525883203,22.7108793397589,0.2238987610059467,11.477349351901973,0.1271372744484085,3.61166740055696,0.046279670105422256
1.166446554092426,-0.772931525883203,26.548473351484848,1.2237539956813477,13.425610898417103,0.7152554824175132,4.221335494217574,0.255050643773363
1.3126438125222553,-0.772931525883203,31.435944431010114,3.2430360825663476,15.9031704825374,1.9397234575016444,4.999385580577491,0.698042079825059
1.4771647895120215,-0.772931525883203,37.62815054126388,6.469163495761309,19.036003256501438,3.972373953241963,5.981959292635358,1.4526499511706494
1.6623060990028473,-0.772931525883203,45.47176618929444,11.007493634377472,22.992065996354945,6.979139004985182,7.228425797561363,2.6173328623030776
1.8706522023821734,-0.772931525883203,55.35588560074063,16.781433080828347,27.991725031627094,11.099897997861667,8.795602322278635,4.2885348440645465
2.1051114860111477,-0.772931525883203,67.79246559211582,23.50931059300691,34.28315617466268,16.37706233128098,10.766928728016005,6.581008360274887
2.368956860549917,-0.772931525883203,83.5519680696263,30.74052780263283,42.24906564674797,22.771095376297477,13.27029919087927,9.645428623715583
2.6658714488230206,-0.772931525883203,103.47710057373459,37.82059856329507,52.290119530492476,29.974109570953434,16.41782578633495,13.577401653936867
3.0,-0.772931525883203,128.58293155660544,44.1672252593066,64.9902878759653,37.469324346558714,20.399415069355864,18.502595561771365
-3.0,-0.7230649758262222,99.31384731629194,36.5130820364122,50.268054359664355,28.611951049790772,15.768143666438059,12.764960530852568
-2.6658714488230206,-0.7230649758262222,85.12119163727624,31.377985734624847,43.02056726912415,23.36190330477604,13.539019779200368,9.979576844523834
-2.368956860549917,-0.7230649758262222,73.61324395976003,26.357352188227384,37.290989492114086,18.8471246300516,11.704507710382083,7.715378582030435
-2.1051114860111477,-0.7230649758262222,64.54209359492538,21.830865328919764,32.65356919121106,15.018721393207393,10.259502097091396,5.97685415576919
-1.8706522023821734,-0.7230649758262222,57.06940167740527,17.753776334792953,28.8846208998295,11.850496003947217,9.083117008618917,4.612395063148706
-1.6623060990028473,-0.7230649758262222,51.13014219211885,14.338066043674171,25.8738973305701,9.330919130872381,8.127601850677554,3.5546005970666217
-1.4771647895120215,-0.7230649758262222,46.24836855278029,11.465751170295228,23.391863422833026,7.299696053820414,7.351304875571894,2.7413826082970054
-1.3126438125222553,-0.7230649758262222,42.317386716033496,9.154261236933523,21.38418465889585,5.715947174107962,6.719994868208907,2.120066803028892
-1.166446554092426,-0.7230649758262222,39.024300000720714,7.254878973055257,19.76754326738607,4.499838459446427,6.216658294555957,1.6569863388589852
-1.0365321883776653,-0.7230649758262222,36.37949791421655,5.7803386589580725,18.400900111710992,3.5282653407756355,5.7891598514943885,1.29100513618016
-0.9210871889273549,-0.7230649758262222,34.16567056127699,4.600453798439253,17.28497641425222,2.784090017656977,5.437684097815829,1.0123305986820077
-0.8185000129460304,-0.7230649758262222,32.30179233655174,3.6597546849757516,16.354291900144105,2.204821755475914,5.139525594985089,0.7941396508757235
-0.7273386051246984,-0.7230649758262222,30.789723452133313,2.941660819269129,15.582357307054503,1.7580898890174321,4.891270094455469,0.6269596773497701
-0.6463304070095649,-0.7230649758262222,29.457083198547384,2.3494036473898685,14.910067011142507,1.3977229669081148,4.6844167786774165,0.49890548631258885
-0.5743445928509872,-0.7230649758262222,28.343055672496394,1.888541899860145,14.346052924812982,1.1186515794625755,4.509744825235837,0.3995422707938436
-0.5103762839557767,-0.7230649758262222,27.385859928792204,1.521048230217259,13.8607482905438,0.8973871211241637,4.35140795262349,0.3170309306241652
-0.4535325211846986,-0.7230649758262222,26.555119881610423,1.2260183788816237,13.440717112945407,0.7213058673340261,4.222391880291798,0.2555319057096357
-0.40301979977966995,-0.7230649758262222,25.831385833952655,0.9889713268532887,13.073289034921087,0.5799854394719399,4.10830263591208,0.20573675453598844
-0.35813299251433084,-0.7230649758262222,25.203833409929388,0.799827100752115,12.7538727199238,0.4674700729839668,4.007606263130511,0.16558383409896485
-0.3182455065418344,-0.7230649758262222,24.649290865419154,0.6463468532738967,12.472014844040487,0.37668521836892593,3.91760189312396,0.13287393294235147
-0.2828005365353655,-0.7230649758262222,24.148027414488983,0.5193930496719188,12.220499283396187,0.3027870249204563,3.8366403218205676,0.10614310054617589
-0.2513032920204875,-0.7230649758262222,23.719116688923123,0.42017909740407494,12.00127418635583,0.24412701302544546,3.766481249987278,0.0851347379053765
-0.22331409039755062,-0.7230649758262222,23.3257651497142,0.3372335819317555,11.802436467786478,0.195766297060366,3.7074004984281137,0.0690583227041118
-0.19844221923690444,-0.7230649758262222,22.982215919870086,0.27138360360493485,11.629419649575302,0.15758726966465494,3.6493839005548763,0.05475999336872016
-0.17634048216824733,-0.7230649758262222,22.675848462124918,0.21806688268313376,11.472244042232475,0.12616658741823067,3.6023933308457194,0.04429483865702191
-0.15670035222800524,-0.7230649758262222,22.40068053024975,0.17468877688218137,11.333360122957883,0.10107222451569257,3.5566795867603407,0.03510085742697297
-0.13924766500838334,-0.7230649758262222,22.157113093852598,0.13997259764182945,11.209816523629845,0.08091673979098168,3.5190621047955983,0.0282841125943792
-0.12373879148704055,-0.7230649758262222,21.93892638036973,0.11189736281542795,11.09832023698381,0.06452469748748975,3.4836832488987626,0.022504764893112896
-0.10995723711238882,-0.7230649758262222,21.74355140222023,0.08924764430866185,10.99934543662475,0.05143672690446968,3.4520319560218407,0.017864338218295438
-0.09771061966979347,-0.7230649758262222,21.570146740166823,0.07116343569306027,10.912054226006822,0.041060094489550815,3.425112209808636,0.014319058772575558
-0.0868279837415025,-0.7230649758262222,21.416365810066328,0.05674819615792533,10.83429383439745,0.03275455144620646,3.4005454464617384,0.011411220680649993
-0.07715741427178036,-0.7230649758262222,21.279352369736326,0.045214131959244244,10.76452042873851,0.026067260602724764,3.3780399127364564,0.009025911065415223
-0.06856391592404971,-0.7230649758262222,21.156935735016766,0.035970452261104686,10.702023762867586,0.020701194694474626,3.358261536069757,0.007152603121460102
-0.06092752862714207,-0.7230649758262222,21.047629776848726,0.02857637951933968,10.64633327053019,0.01642298096712402,3.341076479867966,0.005696375579946475
-0.0541416530048151,-0.7230649758262222,20.95023341795645,0.02268054048910178,10.596881798487086,0.013026628854668444,3.325872996264863,0.004542429981113276
-0.04811156231253989,-0.7230649758262222,20.863599483425276,0.01799139136395866,10.55300518889852,0.010333667538067552,3.3121915123382077,0.0036128884235648623
-0.04275308010908995,-0.7230649758262222,20.786601132364048,0.014267300500131586,10.514041720050367,0.008197334635181788,3.299841652733694,0.0028631690838900603
-0.0379914052040221,-0.7230649758262222,20.71817199290266,0.011311369485047327,10.479398510731551,0.006501134071965989,3.2887597136913027,0.002263159538600327
-0.03376006747802295,-0.7230649758262222,20.65734198985792,0.008965572574530529,10.448568461689023,0.005153766030421475,3.2788880008215404,0.0017870284335594932
-0.03,-0.7230649758262222,20.603249676460994,0.007104162840608826,10.42112054946646,0.004083570590742546,3.2701369916899115,0.0014112166130088026
0.03,-0.7230649758262222,19.733437732890224,0.0074363161189211265,9.979248683542373,0.004264450184111853,3.131255025439759,0.001470055965516404
0.03376006747802295,-0.7230649758262222,19.67860322238001,0.00944714096277627,9.951359956574645,0.005417378600389568,3.1224081134328707,0.0018710489724867714
0.0379914052040221,-0.7230649758262222,19.61680992389214,0.012007979616696229,9.919989274957794,0.006882428850603836,3.112434156582537,0.0023821876805782075
0.04275308010908995,-0.7230649758262222,19.54718522804956,0.01527068086291883,9.88473621922166,0.008742804160336726,3.1012456694322967,0.0030305648726845135
0.04811156231253989,-0.7230649758262222,19.46878408458722,0.019427544675707682,9.84515895767097,0.011103436507277586,3.088773265557402,0.003847525666141123
0.0541416530048151,-0.7230649758262222,19.380605051426752,0.02472024860797686,9.800747487908103,0.014098213152599353,3.0749154652116073,0.004872664422686668
0.06092752862714207,-0.7230649758262222,19.281592826907882,0.031451174531888296,9.750873598835057,0.0179017885571464,3.059422941309589,0.006166464092567379
0.06856391592404971,-0.7230649758262222,19.17058609673849,0.04000150336958689,9.694736892544729,0.022746916918465827,3.041806195893873,0.007829189394567256
0.07715741427178036,-0.7230649758262222,19.04616845243504,0.05086461390488207,9.631382643609598,0.02894182678742137,3.021533436577778,0.009997910572509943
0.0868279837415025,-0.7230649758262222,18.90647139959729,0.06470033602651518,9.559903544692288,0.03687041212996904,2.998640273078207,0.012780024790773368
0.09771061966979347,-0.7230649758262222,18.749208528845518,0.08238817438964423,9.479765554955026,0.04696361314195464,2.9738148261588493,0.016202546960667745
0.10995723711238882,-0.7230649758262222,18.5723258307819,0.10501215079311256,9.3906743046334,0.05970725139349589,2.946545715128919,0.020456870181048626
0.12373879148704055,-0.7230649758262222,18.374845935526462,0.13376537170799246,9.291341688455814,0.07584693638041831,2.914451269507017,0.026140988090567387
0.13924766500838334,-0.7230649758262222,18.155910848887963,0.17006678067469477,9.178982296494011,0.09661706517546206,2.878716581358295,0.03335066278042031
0.15670035222800524,-0.7230649758262222,17.91213621653264,0.21612406649700858,9.053464282642794,0.12306223001933983,2.841212000374422,0.04194108043682462
0.17634048216824733,-0.7230649758262222,17.640892725831105,0.27458650370713045,8.918885427190444,0.1553349403049592,2.796826343852519,0.0535012734882019
0.19844221923690444,-0.7230649758262222,17.347099503408653,0.34680318413534017,8.771030502809884,0.19562591591294953,2.751671692490952,0.06686105456920623
0.22331409039755062,-0.7230649758262222,17.030959797231823,0.4352684501263951,8.607785707359533,0.2462130523978309,2.699425323753893,0.08440426777911168
0.2513032920204875,-0.7230649758262222,16.692943865040025,0.5427416332453809,8.439365213449738,0.3053940225475234,2.6481196034456485,0.10389207498510747
0.2828005365353655,-0.7230649758262222,16.345569682417185,0.6677316013459706,8.261358222877075,0.3760056394811264,2.592034583161165,0.12786535980637545
0.3182455065418344,-0.7230649758262222,16.00173414827725,0.8066897203998119,8.091058481577036,0.45167267373663084,2.536282635782766,0.15458134358377268
0.35813299251433084,-0.7230649758262222,15.684884489398296,0.9488331690171972,7.929005366063073,0.5313832266803816,2.485949744498316,0.1812807135992205
0.40301979977966995,-0.7230649758262222,15.4212892989315,1.0778593027984056,7.792569408750809,0.6045729858716573,2.445037763864141,0.2048602240110917
0.4535325211846986,-0.7230649758262222,15.246677148014806,1.168921432894605,7.707226569642324,0.6532808858036001,2.417165339833502,0.2219209775456755
0.5103762839557767,-0.7230649758262222,15.199500871982174,1.1943076947536442,7.687287058453513,0.6649929242324992,2.412105060547049,0.22510681425901238
0.5743445928509872,-0.7230649758262222,15.327221362237422,1.1263531461953409,7.749511219728681,0.6288614689705528,2.4353485427357615,0.21069813173514915
0.6463304070095649,-0.7230649758262222,15.656378965068424,0.9623063394470827,7.918846518401151,0.536638322923297,2.4854673029362475,0.18154882019587973
0.7273386051246984,-0.7230649758262222,16.22574289907641,0.7143985285652661,8.207717928558074,0.39896552195361396,2.5776726264144525,0.134467310886293
0.8185000129460304,-0.7230649758262222,17.053448200337023,0.4285971093919597,8.624160868800496,0.24084241064300166,2.711086655995536,0.08029049937523894
0.9210871889273549,-0.7230649758262222,18.187422928438618,0.16455024811683633,9.201944124427943,0.092152215050042,2.890112274298511,0.030949363675050516
1.0365321883776653,-0.7230649758262222,19.677710757785945,0.009481897678137265,9.94606130296367,0.005652303228252615,3.1272110130996533,0.0016472629782859993
1.166446554092426,-0.7230649758262222,21.573155857140424,0.07146082619640066,10.908914707479576,0.040707529729110216,3.4280494847406824,0.01468775252869908
1.3126438125222553,-0.7230649758262222,23.97342789826522,0.47792934579142643,12.126524785612883,0.2769703546382285,3.8103482156723607,0.09803101382789337
1.4771647895120215,-0.7230649758262222,27.005121548855406,1.3829275402570897,13.660859541960642,0.811729863980422,4.291952758586649,0.2880269911300571
1.6623060990028473,-0.7230649758262222,30.837894547771743,2.9638244632722506,15.593146416739083,1.7641009536019965,4.900493489337452,0.6329161732986326
1.8706522023821734,-0.7230649758262222,35.654744697979105,5.387681754588868,18.030217273889573,3.275646849322393,5.6643109066692725,1.1895461484805094
2.1051114860111477,-0.7230649758262222,41.704746456827785,8.79721801192448,21.089656043873685,5.4898497535028055,6.6223084591247945,2.027749765245265
2.368956860549917,-0.7230649758262222,49.36622144971244,13.303867686542869,24.96086112200405,8.576762757024454,7.83909920097454,3.24683636965105
2.6658714488230206,-0.7230649758262222,59.044238226417455,18.858462057359766,29.83345546720061,12.649261738869074,9.363754360523505,4.932523443162454
3.0,-0.7230649758262222,71.21881972846428,25.21075940676662,35.9892653783101,17.785020515096136,11.293996291419266,7.2161760472788
-3.0,-0.6731984257692414,50.415615175752976,13.91989292100168,25.515274075983843,9.033912533942221,8.003637802589076,3.4216163838268727
-2.6658714488230206,-0.6731984257692414,45.39981588503957,10.965054203469778,22.950928238426712,6.946284884789937,7.218140643230363,2.6070140118219083
-2.368956860549917,-0.6731984257692414,41.2899156228448,8.556251404649666,20.907397574430227,5.350877356002769,6.563468479215804,1.9726873765355784
-2.1051114860111477,-0.6731984257692414,38.02962649581646,6.693572718303329,19.23824289834388,4.116576631434789,6.043225287784309,1.5052157419140004
-1.8706522023821734,-0.6731984257692414,35.3042974211956,5.1999278543520955,17.865476230707216,3.16504779426875,5.614700700679142,1.149967422510079
-1.6623060990028473,-0.6731984257692414,33.11608733162728,4.063914492750305,16.757083677779256,2.4504422507257106,5.262139721048229,0.8816910723727981
-1.4771647895120215,-0.6731984257692414,31.291311316732244,3.174838402739754,15.8270493214374,1.8960915996108023,4.971912114918582,0.6797206508335053
-1.3126438125222553,-0.6731984257692414,29.80311509790106,2.499147735484587,15.065703474695345,1.478583107191881,4.732491418281451,0.527696951986323
-1.166446554092426,-0.6731984257692414,28.53184414823798,1.9642446823693747,14.445182114980208,1.1660544076582382,4.53964447726204,0.4159490966026816
-1.0365321883776653,-0.6731984257692414,27.49785835244602,1.5625796038335986,13.909221627398896,0.9186537560341812,4.372090960691404,0.3273797893323053
-0.9210871889273549,-0.6731984257692414,26.616235657297143,1.2469133509717363,13.464678134930821,0.7309440147222566,4.231924121166381,0.25989125532573765
-0.8185000129460304,-0.6731984257692414,25.85908036821304,0.9976789700435185,13.087183067491011,0.5851028357249655,4.110749807544547,0.20675774542370912
-0.7273386051246984,-0.6731984257692414,25.234823104302237,0.8087910242908227,12.768147402500473,0.4722840940826588,4.007769877932665,0.16564607791398867
-0.6463304070095649,-0.6731984257692414,24.670958785271917,0.6520921398775028,12.48375956951797,0.38030281720575465,3.9204027252366633,0.13384503824469254
-0.5743445928509872,-0.6731984257692414,24.190340944350886,0.529659927200007,12.240419628541778,0.30838684532151545,3.845095476134641,0.10881187285302228
-0.5103762839557767,-0.6731984257692414,23.768824764205057,0.43121686860212477,12.026641487540989,0.2506325106965668,3.77516726638009,0.0876241959757281
-0.4535325211846986,-0.6731984257692414,23.39530062240299,0.35131960385102373,11.837761930539687,0.20401270901229812,3.7171499054420605,0.07160720820934063
-0.40301979977966995,-0.6731984257692414,23.06321980124157,0.286341537310815,11.669133419757697,0.16602242822757188,3.6648097212272406,0.058414950272760814
-0.35813299251433084,-0.6731984257692414,22.769772607580116,0.23385844480870635,11.519727750909196,0.13532512986111106,3.617675450889161,0.047586790723323495
-0.3182455065418344,-0.6731984257692414,22.505484671582835,0.19069753739690964,11.385374816047484,0.11017219982367152,3.574765353538622,0.038620216350411796
-0.2828005365353655,-0.6731984257692414,22.262565233763755,0.1545715536703661,11.263430977940297,0.08940938967544314,3.535506174498696,0.031179687666836632
-0.2513032920204875,-0.6731984257692414,22.051190781102292,0.12598109659915366,11.155412557113683,0.07270256470396913,3.5009415957592407,0.025246663492146548
-0.22331409039755062,-0.6731984257692414,21.854696756514443,0.10184058390862906,11.056038959516203,0.058763415223341775,3.471338428960715,0.020634764563899635
-0.19844221923690444,-0.6731984257692414,21.680615931808187,0.08246239418357182,10.968338850038231,0.04762451028615295,3.4419961690837746,0.016499134954569478
-0.17634048216824733,-0.6731984257692414,21.523522746670423,0.06663040423012946,10.88777858228731,0.03837156612936089,3.41783488072388,0.013424867370589929
-0.15670035222800524,-0.6731984257692414,21.380938797562816,0.05364668385763643,10.81577597969852,0.030908705873908718,3.3941881259470943,0.010710257613466901
-0.13924766500838334,-0.6731984257692414,21.25343508266878,0.04317295536755309,10.751096002933641,0.024864607522378703,3.374437877235407,0.008669126250551584
-0.12373879148704055,-0.6731984257692414,21.13826141177852,0.034649440330447104,10.692263884424436,0.019916959604768747,3.3557769447729213,0.006932159477791012
-0.10995723711238882,-0.6731984257692414,21.034362644511233,0.02773466678107877,10.639615230011433,0.015939253892087724,3.3389534565088947,0.005527629565529468
-0.09771061966979347,-0.6731984257692414,20.94147994056351,0.02218290556607161,10.592822641540602,0.012764795315751885,3.3244925135885732,0.004443942719205589
-0.0868279837415025,-0.6731984257692414,20.858572091247858,0.017735451840439925,10.550884762237304,0.01021121178235491,3.3112440135259997,0.0035523569406440423
-0.07715741427178036,-0.6731984257692414,20.784306104138643,0.01416274980198468,10.513075908978195,0.008147446397909612,3.299071392974091,0.00281923381838108
-0.06856391592404971,-0.6731984257692414,20.71765481865601,0.011290304193841125,10.47906627457597,0.006485798384106425,3.288309333348822,0.0022402368940317276
-0.06092752862714207,-0.6731984257692414,20.657906511437158,0.008986116134686027,10.448634748279023,0.0051564983768079605,3.2788970169451255,0.0017874381002783452
-0.0541416530048151,-0.6731984257692414,20.60447458339509,0.007143963594687149,10.421505142865184,0.004097720574465016,3.2705340587674523,0.0014273232807797394
-0.04811156231253989,-0.6731984257692414,20.55678765248861,0.005675233306100827,10.397347328654153,0.0032557244899776476,3.262992199574385,0.0011368040238216568
-0.04275308010908995,-0.6731984257692414,20.514276035231934,0.004506179933887066,10.375827819696651,0.002586085920976507,3.2561747349956573,0.0009022676241466028
-0.0379914052040221,-0.6731984257692414,20.476394103702518,0.003576453970927327,10.356644038185834,0.0020533066535004274,3.2500469767839344,0.0007143112631849968
-0.03376006747802295,-0.6731984257692414,20.44264007695686,0.0028373984659176557,10.339533889262874,0.0016293746617450958,3.2445768675757907,0.0005648760205501292
-0.03,-0.6731984257692414,20.412563752304376,0.002250118333782507,10.324271851252739,0.0012921692890946633,3.2397163495211445,0.00044666815709964303
0.03,-0.6731984257692414,19.921470361721553,0.0023851645957797115,10.074826635220997,0.0013683169694853425,3.161282321772965,0.00047234660052464857
0.03376006747802295,-0.6731984257692414,19.89005945031188,0.003032074373471335,10.058856690057798,0.0017394808396912827,3.156220354522154,0.0006015011205875371
0.0379914052040221,-0.6731984257692414,19.854605812875985,0.0038566284229379797,10.040860166647125,0.0022117024803230754,3.15050490632305,0.0007662762484864739
0.04275308010908995,-0.6731984257692414,19.81458701205818,0.004908155492208785,10.020593248692014,0.002812231114200442,3.1440784926877883,0.0009756410524513324
0.04811156231253989,-0.6731984257692414,19.76943011481813,0.006249316020824452,9.997784206036682,0.003575572177452008,3.136890408325768,0.0012401663347491037
0.0541416530048151,-0.6731984257692414,19.71851739598859,0.007959199144780538,9.972118803393041,0.004545864978852083,3.1288712423239646,0.0015732730928807116
0.06092752862714207,-0.6731984257692414,19.66118505105981,0.010137266869888636,9.943213901575339,0.005780647454836565,3.1198745259817753,0.00199494252595118
0.06856391592404971,-0.6731984257692414,19.596694343000685,0.012909409342397421,9.910588996479579,0.007356287314004582,3.1096301087037834,0.0025372153238415966
0.07715741427178036,-0.6731984257692414,19.5241540799279,0.01643853082894396,9.87367386584903,0.009373550962335768,3.0978430175866007,0.003243562348768305
0.0868279837415025,-0.6731984257692414,19.44241924062202,0.020941212060943244,9.831908838777048,0.011958491979687354,3.0844987044882224,0.0041505051516721484
0.09771061966979347,-0.6731984257692414,19.350106644118068,0.026704260644947353,9.78490783470931,0.015255477100748049,3.069904580364847,0.0052739927008080755
0.10995723711238882,-0.6731984257692414,19.245922970603587,0.03408225521435833,9.732390838871254,0.019430728166197474,3.053760157522865,0.006678600924788678
0.12373879148704055,-0.6731984257692414,19.129095235847043,0.04347281141030332,9.673565366728551,0.0247308510044058,3.034826049170924,0.008544891786142726
0.13924766500838334,-0.6731984257692414,18.998900334529072,0.05535061797727652,9.606884033366228,0.031546322762856197,3.0136580094466563,0.010914858688166598
0.15670035222800524,-0.6731984257692414,18.853352919956922,0.07042240132547117,9.532152611380347,0.04022037796885405,2.991142522102848,0.013768897072865065
0.17634048216824733,-0.6731984257692414,18.69090438470622,0.08952320587906955,9.451317954905779,0.050857023132810535,2.9646799278291986,0.017569536057291366
0.19844221923690444,-0.6731984257692414,18.51393111182853,0.11312653991121284,9.362172529448832,0.06412800873027104,2.937332267415139,0.022013075584606242
0.22331409039755062,-0.6731984257692414,18.32258686212634,0.14200300185439713,9.263740560421239,0.08069935665900085,2.9059243536641097,0.027776216365497215
0.2513032920204875,-0.6731984257692414,18.117453454254736,0.1769335261620905,9.161312099255296,0.1001308251771553,2.8745528821504815,0.03425212634077251
0.2828005365353655,-0.6731984257692414,17.905561748068926,0.2174502057369467,9.053049338598482,0.12315543941222087,2.8404831059499256,0.042118605585991134
0.3182455065418344,-0.6731984257692414,17.69433673515835,0.2624536308512076,8.948061033035591,0.14798765733898087,2.8063962881647715,0.050878773281119095
0.35813299251433084,-0.6731984257692414,17.49647568022786,0.3089075969469282,8.847229490735891,0.1742184373221235,2.775003287214305,0.059753287097480894
0.40301979977966995,-0.6731984257692414,17.325543332889186,0.35247590100284476,8.759312274973778,0.19904100287530985,2.7483586800362576,0.067906256560651
0.4535325211846986,-0.6731984257692414,17.19828081685113,0.38702971634451644,8.696350908275342,0.21795834103386993,2.7280930087156974,0.0744964949070981
0.5103762839557767,-0.6731984257692414,17.130162376686915,0.4062797907520899,8.663783179661786,0.22812305113593354,2.718485760486968,0.07773985729457192
0.5743445928509872,-0.6731984257692414,17.13854911234251,0.4038810658245927,8.66679708186305,0.22717143437839504,2.721215741125498,0.0768103797603393
0.6463304070095649,-0.6731984257692414,17.228556114368438,0.3786437091439168,8.713614814414838,0.21267542767961037,2.7345012125496515,0.0723758756193848
0.7273386051246984,-0.6731984257692414,17.40993052895406,0.3305634203601722,8.805701143229967,0.18571432514005184,2.7641400179991766,0.06300778686609732
0.8185000129460304,-0.6731984257692414,17.682472058207814,0.2651208668232363,8.942380364749523,0.14940285242750737,2.808334358406315,0.05035644785836716
0.9210871889273549,-0.6731984257692414,18.059830054024076,0.18750048177725132,9.135197841328615,0.10544835652999227,2.867749843465253,0.03575291237115722
1.0365321883776653,-0.6731984257692414,18.55534071486076,0.10733903444578657,9.3814084072117,0.061126005729053474,2.946872160124952,0.020402839280772984
1.166446554092426,-0.6731984257692414,19.180245231006975,0.039214981460622286,9.699289452712096,0.02233155921770382,3.0459453866273924,0.007420079970802282
1.3126438125222553,-0.6731984257692414,19.96499477828769,0.0016180253427071824,10.097994507751276,0.0009095562037533838,3.171088648670987,0.0002667868080636436
1.4771647895120215,-0.6731984257692414,20.95146045251587,0.02275072414145693,10.597559920003897,0.013070622282893768,3.3282076784942025,0.004711382430293932
1.6623060990028473,-0.6731984257692414,22.194324742359637,0.14504839832465874,11.223431597038172,0.08303618003591931,3.5250847159371275,0.02932932130075719
1.8706522023821734,-0.6731984257692414,23.74650086692379,0.4262446318076127,12.009071111784001,0.24611857609503868,3.7713694014798826,0.08653178457107039
2.1051114860111477,-0.6731984257692414,25.688791739732647,0.9446105211271855,12.990478542467875,0.549865062678117,4.077913846347916,0.1932345479563613
2.368956860549917,-0.6731984257692414,28.142688323880993,1.8093227113279875,14.229078872779338,1.063656546096185,4.467546003759831,0.3768244415934912
2.6658714488230206,-0.6731984257692414,31.235708744730218,3.148732936093907,15.78296714272749,1.8709744208039172,4.951736672557935,0.6663772630328818
3.0,-0.6731984257692414,35.11096236171926,5.096973224486729,17.739813686562233,3.08140320306647,5.5650582973914755,1.11079569198402
-3.0,-0.6233318757122605,24.24578061177326,0.5432392254361751,12.262556385303819,0.31466149043777775,3.8499449269689614,0.11035563609176073
-2.6658714488230206,-0.6233318757122605,23.68231304077102,0.4120860086948807,11.979102761319247,0.23850258442512526,3.7605550263744627,0.08345458884447055
-2.368956860549917,-0.6233318757122605,23.214854939536263,0.3152892186189238,11.742935225307482,0.18221954902546797,3.6870461319714156,0.0638714152717677
-2.1051114860111477,-0.6233318757122605,22.829366704346707,0.2441335968727911,11.547025255718019,0.14072178495204404,3.6252534011248585,0.04925921730785957
-1.8706522023821734,-0.6233318757122605,22.503597341715363,0.19040363165175989,11.383284904928173,0.1097996378978276,3.573818283557244,0.03843206656719911
-1.6623060990028473,-0.6233318757122605,22.230472212512836,0.15005833808489638,11.244943216283534,0.08643657216524257,3.5298934208451063,0.030176562615951443
-1.4771647895120215,-0.6233318757122605,21.996522684602393,0.11902644617831186,11.127102403091419,0.0685905015284077,3.4932566000046426,0.024007426461638285
-1.3126438125222553,-0.6233318757122605,21.798220271732237,0.09534482931491792,11.026293951442055,0.05486216501851064,3.461453799051037,0.019192750880583448
-1.166446554092426,-0.6233318757122605,21.627670422394228,0.07694943619708992,10.939797427546058,0.04423818470608255,3.434322304080487,0.015490062809698297
-1.0365321883776653,-0.6233318757122605,21.479316943183218,0.062462784828977595,10.86496138018372,0.035923554525821855,3.4105686460023885,0.01255954145654929
-0.9210871889273549,-0.6233318757122605,21.350618129677358,0.05105804621753314,10.799640636545599,0.029342090912341554,3.3899884300877297,0.01025889900016702
-0.8185000129460304,-0.6233318757122605,21.237516220459693,0.04194156507729209,10.74229589564692,0.024091037031593293,3.3719396037095124,0.008425743449168417
-0.7273386051246984,-0.6233318757122605,21.13674352953091,0.03454310853879266,10.691385791552511,0.019847118162779086,3.355852224153803,0.006938789558371508
-0.6463304070095649,-0.6233318757122605,21.047092379396947,0.02854204957291339,10.645988819343225,0.01639800889520999,3.3414723484520104,0.005728113031608602
-0.5743445928509872,-0.6233318757122605,20.966435820704366,0.023615728851463045,10.605102486257227,0.013564801412558418,3.3285574289668,0.004736951089789346
-0.5103762839557767,-0.6233318757122605,20.893510686958955,0.01955090515986445,10.568128707160717,0.011227655892322962,3.3169245472794926,0.003922729480821779
-0.4535325211846986,-0.6233318757122605,20.8272253632022,0.016179843381836985,10.534520216423115,0.009290100772481463,3.3062889055098883,0.003243940022365486
-0.40301979977966995,-0.6233318757122605,20.766723937954048,0.013374226362373823,10.503856146461153,0.007678700381488535,3.296587080466846,0.00267979716258504
-0.35813299251433084,-0.6233318757122605,20.711315263631082,0.011033643772480051,10.475773533626203,0.006334768031572862,3.28771321566659,0.0022100728619241805
-0.3182455065418344,-0.6233318757122605,20.660555912936942,0.009082838394201773,10.450036311689404,0.005214437496351249,3.279588363393097,0.0018189883654019235
-0.2828005365353655,-0.6233318757122605,20.614085064751734,0.007460022195662883,10.42644587348363,0.004281640604021279,3.2721460274623237,0.0014936356379961276
-0.2513032920204875,-0.6233318757122605,20.57138514779881,0.006107199159705584,10.404791257038568,0.0035050199326229006,3.2653111356567233,0.001222664417185167
-0.22331409039755062,-0.6233318757122605,20.532360009173757,0.004987272755109619,10.384984122833341,0.0028617249866701566,3.259029512057889,0.000997225759998537
-0.19844221923690444,-0.6233318757122605,20.49662829565271,0.004059889413667466,10.366842424378488,0.002328991602564291,3.2533210657055434,0.0008120399642255349
-0.17634048216824733,-0.6233318757122605,20.464011588547393,0.003295534285221614,10.350301577493576,0.0018905141084393303,3.2480785479298917,0.0006585396533125365
-0.15670035222800524,-0.6233318757122605,20.43431168568469,0.002668041432358412,10.335224453552975,0.0015302433166601932,3.2433290736311133,0.0005332193201841711
-0.13924766500838334,-0.6233318757122605,20.407300272337576,0.002154265512259926,10.321516169955549,0.0012354088455536702,3.2389907283866504,0.00043020036298073856
-0.12373879148704055,-0.6233318757122605,20.38280417335526,0.0017353714459935128,10.309090128965625,0.0009951690803647272,3.235068263400096,0.00034649635128309567
-0.10995723711238882,-0.6233318757122605,20.36063485987334,0.0013949546069982046,10.297838564424135,0.0007998611039081717,3.231518815996388,0.00027849810674250027
-0.09771061966979347,-0.6233318757122605,20.34060030042719,0.0011190262968654133,10.287666649729772,0.000641519308486568,3.228303502819568,0.00022326817413771438
-0.0868279837415025,-0.6233318757122605,20.322527398205395,0.00089600819693282,10.278493108317337,0.0005135947338584013,3.225408120897756,0.0001787238200679906
-0.07715741427178036,-0.6233318757122605,20.30625600945418,0.0007162785930062806,10.270237387682522,0.0004105554650192389,3.222805899811553,0.00014289411712969352
-0.06856391592404971,-0.6233318757122605,20.29163132782233,0.0005717997294087211,10.262818274160617,0.00032774415744811784,3.2204649990380765,0.00011406906568042175
-0.06092752862714207,-0.6233318757122605,20.278504282140112,0.00045589752453118815,10.256158159113259,0.00026130869889177494,3.2183607050806473,9.091549389223274e-05
-0.0541416530048151,-0.6233318757122605,20.26673454374887,0.0003630830157973007,10.250185519564607,0.00020810029943374892,3.216473362909761,7.237333904995033e-05
-0.04811156231253989,-0.6233318757122605,20.2561922095776,0.00028887412808544936,10.244834987770266,0.00016555538293714451,3.2147840440228856,5.7562797711931906e-05
-0.04275308010908995,-0.6233318757122605,20.24675793432477,0.0002296266803878255,10.24004661658087,0.00013158932313192775,3.2132736881504136,4.575143253211933e-05
-0.0379914052040221,-0.6233318757122605,20.23832238156792,0.00018238627766753186,10.235765278273128,0.00010450974080906333,3.2119240281842645,3.634022435998986e-05
-0.03376006747802295,-0.6233318757122605,20.23078556887473,0.00014476380123864762,10.231940336996576,8.294635965471019e-05,3.2107183590792423,2.8846532712423633e-05
-0.03,-0.6233318757122605,20.224056278514972,0.00011483213627689099,10.228525458694977,6.579319192163397e-05,3.20964172246729,2.288395302971263e-05
0.03,-0.6233318757122605,20.112842590768636,0.00012286031475159886,10.17209688167998,7.03403661345559e-05,3.1918416382848878,2.4444262703720585e-05
0.03376006747802295,-0.6233318757122605,20.105652624584014,0.00015617865114079973,10.168449518331055,8.941042755602577e-05,3.1906919928576,3.106613156347468e-05
0.0379914052040221,-0.6233318757122605,20.097534701964523,0.00019861051385148084,10.164331122794726,0.00011369700854580593,3.1893940865509074,3.9497064776954e-05
0.04275308010908995,-0.6233318757122605,20.08836646628946,0.00025267730376197047,10.159679372909688,0.00014464476197492454,3.1879280183108105,5.023969844325118e-05
0.04811156231253989,-0.6233318757122605,20.078008993083117,0.0003216079058319977,10.15442359686743,0.00018410343234367846,3.186271043195606,6.393988014754916e-05
0.0541416530048151,-0.6233318757122605,20.066304619752387,0.00040953944578791363,10.148483930015372,0.00023444025980228788,3.1843976056531598,8.142416222239044e-05
0.06092752862714207,-0.6233318757122605,20.0530748265037,0.0005217724774785465,10.141770619482871,0.000298680367600207,3.1822798336220743,0.00010374061162501252
0.06856391592404971,-0.6233318757122605,20.038118622493663,0.0006650894427508718,10.134183422415559,0.0003806814370881696,3.1798878888538815,0.00013220743482324242
0.07715741427178036,-0.6233318757122605,20.021212028842974,0.0008481417925159363,10.125610705609294,0.0004853547595857499,3.177188325843206,0.00016849729757030822
0.0868279837415025,-0.6233318757122605,20.00210880845523,0.0010819110325098558,10.115927700461846,0.0006189533346806701,3.1741396809054403,0.00021479576834879064
0.09771061966979347,-0.6233318757122605,19.980541274478654,0.0013802639531262748,10.10499476740497,0.0007894363729290319,3.1706921040090243,0.00027396022492658643
0.10995723711238882,-0.6233318757122605,19.956219747296377,0.0017606396630058668,10.09266053958498,0.0010068380282109394,3.1668012800443646,0.00034942996510780217
0.12373879148704055,-0.6233318757122605,19.92883577931345,0.002244808745152927,10.07877558122911,0.0012834612382673439,3.162434628622177,0.00044514268052779193
0.13924766500838334,-0.6233318757122605,19.898086725128664,0.0028592924484055864,10.063204956215657,0.0016339679524410436,3.1575354164787077,0.0005664344203455403
0.15670035222800524,-0.6233318757122605,19.863725595373403,0.0036349420829098113,10.045814072466428,0.002075998178465962,3.1520489382604295,0.0007197769367590649
0.17634048216824733,-0.6233318757122605,19.825587605953952,0.004606303425498595,10.026483763268695,0.0026301652208390873,3.145984519512615,0.0009108786391405833
0.19844221923690444,-0.6233318757122605,19.7836185827101,0.005810200595544542,10.00523965394479,0.003315843575973157,3.1392982307758204,0.0011479791828144011
0.22331409039755062,-0.6233318757122605,19.738074983111584,0.007277488546180495,9.982230529372021,0.004149467895381254,3.1320797966978744,0.0014351713854500138
0.2513032920204875,-0.6233318757122605,19.68963010175657,0.009023076032449834,9.957731683337014,0.00514160220718155,3.1243828567621192,0.0017772838483856332
0.2828005365353655,-0.6233318757122605,19.639447289875502,0.011033433955147377,9.93241231798505,0.00628088655218387,3.1164491112947035,0.002168879561919838
0.3182455065418344,-0.6233318757122605,19.589390466720825,0.01324498678652144,9.907141096082919,0.0075341346597549465,3.1085537743232017,0.0025980472341638923
0.35813299251433084,-0.6233318757122605,19.54195241599646,0.015532144773476576,9.88324996212188,0.00882623844066224,3.1010787605124923,0.003040840507523557
0.40301979977966995,-0.6233318757122605,19.50008829937264,0.017706128585046024,9.862195759036345,0.010051823108470428,3.0944880474184924,0.0034608248109013143
0.4535325211846986,-0.6233318757122605,19.466698140798325,0.019545173188696474,9.845378886594174,0.01108951888363419,3.089252390718363,0.0038142988486570863
0.5103762839557767,-0.6233318757122605,19.444071281744097,0.020844645440190726,9.833974101949273,0.011823071902930605,3.085716697030907,0.004062974476196027
0.5743445928509872,-0.6233318757122605,19.433363189588086,0.021474654086261036,9.828612965806506,0.012176246231476194,3.084097537236673,0.004179544468991979
0.6463304070095649,-0.6233318757122605,19.434729346071386,0.02139373813373127,9.82930286762019,0.012130498075833666,3.084454852059369,0.004153674443593481
0.7273386051246984,-0.6233318757122605,19.4474989482363,0.020645022152946967,9.835755148057624,0.011706924538440291,3.086580146870578,0.004001502380348366
0.8185000129460304,-0.6233318757122605,19.471030996208764,0.019301248052300532,9.847646803589681,0.010946522484501165,3.090351956919335,0.003738603344312899
0.9210871889273549,-0.6233318757122605,19.504944863814245,0.01744642365881363,9.864722750855531,0.009900410647155062,3.0958167005166537,0.0033739214154087224
1.0365321883776653,-0.6233318757122605,19.549358617122518,0.015162754385417834,9.887209617944166,0.008604853851236258,3.1030471065129865,0.0029207914821837225
1.166446554092426,-0.6233318757122605,19.604702408182966,0.012546545450178173,9.915230914036261,0.007120278753766834,3.1119100029259656,0.00241078792100167
1.3126438125222553,-0.6233318757122605,19.67237609346869,0.009691013288762432,9.949583709923267,0.005495565285808934,3.122703963513755,0.001856845207782348
1.4771647895120215,-0.6233318757122605,19.756085409930623,0.006677170540613437,9.991985693638929,0.0037844540629432917,3.1362282285033594,0.0012661519471334568
1.6623060990028473,-0.6233318757122605,19.858836802958177,0.0037529536203942237,10.043862732971373,0.0021289330970130434,3.152144504349273,0.0007169472541425898
1.8706522023821734,-0.6233318757122605,19.983688630733806,0.0013344461876391711,10.107009465718553,0.0007564523681055072,3.1722256085967575,0.00024675032030363714
2.1051114860111477,-0.6233318757122605,20.140139734582203,3.2763609245457846e-05,10.185444198696096,2.0054477982548694e-05,3.1961114445109082,6.7975031748803675e-06
2.368956860549917,-0.6233318757122605,20.330811789942576,0.0009951843215769774,10.281080156984164,0.0005482408881903275,3.226463282782522,0.00019438686896939506
2.6658714488230206,-0.6233318757122605,20.570757448411207,0.006088303935058798,10.40081801215718,0.00337082960842595,3.263070437401903,0.0011396505751588416
3.0,-0.6233318757122605,20.865222375734536,0.01807439131796344,10.548209721972038,0.010057741438528719,3.308560929069664,0.003383657325630684
-3.0,-0.5734653256552796,20.913459828174766,0.020625927974776054,10.563961503096836,0.010977719632205816,3.324078065177625,0.00441458004524915
-2.6658714488230206,-0.5734653256552796,20.044213909878074,0.0006045736688703583,10.143888809470605,0.000277568750567669,3.17763092991448,0.0001622446362202764
-2.368956860549917,-0.5734653256552796,19.440297750412515,0.021065556848367892,9.822764074131332,0.012567651876305194,3.083054560456718,0.004255528695890787
-2.1051114860111477,-0.5734653256552796,18.97275088724072,0.05791799231089615,9.595436796327686,0.03280356366980264,3.0102145487862884,0.011328972672858106
-1.8706522023821734,-0.5734653256552796,18.685859354890916,0.09015542122731583,9.447037123216584,0.0514571173290982,2.9629495877556167,0.017835048778841425
-1.6623060990028473,-0.5734653256552796,18.480737264500174,0.11788360615211355,9.341149648646363,0.06749675303587668,2.9318008793860337,0.022976469052461104
-1.4771647895120215,-0.5734653256552796,18.364855370419907,0.13531966198264164,9.292314410361808,0.07567886738391773,2.9152432667933237,0.02599178934199749
-1.3126438125222553,-0.5734653256552796,18.29842244106681,0.1459020952022715,9.263961234618742,0.08065992031136883,2.906093350931046,0.027743292446722332
-1.166446554092426,-0.5734653256552796,18.305226165551552,0.14479849122918326,9.247778314455768,0.08357943205725124,2.89938079666218,0.029067096240235027
-1.0365321883776653,-0.5734653256552796,18.315635391108614,0.14311881952466746,9.263996811430932,0.08065356340260244,2.903136187653165,0.028322418405991073
-0.9210871889273549,-0.5734653256552796,18.360392243348027,0.1360171473151273,9.285560047825419,0.07685002497537735,2.9103787332544515,0.026915382652987607
-0.8185000129460304,-0.5734653256552796,18.429429197538813,0.12544407139414349,9.31560337516135,0.07171447899553182,2.921770164602249,0.02477954372135122
-0.7273386051246984,-0.5734653256552796,18.488525369731835,0.11675803847723486,9.348472165566907,0.06631293841203566,2.9343719041028207,0.022525953255561927
-0.6463304070095649,-0.5734653256552796,18.579968404242045,0.1039740455143462,9.393886749145105,0.05921951003990618,2.9466860546134517,0.02043363289943149
-0.5743445928509872,-0.5734653256552796,18.66714413815475,0.09252140975328298,9.437921370417921,0.052747404833558026,2.9593981953685544,0.01838657717450919
-0.5103762839557767,-0.5734653256552796,18.75705235367992,0.08145226980750558,9.483718145842717,0.046435601773498335,2.9762006883874017,0.015855100681926856
-0.4535325211846986,-0.5734653256552796,18.849255077609005,0.07087447985962976,9.53012861055663,0.040470701382160065,2.989513406674622,0.013988867585775755
-0.40301979977966995,-0.5734653256552796,18.94130342386854,0.06108670508545215,9.577134658798979,0.03486717503297082,3.003512822257841,0.01215802730796931
-0.35813299251433084,-0.5734653256552796,19.028703257410807,0.052498991959369634,9.622120723181892,0.029912700391269274,3.0177376545210675,0.010434629296152534
-0.3182455065418344,-0.5734653256552796,19.11537567743739,0.044653864526218515,9.666434415660401,0.025418516635891942,3.032198703966384,0.008822700710315223
-0.2828005365353655,-0.5734653256552796,19.203927471926537,0.03732100383118978,9.710215351851367,0.02135092571447246,3.046766731991376,0.0073402504037755004
-0.2513032920204875,-0.5734653256552796,19.281323845215027,0.03147060467112423,9.750231455311125,0.017953821598810628,3.059846870367705,0.006128972232473038
-0.22331409039755062,-0.5734653256552796,19.36054773795409,0.026016117768147762,9.790178660852886,0.01486515808268362,3.0707562433143294,0.005204629113219809
-0.19844221923690444,-0.5734653256552796,19.432106450407666,0.021549228496823475,9.825869453293283,0.012359047995999524,3.083652873128534,0.004211853788401643
-0.17634048216824733,-0.5734653256552796,19.49915840738325,0.017756079710050846,9.86074818954116,0.010139089723044607,3.093417854367595,0.0035316458194363342
-0.15670035222800524,-0.5734653256552796,19.562581683333928,0.014514582844229755,9.89260971381843,0.008307572543615969,3.104386080964555,0.002840539046379595
-0.13924766500838334,-0.5734653256552796,19.620397690334908,0.011850710926440414,9.921934160939658,0.006786400238768378,3.112990161798056,0.0023520396456631113
-0.12373879148704055,-0.5734653256552796,19.67413094104954,0.009621967280102922,9.949598794499927,0.005494898890754107,3.1218087956059777,0.0018999909891732085
-0.10995723711238882,-0.5734653256552796,19.72382229483355,0.0077712153154582955,9.974753387519142,0.004440813261138498,3.1299598422709316,0.001525695785325952
-0.09771061966979347,-0.5734653256552796,19.768838800432047,0.006267969555007121,9.99726209947984,0.003594133562207268,3.1367579806550094,0.001245341273342509
-0.0868279837415025,-0.5734653256552796,19.80944285865471,0.00505264628769154,10.017734177645094,0.0029028267182000856,3.143231539982136,0.0010051412881832923
-0.07715741427178036,-0.5734653256552796,19.846298979651078,0.004064341805642675,10.03656205539341,0.00233296612398299,3.1494184228164555,0.0007998784864841925
-0.06856391592404971,-0.5734653256552796,19.879854815176458,0.0032591294782608987,10.053782152931733,0.0018668373683059672,3.154886155937051,0.0006381651958140508
-0.06092752862714207,-0.5734653256552796,19.91031306367233,0.002605974024046055,10.069355125580318,0.0014904230127515902,3.1596095463960694,0.0005132865714111369
-0.0541416530048151,-0.5734653256552796,19.937811906969774,0.002079569090485925,10.083328124919877,0.001189035552379074,3.163818706440212,0.00041354225212308134
-0.04811156231253989,-0.5734653256552796,19.962528618660844,0.001657492307308686,10.095831231071749,0.0009484100598080322,3.1676817505192325,0.00033154296514635405
-0.04275308010908995,-0.5734653256552796,19.984687053263265,0.0013200744484831279,10.107023092102818,0.000756231694455456,3.1712411557150677,0.00026405348716677056
-0.0379914052040221,-0.5734653256552796,20.004529205698674,0.0010507090289656935,10.117052862168475,0.0006025909986163472,3.174482511274801,0.00020930761942592886
-0.03376006747802295,-0.5734653256552796,20.022289812285337,0.0008358049550778366,10.126047501612245,0.00047971272722255445,3.1773941962104524,0.0001655741889832387
-0.03,-0.5734653256552796,20.038183787845504,0.0006644271154065955,10.134113251463999,0.00038148642725375885,3.1799859495075515,0.00013097233154424787
0.03,-0.5734653256552796,20.30706204281824,0.0007247114372631784,10.270809130775875,0.0004173218829129934,3.2228543476785734,0.000143524785364403
0.03376006747802295,-0.5734653256552796,20.324824929030886,0.0009229948280831704,10.279854844260045,0.0005316911906067825,3.2257338310841206,0.0001834889213368249
0.0379914052040221,-0.5734653256552796,20.344963764481744,0.0011765541905953668,10.290080444359699,0.0006775254224733874,3.2290003760209722,0.00023472404489722503
0.04275308010908995,-0.5734653256552796,20.367804457308576,0.0015010176908245947,10.301629177216965,0.0008632968350593052,3.2326790405666803,0.0002999143159824776
0.04811156231253989,-0.5734653256552796,20.393701844163,0.0019161922641784442,10.314661356492467,0.0010996988542983687,3.2367840915967747,0.00038200698124004516
0.0541416530048151,-0.5734653256552796,20.423031974669613,0.00244688911546165,10.329368728840526,0.0014004801406036656,3.2413452759603314,0.00048475290591710096
0.06092752862714207,-0.5734653256552796,20.456191899119325,0.0031239776695747047,10.346001343064628,0.0017839224880663567,3.2464683996914676,0.0006145879937411306
0.06856391592404971,-0.5734653256552796,20.493628768650723,0.0039863168761117155,10.36489685680244,0.0022750748980201576,3.2523837048270026,0.0007834277207389813
0.07715741427178036,-0.5734653256552796,20.535920936386212,0.0050848357640205285,10.386472432613125,0.002907829089654989,3.2593423800381207,0.001007917836417291
0.0868279837415025,-0.5734653256552796,20.583885993276784,0.00648949533817609,10.411120216357238,0.003724095568246768,3.2672980559769544,0.0012986824714737685
0.09771061966979347,-0.5734653256552796,20.63856883157247,0.008295524318145118,10.439038663701226,0.004768348426174585,3.275866335282883,0.0016523347504544292
0.10995723711238882,-0.5734653256552796,20.70090498557773,0.010618437216388384,10.470309855013205,0.006088009330031546,3.2853009108518387,0.0020900582890436246
0.12373879148704055,-0.5734653256552796,20.77128161766946,0.013576514885571805,10.505559096599946,0.007764258698592329,3.29683189450251,0.0026933839573242964
0.13924766500838334,-0.5734653256552796,20.85006041499537,0.017306192264496718,10.546212394821394,0.00994389083087427,3.309802164739068,0.003461202061617837
0.15670035222800524,-0.5734653256552796,20.93900822655695,0.022043356098721673,10.592286096790495,0.012730379005489968,3.3232539148763025,0.0043564726602197835
0.17634048216824733,-0.5734653256552796,21.039562545766586,0.028063121369301638,10.641651582909743,0.016085140751748363,3.339878599030443,0.005600860698120421
0.19844221923690444,-0.5734653256552796,21.149270733038737,0.03542536543204069,10.696738292552162,0.020274679710975997,3.3564720123101823,0.0069934926587250194
0.22331409039755062,-0.5734653256552796,21.26857002356863,0.044359476687305624,10.758756911776816,0.025547586607956106,3.376474741433082,0.008870028160969943
0.2513032920204875,-0.5734653256552796,21.398194245102943,0.05514700412211696,10.822914985358853,0.031614261975246895,3.3958184029078913,0.010887981463783544
0.2828005365353655,-0.5734653256552796,21.533317656928844,0.06757103635908342,10.89240732457867,0.038877527080823246,3.417724472830141,0.013411513122223124
0.3182455065418344,-0.5734653256552796,21.670797567988963,0.08142654064815188,10.960197462263906,0.04664653342063297,3.440202526117447,0.016260570856825893
0.35813299251433084,-0.5734653256552796,21.804788599513206,0.09609003783233955,11.02879008701751,0.05518470535848639,3.4615686030745736,0.019209215374015633
0.40301979977966995,-0.5734653256552796,21.931603682111042,0.11100561690060434,11.094600776609731,0.06400776514023541,3.481350820244388,0.02214559189145537
0.4535325211846986,-0.5734653256552796,22.047457006532362,0.12550030084714806,11.152219827110377,0.07223323702884682,3.499988056459503,0.025091310655885376
0.5103762839557767,-0.5734653256552796,22.15232567154778,0.13932560796461874,11.20367819724326,0.07996951597291198,3.515629436896125,0.027696320393780224
0.5743445928509872,-0.5734653256552796,22.24437956522934,0.15200660223297022,11.251662604941465,0.08751166436833047,3.529221134362135,0.03005743622742046
0.6463304070095649,-0.5734653256552796,22.332775367931042,0.16465782853310457,11.295255811067847,0.0946354085095644,3.544500709031583,0.03281902816907234
0.7273386051246984,-0.5734653256552796,22.421754395317006,0.17785659632430634,11.339974365039524,0.10220937670237508,3.5581207267418224,0.035375575386179546
0.8185000129460304,-0.5734653256552796,22.525557799576028,0.19383612351803814,11.393634181270139,0.1116502261320297,3.5738658993743098,0.03844151602773878
0.9210871889273549,-0.5734653256552796,22.648709738096727,0.21359645687048406,11.453982584324278,0.12272224713577516,3.5940925612483627,0.042552281770339484
1.0365321883776653,-0.5734653256552796,22.801491998788475,0.23930289770885552,11.53503550389361,0.13833965901348555,3.6180549334925587,0.047669911641265085
1.166446554092426,-0.5734653256552796,23.001507479865847,0.27491368540581695,11.634900715052623,0.15873967069685457,3.6502558645733623,0.05496372802485237
1.3126438125222553,-0.5734653256552796,23.261928593894666,0.32452411349101595,11.765199615986221,0.1872378309305251,3.691292429095988,0.06493840716936614
1.4771647895120215,-0.5734653256552796,23.59677642156452,0.393538772177251,11.933905782894724,0.2272157700986394,3.7439934919936597,0.07883854649251723
1.6623060990028473,-0.5734653256552796,24.021107515815856,0.48910735022749574,12.150549706421964,0.28347561940474697,3.8114422827039944,0.0983629042689865
1.8706522023821734,-0.5734653256552796,24.570782991354278,0.6257061148841371,12.427759128731209,0.3631855407093521,3.898990124136691,0.12649871469772273
2.1051114860111477,-0.5734653256552796,25.282002533796653,0.8225146131221311,12.787305820098195,0.47877721036993437,4.0120439747451835,0.16727558464660952
2.368956860549917,-0.5734653256552796,26.177552127906846,1.0999200396833524,13.241806821398084,0.6432701797225028,4.15469043827915,0.22544582510857383
2.6658714488230206,-0.5734653256552796,27.32773433313417,1.4996535575212486,13.827496168181206,0.8829089548160913,4.341163643546795,0.3119542523080656
3.0,-0.5734653256552796,28.798702663846406,2.0729650207118233,14.574719915190357,1.2290779704531563,4.574673936023326,0.4354925494085601
-3.0,-0.5235987755982987,40.324717574034125,7.998503492844722,20.37113820204744,4.946428321686228,6.410883261906976,1.8318764782798926
-2.6658714488230206,-0.5235987755982987,34.40353327285304,4.724273951972569,17.40431028670441,2.861247247928276,5.455868681573819,1.02620404979389
-2.368956860549917,-0.5235987755982987,29.89609961777005,2.5398870096763115,15.110402661899828,1.5021002224694662,4.739994782289419,0.53224486265667
-2.1051114860111477,-0.5235987755982987,26.39693550356191,1.1725570780455807,13.35139562794455,0.685824495833411,4.187851289277159,0.23998903224593465
-1.8706522023821734,-0.5235987755982987,23.79669731300917,0.43745958571664495,12.028914896988374,0.2512191844578705,3.773087894450075,0.08702533473046323
-1.6623060990028473,-0.5235987755982987,21.818261187608893,0.09762703179206642,11.021054256217404,0.05418800706500942,3.4599533833130676,0.018978184655788728
-1.4771647895120215,-0.5235987755982987,20.353895427012773,0.0012987707247441764,10.301121447516094,0.0008546606616452327,3.23095432998019,0.0002683634227060214
-1.3126438125222553,-0.5235987755982987,19.266155848429058,0.032576363948159395,9.759842893461302,0.017183164221865457,3.0603601481670073,0.006083736292362493
-1.166446554092426,-0.5235987755982987,18.532123373300738,0.11056389665347457,9.352505600451492,0.06566563304033808,2.929459882341388,0.023390801118706006
-1.0365321883776653,-0.5235987755982987,17.978540555804237,0.20297890733643584,9.092066965628298,0.11455880522753423,2.8451848046619874,0.04098063173044709
-0.9210871889273549,-0.5235987755982987,17.62142471728548,0.2790819793277572,8.910195925206981,0.1575611958559679,2.7891306397134086,0.055662683523198635
-0.8185000129460304,-0.5235987755982987,17.41467860342176,0.3293539682563904,8.79679482565902,0.18823305678064015,2.756954180363986,0.0652130752473498
-0.7273386051246984,-0.5235987755982987,17.27326179012761,0.3664503127979924,8.73078632261863,0.2074927724315368,2.7406102942369386,0.07038592585797065
-0.6463304070095649,-0.5235987755982987,17.25599257247954,0.3711337191113198,8.720508533853591,0.2105861773901922,2.733829746395503,0.07259648019915824
-0.5743445928509872,-0.5235987755982987,17.28165888638045,0.36418515804120877,8.733358006036655,0.2067227560102765,2.735842852744145,0.0719362097391703
-0.5103762839557767,-0.5235987755982987,17.351126264587478,0.34574924646184435,8.76916028948389,0.19616874680530183,2.751652031869534,0.06686723067549823
-0.4535325211846986,-0.5235987755982987,17.455219223552277,0.3191284452474126,8.821433043318905,0.18131137640201478,2.7658104752525987,0.06250113633439568
-0.40301979977966995,-0.5235987755982987,17.582593833015874,0.2881702272621433,8.88673946884829,0.16365823781106556,2.7848673332488776,0.05688033189019234
-0.35813299251433084,-0.5235987755982987,17.71904594697431,0.25694686458520605,8.957294425548175,0.14570319433448753,2.8072693092969447,0.05064312227445788
-0.3182455065418344,-0.5235987755982987,17.868219240162723,0.22506736397783017,9.033690213931894,0.1275469918327091,2.8323114090969606,0.04413675853873054
-0.2828005365353655,-0.5235987755982987,18.03129383320778,0.19285760173733757,9.114327084700038,0.10980564298330664,2.859234735832339,0.037680381150397645
-0.2513032920204875,-0.5235987755982987,18.180876498639698,0.16568813427717652,9.191665687678558,0.09413672172313213,2.884526783431958,0.032114299348112024
-0.22331409039755062,-0.5235987755982987,18.339624211615845,0.13928818915777988,9.271805319877268,0.07926483431227468,2.906573237714466,0.027649914992982933
-0.19844221923690444,-0.5235987755982987,18.487746361513487,0.11687036297965549,9.34577235676051,0.06674810969940931,2.9331016384398705,0.02274794749098038
-0.17634048216824733,-0.5235987755982987,18.62987418057979,0.09733049394962799,9.419581069148263,0.05539474567704984,2.953997580607241,0.019242299579871395
-0.15670035222800524,-0.5235987755982987,18.76678378006242,0.08029902383432122,9.48845706708806,0.04580670040884088,2.977523797614387,0.015664126277437858
-0.13924766500838334,-0.5235987755982987,18.89381939970765,0.06604003743546862,9.552904584963327,0.03770087128375565,2.9966104322321794,0.013043932313419253
-0.12373879148704055,-0.5235987755982987,19.013343041163804,0.05395881291626506,9.61434907763547,0.030740275509513536,3.016174447349151,0.010617309714690187
-0.10995723711238882,-0.5235987755982987,19.125002399475633,0.04382341358345487,9.670906712421447,0.024986088015624124,3.0344483248072747,0.008584547606521614
-0.09771061966979347,-0.5235987755982987,19.227228033960447,0.035505147892107077,9.72213358151991,0.02030725680721443,3.050021136897108,0.0070283315313854275
-0.0868279837415025,-0.5235987755982987,19.32029364415241,0.028720392928278663,9.769103661361541,0.01645714316354194,3.064870410705367,0.00569366490710126
-0.07715741427178036,-0.5235987755982987,19.405345575488766,0.0231688937353051,9.812512678330902,0.013269051273298428,3.0790542905781506,0.004553481576270691
-0.06856391592404971,-0.5235987755982987,19.48316786051962,0.018626376619555608,9.85238585697218,0.010650791265382735,3.091707040149283,0.003646386705657594
-0.06092752862714207,-0.5235987755982987,19.554107003116403,0.01492832483801896,9.888618617042521,0.008526771026778013,3.102767088403552,0.002937719005153464
-0.0541416530048151,-0.5235987755982987,19.618414047231745,0.011937532198655579,9.921291958302428,0.0068180327618525,3.1126833305875508,0.002368652618912592
-0.04811156231253989,-0.5235987755982987,19.676440503351806,0.009531479652311886,9.950662742858718,0.005448000445509036,3.121788556602923,0.001900972308262425
-0.04275308010908995,-0.5235987755982987,19.72864705591992,0.007602232889802748,9.977053581447736,0.004350116212091398,3.1301707581763,0.0015165634935884794
-0.0379914052040221,-0.5235987755982987,19.77554243090976,0.0060581536285871495,10.000774868315197,0.003470191238450056,3.137806974135446,0.0012046487287862668
-0.03376006747802295,-0.5235987755982987,19.81762910713295,0.004823709071550913,10.02209732741772,0.0027651555493258856,3.1446805210119018,0.000954942254627443
-0.03,-0.5235987755982987,19.855375229155964,0.0038376684162409165,10.041253137789035,0.002200778901187795,3.1508174823203055,0.0007567440782107543
0.03,-0.5235987755982987,20.50360957666918,0.0042336951470944165,10.370699540811069,0.002437725511979831,3.254237562979098,0.000840505811444099
0.03376006747802295,-0.5235987755982987,20.546984863723903,0.005393901979818436,10.392772020557178,0.0031069965142581845,3.2612513085566976,0.0010743734520100418
0.0379914052040221,-0.5235987755982987,20.59621780925966,0.006877789933220862,10.417764994871053,0.003961134424687677,3.2692157068056833,0.0013741923926999463
0.04275308010908995,-0.5235987755982987,20.652128616534352,0.008776940839078868,10.446050322082526,0.0050504943473864946,3.278207878672169,0.0017562587509087264
0.04811156231253989,-0.5235987755982987,20.7156229766416,0.011207729938135503,10.478047939127192,0.006438903553733565,3.288287848309835,0.0022391462486384536
0.0541416530048151,-0.5235987755982987,20.787680982112974,0.014316622961010966,10.514256767570219,0.008208463000253147,3.2995516758368595,0.002846589902430285
0.06092752862714207,-0.5235987755982987,20.869361303421915,0.01828690900174028,10.555310796655414,0.010467624324487692,3.3122531460441214,0.0036168432209665907
0.06856391592404971,-0.5235987755982987,20.96186401095846,0.023349997730009734,10.60204005080701,0.013363081437087105,3.326900997025907,0.004616452695673509
0.07715741427178036,-0.5235987755982987,21.066697083025147,0.02980729080881436,10.655456319959983,0.017091071297526655,3.3440523950968184,0.005937054197986322
0.0868279837415025,-0.5235987755982987,21.185895709024837,0.03806588827125605,10.716544936388138,0.021894987728806155,3.363676729569205,0.0076446080293044
0.09771061966979347,-0.5235987755982987,21.321998355132365,0.04867054461193687,10.785926917085153,0.028041263050499542,3.385076967974303,0.009742893835295105
0.10995723711238882,-0.5235987755982987,21.477365571683936,0.06228174820740375,10.864012989767923,0.035823466298073633,3.4088430642016303,0.012358095854924863
0.12373879148704055,-0.5235987755982987,21.653283100872073,0.07959399916830984,10.952319508297908,0.04570933703908465,3.43751508986576,0.015906219349988916
0.13924766500838334,-0.5235987755982987,21.850982866958347,0.10140730162725094,11.053957653288256,0.058486345291405215,3.4698437801149558,0.020413552817970488
0.15670035222800524,-0.5235987755982987,22.07446610612354,0.12899735802955878,11.169160551746602,0.07473966829103476,3.504003055940288,0.025748483328258433
0.17634048216824733,-0.5235987755982987,22.32692638407241,0.16380646969818083,11.293829087922502,0.09439819168891664,3.545418513115745,0.032988502995609015
0.19844221923690444,-0.5235987755982987,22.603506462713376,0.20624296696239836,11.432931576283785,0.11880577125475443,3.587679840927824,0.04122815158134213
0.22331409039755062,-0.5235987755982987,22.90490235193971,0.2574398625291343,11.588669170496388,0.14913827070783314,3.637644963172879,0.052050801129604515
0.2513032920204875,-0.5235987755982987,23.23198763203812,0.3186367760004156,11.751226157188887,0.18408117538470412,3.6870912942930487,0.06388272144311524
0.2828005365353655,-0.5235987755982987,23.574251202442184,0.3887158797753577,11.926511268145365,0.22539211606613802,3.742263865820377,0.07836323391395911
0.3182455065418344,-0.5235987755982987,23.924875559806935,0.46665960707438847,12.100366290685129,0.26996207333569694,3.799181420391864,0.09467186824104606
0.35813299251433084,-0.5235987755982987,24.27279363845578,0.5499079011696821,12.277780684652965,0.31900831265335866,3.8545598841929243,0.11183358316904606
0.40301979977966995,-0.5235987755982987,24.612990605527052,0.636768724923653,12.45305738442018,0.37087689097389837,3.90785663619556,0.12951890276763534
0.4535325211846986,-0.5235987755982987,24.943027001413217,0.7259915849625864,12.618251967179601,0.42276297852222583,3.9607298588929503,0.14816327324731163
0.5103762839557767,-0.5235987755982987,25.271084933336322,0.8193306808831133,12.781182222805036,0.47669782573351294,4.01082209214259,0.1668090487978168
0.5743445928509872,-0.5235987755982987,25.603912314655574,0.9185847492839437,12.95234289163494,0.5362149180955034,4.061704215841748,0.18670043869093103
0.6463304070095649,-0.5235987755982987,25.971280490450585,1.0332591924915437,13.136026467900095,0.6032367269860738,4.122307025470019,0.21160795000096866
0.7273386051246984,-0.5235987755982987,26.3955221363718,1.1720834752786664,13.35004386270382,0.685292991897613,4.188634139477811,0.24033687299075226
0.8185000129460304,-0.5235987755982987,26.91992962550443,1.3526857774920522,13.617560961053035,0.7936159293953748,4.2704587538873895,0.2778182594253843
0.9210871889273549,-0.5235987755982987,27.572515755566645,1.5904867977907726,13.943961262842997,0.9340117057816427,4.375335192222961,0.32901502496133106
1.0365321883776653,-0.5235987755982987,28.397363377542266,1.910214420074223,14.368126480322777,1.129144206450285,4.505358710610088,0.3971569919966919
1.166446554092426,-0.5235987755982987,29.45807984566675,2.3498306519894094,14.902370277834574,1.3937659474270048,4.674657085028843,0.4931346277711
1.3126438125222553,-0.5235987755982987,30.820591742989304,2.9558576638272105,15.588668020258163,1.7616050132385344,4.890439067548081,0.6264239995295152
1.4771647895120215,-0.5235987755982987,32.55863885056734,3.7860134161067203,16.466272254959254,2.27229017472341,5.164847033888569,0.8119610969588488
1.6623060990028473,-0.5235987755982987,34.76274230318026,4.912709310051561,17.58490376073974,2.9791701438519826,5.515693667260592,1.0722812131492527
1.8706522023821734,-0.5235987755982987,37.585213659006655,6.4452426181098375,19.0107066403821,3.9544278517060225,5.963712061246237,1.4371032211828714
2.1051114860111477,-0.5235987755982987,41.18685522559147,8.496494901758208,20.832627797062276,5.294080662064317,6.5370079665866285,1.9480618843504807
2.368956860549917,-0.5235987755982987,45.749259307304726,11.171203667417121,23.144835937736744,7.1013629966715195,7.262494457722345,2.651584814597761
2.6658714488230206,-0.5235987755982987,51.56622320159901,14.59269018475426,26.092953099414814,9.512784640634681,8.19492157440729,3.627269623931262
3.0,-0.5235987755982987,58.961867734280695,18.81274902791137,29.844767918432787,12.658787031106138,9.371262126381444,4.9411387090950445
-3.0,-0.4737322255413179,82.1767741987474,30.169841416006456,41.53031042194353,22.21557828055289,13.062096352498946,9.386986215419588
-2.6658714488230206,-0.4737322255413179,66.51544732457572,22.857214069810222,33.63696926398904,15.839798886413853,10.55600959455139,6.328928309821856
-2.368956860549917,-0.4737322255413179,54.38506746980236,16.22536836877119,27.505274240367036,10.691832173331148,8.626279892697175,4.099924291633619
-2.1051114860111477,-0.4737322255413179,44.94051710782879,10.694244366315116,22.733027030446326,6.772685803948429,7.132316424655622,2.5213059839901044
-1.8706522023821734,-0.4737322255413179,37.70509856349644,6.512071502719971,19.06240321309576,3.9911246287112747,5.983124255819191,1.4536442220167767
-1.6623060990028473,-0.4737322255413179,32.13512534107546,3.5784537015778914,16.23004337413826,2.1307211773532027,5.097066828290392,0.7645668051838058
-1.4771647895120215,-0.4737322255413179,27.87525199876833,1.7054415063263273,14.108725038580562,1.0081581691593635,4.426205650487279,0.35507511349583143
-1.3126438125222553,-0.4737322255413179,24.628306350379123,0.640802730065025,12.477073954784869,0.37824172609209106,3.9125781135337667,0.13113974740287282
-1.166446554092426,-0.4737322255413179,22.248347733784957,0.15256460720317017,11.223431318340312,0.08303613639135472,3.5148527268915695,0.027564121917336638
-1.0365321883776653,-0.4737322255413179,20.418324742891,0.002357397706548896,10.32406657331405,0.0012878975127081295,3.228724926829559,0.00023016190091998485
-0.9210871889273549,-0.4737322255413179,19.092841102197035,0.04662970634081573,9.652847211772858,0.026755988590285683,3.0196435196925706,0.01021413764380667
-0.8185000129460304,-0.4737322255413179,18.159939952055694,0.16935592370492872,9.168910572074441,0.09861153083291946,2.8721252306994054,0.03478370179996491
-0.7273386051246984,-0.4737322255413179,17.463632500014953,0.31702901275138606,8.824450879651195,0.18047347355268728,2.7702005414749302,0.06118038613299408
-0.6463304070095649,-0.4737322255413179,17.05323074962309,0.42866133635437764,8.614699528886153,0.24393732842669255,2.69937234046276,0.08442322200343538
-0.5743445928509872,-0.4737322255413179,16.79244805842005,0.5096848289190328,8.48249815613696,0.2895445821965198,2.6550552642922756,0.10112345707940718
-0.5103762839557767,-0.4737322255413179,16.661937575804483,0.5532885818522897,8.417441572485425,0.31363591559696147,2.641068316958252,0.10675050986893173
-0.4535325211846986,-0.4737322255413179,16.63446461446223,0.5627321214080498,8.403014038414774,0.31912858960110774,2.633457652731035,0.10988538082201087
-0.40301979977966995,-0.4737322255413179,16.68254188213509,0.5462668146102594,8.428575723961407,0.3094344501192906,2.639346476727681,0.10745522023974731
-0.35813299251433084,-0.4737322255413179,16.776411602395097,0.5149313876043321,8.478281122440984,0.2910728737084353,2.6553461274285177,0.10100827568547809
-0.3182455065418344,-0.4737322255413179,16.91485482165958,0.4706525176510362,8.549656149324543,0.2658216266707367,2.679243210657097,0.09179796190008262
-0.2828005365353655,-0.4737322255413179,17.093324273163294,0.4169117781520734,8.637325006789586,0.23657334303797334,2.709088733234415,0.08098713623755434
-0.2513032920204875,-0.4737322255413179,17.268223109034206,0.3678133294955068,8.72817097338073,0.20827750761876127,2.7390602686024597,0.07088790566716312
-0.22331409039755062,-0.4737322255413179,17.46857604687703,0.3157990305548418,8.829348938250385,0.17911811600372868,2.76631555352427,0.062348390613393596
-0.19844221923690444,-0.4737322255413179,17.66312520163394,0.2695022749205335,8.926336688031148,0.1534398309827319,2.801599404144651,0.052184265885830104
-0.17634048216824733,-0.4737322255413179,17.856165843081037,0.2275568846840866,9.026804856396605,0.12912920152560528,2.829818384801634,0.044762685820514715
-0.15670035222800524,-0.4737322255413179,18.047225700213616,0.18985653125403024,9.122923292933937,0.10799937245050234,2.862791127873781,0.03686871831702289
-0.13924766500838334,-0.4737322255413179,18.228074540709905,0.1575794993912184,9.214686691351025,0.0897235849331896,2.8899328268228057,0.030986431175079886
-0.12373879148704055,-0.4737322255413179,18.401076302557463,0.1297305874136435,9.303664363141278,0.07373254737020504,2.918266966252028,0.02542636039237528
-0.10995723711238882,-0.4737322255413179,18.564881972667482,0.10602856770966548,9.386657749664513,0.06032007319719786,2.9450970249644297,0.02069756020013194
-0.09771061966979347,-0.4737322255413179,18.71650602884145,0.08635139471757983,9.462656380336629,0.04928556833019996,2.9682111694497597,0.0170341911066883
-0.0868279837415025,-0.4737322255413179,18.855821185881346,0.07015083712899374,9.532978769400389,0.04011843553572836,2.9904436015366205,0.013863044717849226
-0.07715741427178036,-0.4737322255413179,18.984121145829462,0.05679413387655606,9.598458170483985,0.03246923117035126,3.011829351296841,0.011133773649885456
-0.06856391592404971,-0.4737322255413179,19.102266459448302,0.045797844094868624,9.658983084308767,0.02614757349581572,3.0310385638596924,0.008946839770693308
-0.06092752862714207,-0.4737322255413179,19.210544329818156,0.036800546375538624,9.714282902891295,0.020991684457122038,3.047938410639594,0.007227143663122852
-0.0541416530048151,-0.4737322255413179,19.309156712171138,0.029493054480922952,9.764389621774281,0.016824688439154502,3.0631658581225323,0.005839517613389802
-0.04811156231253989,-0.4737322255413179,19.39849907213865,0.02359300723701922,9.809619534427434,0.0134705486917398,3.077196140929776,0.004695406250918722
-0.04275308010908995,-0.4737322255413179,19.479164371363712,0.018847624509066564,9.850405430351275,0.010773870150291407,3.0901469849759415,0.0037526549175357377
-0.0379914052040221,-0.4737322255413179,19.551844667055956,0.015039783402049551,9.887176456123225,0.008606695976314504,3.1019747541674,0.0029858876542144196
-0.03376006747802295,-0.4737322255413179,19.617243976765405,0.011988896617144473,9.920313635291254,0.006866365708263313,3.1126477799451235,0.002370581315207862
-0.03,-0.4737322255413179,19.676031251776386,0.00954748212908027,9.950148690683928,0.0054706341001748435,3.122200270981609,0.0018810604191412269
0.03,-0.4737322255413179,20.70194100771196,0.010659409367720672,10.471491595098197,0.006140973650979861,3.2859044122349355,0.002119774574163709
0.03376006747802295,-0.4737322255413179,20.77150928748952,0.013586658623830787,10.506884388215926,0.007831163587385817,3.297144827897399,0.002710800266807863
0.0379914052040221,-0.4737322255413179,20.85058172743334,0.017332336132886043,10.547021444416032,0.009989931757330798,3.3099256560238794,0.0034689639689290774
0.04275308010908995,-0.4737322255413179,20.940516303327495,0.02212844928402569,10.59252504917942,0.01274570087614852,3.324382851533872,0.004436164205271125
0.04811156231253989,-0.4737322255413179,21.042823517782747,0.028270053117203556,10.644101873374666,0.01626153502322788,3.3406305635229243,0.005660728184174072
0.0541416530048151,-0.4737322255413179,21.159153959768833,0.03612894308093617,10.702591618483197,0.020747272683497034,3.3588416531730374,0.007204553929625428
0.06092752862714207,-0.4737322255413179,21.29130909958452,0.04617096707119174,10.769053748825897,0.02647953706519318,3.3794312956892076,0.009165582891695294
0.06856391592404971,-0.4737322255413179,21.441340390568595,0.058984264392045835,10.844861582048152,0.033830809285071387,3.4032036599507336,0.011710626022273468
0.07715741427178036,-0.4737322255413179,21.611804189524545,0.07533229392107141,10.931682618165773,0.04329699142047933,3.4310413494297616,0.015067886149150795
0.0868279837415025,-0.4737322255413179,21.806095144295345,0.0962385943337478,11.031165611635904,0.05549248648204096,3.4629487762221776,0.01940767404564336
0.09771061966979347,-0.4737322255413179,22.028409874421293,0.12306083080689527,11.144431349215507,0.07109428580253936,3.497937396576297,0.02475873770176048
0.10995723711238882,-0.4737322255413179,22.28271249288477,0.15743607398473183,11.272305146551334,0.09085284580902185,3.5369680978714055,0.03144347443118357
0.12373879148704055,-0.4737322255413179,22.571364538863683,0.201084954076378,11.417296367831087,0.1159344649446432,3.583929846432213,0.0404627823983744
0.13924766500838334,-0.4737322255413179,22.896641847611015,0.25596940037674737,11.584304101283026,0.14824570507031962,3.6369868232274594,0.05190076847454432
0.15670035222800524,-0.4737322255413179,23.264957397141078,0.3251223001353655,11.773825291991672,0.18919833759593563,3.6934779246326275,0.06549067938841924
0.17634048216824733,-0.4737322255413179,23.681373186687228,0.4118802214345971,11.979823622189475,0.23868454701826114,3.76159766816578,0.08374910813992441
0.19844221923690444,-0.4737322255413179,24.138625819785464,0.517123352825986,12.20992576905872,0.29983268892472875,3.8316988967780894,0.10459687226303735
0.22331409039755062,-0.4737322255413179,24.63781477777182,0.6433124267790509,12.46728004537226,0.37523095299673764,3.9141151826368725,0.13166929092192323
0.2513032920204875,-0.4737322255413179,25.180234914375554,0.793028017840852,12.73723269231619,0.4618842187074109,3.9964970092520313,0.16138083364580064
0.2828005365353655,-0.4737322255413179,25.75050299579039,0.9637111033444579,13.028809416575184,0.5637258010184679,4.088213159520531,0.19743505508655373
0.3182455065418344,-0.4737322255413179,26.340214312434053,1.1536075602125622,13.321939253010127,0.6742796324654842,4.183694512929643,0.23814553536930408
0.35813299251433084,-0.4737322255413179,26.937157220592667,1.3587813837641631,13.625860721964628,0.7970757953160427,4.278677034168633,0.2817040293177035
0.40301979977966995,-0.4737322255413179,27.540990197295535,1.5786808414832647,13.936021482537189,0.930493081722284,4.373516117286059,0.32809773287601257
0.4535325211846986,-0.4737322255413179,28.15859802722296,1.815569897583046,14.246181333093817,1.0716328511445932,4.472321608276764,0.3793693929733663
0.5103762839557767,-0.4737322255413179,28.81577629855974,2.0799879513805277,14.574331509748125,1.228887198176093,4.573749380030097,0.43497231105709944
0.5743445928509872,-0.4737322255413179,29.537656494295486,2.3840054142673797,14.943642306087579,1.4150309825879779,4.6855901181807225,0.4996009733934337
0.6463304070095649,-0.4737322255413179,30.384530548335544,2.757238349326977,15.368897076444869,1.6406009472872765,4.823264544698449,0.5836777040227903
0.7273386051246984,-0.4737322255413179,31.408775200467574,3.230193215751698,15.886086363372417,1.9299025916365857,4.984377516448149,0.6880120176201568
0.8185000129460304,-0.4737322255413179,32.69646728522413,3.854238710273269,16.540715375901,2.3174948274948726,5.186733476760953,0.8274748099492379
0.9210871889273549,-0.4737322255413179,34.31760011590729,4.679451262388076,17.35538335710774,2.8295381485968587,5.445970163322391,1.0186445106280102
1.0365321883776653,-0.4737322255413179,36.373815574425024,5.777238344108774,18.40508366442012,3.531145178682868,5.770715283399847,1.2758524270345404
1.166446554092426,-0.4737322255413179,39.003893461463775,7.243292905309364,19.732454840914993,4.474179959824336,6.189649192590849,1.6330702603514295
1.3126438125222553,-0.4737322255413179,42.367127038901906,9.183305481284682,21.429383472317873,5.750804939639565,6.7229687276432815,2.1228945209156835
1.4771647895120215,-0.4737322255413179,46.646452207379326,11.70071801338263,23.591441592564053,7.460535331192533,7.399431624548042,2.7903460008082854
1.6623060990028473,-0.4737322255413179,52.070293735854705,14.886400607929627,26.340226531362408,9.718449177579632,8.262592032041715,3.7006277430838486
1.8706522023821734,-0.4737322255413179,58.99083299183684,18.828827547592326,29.837729978515604,12.652860957332827,9.360481309173077,4.928768377282903
2.1051114860111477,-0.4737322255413179,67.79022475372022,23.508174773220745,34.288739105275944,16.381695464293372,10.760613504062858,6.573442154027737
2.368956860549917,-0.4737322255413179,78.94571054658878,28.784099547439393,39.93947758476924,20.969250967937054,12.533762819977792,8.73331003304523
2.6658714488230206,-0.4737322255413179,93.14141088283532,34.414429826798006,47.12384176713443,26.403255518242815,14.800953579242758,11.55479544821039
3.0,-0.4737322255413179,111.1531852412272,40.02285896018936,56.25632961188228,32.51091065147642,17.6661945895515,15.134108184790506
-3.0,-0.42386567548433707,145.95653731367304,47.37399312731093,73.78147966796745,41.634739396998874,23.196094457257356,21.862633438676518
-2.6658714488230206,-0.42386567548433707,115.97060702414768,41.27876179379399,58.63522204498795,33.94634427035545,18.4127375899728,16.06061319262642
-2.368956860549917,-0.42386567548433707,92.58128327936673,34.21403676979766,46.84179861872866,26.199849390061317,14.689946219586801,11.415968362438566
-2.1051114860111477,-0.42386567548433707,74.34177514796559,26.699224478710253,37.6077574034632,19.103797103842027,11.801877312618755,7.834289030256671
-1.8706522023821734,-0.42386567548433707,60.201794171988034,19.497365461533178,30.441447831617246,13.16113758151317,9.559567656995906,5.158045599386078
-1.6623060990028473,-0.42386567548433707,49.26256537199051,13.242915010252919,24.88275096237982,8.512571250461782,7.816225447711276,3.2227008815225537
-1.4771647895120215,-0.42386567548433707,40.793189874388055,8.268669098263818,20.646394814737263,5.153174686141741,6.479320263501707,1.8946730353715497
-1.3126438125222553,-0.42386567548433707,34.275009249099554,4.657273406424164,17.36018552908642,2.8326458239446697,5.445250051816903,1.0180952778720616
-1.166446554092426,-0.42386567548433707,29.36527195244569,2.310176126094237,14.815568795237581,1.3494166231569986,4.641339268081422,0.47362518841737045
-1.0365321883776653,-0.42386567548433707,25.563044933380407,0.9061562036212949,12.923642414780465,0.5260346852906873,4.0422540986368345,0.1789851948074504
-0.9210871889273549,-0.42386567548433707,22.716417871180383,0.22482712528273038,11.484043626797071,0.1284152044947586,3.592579251907804,0.042238068260630326
-0.8185000129460304,-0.42386567548433707,20.618278167939785,0.007600023458762463,10.408122428812494,0.00361951270204585,3.2597672917364147,0.0010225290799143166
-0.7273386051246984,-0.42386567548433707,19.021621861565485,0.05316939115564984,9.610187164294956,0.031188317793598323,3.017082015145731,0.010511047946947105
-0.6463304070095649,-0.42386567548433707,17.941255867232062,0.21030388579435497,9.061016773788031,0.12137243119919905,2.8384404462003436,0.042618272228722796
-0.5743445928509872,-0.42386567548433707,17.175197575042862,0.3934936053436324,8.673002374598024,0.22521920570503798,2.713128256211151,0.07958211096490633
-0.5103762839557767,-0.42386567548433707,16.670232250292493,0.5504555787615721,8.418790532578095,0.3131251544585414,2.6413745247311367,0.10662546245514513
-0.4535325211846986,-0.42386567548433707,16.371912182152254,0.657720447183531,8.267215681441417,0.3735463341812555,2.590031960933358,0.12877443098969743
-0.40301979977966995,-0.42386567548433707,16.22948622867093,0.7129124958177167,8.19672451023168,0.4037693257977345,2.5650746051301483,0.1404172788900515
-0.35813299251433084,-0.42386567548433707,16.191916742733316,0.72790991364222,8.180574319733646,0.4108875358556121,2.5605379233583596,0.1425965928038478
-0.3182455065418344,-0.42386567548433707,16.248630974111773,0.7053409348837905,8.21096055681889,0.3975549989178714,2.571926660648554,0.13716258024805456
-0.2828005365353655,-0.42386567548433707,16.385176189785042,0.6527131999777329,8.276749461460563,0.36956353351766713,2.595552341711149,0.12627748761479868
-0.2513032920204875,-0.42386567548433707,16.539921209521662,0.5959425912159713,8.35800305635721,0.33661827869999483,2.6228989029663716,0.11432055329165293
-0.22331409039755062,-0.42386567548433707,16.74506685604353,0.5252759229589382,8.46162434012596,0.2971544440562912,2.6496075697966712,0.10329451932361661
-0.19844221923690444,-0.42386567548433707,16.956744500499873,0.45770368323834076,8.56680315937898,0.259948879268429,2.688907137213141,0.08821400274819384
-0.17634048216824733,-0.42386567548433707,17.177169375804333,0.3929390793182334,8.681983041998944,0.22241059472309463,2.7207421554557003,0.0769711740971225
-0.15670035222800524,-0.42386567548433707,17.403512671742167,0.33220216579785133,8.795809267980555,0.18851293666554197,2.760125204079436,0.06423473538776693
-0.13924766500838334,-0.42386567548433707,17.623107518560843,0.2786917891794619,8.907253632904627,0.15831897688121427,2.7929486028578188,0.054584501960430694
-0.12373879148704055,-0.42386567548433707,17.83751415348518,0.23143899666263096,9.017638884450074,0.13125204880001373,2.8281160470392472,0.04519285012847654
-0.10995723711238882,-0.42386567548433707,18.043806420778747,0.19049844874546468,9.122182616300567,0.10815436615057383,2.8619611613264606,0.03705728513786694
-0.09771061966979347,-0.42386567548433707,18.237122673448937,0.15605023052107753,9.219059745798052,0.0888981707338767,2.8914003205379855,0.030683997024319683
-0.0868279837415025,-0.42386567548433707,18.416537535067693,0.12738347931592786,9.309620450143688,0.0727220359708497,2.920033411206036,0.02509910154782208
-0.07715741427178036,-0.42386567548433707,18.583168694241486,0.1035409814724669,9.394675050347827,0.05910014820135306,2.9478304312157886,0.020244669689389507
-0.06856391592404971,-0.42386567548433707,18.737701819702576,0.08377139944679965,9.473854195537442,0.04775917469771892,2.9729686021907678,0.016326732072663372
-0.06092752862714207,-0.42386567548433707,18.880168393182128,0.06750177792088521,9.546624077336773,0.038454355551192476,2.995210291050515,0.013227615640056664
-0.0541416530048151,-0.42386567548433707,19.01056452949032,0.05422512513452258,9.61288757547891,0.03089722448284362,3.015350374942494,0.01071427792962948
-0.04811156231253989,-0.42386567548433707,19.129203258257743,0.043463577877467185,9.67295501373344,0.024789325726888946,3.0339846457891793,0.008633357727143364
-0.04275308010908995,-0.42386567548433707,19.23670808526039,0.034779828466712646,9.727316938928212,0.01986181106057303,3.051245176901984,0.006912824812839773
-0.0379914052040221,-0.42386567548433707,19.333873006663833,0.02779265237472311,9.77647972681313,0.015890453374136186,3.06705593418056,0.005509436888579917
-0.03376006747802295,-0.42386567548433707,19.42153879227672,0.022181586142138894,9.82090193117091,0.012693602937084861,3.0813606635631645,0.004380432113974569
-0.03,-0.42386567548433707,19.500523769563394,0.017682761258824398,9.860988925903815,0.010124550126302576,3.0941936941764157,0.0034802306922086393
0.03,-0.42386567548433707,20.901489069432557,0.019977498666861486,10.572897098359997,0.011517006672737813,3.317764351521251,0.003979004271945456
0.03376006747802295,-0.42386567548433707,20.997745760907666,0.025474599770297656,10.621860466842664,0.014694570029744222,3.3333101293305996,0.005091065468801664
0.0379914052040221,-0.42386567548433707,21.107303312681584,0.03251180251295723,10.677467702297548,0.018755917254298,3.3510098969377387,0.0065185609723015705
0.04275308010908995,-0.42386567548433707,21.23209803012238,0.04152633051377823,10.740611920687241,0.023944346452326095,3.3710648258768097,0.008341312042828244
0.04811156231253989,-0.42386567548433707,21.37429561668777,0.05307431666677236,10.812311895246905,0.030569088327640583,3.3936511150083004,0.010652022908505514
0.0541416530048151,-0.42386567548433707,21.536279241873842,0.067856670511623,10.893779505494322,0.03902812309415321,3.419028314358262,0.013569622509004927
0.06092752862714207,-0.42386567548433707,21.720668946887002,0.08675156687866267,10.986538343427055,0.04984532730595348,3.4477854197272726,0.017280383518117785
0.06856391592404971,-0.42386567548433707,21.93045916834936,0.11086653905254805,11.092552114929124,0.06372387243830735,3.48103738115337,0.022097532623963818
0.07715741427178036,-0.42386567548433707,22.16936436150198,0.1416345468986636,11.214200105177538,0.08159635097522604,3.520009733400697,0.028447395872207258
0.0868279837415025,-0.42386567548433707,22.44226828314245,0.18096505733464932,11.35385856820299,0.10461542187294216,3.564759773323284,0.03665395830303999
0.09771061966979347,-0.42386567548433707,22.75517406044011,0.2313715345468889,11.513218197241578,0.1340523507095007,3.6140278622396282,0.046791224687266604
0.10995723711238882,-0.42386567548433707,23.113807940267534,0.29586245735524175,11.693596285144103,0.17131640698117412,3.6691770329482427,0.05946918428183326
0.12373879148704055,-0.42386567548433707,23.5217621384632,0.3775772602011245,11.89858441229046,0.21856323021861346,3.7354762493078764,0.0765103826384626
0.13924766500838334,-0.42386567548433707,23.982504930696166,0.48004891922051335,12.134954332338351,0.27924537298836116,3.8105074609314142,0.09807929087025068
0.15670035222800524,-0.42386567548433707,24.505008376538125,0.6086265952593438,12.403502400441617,0.3558752476821568,3.890808024018848,0.12373910604164777
0.17634048216824733,-0.42386567548433707,25.096297534986437,0.7690339013401427,12.696294508118637,0.44826081957924324,3.987363063580219,0.15795965828343161
0.19844221923690444,-0.42386567548433707,25.746744343106094,0.9625434650047211,13.023737807185672,0.5618838071525687,4.087278512359602,0.19705230640328575
0.22331409039755062,-0.42386567548433707,26.458114036489057,1.1931266497419715,13.38994139334572,0.7010491381776883,4.204422928755996,0.24739626776278495
0.2513032920204875,-0.42386567548433707,27.23265887347462,1.4648959304656524,13.775760933361367,0.8605633933359982,4.322412069589706,0.3027467028002705
0.2828005365353655,-0.42386567548433707,28.051445870197586,1.7736399826872862,14.19396055845798,1.04734770839704,4.453898135511259,0.3695883240419213
0.3182455065418344,-0.42386567548433707,28.90718485706701,2.117722220345191,14.620106876162984,1.2514444578277728,4.592229834119561,0.44541612141262843
0.35813299251433084,-0.42386567548433707,29.791166872669855,2.493928032358423,15.069717764536597,1.4806897953708917,4.732874464920116,0.5279287708749557
0.40301979977966995,-0.42386567548433707,30.71381416456392,2.9068363350615805,15.54266827204023,1.7360370520031758,4.87806307775529,0.6184661329348478
0.4535325211846986,-0.42386567548433707,31.69867535478357,3.3679792465152216,16.038326337561905,2.0179909287436817,5.035483917813701,0.7223772815069076
0.5103762839557767,-0.42386567548433707,32.797247037252724,3.9043294116832623,16.588609124853264,2.346724469619334,5.206122556357049,0.8413025862223683
0.5743445928509872,-0.42386567548433707,34.0613899092758,4.546418783017645,17.23350520512582,2.75100227478491,5.4033395241711535,0.9862992320002556
0.6463304070095649,-0.42386567548433707,35.590725973857246,5.3532767339201754,18.003006855155757,3.2573065187533587,5.650214217345044,1.1782564424626325
0.7273386051246984,-0.42386567548433707,37.47894563832348,6.386106612476763,18.956837293054335,3.916280148891073,5.948046711916921,1.423796778573028
0.8185000129460304,-0.42386567548433707,39.86844590174687,7.736467492820992,20.169725726828172,4.79634136077794,6.3247091310032735,1.753661648885062
0.9210871889273549,-0.42386567548433707,42.88952411600006,9.488795706177262,21.69096757580234,5.9533473912016035,6.806791808513978,2.2030098274774685
1.0365321883776653,-0.42386567548433707,46.724958898255,11.747056384293746,23.642915378240723,7.502101900335121,7.413124510484495,2.8043149797131517
1.166446554092426,-0.42386567548433707,51.61770168636265,14.622716402772518,26.114348333776483,9.530564510097722,8.191757874134689,3.623847577850161
1.3126438125222553,-0.42386567548433707,57.86016754094018,18.198260401337013,29.26635993289124,12.17178778898311,9.182203894602393,4.724992004452833
1.4771647895120215,-0.42386567548433707,65.79331327477884,22.484234055779716,33.27553230082467,15.538469263548393,10.43704534423607,6.187334481466996
1.6623060990028473,-0.42386567548433707,75.84431444074869,27.393982509067964,38.36629388517178,19.715389122758918,12.036223945133905,8.121195762170668
1.8706522023821734,-0.42386567548433707,88.6473345613869,32.757874802681386,44.83797655387874,24.730408015455247,14.066901756997854,10.637541793312192
2.1051114860111477,-0.42386567548433707,104.90048434752438,38.24878793617633,53.05867555966628,30.479697053521527,16.652321238325076,13.870353487507995
2.368956860549917,-0.42386567548433707,125.51032924552153,43.51243882442079,63.495943572499414,36.68102806672138,19.927604009023476,17.926241906241017
2.6658714488230206,-0.42386567548433707,151.71488691214404,48.27811981986485,76.74896155873198,42.87003578636009,24.105241749460227,22.93144939654299
3.0,-0.42386567548433707,184.93058860542584,52.37957011191034,93.58572538363518,48.51602829246127,29.389155545481458,28.87454522098876
-3.0,-0.37399912542735625,230.94264720031575,56.045962022467926,116.75942232012027,53.5538876617598,36.69821042486793,36.23842728606414
-2.6658714488230206,-0.37399912542735625,182.19637600334661,52.10014617409087,92.10982463655806,48.10186806413381,28.934855100248427,28.38288403915059
-2.368956860549917,-0.37399912542735625,144.0308250814188,47.055625719036726,72.88971631725661,41.24740095406483,22.85875220856091,21.46293843006091
-2.1051114860111477,-0.37399912542735625,114.23892267644456,40.8378520289483,57.7924292812347,33.44516479660103,18.13894416074083,15.721288175526453
-1.8706522023821734,-0.37399912542735625,90.99926647995717,33.63879183359073,46.020446763036674,25.602653896391175,14.456531705502252,11.124169429702777
-1.6623060990028473,-0.37399912542735625,72.97077241196853,26.05315361657973,36.862954886830984,18.499154525505865,11.580842883854066,7.564623648397688
-1.4771647895120215,-0.37399912542735625,58.92434742572422,18.791915648750688,29.82132186070272,12.639045008246024,9.361076945584857,4.92945169518367
-1.3126438125222553,-0.37399912542735625,48.05931667603798,12.534319141007167,24.334941382551687,8.06404201390844,7.6350018475955075,3.0329392977235674
-1.166446554092426,-0.37399912542735625,39.765344415016536,7.677416714876001,20.069327110899724,4.7219180749982375,6.290129525130412,1.722551003541947
-1.0365321883776653,-0.37399912542735625,33.31824034769539,4.165947478262054,16.84305141689287,2.5038954127059703,5.270708355796561,0.8879258368039384
-0.9210871889273549,-0.37399912542735625,28.41635866880702,1.9178148594144657,14.365431524570285,1.1278612267553376,4.495823011224769,0.39199036609916177
-0.8185000129460304,-0.37399912542735625,24.72899481052978,0.6675832279783931,12.48365342565732,0.3802700573595046,3.9101882610870806,0.13031824066103206
-0.7273386051246984,-0.37399912542735625,21.898426591409606,0.1070068942406949,11.063267168852365,0.0597304281005267,3.4734849567323898,0.020954424324144467
-0.6463304070095649,-0.37399912542735625,19.881118789412877,0.0032305555842414703,10.039713207865816,0.00224374148869677,3.1448128077098394,0.0009504241123449633
-0.5743445928509872,-0.37399912542735625,18.398831278056324,0.13007331489835638,9.28911561142851,0.07623231459897208,2.9050860314663267,0.027939846172962766
-0.5103762839557767,-0.37399912542735625,17.35135425883638,0.3456896267878236,8.760706575968479,0.19863292619632353,2.748639811371165,0.06781721501631147
-0.4535325211846986,-0.37399912542735625,16.648138523700233,0.5580202705772774,8.40418692194646,0.3186800169464293,2.632422738587289,0.11031566673221602
-0.40301979977966995,-0.37399912542735625,16.208251376398366,0.7213665872504402,8.18349058892181,0.40959680174900764,2.5596195277987914,0.1430401427415741
-0.35813299251433084,-0.37399912542735625,15.953822627157695,0.8272996789779259,8.058223656096752,0.46720517040656495,2.520961858718111,0.1624441314810341
-0.3182455065418344,-0.37399912542735625,15.860568624627366,0.8683097447559249,8.013054457068169,0.4890819669089587,2.5089249133109943,0.1687828000883572
-0.2828005365353655,-0.37399912542735625,15.90010692471459,0.8507769411278865,8.029179338051371,0.4812040980597535,2.5175473828331048,0.16422771465806144
-0.2513032920204875,-0.37399912542735625,15.990977254415979,0.8112899732923609,8.07863273168387,0.4575142099538922,2.5352478686034323,0.15510521337678004
-0.22331409039755062,-0.37399912542735625,16.165496452187373,0.7385674395489881,8.166806492684605,0.41701328671837645,2.555872552205025,0.14485809470096006
-0.19844221923690444,-0.37399912542735625,16.366077983962033,0.6599300095945472,8.265892012068552,0.37410126796907894,2.594622391585299,0.12669614389984551
-0.17634048216824733,-0.37399912542735625,16.591187500531458,0.5777967395454435,8.384257146567435,0.32635157569469053,2.6264980847863817,0.11279745970350197
-0.15670035222800524,-0.37399912542735625,16.834576523192844,0.4960491853226646,8.506574772485015,0.2809068230873717,2.669356044032974,0.09554825068328403
-0.13924766500838334,-0.37399912542735625,17.078320103378513,0.4212870289011501,8.630303705331585,0.23884495546285145,2.7055625442853,0.082224880278582
-0.12373879148704055,-0.37399912542735625,17.322404148074835,0.3533063363182783,8.756146119305736,0.19996939449685427,2.7456819811474436,0.06875728406117003
-0.10995723711238882,-0.37399912542735625,17.56177195075054,0.29311046877284724,8.877480530637024,0.16610018073038105,2.7850403613197776,0.056830631081609
-0.09771061966979347,-0.37399912542735625,17.789248605964328,0.24165336528190492,8.991431412320189,0.13742647788201293,2.819616304836133,0.04737421758712742
-0.0868279837415025,-0.37399912542735625,18.002731760582602,0.19830235454640227,9.099176642191521,0.11302878303789446,2.8536865947541417,0.03896570510006456
-0.07715741427178036,-0.37399912542735625,18.202853411032752,0.1618850047853397,9.201349741562012,0.09226635391099336,2.887116058069608,0.03157139628047872
-0.06856391592404971,-0.37399912542735625,18.38988350678317,0.13144413100200453,9.297207808139285,0.07483640425879769,2.917562494772432,0.02555750378829042
-0.06092752862714207,-0.37399912542735625,18.563409786064284,0.10623020684453136,9.385861134250092,0.06044201152434216,2.9446515453285045,0.020771873321165268
-0.0541416530048151,-0.37399912542735625,18.723072382493925,0.08554767885994001,9.467006833298495,0.04868953551762677,2.969306650269148,0.016869886169295852
-0.04811156231253989,-0.37399912542735625,18.868980552413046,0.06871236588330498,9.540886406118092,0.03914956486572071,2.992222810206457,0.013624038676807941
-0.04275308010908995,-0.37399912542735625,19.001690382164536,0.05508029788308669,9.607997584655251,0.0314253934169794,3.0135315963769687,0.010929919122374458
-0.0379914052040221,-0.37399912542735625,19.122019189695692,0.04407988968213223,9.668883805777943,0.02518120553041582,3.0331133681659215,0.00872546302244411
-0.03376006747802295,-0.37399912542735625,19.230881743213804,0.035224680098888295,9.724049390063312,0.020142020109064056,3.050878101345043,0.006947360094480247
-0.03,-0.37399912542735625,19.32919579913098,0.028110417192691764,9.773948218829972,0.016083788987871484,3.0668525330418692,0.005526450817427076
0.03,-0.37399912542735625,21.101665602718356,0.032129563659867744,10.674617288294264,0.018536114593370092,3.3497235141493618,0.006409062824292593
0.03376006747802295,-0.37399912542735625,21.22501517252767,0.04098649961244167,10.7373552881065,0.023661883322364182,3.3696387100346965,0.00820454603149671
0.0379914052040221,-0.37399912542735625,21.365596431788703,0.0523292193945567,10.808704526596745,0.03021732946171725,3.392342705711976,0.010510773937375538
0.04275308010908995,-0.37399912542735625,21.52596131801204,0.06686400500669445,10.889847775748255,0.03859735739053706,3.4181078326950987,0.013457909165265465
0.04811156231253989,-0.37399912542735625,21.70897717167479,0.08548899811491709,10.98213934530195,0.04930415656831859,3.447179763351563,0.017197848109400483
0.0541416530048151,-0.37399912542735625,21.91781703003058,0.10933568903094355,11.087192268439257,0.06298392873394099,3.4799139571638418,0.021925683519496843
0.06092752862714207,-0.37399912542735625,22.15598942228365,0.13982061688510103,11.207029804912148,0.08048607103459142,3.5170846018764674,0.02794479033049376
0.06856391592404971,-0.37399912542735625,22.4275160898692,0.1787271936527629,11.344249090788809,0.10294741863329848,3.5601311153262998,0.03576046531740502
0.07715741427178036,-0.37399912542735625,22.737369976681123,0.2283546721641767,11.501992108328466,0.13187020898628132,3.6106374461749215,0.04605726906580877
0.0868279837415025,-0.37399912542735625,23.092041381125572,0.291749052497684,11.683420557042163,0.16910523972565922,3.6687302783510045,0.0593609486022724
0.09771061966979347,-0.37399912542735625,23.49947267902328,0.3728896839852881,11.890858493768727,0.21669041531908892,3.7328987209263413,0.07581198224465197
0.10995723711238882,-0.37399912542735625,23.967292705525924,0.47649897410053266,12.126185007975131,0.27687882276789455,3.8049359132210787,0.0963964511675479
0.12373879148704055,-0.37399912542735625,24.500461007740565,0.6074530277594385,12.39415228665657,0.35307428901910587,3.891514740894521,0.12397642050429497
0.13924766500838334,-0.37399912542735625,25.103769403231833,0.7711577470952526,12.70347544368642,0.450638206360284,3.989639439451756,0.15880936672041984
0.15670035222800524,-0.37399912542735625,25.788879603304974,0.9756645581938401,13.055281722379481,0.5733802060277442,4.095081299935803,0.20025715358902837
0.17634048216824733,-0.37399912542735625,26.564878269045284,1.2293457826555387,13.43979511628735,0.7209360099280964,4.221628588326309,0.25518413270195284
0.19844221923690444,-0.37399912542735625,27.419887262458907,1.5336236359456363,13.870342301907588,0.9015811624700115,4.353154906440026,0.3178999104213231
0.22331409039755062,-0.37399912542735625,28.356747325501935,1.8939978042562813,14.352081694286886,1.121513753959153,4.507130311253371,0.39811976663121684
0.2513032920204875,-0.37399912542735625,29.379469108989323,2.3162280066167233,14.861887389182904,1.373018643140504,4.6632912367183215,0.4864459375010589
0.2828005365353655,-0.37399912542735625,30.467331113995247,2.7946286292569757,15.417071188780142,1.6668742184988827,4.8377847313371936,0.5928240621101268
0.3182455065418344,-0.37399912542735625,31.617263974478924,3.3291193985396776,15.990611145004266,1.9902441198144,5.0234497826596405,0.7142318191546068
0.35813299251433084,-0.37399912542735625,32.82889084133321,3.9200926146951907,16.606416502177265,2.3576214068424375,5.216225649002449,0.8485389827424346
0.40301979977966995,-0.37399912542735625,34.1291446443262,4.581509740030225,17.271880264989015,2.7756602412631226,5.421138009773455,0.9997615032060352
0.4535325211846986,-0.37399912542735625,35.56467737052128,5.339291140925486,17.995414368693435,3.2521941269768795,5.650437682784923,1.1784351428967086
0.5103762839557767,-0.37399912542735625,37.21954877986467,6.2421716815927795,18.82603642421866,3.8240471066495787,5.9085662273797155,1.390428952942254
0.5743445928509872,-0.37399912542735625,39.17961014039915,7.34314847507009,19.82416233338732,4.541313853063731,6.2156228403101155,1.6560675971328964
0.6463304070095649,-0.37399912542735625,41.591938993661635,8.731623078071376,21.039343931480083,5.451413265620013,6.60344464156086,2.010051886389861
0.7273386051246984,-0.37399912542735625,44.602360052051985,10.495005142527734,22.560374790891128,6.635659594938117,7.079003504536253,2.468429013758112
0.8185000129460304,-0.37399912542735625,48.42290870170388,12.748618428427354,24.49797803803227,8.197214157939,7.6822625214704825,3.0821723575645654
0.9210871889273549,-0.37399912542735625,53.262135964802404,15.577964222107397,26.937420205722773,10.216590694032819,8.453583949419025,3.909290686382109
1.0365321883776653,-0.37399912542735625,59.407023081151515,19.05940622562799,30.059482897118812,12.839576525983293,9.4255917011113,5.003558842710806
1.166446554092426,-0.37399912542735625,67.23306932605885,23.22484415879745,34.01440923374143,16.153855298771912,10.670364997028761,6.465439803383328
1.3126438125222553,-0.37399912542735625,77.20426526832928,28.010819567411513,39.051277114903634,20.263828188150228,12.252911727761001,8.387316782223659
1.4771647895120215,-0.37399912542735625,89.86712240678433,33.21862482527456,45.451697550046376,25.184939186638317,14.256661091061744,10.874457638452238
1.6623060990028473,-0.37399912542735625,105.90623740349834,38.54574912923944,53.57284040118243,30.814181019483108,16.808147610899365,14.064910230394185
1.8706522023821734,-0.37399912542735625,126.31757933921588,43.6873319811299,63.891578953367194,36.89209609150413,20.045240366175104,18.070171164426938
2.1051114860111477,-0.37399912542735625,152.20671889549632,48.35217622739941,76.98515140410424,42.96490025850347,24.162679747015186,22.998553831773805
2.368956860549917,-0.37399912542735625,185.03872130256036,52.390443627012004,93.60966600881346,48.52263511508977,29.379688915770153,28.864338976803868
2.6658714488230206,-0.37399912542735625,226.7640722548649,55.77770222081202,114.70401634098202,53.198325193264814,36.02460844721871,35.604110218604085
3.0,-0.37399912542735625,279.6219960303042,58.54856308763988,141.4929377522885,56.911158469743285,44.43330901166138,42.85779155080509
-3.0,-0.32413257537037543,336.21051957972645,60.50088306057531,169.9962142920038,59.401276723353604,53.421526440300376,49.02687492596026
-2.6658714488230206,-0.32413257537037543,264.46053814510424,57.87390627581324,133.69082079882202,56.008172664908095,42.00585757897615,40.912552945868526
-2.368956860549917,-0.32413257537037543,208.15450139728847,54.443855071800385,105.35544416981156,51.38052999517055,33.040601615421416,32.68448942571609
-2.1051114860111477,-0.32413257537037543,164.17202922472154,50.01580294650017,83.05426573660348,45.23800697619735,26.070367244623153,25.197415240495964
-1.8706522023821734,-0.32413257537037543,129.73311818514065,44.40488294103003,65.61493410410141,37.791687516450295,20.615941931241448,18.766265592770296
-1.6623060990028473,-0.32413257537037543,102.96981473401634,37.665716997589854,52.02404063967509,29.797507889529456,16.344803242594857,13.486137991027709
-1.4771647895120215,-0.32413257537037543,82.03835991464277,30.11177340098049,41.516931149907705,22.205191827072017,13.034804409574285,9.35314100042445
-1.3126438125222553,-0.32413257537037543,65.7975957784944,22.486454877760295,33.308542817528725,15.566012821064188,10.45264346913865,6.205874702715355
-1.166446554092426,-0.32413257537037543,53.30235383687771,15.601224145912457,26.91063893356774,10.194212137533945,8.437900218226607,3.892068250471639
-1.0365321883776653,-0.32413257537037543,43.56710065801684,9.886118909051216,22.023246381973372,6.212528275947533,6.895486039797814,2.288627847245816
-0.9210871889273549,-0.32413257537037543,36.09941383006574,5.627923221765034,18.249833541727345,3.424699997421728,5.714499382369058,1.2300171618907876
-0.8185000129460304,-0.32413257537037543,30.41772929360129,2.7722113713963235,15.357826571720826,1.6345834903614842,4.8115342450261025,0.5763268347667795
-0.7273386051246984,-0.32413257537037543,26.034547561554483,1.0535343520927343,13.153558814510536,0.6098003263249075,4.129944461597335,0.2148387592585814
-0.6463304070095649,-0.32413257537037543,22.825447145993714,0.24345173209983656,11.526786700842129,0.13671149440177907,3.610935175214826,0.04612150804790698
-0.5743445928509872,-0.32413257537037543,20.425617075302192,0.0024967372340873187,10.311720360554538,0.0010438736315141074,3.2249003146381288,0.00017141908389621638
-0.5103762839557767,-0.32413257537037543,18.67535866516059,0.091478906265552,9.42801692176782,0.05416853202924581,2.9580952873209316,0.01859114104225105
-0.4535325211846986,-0.32413257537037543,17.439492591076068,0.32307368363744304,8.801940530804128,0.1867755327939417,2.7568500049550013,0.06524535483766442
-0.40301979977966995,-0.32413257537037543,16.600263358866354,0.5746182912653907,8.379461017030724,0.328213438041312,2.620010858061161,0.1155511669703049
-0.35813299251433084,-0.32413257537037543,16.047645459474445,0.7872304811389075,8.10389083409101,0.4456863936907149,2.534300019572379,0.15558598920877192
-0.3182455065418344,-0.32413257537037543,15.73946231083622,0.9233565503134212,7.950262925590119,0.5204866631426824,2.4884479081216413,0.17989616448702492
-0.2828005365353655,-0.32413257537037543,15.629563400580128,0.9750858894889401,7.890277650841414,0.5515830540898975,2.4737082271100896,0.18815650542094686
-0.2513032920204875,-0.32413257537037543,15.61492382876642,0.9821058625848538,7.886785069148063,0.5534269598828392,2.4750782786821177,0.1873794201072188
-0.22331409039755062,-0.32413257537037543,15.72506535441401,0.9300363262072706,7.942463307258658,0.5244690704848802,2.4843430299463756,0.1821745221517027
-0.19844221923690444,-0.32413257537037543,15.887624335733305,0.8562890456241653,8.02182985067849,0.48478530700614064,2.518187742053226,0.16389234536577577
-0.17634048216824733,-0.32413257537037543,16.095731937161823,0.7671518407966944,8.132368195145023,0.4325693556250807,2.5466894559711712,0.1493701634699374
-0.15670035222800524,-0.32413257537037543,16.338708936773624,0.6703535401554603,8.254355391682806,0.3789581634202627,2.5902118648767956,0.1286926134566066
-0.13924766500838334,-0.32413257537037543,16.59259723069801,0.577302370362621,8.383273454975251,0.3267329486652347,2.6275971028652485,0.11233470593040457
-0.12373879148704055,-0.32413257537037543,16.855077717485827,0.4894904972877438,8.51884881597702,0.2765606932942936,2.6708588175142043,0.09497276509936815
-0.10995723711238882,-0.32413257537037543,17.11844051922873,0.4096459415853053,8.65238140164369,0.2317433537746756,2.7142810504544452,0.07918366874029775
-0.09771061966979347,-0.32413257537037543,17.372786420749534,0.34011101627612217,8.779723291071695,0.19311383811903263,2.7528441059419926,0.06649332886968953
-0.0868279837415025,-0.32413257537037543,17.614478268478138,0.280695865406323,8.90168649947282,0.15975827486170988,2.7914156953435088,0.05501599960830365
-0.07715741427178036,-0.32413257537037543,17.84336878199644,0.23021653082036395,9.018581672247892,0.13103282421134912,2.8297174353265304,0.044788132358638745
-0.06856391592404971,-0.32413257537037543,18.05908387165974,0.1876395130912755,9.129183040301772,0.10669427682264732,2.864863751274094,0.036400088308579784
-0.06092752862714207,-0.32413257537037543,18.260589503433465,0.15212163946626348,9.232157566473369,0.08645052177551907,2.89631353112359,0.02968300060068448
-0.0541416530048151,-0.32413257537037543,18.447027617101973,0.12282240340177125,9.326924079747775,0.0698285619510044,2.9250904894332552,0.024174675533407363
-0.04811156231253989,-0.32413257537037543,18.618188500579297,0.09886512414235948,9.41359551199728,0.05627362639247082,2.9519682091609942,0.019569170719758288
-0.04275308010908995,-0.32413257537037543,18.77446751818206,0.07939460423076498,9.49262851408556,0.04525685224279613,2.9770635823457496,0.01573041467719282
-0.0379914052040221,-0.32413257537037543,18.916630190310272,0.06363511120513302,9.564565138776924,0.03632267646640412,3.0002027743275534,0.012578798940713738
-0.03376006747802295,-0.32413257537037543,19.0456051435126,0.050916905011888836,9.62992500991901,0.029093513327962225,3.0212533099129857,0.010029808144078186
-0.03,-0.32413257537037543,19.162361564092596,0.040677631103953796,9.689186356140398,0.02325870748461354,3.0402269873410988,0.007988273225761431
0.03,-0.32413257537037543,21.301863958022757,0.047023553493705565,10.776344054716132,0.027149044003282722,3.3816850936983824,0.009394016050432602
0.03376006747802295,-0.32413257537037543,21.452614628916102,0.06000709550487707,10.853011862460903,0.03467218571900897,3.4060182854131797,0.012031693783361188
0.0379914052040221,-0.32413257537037543,21.624644520005702,0.07663977962580057,10.940317297676106,0.04429880821792262,3.4337935197520055,0.015421646301033353
0.04275308010908995,-0.32413257537037543,21.82115494862613,0.09795864409055799,11.03974988672695,0.0566114003138862,3.4653597465544252,0.019756667165707287
0.04811156231253989,-0.32413257537037543,22.045757035322087,0.12528167781411256,11.15302080626093,0.07235084694269209,3.5010389827807575,0.02526255533618712
0.0541416530048151,-0.32413257537037543,22.30246580992323,0.16026790089397483,11.282170611775934,0.09247007223196635,3.5412910929736987,0.032229558820776584
0.06092752862714207,-0.32413257537037543,22.59574199248234,0.20499155954124323,11.42975447150743,0.11821971892755107,3.58708570598324,0.04110644852652618
0.06856391592404971,-0.32413257537037543,22.930711375141147,0.262058270796232,11.599041780905518,0.15126894996894502,3.640198672452687,0.052634827148810105
0.07715741427178036,-0.32413257537037543,23.31369632096552,0.3348144002251671,11.793982899931017,0.19381532605481971,3.702585809919257,0.06781492101436572
0.0868279837415025,-0.32413257537037543,23.75289910843041,0.427667196438154,12.018576933425724,0.2485562211099246,3.7744584088964848,0.08741983935848333
0.09771061966979347,-0.32413257537037543,24.258319413070986,0.5463304272487318,12.275838620192454,0.3184523914194885,3.854073764631379,0.11167749745928554
0.10995723711238882,-0.32413257537037543,24.839613225666238,0.6975209709815199,12.568272245145984,0.40676338592662176,3.9436801014078036,0.14203341099014605
0.12373879148704055,-0.32413257537037543,25.5032302789089,0.8880861100618759,12.901860280485536,0.5183618849673138,4.0513717127358255,0.18258479007080947
0.13924766500838334,-0.32413257537037543,26.25540725242196,1.1254946837423672,13.28732177143814,0.660811937085374,4.173581248901409,0.2336848166544961
0.15670035222800524,-0.32413257537037543,27.110621394367474,1.4207181241662854,13.72614888206603,0.8393427592641973,4.305352913088199,0.2944664154091648
0.17634048216824733,-0.32413257537037543,28.080141047997458,1.784835274653604,14.206804082452793,1.0533012920458127,4.463284885793115,0.3745593092262324
0.19844221923690444,-0.32413257537037543,29.150044807672572,2.2190670386227263,14.74569872880894,1.3140911123344616,4.628059684578027,0.46593243158206354
0.22331409039755062,-0.32413257537037543,30.32481377027235,2.730368238710846,15.34921042512311,1.6299053619115345,4.820825352795611,0.5821463554513769
0.2513032920204875,-0.32413257537037543,31.611256106481015,3.326256774783789,15.99088241835582,1.9904015135838602,5.017649781713132,0.7103177012848305
0.2828005365353655,-0.32413257537037543,32.988945375235325,4.000077798861817,16.693518079947186,2.4111467467526446,5.238423193979077,0.8645124713833524
0.3182455065418344,-0.32413257537037543,34.46231689011223,4.754993271704064,17.429379588637218,2.8775342684392347,5.476075850451807,1.0416933332828318
0.35813299251433084,-0.32413257537037543,36.044017633540875,5.597876152297192,18.232810972408462,3.413082321719993,5.727738613607348,1.240764166406259
0.40301979977966995,-0.32413257537037543,37.78264241647752,6.555361788143696,19.121496674496488,4.033176283036084,6.002053511305584,1.4698286580382973
0.4535325211846986,-0.32413257537037543,39.75344679298574,7.670606366936188,20.115840170684024,4.75636432662667,6.316672174445446,1.7464167226683456
0.5103762839557767,-0.32413257537037543,42.07890185754245,9.015118373187967,21.284663823753885,5.639344360266149,6.680459580282755,2.0825708888737404
0.5743445928509872,-0.32413257537037543,44.885330544421194,10.66171963879357,22.712037921614936,6.756002561591852,7.121291968109879,2.5103485487558856
0.6463304070095649,-0.32413257537037543,48.374921789986686,12.720342876506072,24.471158550881196,8.175288245160102,7.680821086416015,3.080668071885593
0.7273386051246984,-0.32413257537037543,52.756047567274535,15.284831124838398,26.685032671981393,10.005834386373532,8.373560147049222,3.821577873009457
0.8185000129460304,-0.32413257537037543,58.323346861270046,18.457295677691974,29.50696528774917,12.374355060755967,9.253548739029974,4.806360958363626
0.9210871889273549,-0.32413257537037543,65.38096143835418,22.26990086569088,33.06714163039591,15.364489820419085,10.377651821151655,6.116808789046008
1.0365321883776653,-0.32413257537037543,74.34231413913663,26.69947619679552,37.61549654133861,19.110058843246833,11.79575033312562,7.826801271403658
1.166446554092426,-0.32413257537037543,85.74280472794618,31.62648584938149,43.378394712845676,23.63395705052243,13.608404021728068,10.065950398976344
1.3126438125222553,-0.32413257537037543,100.25474537324457,36.815934759268345,50.71092821356746,28.91423483768601,15.912066107921145,12.945013634534376
1.4771647895120215,-0.32413257537037543,118.67587184283474,41.94488645606203,60.022795236053014,34.75396822416985,18.827759429651554,16.57381992101344
1.6623060990028473,-0.32413257537037543,142.00413639173033,46.71138137004157,71.83247671392353,40.778257144518,22.538298312348683,21.081748172196434
1.8706522023821734,-0.32413257537037543,171.67394154407816,50.93827726822893,86.83287209978408,46.504204933727294,27.24342540817035,26.519396048975903
2.1051114860111477,-0.32413257537037543,209.28580956631595,54.53211737219944,105.85413873496046,51.486635367720105,33.22444288936733,32.86948406451026
2.368956860549917,-0.32413257537037543,256.9866978395607,57.51012964328741,130.00535639107642,55.537117897408685,40.80351551630935,39.90430799216996
2.6658714488230206,-0.32413257537037543,317.59146597739533,59.93982638000539,160.63628397804987,58.697439848921135,50.44816480899902,47.16289377702815
3.0,-0.32413257537037543,394.3360822887321,61.89453098523187,199.5270582272127,61.12739157361617,62.657005790957776,53.781471207985035
-3.0,-0.2742660253133946,460.6400280181814,63.03567278405783,232.925098201802,62.485367208908315,73.18808890107778,57.56877188525582
-2.6658714488230206,-0.2742660253133946,361.877160941839,61.17455807532315,182.93051594571713,60.236978976127716,57.4848546430813,51.30447823119797
-2.368956860549917,-0.2742660253133946,284.2523333640366,58.73939022868179,143.88432380847362,57.16500611353135,45.12424728023644,43.389449851465734
-2.1051114860111477,-0.2742660253133946,223.58638292947327,55.56657207602938,113.11256519517482,52.912841609699704,35.50796496171033,35.11138140189901
-1.8706522023821734,-0.2742660253133946,175.96460954924152,51.429454728727166,89.00285724599215,47.18414442377457,27.967931622227535,27.32388659902303
-1.6623060990028473,-0.2742660253133946,138.91151709147996,46.16714364292518,70.18994991100425,40.02759761476722,22.052755642604755,20.50146157713822
-1.4771647895120215,-0.2742660253133946,109.85925748107061,39.669538129249354,55.59358661925851,32.099518140666646,17.456599822320396,14.873311341521704
-1.3126438125222553,-0.2742660253133946,87.27055409079662,32.227651418571504,44.17014981911135,24.231402494786117,13.863330100010597,10.383593251687389
-1.166446554092426,-0.2742660253133946,69.80219254182032,24.515893560274876,35.25134206561996,17.17808927589158,11.056911919190396,6.92959589564726
-1.0365321883776653,-0.2742660253133946,56.17102896589268,17.24550445167342,28.394161168282746,11.437995321384934,8.894534957730581,4.399478750222627
-0.9210871889273549,-0.2742660253133946,45.655306057418095,11.115769671257311,23.081463241925793,7.0506205315697805,7.231037724606075,2.6199549503681143
-0.8185000129460304,-0.2742660253133946,37.596792260533036,6.451691715263594,18.98623152121507,3.9370841211022216,5.9498410630613,1.4253190281891246
-0.7273386051246984,-0.2742660253133946,31.360055083535038,3.2072002121935177,15.845659149691027,1.9067283217915283,4.975342100079038,0.6819985280822967
-0.6463304070095649,-0.2742660253133946,26.7186695892126,1.2822306223608382,13.49409263947781,0.7428446037568008,4.227955206467808,0.25807251286359734
-0.5743445928509872,-0.2742660253133946,23.211361680686874,0.3146085747606264,11.718434636938788,0.17676769438882053,3.6655206384081658,0.05858597681357829
-0.5103762839557767,-0.2742660253133946,20.60718559276645,0.007232440190921035,10.402964306918863,0.003442997052743381,3.2641614574150313,0.0011797113537346732
-0.4535325211846986,-0.2742660253133946,18.718253272919156,0.08613714357351067,9.44643267470589,0.0515421501997963,2.95888929529479,0.018466335163210088
-0.40301979977966995,-0.2742660253133946,17.383692550069004,0.33729183195371243,8.773577404027632,0.19488802556323528,2.7427626214158534,0.069692174833012
-0.35813299251433084,-0.2742660253133946,16.45628466924631,0.6262507920450755,8.308914614146154,0.35630874130434453,2.5978198104173935,0.1252600345473271
-0.3182455065418344,-0.2742660253133946,15.871993812439715,0.8632213375248411,8.01584267678025,0.48771434385893675,2.508370478535201,0.16907820899146042
-0.2828005365353655,-0.2742660253133946,15.563280822059731,1.0071143018171416,7.854841638131012,0.5704632365642138,2.4623975455955796,0.1946451089794058
-0.2513032920204875,-0.2742660253133946,15.403903911029744,1.0867234127515364,7.7784821655396446,0.6124556579517103,2.4411406071628865,0.20719650222948913
-0.22331409039755062,-0.2742660253133946,15.41784519087338,1.0796117871327684,7.785591391741831,0.6084698911824084,2.4340720833111957,0.2114745625844978
-0.19844221923690444,-0.2742660253133946,15.516965073723682,1.0298689477982155,7.8323790413953205,0.5826295686141385,2.4589000210290264,0.19667810534638488
-0.17634048216824733,-0.2742660253133946,15.687570179876298,0.947569694484191,7.924680465241928,0.5336166858555937,2.480801138024617,0.1841540728084018
-0.15670035222800524,-0.2742660253133946,15.913598697416129,0.8448431634119038,8.037981430682088,0.4769357688035019,2.5223250279638094,0.1617352596291169
-0.13924766500838334,-0.2742660253133946,16.16433630104105,0.7390375291874703,8.165352552381083,0.41766329352303677,2.55879709170837,0.143438027667502
-0.12373879148704055,-0.2742660253133946,16.434472945014218,0.634299669223503,8.305210547827228,0.3578208431626667,2.6034780023559554,0.12274173798479712
-0.10995723711238882,-0.2742660253133946,16.713157358168644,0.5359291316973261,8.446554721566873,0.3027185955473195,2.649579250404774,0.10330587388553375
-0.09771061966979347,-0.2742660253133946,16.987384040619713,0.44836323024047403,8.58375825820394,0.25421493132788264,2.6910281168795516,0.08743815945281143
-0.0868279837415025,-0.2742660253133946,17.25164692092479,0.3723175545391819,8.717085527299668,0.21162212847754222,2.7332006621429517,0.07280349968660614
-0.07715741427178036,-0.2742660253133946,17.504744177082543,0.3068815490354099,8.846387123789954,0.17444757295461957,2.7756396517342736,0.05956558875562974
-0.06856391592404971,-0.2742660253133946,17.7454436854315,0.25113521489420493,8.969852366041925,0.14262752845867574,2.814894948888367,0.04861015261137433
-0.06092752862714207,-0.2742660253133946,17.971923078636774,0.20426858713546323,9.08562346030159,0.11595514097088086,2.8502308078945933,0.03977809438773589
-0.0541416530048151,-0.2742660253133946,18.1826930364165,0.16537196034504714,9.192773185800606,0.09392179442597216,2.882744212193418,0.032490947970838145
-0.04811156231253989,-0.2742660253133946,18.37711683359663,0.1334134252387955,9.291229784610117,0.07586628418157809,2.913267593571479,0.026364821536151904
-0.04275308010908995,-0.2742660253133946,18.555341298853563,0.10733895397229673,9.381363290527997,0.061132957170441704,2.941889785727883,0.021235728479446183
-0.0379914052040221,-0.2742660253133946,18.71800920667204,0.08616705454864593,9.46367799234357,0.04914525813403511,2.968372892341552,0.01700988244101076
-0.03376006747802295,-0.2742660253133946,18.866006058423768,0.06903613563399169,9.538679928147962,0.039418657696630985,2.992533892358754,0.01358247373832418
-0.03,-0.2742660253133946,19.0003068546433,0.055214257207831303,9.606848716852578,0.03155016203630512,3.014362732266789,0.010831098685274546
0.03,-0.2742660253133946,21.501461593831273,0.06453463171934792,10.87776125787878,0.03728737828646394,3.413549758229955,0.012911225588188996
0.03376006747802295,-0.2742660253133946,21.679820587331278,0.08237825546654144,10.968462768378611,0.047639469924601864,3.442333288901125,0.016544157935347054
0.0379914052040221,-0.2742660253133946,21.883604373742095,0.10524246048408785,11.07187794168682,0.060892062887718715,3.4752275432325224,0.021215634222542547
0.04275308010908995,-0.2742660253133946,22.116693576251446,0.13455349755261298,11.189818296988175,0.07784981910060271,3.5126630219834336,0.02719302130689895
0.04811156231253989,-0.2742660253133946,22.383480649164927,0.17212248935581945,11.324370956769533,0.09953615018305673,3.55504435992489,0.034790345307011084
0.0541416530048151,-0.2742660253133946,22.68886926897519,0.22022649444606332,11.478027604807968,0.12726648739538607,3.602943548004308,0.04441148009024612
0.06092752862714207,-0.2742660253133946,23.038329550213916,0.28170761136532424,11.653904111042534,0.1627643788236133,3.6575347323038545,0.056677857191547276
0.06856391592404971,-0.2742660253133946,23.43816030841777,0.3601266148380874,11.855976639287473,0.20832364863431185,3.7209404001719406,0.07260939147500273
0.07715741427178036,-0.2742660253133946,23.89611479701746,0.46003777556063075,12.089044377289616,0.2669529958741959,3.795499673195544,0.0935756970637596
0.0868279837415025,-0.2742660253133946,24.422201108964007,0.5874035086615934,12.35799003883561,0.3423303108009049,3.8815224852320087,0.1206394071119064
0.09771061966979347,-0.2742660253133946,25.028580697036578,0.7498936471627763,12.666570852659362,0.43847607181966264,3.9770535387261607,0.154135770113901
0.10995723711238882,-0.2742660253133946,25.727047778266034,0.9564337184202454,13.01797448820371,0.559793565291567,4.0848184334770465,0.1960463617060911
0.12373879148704055,-0.2742660253133946,26.52565569487219,1.2159923266522337,13.41947675131702,0.712804368211343,4.214344681646936,0.2518751531351017
0.13924766500838334,-0.2742660253133946,27.43220449116395,1.5381848857504603,13.883854711981348,0.907500819924887,4.361502362955978,0.3220652105362173
0.15670035222800524,-0.2742660253133946,28.46411812047278,1.9369700738523363,14.413007550539767,1.1505894804815862,4.520652209211436,0.40549791499342597
0.17634048216824733,-0.2742660253133946,29.635000559966638,2.426026165226879,14.993746143314839,1.4409990328942368,4.711205935153339,0.5148748053049321
0.19844221923690444,-0.2742660253133946,30.929193573739376,3.005967497391111,15.645761400329562,1.7935135702222915,4.910722928482291,0.6395461617814924
0.22331409039755062,-0.2742660253133946,32.35352600249482,3.6850920083579517,16.376897175832585,2.2183896666412384,5.1441153695451804,0.797359794289246
0.2513032920204875,-0.2742660253133946,33.91882685254981,4.472797559891935,17.158124856235258,2.7027564579892647,5.384036670319232,0.9717677989626321
0.2828005365353655,-0.2742660253133946,35.60723326614315,5.362143606248065,18.018754674290935,3.2679173735179408,5.654387263230161,1.1815949616387853
0.3182455065418344,-0.2742660253133946,37.43394017002014,6.3610913691986966,18.932192103586495,3.8988589527444812,5.948783766268311,1.424422003693419
0.35813299251433084,-0.2742660253133946,39.42894662897374,7.485182305268214,19.945086577891892,4.630191089005692,6.2662122395980004,1.7011269322991287
0.40301979977966995,-0.2742660253133946,41.66696048436249,8.775240903952554,21.0878198619365,5.48844600932972,6.619640150713286,2.0252438114343483
0.4535325211846986,-0.2742660253133946,44.25648061543524,10.291374915038201,22.395285290839738,6.505086070520093,7.032826104263479,2.4228595551989995
0.5103762839557767,-0.2742660253133946,47.36343675214197,12.123865847066691,23.958448723785036,7.757624871038323,7.519898543955138,2.913808852112551
0.5743445928509872,-0.2742660253133946,51.16051853131353,14.355817687142135,25.88797566829579,9.342597529566213,8.117451311608765,3.5436706574905106
0.6463304070095649,-0.2742660253133946,55.91228386939433,17.09848772116299,28.28455876038016,11.345876968118404,8.877971616332333,4.380867432025597
0.7273386051246984,-0.2742660253133946,61.8995970123331,20.422179725622776,31.310336706226753,13.892022618515803,9.825271479979905,5.466664428663301
0.8185000129460304,-0.2742660253133946,69.51213801699126,24.372117921283916,35.16751556211713,17.108938963932253,11.02938425357272,6.896410517397594
0.9210871889273549,-0.2742660253133946,79.1661312703249,28.880651888528813,40.03970093925095,21.048430521219032,12.56628219036033,8.773444170023343
1.0365321883776653,-0.2742660253133946,91.42256736566273,33.79405939609016,46.25620840581458,25.774807883136916,14.50639059845421,11.18648505825347
1.166446554092426,-0.2742660253133946,107.0027216398863,38.864319033024245,54.13335865465887,31.17538425183715,16.982951627675458,14.283037655781397
1.3126438125222553,-0.2742660253133946,126.82189212816056,43.795545874562166,64.14933257481314,37.02868744248539,20.129506411036257,18.173179819802193
1.4771647895120215,-0.2742660253133946,151.97232298077233,48.316942590020446,76.86375090824882,42.916202776624694,24.111066613726425,22.93825686685382
1.6623060990028473,-0.2742660253133946,183.817987764135,52.26691413002711,92.98335399193613,48.34863300724269,29.175817663617213,28.644137041384013
1.8706522023821734,-0.2742660253133946,224.30431411416356,55.6148271734356,113.45343636303706,52.97475862312671,35.59599361472765,35.19571582719186
2.1051114860111477,-0.2742660253133946,275.6093859759356,58.37767971753113,139.39838145458614,56.68038452062017,43.75366856590814,42.32532041877743
2.368956860549917,-0.2742660253133946,340.6784335666243,60.62587440706923,172.34113336460217,59.56366590390749,54.09169807024687,49.42362041051443
2.6658714488230206,-0.2742660253133946,423.33436009826823,62.43980434848781,214.10952460619862,61.77991064219205,67.23883967679451,55.617816150176836
3.0,-0.2742660253133946,527.9739469194826,63.88927498019474,267.1321883339417,63.48411979983933,83.88563416176744,60.118453731503266
-3.0,-0.2243994752564138,602.9255534258828,64.60697867588473,304.88555275102556,64.2998784706978,95.79050059765062,61.98489188301836
-2.6658714488230206,-0.2243994752564138,473.4143782658574,63.217145108299945,239.30741865280064,62.69621849568965,75.2077989582411,58.13459304986263
-2.368956860549917,-0.2243994752564138,371.50958522943995,61.40206646884195,188.06365951960106,60.53183520449306,58.98024284767734,52.0675480813604
-2.1051114860111477,-0.2243994752564138,291.8371182062919,59.03810147555094,147.64103804248478,57.54433429006933,46.34925442349713,44.30818982674204
-1.8706522023821734,-0.2243994752564138,229.1842189466115,55.934337607772946,115.9263734566623,53.41152186592366,36.4314023075277,35.9882789017788
-1.6623060990028473,-0.2243994752564138,180.39217525441154,51.91092613418941,91.15655189084565,47.82703984495875,28.64054238262662,28.062343656901056
-1.4771647895120215,-0.2243994752564138,142.06753812516016,46.722296579661936,71.88963822592818,40.803900657097884,22.575655440812916,21.126260098051663
-1.3126438125222553,-0.2243994752564138,112.22481155091829,40.31024205620964,56.791677985105174,32.83956260628915,17.826810453997656,15.333772883848432
-1.166446554092426,-0.2243994752564138,89.06405639808521,32.91622935460539,44.989782962365,24.843201288120724,14.115196537534226,10.697821368079747
-1.0365321883776653,-0.2243994752564138,70.97055288949556,25.089865481121006,35.87517177968336,17.691397447744897,11.242495314760507,7.153809355818556
-0.9210871889273549,-0.2243994752564138,56.95742924091572,17.69061407357539,28.79627803371574,11.776166365668907,9.025281401131103,4.546900960477509
-0.8185000129460304,-0.2243994752564138,46.165709538294834,11.416964679406506,23.3179981408553,7.240302984903592,7.3091194752155495,2.6986372312395894
-0.7273386051246984,-0.2243994752564138,37.79501483037973,6.562273520297483,19.09910896531843,4.017231897032376,5.99697312641834,1.4654796466230395
-0.6463304070095649,-0.2243994752564138,31.497359333169342,3.2721208974337204,15.909516967885297,1.9433759272947377,4.985776415914615,0.6889447322828052
-0.5743445928509872,-0.2243994752564138,26.705692344551462,1.277735926699652,13.483753996050217,0.7386531501096608,4.218918523118864,0.2539509276659885
-0.5103762839557767,-0.2243994752564138,23.106896233828294,0.2945535446102089,11.665326069424832,0.16520519301465272,3.6604855181190152,0.057379562318712746
-0.4535325211846986,-0.2243994752564138,20.452830382594108,0.0030516217053121173,10.321664413737722,0.0012384301597481472,3.2335033866495837,0.00031560926400365195
-0.40301979977966995,-0.2243994752564138,18.533626469328336,0.11035357040513184,9.353223286908383,0.0655508100265728,2.9239006017573166,0.024390524612866976
-0.35813299251433084,-0.2243994752564138,17.160171880399748,0.3977338343942727,8.663386216796166,0.22824855603582553,2.708397598802114,0.08122890609236898
-0.3182455065418344,-0.2243994752564138,16.24286024027987,0.7076181797631217,8.202046920079576,0.4014393923339215,2.5662527261526393,0.1398545230836878
-0.2828005365353655,-0.2243994752564138,15.689391857141443,0.9467132715721311,7.9168581128743964,0.5376705312602745,2.481723701010873,0.18363723365692547
-0.2513032920204875,-0.2243994752564138,15.348763048237203,1.1151323634482135,7.749089867565861,0.6291020161328568,2.4319793616085104,0.21275121351679785
-0.22331409039755062,-0.2243994752564138,15.23685541412595,1.174178934259432,7.69265496890778,0.66182744680527,2.4039456120977483,0.2303017239655235
-0.19844221923690444,-0.2243994752564138,15.248827654331901,1.1677722233199688,7.694869734371404,0.6605240742645462,2.415920377306234,0.2227022363256446
-0.17634048216824733,-0.2243994752564138,15.362776721363474,1.1078698074031021,7.759207473199188,0.6233413510686567,2.428207777895667,0.21506371369465915
-0.15670035222800524,-0.2243994752564138,15.556372771259793,1.0104885702123252,7.855998758771512,0.569840690838394,2.4652385883723404,0.19300296406952436
-0.13924766500838334,-0.2243994752564138,15.791479776313185,0.8994633850766691,7.9755003291541176,0.5077245181711877,2.4988348990064013,0.17420660839084634
-0.12373879148704055,-0.2243994752564138,16.05916016312243,0.7823943777359509,8.114508693576827,0.44076870771730375,2.543312465650384,0.15104974827355186
-0.10995723711238882,-0.2243994752564138,16.344970893691116,0.6679601970838349,8.259519668589336,0.37677950799832766,2.5907837566350493,0.12843272510209863
-0.09771061966979347,-0.2243994752564138,16.632450098076927,0.563428241370439,8.40323795929059,0.31904292241171117,2.634074599463451,0.10962932946348014
-0.0868279837415025,-0.2243994752564138,16.913914825016647,0.4709454642591531,8.54521156348518,0.2673560382574513,2.6789907335181,0.09189267476119736
-0.07715741427178036,-0.2243994752564138,17.186853814760823,0.3902219778823266,8.684703776069355,0.2215636220946452,2.7248631095102938,0.07557829080884734
-0.06856391592404971,-0.2243994752564138,17.44897889853224,0.32069066252599776,8.819225039763634,0.18192579597348513,2.767658808607797,0.06194316763521759
-0.06092752862714207,-0.2243994752564138,17.697525632906828,0.2617393026933833,8.946318052456746,0.14842108858222475,2.8064219421026597,0.050871840085545614
-0.0541416530048151,-0.2243994752564138,17.930250632993058,0.2124932547331565,9.064647098347697,0.12056471413092143,2.8422972485971805,0.04167751737915646
-0.04811156231253989,-0.2243994752564138,18.145990190171865,0.17182399797709513,9.173903708347652,0.09762000475373918,2.8761573248909844,0.03390322379698919
-0.04275308010908995,-0.2243994752564138,18.344561032825013,0.13850681915998714,9.27432888275452,0.07881878995220046,2.9080504807187033,0.027363525065540583
-0.0379914052040221,-0.2243994752564138,18.526417031313574,0.11136433116108176,9.366355146993014,0.06346873543557804,2.9376657012449057,0.021955701333316646
-0.03376006747802295,-0.2243994752564138,18.692347235285204,0.08934283108474206,9.450447892078174,0.050978688347890946,2.9647619859434995,0.017556996750810315
-0.03,-0.2243994752564138,18.843289629457537,0.07153532857827763,9.527066576132496,0.040850959532339685,2.9893010137993157,0.014017680482020107
0.03,-0.2243994752564138,21.699822853464337,0.08450649728089325,10.978546136866699,0.048864184290790154,3.445216092824861,0.016931540208275024
0.03376006747802295,-0.2243994752564138,21.905892208290737,0.10790075930793339,11.083331852576519,0.062453493971966895,3.4784654066828757,0.021705033682007335
0.0379914052040221,-0.2243994752564138,22.14161021159187,0.137882475688981,11.20294698938566,0.07985702627723064,3.516506395190056,0.02784593705068456
0.04275308010908995,-0.2243994752564138,22.411562662871155,0.1763213467377486,11.339538321288103,0.10213422988412352,3.5598554809974163,0.03570758075450905
0.04811156231253989,-0.2243994752564138,22.72095605950417,0.22558909663560972,11.495585616736484,0.13063220221843333,3.6090055527614604,0.04570589647564509
0.0541416530048151,-0.2243994752564138,23.07562365110912,0.2886632777987971,11.674052401156713,0.1670809504343848,3.664647633354522,0.058375988294313425
0.06092752862714207,-0.2243994752564138,23.482095429794622,0.36925278133949246,11.878640476571784,0.21374322720068467,3.728168249075256,0.07453769445918702
0.06856391592404971,-0.2243994752564138,23.947904314064505,0.471990692569039,12.114062897737565,0.27362187876234406,3.802044942263569,0.09552832736062704
0.07715741427178036,-0.2243994752564138,24.48230655156309,0.6027771533809271,12.38600294950768,0.35064073172530047,3.889009579053713,0.12313608176887868
0.0868279837415025,-0.2243994752564138,25.09719876874975,0.7692899478580747,12.700267680871491,0.44957556744429833,3.989483702432267,0.15875117247963624
0.09771061966979347,-0.2243994752564138,25.806996291856617,0.9813274743438598,13.06140376357493,0.5756223775553392,4.101318612278298,0.2028345268287651
0.10995723711238882,-0.2243994752564138,26.625731490660737,1.2501717856472774,13.473336404293367,0.7344391365286842,4.227737178209846,0.25797275292780464
0.12373879148704055,-0.2243994752564138,27.563169305758265,1.5869833769907586,13.944693060988795,0.934336266683261,4.379706995071149,0.3312237147850459
0.13924766500838334,-0.2243994752564138,28.628794636762105,2.0035137764697817,14.490359544879954,1.1878967463759698,4.552548527431207,0.42310834579998874
0.15670035222800524,-0.2243994752564138,29.843121833203547,2.516650283162583,15.112696243768658,1.5033104145999192,4.73998797620157,0.5322407308007323
0.17634048216824733,-0.2243994752564138,31.222284889957567,3.1424398558600775,15.797003911118404,1.8789602657650413,4.964252765816268,0.6746438610647251
0.19844221923690444,-0.2243994752564138,32.74929128538687,3.880472521865662,16.56647601915461,2.3332023982003824,5.199872072889732,0.8368363047371673
0.22331409039755062,-0.2243994752564138,34.434139155088715,4.74026223572668,17.430734413995605,2.8784152364883075,5.47561521053979,1.0413393931370527
0.2513032920204875,-0.2243994752564138,36.29301606899621,5.73318971770538,18.359004954004398,3.499460631740496,5.76100411479009,1.2678969441204966
0.2828005365353655,-0.2243994752564138,38.312939372133854,6.852706778757757,19.388128460753887,4.224265911918894,6.084216887640334,1.5406969756240179
0.3182455065418344,-0.2243994752564138,40.522924380846796,8.112675768731998,20.49440996435919,5.038789839362558,6.4401182706161055,1.858629345565296
0.35813299251433084,-0.2243994752564138,42.97415243308494,9.538358102458126,21.73844186063849,5.990250322705462,6.830136431908311,2.2254614332110574
0.40301979977966995,-0.2243994752564138,45.77118944425028,11.184143507239929,23.165339935578498,7.117792810327543,7.2721605302350305,2.661322815858191
0.4535325211846986,-0.2243994752564138,49.05967672813362,13.123563851819053,24.826595999766237,8.466457704928956,7.796649530614275,3.2020772981699688
0.5103762839557767,-0.2243994752564138,53.053414491714214,15.457167363193157,26.837371463884303,10.133007137955781,8.423732304778195,3.876523577505871
0.5743445928509872,-0.2243994752564138,57.976865253210995,18.263617102086407,29.33762911540172,12.231786233767144,9.199579980977049,4.744786898891366
0.6463304070095649,-0.2243994752564138,64.16379985682677,21.631572765851224,32.459170408464196,14.855985303742777,10.188493438082144,5.892964782604962
0.7273386051246984,-0.2243994752564138,71.97694722819462,25.57759963469254,36.40790706133035,18.127838292918934,11.425216743130552,7.37535413471809
0.8185000129460304,-0.2243994752564138,81.91276061987074,30.058981811480294,41.44090809335297,22.14614299977471,12.997595332218422,9.307010053758178
0.9210871889273549,-0.2243994752564138,94.51498073261799,34.898690325550774,47.8031465941231,26.88963423676028,15.003152737640528,11.807733465570527
1.0365321883776653,-0.2243994752564138,110.51192359813615,39.848628379492546,55.91291584360844,32.29836550787599,17.535929294931933,14.972051830988917
1.166446554092426,-0.2243994752564138,130.83502301105875,44.628877516722504,66.18936021176715,38.084449685039104,20.765761023602717,18.948385731730014
1.3126438125222553,-0.2243994752564138,156.6748000856141,49.003525914900166,79.24968074864606,43.849462366213324,24.868544922094106,23.818999213189514
1.4771647895120215,-0.2243994752564138,189.4584299139344,52.82377940368126,95.82379349624755,49.11877622071962,30.05925370044817,29.592756438947717
1.6623060990028473,-0.2243994752564138,230.9648006006301,56.04735680979712,116.83176126124746,53.56614018925542,36.65986384164237,36.202563940416596
1.8706522023821734,-0.2243994752564138,283.7181426288525,58.717712484579955,143.50515375168925,57.12542006669236,45.02504370085358,43.3137135277843
2.1051114860111477,-0.2243994752564138,350.55101114610096,60.8901302150752,177.30102783826854,59.89069736431408,55.65085597656009,50.31410899782777
2.368956860549917,-0.2243994752564138,435.3151179027034,62.64285011692851,220.21289969041894,62.02381269941383,69.11733645498998,56.2831306755985
2.6658714488230206,-0.2243994752564138,542.9753708079525,64.04943969223991,274.609302893645,63.66554061315151,86.23504200409752,60.55225977620158
3.0,-0.2243994752564138,679.2420120245899,65.16959028265401,343.65396300063196,64.93416403561034,107.9136666977404,63.26362913501668
-3.0,-0.17453292519943275,761.5881724236632,65.64637074531991,385.12944729559865,65.45991892251307,120.99385351508747,64.23048672429617
-2.6658714488230206,-0.17453292519943275,597.9038979111782,64.56472966911349,302.23105219240745,64.2498729729403,94.98899107618479,61.88193535302274
-2.368956860549917,-0.17453292519943275,469.0041805084906,63.1556630736504,237.42646140486744,62.63541033963227,74.46211595570229,57.93088326474526
-2.1051114860111477,-0.17453292519943275,368.1949689651438,61.32519585275614,186.2707137092407,60.43098660908599,58.47836188226859,51.81582317130283
-1.8706522023821734,-0.17453292519943275,288.8161103235587,58.921121362192785,146.09410643519402,57.390912971334664,45.914729796689855,43.98578729642794
-1.6623060990028473,-0.17453292519943275,226.9560074591247,55.79025394066605,114.6933874782875,53.196448533437874,36.03574483153124,35.61467178456258
-1.4771647895120215,-0.17453292519943275,178.30283517663918,51.68681863985283,90.22277010413288,47.552099280489834,28.33468032506949,27.727552397397467
-1.3126438125222553,-0.17453292519943275,140.37495343782436,46.42759395557368,71.02883817422666,40.41432920488323,22.297751728599778,20.79466719450506
-1.166446554092426,-0.17453292519943275,110.8620297800579,39.94396349640027,56.011615825401876,32.35959066707082,17.576806687770087,15.02291661963502
-1.0365321883776653,-0.17453292519943275,87.786543769905,32.42764137715194,44.375713175432686,24.385485588506132,13.910891947029773,10.442903380098471
-0.9210871889273549,-0.17453292519943275,69.86379084972693,24.54636139939752,35.32245538033639,17.236720459352707,11.074636066121132,6.9509729492288646
-0.8185000129460304,-0.17453292519943275,56.01195598648793,17.15515299245743,28.29616644169753,11.355631696756754,8.871470790329054,4.373566846811791
-0.7273386051246984,-0.17453292519943275,45.2500606797282,10.876735076593555,22.86868186520885,6.880675537404063,7.1806370847257455,2.5694734282404337
-0.6463304070095649,-0.17453292519943275,37.090688852359875,6.1708937211671415,18.737205564986343,3.7617322832174507,5.873129869791687,1.360685996093557
-0.5743445928509872,-0.17453292519943275,30.852421476140385,2.9705181069585462,15.579235532497115,1.7563519065021265,4.8761448963463385,0.6172360323638724
-0.5103762839557767,-0.17453292519943275,26.12996952003798,1.0844006831155455,13.1925639287211,0.6245051670864683,4.139988298748128,0.2191184030968421
-0.4535325211846986,-0.17453292519943275,22.60800929221339,0.2069702645979523,11.409805264637004,0.11457015551463354,3.5750809631440097,0.03868301132297965
-0.40301979977966995,-0.17453292519943275,20.02227360078908,0.0008359898461275199,10.104327161505353,0.0008005225903556755,3.158994601880334,0.000528768494985271
-0.35813299251433084,-0.17453292519943275,18.137441798123586,0.17334604056923653,9.156235773744315,0.10115283097212217,2.8625458196237084,0.03692439783087972
-0.3182455065418344,-0.17453292519943275,16.834917688275127,0.49593962959841353,8.500198058565566,0.28318001741348947,2.659362845112996,0.09942527018697223
-0.2828005365353655,-0.17453292519943275,15.994547104614542,0.8097615741496604,8.069564484639296,0.4618053252436353,2.529559912649234,0.15800338432624514
-0.2513032920204875,-0.17453292519943275,15.43914993878993,1.0687990844720563,7.79336872208523,0.6041275719057004,2.4459490803370056,0.20431619329423992
-0.22331409039755062,-0.17453292519943275,15.174146543842314,1.2080906248324759,7.659628073904091,0.6814499650011969,2.3926956228887177,0.23758234130946576
-0.19844221923690444,-0.17453292519943275,15.077153816954484,1.2617242438304477,7.6062345191006395,0.7139183966706327,2.3882851598621118,0.24047423812798177
-0.17634048216824733,-0.17453292519943275,15.116788607196796,1.2396330639565993,7.633640140165546,0.697137457669477,2.3881826720089694,0.24054169126640848
-0.15670035222800524,-0.17453292519943275,15.2636410264165,1.1598750165802176,7.706691488839011,0.6535935259098342,2.418413419543615,0.2211394243723902
-0.13924766500838334,-0.17453292519943275,15.471550861259741,1.0524820995786746,7.812463870943191,0.5935457785332212,2.4473161883725223,0.20350169102955193
-0.12373879148704055,-0.17453292519943275,15.727370164223313,0.9289650064229178,7.9458487376528515,0.5227382782033873,2.490081121153308,0.17899438976744533
-0.10995723711238882,-0.17453292519943275,16.012654869112957,0.8020353582890947,8.090656323534352,0.45186104128882126,2.537699665404323,0.1538656271786134
-0.09771061966979347,-0.17453292519943275,16.307171162160053,0.6824840057815099,8.23775154700774,0.38601243011970104,2.581854436395224,0.13252517880123038
-0.0868279837415025,-0.17453292519943275,16.600779655049024,0.5744377860133851,8.385811535231186,0.32574946858863735,2.628706563706189,0.1118686573059958
-0.07715741427178036,-0.17453292519943275,16.889426990899366,0.47861389229687523,8.533395892678385,0.27145961146289643,2.677345153429125,0.0925113389416868
-0.06856391592404971,-0.17453292519943275,17.16958843542146,0.39507348008796184,8.677251045032344,0.2238880079060896,2.7231394360869725,0.07615916576220076
-0.06092752862714207,-0.17453292519943275,17.437417767654583,0.3235962116132233,8.814252713797249,0.18331367478961705,2.764890446488107,0.06277990196162302
-0.0541416530048151,-0.17453292519943275,17.689806003573423,0.26347039434117303,8.94260007525611,0.14934797923910997,2.8037668435389205,0.05159214610159652
-0.04811156231253989,-0.17453292519943275,17.924971390251137,0.21354792372876868,9.061700455828365,0.12122009278785287,2.8406638974171505,0.042074535162901446
-0.04275308010908995,-0.17453292519943275,18.142325927944125,0.1724755254402178,9.171626877810953,0.09807146068375679,2.8755779465991136,0.03402899381218999
-0.0379914052040221,-0.17453292519943275,18.34207377628961,0.1389001903189835,9.272708770160483,0.07910499261344806,2.908116693837929,0.027350725757141595
-0.03376006747802295,-0.17453292519943275,18.52485831831618,0.1115835114049544,9.365345873301617,0.06362748713073879,2.937974455008846,0.02190264461529906
-0.03,-0.17453292519943275,18.691540844694593,0.08944361637256729,9.44995752415787,0.051047326731341526,2.965078780196954,0.01750863166824395
0.03,-0.17453292519943275,21.896301901041404,0.10675313465364604,11.078370798349129,0.06177491413031046,3.4765810673896023,0.021419577614675993
0.03376006747802295,-0.17453292519943275,22.13007490403917,0.13633665288719712,11.197236029079983,0.07898097755920054,3.5142941434996424,0.027469232252584123
0.0379914052040221,-0.17453292519943275,22.39777797354559,0.1742544931804581,11.333075754998882,0.10102346581240551,3.557488795375272,0.035254990882137426
0.04275308010908995,-0.17453292519943275,22.704723698058203,0.22286897937654482,11.488383189521237,0.12924672782440697,3.6067711456892626,0.045226797505871136
0.04811156231253989,-0.17453292519943275,23.056960266019395,0.2851730284751198,11.666044959836668,0.1653593618259332,3.6627273020650355,0.05791528581669521
0.0541416530048151,-0.17453292519943275,23.461285486998154,0.3649178012157422,11.869514146390328,0.21155345292876135,3.726173374102014,0.07400322144835828
0.06092752862714207,-0.17453292519943275,23.92533282311922,0.46676521159738893,12.103100062048018,0.27069083928077564,3.798714886881262,0.09453265438314343
0.06856391592404971,-0.17453292519943275,24.457922417580857,0.5965203548043727,12.372278352388529,0.34655851435973983,3.883191057265137,0.12119388959406761
0.07715741427178036,-0.17453292519943275,25.069876393339104,0.7615427647970863,12.68364656663703,0.4440862279110505,3.9827339774953963,0.1562377463857222
0.0868279837415025,-0.17453292519943275,25.775052035272957,0.9713509473708444,13.04397163153287,0.5692472845553697,4.097888806907441,0.2014155647369279
0.09771061966979347,-0.17453292519943275,26.590199417103413,1.2379955617201275,13.458632386946672,0.728507398218323,4.226332772536012,0.25733053678556256
0.10995723711238882,-0.17453292519943275,27.531679986144162,1.5752003050522994,13.932342743904286,0.9288645121692279,4.371803774787559,0.32723519079244223
0.12373879148704055,-0.17453292519943275,28.61107620456426,1.9963173645144154,14.475136995000426,1.1805203903634582,4.546712056090934,0.41986441307238354
0.13924766500838334,-0.17453292519943275,29.839686642961432,2.5151459015020636,15.104059419693556,1.498755027757169,4.745846149634134,0.5358015331711492
0.15670035222800524,-0.17453292519943275,31.241276518238873,3.151344177599542,15.822000329184732,1.8932091647661915,4.962352201973708,0.6733862329229678
0.17634048216824733,-0.17453292519943275,32.83474566183696,3.9230109996923432,16.612922462215664,2.361606536576284,5.221274896982802,0.8521634905564439
0.19844221923690444,-0.17453292519943275,34.60225336338951,4.8283082721661845,17.503767125919648,2.9260198250283733,5.494227928886791,1.0556721256381847
0.22331409039755062,-0.17453292519943275,36.557864025736826,5.8778231418703415,18.506292470647985,3.601004570650403,5.813933057148355,1.3114444829857435
0.2513032920204875,-0.17453292519943275,38.724501003224994,7.0849489606436435,19.588829767027843,4.36951769738121,6.147077923197516,1.595581440638524
0.2828005365353655,-0.17453292519943275,41.09630499682701,8.444029648662429,20.796727018427863,5.266855051534995,6.526369992303052,1.9381857519761212
0.3182455065418344,-0.17453292519943275,43.718860869085944,9.975253601196366,22.110778642019856,6.2811422394477265,6.948431130535275,2.3401405033017566
0.35813299251433084,-0.17453292519943275,46.66780256189464,11.713320052155767,23.606898647838737,7.4730137891903174,7.417632554886735,2.808917580772993
0.40301979977966995,-0.17453292519943275,50.08063955550519,13.723475165399577,25.346628656329703,8.89458190758651,7.957276256206316,3.3721654310279052
0.4535325211846986,-0.17453292519943275,54.14342961674943,16.086424392592164,27.399835356981324,10.60349025398985,8.605020234239447,4.0763598282341595
0.5103762839557767,-0.17453292519943275,59.12172711174333,18.901436153703003,29.90769029583553,12.711768564822782,9.38764326576007,4.959945207590789
0.5743445928509872,-0.17453292519943275,65.29671280982096,22.225989543096436,33.041930169897796,15.34342992857834,10.361678371575493,6.097860700975687
0.6463304070095649,-0.17453292519943275,73.07774046106158,26.10397718794091,36.968808459328926,18.585327698055625,11.604162907652178,7.5930286159651885
0.7273386051246984,-0.17453292519943275,82.91808605495588,30.478881310084912,41.942315049547304,22.534605551794655,13.162267338269213,9.5112754660122
0.8185000129460304,-0.17453292519943275,95.43183777858505,35.21634666859627,48.279904142678774,27.22799077437626,15.143340151600658,11.983134574856042
0.9210871889273549,-0.17453292519943275,111.30443824521848,40.063706395761876,56.29521171163763,32.53489064053607,17.66870887939482,15.137235036949793
1.0365321883776653,-0.17453292519943275,131.44969092851298,44.75228626614974,66.50435721639403,38.2435016334983,20.85884642949814,19.06140689320689
1.166446554092426,-0.17453292519943275,157.03149853865588,49.05391269247628,79.44107923959422,43.92218946117597,24.923766805203915,23.88285194178566
1.3126438125222553,-0.17453292519943275,189.54509845592477,52.83206556573752,95.87621647751578,49.132540761833035,30.086555290688676,29.621840110571654
1.4771647895120215,-0.17453292519943275,230.78972418136507,56.03632617405238,116.72867210313188,53.548674006055215,36.617630388635014,36.16303090586075
1.6623060990028473,-0.17453292519943275,283.00382891397106,58.68858940952517,143.1547638127186,57.0886193942148,44.92043607060079,43.23363441355003
1.8706522023821734,-0.17453292519943275,349.3526957362998,60.85889690055458,176.70338281450756,59.85242415633485,55.4412286274419,50.19700659468839
2.1051114860111477,-0.17453292519943275,433.39379790755856,62.61108126291623,219.1994818262296,61.98438720511345,68.80215237350548,56.174836885146846
2.368956860549917,-0.17453292519943275,539.9842843493367,64.01824466068484,273.15906222218257,63.63121835696131,85.73549442720231,60.46314697004624
2.6658714488230206,-0.17453292519943275,675.3539563817111,65.14410552512379,341.548809930589,64.90375872909607,107.25248241834095,63.20516182175888
3.0,-0.17453292519943275,846.6662989593897,66.0388887067001,428.34677163319304,65.8915615913985,134.50692663078144,64.95500405718107
-3.0,-0.12466637514245194,934.989777517927,66.36891359280888,472.8281758398331,66.24800903019266,148.5379690850028,65.51991072282644
-2.6658714488230206,-0.12466637514245194,734.0520604391545,65.49921858414135,371.04754894923667,65.29570702518633,116.62283208865652,63.94294252072657
-2.368956860549917,-0.12466637514245194,575.7153604147488,64.36887821127883,291.4558201253596,64.0365224377113,91.40773969624681,61.38649154380877
-2.1051114860111477,-0.12466637514245194,451.85302593528274,62.90460154245412,228.5933564772806,62.334637708549565,71.76709339195357,57.1429958380851
-1.8706522023821734,-0.12466637514245194,354.22340723747243,60.98445863265063,179.18381174215398,60.00932996589017,56.31659943114772,50.68066535695983
-1.6623060990028473,-0.12466637514245194,278.0992586964519,58.48433168284793,140.54574379945342,56.8077999298293,44.15833349279368,42.643496039491
-1.4771647895120215,-0.12466637514245194,218.16711034268639,55.19144956322615,110.3916148557387,52.40297525116233,34.670406005882384,34.30117988294778
-1.3126438125222553,-0.12466637514245194,171.40600777344602,50.906761635341844,86.72239044457315,46.46869152281071,27.22613215645847,26.500080381031893
-1.166446554092426,-0.12466637514245194,134.9470106362924,45.4341068793861,68.19077434416081,39.07727281383552,21.402119620136947,19.718929546282496
-1.0365321883776653,-0.12466637514245194,106.42170856466983,38.69618056957992,53.79603390576923,30.958438629516333,16.868370138110983,14.14007373894639
-0.9210871889273549,-0.12466637514245194,84.21817089612854,31.01293691304429,42.58097862486269,23.02597467698886,13.354252636791735,9.74975616617781
-0.8185000129460304,-0.12466637514245194,67.01185947629362,23.111843430722566,33.8581428154034,16.023909991270024,10.617229670309985,6.401961527102214
-0.7273386051246984,-0.12466637514245194,53.627100478248785,15.788846865971557,27.104740687112933,10.3564798021321,8.510749577119707,3.9721937411948076
-0.6463304070095649,-0.12466637514245194,43.420986498898394,9.800347057325343,21.937845273039226,6.145718382745505,6.877662146829231,2.2713535305345256
-0.5743445928509872,-0.12466637514245194,35.589988493164434,5.3528806701908165,17.97372099394245,3.2375991880441686,5.627399846560304,1.1600579139234477
-0.5103762839557767,-0.12466637514245194,29.627656370744138,2.422847660673301,14.960002911323924,1.423492108034149,4.69492035939995,0.5051443199754234
-0.4535325211846986,-0.12466637514245194,25.145237842352017,0.7829878048343601,12.691338149465604,0.4466229791078291,3.9774820091140337,0.15429389631041293
-0.40301979977966995,-0.12466637514245194,21.819197873931717,0.09773431455256582,11.011481005805537,0.052966415067297865,3.4431955711752784,0.016659582450252144
-0.35813299251433084,-0.12466637514245194,19.36412516536826,0.02578247696526564,9.775329917243711,0.01597811668459565,3.0564435725685906,0.006433286286452871
-0.3182455065418344,-0.12466637514245194,17.629340765353522,0.27724913626465886,8.900768398836025,0.15999632702176664,2.7847024539491563,0.056927714262270696
-0.2828005365353655,-0.12466637514245194,16.464047120776165,0.6234008220690042,8.305515600559364,0.3576961720422916,2.603565243325135,0.12270313970540196
-0.2513032920204875,-0.12466637514245194,15.663625578489235,0.9588703184598096,7.905529237652854,0.543574170316016,2.4812316808280688,0.18391276647505925
-0.22331409039755062,-0.12466637514245194,15.220889950514799,1.182756202550844,7.682040041882311,0.6680960194560185,2.3989145407461385,0.23354068801379918
-0.19844221923690444,-0.12466637514245194,14.995173068416877,1.3081900239051047,7.563045664702438,0.7408634151441822,2.374917611819896,0.24936962914920288
-0.17634048216824733,-0.12466637514245194,14.944465142824408,1.3374564725139946,7.545377048958319,0.7520643757304947,2.3599072900363898,0.25959418145839386
-0.15670035222800524,-0.12466637514245194,15.031544378191047,1.287446114774706,7.58810638223774,0.7251535446410512,2.3812358787069967,0.24514063547928883
-0.13924766500838334,-0.12466637514245194,15.201692041832093,1.1931211325348852,7.674797551256429,0.672393735316559,2.403786049702879,0.23040402852554237
-0.12373879148704055,-0.12466637514245194,15.437024806912527,1.0698746559543542,7.798179780028032,0.6014508205721486,2.443453745242661,0.20580790157444456
-0.10995723711238882,-0.12466637514245194,15.714732475279643,0.9348484128462543,7.939217900773975,0.5261314836171853,2.4900922187954038,0.17898827140337917
-0.09771061966979347,-0.12466637514245194,16.01053064051731,0.8029394370154559,8.086785265597607,0.45367658277538425,2.5342061488899112,0.15563365044953975
-0.0868279837415025,-0.12466637514245194,16.311574365099066,0.6807826984881911,8.238548919118214,0.385671927967648,2.582242570108192,0.13234574839011284
-0.07715741427178036,-0.12466637514245194,16.612059454482825,0.570502414394796,8.392260086387688,0.3232583929973183,2.6330218820410534,0.11006644410368376
-0.06856391592404971,-0.12466637514245194,16.90706292962229,0.4730839927806352,8.54382551929016,0.26783557124137575,2.6813037119238996,0.09102705553324347
-0.06092752862714207,-0.12466637514245194,17.19153222357078,0.3889132147534161,8.689394321220329,0.22010770366222412,2.7256258413001153,0.07532204315827302
-0.0541416530048151,-0.12466637514245194,17.46139338616019,0.31758699849893135,8.826650235537922,0.1798641804616616,2.767158860398539,0.062093817758025256
-0.04811156231253989,-0.12466637514245194,17.714165211521646,0.25802946837036367,8.954673799760183,0.14634958492675001,2.8068045407564775,0.050768500858627705
-0.04275308010908995,-0.12466637514245194,17.948787892859006,0.20881264774961478,9.073334899204026,0.11864368285842466,2.844496914148942,0.041146069939002806
-0.0379914052040221,-0.12466637514245194,18.16516092439044,0.16843719384459477,9.18283145429846,0.09586064639642336,2.879755203011846,0.033127809656639876
-0.03376006747802295,-0.12466637514245194,18.36373732515919,0.13549420545250038,9.283474814612077,0.07721353722613704,2.9122031255476912,0.026566982292551552
-0.03,-0.12466637514245194,18.54526549290486,0.10873219477733195,9.375625991311315,0.0620203718939677,2.9417288468778042,0.021262926572282015
0.03,-0.12466637514245194,22.090245796406,0.13106096049009752,11.17690377546807,0.07589854678194208,3.507540526519826,0.026334092383522825
0.03376006747802295,-0.12466637514245194,22.35160405790963,0.16741212611981257,11.309787164471459,0.09706711673041792,3.5496974155673557,0.03378396585540139
0.0379914052040221,-0.12466637514245194,22.65120982741307,0.2140065427217478,11.461808619466844,0.12419301646977945,3.5980312829346706,0.043375115092489806
0.04275308010908995,-0.12466637514245194,22.99511966535263,0.27374256774761757,11.63581681443536,0.15893265025238124,3.653241109783522,0.055663838135262794
0.04811156231253989,-0.12466637514245194,23.390245855701405,0.3502871843693335,11.835116869218039,0.20339001685708036,3.7160104878147733,0.07130717665360348
0.0541416530048151,-0.12466637514245194,23.844379641217223,0.44822797290130106,12.063666044296738,0.26026151757366023,3.787285788164247,0.09115055051448127
0.06092752862714207,-0.12466637514245194,24.36629452429776,0.5732523719230229,12.326399021959416,0.3330607160750626,3.8688968844708587,0.11647973118170811
0.06856391592404971,-0.12466637514245194,24.966143005161065,0.7324187980452093,12.629575298246253,0.4264237399034948,3.964049483553051,0.14936966977493707
0.07715741427178036,-0.12466637514245194,25.65636690059937,0.9346346888369635,12.980731840527865,0.5463630363178609,4.076281466346413,0.1925722683981884
0.0868279837415025,-0.12466637514245194,26.452846178281593,1.1913501565545426,13.387626089212333,0.7001309088336791,4.206272760131041,0.2482288266537462
0.09771061966979347,-0.12466637514245194,27.37473634307691,1.5169454233815305,13.856508099769915,0.8955358996009642,4.351546128637101,0.31709962841822376
0.10995723711238882,-0.12466637514245194,28.440811637658687,1.9276142449078388,14.392929530500957,1.1409773466334716,4.5163703447819445,0.40315587003818815
0.12373879148704055,-0.12466637514245194,29.664578475402486,2.4388407564759547,15.00838475898465,1.4486173704025789,4.714597097679586,0.5169097181969913
0.13924766500838334,-0.12466637514245194,31.059287966929357,3.0663227476491715,15.72212686246797,1.8364917964808645,4.940505901419145,0.6589907375841124
0.15670035222800524,-0.12466637514245194,32.652134797161324,3.8322585801134412,16.537660184858126,2.315634121305282,5.186722629942675,0.8274670963722502
0.17634048216824733,-0.12466637514245194,34.465058098116636,4.756426919033453,17.437808871977257,2.883016637746919,5.481110175563381,1.0455641100868882
0.19844221923690444,-0.12466637514245194,36.47991959685847,5.835183672364808,18.45352068114809,3.564533413347543,5.792499187527658,1.2937544522595972
0.22331409039755062,-0.12466637514245194,38.71577875816961,7.080014379154797,19.599074050718354,4.376963322356829,6.1576560808519565,1.604872842579452
0.2513032920204875,-0.12466637514245194,41.2036398406323,8.506223881012243,20.842741059709894,5.301755463216043,6.540731795818341,1.9515223061716716
0.2828005365353655,-0.12466637514245194,43.946838205740725,10.10924034194641,22.239261847871624,6.382102241953989,6.979186132115489,2.3701991923261554
0.3182455065418344,-0.12466637514245194,47.00989256081581,11.915230061231739,23.775303815386952,7.6091630489509985,7.4718421683876635,2.864405026772738
0.35813299251433084,-0.12466637514245194,50.49558807659438,13.966752353668063,25.543219540995313,9.057022028283939,8.026427522203342,3.445982095360724
0.40301979977966995,-0.12466637514245194,54.57686953519298,16.33550681548143,27.622356985652704,10.78997742197597,8.672053543621047,4.150750171272898
0.4535325211846986,-0.12466637514245194,59.48295123356537,19.101381309136197,30.10244742585432,12.875750852275086,9.45399518333312,5.0362448151960955
0.5103762839557767,-0.12466637514245194,65.53455428550986,22.349850210941874,33.15227386303613,15.435585084503469,10.406251245519403,6.1507545960992625
0.5743445928509872,-0.12466637514245194,73.07404771427625,26.10222383088571,36.97759055454282,18.592473518422292,11.596425053505715,7.58360228710457
0.6463304070095649,-0.12466637514245194,82.5921855591939,30.343425022216163,41.78213937699599,22.410765246790618,13.115142854548717,9.452792147761102
0.7273386051246984,-0.12466637514245194,94.6406691083806,34.94249947465944,47.87189987703415,26.938581900317644,15.023342279461028,11.8329929526371
0.8185000129460304,-0.12466637514245194,109.96106601348302,39.69759191225721,55.629720498119376,32.122077277768895,17.449413224958867,14.864364419266103
0.9210871889273549,-0.12466637514245194,129.3932913904525,44.33507882556575,65.44445824494521,37.70412477105758,20.540521778365388,18.674485779078882
1.0365321883776653,-0.12466637514245194,154.05300176822814,48.62593875613852,77.93805518375267,43.342589019475554,24.44610572544828,23.328928690646233
1.166446554092426,-0.12466637514245194,185.3566580902525,52.42233767728086,93.7693999686075,48.56662675275887,29.41958037218184,28.907335844638098
1.3126438125222553,-0.12466637514245194,225.13067520031538,55.669966418586895,113.87611919966658,53.050949296179674,35.73556171500805,35.32910666609962
1.4771647895120215,-0.12466637514245194,275.57978608067646,58.37639950865051,139.38291700188918,56.67865033484182,43.72485317400318,42.3025360541895
1.6623060990028473,-0.12466637514245194,339.4419849863004,60.591632673412136,171.7029430070766,59.51998310475871,53.879231843840415,49.29875713244643
1.8706522023821734,-0.12466637514245194,420.5796815428393,62.391400448985806,212.73030788496507,61.72257488610735,66.74480356776516,55.43472835349027
2.1051114860111477,-0.12466637514245194,523.3385534107908,63.83784832220494,264.68952172188125,63.42236696371292,83.08064431677458,59.96086789421337
2.368956860549917,-0.12466637514245194,653.6698982337941,64.99621827062774,330.6656354133308,64.73980656045659,103.7847991172241,62.87962851759002
2.6658714488230206,-0.12466637514245194,819.1789821721793,65.92124307035778,414.27521500003536,65.76165419727505,130.08616267638675,64.74136344000704
3.0,-0.12466637514245194,1028.6081183934507,66.65542938716402,520.3816942115473,66.5576605578662,163.40507904663528,65.98063251826947
-3.0,-0.07479982508547112,1121.3489299934374,66.89109163272349,567.0806690578588,66.80844672892837,178.13991407760508,66.34097545481026
-2.6658714488230206,-0.07479982508547112,880.4522851433829,66.17316085240847,445.0459450884773,66.03431974226376,139.88579762450544,65.18994971168979
-2.368956860549917,-0.07479982508547112,690.533450335439,65.24192018782631,349.5898445054443,65.01774827542279,109.6408807432788,63.41134286369988
-2.1051114860111477,-0.07479982508547112,541.9343862090648,64.03862360059713,274.1653331805853,63.65507634867218,86.07614771785089,60.5240920904607
-1.8706522023821734,-0.07479982508547112,424.7141817916695,62.46380208564196,214.84540449006195,61.810157855215344,67.52695570027974,55.723004756097595
-1.6623060990028473,-0.07479982508547112,333.2748817616917,60.416826155780264,168.43702050659502,59.29037081261462,52.9214100251756,48.725255121762345
-1.4771647895120215,-0.07479982508547112,261.228310181656,57.719297714652505,132.17760245903426,55.81848462843607,41.51416611090247,40.50382319079817
-1.3126438125222553,-0.07479982508547112,204.97629633324692,54.19038916785636,103.69958665217924,51.020093784080196,32.557693025665074,32.19538742240056
-1.166446554092426,-0.07479982508547112,161.0489349350758,49.60578107914096,81.39059533382326,44.64541807164183,25.548189112248377,24.601430807080014
-1.0365321883776653,-0.07479982508547112,126.66232196609133,43.761392271181236,64.02807217355607,36.96451798353384,20.08096979684843,18.113857015255764
-0.9210871889273549,-0.07479982508547112,99.85147224697963,36.68666599056672,50.486319655198066,28.76120334828763,15.837240879520678,12.851407878192337
-0.8185000129460304,-0.07479982508547112,79.03165596075699,28.821782101891337,39.9362328941779,20.966686117261432,12.525131069998588,8.722659469818865
-0.7273386051246984,-0.07479982508547112,62.82014066196125,20.91725532330352,31.753654139216945,14.26440496498662,9.970472950311136,5.636499227781567
-0.6463304070095649,-0.07479982508547112,50.40438513860051,13.913311708223635,25.468991556372355,8.99565259176737,7.986037980052645,3.4028252516891007
-0.5743445928509872,-0.07479982508547112,40.85197221921276,8.302643510422133,20.63359562915347,5.143520571486754,6.462113642304944,1.8788288266237665
-0.5103762839557767,-0.07479982508547112,33.547387268483526,4.2823790283515875,16.94103727540954,2.5652480571378753,5.316926571312287,0.9218110403832098
-0.4535325211846986,-0.07479982508547112,28.022953005484815,1.7625479783559324,14.145224461368718,1.024871251748094,4.434089532250839,0.35918370332696725
-0.40301979977966995,-0.07479982508547112,23.891582425478155,0.4589979247730321,12.058073607045614,0.25879693126708125,3.7712773869954326,0.08650539325449431
-0.35813299251433084,-0.07479982508547112,20.814363098557095,0.015561642447360056,10.507580167786589,0.007866401033332441,3.2859706094969323,0.0021230466476238165
-0.3182455065418344,-0.07479982508547112,18.60579768160374,0.1005063614468251,9.393468713749064,0.05928285945649019,2.9390343882224443,0.021721021973753633
-0.2828005365353655,-0.07479982508547112,17.081985821863263,0.4202156955857881,8.616656319980903,0.24329540720003823,2.701207383042504,0.08376814531226669
-0.2513032920204875,-0.07479982508547112,16.009780818788798,0.8032587086491971,8.079291385388476,0.45720345458785394,2.5358551372337037,0.15479764688448222
-0.22331409039755062,-0.07479982508547112,15.367474000769587,1.1054419629662107,7.755024198539535,0.6257192865246495,2.4210705197315443,0.2194810698223786
-0.19844221923690444,-0.07479982508547112,14.995481091312836,1.3080134792418452,7.561554838266749,0.7418045165108379,2.3746403412317996,0.24955622502472316
-0.17634048216824733,-0.07479982508547112,14.840151509249361,1.39894075998467,7.4915566695549956,0.7868265112089181,2.342481413125943,0.27178143972267416
-0.15670035222800524,-0.07479982508547112,14.855806103734592,1.389603118180661,7.498078850711766,0.7825620242762922,2.353025972884967,0.2643658242265206
-0.13924766500838334,-0.07479982508547112,14.9787062310874,1.3176496998096052,7.560883880183397,0.7422283069255567,2.3677355611627102,0.2542304807202478
-0.12373879148704055,-0.07479982508547112,15.18576978620085,1.201759950796866,7.670311138411849,0.6750644310976582,2.403056197851024,0.23087232892160242
-0.10995723711238882,-0.07479982508547112,15.449502282011798,1.0635690094808459,7.804343888876891,0.5980317569597853,2.4476909349743368,0.20327876263000522
-0.09771061966979347,-0.07479982508547112,15.741329178753686,0.922492504261148,7.949732791905234,0.5207567704538608,2.490939151473061,0.17852170460323086
-0.0868279837415025,-0.07479982508547112,16.04548314206939,0.7881406196344635,8.103011828204046,0.4460949480103803,2.539469477299969,0.15297445211945535
-0.07715741427178036,-0.07479982508547112,16.35422580641324,0.6644321434527259,8.26103160209215,0.376143050319991,2.591810121303844,0.12796706735416355
-0.06856391592404971,-0.07479982508547112,16.661094298430122,0.5535770710825171,8.418793603450135,0.3131239922694948,2.642102815322627,0.10632838246687581
-0.06092752862714207,-0.07479982508547112,16.959721225596684,0.4567913943054158,8.571668976713283,0.2582959163504445,2.688604824566647,0.08832490122465061
-0.0541416530048151,-0.07479982508547112,17.24498125495408,0.3741375483698819,8.716782391933446,0.2117140078072558,2.732468673456767,0.07304479621207292
-0.04811156231253989,-0.07479982508547112,17.513622618041666,0.3047143447585883,8.8528502537287,0.17269378542760172,2.774587894287179,0.05987598452966746
-0.04275308010908995,-0.07479982508547112,17.76405470400899,0.2470820756715688,8.979508210126157,0.14028713465764475,2.8148250702535207,0.04862857561182055
-0.0379914052040221,-0.07479982508547112,17.995823675018638,0.1996317076129573,9.096797404212762,0.11353955586517919,2.8526047749902737,0.03921904504460948
-0.03376006747802295,-0.07479982508547112,18.20915236069467,0.1608038055047806,9.20492049712521,0.09158181085046722,2.887475057533425,0.031496515576432633
-0.03,-0.07479982508547112,18.40464383282809,0.12918696672152064,9.30416387006681,0.07364751414412327,2.9192800916667028,0.02523838845551894
0.03,-0.07479982508547112,22.280997687956667,0.15719132857086057,11.273811646208644,0.09109895064040283,3.5379896980733423,0.03162842440219922
0.03376006747802295,-0.07479982508547112,22.5697088887691,0.2008208582927446,11.420594036271897,0.11653738925593371,3.5845521665007607,0.040589339271329045
0.0379914052040221,-0.07479982508547112,22.90099885091969,0.25674452873056286,11.588685402133223,0.14914159425332615,3.6379889629074933,0.0521292995674615
0.04275308010908995,-0.07479982508547112,23.281680716776346,0.3284338219227042,11.781296663960381,0.19090383396801638,3.6990944430625015,0.06691963983606834
0.04811156231253989,-0.07479982508547112,23.71954787584034,0.4202743153172449,12.002160413101876,0.24435302418094884,3.768653223227533,0.08575424533484442
0.0541416530048151,-0.07479982508547112,24.223407621182147,0.5377418672737037,12.255749554093105,0.3127263112262957,3.84774620621473,0.10965452029008113
0.06092752862714207,-0.07479982508547112,24.803202938685818,0.6876076464287226,12.547638222712362,0.4002337848582219,3.938431675906714,0.1401688845892876
0.06856391592404971,-0.07479982508547112,25.470455809780287,0.8782460223748663,12.884886575740584,0.5124149813197818,4.044284839566143,0.17978430652885413
0.07715741427178036,-0.07479982508547112,26.239272643658488,1.1201761720430587,13.275991220292278,0.6564274393713622,4.169253048864477,0.23178636727094448
0.0868279837415025,-0.07479982508547112,27.12760842889211,1.4268378293205837,13.729726073392431,0.8408659863959124,4.314161379849788,0.2987304270468417
0.09771061966979347,-0.07479982508547112,28.157085423629066,1.8149756292013735,14.253248211482155,1.0749352002936476,4.47639812217452,0.3815470738004646
0.10995723711238882,-0.07479982508547112,29.34896852588739,2.303232758148738,14.852994584526675,1.3684759447520656,4.660776995087038,0.4849709816530475
0.12373879148704055,-0.07479982508547112,30.718796720608715,2.90911832524611,15.541971743619126,1.7356508717734318,4.882586566527717,0.6213704954846032
0.13924766500838334,-0.07479982508547112,32.281923714726,3.650036422280555,16.341693289435035,2.1972714042842973,5.1356256904482285,0.7914070709585421
0.15670035222800524,-0.07479982508547112,34.06916916804139,4.55044444563978,17.256376588498647,2.765690515151749,5.41206445028796,0.9928909551348544
0.17634048216824733,-0.07479982508547112,36.10581515799027,5.631397442320866,18.26792882519314,3.4370615013926993,5.742583684634018,1.2528496674326597
0.19844221923690444,-0.07479982508547112,38.37401827686766,6.887094623110487,19.4115655180967,4.24116631528085,6.0933765777439195,1.5486589190281779
0.22331409039755062,-0.07479982508547112,40.898750012637805,8.32969110347005,20.704473818098453,5.197030968045634,6.505337703529498,1.9187006777282465
0.2513032920204875,-0.07479982508547112,43.72034597154782,9.976126094765407,22.11565178641429,6.284966175866491,6.940367459918674,2.3322758188922266
0.2828005365353655,-0.07479982508547112,46.85316265812328,11.822726784003244,23.70999249878467,7.55631906846587,7.440862795425787,2.832663680403996
0.3182455065418344,-0.07479982508547112,50.382594396455964,13.900540790810098,25.481192917413274,9.0057373490884,8.008220878532095,3.426513377399877
0.35813299251433084,-0.07479982508547112,54.44072192054653,16.257340554408593,27.538909610972926,10.720022204781538,8.65385428241735,4.1305275742095695
0.40301979977966995,-0.07479982508547112,59.237888015845606,18.96580281622422,29.98139895289566,12.773831379353185,9.41299579870169,4.9890753503399745
0.4535325211846986,-0.07479982508547112,65.04873169996934,22.096502980087397,32.91949108508343,15.241118435502589,10.33888378807636,6.070835535320805
0.5103762839557767,-0.07479982508547112,72.2521027055022,25.709870607189696,36.5509747908608,18.244731010749216,11.473230551882171,7.433692676199061
0.5743445928509872,-0.07479982508547112,81.25551592121676,29.781179431051285,41.11761404658741,21.894439836504656,12.895337079867334,9.180310296266716
0.6463304070095649,-0.07479982508547112,92.63630907919708,34.23379840279563,46.86332952912168,26.215407368577626,14.710185626007597,11.441277750769416
0.7273386051246984,-0.07479982508547112,107.05157949609841,38.87838974569927,54.14955602006622,31.185768671000545,16.99365461227169,14.296388717942989
0.8185000129460304,-0.07479982508547112,125.37907443577151,43.48380539010754,63.42896837413654,36.64512810044624,19.89653921549274,17.888209200603875
0.9210871889273549,-0.07479982508547112,148.62439227266623,47.8015531371404,75.17139109924057,42.22345667874529,23.593637176915752,22.33152016983093
1.0365321883776653,-0.07479982508547112,178.11943636428563,51.66688583635987,90.11164329712832,47.51899541769867,28.26557015086038,27.651670836794576
1.166446554092426,-0.07479982508547112,215.55087551882733,55.00319584116603,109.0430003548688,52.13956366033212,34.21198749090316,33.851786039682594
1.3126438125222553,-0.07479982508547112,263.09947382743394,57.80929397777514,133.08142374161147,55.93239039960395,41.762840187821055,40.711159427716225
1.4771647895120215,-0.07479982508547112,323.40487031889745,60.12235337674511,163.57217895659545,58.928374068672824,51.31365838617098,47.72312509662491
1.6623060990028473,-0.07479982508547112,399.73951260328073,62.0024476066751,202.2032672850386,61.25526047523984,63.45054594903356,54.12240969563217
1.8706522023821734,-0.07479982508547112,496.7122568275661,63.52302257150513,251.23848655737663,63.05810187065562,78.82673675523833,59.043199051756524
2.1051114860111477,-0.07479982508547112,619.5124834695897,64.74148423178863,313.32970221882715,64.45274965385755,98.34773825253382,62.295935839845626
2.368956860549917,-0.07479982508547112,775.2632153564346,65.71544840294062,392.17173469947045,65.53726339262205,123.08916347943902,64.35788277718709
2.6658714488230206,-0.07479982508547112,973.0423218290268,66.492184575478,492.07654156993505,66.38101411854899,154.51253074540472,65.7191709795768
3.0,-0.07479982508547112,1223.2811328014006,67.10808710024867,618.855131634384,67.04003872941189,194.3243402890653,66.6587273242757
-3.0,-0.024933275028490298,1318.7582469921183,67.28036349187971,666.9221834522916,67.22137163917836,209.49676047423384,66.90237607204216
-2.6658714488230206,-0.024933275028490298,1035.5987414203446,66.67469786710294,523.4650939836607,66.5756809953492,164.53860723088894,66.01132481583153
-2.368956860549917,-0.024933275028490298,812.270603355522,65.89038699842578,411.2270951503046,65.7322533368191,128.9729031480724,64.68429200454494
-2.1051114860111477,-0.024933275028490298,637.5005872881138,64.87915792917346,322.51187815633364,64.60901195577996,101.25645423892071,62.620304738859176
-1.8706522023821734,-0.024933275028490298,499.54807091869594,63.55822050338772,252.70430484140292,63.099913960500345,79.4280521142842,59.182176903169164
-1.6623060990028473,-0.024933275028490298,391.8977231455539,61.84480612551003,198.07135145016187,61.05616469561673,62.232029702029315,53.59476240701415
-1.4771647895120215,-0.024933275028490298,307.02442754104123,59.58925308627471,155.3470141696168,58.255424829503,48.792540574551104,46.05016508031353
-1.3126438125222553,-0.024933275028490298,240.72061161843882,56.63514456074563,121.77577767861949,54.363935105936584,38.23444256502816,37.650571135484725
-1.166446554092426,-0.024933275028490298,188.87926224306307,52.76820215048481,95.4650748137138,49.0241609083714,29.969139149148617,29.49666036176456
-1.0365321883776653,-0.024933275028490298,148.28016811246442,47.74724552909927,74.95643784348863,42.13358950205833,23.51243308222279,22.235933413102813
-0.9210871889273549,-0.024933275028490298,116.58323819480327,41.4320001306064,58.94720621204449,34.12982758380379,18.494909734937277,16.16233858449704
-0.8185000129460304,-0.024933275028490298,91.92867709065607,33.9784043290395,46.458241612967626,25.921863871795388,14.572498338292405,11.269121957758863
-0.7273386051246984,-0.024933275028490298,72.71621565432707,25.93192364445095,36.7582665134344,18.413853828319137,11.541863656566827,7.517169962317171
-0.6463304070095649,-0.024933275028490298,57.95155248629227,18.24944593966549,29.28543755757322,12.187848068691446,9.184055929778447,4.727101151531147
-0.5743445928509872,-0.024933275028490298,46.567666468282724,11.654214583842204,23.523079042361182,7.405383336954314,7.369037839873134,2.75939949038668
-0.5103762839557767,-0.024933275028490298,37.833228098060445,6.5836289456713075,19.107360873344742,4.023107012561301,5.99711837502815,1.4656039312766187
-0.4535325211846986,-0.024933275028490298,31.19694394730894,3.1305701052434762,15.749087553781738,1.85174607899949,4.937867084537873,0.6572594678896947
-0.40301979977966995,-0.024933275028490298,26.20452049315141,1.1087534213715502,13.22643761147887,0.6373895124489399,4.137682951570878,0.21813300970822966
-0.35813299251433084,-0.024933275028490298,22.46064145687216,0.18376987062470046,11.339061445922974,0.1020520753264847,3.5467445023608852,0.03323406686950904
-0.3182455065418344,-0.024933275028490298,19.742640042684073,0.0071228385735112604,9.967344234845442,0.004739431491306895,3.1189128232594547,0.0020430289688920856
-0.2828005365353655,-0.024933275028490298,17.831404693755385,0.23271848060106864,8.994399541095916,0.1367193774440466,2.819787142038744,0.04732982194838277
-0.2513032920204875,-0.024933275028490298,16.46436191597011,0.623285405953119,8.307948129681662,0.35670292920844704,2.6077134216014293,0.12087589464658113
-0.22331409039755062,-0.024933275028490298,15.60360620620066,0.9875538407777115,7.873369575469332,0.5605440211903405,2.4575236978341404,0.1974815736774165
-0.19844221923690444,-0.024933275028490298,15.070122747346577,1.2656684595384975,7.5977351370694315,0.7191725715583629,2.3861885173217763,0.24185644903371992
-0.17634048216824733,-0.024933275028490298,14.797745974936895,1.424432364019431,7.4690913962852346,0.8016255727141325,2.3349338378820974,0.27716708844078464
-0.15670035222800524,-0.024933275028490298,14.731786030468236,1.4646606965286482,7.434260406480802,0.8249106334401617,2.333045978830715,0.27852438514014055
-0.13924766500838334,-0.024933275028490298,14.799100249012858,1.4236137831762106,7.468955529914284,0.8017155965545141,2.3386087190923517,0.27453670697727545
-0.12373879148704055,-0.024933275028490298,14.971009321150731,1.3220859165273502,7.5609299180761695,0.742199223711481,2.3684759463844194,0.25372673261805134
-0.10995723711238882,-0.024933275028490298,15.21506575413014,1.185894781168292,7.685073991368968,0.6663006613619697,2.41019398927611,0.22631712075748864
-0.09771061966979347,-0.024933275028490298,15.498206371254762,1.039173193966699,7.825906238863596,0.5861641406543027,2.451837214375934,0.20082197991485734
-0.0868279837415025,-0.024933275028490298,15.801558442860356,0.8948775315680909,7.97872164699413,0.5061091197691876,2.500237032857206,0.17344684471598204
-0.07715741427178036,-0.024933275028490298,16.115292791988967,0.7590722336107945,8.139391051631963,0.4293699091317173,2.5536095400243757,0.14596253384660426
-0.06856391592404971,-0.024933275028490298,16.43128605161936,0.6354807238345735,8.30195566279716,0.3591526403830896,2.605473864312606,0.12186044837600853
-0.06092752862714207,-0.024933275028490298,16.741764428415735,0.5263727282522715,8.46096603028759,0.2973962780933252,2.6537925377975156,0.10162435896975239
-0.0541416530048151,-0.024933275028490298,17.04047840482846,0.4324375139799582,8.612951131273714,0.24451169528512373,2.6996821381767586,0.08431242892646718
-0.04811156231253989,-0.024933275028490298,17.32334538669121,0.35305722681678775,8.756231414381103,0.19994435232681765,2.744014744942744,0.0692903383325637
-0.04275308010908995,-0.024933275028490298,17.588193495094572,0.2868496264393555,8.890181479962324,0.1627555433157602,2.7865736138493533,0.05639126086367119
-0.0379914052040221,-0.024933275028490298,17.834173550986797,0.23213812584819637,9.014663756530728,0.13194516495250122,2.8266835841011044,0.04555655480316425
-0.03376006747802295,-0.024933275028490298,18.061243541710766,0.1872372701474221,9.129754514188278,0.10657555898483795,2.8638128507978107,0.03663729763505869
-0.03,-0.024933275028490298,18.269832789480343,0.15058910928943742,9.235651223125826,0.0858038584569944,2.897757677127013,0.029392156078204085
0.03,-0.024933275028490298,22.46790010162829,0.18488335044703563,11.36876070025013,0.10722644525036107,3.567823716995688,0.03725102104154748
0.03376006747802295,-0.024933275028490298,22.78361643411859,0.2362277689757979,11.529264351097249,0.13719961941793662,3.618735002043765,0.04781903842289394
0.0379914052040221,-0.024933275028490298,23.14623385758343,0.3020372579521371,11.713243804775594,0.17562214470629267,3.6772162754720648,0.06143211862047076
0.04275308010908995,-0.024933275028490298,23.5633300173835,0.3863867844877774,11.92427671894109,0.22484229984367324,3.7441591226209825,0.07888413025490464
0.04811156231253989,-0.024933275028490298,24.043590901237298,0.49441628108154967,12.16652941771962,0.2878386844676464,3.820451979324325,0.10111481657459484
0.0541416530048151,-0.024933275028490298,24.596856096378776,0.6325304298631078,12.444998692731861,0.36841940851672417,3.9073136245374567,0.1293330507339012
0.06092752862714207,-0.024933275028490298,25.234260299503678,0.8086278733720142,12.765908397358299,0.471527655562027,4.007033510125238,0.16536602050820612
0.06856391592404971,-0.024933275028490298,25.968724065728995,1.0324431406975023,13.13713170039217,0.6036496472325728,4.123557550092844,0.21213555791919267
0.07715741427178036,-0.024933275028490298,26.816054472518772,1.316147366182492,13.568140197809523,0.773136055832076,4.261244400369096,0.2734875155259326
0.0868279837415025,-0.024933275028490298,27.796324475176377,1.6751975624391493,14.068745742093757,0.9899704858457983,4.421073955743837,0.35241078283308835
0.09771061966979347,-0.024933275028490298,28.933675616819382,2.12870013997418,14.64704528724879,1.264788550445445,4.600320452899144,0.45001807646076725
0.10995723711238882,-0.024933275028490298,30.251936298607653,2.6976865517558055,15.310407484808799,1.6088944228838786,4.804354944199503,0.5718447721043031
0.12373879148704055,-0.024933275028490298,31.768789668197716,3.40154906820144,16.073402317032546,2.0384674272533685,5.049895198196535,0.7321746072350604
0.13924766500838334,-0.024933275028490298,33.501852951291454,4.259178267982701,16.95985708605492,2.5770832831447663,5.330293176362753,0.9316904777979664
0.15670035222800524,-0.024933275028490298,35.48577991255986,5.296978753932374,17.974814428456394,3.2383343967229665,5.637331469446679,1.1679690272892909
0.17634048216824733,-0.024933275028490298,37.74951953899023,6.5368642269377855,19.09950222952356,4.017511840709089,6.004506330897752,1.4719297579298567
0.19844221923690444,-0.024933275028490298,40.27613368804455,7.970548682943781,20.373656645942557,4.948311497132103,6.395527613345375,1.8178684349898948
0.22331409039755062,-0.024933275028490298,43.097370981658095,9.61055447388874,21.81774674586539,6.051992087463807,6.855487618171561,2.2499106174664627
0.2513032920204875,-0.024933275028490298,46.26400363433917,11.474979373590065,23.402203803632215,7.308016363203674,7.34430146739174,2.7342749496564043
0.2828005365353655,-0.024933275028490298,49.802941802102126,13.56047878705951,25.202689039550137,8.775845950607817,7.909443730204006,3.3213116452115776
0.3182455065418344,-0.024933275028490298,53.821962500972155,15.901259741073947,27.220851434554408,10.453627803611608,8.555185234397365,4.021227191126485
0.35813299251433084,-0.024933275028490298,58.48406300961886,18.546944582053968,29.58428104975278,12.439453496094858,9.296872039520403,4.855889540353152
0.40301979977966995,-0.024933275028490298,64.03847137499321,21.565369748485885,32.41099360529125,14.81563599213996,10.176094363028744,5.878334230750592
0.4535325211846986,-0.024933275028490298,70.80708373259317,25.01005868226993,35.83391551822066,17.657523314174817,11.254334216600164,7.1681405807101655
0.5103762839557767,-0.024933275028490298,79.22938638395892,28.908305122055364,40.08102366071115,21.081051517156027,12.581433454167522,8.792148115894994
0.5743445928509872,-0.024933275028490298,89.78143939544879,33.18653390383192,45.43180958116623,25.170271218099046,14.248930620307208,10.864802772574869
0.6463304070095649,-0.024933275028490298,103.131637876473,37.71525507953374,52.172680739008335,29.896262235552637,16.376832185984984,13.526169833571142
0.7273386051246984,-0.024933275028490298,120.04844894387807,42.272640746832856,60.72350147367546,35.15356846211789,19.05695197211381,16.85659722512531
0.8185000129460304,-0.024933275028490298,141.55324758648624,46.63348037734808,71.610574342903,40.67840468137619,22.463661292425098,20.992758101904037
0.9210871889273549,-0.024933275028490298,168.82684279741562,50.59810962740496,85.38956250168428,46.03323282392979,26.800921356166892,26.02350013191402
1.0365321883776653,-0.024933275028490298,203.429655928185,54.064017532306934,102.91419761264756,50.84465396595147,32.282419207808964,31.914540320318054
1.166446554092426,-0.024933275028490298,247.33358485161946,57.005625295124226,125.11996818824304,54.86237258998033,39.25645450797708,38.56334035670177
1.3126438125222553,-0.024933275028490298,303.0934002556236,59.452213689732794,153.31099594760147,58.0756997135698,48.111537570464755,45.57667241583857
1.4771647895120215,-0.024933275028490298,373.80871591524283,61.45454216579695,189.06566190083723,60.587230868645946,59.31162473025324,52.231361926895175
1.6623060990028473,-0.024933275028490298,463.3159394718607,63.07455424591995,234.36210419811084,62.53397617830232,73.5422141855012,57.67124340119379
1.8706522023821734,-0.024933275028490298,577.0124348428466,64.38075788910749,291.85459843543555,64.0447293305953,91.5698839566925,61.41025726934749
2.1051114860111477,-0.024933275028490298,720.9784455243839,65.42529137409416,364.6460340101782,65.21650213855999,114.45462849148139,63.788170671666954
2.368956860549917,-0.024933275028490298,903.5743789110178,66.25911440864519,457.0754432559295,66.13025251247691,143.45962634078856,65.3328026517125
2.6658714488230206,-0.024933275028490298,1135.4334356428926,66.92344367647843,574.1890375157695,66.8428502286093,180.29179177003437,66.38737304801175
3.0,-0.024933275028490298,1428.7696985292862,67.44983714339907,722.798083305229,67.40056051963944,226.96039074270854,67.13463277247952
-3.0,0.02493327502849052,1525.2031208615342,67.57796875798618,771.3337651955846,67.5343019743266,242.2885571641222,67.30595953539571
-2.6658714488230206,0.02493327502849052,1197.901082554843,67.05757919366812,605.5011161893864,66.98428897640639,190.32856305780126,66.58652845934532
-2.368956860549917,0.02493327502849052,939.6723897369825,66.38463515546044,475.7324473407036,66.26881209129981,149.20460684649103,65.54320434637195
-2.1051114860111477,0.02493327502849052,737.5607189778592,65.51859884618096,373.1317013849556,65.32085808709905,117.1506187995591,63.979341164211405
-1.8706522023821734,0.02493327502849052,577.9434339320183,64.38925058840422,292.3650576516341,64.05519843809462,91.89558751481376,61.45759546275201
-1.6623060990028473,0.02493327502849052,453.35014367214154,62.92730953528366,229.1364462516507,62.353890181094634,71.99209310953744,57.21200011731102
-1.4771647895120215,0.02493327502849052,355.06791128763444,61.00585892167128,179.65321270810745,60.038456197704974,56.42805536623657,50.74124272420015
-1.3126438125222553,0.02493327502849052,278.25367382846366,58.49087918164775,140.7561620923559,56.8309022567988,44.19520436898007,42.67232011383063
-1.166446554092426,0.02493327502849052,218.13368555661995,55.18907459603878,110.26023778846645,52.3776343344106,34.616593461281724,34.248644180638436
-1.0365321883776653,0.02493327502849052,171.03466231206542,50.862913698171205,86.4594854490114,46.3838270317422,27.124540740423704,26.386502279504242
-0.9210871889273549,0.02493327502849052,134.22331387195302,45.29580056006109,67.86746198549015,38.919727454051994,21.297030625045764,19.592025687981412
-0.8185000129460304,0.02493327502849052,105.55265211994764,38.4418709321514,53.34813120732558,30.668369769894746,16.73544955838621,13.974155492790226
-0.7273386051246984,0.02493327502849052,83.19640794255952,30.59405914215256,42.05841332891603,22.624216421841528,13.206034043154572,9.565611209821618
-0.6463304070095649,0.02493327502849052,65.96849252944499,22.57499191949561,33.33961917226166,15.591938456965856,10.456775393143818,6.210787263681225
-0.5743445928509872,0.02493327502849052,52.66271098028386,15.230682886901729,26.604544084945246,9.938690915381926,8.336345227384385,3.78092605595959
-0.5103762839557767,0.02493327502849052,42.42637860520227,9.217913748391721,21.429219096154103,5.750678095475116,6.7261528190961375,2.1259232594608273
-0.4535325211846986,0.02493327502849052,34.62074751998622,4.838017128475533,17.47941264863412,2.910119834831692,5.481421450706531,1.045803596934464
-0.40301979977966995,0.02493327502849052,28.72133071193056,2.0412396958745926,14.498008920090813,1.19160972468325,4.536574172721119,0.41425260491607024
-0.35813299251433084,0.02493327502849052,24.274043390509885,0.5502172503636357,12.255139774610662,0.3125532018155888,3.834160699900104,0.10536595338959945
-0.3182455065418344,0.02493327502849052,21.017106088939716,0.0266580139134396,10.61087743882898,0.013949180679595517,3.3207155289648145,0.004179858891701225
-0.2828005365353655,0.02493327502849052,18.69445692028662,0.08907944182760327,9.429709234538628,0.05392429403279897,2.956464514314338,0.018848865854339616
-0.2513032920204875,0.02493327502849052,17.01340341654731,0.4405175845552045,8.584432660525863,0.2539883571304632,2.6945876060839846,0.08614477245956989
-0.22331409039755062,0.02493327502849052,15.91842085703831,0.8427283736774651,8.031575390515346,0.4800399668321087,2.506543315981611,0.17005389571617818
-0.19844221923690444,0.02493327502849052,15.210679240894693,1.1882620026401163,7.667325216662132,0.6768454921730245,2.4082237239162856,0.2275690241267102
-0.17634048216824733,0.02493327502849052,14.810770324331008,1.4165721447471422,7.474703205777229,0.7979127245505353,2.336233586660051,0.2762349957599386
-0.15670035222800524,0.02493327502849052,14.654537261088704,1.5126759693128722,7.3941473905864745,0.852243866661172,2.3205094636577566,0.287641821498034
-0.13924766500838334,0.02493327502849052,14.65913033707809,1.5097936617814876,7.3971183860467615,0.8502003024295074,2.31580968858635,0.29110675765463057
-0.12373879148704055,0.02493327502849052,14.789942497136263,1.4291548841293713,7.4686194164714,0.8019383293111834,2.33926785098445,0.2740665520370425
-0.10995723711238882,0.02493327502849052,15.009356124664636,1.3000763337193426,7.580362752543154,0.7299856839624688,2.377272810013266,0.24778807324343863
-0.09771061966979347,0.02493327502849052,15.279663589796073,1.151370300850263,7.714547723357255,0.6490123833379895,2.4166621027314057,0.2222365774880148
-0.0868279837415025,0.02493327502849052,15.57873895312865,0.9995885439848462,7.865142131943226,0.5649358038894401,2.4643768691239645,0.193500168796976
-0.07715741427178036,0.02493327502849052,15.894533352484427,0.8532355023998744,8.026971532293851,0.48227824871688546,2.5183048856964514,0.16383103840606955
-0.06856391592404971,0.02493327502849052,16.217164224032047,0.7178110017997272,8.193072823390299,0.40537244580323667,2.571341655001246,0.13743872855328634
-0.06092752862714207,0.02493327502849052,16.537377373265798,0.5968515073338962,8.357142361590489,0.3369579610091686,2.6211439129076104,0.11506746644541391
-0.0541416530048151,0.02493327502849052,16.847740453688296,0.49183204584579876,8.515084106308606,0.27788963929659444,2.6687766279177763,0.09577066271525117
-0.04811156231253989,0.02493327502849052,17.143291074287323,0.4025283681660914,8.664796476037147,0.22780286065745725,2.715078819189014,0.07890858928676298
-0.04275308010908995,0.02493327502849052,17.421234523701717,0.32768810323338815,8.80537069110519,0.18580744059457563,2.7597478559733153,0.06435072789903246
-0.0379914052040221,0.02493327502849052,17.68029123047437,0.2656127564980622,8.936472013174049,0.15088264059635997,2.802004883375274,0.0520732122359601
-0.03376006747802295,0.02493327502849052,17.9201251043355,0.21451862477173667,9.058035337839863,0.1220379766072058,2.841234979981943,0.041935490275733504
-0.03,0.02493327502849052,18.140967502549067,0.17271740266158608,9.170157066662773,0.09836349708090528,2.877183296478515,0.033681122967544136
0.03,0.02493327502849052,22.650298303705192,0.21385698589765262,11.4614186430157,0.12411953805586759,3.59693816085309,0.043146025335089586
0.03376006747802295,0.02493327502849052,22.992555624945517,0.27327310932272414,11.63540680900085,0.15884626812448366,3.6521228393334884,0.055401105076902685
0.0379914052040221,0.02493327502849052,23.38600433427077,0.3494218884830464,11.835021911780123,0.20336767796707725,3.7155677828471925,0.07119075624118841
0.04275308010908995,0.02493327502849052,23.838989722107637,0.4470051318463733,12.06421049726468,0.26040429526714476,3.788262984971575,0.09143758923577949
0.04811156231253989,0.02493327502849052,24.361096252271278,0.5719438886675927,12.327576115794878,0.33340415192284395,3.8712027331824173,0.1172346761957998
0.0541416530048151,0.02493327502849052,24.963205579832103,0.7316007967850235,12.630644418239568,0.42677006239509174,3.965746083265537,0.14998785409799234
0.06092752862714207,0.02493327502849052,25.657659042096412,0.9350314336692678,12.980295378766982,0.5462064276341488,4.074415095095,0.19181622346862162
0.06856391592404971,0.02493327502849052,26.458796785990284,1.1933569683383531,13.385223053052282,0.6991783902239878,4.2015257915442845,0.24609464652381427
0.07715741427178036,0.02493327502849052,27.38415384094193,1.5204186994383604,13.855884529537134,0.8952637790638752,4.351848139611565,0.3172498016624743
0.0868279837415025,0.02493327502849052,28.455954826834223,1.9336913532038187,14.403146639627296,1.145864969250816,4.526525842062617,0.4087191279442816
0.09771061966979347,0.02493327502849052,29.70090459254308,2.4546085339041444,15.03607625724599,1.463067365563644,4.722739936171253,0.5218081639363277
0.10995723711238882,0.02493327502849052,31.14546319919317,3.1064969858618636,15.763019106094962,1.8596449392184975,4.946429515454849,0.6628830421605838
0.12373879148704055,0.02493327502849052,32.809572439361325,3.9104672565152763,16.60015894233785,2.35379040509365,5.215730877567152,0.8481841052013046
0.13924766500838334,0.02493327502849052,34.71328329672179,4.886663012362994,17.573690825658552,2.971808497415924,5.523588013568115,1.0784106985199224
0.15670035222800524,0.02493327502849052,36.89530165346366,6.063109379964384,18.68960575143891,3.7284504350429497,5.8614670756254,1.3509403119968728
0.17634048216824733,0.02493327502849052,39.38857669825383,7.462159112303679,19.928699430698956,4.6181234257738755,6.265673615775618,1.7006453468854361
0.19844221923690444,0.02493327502849052,42.17768119481696,9.07272770451967,21.335462529209337,5.678419255992427,6.697592595003807,2.0987980063269105
0.22331409039755062,0.02493327502849052,45.301920270279126,10.907317521434802,22.933987217527616,6.932762461826615,7.206565191458055,2.5954127195435275
0.2513032920204875,0.02493327502849052,48.82342533104419,12.98451317667957,24.696746889915374,8.359942595739248,7.750758672940127,3.1538478994271237
0.2828005365353655,0.02493327502849052,52.78286975545123,15.30038684922945,26.71062831948872,10.027193394720866,8.382817857603003,3.831704360836297
0.3182455065418344,0.02493327502849052,57.311489752591115,17.890147753553975,28.9859225776001,11.93574155384367,9.110114107135965,4.643024855375092
0.35813299251433084,0.02493327502849052,62.6043307947048,20.801601342048272,31.668563014334058,14.192964093923251,9.952100642179348,5.614965990407898
0.40301979977966995,0.02493327502849052,68.9505572034186,24.09230786769935,34.89694467070506,16.885468182040164,10.956891058487999,6.809110528097439
0.4535325211846986,0.02493327502849052,76.7207349916039,27.79280735230936,38.82685958320828,20.084559603162155,12.194427205554655,8.315415567128152
0.5103762839557767,0.02493327502849052,86.41702473349258,31.893461661428223,43.71743189547043,23.890556556691465,13.72301646661281,10.2087045992161
0.5743445928509872,0.02493327502849052,98.5868263637002,36.27605917644142,49.8873013143233,28.350310386254286,15.646880697430735,12.613235074121281
0.6463304070095649,0.02493327502849052,113.99329046118307,40.77436829846086,57.66725590891247,33.37004032181849,18.10160816739675,15.674972048063292
0.7273386051246984,0.02493327502849052,133.5211562785761,45.160240389199124,67.53803483736144,38.75808458029757,21.195753745728975,19.469594349132244
0.8185000129460304,0.02493327502849052,158.34153391372362,49.23699394568613,80.1026942837738,44.17119474685067,25.128227430444635,24.1188412279684
0.9210871889273549,0.02493327502849052,189.81818412879448,52.858122763962854,96.00667875978918,49.16672697767698,30.133407977111766,29.67171838210431
1.0365321883776653,0.02493327502849052,229.75006865037628,55.97045540765935,116.2275850243483,53.46326858544231,36.4595716020321,36.01475742620646
1.166446554092426,0.02493327502849052,280.40654843766293,58.58136750201549,141.84945376728703,56.94964171140593,44.50564621844665,42.913909335406174
1.3126438125222553,0.02493327502849052,344.73235297664326,60.73632086516467,174.3725708462716,59.70023284947967,54.72131048638813,49.78865928714584
1.4771647895120215,0.02493327502849052,426.3075447853134,62.49131080149276,215.61865115184142,61.8416867970661,67.64196595324509,55.76467069923507
1.6623060990028473,0.02493327502849052,529.5563015067364,63.906615369947495,267.8683698047846,63.50248439652945,84.05660049738503,60.15131462970192
1.8706522023821734,0.02493327502849052,660.6988696073163,65.04525685309817,334.1833840649866,64.79407860472091,104.85022295116195,62.98316960838776
2.1051114860111477,0.02493327502849052,826.7447096263048,65.95442678778635,418.13692039905794,65.79824089730027,131.24384604592169,64.79926757259845
2.368956860549917,0.02493327502849052,1037.3446907309958,66.67946882417405,524.7400197883471,66.5830665400211,164.69629977420115,66.01555120101472
2.6658714488230206,0.02493327502849052,1304.7548329496437,67.25670289156415,659.8049924506346,67.1962663770642,207.1703599144126,66.86783917336743
3.0,0.02493327502849052,1643.0483574090506,67.71383025612408,831.1860061635807,67.67692750780401,260.99147028464284,67.48330787307758
-3.0,0.07479982508547134,1738.5815636698803,67.81026351771285,879.2522836756291,67.77691994558174,276.1814805129451,67.60698857123899
-2.6658714488230206,0.07479982508547134,1365.700075803723,67.35607617165105,690.3153021120347,67.30007891911652,216.99203132356817,67.00757660558217
-2.368956860549917,0.07479982508547134,1071.430099439376,66.76942612169505,542.4433156558631,66.68182688101099,170.12817967536787,66.15498887946578
-2.1051114860111477,0.07479982508547134,841.0811058494226,66.01562395607775,425.5018854726466,65.86604180545423,133.5944603986351,64.91252551523318
-1.8706522023821734,0.07479982508547134,659.0849652377806,65.03409296351978,333.4151826131947,64.7823337125158,104.79991503808512,62.97835325298695
-1.6623060990028473,0.07479982508547134,516.9880042667718,63.76583146439526,261.30661655457044,63.33470803240094,82.09929597922341,59.76217993384729
-1.4771647895120215,0.07479982508547134,404.85036831621835,62.10173328022595,204.83902037328428,61.377446772703536,64.33992879326422,54.49282598168962
-1.3126438125222553,0.07479982508547134,317.1738226255208,59.92644030155578,160.43765341756787,58.68145751638291,50.376203164183885,47.11565311164028
-1.166446554092426,0.07479982508547134,248.49502916621645,57.06853198147092,125.61560334885378,54.933623133825535,39.44013511310727,38.72511996688885
-1.0365321883776653,0.07479982508547134,194.67512374577328,53.30876443119738,98.41046352106049,49.779413951958375,30.87747251530265,30.458269476411687
-0.9210871889273549,0.07479982508547134,152.57362844807545,48.407110776425334,77.14690782867439,43.02958111069083,24.212120050831132,23.056273769526236
-0.8185000129460304,0.07479982508547134,119.7471059866827,42.20126018112531,60.52672795875022,35.041908232906266,18.989119232406555,16.772954505643497
-0.7273386051246984,0.07479982508547134,94.13694469103973,34.766418247176645,47.591475740803595,26.738615842234175,14.94332631914132,11.732887087443444
-0.6463304070095649,0.07479982508547134,74.3574072139543,26.70652419379208,37.58205065613955,19.08299459946898,11.788653222794666,7.818128802499216
-0.5743445928509872,0.07479982508547134,59.059769530851476,18.867077788150617,29.838859643222143,12.653812155900368,9.351737299836362,4.918739064302844
-0.5103762839557767,0.07479982508547134,47.26570741213375,12.066198216269175,23.875679331341818,7.6904799195524065,7.4943174153404,2.887485567800088
-0.4535325211846986,0.07479982508547134,38.246071772780894,6.815092170996058,19.31176093087795,4.169312210233868,6.057069802062211,1.51717159572592
-0.40301979977966995,0.07479982508547134,31.40389364711414,3.2278872711344953,15.853496831276491,1.9112139382058562,4.961885326330591,0.6730774236207253
-0.35813299251433084,0.07479982508547134,26.22451782012296,1.1153209132116197,13.240608038214244,0.6428107155379881,4.1434351178593065,0.22059513459924768
-0.3182455065418344,0.07479982508547134,22.405535783785993,0.17541632360000464,11.31209682368685,0.0974562377215363,3.540678005213338,0.032117526441621025
-0.2828005365353655,0.07479982508547134,19.652580279063905,0.010487371628423982,9.913187905114851,0.0072236668167089966,3.1082861305392395,0.0026132880163786394
-0.2513032920204875,0.07479982508547134,17.642367526656304,0.27424760273096954,8.901388898792382,0.15983541759793798,2.7941679918140703,0.05424258758248289
-0.22331409039755062,0.07479982508547134,16.30059148131158,0.6850309194333998,8.223907961761304,0.39195200116347806,2.566325598121797,0.13981975722610832
-0.19844221923690444,0.07479982508547134,15.408358911960558,1.0844477525846024,7.765875248016928,0.6195624703484323,2.4393483864456407,0.20827624096788055
-0.17634048216824733,0.07479982508547134,14.87244306025142,1.3797224660573184,7.504960712717548,0.7780779307330673,2.345301554638348,0.2697857750790546
-0.15670035222800524,0.07479982508547134,14.618865057623744,1.53518009906459,7.375110789178557,0.8654109422315396,2.3145906465055996,0.2920097061219585
-0.13924766500838334,0.07479982508547134,14.55484938279871,1.5760949157541686,7.343375460782804,0.8876434846748774,2.29871032345351,0.3039315011506898
-0.12373879148704055,0.07479982508547134,14.639600983611823,1.522073046365484,7.391878221568977,0.8538067556500666,2.314960166916665,0.29173581799585935
-0.10995723711238882,0.07479982508547134,14.83016838699557,1.4049159912647935,7.489094747806039,0.788439961798952,2.3485768511988296,0.2674793626409791
-0.09771061966979347,0.07479982508547134,15.08408772858565,1.2578420154527348,7.6148413965570905,0.7086218655511288,2.3851573605787015,0.24253800690507246
-0.0868279837415025,0.07479982508547134,15.375868299305084,1.1011113999608138,7.761688892251812,0.6219334095532215,2.431705484153365,0.2129186323050186
-0.07715741427178036,0.07479982508547134,15.691141296619135,0.9458912504005161,7.923366058474799,0.5342965799045671,2.4857683185945003,0.18138150963259234
-0.06856391592404971,0.07479982508547134,16.018188818070595,0.7996829420820353,8.09187276622212,0.45129141125998284,2.5396204817288384,0.15289855504098798
-0.06092752862714207,0.07479982508547134,16.346220363590547,0.6674832470942212,8.2600268733374,0.3765659272994704,2.5906050856315304,0.12851388714286363
-0.0541416530048151,0.07479982508547134,16.666576688259635,0.5517030780806451,8.423085501275366,0.3115021184357245,2.6397221252065752,0.1073012505168404
-0.04811156231253989,0.07479982508547134,16.973378265825367,0.45261921434224883,8.578504887556425,0.25598378909459796,2.6877676196923583,0.08863242557203507
-0.04275308010908995,0.07479982508547134,17.263175167743892,0.36918171887977996,8.72507516208859,0.2092085499151915,2.734347856362112,0.07242622658525438
-0.0379914052040221,0.07479982508547134,17.534229566696947,0.29971731011807906,8.862249569857468,0.1701607775487247,2.778577485002194,0.05870327831569324
-0.03376006747802295,0.07479982508547134,17.785887664739967,0.24237371797908197,8.989809462872875,0.13781372203681902,2.819756153862985,0.047337873192357036
-0.03,0.07479982508547134,18.018162999963465,0.19535041212862614,9.107740216956463,0.11120072151100498,2.8575754394197026,0.038062344333861506
0.03,0.07479982508547134,22.827543714705257,0.24381635516788794,11.551456325419021,0.14160681018699808,3.625229593458566,0.04925392165184203
0.03376006747802295,0.07479982508547134,23.195761425071463,0.31157682669616615,11.738633200238999,0.1812569123198708,3.6845935663712033,0.06325878592421971
0.0379914052040221,0.07479982508547134,23.619405458212643,0.39840970597168146,11.953560730213399,0.23209454011914074,3.7528989687394807,0.08130612635259303
0.04275308010908995,0.07479982508547134,24.10758704755177,0.5096598494454528,12.200554125583272,0.2972246241164585,3.831234693090624,0.10445212975936707
0.04811156231253989,0.07479982508547134,24.670789321789425,0.6520471252410107,12.484654849474659,0.3805791805905709,3.9207021332476657,0.1339490297064025
0.0541416530048151,0.07479982508547134,25.32093922678374,0.8339099672858022,12.811919071575062,0.48717284452327153,4.022802062941718,0.17140702420593748
0.06092752862714207,0.07479982508547134,26.07159229173084,1.0654765266129929,13.189885389328886,0.6234908582752865,4.140289259700581,0.21924718104877533
0.06856391592404971,0.07479982508547134,26.938521127210254,1.3592644045489144,13.628072113431704,0.797998632305064,4.277847450794519,0.2813107964818652
0.07715741427178036,0.07479982508547134,27.941007155445345,1.7307832458688233,14.137927469574503,1.0215217134540742,4.440656103354249,0.3626199397732164
0.0868279837415025,0.07479982508547134,29.10345108788298,2.199502202993256,14.731385895555603,1.3068962001543512,4.630031034003133,0.4670714007835486
0.09771061966979347,0.07479982508547134,30.455156562940193,2.789121293425577,15.418511382630324,1.667661865435422,4.843081314615237,0.5961733451310619
0.10995723711238882,0.07479982508547134,32.0252785745748,3.5251462456574654,16.208670892529316,2.1180566143361537,5.0863230474334005,0.7571459661946902
0.12373879148704055,0.07479982508547134,33.83613408256596,4.430228627273277,17.11971093037435,2.6782680451359093,5.379297382525512,0.9682109979891733
0.13924766500838334,0.07479982508547134,35.910384880533954,5.525530025659953,18.180248174489904,3.3772767002108255,5.7145839935713,1.230085751751429
0.15670035222800524,0.07479982508547134,38.29101027836191,6.8403674050235495,19.39735302160691,4.230915756409727,6.083405273922906,1.5399920789368733
0.17634048216824733,0.07479982508547134,41.015291296991904,8.397120354714108,20.75163923929276,5.2327045348877625,6.524864972036185,1.9367896358371244
0.19844221923690444,0.07479982508547134,44.06989253664541,10.18160218868059,22.29255764045487,6.424065423515674,6.998182272436272,2.3888144781161214
0.22331409039755062,0.07479982508547134,47.502342891708125,12.20582264667173,24.04811945950485,7.830459479427768,7.556976427892682,2.95206200796665
0.2513032920204875,0.07479982508547134,51.3868478958259,14.488011734011923,25.993337397182632,9.43004134091359,8.157871862981532,3.587237324398162
0.2828005365353655,0.07479982508547134,55.778717711047,17.02248995359981,28.226618278371294,11.297190289534093,8.858726967546778,4.359261853902458
0.3182455065418344,0.07479982508547134,60.83330680468657,19.843098486113362,30.767359728022907,13.435409536109047,9.670169967728981,5.286160361078915
0.35813299251433084,0.07479982508547134,66.7783822573051,22.99226381301512,33.78004260214043,15.95892240429269,10.615864736301141,6.4003319967814996
0.40301979977966995,0.07479982508547134,73.94368477293348,26.512820690659556,37.42384363797257,18.954863198433436,11.750548067546678,7.771581700447206
0.4535325211846986,0.07479982508547134,82.74944583231539,30.40886761307402,41.87796386511874,22.484881175515284,13.15277386051091,9.499491916407319
0.5103762839557767,0.07479982508547134,93.76204578848687,34.63449063318717,47.43339727579475,26.62551589898999,14.889567476048445,11.665636575005244
0.5743445928509872,0.07479982508547134,107.60237272814064,39.03628709469044,54.44903437677333,31.377229747134425,17.07817962311609,14.401807103205401
0.6463304070095649,0.07479982508547134,125.13120109897189,43.429580324966615,63.301497454197246,36.5766656070149,19.870217721316696,17.85597574605331
0.7273386051246984,0.07479982508547134,147.35331386678186,47.59976282615046,74.53428651684263,41.95584713680826,23.391586465528153,22.093501014062507
0.8185000129460304,0.07479982508547134,175.59425259435915,51.388037680266805,88.82962668655686,47.1310733359875,27.86647660569359,27.21179273453867
0.9210871889273549,0.07479982508547134,211.40660244747332,54.69488880684217,106.92571544832026,51.71090588464756,33.56064766287136,33.20607335340373
1.0365321883776653,0.07479982508547134,256.8355377348352,57.50253988235725,129.92783289659465,55.526872690062056,40.75811469272407,39.86565483075928
1.166446554092426,0.07479982508547134,314.4572010674478,59.838448483823015,159.07336110902372,58.570416635226,49.90995595513898,46.80710908018567
1.3126438125222553,0.07479982508547134,387.6183731420776,61.75594493938384,196.0648515847838,60.95598630704051,61.528983424053486,53.27947526250621
1.4771647895120215,0.07479982508547134,480.39523591584776,63.31205188610043,242.97513049844417,62.811734669340055,76.22435150148492,58.40289785646431
1.6623060990028473,0.07479982508547134,597.8176133075142,64.56399728693441,302.39680247612296,64.25302375268735,94.89162336809724,61.86924101217214
1.8706522023821734,0.07479982508547134,746.954975209807,65.56956428303002,377.81175312813554,65.37624064298885,118.53814135315722,64.07276614743193
2.1051114860111477,0.07479982508547134,935.7751661529813,66.37156174295245,473.2783198812052,66.25125119788039,148.5508785289324,65.5203644695175
2.368956860549917,0.07479982508547134,1175.259470556315,67.01064234467272,594.5004037019314,66.93638420087214,186.59041000991502,66.51548517132969
2.6658714488230206,0.07479982508547134,1479.3383009116853,67.51914501354578,748.0809426163632,67.47248266946195,234.8834322361417,67.22649899114475
3.0,0.07479982508547134,1864.002320495081,67.92166412645406,942.9491755139405,67.89321465277858,296.08163135781166,67.74714422776135
-3.0,0.12466637514245216,1956.7249641536284,67.99472660435337,989.5809269876099,67.96856808339973,310.8311299753986,67.83792661166257
-2.6658714488230206,0.12466637514245216,1537.2839588968216,67.59286979713394,777.0423815924845,67.54889072817578,244.2570394787597,67.32612885996716
-2.368956860549917,0.12466637514245216,1206.1936222591794,67.07432029782936,610.676171580722,67.00619759210431,191.5292413253691,66.60861640345162
-2.1051114860111477,0.12466637514245216,946.9954515869617,66.40890236717073,479.083016443137,66.2924782000958,150.41862140224958,65.58491526460536
-1.8706522023821734,0.12466637514245216,742.1316753384967,65.54356328257224,375.42921089505927,65.34823322253517,118.00730985114046,64.0374051051723
-1.6623060990028473,0.12466637514245216,582.1469470086603,64.42724426019659,294.24595162157794,64.09342702509261,92.44812602748054,61.53669792225517
-1.4771647895120215,0.12466637514245216,455.84750186675296,62.964841304633524,230.63921674895516,62.40662710764242,72.44485545406184,57.34902935458353
-1.3126438125222553,0.12466637514245216,357.06689870933565,61.056088559087556,180.61084329018308,60.09733121791058,56.71168076144636,50.89437988689156
-1.166446554092426,0.12466637514245216,279.63629858726966,58.54916286907679,141.36572685199417,56.89737174772036,44.38779038858173,42.82242434821579
-1.0365321883776653,0.12466637514245216,218.9431703592724,55.24637590031634,110.678725685107,52.45811843615863,34.7301870391563,34.359474528237584
-0.9210871889273549,0.12466637514245216,171.43007521704467,50.909596719037474,86.6823125028147,46.45578696476855,27.207737821746594,26.479529107982405
-0.8185000129460304,0.12466637514245216,134.3508355078268,45.320274856914835,67.91246853112547,38.94172348912654,21.30789242789428,19.605148670254227
-0.7273386051246984,0.12466637514245216,105.41035669994969,38.39990722782151,53.29296652581018,30.632486020257048,16.733496441501437,13.971716960532781
-0.6463304070095649,0.12466637514245216,83.01760740547785,30.5201193638197,41.96178519832716,22.54964252493867,13.16368820322182,9.513039156579271
-0.5743445928509872,0.12466637514245216,65.67924679473455,22.425042418110337,33.18575305801281,15.463536277607446,10.402557921771393,6.146369370493677
-0.5103762839557767,0.12466637514245216,52.28831722637565,15.013222250664992,26.41491671291054,9.780644111042498,8.291619798906313,3.7321889162257764
-0.4535325211846986,0.12466637514245216,42.02324273803934,8.98267200340586,21.22099543023156,5.590446451419165,6.6569105612064385,2.0603226373111108
-0.40301979977966995,0.12466637514245216,34.213006073271934,4.625032031154515,17.2730631659585,2.7764213460834055,5.407379246277989,0.9893494492877719
-0.35813299251433084,0.12466637514245216,28.281161299626586,1.8639456754547523,14.279828511515456,1.0873899548001729,4.469648859096988,0.37794424398446047
-0.3182455065418344,0.12466637514245216,23.883595896100527,0.45716803416659013,12.058690737935901,0.258958372765238,3.774929204507939,0.0875555414527078
-0.2828005365353655,0.12466637514245216,20.686677442526832,0.010063581144027726,10.435167795202625,0.004616000368352857,3.272213885277784,0.0014964596579553537
-0.2513032920204875,0.12466637514245216,18.336288949644203,0.13981741781899862,9.251244762579946,0.0829493653321849,2.904077103970366,0.028137457188981745
-0.22331409039755062,0.12466637514245216,16.738447350217946,0.5274757302449244,8.444459662761666,0.30349683601087707,2.6350122700182577,0.10924082047708007
-0.19844221923690444,0.12466637514245216,15.654091043281925,0.9633927157916723,7.88879439398386,0.5523656875495557,2.4781206754074874,0.18566061654434005
-0.17634048216824733,0.12466637514245216,14.975754880303594,1.3193496507117624,7.556317371497482,0.7451165706597762,2.361022514982191,0.258825873282363
-0.15670035222800524,0.12466637514245216,14.619387469464705,1.534849011040803,7.374426928397359,0.8658863034670539,2.314434035609242,0.2921258340400721
-0.13924766500838334,0.12466637514245216,14.482155505328267,1.6233889928161394,7.305651491847297,0.9145341871010039,2.2866579004093683,0.31317865839302117
-0.12373879148704055,0.12466637514245216,14.516887832580379,1.600681346679441,7.3291398549542714,0.897731708135242,2.295060717387373,0.3067134027350623
-0.10995723711238882,0.12466637514245216,14.675190157299774,1.4997429084068927,7.41010021283187,0.8413068565151528,2.323738502741026,0.28527606648060894
-0.09771061966979347,0.12466637514245216,14.909775657234908,1.3577112190370253,7.525925831229281,0.764515658454594,2.357052206566073,0.26156748665478213
-0.0868279837415025,0.12466637514245216,15.191714340330694,1.1985301538929716,7.667739163107835,0.676598407626125,2.4020273142349513,0.23153347751077233
-0.07715741427178036,0.12466637514245216,15.50424644868368,1.036171770776918,7.828135233975337,0.5849455093305125,2.4558618213523475,0.1984543486295609
-0.06856391592404971,0.12466637514245216,15.833765638872725,0.8803174570062795,7.998055719762276,0.49647790810465753,2.510216019485176,0.1680960632119882
-0.06092752862714207,0.12466637514245216,16.167907664357276,0.7375909905163605,8.169425148355227,0.4158440718295728,2.56211486027841,0.14183685913127494
-0.0541416530048151,0.12466637514245216,16.496757176592627,0.6114747523824331,8.336839632342704,0.34502807583057205,2.612482355336998,0.11879463879880411
-0.04811156231253989,0.12466637514245216,16.81349204239887,0.5028469363389907,8.497299120329156,0.284216897350962,2.6620632968765836,0.0983689734156422
-0.04275308010908995,0.12466637514245216,17.11398410277979,0.4109298293675105,8.649279662239746,0.23273377902244954,2.710369088795717,0.08054031340137337
-0.0379914052040221,0.12466637514245216,17.396016756499048,0.3341219501321322,8.792011319957028,0.18959364941108323,2.7564062644594833,0.06538295046405186
-0.03376006747802295,0.12466637514245216,17.658600602506016,0.27053270205827845,8.925112612990793,0.153750274545321,2.799387694182669,0.05279229634072575
-0.03,0.12466637514245216,17.90151597258621,0.21826849905582069,9.04845018821914,0.12419113273218885,2.8389496740267424,0.04249340781561628
0.03,0.12466637514245216,22.998997351239474,0.27445322382786796,11.638549487639418,0.15950892401978975,3.6525961129245093,0.05551222973125106
0.03376006747802295,0.12466637514245216,23.392479007475266,0.3507431351735352,11.838560520568876,0.20420087647186572,3.7160267073331754,0.07131144360730272
0.0379914052040221,0.12466637514245216,23.84554316118996,0.44849213424138046,12.06840675351566,0.2615058699125596,3.789067045219036,0.09167407112722162
0.04275308010908995,0.12466637514245216,24.368060401695477,0.5736971534111323,12.332769440008228,0.33492119462150943,3.872904712551793,0.11779327499880571
0.04811156231253989,0.12466637514245216,24.9714069698625,0.7338856110014904,12.637125807171406,0.42887211235362316,3.968748675259881,0.1510845754551147
0.0541416530048151,0.12466637514245216,25.66855170791904,0.9383785931569564,12.988060855709683,0.5489955274496716,4.078241892724307,0.19336775596306832
0.06092752862714207,0.12466637514245216,26.474264425326933,1.1985793192284488,13.393770367558446,0.7025687220307462,4.204370627201496,0.2473727448939418
0.06856391592404971,0.12466637514245216,27.405754814774756,1.5283962031327456,13.864595723565222,0.8990681351918614,4.352182093409657,0.3174158912706631
0.07715741427178036,0.12466637514245216,28.484060150016127,1.9449876036716875,14.412977015150712,1.1505748394838973,4.5272616246035735,0.4091233386667517
0.0868279837415025,0.12466637514245216,29.73577219394922,2.4697737290745083,15.051924404685384,1.4713598861637656,4.731104737435113,0.5268580531932504
0.09771061966979347,0.12466637514245216,31.192819992768776,3.12863968041351,15.792523159595708,1.8764098371893632,4.960770049809455,0.6723399425147122
0.10995723711238882,0.12466637514245216,32.887111189251314,3.9491384309544917,16.645204034647964,2.3814110030499522,5.2233577741763915,0.8536601857244976
0.12373879148704055,0.12466637514245216,34.843454965394756,4.955282341542755,17.62952312878914,3.0085157932307824,5.539797106039789,1.0910316699590763
0.13924766500838334,0.12466637514245216,37.08730461457945,6.169023801127199,18.77657097173495,3.789314471232413,5.902351241359967,1.3851982623972507
0.15670035222800524,0.12466637514245216,39.66613161127972,7.62065137637802,20.09463329238833,4.740652046399976,6.302072010123266,1.7332773840965578
0.17634048216824733,0.12466637514245216,42.62186870563952,9.332174337391873,21.564389585591556,5.8551694387139035,6.780843923833945,2.178125406195555
0.19844221923690444,0.12466637514245216,45.943812519737996,11.28600749474543,23.24042085811903,7.17800564668006,7.295877344286864,2.685253134092232
0.22331409039755062,0.12466637514245216,49.68825253523559,13.493120333626013,25.154898828419615,8.736462407446092,7.905074343578821,3.316674781484497
0.2513032920204875,0.12466637514245216,53.9419619649376,15.97042117833043,27.28575380717447,10.507955349561716,8.563686678184334,4.030621872609536
0.2828005365353655,0.12466637514245216,58.77542407347429,18.70915871436033,29.74304428572843,12.57313368686978,9.3347803089236,4.899299534697079
0.3182455065418344,0.12466637514245216,64.36837025468337,21.739444634575484,32.55552244292963,14.936659844674043,10.232328979339004,5.944731713606703
0.35813299251433084,0.12466637514245216,70.98152975201886,25.095218626545893,35.906226162710134,17.71688816910445,11.284244298118713,7.204361857262732
0.40301979977966995,0.12466637514245216,78.98546259131406,28.80153434605735,39.97530632403567,20.997566716211324,12.551922044734747,8.755719680613343
0.4535325211846986,0.12466637514245216,88.85063821923916,32.83525345561738,44.965688321447594,24.82531466803141,14.122615224381212,10.707082127667569
0.5103762839557767,0.12466637514245216,101.20868747132914,37.11855292291944,51.20070854429046,29.245965667875208,16.07223260181467,13.145347053657545
0.5743445928509872,0.12466637514245216,116.75545390571094,41.47482205321388,59.08027592687447,34.20775305281272,18.53129400430326,16.20736322846287
0.6463304070095649,0.12466637514245216,136.4513329104515,45.71709279589243,69.02784033083658,39.480147342748914,21.66773570979453,20.039057019936596
0.7273386051246984,0.12466637514245216,161.4237476551069,49.65584416673384,81.6509668349584,44.73963222974478,25.625218293310713,24.68963278012374
0.8185000129460304,0.12466637514245216,193.1559041482667,53.1703622243799,97.71272800107212,49.604880090584416,30.653725707298467,30.22285081284595
0.9210871889273549,0.12466637514245216,233.39315422343904,56.19854395994899,118.0460425881778,53.76923511450901,37.05106078718092,36.56702645832863
1.0365321883776653,0.12466637514245216,284.4321305231602,58.746667041645885,143.88651950037607,57.165234633420006,45.137740540273754,43.399735712461336
1.166446554092426,0.12466637514245216,349.1620631530817,60.853907294290195,176.62807415760486,59.847579977659834,55.41804675419209,50.18400698743045
1.3126438125222553,0.12466637514245216,431.3398995960412,62.57679172968204,218.17966151549265,61.94429056995835,68.46922362124494,56.05900480483502
1.4771647895120215,0.12466637514245216,535.5486497949689,63.971315619210586,270.8704753208201,63.57622086573892,84.97575110949073,60.32443651482731
1.6623060990028473,0.12466637514245216,667.4355462401267,65.09125346855872,337.6113416157948,64.84577591621479,105.94181529623653,63.08595391958281
1.8706522023821734,0.12466637514245216,834.9373248880111,65.98966282647783,422.3130339986214,65.83699748472186,132.49976895976792,64.86048157514215
2.1051114860111477,0.12466637514245216,1046.9999041182457,66.70555870013158,529.5290961702433,66.6104729227536,166.20584898070095,66.05548431861075
2.368956860549917,0.12466637514245216,1315.9614007537782,67.27567883144829,665.6699657665474,67.21699527370347,208.9264155390771,66.89399543677732
2.6658714488230206,0.12466637514245216,1657.4617638362724,67.72910191648253,838.1461946244033,67.69214290094504,263.1576629173164,67.50195803563511
3.0,0.12466637514245216,2089.4487659941396,68.08789363588917,1056.9834576392864,68.06539635343418,331.884121371951,67.95183500853877
-3.0,0.17453292519943298,2177.419539171664,68.14331704270651,1101.2000490356534,68.12230013885728,345.8859341126592,68.01903046003935
-2.6658714488230206,0.17453292519943298,1710.9053494571056,67.78345023718413,864.7990727609769,67.74806290286406,271.84596143785615,67.57331415988963
-2.368956860549917,0.17453292519943298,1342.5847676432722,67.31946688117543,679.7332841299,67.26517668748825,213.18895727735105,66.95531657410328
-2.1051114860111477,0.17453292519943298,1054.2153349647963,66.72473685253838,533.3244925248463,66.63182279978133,167.45023373166168,66.08770418300693
-1.8706522023821734,0.17453292519943298,826.2251522745945,65.95216796491677,417.97286378978623,65.7967013679725,131.38128164415312,64.80604642432667
-1.6623060990028473,0.17453292519943298,648.1489011225669,64.95692802053915,327.61160769667373,64.69165272409192,102.9308956049873,62.79424721684655
-1.4771647895120215,0.17453292519943298,507.5242299591401,63.65501925989098,256.7831275666342,63.213443132418746,80.65781889108975,59.45657121683918
-1.3126438125222553,0.17453292519943298,397.51027020037003,61.95829963425129,201.06203776451892,61.201211827392186,63.134535037421756,53.98782989835196
-1.166446554092426,0.17453292519943298,311.2238466462015,59.73159599125539,157.34180097950562,58.42622423934608,49.40653123825105,46.46914847949924
-1.0365321883776653,0.17453292519943298,243.57520725067093,56.7976902987194,123.13098901980862,54.56971612616822,38.64081663096128,38.016067573361475
-0.9210871889273549,0.17453292519943298,190.5844667522649,52.930821886787136,96.36838140612659,49.260995788729836,30.250797275021746,29.796506742174497
-0.8185000129460304,0.17453292519943298,149.19944564254374,47.89172145132675,75.4221767541572,42.32776454601497,23.665648509131586,22.416203389185007
-0.7273386051246984,0.17453292519943298,116.88668547661298,41.5073785287119,59.09714043752804,34.21761459225077,18.55590565698488,16.237813409894713
-0.6463304070095649,0.17453292519943298,91.84646202937647,33.94855417350724,46.42689484050485,25.899075641031594,14.565571616870473,11.260462668344875
-0.5743445928509872,0.17453292519943298,72.44003537496333,25.799945543275186,36.604187827671026,18.288173557610545,11.475911808488362,7.436951966431039
-0.5103762839557767,0.17453292519943298,57.43013366977996,17.95688701063262,29.014511836529962,11.959801707567914,9.107881148128538,4.640490050199369
-0.4535325211846986,0.17453292519943298,45.901669517866424,11.261137904241075,23.18151617297534,7.130759003071793,7.272897186133196,2.6620653127600233
-0.40301979977966995,0.17453292519943298,37.10874927177122,6.180874571388745,18.736508490399768,3.7612443340188,5.866705749597299,1.355315194052444
-0.35813299251433084,0.17453292519943298,30.41251049109593,2.76985598221294,15.35688075838629,1.6340697375041981,4.80779462398013,0.5739905717859276
-0.3182455065418344,0.17453292519943298,25.426513022937613,0.8651210710260959,12.838125225619963,0.4961780019447007,4.019528516677335,0.17014536040056935
-0.2828005365353655,0.17453292519943298,21.777302156438104,0.09298962155036589,10.985805058998801,0.04975492408535297,3.4451544968693755,0.01692321863669395
-0.2513032920204875,0.17453292519943298,19.07992404441722,0.04778247072486386,9.626287615815894,0.029473839234117807,3.0218933715080283,0.009957002960946005
-0.22331409039755062,0.17453292519943298,17.220093151207333,0.3809774073422521,8.687209476133605,0.22078519616590403,2.710709578400572,0.08042172110415771
-0.19844221923690444,0.17453292519943298,15.938621994636467,0.8339034855589056,8.03139945884161,0.4801253870646268,2.523069777718045,0.16134874505772964
-0.17634048216824733,0.17453292519943298,15.11354587761802,1.2414313723626362,7.6251505465321285,0.7023096161401889,2.382257395422559,0.24446104106302424
-0.15670035222800524,0.17453292519943298,14.650597256802437,1.5151512250954726,7.389308821519337,0.8555785921984106,2.3191642698018917,0.2886309484948556
-0.13924766500838334,0.17453292519943298,14.436841631049266,1.6533221619778247,7.281818039799645,0.9317848042819276,2.2789830088412417,0.31915765875819535
-0.12373879148704055,0.17453292519943298,14.41861704857189,1.6654594918959749,7.278792803434284,0.9339890381473676,2.2790631878125645,0.31909483058268767
-0.10995723711238882,0.17453292519943298,14.542033149220098,1.5843685016649247,7.342170981032865,0.8884942784691361,2.3023780971745835,0.30115163911234316
-0.09771061966979347,0.17453292519943298,14.754959166770739,1.4504471993813672,7.446906657314609,0.8164084081006568,2.3320655072392076,0.27923092043738024
-0.0868279837415025,0.17453292519943298,15.024988861078198,1.2911697237017334,7.582641781271357,0.72856148509773,2.375137869720757,0.24922146200668102
-0.07715741427178036,0.17453292519943298,15.332930126765174,1.1233728064702306,7.740815090722731,0.6338373533686429,2.4284396607348113,0.21492110379403626
-0.06856391592404971,0.17453292519943298,15.663258402365885,0.9590442380877778,7.911300590217933,0.5405618138530695,2.4830272495419448,0.18290842639414942
-0.06092752862714207,0.17453292519943298,16.00201692779004,0.8065689984443459,8.085124220982918,0.45445693622231065,2.5356062103501107,0.1549236789922718
-0.0541416530048151,0.17453292519943298,16.33802006884957,0.6706171352820721,8.256214643204938,0.3781729584514065,2.58701594980059,0.13015053607232976
-0.04811156231253989,0.17453292519943298,16.663489605924966,0.5527578527977516,8.421107515539955,0.31224898282111746,2.6379435453429103,0.10803136219749768
-0.04275308010908995,0.17453292519943298,16.97360561007362,0.45254994676666754,8.577956592450409,0.25616880568486594,2.687803127191332,0.08861937064383875
-0.0379914052040221,0.17453292519943298,17.265659618087405,0.3685078784699368,8.725761313590205,0.2090019943086155,2.735492681977887,0.07205081965870014
-0.03376006747802295,0.17453292519943298,17.538314535225147,0.29873221610128964,8.863970993130044,0.16969912015203448,2.780137928972969,0.05824807252797267
-0.03,0.17453292519943298,17.791106625288805,0.2412556433955653,8.992328129089012,0.13721264121477428,2.8213189407930557,0.04693276551165287
0.03,0.17453292519943298,23.164033272511755,0.30545061089982717,11.722380505138101,0.17764072446296825,3.6789379004375946,0.06185623749326591
0.03376006747802295,0.17453292519943298,23.581967939878858,0.3903652254067713,11.934813091093453,0.22743997842055858,3.746304089324804,0.07947551681630491
0.0379914052040221,0.17453292519943298,24.063539208534067,0.49914689074986396,12.179114532511994,0.2912951901962605,3.823931761897927,0.10218662008692213
0.04275308010908995,0.17453292519943298,24.61936553469997,0.6384465385042957,12.460327097264472,0.3730997173494544,3.9131062909308527,0.13132160843966453
0.04811156231253989,0.17453292519943298,25.26170494615736,0.8165991125896923,12.784358774144954,0.4777760167692067,4.015143882461864,0.1684616619047352
0.0541416530048151,0.17453292519943298,26.004558116054202,1.043904677021879,13.158318331432918,0.6115870911587854,4.131829163816491,0.21563915544598686
0.06092752862714207,0.17453292519943298,26.863901670446857,1.3329317056522318,13.591053313451095,0.7826052120491037,4.266377294583742,0.2758965778702731
0.06856391592404971,0.17453292519943298,27.858378605374167,1.6989598137760082,14.093722370310184,1.0013184321392117,4.424192937862724,0.35402919037269087
0.07715741427178036,0.17453292519943298,29.01078229454883,2.1607609288217224,14.679753169331944,1.2810591985209854,4.611261816094747,0.4562701599377943
0.0868279837415025,0.17453292519943298,30.34990067971186,2.741646454971611,15.36323502240034,1.6375223489741362,4.829265943011488,0.5874517110408722
0.09771061966979347,0.17453292519943298,31.910305354022086,3.4695900242569033,16.15629524635485,2.0871233801112337,5.07523512092642,0.7495140496070541
0.10995723711238882,0.17453292519943298,33.72670766595765,4.374051787562809,17.070468713956718,2.6469741582047597,5.356858726737628,0.9514301847729569
0.12373879148704055,0.17453292519943298,35.82652456832231,5.480229728504962,18.12706482377911,3.34115335306494,5.696433844002646,1.2154000863988264
0.13924766500838334,0.17453292519943298,38.238181598261725,6.8106560058906265,19.359696896996546,4.203786116583191,6.085958596233578,1.5422099948791157
0.15670035222800524,0.17453292519943298,41.01385286179066,8.396287722047546,20.778003811249658,5.252667951654389,6.516386945341004,1.9289302918095532
0.17634048216824733,0.17453292519943298,44.20042250771163,10.258388949898052,22.362971261885384,6.479580974515306,7.032359215439232,2.422399918137976
0.19844221923690444,0.17453292519943298,47.79030714588506,12.375689029246935,24.174439701501953,7.933219344939502,7.5892297913225075,2.985432504676163
0.22331409039755062,0.17453292519943298,51.848952825635855,14.757514208141977,26.248922756363115,9.642465137577458,8.249162371942226,3.686044909992571
0.2513032920204875,0.17453292519943298,56.475968529031796,17.418413227043466,28.56752595222007,11.583755446764163,8.966170812623293,4.4801403164249525
0.2828005365353655,0.17453292519943298,61.757216986872415,20.345201478658264,31.25193175572238,13.84293188515235,9.808474271314157,5.447069920981683
0.3182455065418344,0.17453292519943298,67.8966825677223,23.56210236529967,34.34028829373769,16.424467475342738,10.793416055803602,6.612754688679584
0.35813299251433084,0.17453292519943298,75.18788328115026,27.09216714989783,38.03401275001713,19.448015781744154,11.953128978716737,8.01935213376871
0.40301979977966995,0.17453292519943298,84.04204909097554,30.94117725987585,42.534215968051704,22.990129121758486,13.355640281939634,9.75148109831431
0.4535325211846986,0.17453292519943298,94.9800264822013,35.060365735276235,48.06763086668798,27.077646593339693,15.096922153890556,11.925054392790642
0.5103762839557767,0.17453292519943298,108.69919247032102,39.34677311746448,54.990146867184144,31.720573147225195,17.261842085995102,14.630744016322055
0.5743445928509872,0.17453292519943298,125.97110641325891,43.61252158116307,63.74311113198163,36.813090093185934,19.99432019391626,18.007888016809087
0.6463304070095649,0.17453292519943298,147.8568812996353,47.68011941660884,74.79732028597961,42.066789735713655,23.47879843015426,22.19631267700293
0.7273386051246984,0.17453292519943298,175.6079723056958,51.38957518719803,88.82511176060653,47.12968737906115,27.876892801118395,27.223309676284387
0.8185000129460304,0.17453292519943298,210.86698477833679,54.653801231586954,106.6713299556233,51.658120350070895,33.46465712091987,33.11020084755999
0.9210871889273549,0.17453292519943298,255.5740077374536,57.4388261672846,129.26455812240744,55.43862885279809,40.57229291917407,39.707009639773794
1.0365321883776653,0.17453292519943298,312.2799006122106,59.76675333200777,157.97218114400806,58.479147464067054,49.55718724278369,46.57081271960591
1.166446554092426,0.17453292519943298,384.19020835634853,61.6832536108223,194.34621057422441,60.86827931707694,60.97740124439131,53.026444405307004
1.3126438125222553,0.17453292519943298,475.476105724271,63.24547821697748,240.5041377090706,62.73434717805738,75.4752290239204,58.20621458273674
1.4771647895120215,0.17453292519943298,591.2330691355222,64.507452967577,299.03420454389425,64.18834809726258,93.81129790247613,61.7255898618853
1.6623060990028473,0.17453292519943298,737.7312663865108,65.51953602777755,373.16858716417346,65.3213004728743,117.09940773643014,63.975830581806306
1.8706522023821734,0.17453292519943298,923.784264814241,66.33062819869721,467.25133177106454,66.20728899219114,146.59834425587783,65.4505109937231
2.1051114860111477,0.17453292519943298,1159.3260732176177,66.9764901336334,586.3365117199137,66.89960947030451,184.0352397974689,66.46484069631528
2.368956860549917,0.17453292519943298,1458.0642420522508,67.49058289662518,737.547446386769,67.44314225439189,231.4841841940937,67.18800075449784
2.6658714488230206,0.17453292519943298,1837.3666237852833,67.89929463564971,929.1115925672059,67.86935099737323,291.7139140831203,67.71825165831143
3.0,0.17453292519943298,2317.1587581499653,68.22261328265552,1172.1613964435312,68.20441666277898,368.04486371097977,68.11380582064884
-3.0,0.2243994752564138,2398.428257569295,68.26443772620286,1212.9782558322418,68.24718841777485,380.99063172262294,68.16355011760794
-2.6658714488230206,0.2243994752564138,1884.7985308929756,67.93868426029945,952.6928210152465,67.90958884133242,299.47826279833873,67.76895092156151
-2.368956860549917,0.2243994752564138,1479.2108841435306,67.51897643179066,748.9096125012389,67.47475442218729,234.8862004519896,67.22652980450887
-2.1051114860111477,0.2243994752564138,1161.6409458522821,66.98151128077149,587.6699544494948,66.90568953747359,184.5146232746751,66.47447632992086
-1.8706522023821734,0.2243994752564138,910.4980147764767,66.28398085318824,460.60732844982294,66.15740246984663,144.78391773645973,65.38330979593444
-1.6623060990028473,0.2243994752564138,714.3087430811454,65.3864999759206,361.0571753103288,65.17076199677491,113.43879888923598,63.712618317628106
-1.4771647895120215,0.2243994752564138,559.3399275088807,64.21396842484444,282.997276165735,63.85638919749316,88.89292396018371,61.00010465392447
-1.3126438125222553,0.2243994752564138,438.076958758149,62.68800485520073,221.57534399321477,62.076169047109815,69.57697478219944,56.438707473929654
-1.166446554092426,0.2243994752564138,342.9206198173273,60.68730264059147,173.37329748362507,59.63352157695765,54.44279056096984,49.628093227391986
-1.0365321883776653,0.2243994752564138,268.30497991464983,58.05264877676449,135.63262519766295,56.24433027728419,42.56707244176878,41.37301242229428
-0.9210871889273549,0.2243994752564138,209.826542363717,54.57394909628815,106.09877176784829,51.53827954948331,33.30788385516987,32.95322872187444
-0.8185000129460304,0.2243994752564138,164.1269278027185,50.009995162749945,82.9718617251663,45.20917492035926,26.03601158247378,25.158343812501215
-0.7273386051246984,0.2243994752564138,128.43472417750425,44.13631179399505,64.93762172106575,37.44195306505309,20.389717435442687,18.490773991075596
-0.6463304070095649,0.2243994752564138,100.7403742349683,36.97054422470178,50.924964093549576,29.05953494741353,15.977842124026512,13.027291101461586
-0.5743445928509872,0.2243994752564138,79.26028431130044,28.92180388287969,40.052752196883205,21.058735044155164,12.558786441811135,8.764191946401084
-0.5103762839557767,0.2243994752564138,62.62651102243024,20.81349953583478,31.641757045976224,14.17045469933965,9.932832298369908,5.5923961059057685
-0.4535325211846986,0.2243994752564138,49.83032254265461,13.576556384059614,25.167502008469647,8.7468466875648,7.896914057700428,3.3080187944321766
-0.40301979977966995,0.2243994752564138,40.05086745689704,7.841095707095306,20.223463469288713,4.836283824002388,6.33346167861298,1.7615613888438395
-0.35813299251433084,0.2243994752564138,32.58684232167227,3.799947641478256,16.45571341898446,2.265901113560815,5.152824345921759,0.8034823433727887
-0.3182455065418344,0.2243994752564138,27.009312353593756,1.3844215611888946,13.637764775843896,0.8020483856004389,4.270503667033226,0.2778394359717628
-0.2828005365353655,0.2243994752564138,22.90484964329087,0.257430467923879,11.555176073238613,0.14235170076030695,3.623989738263937,0.04897849470032605
-0.2513032920204875,0.2243994752564138,19.857903055178014,0.003775710796659854,10.018741268439891,0.0028707488524883137,3.145175293725844,0.0009380992783499171
-0.22331409039755062,0.2243994752564138,17.733530871414874,0.2537487860315617,8.946084662484072,0.1484791792051917,2.7915076593818635,0.05499006009070685
-0.19844221923690444,0.2243994752564138,16.252612918896116,0.7037721066384659,8.188964334956905,0.4071805477370339,2.5727114180203765,0.13679264569437902
-0.17634048216824733,0.2243994752564138,15.27858387462777,1.1519421989679688,7.707801152904784,0.652945266395776,2.4078557328973473,0.22780330785171723
-0.15670035222800524,0.2243994752564138,14.706924632332896,1.480007027716733,7.416937927537531,0.8366460245643452,2.3278960889246347,0.28224778819415797
-0.13924766500838334,0.2243994752564138,14.414645669057471,1.6681119135520206,7.269718886742565,0.9406201925683755,2.275007534441484,0.32228256293540186
-0.12373879148704055,0.2243994752564138,14.341553608432298,1.717412882825096,7.239200776601086,0.963140982639414,2.266453490575963,0.3290713279360034
-0.10995723711238882,0.2243994752564138,14.42826499451773,1.6590270191848686,7.284076594740189,0.93014133107192,2.2841089707027744,0.31515651872931416
-0.09771061966979347,0.2243994752564138,14.61783018843168,1.5358360999119733,7.376869334371807,0.8641893037893348,2.309909792958299,0.2954929658613687
-0.0868279837415025,0.2243994752564138,14.874367485800343,1.3785824045245703,7.50572727107951,0.7775794437051612,2.350826905294248,0.2659019552569382
-0.07715741427178036,0.2243994752564138,15.17624080196925,1.2069484546161242,7.660925018448842,0.6806727886465451,2.4033508779107877,0.23068318181928413
-0.06856391592404971,0.2243994752564138,15.506000994526325,1.035300897034697,7.8312711679060945,0.5832336259597563,2.4579484089614723,0.1972334277855972
-0.06092752862714207,0.2243994752564138,15.8480987468286,0.873883920254958,8.006897412854658,0.4921100560027708,2.511007799321345,0.16767573219450946
-0.0541416530048151,0.2243994752564138,16.190079006804545,0.7286482615530734,8.18106625552641,0.41066963952420865,2.563277626872902,0.14127817327952696
-0.04811156231253989,0.2243994752564138,16.523205996869912,0.6019297469509324,8.349847178385808,0.3398450255277735,2.6153825149822088,0.11753908213960396
-0.04275308010908995,0.2243994752564138,16.841963964494685,0.4936800261628481,8.511068206280044,0.27931125735223816,2.6666383443340766,0.09659398711872527
-0.0379914052040221,0.2243994752564138,17.14314693748158,0.4025694468162842,8.663494451428342,0.2282143324162014,2.7158353149017818,0.07864823558359482
-0.03376006747802295,0.2243994752564138,17.425063852362534,0.32671726088070374,8.806402571752994,0.1855167613081647,2.7620125952902597,0.0636563092344479
-0.03,0.2243994752564138,17.687000579229007,0.26410106722036936,8.939407785028823,0.15014635195474238,2.804693854803305,0.051340026039140646
0.03,0.2243994752564138,23.322042007971973,0.3364864715295266,11.802640125052104,0.19581340559995428,3.7041577660278566,0.06821976273437608
0.03376006747802295,0.2243994752564138,23.76350635174554,0.43003004930649436,12.027024668600165,0.2507313519817797,3.7753105061601056,0.08766551632711561
0.0379914052040221,0.2243994752564138,24.272536260505515,0.5498442018464731,12.285249237398984,0.3211500844360703,3.857356212273663,0.11273329264221955
0.04275308010908995,0.2243994752564138,24.860481674034585,0.70322884137672,12.582709677817682,0.4113584883700885,3.951676434673723,0.1448944743497223
0.04811156231253989,0.2243994752564138,25.54046529995526,0.8993179743906705,12.925736876795975,0.5267748989021749,4.059693483809008,0.185896499691155
0.0541416530048151,0.2243994752564138,26.327502865857046,1.149377000965061,13.321954909722352,0.6742857480863477,4.183332141804149,0.23798510346799012
0.06092752862714207,0.2243994752564138,27.23876270608372,1.467118462407633,13.780853635055028,0.8627532537395842,4.326032512314286,0.30451584184201314
0.06856391592404971,0.2243994752564138,28.294308766279578,1.8691610553083549,14.31439847688687,1.1036679723225884,4.4935488326202275,0.3907620518195364
0.07715741427178036,0.2243994752564138,29.518681247105548,2.3758418929009486,14.936995226761802,1.411598442687876,4.692259860956163,0.5035613090777038
0.0868279837415025,0.2243994752564138,30.942859042733716,3.0122906266607044,15.663810809917546,1.8036409952103274,4.924040015802776,0.6482146389380324
0.09771061966979347,0.2243994752564138,32.60406308351629,3.808462482819788,16.50803149489496,2.297613598756537,5.1859118562967685,0.8268905951178613
0.10995723711238882,0.2243994752564138,34.539851349912425,4.795582577604732,17.48233356671511,2.9120254541147133,5.486156703683528,1.0494489915112235
0.12373879148704055,0.2243994752564138,36.78036015693084,5.999871070574784,18.609819095708747,3.6728369815121304,5.848415725179594,1.3400599508183486
0.13924766500838334,0.2243994752564138,39.357164309084325,7.444251479590708,19.926668055058137,4.616628007595432,6.264476281402635,1.6995749470820734
0.15670035222800524,0.2243994752564138,42.327337551888554,9.16007107020829,21.444009408611006,5.7620935391956944,6.725265790681337,2.1250793931658674
0.17634048216824733,0.2243994752564138,45.74298835884427,11.167503551298994,23.143364915934388,7.100184499505368,7.278146960842852,2.667358184058733
0.19844221923690444,0.2243994752564138,49.60008237990136,13.441321322754906,25.089919972785786,8.682945511141405,7.87676590636623,3.2866682351734
0.22331409039755062,0.2243994752564138,53.97347442513481,15.988575088662845,27.32464972654827,10.540522020157692,8.587500288940847,4.056960585323
0.2513032920204875,0.2243994752564138,58.975655925906366,18.82040330987103,29.83197451621999,12.648014750125778,9.363226428553242,4.931917730760346
0.2828005365353655,0.2243994752564138,64.70775889915541,21.917886499600172,32.74501980251761,15.095232311246331,10.277215518757373,5.997807264914707
0.3182455065418344,0.2243994752564138,71.3975310315386,25.297550233359786,36.1111741661486,17.884965764821537,11.350142886720635,7.284237884507009
0.35813299251433084,0.2243994752564138,79.37070464050974,28.969996942956897,40.14987344808084,21.135370093571193,12.618274294388295,8.837640113387847
0.40301979977966995,0.2243994752564138,89.07863636913798,32.92175192006792,45.082967818270895,24.912320435933857,14.156177350860068,10.748981214387348
0.4535325211846986,0.2243994752564138,101.09224335183596,37.081850554611655,51.160843607267566,29.219066025533362,16.06849447081608,13.14067205661457
0.5103762839557767,0.2243994752564138,116.17459334891066,41.32994277091989,58.77188243960535,34.026852281193584,18.449034673569862,16.105554021774793
0.5743445928509872,0.2243994752564138,135.17299782457417,45.477004691025066,68.39893335681595,39.1781327402271,21.45513795320989,19.782900705419088
0.6463304070095649,0.2243994752564138,159.24946687106686,49.362087984437075,80.56017687220529,44.34122118448698,25.287792719289836,24.302541706725048
0.7273386051246984,0.2243994752564138,189.77965962997948,52.85445160612318,95.99282531235467,49.163101488925605,30.126561742441908,29.664432617997292
0.8185000129460304,0.2243994752564138,228.56580027568867,55.894647332384174,115.62365670949745,53.35920481111648,36.27360629998111,35.83965685810842
0.9210871889273549,0.2243994752564138,277.7426929254502,58.46918305497822,140.47682565004365,56.80021555209855,44.09157164405755,42.5912338027687
1.0365321883776653,0.2243994752564138,340.1156898005508,60.61032264954485,172.05172933092913,59.5439036825847,53.9746834544653,49.354957810927864
1.166446554092426,0.2243994752564138,419.2067656467693,62.3670266634666,212.0583929650905,61.69433320978693,66.53487705999811,55.35587970034549
1.3126438125222553,0.2243994752564138,519.6012892802576,63.79568906625744,262.8229512883043,63.37431215981043,82.47942471669226,59.840018376811095
1.4771647895120215,0.2243994752564138,646.9077158802114,64.94799950139398,327.1927711713054,64.68497194938227,102.6451636421719,62.76518581922025
1.6623060990028473,0.2243994752564138,808.0183781859862,65.87112462071943,408.7213124925727,65.70772999027383,128.25543287652278,64.64676518979161
1.8706522023821734,0.2243994752564138,1012.6246705611225,66.61035070643082,512.1859583457302,66.50864293630642,160.69560361723734,65.90497552511712
2.1051114860111477,0.2243994752564138,1271.648935112625,67.19865479202566,643.1418169373048,67.13521072026498,201.8636467336316,66.78540860483652
2.368956860549917,0.2243994752564138,1600.1667973328122,67.6667438894793,809.4240192728219,67.62760238566007,254.04120964675275,67.4209624376371
2.6658714488230206,0.2243994752564138,2017.2754235393345,68.03876970471907,1020.0784481272821,68.01401223364077,320.27005792235576,67.8910813798985
3.0,0.2243994752564138,2544.8795826982955,68.33299857782819,1287.3435107304804,68.31797884679726,404.2060048577839,68.24400988043422
-3.0,0.27426602531339483,2617.5130115953207,68.36412922608304,1323.7836172116247,68.34969724746082,415.78979235924925,68.28048536361851
-2.6658714488230206,0.27426602531339483,2057.1969363816015,68.0663728298565,1039.8306379819398,68.04198084283213,326.873277673188,67.92621760400111
-2.368956860549917,0.27426602531339483,1614.6786371242188,67.68296286846554,817.4997791130307,67.64622461960516,256.39973809766667,67.44256052960463
-2.1051114860111477,0.27426602531339483,1268.171948793855,67.19237902604013,641.5627803559202,67.12925252374859,201.43703464142558,66.77855072782275
-1.8706522023821734,0.27426602531339483,994.082467867763,66.55619579049255,502.8935855340725,66.45101400263357,158.07724257932418,65.82862472691976
-1.6623060990028473,0.27426602531339483,779.9410397241563,65.73850515100136,394.2360885731272,65.55937050192466,123.86298231628192,64.40336265832642
-1.4771647895120215,0.27426602531339483,610.7537355808533,64.6714027344378,309.0080689422328,64.3756618573815,97.06423992094435,62.143037524779785
-1.3126438125222553,0.27426602531339483,478.3398203739492,63.284408816049215,241.93478450609422,62.77937024043743,75.97118325304822,58.33707138101838
-1.166446554092426,0.27426602531339483,374.3894489703139,61.467689384868315,189.28963146964378,60.59952017656212,59.44298460877607,52.295773917672946
-1.0365321883776653,0.27426602531339483,292.86616380029346,59.077363566865266,148.04896997594713,57.58416448755315,46.46665540506942,44.39464133583187
-0.9210871889273549,0.27426602531339483,228.9460051829631,55.91907592183535,115.76712283639395,53.384038477077546,36.34557844169774,35.90750722554218
-0.8185000129460304,0.27426602531339483,178.96726225758658,51.75867677041391,90.47752813754568,47.6276799157601,28.392604797456833,27.791085761870548
-0.7273386051246984,0.27426602531339483,139.92327821975343,46.34777439258048,70.74804159851857,40.28566304219365,22.214097537404566,20.69464341259652
-0.6463304070095649,0.27426602531339483,109.59577343173225,39.59673087555157,55.4035916053344,31.98065483703294,17.384043181608305,14.782968471880267
-0.5743445928509872,0.27426602531339483,86.05818034837769,31.75169745054814,43.490054217348494,23.71859241769903,13.638176031838686,10.103023454336372
-0.5103762839557767,0.27426602531339483,67.81284811245199,23.519640566190777,34.263967865013704,16.361137255778885,10.756211474026093,6.568168787654243
-0.4535325211846986,0.27426602531339483,53.75821978650267,15.864501715904712,27.153156471479893,10.396981464761184,8.520853640882123,3.9833327571674277
-0.40301979977966995,0.27426602531339483,42.99915234148107,9.553002889656069,21.713583331325747,5.970921762763645,6.801251925963449,2.197690708984903
-0.35813299251433084,0.27426602531339483,34.77247878967856,4.917840509056305,17.560298352074447,2.9630227717306856,5.499697570410487,1.0598962073878357
-0.3182455065418344,0.27426602531339483,28.60705987763526,1.9946873379598848,14.444994815604735,1.1659641617276235,4.523889163583856,0.4072719051811146
-0.2828005365353655,0.27426602531339483,24.049749490327244,0.4958747176020533,12.133375005262193,0.27881851952716036,3.8056070629976935,0.09659848526403941
-0.2513032920204875,0.27426602531339483,20.654884088954994,0.008876395314083605,10.420843859731308,0.004073405495731272,3.271485883965412,0.0014662997036660936
-0.22331409039755062,0.27426602531339483,18.26678287487304,0.15109385379286616,9.215023031494363,0.08965995476468322,2.87550009549072,0.03404591263868478
-0.19844221923690444,0.27426602531339483,16.586738269256262,0.5793586260949711,8.356769847590252,0.33710503889833826,2.6255635047951484,0.11319183063000986
-0.17634048216824733,0.27426602531339483,15.46364326572048,1.0564501975366372,7.800613552277608,0.6000994663172391,2.4366682076149444,0.2098972221135961
-0.15670035222800524,0.27426602531339483,14.782800321099662,1.4334858170571325,7.454496068663429,0.8113322735840357,2.339744353943584,0.27372697434020965
-0.13924766500838334,0.27426602531339483,14.411300880888522,1.6703479395134175,7.267195531544746,0.9424695171100511,2.274052672517333,0.3230359720304412
-0.12373879148704055,0.27426602531339483,14.282453599022487,1.757952166747387,7.208723022628483,0.9859702939995622,2.2567161476892523,0.33690776686522317
-0.10995723711238882,0.27426602531339483,14.331441136919132,1.724306416640521,7.234580452182653,0.9665800128119558,2.268542535286156,0.3274051913558434
-0.09771061966979347,0.27426602531339483,14.496566060840902,1.6139427741577332,7.3148919473873235,0.9079005763193069,2.2902952808320243,0.3103696673161598
-0.0868279837415025,0.27426602531339483,14.738509627319367,1.460527706133048,7.4363179476297105,0.8235235840227947,2.328881595414324,0.281532897448161
-0.07715741427178036,0.27426602531339483,15.03320978784911,1.2865012088608216,7.587975709003475,0.7252349228990299,2.3804417832725835,0.24566972507755502
-0.06856391592404971,0.27426602531339483,15.361309759051787,1.1086286936549048,7.757622347575832,0.6242417518760603,2.434870944468278,0.21098843925859573
-0.06092752862714207,0.27426602531339483,15.705686236851285,0.9390736216924227,7.934509182706288,0.5285490457720146,2.4882455057609034,0.18000810732825992
-0.0541416530048151,0.27426602531339483,16.052630561918768,0.7851345921995303,8.111241533656159,0.4422784790377252,2.5412193765941313,0.15209627611865206
-0.04811156231253989,0.27426602531339483,16.39245984073815,0.649973120903712,8.283426886714993,0.3667887495903911,2.594351726543021,0.12681814519580248
-0.04275308010908995,0.27426602531339483,16.718967851008948,0.5339800451986368,8.44856884543276,0.3019714984329926,2.646860615078025,0.10439920573150668
-0.0379914052040221,0.27426602531339483,17.02845284297619,0.43601579946686864,8.605198192620819,0.2470678210161456,2.6974303944620948,0.08511958233060381
-0.03376006747802295,0.27426602531339483,17.318869276183356,0.3542427649673877,8.752418376797927,0.20106555179701763,2.745015246232524,0.06897018054912278
-0.03,0.27426602531339483,17.589250799948587,0.286600655546306,8.889716473772651,0.16287733357930148,2.7890830120042613,0.05567620659866167
0.03,0.27426602531339483,23.47243394256677,0.3672374068029649,11.87902918106786,0.2138367143980795,3.7281616875927304,0.07453593366064382
0.03376006747802295,0.27426602531339483,23.936395054750673,0.46932311788904735,12.11484053229447,0.2738303093216448,3.8029343747341198,0.09579504378696596
0.0379914052040221,0.27426602531339483,24.471702883500463,0.6000529983556286,12.386389194306231,0.3507559103454813,3.8892076320817632,0.12320242687570725
0.04275308010908995,0.27426602531339483,25.090417607005715,0.7673642182354578,12.699414762413856,0.4492931961459914,3.9884568775970397,0.15836770646036769
0.04811156231253989,0.27426602531339483,25.806503737657632,0.9811733426734597,13.060660300545031,0.5753498979284719,4.102208583866248,0.2032034004829048
0.0541416530048151,0.27426602531339483,26.635968545894094,1.2536881362929992,13.47825332036644,0.736426892373379,4.232525171540769,0.26016713816226517
0.06092752862714207,0.27426602531339483,27.59714922926866,1.5997336325144786,13.962312478437092,0.9421636211147026,4.383066358921105,0.3329248852856353
0.06856391592404971,0.27426602531339483,28.711509549387355,2.037224454580631,14.525594692847138,1.205034859870973,4.559926232793343,0.42722261548443285
0.07715741427178036,0.27426602531339483,30.00531735727539,2.588003440050924,15.183469086768792,1.5408196419453892,4.769867312022279,0.5504943160085138
0.0868279837415025,0.27426602531339483,31.51172626304556,3.278935547194944,15.952173360485963,1.9679835268229686,5.014961310477728,0.7085059791398649
0.09771061966979347,0.27426602531339483,33.27060188591432,4.141844516241234,16.845965160948165,2.5057132925999954,5.292244821220819,0.9036620172266588
0.10995723711238882,0.27426602531339483,35.32238185677007,5.2095812713248035,17.8786954995506,3.173883420875086,5.6105913521871855,1.1467082732624432
0.12373879148704055,0.27426602531339483,37.70002673036686,6.509241801420915,19.075292829372813,4.000287600986162,5.994958346891277,1.4637559910649134
0.13924766500838334,0.27426602531339483,40.43843007520005,8.06398047001608,20.47454072778311,5.02387747022547,6.436978941436304,1.8557513342841279
0.15670035222800524,0.27426602531339483,43.59974433995937,9.905287739393573,22.08919187870827,6.264208273265712,6.927623266171135,2.3198601090075632
0.17634048216824733,0.27426602531339483,47.24154412002911,12.051939402441882,23.90152123817422,7.711434861745013,7.516933796804904,2.910755204922118
0.19844221923690444,0.27426602531339483,51.363712215874344,14.474504483961304,25.982100105684186,9.420711491087054,8.156990799866623,3.5862864792981624
0.22331409039755062,0.27426602531339483,56.05062441948059,17.177125731854588,28.37642445255913,11.423086234511427,8.918312083188125,4.426221487542492
0.2513032920204875,0.27426602531339483,61.427490788317954,20.166522545962586,31.072257524680886,13.691871740896875,9.752704755413363,5.38209271374737
0.2828005365353655,0.27426602531339483,67.61030396506669,23.416880558033554,34.21384129733702,16.319526790391677,10.738346123129062,6.546772772611999
0.3182455065418344,0.27426602531339483,74.84973521768545,26.935656421504984,37.857461755686735,19.305608911036934,11.899147276648026,7.953255513867194
0.35813299251433084,0.27426602531339483,83.50276357375304,30.720303534235125,42.24003164781272,22.764143356373104,13.275358118158048,9.651713457308158
0.40301979977966995,0.27426602531339483,94.05992926889888,34.739377712245734,47.60371135491792,26.74735871328178,14.947931013357913,11.73864763384305
0.4535325211846986,0.27426602531339483,107.14145611387181,38.904246047618585,54.22214413050243,31.232269403237403,17.03005857147128,14.341795466089916
0.5103762839557767,0.27426602531339483,123.57548469798905,43.08468496175703,62.51586461181791,36.15077635864893,19.624379970767052,17.554573161633904
0.5743445928509872,0.27426602531339483,144.28438278830737,47.098024419971686,73.00892736704489,41.299621306909756,22.901561945210084,21.51375171007743
0.6463304070095649,0.27426602531339483,170.53031515573215,50.80304555014278,86.26644984317669,46.321195574649515,27.079042998733076,26.335577805618627
0.7273386051246984,0.27426602531339483,203.8120960249214,54.09545392590322,103.09001643815198,50.884183813537796,32.354116116008385,31.987831272745275
0.8185000129460304,0.27426602531339483,246.09027236916583,56.93758498829066,124.4877382160101,54.77052602839808,39.05484817657005,38.38497656829434
0.9210871889273549,0.27426602531339483,299.6923483379282,59.330570241515034,151.57821072635528,57.91826391941664,47.57606296449267,45.1978481051668
1.0365321883776653,0.27426602531339483,367.67593318223203,61.31302623121147,185.99186950195283,60.4150996576454,58.34839342524541,51.74991903799049
1.166446554092426,0.27426602531339483,453.8764320542187,62.935254893252235,229.59502552915268,62.37006625576761,72.03726399340533,57.22578038531007
1.3126438125222553,0.27426602531339483,563.2892824418116,64.25218605102384,284.9205380055178,63.898390289950925,89.4141626086532,61.083028058510344
1.4771647895120215,0.27426602531339483,702.0313003485255,65.31310278427071,355.07236906085905,65.09224637167362,111.39143909502233,63.55404376069899
1.6623060990028473,0.27426602531339483,877.6099151999811,66.16227368604783,443.92200106765154,66.02507221496684,139.3008329321415,65.1656078046246
1.8706522023821734,0.27426602531339483,1100.5867694750575,66.84185831848454,556.6758957420566,66.75641643491505,174.6531810044942,66.26270533518854
2.1051114860111477,0.27426602531339483,1382.8630042476475,67.38245278601161,699.3858846479054,67.32911834708175,219.5155471252573,67.04105211221757
2.368956860549917,0.27426602531339483,1740.8669946983011,67.81243905267505,880.5904153635672,67.77954206182895,276.3748468473779,67.60846214643418
2.6658714488230206,0.27426602531339483,2195.409666359157,68.15409810141273,1110.1475499682913,68.13324842820141,348.54380378819724,68.03110662976238
3.0,0.27426602531339483,2770.3572868925394,68.42425957894864,1401.3896948741342,68.41163156673002,440.0094939377754,68.35000450511785
-3.0,0.32413257537037565,2832.4568099218905,68.4468202169639,1432.4948896380838,68.43453173998311,449.9313403486777,68.37613978796003
-2.6658714488230206,0.32413257537037565,2226.3506518722697,68.17222833133587,1125.3279499625753,68.15141435941803,353.75298866313295,68.05418962773918
-2.368956860549917,0.32413257537037565,1747.6078029100138,67.81882212536713,884.8050511845671,67.78774716790282,277.5104213819664,67.61706829701224
-2.1051114860111477,0.32413257537037565,1372.718361535854,67.36694323575799,694.4515883097167,67.31341948699685,218.04435836327335,67.0216495376877
-1.8706522023821734,0.32413257537037565,1076.1188716228662,66.78134487108389,544.3967435728654,66.69230842354503,171.12457943977194,66.17933476011171
-1.6623060990028473,0.32413257537037565,844.3668033858826,66.02934862043574,426.80504054791555,65.87777696222656,134.09561696505062,64.93595597203021
-1.4771647895120215,0.32413257537037565,661.2298813843071,65.04891770086628,334.54448625269566,64.79957904003817,105.08664527946549,63.00570932488157
-1.3126438125222553,0.32413257537037565,517.875735967489,63.77600932350743,261.9264164073249,63.35095821559856,82.24998330644365,59.79317015772817
-1.166446554092426,0.32413257537037565,405.29634888358083,62.110272162908544,204.9218301663353,61.381227114818216,64.35403683850421,54.498603626993514
-1.0365321883776653,0.32413257537037565,316.9949618342559,59.92069611948,160.24663670404325,58.66604397666365,50.297668482961704,47.063981405669395
-0.9210871889273549,0.32413257537037565,247.7345663754056,57.027414285634684,125.26808967884237,54.88373476638805,39.330781842705086,38.62888862601512
-0.8185000129460304,0.32413257537037565,193.55602681905927,53.20703506704839,97.85598981680845,49.640933309601294,30.709305669031977,30.281419085095397
-0.7273386051246984,0.32413257537037565,151.2224314686032,48.20348574719394,76.46267859220465,42.754379943331145,24.008414976275372,22.81821227735596
-0.6463304070095649,0.32413257537037565,118.31011211327129,41.85640268561271,59.8108942686889,34.63203854458132,18.767881237492446,16.499865721463017
-0.5743445928509872,0.32413257537037565,92.75273327665656,34.27555602986654,46.87511888351388,26.223924106992342,14.701206141884054,11.430048770847524
-0.5103762839557767,0.32413257537037565,72.92520758388673,26.031483105963268,36.84879614970272,18.48762231218616,11.56786256321256,7.5488177925976565
-0.4535325211846986,0.32413257537037565,57.63491570021551,18.071932797899212,29.11295502914983,12.042656357155687,9.136694086459805,4.673216881057194
-0.40301979977966995,0.32413257537037565,45.91382981063051,11.268313907774562,23.186743408037017,7.13494972567497,7.263750801692363,2.6528500115922045
-0.35813299251433084,0.32413257537037565,36.93809333444178,6.086684579875209,18.65478557223785,3.7041529733034215,5.843430087404187,1.3359108086322269
-0.3182455065418344,0.32413257537037565,30.19510568319212,2.672285737776703,15.247344756037569,1.5749479549103251,4.775764919832871,0.5541241097055958
-0.2828005365353655,0.32413257537037565,25.192659227765464,0.7966047463300205,12.710611731693094,0.45300599788481294,3.9869303417825126,0.15779835496681735
-0.2513032920204875,0.32413257537037565,21.45570746893211,0.0602891420661197,10.824925931692771,0.03181437842022031,3.3984171729846184,0.011174183928574154
-0.22331409039755062,0.32413257537037565,18.808015116587033,0.07550939636220323,9.488035281412229,0.04586249203404909,2.960803494128106,0.01816727590932829
-0.19844221923690444,0.32413257537037565,16.93178427517655,0.4653943969760723,8.530153582625669,0.2725918816873992,2.680161771006295,0.0914538430639153
-0.17634048216824733,0.32413257537037565,15.66158372069754,0.95983772356795,7.899975376840439,0.5464824776758842,2.4675591540459245,0.19166780341658946
-0.15670035222800524,0.32413257537037565,14.872718421281725,1.379559301420684,7.499197245555731,0.7818322118659172,2.3538340348451428,0.2638027345639608
-0.13924766500838334,0.32413257537037565,14.422586027207373,1.6628113699153553,7.272112570783389,0.9388680245321203,2.275446904918569,0.3219362594963151
-0.12373879148704055,0.32413257537037565,14.238104133362736,1.7887740991366134,7.185734530743144,1.0034153172719165,2.2493406375590586,0.34292097965364476
-0.10995723711238882,0.32413257537037565,14.249136521680613,1.781074566386532,7.192455849977049,0.9982946286568435,2.255293317768213,0.3380625718119699
-0.09771061966979347,0.32413257537037565,14.389354618394346,1.6850668317117568,7.260057911063264,0.9477130100362936,2.272933868620376,0.3239201394167228
-0.0868279837415025,0.32413257537037565,14.616078286158654,1.5369470310530902,7.373737943138768,0.8663653922410058,2.3090896854291216,0.29610589053116176
-0.07715741427178036,0.32413257537037565,14.902866808497516,1.3617679627898531,7.521477038608526,0.7673812361398408,2.359558431729021,0.25983480569717093
-0.06856391592404971,0.32413257537037565,15.228495690340651,1.1786652998632212,7.690006300364417,0.663388225574507,2.4136854511219825,0.2241088920610452
-0.06092752862714207,0.32413257537037565,15.574304546119743,1.0017439171210032,7.867719939810138,0.5635575632426032,2.467243936963133,0.19184884288518955
-0.0541416530048151,0.32413257537037565,15.925361621889794,0.839690023896111,8.046582623054459,0.47278660230051817,2.520791637391047,0.1625327773741835
-0.04811156231253989,0.32413257537037565,16.271059059168063,0.6965314627157673,8.221749981597126,0.3928826465701597,2.5748209814341227,0.13580106531666195
-0.04275308010908995,0.32413257537037565,16.604514758603482,0.5731329169116435,8.390407163697038,0.323973050500273,2.628454015867069,0.11197464718774673
-0.0379914052040221,0.32413257537037565,16.921540166987356,0.46857206854566946,8.550854256252045,0.2654088606311242,2.6802723404921345,0.0914124697373279
-0.03376006747802295,0.32413257537037565,17.219740417600256,0.3810748513797314,8.70202378900496,0.2162143634592937,2.7291476571246798,0.07414514183770664
-0.03,0.32413257537037565,17.497899525953482,0.3085581772171203,8.843276060986524,0.1752952740729664,2.774493295542366,0.059903946197419705
0.03,0.32413257537037565,23.614642636047616,0.3973823552047813,11.951260274882864,0.2315211636374479,3.7508593394386764,0.08073797817910455
0.03376006747802295,0.32413257537037565,24.099961588742683,0.5078332541502941,12.197919532806429,0.29649320716687366,3.829068379548343,0.10377782014316225
0.0379914052040221,0.32413257537037565,24.660238478388926,0.649247018258109,12.482128379955704,0.37979950477377195,3.9193581844772196,0.13348251769934175
0.04275308010908995,0.32413257537037565,25.308217673441415,0.8301799466694878,12.80995796330007,0.4865016946099166,4.02329503513655,0.17159736347058174
0.04811156231253989,0.32413257537037565,26.058676886974386,1.0613070750675209,13.188549960835351,0.6229854061064602,4.142506817973143,0.22019701611642864
0.0541416530048151,0.32413257537037565,26.928584681087713,1.3557469132435327,13.626520035902898,0.7973508904632606,4.2791900680208785,0.28194732471429446
0.06092752862714207,0.32413257537037565,27.937416449304727,1.7293960145257343,14.134598022080331,1.0199947640883065,4.437217404462406,0.3608188942481259
0.06856391592404971,0.32413257537037565,29.108005634065215,2.2014121483178988,14.726312169784835,1.3043490968519151,4.623011172396012,0.4630204087038171
0.07715741427178036,0.32413257537037565,30.46831822055285,2.795075306924081,15.417974594395378,1.6673682792847857,4.843706400076439,0.5965690711885067
0.0868279837415025,0.32413257537037565,32.053654524305685,3.53889553738407,16.226881230600778,2.1288458805178876,5.101575819864936,0.7676887474874303
0.09771061966979347,0.32413257537037565,33.90650749965988,4.466449444851666,17.16836835280492,2.709297748326124,5.39369078131527,0.9790265657895472
0.10995723711238882,0.32413257537037565,36.07021551859194,5.612081859503986,18.2574899660671,3.429928890178652,5.7295143940007085,1.2422079030808018
0.12373879148704055,0.32413257537037565,38.58065856182923,7.003639526029396,19.521027537822576,4.320315309612356,6.135288166902531,1.5852445476822719
0.13924766500838334,0.32413257537037565,41.476207187124686,8.664379251820755,21.00039647199163,5.421697143246713,6.602549104268569,2.0092127547175345
0.15670035222800524,0.32413257537037565,44.824249944743684,10.625725232772261,22.71010145023435,6.754463699689703,7.122376713829414,2.511426167837188
0.17634048216824733,0.32413257537037565,48.68803589750633,12.90479371253689,24.633374141398743,8.308017533586755,7.747440976718933,3.150367570844767
0.19844221923690444,0.32413257537037565,53.07167442853694,15.46774076364025,26.84616938544408,10.140355222022063,8.428394117981307,3.8816370096446713
0.22331409039755062,0.32413257537037565,58.069044371201095,18.315198060660705,29.398507411350547,12.283039627884905,9.23979518951281,4.790656026644938
0.2513032920204875,0.32413257537037565,63.81771690201077,21.448545478751328,32.28142076343501,14.707078854359814,10.132421914167816,5.826844464371449
0.2828005365353655,0.32413257537037565,70.4478602158482,24.83411150281985,35.64980526126019,17.506228647931273,11.18916942405758,7.089298241575753
0.3182455065418344,0.32413257537037565,78.23189409980698,28.469381853669393,39.56832283191876,20.67527934444214,12.437032408795611,8.614014995225588
0.35813299251433084,0.32413257537037565,87.55668783250877,32.33874178559813,44.29064022769435,24.32176990158529,13.920036201403205,10.454307932401456
0.40301979977966995,0.32413257537037565,98.95061341071663,36.39499106626259,50.07858694625027,28.48195816733017,15.725296394513567,12.711351376433926
0.4535325211846986,0.32413257537037565,113.08196828478,40.53675652472673,57.228419528313054,33.10525850087915,17.974362764758734,15.517045371548377
0.5103762839557767,0.32413257537037565,130.8427788985696,44.63044151664153,66.19220378955136,38.08589020560032,20.778498231243123,18.96385689959503
0.5743445928509872,0.32413257537037565,153.22904186139354,48.50458329234702,77.53454388805875,43.183636131679215,24.32149053306079,23.18382545678377
0.6463304070095649,0.32413257537037565,181.6014190124774,52.03818141248539,91.8665668192842,48.0322911205371,28.836995593877287,28.276479637185886
0.7273386051246984,0.32413257537037565,217.5796228018568,55.14959360096952,110.05312726090203,52.33754653398886,34.539614540403996,34.17339112834518
0.8185000129460304,0.32413257537037565,263.27972834207657,57.8178917921242,133.18231513822244,55.94499304265226,41.782880941848894,40.72781347345095
0.9210871889273549,0.32413257537037565,321.2179517881498,60.05451059766107,162.46500892096498,58.842433936178224,50.99322513954166,47.517415150013676
1.0365321883776653,0.32413257537037565,394.69944837442506,61.90188564991707,199.66051174163132,61.13386151996716,62.63685953357617,53.77268550446793
1.166446554092426,0.32413257537037565,487.86696995138004,63.41048799602985,246.78806288165632,62.92772481619552,77.43183872285188,58.70806262678796
1.3126438125222553,0.32413257537037565,606.117846830982,64.63345897070477,306.5833212147309,64.33136040477842,96.21241876272454,62.0380067400243
1.4771647895120215,0.32413257537037565,756.0675557547793,65.61775423346549,382.40173227271663,65.42913248338134,119.96501208717959,64.16555479518858
1.6623060990028473,0.32413257537037565,945.8253166675901,66.40505062240811,478.42637586409626,66.28786796362266,150.12756720515202,65.57499751910369
1.8706522023821734,0.32413257537037565,1186.8069492367931,67.03480895293997,600.2842523160359,66.96180129630919,188.33400547723784,66.5490597918059
2.1051114860111477,0.32413257537037565,1491.873175299032,67.53558653860699,754.5148377581954,67.48998446684445,236.81706597869538,67.2478148903796
2.368956860549917,0.32413257537037565,1878.7759575270013,67.93379449613238,950.3440400689763,67.90567341726315,298.264545372144,67.76122359238559
2.6658714488230206,0.32413257537037565,2370.0076230307563,68.25014086530635,1198.4281666949614,68.23228410637213,376.25552333891557,68.14579369564478
3.0,0.32413257537037565,2991.3592076115033,68.50024936502743,1513.170613362957,68.48945135265284,475.10066026771983,68.43715210841074
-3.0,0.37399912542735647,3041.0857670521714,68.51581311068009,1538.0126361748812,68.50517944262938,483.07004653034454,68.45504184945128
-2.6658714488230206,0.37399912542735647,2390.5437597394143,68.26050588752742,1208.3173657117495,68.24245411450889,379.84478161373227,68.15929801046313
-2.368956860549917,0.37399912542735647,1876.6449381973835,67.93205669413153,950.1402593560997,67.90533277232741,298.0033552586974,67.75955132305486
-2.1051114860111477,0.37399912542735647,1474.2113364865793,67.51233828182515,745.7956897645907,67.46619053851198,234.16684273537481,67.21849348947396
-1.8706522023821734,0.37399912542735647,1155.7642343390282,66.9687241188538,584.6903351457378,66.89206315875069,183.79190014382462,66.45992540700291
-1.6623060990028473,0.37399912542735647,906.9201885463481,66.2711796233225,458.4273690563828,66.14069769046932,144.03096169352764,65.35474748973473
-1.4771647895120215,0.37399912542735647,710.2429530848566,65.3624839951633,359.3407504813104,65.14853483573314,112.87666549242216,63.66993540681959
-1.3126438125222553,0.37399912542735647,556.2697673488284,64.18386862462458,281.3404330265321,63.81969431936771,88.34749705023874,60.911667634744674
-1.166446554092426,0.37399912542735647,435.31379125719457,62.6428282824721,220.10418833056417,62.01960326960268,69.12389759676589,56.285371012094686
-1.0365321883776653,0.37399912542735647,340.43268189429256,60.619089602918926,172.09481968138041,59.54685106365504,54.01902575349383,49.381007597960135
-0.9210871889273549,0.37399912542735647,265.9879742625708,57.94557998407265,134.49836935281374,56.10735668941668,42.231036918754064,41.09808187126073
-0.8185000129460304,0.37399912542735647,207.7319942264562,54.410631445648335,105.02567756407713,51.309751822211624,32.9604996242154,32.60367681757521
-0.7273386051246984,0.37399912542735647,162.20480409475348,49.7594106516268,82.01709464821562,44.87118307422981,25.75244166566307,24.835094167861904
-0.6463304070095649,0.37399912542735647,126.78285652576047,43.78719826394623,64.09600823050422,37.00048857578634,20.113382959930103,18.15347613371688
-0.5743445928509872,0.37399912542735647,99.26455675949926,36.49709573831761,50.167782997656104,28.543205317461165,15.735257610214738,12.723814725003981
-0.5103762839557767,0.37399912542735647,77.90093183876883,28.322403096716485,39.3645415687476,20.513380594326378,12.357832869950768,8.516439171818027
-0.4535325211846986,0.37399912542735647,61.41098765625013,20.15756445718695,31.021891078626663,13.649516330959727,9.736576445299338,5.363324678244978
-0.40301979977966995,0.37399912542735647,48.75594468212527,12.944782393772902,24.62323371157984,8.29971256681677,7.7147631032095685,3.1161346305405964
-0.35813299251433084,0.37399912542735647,39.05301567730991,7.271187356795193,19.723657418099314,4.4677522511198795,6.17914232580358,1.623794086241115
-0.3182455065418344,0.37399912542735647,31.74932597401636,3.3922206573002085,16.032610393089275,2.014660467739651,5.022294676789999,0.7134516910061193
-0.2828005365353655,0.37399912542735647,26.31465677980181,1.1451076414222197,13.277309189177814,0.65693684453863,4.164950421442586,0.229905462190458
-0.2513032920204875,0.37399912542735647,22.24554906733615,0.15217096068742142,11.223487987009678,0.08304501102078818,3.523614550645521,0.02907254351999447
-0.22331409039755062,0.37399912542735647,19.345659414165787,0.02700018899790471,9.759266861746578,0.017228858866628463,3.045576916603981,0.007456038126141828
-0.19844221923690444,0.37399912542735647,17.278746545575807,0.3649698767175087,8.70455927228528,0.21543743767444726,2.735075275956781,0.0721875681298102
-0.17634048216824733,0.37399912542735647,15.865428086043755,0.8661433056582496,8.002356946445554,0.49435021104748494,2.499418943925238,0.1738898981668337
-0.15670035222800524,0.37399912542735647,14.971298537792633,1.3219190544333874,7.548319083494837,0.7501920823916173,2.369310082621931,0.2531599288801142
-0.13924766500838334,0.37399912542735647,14.444374866702596,1.6483216893899448,7.282382750797498,0.9313737115474484,2.278533873314529,0.3195097442382987
-0.12373879148704055,0.37399912542735647,14.20536270105261,1.8117507243379332,7.1686459464161025,1.0165096886602136,2.2438276513082096,0.34745963505992733
-0.10995723711238882,0.37399912542735647,14.178976800746375,1.8304052790188838,7.156501779498266,1.0258812670091497,2.243983921604254,0.34733046324495864
-0.09771061966979347,0.37399912542735647,14.294418872479218,1.7496955518115975,7.211468467074424,0.9838998882600125,2.257543063362486,0.3362377649021295
-0.0868279837415025,0.37399912542735647,14.505759513513896,1.6079347473627004,7.317323062323488,0.9061603617797582,2.2912425888068304,0.3096406949516548
-0.07715741427178036,0.37399912542735647,14.784255293998248,1.43260286961661,7.460945811483814,0.8070338768321853,2.3405490544395895,0.27315409669384827
-0.06856391592404971,0.37399912542735647,15.106876409193838,1.2451351171979868,7.628078535340805,0.7005231345470919,2.3942835763149968,0.23654633456598256
-0.06092752862714207,0.37399912542735647,15.453480196039463,1.061563507671247,7.806290770969327,0.59695432027252,2.4479279153618907,0.20313786373665288
-0.0541416530048151,0.37399912542735647,15.807956646218054,0.891973626701076,7.986930422202753,0.50200649688802,2.501944451692089,0.17252430380416053
-0.04811156231253989,0.37399912542735647,16.15880648207465,0.7412806300213549,8.164717207639864,0.41794752065346863,2.556759255637545,0.14442667897842834
-0.04275308010908995,0.37399912542735647,16.498495301006947,0.6108447961044556,8.336528313703987,0.34515268095128193,2.6114015125099583,0.11926452233493137
-0.0379914052040221,0.37399912542735647,16.8223637550961,0.4999801556442899,8.500440295977217,0.2830934728062584,2.6643542876880266,0.09747784773579103
-0.03376006747802295,0.37399912542735647,17.12767829516101,0.40699182302099207,8.655219816520965,0.23083909613906523,2.714410225815139,0.07913909132678776
-0.03,0.37399912542735647,17.412980172726275,0.3297863146183488,8.800103923455342,0.18729502891392508,2.7609301781841,0.0639876822440588
0.03,0.37399912542735647,23.74812805289903,0.42660622255788977,12.019059412413943,0.24868022695810862,3.7721646066185213,0.08676001195765928
0.03376006747802295,0.37399912542735647,24.253564165225267,0.5451572468156112,12.275936089351472,0.3184802823043741,3.8536101009499135,0.11152871083666506
0.0379914052040221,0.37399912542735647,24.8373780931245,0.696910749853444,12.572078857853326,0.40797283644467996,3.947685726836187,0.14346354798325547
0.04275308010908995,0.37399912542735647,25.512967630795025,0.891017972093443,12.913875891138664,0.5225886890301007,4.056044938377089,0.18444145085157723
0.04811156231253989,0.37399912542735647,26.295889425923235,1.1388812447532717,13.308851106244601,0.6691750444513515,4.180413486082723,0.23669455297496952
0.0541416530048151,0.37399912542735647,27.20403636160381,1.4544902553078007,13.766089628871173,0.8564106407159567,4.323117486347353,0.3030910827973722
0.06092752862714207,0.37399912542735647,28.257983467673846,1.8547636707911428,14.296910714818015,1.0954222709251085,4.488234356340237,0.3878974738851263
0.06856391592404971,0.37399912542735647,29.48189450620859,2.3600412992989783,14.915588806708566,1.4005642623638928,4.682501227185518,0.49777084122374815
0.07715741427178036,0.37399912542735647,30.90539327225769,2.9949643412808182,15.639352904076908,1.7899223956224266,4.913412349470287,0.6412933906819546
0.0868279837415025,0.37399912542735647,32.56588616310727,3.789592717257873,16.48653849047356,2.284568922976525,5.183443861626123,0.8251365777175449
0.09771061966979347,0.37399912542735647,34.50846201138775,4.779140552770407,17.473561763309196,2.9063037786078962,5.489721755551643,1.0521962578955781
0.10995723711238882,0.37399912542735647,36.77936689058682,5.999325149990181,18.61670178735184,3.6776257769373886,5.8422930223548155,1.334965078387161
0.12373879148704055,0.37399912542735647,39.41748256688997,7.478643259216617,19.94461111810796,4.6298408530068365,6.268646189240882,1.7033036255304994
0.13924766500838334,0.37399912542735647,42.46479989025645,9.240361117993892,21.50135468372149,5.806395626133785,6.760281106092598,2.158458787350162
0.15670035222800524,0.37399912542735647,45.994076225555965,11.31567022359003,23.30331037070156,7.228501811555236,7.308450371701807,2.6979605648932288
0.17634048216824733,0.37399912542735647,50.074409479595374,13.719819973109594,25.33485666149984,8.884864723603123,7.968389320701666,3.3840046902831484
0.19844221923690444,0.37399912542735647,54.714392351273666,16.414393690820006,27.677289185629583,10.836041079043412,8.68945670425792,4.170106066857726
0.22331409039755062,0.37399912542735647,60.01727362740367,19.395965310471837,30.385106988139196,13.1137129157508,9.550130538622989,5.147138179144083
0.2513032920204875,0.37399912542735647,66.13245652761594,22.659778105431347,33.4524493715401,15.686034001708885,10.500175103873856,6.262418532634694
0.2828005365353655,0.37399912542735647,73.2033494233878,26.163567780421126,37.04427803245575,18.646718234539083,11.626975500044235,7.620826211272792
0.3182455065418344,0.37399912542735647,81.52262516819509,29.894394873785192,41.23294043623772,21.98433791270926,12.960404828834458,9.260917023311235
0.35813299251433084,0.37399912542735647,91.50530006579571,33.82429027326167,46.28795209882723,25.797942226741085,14.547995613247188,11.238491086879911
0.40301979977966995,0.37399912542735647,103.7158063651686,37.89306223009823,52.489954021580715,30.106215000152524,16.482737502591526,13.658514098392372
0.4535325211846986,0.37399912542735647,118.86880224707201,41.99136430144174,60.15692085241238,34.830884250803024,18.8942696142407,16.65592835993322
0.5103762839557767,0.37399912542735647,137.9184416057351,45.98734661548445,69.77154313312535,39.832070350017304,21.90217694845887,20.32085164719096
0.5743445928509872,0.37399912542735647,161.9321990842412,49.72337954852762,81.93796344431304,44.84284277559037,25.703051228003652,24.778655309829198
0.6463304070095649,0.37399912542735647,192.36667849174773,53.09755701414892,97.31191957018325,49.503410731650035,30.546399491791675,30.109588017867033
0.7273386051246984,0.37399912542735647,230.95905206236407,56.04699490671086,116.81984895850331,53.564123722892745,36.663507764383176,36.20597317394032
0.8185000129460304,0.37399912542735647,279.9766634136946,58.5634169495872,141.6277299924112,56.925735066925455,44.43270551815166,42.857322923177094
0.9210871889273549,0.37399912542735647,342.11851989003856,60.66542567000942,173.03555813361842,59.61077080883773,54.311157602812024,49.55170237395929
1.0365321883776653,0.37399912542735647,420.9301884718336,62.39759634162337,212.9281631242715,61.73085219544406,66.79943906488242,55.45514628038957
1.166446554092426,0.37399912542735647,520.8526612978397,63.80987577185687,263.4727571013551,63.391127855316455,82.66691273057704,59.87799959630017
1.3126438125222553,0.37399912542735647,647.6730168264687,64.95350891481709,327.60190868125505,64.69149822889077,102.80848253680212,62.78182733611572
1.4771647895120215,0.37399912542735647,808.4907099209788,65.87327455419161,408.914902610368,65.70963613362811,128.2824355891333,64.64818834268293
1.6623060990028473,0.37399912542735647,1011.9973271109562,66.60855166434028,511.8968897879874,66.50688365510162,160.62970693137365,65.90309392014177
1.8706522023821734,0.37399912542735647,1270.4384714659948,67.19647394420133,642.5826708311505,67.13310439766616,201.60368363337133,66.78123387897156
2.1051114860111477,0.37399912542735647,1597.60573290896,67.66385049631191,807.985617328796,67.62424497452233,253.59772333883174,67.41684883971837
2.368956860549917,0.37399912542735647,2012.5319277239955,68.03541621789594,1017.996016141412,68.01099842300061,319.4940594092645,67.88684484012884
2.6658714488230206,0.37399912542735647,2539.3419551194206,68.33055138914833,1284.0469568809106,68.3150185476369,403.13104653604097,68.24050854128242
3.0,0.37399912542735647,3205.696269430357,68.56386300800546,1621.5789788733373,68.55448442310814,509.13175423354556,68.50934721890175
-3.0,0.4238656754843373,3241.290666556846,68.57360643702464,1639.270131032866,68.56426576175801,514.8709523760959,68.52051386027897
-2.6658714488230206,0.4238656754843373,2548.1113468906633,68.33442179712364,1287.9572744889072,68.3185282927617,404.88414715368623,68.24620823984033
-2.368956860549917,0.4238656754843373,2000.4767853201022,68.0268212158081,1012.8405827508599,68.00348227131668,317.67002646752405,67.8767947327366
-2.1051114860111477,0.4238656754843373,1571.613734570795,67.63394402778763,795.0704380405233,67.59353408387018,249.6397727409378,67.37937857621235
-1.8706522023821734,0.4238656754843373,1232.2005425950492,67.1253335968307,623.360530582945,67.05828205503147,195.9491489542973,66.68704579773544
-1.6623060990028473,0.4238656754843373,966.9550605399766,66.47313277778233,488.7763777911751,66.35900170851805,153.56640598984066,65.68898798545166
-1.4771647895120215,0.4238656754843373,757.2830743558077,65.62409188260753,383.13894340699613,65.43749981138161,120.35329477802978,64.19024999439782
-1.3126438125222553,0.4238656754843373,593.1192348200203,64.52378350349483,299.9732259187406,64.20657032278899,94.19979307200873,61.77784752499595
-1.166446554092426,0.4238656754843373,464.12391655282516,63.086202043284224,234.67589273508685,62.544500881569604,73.70205412151024,57.71703199664134
-1.0365321883776653,0.4238656754843373,362.9282667175131,61.20000393992146,183.46657345233103,60.268667397206826,57.59085396502376,51.3598674641927
-0.9210871889273549,0.4238656754843373,283.50800655181496,58.70916127043176,143.35770842183118,57.10995999133142,45.014844868509904,43.30591593548088
-0.8185000129460304,0.4238656754843373,221.3387009887016,55.41334945661356,111.90743257967387,52.69048988106624,35.12132903115568,34.73912441056564
-0.7273386051246984,0.4238656754843373,172.74678847270658,51.06345910089441,87.34876016365807,46.66886959594031,27.426548586656057,26.723612847787855
-0.6463304070095649,0.4238656754843373,134.91646045668716,45.42829714487169,68.20958137437539,39.08640385469842,21.40504979684873,19.7224659860525
-0.5743445928509872,0.4238656754843373,105.51663622917698,38.43125831138568,53.329083504776484,30.655983462613413,16.728088429559975,13.96496479438672
-0.5103762839557767,0.4238656754843373,82.67924907585804,30.379674110624812,41.78045808366342,22.40946407441517,13.116469298858988,9.454438013011451
-0.4535325211846986,0.4238656754843373,65.03851478950567,22.091160544175807,32.85571810680167,15.187806798575151,10.31288068172727,6.040027069887492
-0.40301979977966995,0.4238656754843373,51.48773959138202,14.546899382802048,26.00395054737323,9.438853768190139,8.148284258420357,3.576893238952196
-0.35813299251433084,0.4238656754843373,41.087532076956755,8.438948473459014,20.751880405681284,5.232887074432299,6.502107024381433,1.9157125031450024
-0.3182455065418344,0.4238656754843373,33.24636145173565,4.1295936548250305,16.788974472656133,2.4702301535760824,5.259763850633137,0.8799649729129061
-0.2828005365353655,0.4238656754843373,27.397429976805963,1.5253199541012115,13.82419924149425,0.8814783790946473,4.336755218811517,0.3097796832704558
-0.2513032920204875,0.4238656754843373,23.01007121997513,0.27648720197034254,11.609276825174852,0.15338472738022488,3.6448007242558695,0.05369480195324109
-0.22331409039755062,0.4238656754843373,19.868533692300606,0.0035207406902092488,10.023058811128804,0.0027352734319155488,3.128040985975386,0.0016100584145064534
-0.19844221923690444,0.4238656754843373,17.61892595121701,0.27966192741528745,8.875585310456518,0.1666024923356759,2.7889216339464844,0.05572204055955391
-0.17634048216824733,0.4238656754843373,16.06843881486385,0.7785102965912335,8.104349940900129,0.44547309248601163,2.5311761353247384,0.15717667913674568
-0.15670035222800524,0.4238656754843373,15.073346655731525,1.2638589959807884,7.599233640229886,0.7182445026900338,2.385347100875715,0.24241250773207323
-0.13924766500838334,0.4238656754843373,14.472684579193185,1.6296164040089736,7.295991474571979,0.9215015797488015,2.2826800810156125,0.3162686837138137
-0.12373879148704055,0.4238656754843373,14.181195607075152,1.8288318492835143,7.1559230244299625,1.0263292604127994,2.239695203813456,0.35088652063985454
-0.10995723711238882,0.4238656754843373,14.118668772890764,1.8735077792335684,7.125558335240749,1.0500092537739731,2.234249866677378,0.35543471113415626
-0.09771061966979347,0.4238656754843373,14.210041057547407,1.8084560482684515,7.168254858986289,1.016810633197166,2.2438498085465692,0.3474413182103648
-0.0868279837415025,0.4238656754843373,14.406281352942313,1.6737071428856765,7.266430373142793,0.9430307428780567,2.2751384010853264,0.32217939193201023
-0.07715741427178036,0.4238656754843373,14.676447253221557,1.4989579680604403,7.405913288928396,0.8441688028182714,2.32326642316195,0.2856211811224786
-0.06856391592404971,0.4238656754843373,14.995787800052952,1.30783770254815,7.571503789299631,0.7355380590024108,2.3765598698412767,0.24826617719490687
-0.06092752862714207,0.4238656754843373,15.34275015370238,1.1182574641539624,7.749988031700461,0.6285893274940495,2.430223922218762,0.21382567006251277
-0.0541416530048151,0.4238656754843373,15.700104712600748,0.9416863174990407,7.932128148412729,0.5297740437453906,2.4846285880907617,0.18201547699632292
-0.04811156231253989,0.4238656754843373,16.055505298399343,0.7839274769242083,8.112229471437367,0.44182162739207703,2.5401355677879938,0.1526398306338856
-0.04275308010908995,0.4238656754843373,16.4007974145289,0.6468448559578392,8.286876071348157,0.3653602041750233,2.5956856282980296,0.12621754842847444
-0.0379914052040221,0.4238656754843373,16.73087368290305,0.5299991454231197,8.453931527890584,0.2999874761257696,2.6496685971441023,0.10327005303134074
-0.03376006747802295,0.4238656754843373,17.042677786052433,0.43178489302022527,8.612004335020638,0.24482304640482416,2.7008023621319306,0.08391248413650235
-0.03,0.4238656754843373,17.33451918765108,0.3501075163122901,8.7602138873783,0.19877707025486785,2.7483980169199396,0.06789379365578523
0.03,0.4238656754843373,23.872379679648997,0.4546034099581616,12.08216758300857,0.26513248992841526,3.791996081373117,0.09253781545872422
0.03376006747802295,0.4238656754843373,24.39659548047401,0.5809043550828764,12.348582120963558,0.3395584234755632,3.876462622656481,0.11896473522598161
0.0379914052040221,0.4238656754843373,25.00239708660706,0.742545155496341,12.655873139359326,0.4349765658003748,3.9740745539409437,0.15303829683410147
0.04275308010908995,0.4238656754843373,25.703800353320908,0.9492421296303968,13.010729038306298,0.5571702854526636,4.086568141795625,0.196761609371655
0.04811156231253989,0.4238656754843373,26.51710103335399,1.2130871644132113,13.421036831957062,0.713427437863625,4.2157626584468435,0.25251793804440836
0.0541416530048151,0.4238656754843373,27.461072691393564,1.5488943058549787,13.896329038936898,0.912978839233691,4.364108263442545,0.3233699444482485
0.06092752862714207,0.4238656754843373,28.557343496554722,1.9745474018682883,14.448488433790354,1.167647903615456,4.5358776800887295,0.41386813090885605
0.06856391592404971,0.4238656754843373,29.831358732038385,2.5115000221947987,15.09250544446164,1.4926685782543523,4.7381074616335725,0.5310995605675886
0.07715741427178036,0.4238656754843373,31.31434839466396,3.1856727101453655,15.846493853121364,1.907205868967211,4.97863569717637,0.6841883884408853
0.0868279837415025,0.4238656754843373,33.045770849002054,4.0285768651764595,16.72980339576097,2.4335539538785897,5.2601428039043,0.8802402100512123
0.09771061966979347,0.4238656754843373,35.073263767065875,5.076951255216187,17.759924710378048,3.0947471724157314,5.579828167159545,1.122404514301402
0.10995723711238882,0.4238656754843373,37.44597142628097,6.367776937953138,18.95437657135106,3.914539825973308,5.94831348707881,1.4240230677682484
0.12373879148704055,0.4238656754843373,40.20584366025435,7.9301262377471105,20.343690619391122,4.925914591473697,6.394291969756751,1.816742551882348
0.13924766500838334,0.4238656754843373,43.398616410336466,9.787219588179783,21.97458670438779,6.174445150660176,6.909285503384248,2.302025233054131
0.15670035222800524,0.4238656754843373,47.10252139565492,11.969897267099766,23.865428589216595,7.682169917556152,7.484780303518804,2.877686243073872
0.17634048216824733,0.4238656754843373,51.39264664771882,14.491396996204783,26.001919303412855,9.437167105243615,8.178504936089489,3.6095198245810294
0.19844221923690444,0.4238656754843373,56.28228116832358,17.308632278885874,28.470616443852215,11.502269403245462,8.93865796029351,4.449128888376193
0.22331409039755062,0.4238656754843373,61.88381487287336,20.413652360899196,31.33041269824939,13.908895417299412,9.847492940682603,5.492603420933939
0.2513032920204875,0.4238656754843373,68.35780943009215,23.794912892448153,34.57831820217124,16.62179343385314,10.853758396307285,6.68515017759962
0.2828005365353655,0.4238656754843373,75.85975844362065,27.40105141875984,38.38866007542974,19.733355591428765,12.049065269337643,8.136945049624769
0.3182455065418344,0.4238656754843373,84.70078865801989,31.208635348262455,42.840622562524935,23.224618509538477,13.465910064584483,9.88860636537098
0.35813299251433084,0.4238656754843373,95.32193492165977,35.17850322933137,48.21848079991372,27.18453796958729,15.155005055460975,11.997730518141928
0.40301979977966995,0.4238656754843373,108.3214862012346,39.24044103886594,54.82060786417393,31.613358179520326,17.214855185943655,14.572191215146939
0.4535325211846986,0.4238656754843373,124.45825796058732,43.28136368462975,62.98554553650915,36.40620496348304,19.78284450930477,17.74892588219673
0.5103762839557767,0.4238656754843373,144.7462024967617,47.174871419408305,73.2254177970796,41.39410582207704,22.98648354428434,21.61447218788593
0.5743445928509872,0.4238656754843373,170.32141352528333,50.77814092999538,86.18254705541698,46.293887892390536,27.034742023098392,26.285958141164222
0.6463304070095649,0.4238656754843373,202.73301219950886,54.00643228414693,102.55542588572702,50.763528398437124,32.19248258499816,31.822462488972292
0.7273386051246984,0.4238656754843373,243.83105002600195,56.81206107375571,123.32982117011352,54.599466243448035,38.706858020529424,38.07514674563727
0.8185000129460304,0.4238656754843373,296.0284646613065,59.1962051408825,149.74679883104355,57.747202400228666,46.98009893200985,44.769456942146974
0.9210871889273549,0.4238656754843373,362.1992610097731,61.182372256303644,183.19132732606047,60.25242344338363,57.49894249561044,51.311851274603725
1.0365321883776653,0.4238656754843373,446.1199377027748,62.81616558454913,225.66929106250583,62.2291681268227,70.79673189071914,56.83835335087312
1.166446554092426,0.4238656754843373,552.5176907290487,64.14661062632712,279.4893687722581,63.77812542634699,87.69236894147878,60.803130943301895
1.3126438125222553,0.4238656754843373,687.5533540359328,65.22306900502096,347.7732444384357,64.99249879898466,109.13863163339359,63.36911964672056
1.4771647895120215,0.4238656754843373,858.7908456510579,66.08832272587188,434.35394079252563,65.94427102485218,136.26277811651966,65.03452589226947
1.6623060990028473,0.4238656754843373,1075.4787560196612,66.77972397330899,544.0061452540151,66.69021894816471,170.7045079074219,66.16911524719791
1.8706522023821734,0.4238656754843373,1350.660009152798,67.33240113989913,683.1556472895603,67.27658816603491,214.3318540678418,66.9712572294057
2.1051114860111477,0.4238656754843373,1699.0191394773306,67.77166267000271,859.2714383305558,67.73676074102818,269.6921463697426,67.55612028079001
2.368956860549917,0.4238656754843373,2140.8139087398768,68.12081435831391,1082.8780846605105,68.09930069010055,339.85361316945693,67.99083943426807
2.6658714488230206,0.4238656754843373,2701.736984005133,68.3981128791664,1366.1566999917839,68.38440496196864,428.9044014226963,68.31919057729787
3.0,0.4238656754843373,3411.244835574522,68.61730549393076,1725.5406040485834,68.60904024389701,541.765416979712,68.56947361956631
-3.0,0.4737322255413181,3431.0478801928516,68.62211369167892,1735.2439384580555,68.61379291170584,545.0126918752529,68.57503589663072
-2.6658714488230206,0.4737322255413181,2697.456004821954,68.3964371953697,1363.4401871833707,68.3822460267482,428.6173016009257,68.31837088200072
-2.368956860549917,0.4737322255413181,2117.8432768942266,68.10629177067244,1072.2681313763817,68.08561251591405,336.3103679927592,67.97375333437478
-2.1051114860111477,0.4737322255413181,1663.9303833078523,67.73586845000364,841.7724170940521,67.69996671957853,264.30509887371306,67.5116934691471
-1.8706522023821734,0.4737322255413181,1304.6428425664478,67.25651158421289,660.0102258640087,67.19699825593275,207.47152696317806,66.87236331845733
-1.6623060990028473,0.4737322255413181,1023.8513683957019,66.64216427635051,517.538558383604,66.5408425792962,162.603481747361,65.95859147358686
-1.4771647895120215,0.4737322255413181,801.8609248370694,65.84285896832858,405.691545638909,65.67764268763102,127.438793478873,64.60331931941927
-1.3126438125222553,0.4737322255413181,628.0376737090843,64.80775151963238,317.6293856216429,64.52715800676906,99.74551446192505,62.455494177769815
-1.166446554092426,0.4737322255413181,491.42165081765734,63.45622128690477,248.48259860971874,62.97798685741685,78.04002547676328,58.85641847959874
-1.0365321883776653,0.4737322255413181,384.2407494094302,61.68433521792473,194.24005446876652,60.862803084316695,60.97488229255969,53.02527732526172
-0.9210871889273549,0.4737322255413181,300.10440442975033,59.345463785234415,151.74988106816167,57.93405006024139,47.65197229737444,45.25190045647448
-0.8185000129460304,0.4737322255413181,234.22597089842483,56.24962836549966,118.42527697121024,53.83168198550716,37.16793504172426,36.675310159221624
-0.7273386051246984,0.4737322255413181,182.72974986505344,52.15533953302904,92.3976612105453,48.183709999434775,29.011896369448774,28.466528784104796
-0.6463304070095649,0.4737322255413181,142.61731172112292,46.81654634766166,72.10425200214246,40.89989430695185,22.62800820806551,21.188606830116015
-0.5743445928509872,0.4737322255413181,111.43507567548238,40.09891060168406,56.32163515997797,32.551177081681246,17.66795228396611,15.136294114642332
-0.5103762839557767,0.4737322255413181,87.20186303723831,32.20091213529904,44.06705219629196,24.15396296862356,13.834511957448226,10.347663534755284
-0.4535325211846986,0.4737322255413181,68.47154426209272,23.85213940518838,34.591185496794,16.632452039410182,10.858299695582135,6.690602605109226
-0.40301979977966995,0.4737322255413181,54.0730241456615,16.045901691945737,27.310583211508355,10.528743743921863,8.558558929381672,4.024954837227755
-0.35813299251433084,0.4737322255413181,43.01317801808325,9.561219759702084,21.725053259482763,5.979838642873311,6.807795705658147,2.203974083403464
-0.3182455065418344,0.4737322255413181,34.6638497612421,4.860661940255943,17.505124256268928,2.9269065731129134,5.4846164406388915,1.0482627767840518
-0.2828005365353655,0.4737322255413181,28.42346135000599,1.920659455576883,14.342416163918335,1.1169263244017178,4.499559067399816,0.3940115065864564
-0.2513032920204875,0.4737322255413181,23.735569843991016,0.42381896464887403,11.975359960155918,0.23755879080902048,3.759799074969765,0.08324134118312182
-0.22331409039755062,0.4737322255413181,20.36595912594779,0.0014733505816972583,10.274007027573548,0.00045618226682915525,3.2064965035307416,9.410055896410306e-06
-0.19844221923690444,0.4737322255413181,17.94402194334934,0.20975556355871766,9.039031971778485,0.12632683312391355,2.8403818361108786,0.042143302449749835
-0.17634048216824733,0.4737322255413181,16.26419225862329,0.6992217208969677,8.202704990479264,0.4011518632717423,2.5618092821765366,0.1419838957916258
-0.15670035222800524,0.4737322255413181,15.173914221866735,1.2082173701709518,7.64943730675111,0.6875755320618587,2.4011587327253054,0.2320925094094927
-0.13924766500838334,0.4737322255413181,14.503722685938166,1.6092646066403198,7.31102054763229,0.9106761031253122,2.2872823556667723,0.3126952943030659
-0.12373879148704055,0.4737322255413181,14.162715154394474,1.8419636762756977,7.1461054456112505,1.0339477499445557,2.236484544814495,0.35356371623680666
-0.10995723711238882,0.4737322255413181,14.066029779974698,1.9116622815802122,7.0985215941473205,1.0713859686681746,2.225744262954297,0.36261349622694816
-0.09771061966979347,0.4737322255413181,14.134585816172184,1.8620686495225462,7.12959007058037,1.0468451772046796,2.231594173967155,0.35766635226142585
-0.0868279837415025,0.4737322255413181,14.316432077967544,1.7345705976724104,7.220447440410038,0.9771479316745464,2.2605848015078855,0.33378044392910283
-0.07715741427178036,0.4737322255413181,14.578557576323682,1.5608624499862935,7.355932429142343,0.8788042364640427,2.3075701237619204,0.29724365277669473
-0.06856391592404971,0.4737322255413181,14.894595190886326,1.3666348657434884,7.519961684633345,0.7683588280122297,2.360413561147912,0.25924522493808605
-0.06092752862714207,0.4737322255413181,15.24167054130356,1.171599614719642,7.698587753311693,0.6583395690834657,2.4140614834160092,0.22387184433809834
-0.0541416530048151,0.4737322255413181,15.601506277860517,0.9885666977770973,7.882024758913195,0.5559461086289713,2.468796617915479,0.19095807082965696
-0.04811156231253989,0.4737322255413181,15.960964284673404,0.8242078682680982,8.064190487371304,0.46435948646236125,2.524919811738019,0.16039095051964466
-0.04275308010908995,0.4737322255413181,16.31131038473623,0.6808846246603892,8.241394873423394,0.3844580459646219,2.5812890847775476,0.13278678674287653
-0.0379914052040221,0.4737322255413181,16.647018342470457,0.5584054060873361,8.411302292269783,0.3159664919047405,2.6362073470793317,0.10874679898840481
-0.03376006747802295,0.4737322255413181,16.96472997894794,0.4552586926364993,8.572373278064184,0.25805715402743423,2.688322861698656,0.08842840539631422
-0.03,0.4737322255413181,17.26253783209978,0.36935469117828174,8.723617129745461,0.20964784816055124,2.736900335975397,0.07159071438678172
0.03,0.4737322255413181,23.986919506631935,0.4810812021200065,12.140342270067597,0.28070373225399964,3.8102775380333522,0.09800959044312725
0.03376006747802295,0.4737322255413181,24.528486370574516,0.6147006188669656,12.415568897800535,0.3595038486206782,3.8975351141637544,0.12600604815166172
0.0379914052040221,0.4737322255413181,25.15461561066419,0.7856731225849728,12.733166452915663,0.46052347398456506,3.9984161122885507,0.16210360987051264
0.04275308010908995,0.4737322255413181,25.87990132630645,1.0042449819845722,13.100104558915802,0.5898783586163991,4.114734598535732,0.20842475174512945
0.04811156231253989,0.4737322255413181,26.72133311605079,1.283153869067293,13.524611480985234,0.7552717383913854,4.248398246046543,0.2674959144793552
0.0541416530048151,0.4737322255413181,27.698515006247817,1.6379847945363264,14.016641724713455,0.9664548973857201,4.401974723604896,0.34256421702657686
0.06092752862714207,0.4737322255413181,28.834073862699036,2.0875231607159836,14.58861153573999,1.2359081550528574,4.579921186768065,0.43844962972086204
0.06856391592404971,0.4737322255413181,30.15467807445403,2.6542618484676,15.25619198310498,1.5796953259304365,4.789556351854007,0.5626466417625197
0.07715741427178036,0.4737322255413181,31.693100493319665,3.365314128297285,16.038343323130825,2.0180008282462576,5.0390446084858835,0.7247936367290941
0.0868279837415025,0.4737322255413181,33.490782969948505,4.253542651689164,16.955397168369192,2.57427708349397,5.331269826322482,0.9324137212136921
0.09771061966979347,0.4737322255413181,35.59784788657351,5.357101876540524,18.025905490269206,3.2727387296910555,5.663522093914917,1.1889135018935544
0.10995723711238882,0.4737322255413181,38.06630937134878,6.7141419378890985,19.268632757063735,4.138355644652476,6.046984876139304,1.5084596527930456
0.12373879148704055,0.4737322255413181,40.941232191551414,8.354263605413566,20.715986068815777,5.2057334608846295,6.51150795621309,1.924411363521788
0.13924766500838334,0.4737322255413181,44.27220009807215,10.30062555399671,22.41733151171386,6.522496940685555,7.048693986083412,2.438494175148411
0.15670035222800524,0.4737322255413181,48.14299532455165,12.583650307140989,24.39312151307826,8.111532744383927,7.65031997588287,3.048876690112592
0.17634048216824733,0.4737322255413181,52.634805934496356,15.21448897090928,26.630550607213035,9.960381750055085,8.376525638717096,3.8248210612936044
0.19844221923690444,0.4737322255413181,57.765797511358564,18.145362985110218,29.221328754067933,12.133879899567816,9.174483709724647,4.716201849674065
0.22331409039755062,0.4737322255413181,63.65719948245754,21.36342826815943,32.22862823731767,14.662833976223911,10.130061410663286,5.824063330774694
0.2513032920204875,0.4737322255413181,70.47994562189442,24.849858819191063,35.65203892738326,17.508065429385827,11.190977503905808,7.091484464111856
0.2828005365353655,0.4737322255413181,78.40027657040613,28.54390195429639,39.674455670441105,20.759460868570343,12.452772354633128,8.633417739468273
0.3182455065418344,0.4737322255413181,87.74569046999531,32.41186303800015,44.38090509434124,24.38937171207622,13.950264867174218,10.492012112057369
0.35813299251433084,0.4737322255413181,98.98072976284902,36.40480722229997,50.0691478325928,28.475471518351466,15.736961011575625,12.725945988312194
0.40301979977966995,0.4737322255413181,112.73489126367383,40.445392920624585,57.05398193483522,32.99939848331066,17.91645055662301,15.445131398698345
0.4535325211846986,0.4737322255413181,129.80844225665084,44.420308805622255,65.69310501732977,37.83173503433488,20.633439595405953,18.7875493090256
0.5103762839557767,0.4737322255413181,151.27223616563356,48.21105602295337,76.52659912383024,42.78026730376577,24.022873341378,22.835130216252352
0.5743445928509872,0.4737322255413181,178.32743942872267,51.68948952584268,90.23327106910784,47.55522318608639,28.305567756839014,27.695597910933202
0.6463304070095649,0.4737322255413181,212.61143372479214,54.78583143411415,107.5520737695634,51.83968746218974,33.76112237465235,33.405713190807006
0.7273386051246984,0.4737322255413181,256.0814793737687,57.464536291014134,129.52531064909667,55.4734461654146,40.65155187691425,39.77476360574917
0.8185000129460304,0.4737322255413181,311.2890850498242,59.7337751880128,157.4656576718612,58.436661826868686,49.40187976495984,46.46600246474823
0.9210871889273549,0.4737322255413181,381.27366607512056,61.62032596877642,192.8379737877279,60.789820469420256,60.5269763390151,52.816072312708705
1.0365321883776653,0.4737322255413181,470.0309288152514,63.170084666197056,237.76364704763327,62.64639103610875,74.59099571217108,57.96651783787233
1.166446554092426,0.4737322255413181,582.559429572164,64.43094181643883,294.68482789089904,64.10226933044007,92.4601826447295,61.53840730760435
1.3126438125222553,0.4737322255413181,725.3740761659972,65.45045417348962,366.9026970882698,65.24476591722903,115.14178721398663,63.83815771556313
1.4771647895120215,0.4737322255413181,906.4791018123103,66.26959426448005,458.47155698475046,66.1410379824291,143.82844882496582,65.3469961239168
1.6623060990028473,0.4737322255413181,1135.6490354777977,66.92393254123508,574.4402114787541,66.84404945977647,180.2534510187186,66.38655860426043
1.8706522023821734,0.4737322255413181,1426.6839278562134,67.44687115927388,721.6047200095236,67.39703588833675,226.39350112738717,67.12776555646936
2.1051114860111477,0.4737322255413181,1795.114498351665,67.86242986741493,907.8670811455635,67.83125026043159,284.9417298266063,67.67144846557973
2.368956860549917,0.4737322255413181,2262.3548970015495,68.19269444573553,1144.349297660194,68.17347826180549,359.14200083145556,68.07728738042105
2.6658714488230206,0.4737322255413181,2855.5854379907532,68.45496987686259,1443.94476340608,68.44270769650547,453.3204710361813,68.38478304452177
3.0,0.4737322255413181,3605.9678982360692,68.66227546344128,1824.025118954636,68.65489105992482,572.6780449493906,68.61970115370477
-3.0,0.5235987755982991,3608.4394315156096,68.66281484368469,1824.9640590401527,68.65530398825643,573.1906776172012,68.62048548569535
-2.6658714488230206,0.5235987755982991,2837.06365430485,68.44845418461185,1434.0007359327103,68.43561462615557,450.8037006516941,68.37837802442844
-2.368956860549917,0.5235987755982991,2227.5500074675588,68.17292085696877,1127.818258845173,68.15434648691416,353.7347389617644,68.05411007879631
-2.1051114860111477,0.5235987755982991,1750.2179142071705,67.82128033012623,885.4244175091792,67.78894614753443,278.01299919573734,67.62085137085128
-1.8706522023821734,0.5235987755982991,1372.346989554754,67.3663710399382,694.262962697643,67.31281473455633,218.24072379258214,67.02425748084218
-1.6623060990028473,0.5235987755982991,1077.0212559526503,66.78362653955475,544.4166801234513,66.69241498756205,171.04883350279252,66.17749676616725
-1.4771647895120215,0.5235987755982991,843.512554323154,66.02579091473652,426.7638717257057,65.8774074059904,134.05945268547092,64.9342733746512
-1.3126438125222553,0.5235987755982991,660.6586284601431,65.04497917841206,334.12362025094615,64.79316700656588,104.9264810604083,62.99045684759561
-1.166446554092426,0.5235987755982991,516.9176947219488,63.76502380602859,261.37794144981206,63.33658245476907,82.09183720876125,59.76064136475412
-1.0365321883776653,0.5235987755982991,404.1416085917528,62.08812235925896,204.29971199151822,61.35274069467049,64.13481617009595,54.408482337266406
-0.9210871889273549,0.5235987755982991,315.5967279857273,59.8755534431811,159.58362741637924,58.61220837703307,50.113745803808236,46.942495488141425
-0.8185000129460304,0.5235987755982991,246.25137701144087,56.94644261634364,124.50715314413509,54.77336267614678,39.07768967115662,38.405226563385796
-0.7273386051246984,0.5235987755982991,192.04117911252524,53.06734712507373,97.10688248989858,49.45115801392049,30.490618259286748,30.050635021880048
-0.6463304070095649,0.5235987755982991,149.79664130954473,47.984630966361536,75.73510863576067,42.45710881338496,23.768153975155144,22.536612251605465
-0.5743445928509872,0.5235987755982991,116.94981546443411,41.52301713479782,59.1099935500889,34.225128303365345,18.543712492738774,16.222728329103454
-0.5103762839557767,0.5235987755982991,91.41352032567512,33.7907512798497,46.19636985878676,25.73116933392293,14.503184201203641,11.182477318159517
-0.4535325211846986,0.5235987755982991,71.66654017866543,25.42782598121178,36.206265566421855,17.96285920765,11.365910594191913,7.3033645751879686
-0.40301979977966995,0.5235987755982991,56.47753064522195,17.419297986437986,28.525793900455795,11.548662996196796,8.940137488272653,4.450795541718242
-0.35813299251433084,0.5235987755982991,44.80302046744015,10.613215858101867,22.629549672033946,6.690503670166995,7.091923497524205,2.481217377047773
-0.3182455065418344,0.5235987755982991,35.98064978050286,5.563545817430286,18.170364965595123,3.3705557797910513,5.693490645258994,1.213023943944754
-0.2828005365353655,0.5235987755982991,29.376206488216216,2.31483677993001,14.823586875200952,1.3534918593887602,4.6507310438916525,0.4790944992001558
-0.2513032920204875,0.5235987755982991,24.409116419577387,0.5840786287790708,12.315197442769042,0.32980006272033724,3.866556199859853,0.11571555693477825
-0.22331409039755062,0.5235987755982991,20.827873133500702,0.016211287003962443,10.507019441178887,0.00783799723723784,3.279342407765678,0.001807732842766005
-0.19844221923690444,0.5235987755982991,18.246222481758256,0.1545203820042124,9.190946916704009,0.0942763524001296,2.888214534349777,0.031342574913069576
-0.17634048216824733,0.5235987755982991,16.446650164031908,0.6297986633232647,8.294367852822576,0.3622684767425316,2.5903583002099575,0.12862603907101805
-0.15670035222800524,0.5235987755982991,15.268354909148574,1.1573689036372063,7.696579535636831,0.6595189404611449,2.416006679770439,0.2226480249838605
-0.13924766500838334,0.5235987755982991,14.533932045202837,1.5896124280131292,7.325670949650714,0.9002008606494085,2.291775005920135,0.3092314589270793
-0.12373879148704055,0.5235987755982991,14.147215230035975,1.8530245100667204,7.13782482515498,1.040401584434425,2.2337658161131646,0.3558408100388439
-0.10995723711238882,0.5235987755982991,14.019015784418407,1.9461632797891832,7.074357826871952,1.0907258645689826,2.21814227435577,0.3691070340734579
-0.09771061966979347,0.5235987755982991,14.066522301046355,1.9113029691213486,7.094700015257703,1.0744298429219181,2.220532873014916,0.3670571011236943
-0.0868279837415025,0.5235987755982991,14.235077546489425,1.790890105704822,7.178801111644373,1.0087150998275956,2.2474018138940695,0.3445128494898602
-0.07715741427178036,0.5235987755982991,14.489757622802731,1.6184013731081237,7.310584764838296,0.9109888636763465,2.2933287159884213,0.308039148391248
-0.06856391592404971,0.5235987755982991,14.802703960054089,1.421436987725334,7.473152096739625,0.7989378880641671,2.3457502453925536,0.2694690943004238
-0.06092752862714207,0.5235987755982991,15.149824889914711,1.221404203603699,7.65187981904792,0.6861043065117645,2.399374482644483,0.23324344238994768
-0.0541416530048151,0.5235987755982991,15.51187957964984,1.0323862963745876,7.83647818987775,0.5803978257076882,2.4544039344678232,0.199310069850355
-0.04811156231253989,0.5235987755982991,15.875002752774265,0.8618842370578453,8.020509281087312,0.48543045463120693,2.511083544275141,0.1676355540400771
-0.04275308010908995,0.5235987755982991,16.229928655514943,0.7127369812941692,8.200031744954702,0.402320626660064,2.568195407780862,0.1389294204487877
-0.0379914052040221,0.5235987755982991,16.57074736164382,0.5849924387315063,8.372527530609508,0.33091581460591935,2.6239627969130654,0.11386912074269705
-0.03376006747802295,0.5235987755982991,16.893824399766675,0.47723159445920404,8.536321763041535,0.2704401478159757,2.6769702595085074,0.09265260991006634
-0.03,0.5235987755982991,17.197053867931494,0.387371766193894,8.690323031277218,0.21982007676834242,2.7264400946125114,0.07504902187860403
0.03,0.5235987755982991,24.091304851705534,0.5057629815878475,12.1933588817015,0.29522891763885284,3.826938382805383,0.10311668681826723
0.03376006747802295,0.5235987755982991,24.648709280959334,0.6461929334445351,12.47662879866125,0.3781046584191099,3.916743383676099,0.1325768820844059
0.0379914052040221,0.5235987755982991,25.293402876988907,0.8258445947644862,12.803638904683062,0.48434172581966517,4.020609680254401,0.17056161708458947
0.04275308010908995,0.5235987755982991,26.04051389569229,1.055454222722169,13.18161892555128,0.6203646971667526,4.1404234969203255,0.2193046298157631
0.04811156231253989,0.5235987755982991,26.907675265681814,1.3483560091468414,13.61911390960197,0.7942628506460058,4.278175028370506,0.2814660458289131
0.0541416530048151,0.5235987755982991,27.915264807489525,1.7208466072687854,14.126471673183145,1.0162714635062584,4.4365419394038925,0.3604655275269228
0.06092752862714207,0.5235987755982991,29.086845736454656,2.1925434010681615,14.71660777139982,1.2994822855351464,4.6201535774719105,0.46137519683237393
0.06856391592404971,0.5235987755982991,30.450241387671007,2.7868987842971213,15.405833390015662,1.660732588503093,4.836591674371296,0.5920705870572532
0.07715741427178036,0.5235987755982991,32.039691978686974,3.5321282636669933,16.21391055739793,2.121159211522983,5.09432717936945,0.7626720964006195
0.0868279837415025,0.5235987755982991,33.89853916701961,4.462344566506412,17.16211285843969,2.7053025573409997,5.396444707733829,0.9811004914730964
0.09771061966979347,0.5235987755982991,36.07930734345971,5.61701359267526,18.270032024991682,3.4384990501831014,5.740340612139899,1.2510212013651922
0.10995723711238882,0.5235987755982991,38.63683086681276,7.035374343656819,19.5576742794949,4.346892324295302,6.137743092392561,1.5873953188541496
0.12373879148704055,0.5235987755982991,41.619313484228734,8.747536207888363,21.059305367375963,5.466656388271797,6.619604167267856,2.0252100231928902
0.13924766500838334,0.5235987755982991,45.080263730720574,10.776619980599875,22.82691301474849,6.847394873299771,7.17766479862217,2.56650400495386
0.15670035222800524,0.5235987755982991,49.10905890823876,13.152618944157016,24.883129827124584,8.512882468231574,7.804046479294658,3.209866617376299
0.17634048216824733,0.5235987755982991,53.79306758194608,15.884598843442054,27.216799803129522,10.450236901337718,8.561208035127857,4.027882353039187
0.19844221923690444,0.5235987755982991,59.1554915797719,18.92015232758159,29.92465067228493,12.726049336240795,9.395434438880969,4.968894200404791
0.22331409039755062,0.5235987755982991,65.32605093046199,22.241285521018003,33.07400346781037,15.370221294932072,10.396029155469067,6.138618579671786
0.2513032920204875,0.5235987755982991,72.4851886782562,25.821554945343134,36.666702287923776,18.339185318352037,11.50966301924066,7.477992474528646
0.2828005365353655,0.5235987755982991,80.80841413617075,29.590707724029727,40.89333306880091,21.71926465870672,12.835481953906436,9.10620346471648
0.3182455065418344,0.5235987755982991,90.63725761068261,33.50521846027786,45.843640888277896,25.473164073740143,14.410285094998397,11.066376505108025
0.35813299251433084,0.5235987755982991,102.45688207144185,37.50787917186025,51.82741325877187,29.666486556754464,16.28992863528445,13.417545078237763
0.40301979977966995,0.5235987755982991,116.92488427742312,41.51684294227294,59.174332257475896,34.26271154683017,18.58258279150139,16.270813427101388
0.4535325211846986,0.5235987755982991,134.87976232106755,45.421314916413394,68.2595743376352,39.11065824847421,21.43977205278674,19.76436410342696
0.5103762839557767,0.5235987755982991,157.44580725031366,49.112147312026885,79.64942081040617,44.00100024100723,25.00329188366214,23.97472023446864
0.5743445928509872,0.5235987755982991,185.88504904880807,52.475091452755194,94.05714313776888,48.64548090471464,29.505170566029467,28.999489285616605
0.6463304070095649,0.5235987755982991,221.91808642702688,55.453160409561065,112.25944455707244,52.75599898597313,35.239010065304754,34.852747105319054
0.7273386051246984,0.5235987755982991,267.60269217220184,58.020404162119604,135.35186488407112,56.21067629538938,42.480505242175724,41.3024081624866
0.8185000129460304,0.5235987755982991,325.6206563762743,60.19010760987916,164.71457800059358,59.01563167665692,51.676163897153536,47.95343712177686
0.9210871889273549,0.5235987755982991,399.16552214193166,61.99112988944085,201.88636128170378,61.240322307643595,63.36728944113047,54.08710532012821
1.0365321883776653,0.5235987755982991,492.4383618857011,63.46917508405177,249.09754050556265,62.996036469635136,78.14654563573085,58.882043225132136
1.166446554092426,0.5235987755982991,610.6915937558693,64.67089806814514,308.9143309563973,64.37396345437632,96.92492240132277,62.12605770929926
1.3126438125222553,0.5235987755982991,760.7710246674914,65.64216199110139,384.8060665179025,65.45629374168114,120.7601434151885,64.21587816885898
1.4771647895120215,0.5235987755982991,951.0926686196592,66.42231266563434,481.03363714936586,66.30609435368099,150.905989905277,65.60140806868
1.6623060990028473,0.5235987755982991,1191.920515425613,67.0453580505554,602.9018089735781,66.97313561314776,189.18324107934623,66.56513339149093
1.8706522023821734,0.5235987755982991,1497.7642329201176,67.54321702753987,757.5524895972113,67.4981401318285,237.6702156022441,67.25708942405522
2.1051114860111477,0.5235987755982991,1884.9455926831831,67.93880326483045,953.2939683519089,67.91058775521196,299.1962290581073,67.76716166339924
2.368956860549917,0.5235987755982991,2375.9545740981025,68.25316103655666,1201.802437789301,68.2357734781325,377.1686007137915,68.14925598093575
2.6658714488230206,0.5235987755982991,2999.3645144544453,68.50279005458484,1516.6412231020395,68.49168026027715,476.13754154893195,68.43951628017743
3.0,0.5235987755982991,3787.935400688446,68.70009357174601,1916.056249188342,68.69341023557531,601.5630162484687,68.6616837533025
-3.0,0.5734653256552797,3771.6720010462436,68.6968630265641,1907.5235408026838,68.6899977075262,599.1201188471631,68.65829945265158
-2.6658714488230206,0.5734653256552797,2965.5185340505377,68.49195379201413,1498.9232510161735,68.48019102178054,471.2184203289587,68.42820048587124
-2.368956860549917,0.5734653256552797,2328.480045032175,68.22861651210822,1178.9255410505334,68.21171478310337,369.76579979699886,68.12064055207316
-2.1051114860111477,0.5734653256552797,1829.5940787134966,67.89264262163522,925.5801487323185,67.8631427740115,290.6233586262819,67.71088294480681
-1.8706522023821734,0.5734653256552797,1434.6169859504803,67.4581052863785,725.7666404188267,67.40927582391566,228.14608391893236,67.1488645500418
-1.6623060990028473,0.5734653256552797,1125.9148479842452,66.90167007070374,569.1327153357189,66.81847138863829,178.8151370881199,66.35568636242822
-1.4771647895120215,0.5734653256552797,881.803940555166,66.17831283367931,446.13637558328105,66.04324387580806,140.14631815665922,65.20070093385901
-1.3126438125222553,0.5734653256552797,690.639244544338,65.24258631961328,349.28257184349457,65.01349751751204,109.6882596217209,63.41529576545577
-1.166446554092426,0.5734653256552797,540.3413533548024,64.02198755743478,273.2249682717287,63.632786940800536,85.81447072140179,60.4773443658532
-1.0365321883776653,0.5734653256552797,422.4169982894092,62.42375854107729,213.53741563893405,61.756230190141665,67.036691242079,55.54331813529386
-0.9210871889273549,0.5734653256552797,329.81611329450317,60.31575691675053,166.773542117316,59.16936922708504,52.37333095556787,48.389223514219765
-0.8185000129460304,0.5734653256552797,257.28162658895,57.524910752644324,130.08562422922182,55.54771073338483,40.82941565038693,39.92633978239169
-0.7273386051246984,0.5734653256552797,200.5757851279434,53.825438186622485,101.42315984244888,50.503374270268104,31.84599352864917,31.466254269912973
-0.6463304070095649,0.5734653256552797,156.371385635388,48.96048291914452,79.06012610114958,43.77712744275884,24.812289069255925,23.753900687186842
-0.5743445928509872,0.5734653256552797,121.99531371283985,42.726140802021895,61.66099968804922,35.67961521227293,19.34495017315878,17.211243786488698
-0.5103762839557767,0.5734653256552797,95.26254947099335,35.15802830833147,48.142269101009695,27.130565944359873,15.114278196822234,11.946770766692987
-0.4535325211846986,0.5734653256552797,74.58281063155917,26.81161358609058,37.6803695519821,19.162530232888095,11.82924249582206,7.867740496155851
-0.40301979977966995,0.5734653256552797,58.669252867728225,18.650094780754028,29.633389061251503,12.480802436598008,9.287929809159056,4.8456592651608705
-0.35813299251433084,0.5734653256552797,46.431926983545694,11.574094169523725,23.452654419914065,7.348631605115978,7.350491871725696,2.7405572729364795
-0.3182455065418344,0.5734653256552797,37.1770556497951,6.218650196696537,18.774728041606018,3.788022021540529,5.883252852327359,1.3691624233111401
-0.2828005365353655,0.5734653256552797,30.24026431826469,2.6924636063999947,15.259917089069312,1.581695671565638,4.787822014584288,0.5615722565444147
-0.2513032920204875,0.5734653256552797,25.01869355388857,0.7471153567031624,12.62271043997827,0.42420279654684867,3.9631634363918593,0.1490472583573482
-0.22331409039755062,0.5734653256552797,21.244937210328388,0.042513491445486495,10.717370579038485,0.02196383182768258,3.34509291587944,0.006022346005288753
-0.19844221923690444,0.5734653256552797,18.518289771488025,0.11250969284922202,9.327668577904191,0.0697054769506453,2.9312696603819632,0.023070144267812308
-0.17634048216824733,0.5734653256552797,16.610227735883917,0.5711404075149877,8.376513853157128,0.3293605567455648,2.61593528800459,0.1173006393291938
-0.15670035222800524,0.5734653256552797,15.35237855132942,1.1132558497856546,7.7384901376829065,0.6351717161851872,2.4292092717617146,0.2144481941886932
-0.13924766500838334,0.5734653256552797,14.560033510047012,1.5727560939768412,7.3382844229302355,0.8912430739576684,2.2956366065834306,0.3062733829040864
-0.12373879148704055,0.5734653256552797,14.132204961487636,1.8637768161898849,7.129821744053993,1.046663547314172,2.2311434019996947,0.35804602671199875
-0.10995723711238882,0.5734653256552797,13.975747859160855,1.9782711983251606,7.05211690504124,1.1087240217648426,2.211145330185671,0.37514878375524774
-0.09771061966979347,0.5734653256552797,14.004444977434959,1.9569376409162176,7.062874066985904,1.099995244505196,2.2104425730170507,0.37575906461430136
-0.0868279837415025,0.5734653256552797,14.161177497966875,1.8430590424891693,7.140965767090034,1.037950540912171,2.2354243990958826,0.3544505478236531
-0.07715741427178036,0.5734653256552797,14.409287955588582,1.6716945248220751,7.269486848028233,0.9407901539230937,2.280421757348558,0.3180314337793252
-0.06856391592404971,0.5734653256552797,14.719569458637615,1.472189074873203,7.430800174522658,0.8272465608545216,2.332483460588923,0.2789296049916736
-0.06092752862714207,0.5734653256552797,15.06683184876108,1.267517181226702,7.609671864330099,0.7118002059906835,2.3861023878589496,0.24191333289062564
-0.0541416530048151,0.5734653256552797,15.430966608343208,1.0729444615854797,7.7953583776632165,0.6030197064563708,2.441409703695927,0.20703467314265342
-0.04811156231253989,0.5734653256552797,15.797455160951737,0.896742846983962,7.981102522337213,0.5049171479425528,2.498600719087275,0.17433369278486144
-0.04275308010908995,0.5734653256552797,16.156555376324306,0.7421949160521908,8.16273809385245,0.4188336213211632,2.5563894916810246,0.14460649253849311
-0.0379914052040221,0.5734653256552797,16.502014321411536,0.6095705422348427,8.337584160304008,0.344730184350428,2.612927819146055,0.11860128827553676
-0.03376006747802295,0.5734653256552797,16.829951082934677,0.4975358921409905,8.503845138825488,0.2818786141763253,2.6667431588972996,0.09655353638383807
-0.03,0.5734653256552797,17.138083126887388,0.4040141325169663,8.660339970032405,0.22921295952751444,2.7170199363011394,0.07824150533623768
0.03,0.5734653256552797,24.185131003994616,0.5283912373699722,12.241012090326372,0.30855406934308316,3.8419140749508833,0.10780429116056024
0.03376006747802295,0.5734653256552797,24.756781523460063,0.6750528516836369,12.53151696106795,0.39516323916233725,3.9340103972671003,0.13860643891043445
0.0379914052040221,0.5734653256552797,25.418181175983865,0.8626413421663524,12.866997513884442,0.5061779344441695,4.040563008854315,0.1783208846802322
0.04275308010908995,0.5734653256552797,26.184944232866634,1.102338602238146,13.254920442410885,0.6483048886939309,4.163524051813665,0.22928331570491584
0.04811156231253989,0.5734653256552797,27.075291397105822,1.4080211154138031,13.704120592525557,0.8299863180962369,4.3049596308515445,0.2942766093026419
0.0541416530048151,0.5734653256552797,28.110311353560324,1.7966325364081834,14.22530723762486,1.061900506923102,4.4676489387737535,0.37687922587659545
0.06092752862714207,0.5734653256552797,29.31443351835198,2.2885473693635334,14.831857028951477,1.3576998024137612,4.656379934265175,0.4823955494534672
0.06856391592404971,0.5734653256552797,30.716558212936416,2.9080930311742454,15.54067555985687,1.7349322984588142,4.87897634853489,0.6190521119688284
0.07715741427178036,0.5734653256552797,32.35230506791101,3.6844934893363486,16.37227539145555,2.2156134819804496,5.144193712085944,0.797414797932964
0.0868279837415025,0.5734653256552797,34.2668159291136,4.653009861838527,17.348824242783344,2.8252950984533824,5.455312626787738,1.0257789004301021
0.09771061966979347,0.5734653256552797,36.514914523841554,5.854320080066959,18.490922760998284,3.5903722343627944,5.809849221094328,1.3080682104989414
0.10995723711238882,0.5734653256552797,39.15418219024867,7.3286858457237605,19.81980382005234,4.538117927724308,6.220055014547808,1.6600012334618026
0.12373879148704055,0.5734653256552797,42.2359594353607,9.106731667940936,21.37156023511786,5.706218585278133,6.717923204348459,2.118097542577373
0.13924766500838334,0.5734653256552797,45.817726968565864,11.21160370140056,23.20075895320992,7.1461880180155095,7.295388669562324,2.684759531534474
0.15670035222800524,0.5734653256552797,49.99446753594365,13.672911374248113,25.33229139191976,8.882747374431194,7.944967398025742,3.3590628698045504
0.17634048216824733,0.5734653256552797,54.85978269023846,16.497717362748865,27.756801547353703,10.902734340920347,8.731335264892,4.216754769520556
0.19844221923690444,0.5734653256552797,60.44206153178449,19.62914324612101,30.57588110175632,13.274284302112434,9.600033872140811,5.204859470452353
0.22331409039755062,0.5734653256552797,66.87914535300537,23.043910756118496,33.86086487423635,16.026174526106004,10.64361307638035,6.433470213896148
0.2513032920204875,0.5734653256552797,74.36008746830369,26.70777564255072,37.61551438054682,19.110073276447103,11.807681777874992,7.84138329571489
0.2828005365353655,0.5734653256552797,83.06809835846134,30.541018350774102,42.03717307458516,22.607831563729434,13.194646076385206,9.551471424598523
0.3182455065418344,0.5734653256552797,93.35618013427666,34.49081605965885,47.21907195967385,26.47174091613011,14.84290828189174,11.607271775732052
0.35813299251433084,0.5734653256552797,105.72686602414923,38.49312290263315,53.48138577758793,30.754906634202584,16.810176186963048,14.067442343727063
0.40301979977966995,0.5734653256552797,120.86227274981351,42.46381552216515,61.16689983164702,35.403589362953646,19.20862004410687,17.0434616471363
0.4535325211846986,0.5734653256552797,139.63537571501914,46.29663406973526,70.6663198883033,40.24806909678266,22.19599551676477,20.672986608010326
0.5103762839557767,0.5734653256552797,163.21987284956316,49.89249522007378,82.5700835576186,45.067828909056,25.920270509955426,25.0265697592651
0.5743445928509872,0.5734653256552797,192.9338116466419,53.14993763875461,97.6235960444938,49.582392139986624,30.62395339419708,30.19145361319704
0.6463304070095649,0.5734653256552797,230.5752297351931,56.02278778558947,116.6382114895965,53.53331821916767,36.613806961758144,36.15945016379447
0.7273386051246984,0.5734653256552797,278.294765222809,58.49262023548816,140.7589365510671,56.83120632894856,44.17785922414382,42.65876388074467
0.8185000129460304,0.5734653256552797,338.8950305803849,60.57640119807624,171.42874599896007,59.50109821880862,53.782608860407706,49.24169176970568
0.9210871889273549,0.5734653256552797,415.7108345750149,62.30419838908341,210.25353189891726,61.617447770739,65.99385078722293,55.14974432220714
1.0365321883776653,0.5734653256552797,513.132805492599,63.72120531130173,259.5650531219545,63.288581329528014,81.43013504670076,59.62239769636486
1.166446554092426,0.5734653256552797,636.6472501292153,64.87280892315613,322.0428613410346,64.60126728316841,101.04422688545964,62.59761740149431
1.3126438125222553,0.5734653256552797,793.4044374178687,65.80330352793612,401.31149195490343,65.63328032781274,125.9397659018063,64.52147189803495
1.4771647895120215,0.5734653256552797,992.1995329100006,66.5505805169066,501.8216428261053,66.4442202570777,157.42682924611324,65.80914056823505
1.6623060990028473,0.5734653256552797,1243.7444390333826,67.1472804556281,629.1133321258297,67.08117788118818,197.40675483364834,66.7119612649113
1.8706522023821734,0.5734653256552797,1563.204108376752,67.62405165426287,790.6464321822847,67.58277461808773,248.05139053421905,67.36394704191405
2.1051114860111477,0.5734653256552797,1967.6284044493398,68.00286011237014,995.1049784656026,67.97701234349941,312.31527034364507,67.84652493019827
2.368956860549917,0.5734653256552797,2480.49133731254,68.30386239782942,1254.6701030415472,68.28793459742081,393.7552841872655,68.20907965793342
2.6658714488230206,0.5734653256552797,3131.6511005653456,68.54287911360456,1583.5265588884918,68.53269071538561,497.1297167655455,68.48509894070583
3.0,0.5734653256552797,3955.343491871686,68.73179361403831,2000.721553769087,68.7256698337555,628.1337470975817,68.6966946596366
-3.0,0.6233318757122608,3919.0946803051684,68.72516076526651,1982.0874576236308,68.71880989802872,622.538840900818,68.68958551604325
-2.6658714488230206,0.6233318757122608,3081.517200745798,68.52809443309035,1557.5488378696027,68.51718903724931,489.6543809484625,68.46934937249829
-2.368956860549917,0.6233318757122608,2419.6049615653105,68.27487000389256,1225.0693596318138,68.2592978651279,384.2402634396409,68.17545716101608
-2.1051114860111477,0.6233318757122608,1901.2464468996832,67.95187858126886,961.8286390874723,67.92463065781229,302.0071502480223,67.78482500142141
-1.8706522023821734,0.6233318757122608,1490.81183174751,67.53420530128375,754.1969813117508,67.48912711566327,237.085695556573,67.25074366032658
-1.6623060990028473,0.6233318757122608,1170.025651142635,66.99952867498757,591.4305699750173,66.92268129897849,185.82195713682026,66.50043747564686
-1.4771647895120215,0.6233318757122608,916.335242923995,66.30464595836253,463.60680211663237,66.1801130073286,145.63586596012877,65.41514555613344
-1.3126438125222553,0.6233318757122608,717.6636203914633,65.40610518507444,362.94651133586865,65.19496418236201,113.98069589225047,63.75317146562934
-1.166446554092426,0.6233318757122608,561.4431768696355,64.23439102704793,283.8974731776801,63.87612681715662,89.16828261520034,61.044102595620444
-1.0365321883776653,0.6233318757122608,438.8698289045673,62.700857766104235,221.85350762106515,62.086768334111845,69.64920367540567,56.46290419185266
-0.9210871889273549,0.6233318757122608,342.606912499967,60.678759291624694,173.24090375426047,59.624615616800654,54.40599268925762,49.60677091067474
-0.8185000129460304,0.6233318757122608,267.19385432782343,58.001549945442676,135.09852812066435,56.180168550163906,42.40359171844569,41.23954849699809
-0.7273386051246984,0.6233318757122608,208.236515674725,54.450287717911486,105.29739648782396,51.368106835209204,33.06260950604568,32.70667045423349
-0.6463304070095649,0.6233318757122608,162.26499288349333,49.7673493541003,82.04057334079123,44.87958209790356,25.74824964670474,24.830305488820883
-0.5743445928509872,0.6233318757122608,126.51118420872461,43.72896976623735,63.94410263376223,36.919988626666665,20.062065507649667,18.090744739279998
-0.5103762839557767,0.6233318757122608,98.70136630390967,36.31357696950026,49.88067562291634,28.345743085107873,15.660235139460577,12.629945002953429
-0.4535325211846986,0.6233318757122608,77.18290866232606,28.00122073554388,38.994550406446095,20.218552510501887,12.242340195130712,8.37431611917559
-0.40301979977966995,0.6233318757122608,60.61876465617402,19.725871472700963,30.618480533995044,13.310134534861753,9.597255857951712,5.201643469632151
-0.35813299251433084,0.6233318757122608,47.87681915568173,12.426709983338206,24.18269156009501,7.9399383928625875,7.579828898513157,2.975696958008457
-0.3182455065418344,0.6233318757122608,38.23499857814515,6.808866522060166,19.309073226563342,4.16738136983442,6.051029692127673,1.511951998817695
-0.2828005365353655,0.6233318757122608,31.00153777520724,3.0394865743392545,15.644272610054774,1.7926790711349854,4.9085901585002665,0.6381617945780881
-0.2513032920204875,0.6233318757122608,25.553322919617788,0.9032093910862804,12.89234596089518,0.5150249778690521,4.047877177820697,0.18120159276494252
-0.22331409039755062,0.6233318757122608,21.608638644475985,0.07501158365985,10.900753038115969,0.03979773577421158,3.4023936959725876,0.011619003090152298
-0.19844221923690444,0.6233318757122608,18.753641042568976,0.08185860123163954,9.44586704106578,0.05162178998208693,2.968501258512181,0.016990600659029506
-0.17634048216824733,0.6233318757122608,16.749857650627117,0.5236871488123354,8.44658027684729,0.3027091097274037,2.6377347056320857,0.1081172765668591
-0.15670035222800524,0.6233318757122608,15.422101751588821,1.0774461519287697,7.773204895974503,0.6154245354583612,2.4401495082771576,0.20779318238590974
-0.13924766500838334,0.6233318757122608,14.57906584774202,1.5605369149328823,7.347363675178491,0.8848300321233187,2.2983963486893684,0.3041702067860966
-0.12373879148704055,0.6233318757122608,14.11544012010845,1.8758336620600702,7.1209616400925,1.0536241728224915,2.228260921587513,0.36047992114122673
-0.10995723711238882,0.6233318757122608,13.93453682966303,2.0091722310502282,7.0309447727463175,1.1260341343324753,2.204485042767059,0.38095812752928687
-0.09771061966979347,0.6233318757122608,13.947092916852828,1.9997242273765605,7.033474826908267,1.123956475852857,2.2011229653874596,0.38391236053292893
-0.0868279837415025,0.6233318757122608,14.093800625808624,1.8914708388181158,7.106470949092796,1.0650720843597705,2.2245048524095,0.36366718741944143
-0.07715741427178036,0.6233318757122608,14.336470087411856,1.7208760342269114,7.232296194283765,0.9682831200202395,2.2687416698314085,0.3272466470770923
-0.06856391592404971,0.6233318757122608,14.64470614181402,1.5188570199235394,7.392660960124053,0.8532674424574567,2.320536138931102,0.2876222283086823
-0.06092752862714207,0.6233318757122608,14.992352265587177,1.3098074701500813,7.571792858362971,0.7353564752286661,2.3741913775782737,0.24985854645321612
-0.0541416530048151,0.6233318757122608,15.358538582336674,1.110063143542377,7.758550028457415,0.623714704552233,2.429777735675441,0.21409928734209066
-0.04811156231253989,0.6233318757122608,15.728175335417786,0.9285909230731864,7.9458966605075005,0.5227138022820514,2.487448358585278,0.1804493871969937
-0.04275308010908995,0.6233318757122608,16.091105646130746,0.769070162157565,8.129471351874002,0.4338931561635714,2.545858115261875,0.14978262382602917
-0.0379914052040221,0.6233318757122608,16.440779238666874,0.6319663626645882,8.306452330456564,0.3573134999167608,2.603096293854416,0.12291070047556955
-0.03376006747802295,0.6233318757122608,16.773102462535206,0.5160178797819895,8.474939942167232,0.2922870126429489,2.6576405318427923,0.10010230448718306
-0.03,0.6233318757122608,17.085640942811846,0.4191490059778531,8.633676045525757,0.23775236837475586,2.708642416070189,0.08114321894139534
0.03,0.6233318757122608,24.268033666465502,0.5487303396583836,12.283117070470297,0.32053801113139263,3.855146515988252,0.1120220687698604
0.03376006747802295,0.6233318757122608,24.85226829451015,0.700980081155212,12.58001281057229,0.41049849015398626,3.9492667600721374,0.14402972108878057
0.0379914052040221,0.6233318757122608,25.528429614773007,0.8956813348556439,12.922978106294947,0.5257999980445287,4.05819291789253,0.1852974881357017
0.04275308010908995,0.6233318757122608,26.31256597407581,1.1444133404674661,13.319691594356838,0.6734019105635856,4.18393624437952,0.23825258138692615
0.04811156231253989,0.6233318757122608,27.223425517967158,1.4615362055759467,13.779248542571267,0.8620628330444344,4.328631444005669,0.3057883596175072
0.0541416530048151,0.6233318757122608,28.28273884800206,1.8645711971059002,14.312684773015263,1.102858926929989,4.495149848550667,0.3916266259993679
0.06092752862714207,0.6233318757122608,29.515723808267648,2.374570359126277,14.93379586873944,1.409947350889502,4.688423145671588,0.501281724957767
0.06856391592404971,0.6233318757122608,30.952269984885486,3.0166474463466537,15.660030980825368,1.8015185736266643,4.916494218255708,0.643297693900262
0.07715741427178036,0.6233318757122608,32.62927579946407,3.82093815372758,16.51259534272334,2.3003865137521258,5.188378947068432,0.8286452520342441
0.0868279837415025,0.6233318757122608,34.59356712390095,4.823749826103644,17.514494697462638,2.9330313293438905,5.507546955803722,1.0659677376425132
0.09771061966979347,0.6233318757122608,36.90214312826055,6.066877386157893,18.68729775083822,3.726838635038563,5.871645326407659,1.359444282438622
0.10995723711238882,0.6233318757122608,39.615232998147256,7.591551884933615,20.053436574092395,4.710163088432386,6.2934228209968195,1.7255070326248758
0.12373879148704055,0.6233318757122608,42.787282063951,9.428943841478766,21.6507831501327,5.922145102996958,6.805845579416034,2.202101064638274
0.13924766500838334,0.6233318757122608,46.47975692207512,11.602325771395968,23.53642138122538,7.416142602753246,7.401095244323731,2.7920422701752177
0.15670035222800524,0.6233318757122608,50.7932187370875,14.141025875227214,25.737565266964918,9.217899872633359,8.072128343475224,3.494955708395854
0.17634048216824733,0.6233318757122608,55.82752681111366,17.05027018100055,28.246802867344506,11.314150258810214,8.885725445576474,4.389578148709337
0.19844221923690444,0.6233318757122608,61.61641049005959,20.26896840527955,31.170421928330725,13.774410143810181,9.786837935904838,5.421846743191277
0.22331409039755062,0.6233318757122608,68.30546933072564,23.768551608848952,34.583644511952926,16.626205580209465,10.871062795465901,6.705929372002924
0.2513032920204875,0.6233318757122608,76.09147532443987,27.50693467796557,38.491826463859624,19.816177119504452,12.082946180704328,8.178511762535006
0.2828005365353655,0.6233318757122608,85.16374338007883,31.39506881252869,43.0981044801152,23.42096107697286,13.527794648106921,9.965606638835943
0.3182455065418344,0.6233318757122608,95.8840137763238,35.37138098264933,48.49788181716247,27.381860820545796,15.2452099582987,12.110604678690505
0.35813299251433084,0.6233318757122608,108.76859994778222,39.366245947222666,55.01990810218025,31.739360001136514,17.294201701285562,14.671062062329534
0.40301979977966995,0.6233318757122608,124.52007611979082,43.295040671893474,63.018046270929304,36.42379015761014,19.790281960030438,17.75804136698634
0.4535325211846986,0.6233318757122608,144.0415875510048,47.05742835619858,72.89630058288928,41.25028875707255,22.89676316175773,21.508057069084654
0.5103762839557767,0.6233318757122608,168.5516338615676,50.56460033449296,85.26693400592511,45.99250747139594,26.767013865457894,25.985361153470883
0.5743445928509872,0.6233318757122608,199.418821309687,53.72666718084926,100.90485568155731,50.38215872415374,31.653195397032132,31.267040345400552
0.6463304070095649,0.6233318757122608,238.51216997533183,56.50655469144743,120.65261021323508,54.189319619845755,37.87429205869929,37.32382810757907
0.7273386051246984,0.6233318757122608,288.0666701683211,58.89169794185824,145.7004749063492,57.35126141888351,45.729165619626414,43.84693848942811
0.8185000129460304,0.6233318757122608,350.99523988447294,60.90165149239013,177.54900065910508,59.90648949012821,55.70264527681961,50.34291511665168
0.9210871889273549,0.6233318757122608,430.75964515073196,62.567042287978246,217.8636251776453,61.93177787739221,68.38285638933084,56.02871216952653
1.0365321883776653,0.6233318757122608,531.9224630366967,63.932344632622396,269.0691849173233,63.53219882126242,84.41131503473144,60.218827752090164
1.166446554092426,0.6233318757122608,660.1816479266757,65.04168521667115,333.9466211591389,64.7904650834738,104.77925395874225,62.97637315344103
1.3126438125222553,0.6233318757122608,822.9624953428444,65.93791621785405,416.2612456160917,65.78056148586333,130.6311545091315,64.76880264813985
1.4771647895120215,0.6233318757122608,1029.4029323332502,66.65763364893161,520.63486353643,66.55914868968165,163.32798682519794,65.97852498817053
1.6623060990028473,0.6233318757122608,1290.6165444042715,67.23228382712335,652.8196826429534,67.17106884289637,204.84392955827886,66.8323441237082
1.8706522023821734,0.6233318757122608,1622.3629777173824,67.69143192770446,820.5624705570049,67.65318756021496,257.43534102989173,67.45189837861436
2.1051114860111477,0.6233318757122608,2042.3500236452232,68.05623469015036,1032.8889510876104,68.03227709154937,324.1697642333281,67.91202652192362
2.368956860549917,0.6233318757122608,2574.9335528309293,68.34609471254652,1302.4303979861825,68.33133116732057,408.73820089841627,68.25855046359725
2.6658714488230206,0.6233318757122608,3251.136004412102,68.5762634996465,1643.938849267915,68.56681131606406,516.0891754167005,68.5228498674857
3.0,0.6233318757122608,4106.532524522801,68.75818810724684,2077.181527190908,68.75251045563314,652.1265482650815,68.7257205739284
-3.0,0.6731984257692414,4049.2152939397224,68.74841507627141,2047.901163566177,68.74247210950502,643.2098773184115,68.71520055768401
-2.6658714488230206,0.6731984257692414,3183.8813971896116,68.55778301660168,1609.2818817805558,68.54755635465177,505.92439134652085,68.50298820767424
-2.368956860549917,0.6731984257692414,2499.994969053742,68.31284793883404,1265.7790327596394,68.29832781347972,397.01050462283155,68.22017625287774
-2.1051114860111477,0.6731984257692414,1964.4403988244085,68.00049144973568,993.7982780018942,67.97502361179095,312.047704326237,67.84498162335247
-1.8706522023821734,0.6731984257692414,1540.3518162029739,67.596616030685,779.2607132324576,67.55449988322623,244.9673907503661,67.33331366177603
-1.6623060990028473,0.6731984257692414,1208.8955130591376,67.0797243258915,611.0785907785331,67.00788489805848,191.9965344447133,66.61712014416275
-1.4771647895120215,0.6731984257692414,946.7447071681253,66.40807781083751,478.9921623163512,66.2918411209541,150.47062269826924,65.58668182163616
-1.3126438125222553,0.6731984257692414,741.4458837463466,65.53983804980938,374.9708941801698,65.34280134725486,117.75840295243233,64.02066291318076
-1.166446554092426,0.6731984257692414,579.997383831771,64.40788680974896,293.28122298282625,64.07388704196184,92.11738951392731,61.489529573454014
-1.0365321883776653,0.6731984257692414,453.3216770458723,62.92687922456766,229.15776841589428,62.35464393562994,71.94401329895577,57.19730565891442
-0.9210871889273549,0.6731984257692414,353.82819939798014,60.97440673226504,178.91443621793846,59.99253493669201,56.18933435039581,50.61121932416017
-0.8185000129460304,0.6731984257692414,275.87681015384226,58.3892327039929,139.48957817896707,56.690602143939586,43.78254117321587,42.34813298852073
-0.7273386051246984,0.6731984257692414,214.93549569727833,54.95821058651423,108.68513756224932,52.068427994711996,34.12651051677037,33.76752817436649
-0.6463304070095649,0.6731984257692414,167.40816511378574,50.42415839113343,84.64138873259229,45.78300195753691,26.565023846297958,25.757753123988902
-0.5743445928509872,0.6731984257692414,130.44278440972928,44.54955239428015,65.93165686972746,37.95354345945759,20.68637108742809,18.85191208885961
-0.5103762839557767,0.6731984257692414,101.68694064243805,37.26860840375332,51.389818825841104,29.373327074037803,16.13421933090185,13.222864578876852
-0.4535325211846986,0.6731984257692414,79.43300328934995,28.99715440838598,40.13169046522724,21.121028747108163,12.59982307903428,8.814853853111519
-0.40301979977966995,0.6731984257692414,62.2995153400569,20.637819076995594,31.467634985240515,14.024201347014554,9.863892609145685,5.511758942252651
-0.35813299251433084,0.6731984257692414,49.116908073099765,13.157236849124772,24.809143544676477,8.45213208021318,7.776626652711034,3.1810137378500856
-0.3182455065418344,0.6731984257692414,39.13823463533883,7.319617517957719,19.765183563381367,4.4981118368281665,6.194237869235891,1.6371262961980435
-0.2828005365353655,0.6731984257692414,31.647383453581266,3.343481277691204,15.97025506185351,1.9784450469636132,5.011024743827307,0.7058561450414174
-0.2513032920204875,0.6731984257692414,26.003184450083634,1.0434644080997493,13.119137164461476,0.596941003130191,4.119137802219512,0.21027327197740392
-0.22331409039755062,0.6731984257692414,21.91138521854775,0.10856064714050319,11.053325413280483,0.05840230127385957,3.450036928001503,0.017588849391538756
-0.19844221923690444,0.6731984257692414,18.94642364986,0.06056472518403808,9.54258205471344,0.03894342889288138,2.9989794174724698,0.012736206352067264
-0.17634048216824733,0.6731984257692414,16.861049434952708,0.4875894785621423,8.502296418136705,0.28243083322264523,2.655042818011173,0.10112838745129128
-0.15670035222800524,0.6731984257692414,15.474094689988114,1.0512075222577517,7.79898925708478,0.6010011538391222,2.4482824970073396,0.20292715307213194
-0.13924766500838334,0.6731984257692414,14.588422535802529,1.5545518895690502,7.351591001813898,0.8818540223220864,2.299639893375646,0.3032254610845423
-0.12373879148704055,0.6731984257692414,14.09495196055771,1.8906367370895751,7.110249401060963,1.0620793894851164,2.2248058136746947,0.3634111449485039
-0.10995723711238882,0.6731984257692414,13.893905817811536,2.0399455544135274,7.010094855679123,1.143250489339551,2.1979267915561596,0.38673437411228123
-0.09771061966979347,0.6731984257692414,13.893367381651945,2.0403554148629626,7.0059470242232145,1.1466956433134377,2.192399563749244,0.3916458623124901
-0.0868279837415025,0.6731984257692414,14.03213826524865,1.9364930049031779,7.07490828997758,1.0902828132967597,2.214514980550687,0.37223133573636974
-0.07715741427178036,0.6731984257692414,14.270717112604759,1.76607522077951,7.198716662257233,0.9935397785910545,2.2581954293232918,0.33570978330508133
-0.06856391592404971,0.6731984257692414,14.57769580889452,1.561414488857985,7.358523557072961,0.8769871684051078,2.309841916345133,0.2955436649462
-0.06092752862714207,0.6731984257692414,14.926095558909285,1.3481585287633173,7.538096327023987,0.7567101825302766,2.3635953544356556,0.25705869119221664
-0.0541416530048151,0.6731984257692414,15.294400864412223,1.143581798417144,7.725955104782671,0.6423953619955154,2.4194772669762292,0.2204745505184337
-0.04811156231253989,0.6731984257692414,15.667040253520716,0.9572538099495626,7.91482983804305,0.5387246592114406,2.4776071557850075,0.1859500700812546
-0.04275308010908995,0.6731984257692414,16.03350941560034,0.7931918057844969,8.100196442444636,0.4474049996451126,2.536590403088302,0.15442573070796187
-0.0379914052040221,0.6731984257692414,16.387010784271983,0.6520223960531822,8.279116543579363,0.3685785103833125,2.5944634610083193,0.12676777308708997
-0.03376006747802295,0.6731984257692414,16.723275059793945,0.5325378743421998,8.449604750911524,0.3015876626459321,2.649661986845551,0.10327270298741603
-0.03,0.6731984257692414,17.039743428288915,0.43265572844880873,8.61033972403596,0.24537099181198455,2.701310203112874,0.08373152512633869
0.03,0.6731984257692414,24.33969117704186,0.5665690553685454,12.319510624514077,0.3310539550519662,3.8665844036828827,0.11572475170758638
0.03376006747802295,0.6731984257692414,24.93478542896887,0.723705647316649,12.621921456356707,0.42394785303832333,3.962451155444295,0.14878829266249655
0.0379914052040221,0.6731984257692414,25.623687542210188,0.9246226884651737,12.971347049592454,0.5429996818287428,4.073425842367396,0.19141599464791886
0.04275308010908995,0.6731984257692414,26.422824493853852,1.1812449960937017,13.375651211330414,0.6953893957011995,4.2015715037662265,0.24611516220722285
0.04811156231253989,0.6731984257692414,27.35140707828052,1.5083537087515508,13.844158018828717,0.8901523365877626,4.349083476107777,0.31587614608161596
0.0541416530048151,0.6731984257692414,28.431733158960547,1.92397410200901,14.388192036120826,1.1387136526756871,4.518914964142392,0.4045470644144052
0.06092752862714207,0.6731984257692414,29.689723875157124,2.449751951215059,15.021921807820883,1.455674986271025,4.71612525369215,0.5178276884203216
0.06856391592404971,0.6731984257692414,31.156160745168297,3.111494820556816,15.763284154978011,1.8597953238938678,4.948951756657026,0.6645428588818474
0.07715741427178036,0.6731984257692414,32.86910763139338,3.94015053255633,16.634112493972626,2.374600654242503,5.226644230561257,0.8560235656292894
0.0868279837415025,0.6731984257692414,34.87694130616649,4.972969680483372,17.658185964352704,3.0274103218473396,5.55285202277074,1.1012313071962352
0.09771061966979347,0.6731984257692414,37.23869022833236,6.252772496062501,18.857989823026653,3.8465267726360093,5.925361752859816,1.4045945856346198
0.10995723711238882,0.6731984257692414,40.0171043628024,7.821716860441201,20.257114432132482,4.8613339287395,6.3573884441226065,1.7832084162449267
0.12373879148704055,0.6731984257692414,43.26966881662134,9.711571678401162,21.89514518661377,6.11236398792885,6.882795329235299,2.2763249320565158
0.13924766500838334,0.6731984257692414,47.061811729322145,11.945871774916524,23.831598688210125,7.6547539279149355,7.494060006928745,2.8872209786577265
0.15670035222800524,0.6731984257692414,51.499604129415054,14.553822687754316,26.096057926240004,9.51536463082633,8.184621172478911,3.616130599961563
0.17634048216824733,0.6731984257692414,56.689158494400985,17.539065434973104,28.683192577960984,11.681035706059067,9.0232409049601,4.54459337809367
0.19844221923690444,0.6731984257692414,62.669707134164646,20.836663675498375,31.703808398466517,14.222557580734296,9.954444266498019,5.617712131850974
0.22331409039755062,0.6731984257692414,69.59427605710925,24.412884118198278,35.23690803258239,17.16618520152067,11.07666939056501,6.953425839855056
0.2513032920204875,0.6731984257692414,77.66651711062434,28.217894052643395,39.28915848422911,20.453403008085864,12.333421537634678,8.486382302432318
0.2828005365353655,0.6731984257692414,87.08029274115056,32.15352185753814,44.068525420944844,24.15507030523255,13.8325421906684,10.345207871810084
0.3182455065418344,0.6731984257692414,98.20323792821756,36.1499332887269,49.671225203678524,28.201109658177018,15.614412859369615,12.572608632226252
0.35813299251433084,0.6731984257692414,111.56155554013444,40.132927657874,56.43261302662765,32.61949272581011,17.738750432552834,15.22432465732936
0.40301979977966995,0.6731984257692414,127.8737281627352,44.01869134486799,64.7153568854821,37.32610968132755,20.323671980851277,18.410235314049963
0.4535325211846986,0.6731984257692414,148.06818306424526,47.713676010959865,74.9342365708532,42.12428322711607,23.537280598641075,22.265192311737874
0.5103762839557767,0.6731984257692414,173.40302481707866,51.13924097714814,87.72071274221324,46.786412436562415,27.537477716916076,26.847032325775583
0.5743445928509872,0.6731984257692414,205.29136500121845,54.215886294070195,103.87627886495375,51.059160696646096,32.58515789454406,32.223327126826334
0.6463304070095649,0.6731984257692414,245.66612844658127,56.914206273272065,124.2708775288227,54.73877115053013,39.0104996694617,38.34562914103427
0.7273386051246984,0.6731984257692414,296.8373712827515,59.22617290559759,150.1354805322016,57.783917177844145,47.12156090798643,44.87178994737419
0.8185000129460304,0.6731984257692414,361.8168675692479,61.17309371972636,183.02252662211748,60.24243340898107,57.41969407075391,51.27032964648697
0.9210871889273549,0.6731984257692414,444.1777353391717,62.78566323926257,224.64873902584048,62.19162169041407,70.51299937951505,56.74707573602217
1.0365321883776653,0.6731984257692414,548.6352894550032,64.10750006596399,277.52292459508004,63.73328912629876,87.06277001386601,60.69637732531273
1.166446554092426,0.6731984257692414,681.0748550618424,65.1814995580518,344.5143643359284,64.9464743073715,108.09509874087378,63.279482868516865
1.3126438125222553,0.6731984257692414,849.1646153262103,66.04919347248247,429.5133979428613,65.90192183793927,134.7897655705968,64.96800863730566
1.4771647895120215,0.6731984257692414,1062.3454814196211,66.74602712040398,537.2925030337572,66.65380249180996,168.5527289237755,66.11573831841964
1.6623060990028473,0.6731984257692414,1332.0822435474681,67.3024059602131,673.7908890170179,67.24507444909516,211.4225844463183,66.93026908862711
1.8706522023821734,0.6731984257692414,1674.6630223242328,67.7469784019173,847.0082706841146,67.71114095558956,265.73033784949627,67.52365032385705
2.1051114860111477,0.6731984257692414,2108.3768644106817,68.10021373863034,1066.2748413135685,68.07775658148562,334.64320861860426,67.96557391992422
2.368956860549917,0.6731984257692414,2658.349924156145,68.38087796461468,1344.6121770569052,68.36703740009139,421.9694231551146,68.2990503261304
2.6658714488230206,0.6731984257692414,3356.637058432691,68.60375060939998,1697.2803960929418,68.59488336436861,532.8282492705227,68.55379061808864
3.0,0.6731984257692414,4240.003620380169,68.77991601032906,2144.67797629028,68.77459181938923,673.3032533191671,68.74952826162792
-3.0,0.7230649758262224,4160.715122579065,68.76717762593418,2104.2977384831847,68.76155414540418,660.9238080711355,68.73580623056986
-2.6658714488230206,0.7230649758262224,3271.569655727655,68.58172671925131,1653.5959131070906,68.5720302486966,519.8629922801512,68.53001188739957
-2.368956860549917,0.7230649758262224,2568.8280556068394,68.34345925658951,1300.638439903802,68.32976182283049,407.94601046965795,68.25603439369684
-2.1051114860111477,0.7230649758262224,2018.5263248460765,68.03965139069982,1021.1604580972693,68.01557318076203,320.6418517506025,67.89310299783142
-1.8706522023821734,0.7230649758262224,1582.7241842096355,67.6468497757989,800.6984359209964,67.60704331500254,251.7096461191371,67.39914612770617
-1.6623060990028473,0.7230649758262224,1242.119086840592,67.144215542676,627.8718222904697,67.07627399283771,197.27449480604454,66.70971920825538
-1.4771647895120215,0.7230649758262224,972.7121792196411,66.49115756581122,492.13051066379717,66.38137148871363,154.59972367295038,65.72192796095806
-1.3126438125222553,0.7230649758262224,761.732959289861,65.64711550567742,385.2277598299467,65.46101972624672,120.98120055821487,64.22969792474547
-1.166446554092426,0.7230649758262224,595.8040410694709,64.54684358833114,301.27505964266726,64.23162558484464,94.63001421268444,61.8349292916661
-1.0365321883776653,0.7230649758262224,465.6145035578538,63.10757931082085,235.37028544086436,62.56767838425398,73.89601628791108,57.77221178128285
-0.9210871889273549,0.7230649758262224,363.3551243064951,61.210293222214254,183.7309938491671,60.28421924503834,57.703512796122446,51.41851747876093
-0.8185000129460304,0.7230649758262224,283.2319289197215,58.697906165010465,143.20890419266286,57.09431947066464,44.95060166834707,43.25674961983208
-0.7273386051246984,0.7230649758262224,220.59487336130874,55.36191435257812,111.54699797553995,52.6229265440316,35.02533217241594,34.6462321280658
-0.6463304070095649,0.7230649758262224,171.73952851994252,50.945976449107405,86.83151906996224,46.50377054723205,27.25285818052229,26.52992975780242
-0.5743445928509872,0.7230649758262224,133.7417476744428,45.20297472698525,67.59919147530816,38.78817835484858,21.210176403862665,19.487037372939064
-0.5103762839557767,0.7230649758262224,104.18121981188648,38.03358541995524,52.650446018022826,30.211983511174864,16.53018540761831,13.717795119373125
-0.4535325211846986,0.7230649758262224,81.30321717187876,29.801429437139973,41.07667224593006,21.862496158419063,12.896938748429603,9.182293892247985
-0.40301979977966995,0.7230649758262224,63.68809935523927,21.379824614786095,32.16901030105856,14.612858715821925,10.08411687149684,5.769970869898135
-0.35813299251433084,0.7230649758262224,50.13390978641572,13.754725808431733,25.322760224392052,8.874880912404432,7.937975448129355,3.3516250573651902
-0.3182455065418344,0.7230649758262224,39.87251693497551,7.738800402058324,20.135852506763886,4.771202384036257,6.310611520471759,1.74095901867456
-0.2828005365353655,0.7230649758262224,32.16674897507311,3.593841243901485,16.23227140944241,2.1320428224467607,5.0933679572901065,0.7620090985389673
-0.2513032920204875,0.7230649758262224,26.359725775228956,1.1601127546724326,13.298758735688523,0.6652494218179048,4.175587054144941,0.23456677039294035
-0.22331409039755062,0.7230649758262224,22.146592073074643,0.13855256169586372,11.171756263730675,0.07512722715365179,3.4869751228615633,0.023016311354382483
-0.19844221923690444,0.7230649758262224,19.091583819164356,0.04674126373713152,9.615257828435793,0.030642896460479255,3.021901194469889,0.009956114828344388
-0.17634048216824733,0.7230649758262224,16.939943657698183,0.462872260104711,8.541711006071322,0.2685680753800387,2.66724631546068,0.09635948830877471
-0.15670035222800524,0.7230649758262224,15.505423678882854,1.0355874000074548,7.814359871311015,0.5925012464436621,2.4531422170861585,0.2000524233001051
-0.13924766500838334,0.7230649758262224,14.585885067883504,1.5561735437762465,7.349845142227949,0.883082332588463,2.299014671333268,0.30370022595014273
-0.12373879148704055,0.7230649758262224,14.069073199810841,1.9094426956385546,7.096842510168658,1.0727226701596504,2.2205134670378044,0.36707371244624243
-0.10995723711238882,0.7230649758262224,13.852610449761267,2.0715366705693317,6.988938287459394,1.1608932715710594,2.191272935925503,0.39265186460962104
-0.09771061966979347,0.7230649758262224,13.84234751072076,2.0794373104646557,6.979825455241192,1.1685466425777373,2.184126199848664,0.39907208850917714
-0.0868279837415025,0.7230649758262224,13.975516546180224,1.9784437705426452,7.045937662210693,1.1137582283162728,2.205348034254382,0.38020217630633263
-0.07715741427178036,0.7230649758262224,14.211543105528666,1.807399069985998,7.168503208313697,1.0166195200495778,2.248706058831339,0.3434414874829574
-0.06856391592404971,0.7230649758262224,14.518194858621113,1.5998308015319533,7.3282147995729305,0.898389741502763,2.3003462854231023,0.3026896158171772
-0.06092752862714207,0.7230649758262224,14.867825308931856,1.3824605077433867,7.508463179972874,0.7758019165895068,2.354276834333489,0.2634944866857887
-0.0541416530048151,0.7230649758262224,15.238397261882803,1.1733526318724679,7.697494999863151,0.6589811537661356,2.410483644797256,0.22613342595935204
-0.04811156231253989,0.7230649758262224,15.613953343750305,0.9825723096010904,7.887853559115737,0.5528624595848106,2.469061999124052,0.19080606862620303
-0.04275308010908995,0.7230649758262224,15.983714012617142,0.8144049760853568,8.074887057657511,0.4592838040951916,2.528578226817234,0.15850676148988174
-0.0379914052040221,0.7230649758262224,16.340688209174143,0.6695965110532385,8.255566629391957,0.3784465221222292,2.587026226281354,0.13014583292170812
-0.03376006747802295,0.7230649758262224,16.68047094565315,0.5469702231326667,8.427840923278838,0.3097107249348002,2.6428080010141985,0.10604117688609807
-0.03,0.7230649758262224,17.000408579136966,0.4444260358365716,8.590340396725514,0.25200846637763546,2.6950262560152485,0.08598613285118692
0.03,0.7230649758262224,24.399826489074837,0.5817227822427982,12.350052186642776,0.33999091931322156,3.876183547767835,0.11887266592639104
0.03376006747802295,0.7230649758262224,25.004001865119392,0.7429946976149653,12.657074940741884,0.43536912270348854,3.9735107381736947,0.15283096141639807
0.0379914052040221,0.7230649758262224,25.70355762960044,0.949167155262878,13.011902814716423,0.5575949210486058,4.086198324141701,0.19661034408263073
0.04275308010908995,0.7230649758262224,26.51524077224019,1.2124557666663782,13.422556427752818,0.7140345454656922,4.216353324297769,0.25278589094574433
0.04811156231253989,0.7230649758262224,27.45865584799529,1.5479966884388996,13.898554997031894,0.913957677873122,4.366223131109629,0.3244303666754358
0.0541416530048151,0.7230649758262224,28.556588002617318,1.9742418897142278,14.451471316077464,1.169086202383593,4.538831734566254,0.4154997570427534
0.06092752862714207,0.7230649758262224,29.835569539124037,2.5133432634340425,15.095797309728052,1.49440179880043,4.739348708322809,0.5318526957139398
0.06856391592404971,0.7230649758262224,31.327167247956,3.1917060443872263,15.849896714291333,1.9091531084570215,4.976179675290892,0.6825551809299147
0.07715741427178036,0.7230649758262224,33.07048447276013,4.040987609530845,16.736160094543962,2.437485960771573,5.258779594061481,0.8792502354241905
0.0868279837415025,0.7230649758262224,35.11529861004119,5.09927735859004,17.779066713829273,3.1074633046195093,5.590965810668179,1.1311841974974584
0.09771061966979347,0.7230649758262224,37.5224982369349,6.410331017614196,19.001955718363252,3.9482244958359525,5.970670248281191,1.4430256582396765
0.10995723711238882,0.7230649758262224,40.35719732249111,8.017198935866922,20.429520433546486,4.990124459637235,6.4115381108591265,1.8324745320303186
0.12373879148704055,0.7230649758262224,43.67981934841445,9.95231842583359,22.102974611649692,6.2750193276153166,6.9482458723339935,2.3399597398472682
0.13924766500838334,0.7230649758262224,47.55968696148723,12.239653406462278,24.08415906919489,7.859758714141675,7.573611663966693,2.9692624810788146
0.15670035222800524,0.7230649758262224,52.10826578426114,14.908498102804588,26.405051732972865,9.772427617776337,8.281592912128152,3.721280636862699
0.17634048216824733,0.7230649758262224,57.437883500199156,17.961244248464496,29.06253353752638,12.000217870013282,9.14279831928363,4.680155576665154
0.19844221923690444,0.7230649758262224,63.59345146385902,21.3295850105843,32.17174204705251,14.615148856560523,10.101502516584052,5.7904309351825285
0.22331409039755062,0.7230649758262224,70.73514225743973,24.974884748841568,35.815382981356954,17.642303431412792,11.25877421673304,7.173516132541367
0.2513032920204875,0.7230649758262224,79.07274640474267,28.839782151827368,40.00121740612061,21.018037574246407,12.557131771407098,8.762149639505976
0.2828005365353655,0.7230649758262224,88.80323433598107,32.81723223198951,44.9411106190257,24.807063271661324,14.106590058873744,10.687078234622733
0.3182455065418344,0.7230649758262224,100.29726457619519,36.829517671812404,50.730732966885576,28.9277011104611,15.947888298752847,12.989823625549885
0.35813299251433084,0.7230649758262224,114.08679907661755,40.798563536558206,57.709945213874065,33.395680903978366,18.140821509644358,15.723616797242558
0.40301979977966995,0.7230649758262224,130.90120081316581,44.64221685971791,66.2477042349015,38.113988836025214,20.805297246782263,18.996401871002057
0.4535325211846986,0.7230649758262224,151.6886805866772,48.274160353608295,76.76673797666983,42.877192998077795,24.113346226735494,22.940920889152014
0.5103762839557767,0.7230649758262224,177.74112874217778,51.62563425275616,89.91476465549326,47.46014416271261,28.226434966324536,27.608662960347978
0.5743445928509872,0.7230649758262224,210.50952021008317,54.62646052956469,106.5166556610254,51.625887470351124,33.41317920722148,33.05871117831626
0.6463304070095649,0.7230649758262224,251.98303874306342,57.25374945921085,127.46565436858008,55.19388366123299,40.013845830296354,39.22597026109182
0.7273386051246984,0.7230649758262224,304.5368444208835,59.50296957715954,154.02852012998383,58.13967468225623,48.34392770961475,45.73929115758017
0.8185000129460304,0.7230649758262224,371.2693228117333,61.39654311521264,187.80349839434788,60.51734017969494,58.91936839734437,52.03724916471872
0.9210871889273549,0.7230649758262224,455.84820649486005,62.96485183341262,230.5497282256371,62.403508518587486,72.36572052029005,57.32525373797194
1.0365321883776653,0.7230649758262224,563.1209467353067,64.25056845342525,284.8502382769311,63.89686614131837,89.36062767596687,61.07458179501314
1.166446554092426,0.7230649758262224,699.1341826946126,65.29539482293669,353.64862247244236,65.07314188654404,110.9611780335436,63.51959781419839
1.3126438125222553,0.7230649758262224,871.764466112295,66.1396546238204,440.9433426111903,66.00032035813243,138.3764902134111,65.12656521940029
1.4771647895120215,0.7230649758262224,1090.7129375062013,66.81777246605041,551.6355831476928,66.73046631456077,173.05116504710944,66.22539270558912
1.6623060990028473,0.7230649758262224,1367.7413353527654,67.35924854698874,691.8244900859128,67.30496573880257,217.0791678639045,67.00874813830717
1.8706522023821734,0.7230649758262224,1719.5951001331562,67.79196330675762,869.7262344457941,67.75801193450333,272.85554560396747,67.581265910595
2.1051114860111477,0.7230649758262224,2165.0621129140177,68.13580656073286,1094.9354853207537,68.1145252737854,343.63286952006314,68.00863033800917
2.368956860549917,0.7230649758262224,2729.9188778900043,68.40901163899713,1380.7997903039125,68.39589297016872,433.3184338264753,68.33164424190727
2.6658714488230206,0.7230649758262224,3447.110968717822,68.6259729571987,1743.0237150810474,68.61756454426235,547.1813019166203,68.57871126520652
3.0,0.7230649758262224,4354.4336403822645,68.79747771839013,2202.5415898339897,68.79242970052779,691.4535927771357,68.7687122354523
-3.0,0.772931525883203,4252.461873715397,68.78187410524197,2150.704547680885,68.77649506202577,675.5008196657766,68.75190877275254
-2.6658714488230206,0.772931525883203,3343.6875155932075,68.60047082100682,1690.0387716228722,68.59117812632216,531.3280797270518,68.55110278046735
-2.368956860549917,0.772931525883203,2625.398025111478,68.36740413034843,1329.2900917331563,68.35433553159228,416.93465709958446,68.28397014884523
-2.1051114860111477,0.772931525883203,2062.9459580786643,68.07025886604222,1043.6327782894737,68.0472395237476,327.7009297058379,67.93050950866682
-1.8706522023821734,0.772931525883203,1617.4881163085481,67.68606872079201,818.2871401048195,67.64801982602486,257.2423745459776,67.45016507244719
-1.6623060990028473,0.772931525883203,1269.347752399672,67.19450520594847,641.6339891906526,67.12952187868095,201.60047161215837,66.78118221484945
-1.4771647895120215,0.772931525883203,993.9621896492189,66.55583774902853,502.8825053474464,66.4509439360807,157.97940286746496,65.82570726186137
-1.3126438125222553,0.772931525883203,778.3069969825573,65.73048348385339,393.6069596526724,65.5526597033939,123.61450063383741,64.38884801481964
-1.166446554092426,0.772931525883203,608.6909759322095,64.65459352644025,307.7918672810789,64.35353737358636,96.6787893148773,62.095871229571316
-1.0365321883776653,0.772931525883203,475.6121608066616,63.24733890508753,240.42221513775755,62.73175071450939,75.48358438154449,58.20844021553647
-0.9210871889273549,0.772931525883203,371.0801034234128,61.392187870427456,187.63616286218223,60.507992368719634,58.931427206864015,52.04325627535016
-0.8185000129460304,0.772931525883203,289.17427053003416,58.93512573912033,146.21352779000466,57.40289297540213,45.89427443156138,43.970515788334396
-0.7273386051246984,0.772931525883203,225.14756495773344,55.67108891857901,113.84903911204823,53.04608733183311,35.7484196040697,35.34137570491694
-0.6463304070095649,0.772931525883203,175.2062250842611,51.34444981087113,88.58421878415761,47.05553594359193,27.803351446910934,27.14195530393758
-0.5743445928509872,0.772931525883203,136.3664545899752,45.70128578728406,68.92564850239232,39.43134893933109,21.626862671580803,19.98985481913139
-0.5103762839557767,0.772931525883203,106.15150510883599,38.61747473234519,53.646012828429704,30.861537485728974,16.84293810147395,14.108334035703157
-0.4535325211846986,0.772931525883203,82.76792796196465,30.41654907266101,41.81653089246539,22.437375434183803,13.129610877918841,9.47074517111163
-0.40301979977966995,0.772931525883203,64.76449781108175,21.94765470211111,32.712477802849754,15.068009846209964,10.254743665957179,5.97122722530467
-0.35813299251433084,0.772931525883203,50.912239019617736,14.210661515306525,25.715656861548712,9.199750244028644,8.061394624572142,3.483439920538448
-0.3182455065418344,0.772931525883203,40.42575083621209,8.056676344357939,20.41496245306743,4.979220625588014,6.398226881720329,1.820328616605812
-0.2828005365353655,0.772931525883203,32.55029696895919,3.7818946535466864,16.425596717739293,2.2477088959447107,5.154134611699192,0.8044048849355238
-0.2513032920204875,0.772931525883203,26.615760996452153,1.2467505578426823,13.427576874756275,0.7160417610433372,4.216083735973562,0.252663579020337
-0.22331409039755062,0.772931525883203,22.308759984949475,0.16117507220234012,11.253263740594821,0.08776875076198962,3.5123335813977468,0.02713739310349547
-0.19844221923690444,0.772931525883203,19.184928419426814,0.038836569728044106,9.661774305956506,0.02587321580702591,3.036600433070421,0.008359880228193542
-0.17634048216824733,0.772931525883203,16.983360420620407,0.44958354775261805,8.563216747354057,0.2611710467910899,2.673840029808007,0.09383692477806316
-0.15670035222800524,0.772931525883203,15.513689042284927,1.0314901729361656,7.818103767370215,0.5904419434212833,2.4543475401428974,0.1993432152422256
-0.13924766500838334,0.772931525883203,14.569652423241866,1.5665729743123253,7.341216194708698,0.8891690633327757,2.296234572792033,0.3058169113462652
-0.12373879148704055,0.772931525883203,14.036460855827166,1.9333144444637762,7.08006260193053,1.0861398789780412,2.2151708516585336,0.3716651699005594
-0.10995723711238882,0.772931525883203,13.809656503683664,2.10473540849116,6.966972839711891,1.1793964070128218,2.184365621003681,0.3988559217095583
-0.09771061966979347,0.772931525883203,13.79330392855546,2.117465463603888,6.95474187060331,1.1897819789305168,2.1761871889799367,0.4062827779321534
-0.0868279837415025,0.772931525883203,13.923406870950773,2.017571477484892,7.019292479942748,1.135634931011679,2.196920374222214,0.3876257174512561
-0.07715741427178036,0.772931525883203,14.158571175989422,1.844916646545288,7.141465960755028,1.037560554610955,2.240213908084613,0.3504552097912523
-0.06856391592404971,0.772931525883203,14.465940474221517,1.6340601258821599,7.301602379642163,0.9174505935694981,2.2920075781491867,0.3090528010593413
-0.06092752862714207,0.772931525883203,14.817364000640337,1.4126032654753788,7.482804108330706,0.7925719296806994,2.346207700626955,0.26914646307061163
-0.0541416530048151,0.772931525883203,15.190413658899217,1.199236381484555,7.67311237373329,0.6733961385718111,2.402778904652898,0.23105040159901558
-0.04811156231253989,0.772931525883203,15.568847262527413,1.0044003394431895,7.86493409327241,0.5650471212502991,2.4618024138377663,0.19499015049835622
-0.04275308010908995,0.772931525883203,15.941686260063609,0.8325697103736124,8.053526728732857,0.46945244978115386,2.5218165415062965,0.1619994687093138
-0.0379914052040221,0.772931525883203,16.301802954473533,0.6845615534797089,8.235798558522625,0.38684715527248165,2.5807834165182553,0.13302102981638364
-0.03376006747802295,0.772931525883203,16.644698959730405,0.5592033355967326,8.40965321375035,0.3165941994313379,2.6370801133827344,0.10838682091115717
-0.03,0.772931525883203,16.96765719224158,0.45436431668752064,8.573688843226298,0.25761150496847074,2.689793968301505,0.08788913546363651
0.03,0.772931525883203,24.448208893292023,0.5940354821989564,12.374624695942748,0.3472549614278533,3.8839071445428712,0.12143219131389871
0.03376006747802295,0.772931525883203,25.05964179775498,0.7586489247831886,12.685333330891265,0.44464202168959266,3.9824014780836174,0.15611437434774683
0.0379914052040221,0.772931525883203,25.767708577107847,0.9690631376647261,13.044477348005985,0.5694318235017055,4.09645744407906,0.20082461858272
0.04275308010908995,0.772931525883203,26.589414816423698,1.2377271977637383,13.460204416951143,0.7291406645541059,4.228217811878754,0.25819269016748725
0.04811156231253989,0.772931525883203,27.544686270498165,1.5800633475581898,13.942193375740777,0.9332278045773341,4.379972903486061,0.3313582440264764
0.0541416530048151,0.772931525883203,28.656710521154288,2.0148697031015557,14.502222260298648,1.1936566720502282,4.554805651785042,0.42436543579000685
0.06092752862714207,0.772931525883203,29.952532372592,2.5647132292620647,15.155053432232345,1.5257208617698277,4.757977514720546,0.5432033898744109
0.06856391592404971,0.772931525883203,31.46438833146988,3.256497222966825,15.919412168741216,1.9490752189424063,4.998034417874698,0.6971369673173877
0.07715741427178036,0.772931525883203,33.23228297850131,4.122482808861924,16.818168793354555,2.4883875979866663,5.284605718475611,0.8980695873981163
0.0868279837415025,0.772931525883203,35.307226998501136,5.201491387983657,17.876420788808087,3.1723625360781864,5.6216625579173165,1.1554956793195694
0.09771061966979347,0.772931525883203,37.75177649759049,6.538124343337235,19.118287043854156,4.0308894330718745,6.007284931778597,1.474311015099556
0.10995723711238882,0.772931525883203,40.63322158451651,8.176295001483306,20.569493311425653,5.0952285733552465,6.455506912658338,1.8727551045440016
0.12373879148704055,0.772931525883203,44.01478339005078,10.14919201082842,22.272776046944827,6.408484412735099,7.001726047888684,2.392291338411076
0.13924766500838334,0.772931525883203,47.96956455688483,12.481400549758646,24.2921652981823,8.029148316772392,7.6391399454470195,3.037242783012566
0.15670035222800524,0.772931525883203,52.61425705346008,15.202562508814779,26.662035706128467,9.986646843480257,8.362255402084086,3.80921968540662
0.17634048216824733,0.772931525883203,58.06732549729768,18.31423658213067,29.38159817252865,12.268803533673472,9.243379895273913,4.794748470573799
0.19844221923690444,0.772931525883203,64.37954784579316,21.745331892155377,32.57012725644848,14.948885606938248,10.22672580142891,5.938111073661752
0.22331409039755062,0.772931525883203,71.71802946870454,25.452710744356377,36.313989200695865,18.05102961342743,11.415778394091456,7.363892084209715
0.2513032920204875,0.772931525883203,80.29809710726114,29.371824591448593,40.62191249188684,21.506665559656504,12.752164153533029,9.003117586381617
0.2828005365353655,0.772931525883203,90.31859043938043,33.38703358748809,45.70880575043636,25.374191674454565,14.347724619647796,10.98820956238375
0.3182455065418344,0.772931525883203,102.15039567832861,37.41297289216331,51.668490681977836,29.560269470605064,16.2431492682494,13.359064407557131
0.35813299251433084,0.772931525883203,116.32695467366598,41.36806804320231,58.84314362118371,34.06874905500386,18.497662194396096,16.165745062480898
0.40301979977966995,0.772931525883203,133.58303293294173,45.17224111159741,67.60526382700881,38.791164289060646,21.232073482963322,19.513515157393336
0.4535325211846986,0.772931525883203,154.88048561372278,48.74650477616568,78.38238398334363,43.51596899683981,24.621376000422767,23.53260250595262
0.5103762839557767,0.772931525883203,181.53849909626894,52.03160355532521,91.83520268955887,48.02329282540157,28.82952706055879,28.268351760273482
0.5743445928509872,0.772931525883203,215.0386682226293,54.96577167694639,108.8084692426033,52.09300321553433,34.13175619883439,33.77270323041568
0.6463304070095649,0.772931525883203,257.41826374031353,57.53174647207534,130.2143482018468,55.56466636078214,40.87724197435329,39.96698675582523
0.7273386051246984,0.772931525883203,311.10701083885834,59.72769083433361,157.35019818485787,58.426932493856924,49.38704271128144,46.45596458873824
0.8185000129460304,0.772931525883203,379.2770148018478,61.576657640389946,191.8536734986527,60.73784738960972,60.18965951347589,52.656300324307495
0.9210871889273549,0.772931525883203,465.6729316974981,63.1084143409542,235.51693781307583,62.57255357005542,73.92543828022946,57.78054540606555
1.0365321883776653,0.772931525883203,575.2525905976204,64.36462630745456,290.98697273332476,64.02684163394198,91.28474203797582,61.36837432326112
1.166446554092426,0.772931525883203,714.1963862496937,65.38584009479271,361.2668174840796,65.17346106314318,113.3515791991906,63.70603711178705
1.3126438125222553,0.772931525883203,890.5526893416577,66.21127142120869,450.4451722426234,66.07805524934668,141.3580857603496,65.2499962472933
1.4771647895120215,0.772931525883203,1114.237580690945,66.8744395073268,563.528652077056,66.79091234294006,176.78078340216157,66.31093188733321
1.6623060990028473,0.772931525883203,1397.2522163027347,67.40405869174964,706.7476642967179,67.3521151804463,221.75942466693323,67.07005057131681
1.8706522023821734,0.772931525883203,1756.7240151513265,67.82737554542257,888.4961635519452,67.79486693094213,278.74185765178845,67.62630988449362
2.1051114860111477,0.772931525883203,2211.85234123669,68.16379672619735,1118.590943789532,68.14341489351094,351.05082904647344,68.04231093849761
2.368956860549917,0.772931525883203,2788.936880149668,68.43111575998552,1410.6372875910004,68.41854755703991,442.67344383056735,68.3571466027361
2.6658714488230206,0.772931525883203,3521.66379704716,68.6434206902745,1780.7168349641681,68.63536361744991,559.0063901582802,68.59821757737198
3.0,0.772931525883203,4448.688413999446,68.81126081247817,2250.198626892061,68.80642301985378,706.3972907402377,68.78372913354009
-3.0,0.8227980759401841,4323.52076354261,68.79282564631089,2186.648846338789,68.78762570206916,686.7924653818378,68.76388752660695
-2.6658714488230206,0.8227980759401841,3399.4962448672327,68.61442625932632,1718.2370146975422,68.60542693613557,540.2022907411143,68.56677065097827
-2.368956860549917,0.8227980759401841,2669.121353215502,68.3852095299199,1351.4386010312503,68.37260161968385,423.88379841381635,68.30468177294692
-2.1051114860111477,0.8227980759401841,2097.237769415132,68.09299065642284,1060.9817727024717,68.07074256586037,333.15163852936354,67.95817827544397
-1.8706522023821734,0.8227980759401841,1644.2789668744704,67.71514475029502,831.8423513301036,67.67837359194749,261.5075990046959,67.48778412475649
-1.6623060990028473,0.8227980759401841,1290.2929504355209,67.23171854828624,652.2191815697201,67.16887631775492,204.92863519534026,66.8336537631092
-1.4771647895120215,0.8227980759401841,1010.2665735974982,66.60357649949373,511.13273353193995,66.50222280686874,160.57340917068896,65.90148480191623
-1.3126438125222553,0.8227980759401841,790.987433325303,65.79183791619388,400.01719920844715,65.61997083765257,125.62963450233326,64.50418942146307
-1.166446554092426,0.8227980759401841,618.5153990726135,64.73361005213474,312.75939273678165,64.44271097341792,98.24101487642814,62.283460504084545
-1.0365321883776653,0.8227980759401841,483.20167209764384,63.34939837241376,244.2564298083868,62.85116771328423,76.68876791158164,58.5219721603366
-0.9210871889273549,0.8227980759401841,376.9138293944317,61.524342490966006,190.5847723311032,60.669929875317735,59.85887949470104,52.49775708524362
-0.8185000129460304,0.8227980759401841,293.6333203060351,59.10644352703616,148.46776714482698,57.62478794679117,46.60235128453379,44.49421751923434
-0.7273386051246984,0.8227980759401841,228.53789092838883,55.89285072817973,115.56309045924276,53.34869970374836,36.286928409507155,35.85222393343899
-0.6463304070095649,0.8227980759401841,177.76441981453735,51.62817923681561,89.87730646835375,47.44891770368033,28.209535235911403,27.590082347392496
-0.5743445928509872,0.8227980759401841,138.282439060726,46.05353926998531,69.89358836149997,39.88928630789551,21.93094729507106,20.355383260901277
-0.5103762839557767,0.8227980759401841,107.57077798901233,39.027265751714275,54.36284820238084,31.322234591900084,17.068184022360555,14.389342552406138
-0.4535325211846986,0.8227980759401841,83.80603094190612,30.844724668631905,42.340587050907665,22.841480862132492,13.294480932770218,9.675472337341276
-0.40301979977966995,0.8227980759401841,65.5122901860216,22.338269539213577,33.089729368417885,15.383355951025436,10.373159868281391,6.111479495023307
-0.35813299251433084,0.8227980759401841,51.43917972273861,14.518559556084627,25.981400441212234,9.420130617150404,8.144859664672609,3.5731999758826043
-0.3182455065418344,0.8227980759401841,40.78813103731656,8.265745998739195,20.597554120207885,5.1163563044758575,6.455524085539861,1.8727708848435694
-0.2828005365353655,0.8227980759401841,32.790514736964134,3.900977913848234,16.546429678406938,2.3209762681382737,5.19212958484542,0.8313152521010726
-0.2513032920204875,0.8227980759401841,26.765558019933525,1.2985195391168016,13.502693504853863,0.746338637695304,4.23971758528134,0.2634776991792298
-0.22331409039755062,0.8227980759401841,22.39354439735954,0.17362194231347783,11.29565054034826,0.09470108741334536,3.525421388287478,0.02938827255705975
-0.19844221923690444,0.8227980759401841,19.2231791971474,0.035817298502965514,9.680474627888145,0.024073918530494266,3.042556385466381,0.007754198560099669
-0.17634048216824733,0.8227980759401841,16.98884167274613,0.4479216151801645,8.56557174558054,0.2603681504094755,2.674433670573934,0.09361166941643813
-0.15670035222800524,0.8227980759401841,15.49705792369621,1.039744477122655,7.809294961318915,0.5952940532031975,2.4516074462500645,0.20095765641891392
-0.13924766500838334,0.8227980759401841,14.538366375568621,1.586740675922973,7.3250184258418445,0.9006658014020751,2.291083976481785,0.3097626757224473
-0.12373879148704055,0.8227980759401841,13.996115684098422,1.9631141434548172,7.059405295943387,1.1028050832085194,2.208619609240015,0.3773450971700445
-0.10995723711238882,0.8227980759401841,13.764314788923867,2.1401570745894447,6.943830450278861,1.1990971404486,2.1770891434097828,0.4054593775257004
-0.09771061966979347,0.8227980759401841,13.745710113504202,2.1548041548536045,6.930430727472913,1.2106013883338205,2.16849913877535,0.4133450708524308
-0.0868279837415025,0.8227980759401841,13.875434588955159,2.054036785430964,6.994784087002402,1.1560008620138629,2.1891728500125756,0.39453152420574045
-0.07715741427178036,0.8227980759401841,14.111540082278555,1.8786456979337496,7.11747356331178,1.056372570503989,2.232677703711086,0.35675476649094323
-0.06856391592404971,0.8227980759401841,14.420755661545481,1.6640322640679606,7.278597393287563,0.9341315301613555,2.2847977662272374,0.314621275200761
-0.06092752862714207,0.8227980759401841,14.774596860058978,1.4384704793156167,7.461061523062308,0.8069568911413068,2.3393698139477808,0.27399386678011844
-0.0541416530048151,0.8227980759401841,15.15038093555336,1.2210988173846922,7.652772628131827,0.6855670120802618,2.3963522343882966,0.23520082709992907
-0.04811156231253989,0.8227980759401841,15.53168611290127,1.0226030373252504,7.846053596415518,0.575204669350754,2.4558229143422006,0.19847715693537601
-0.04275308010908995,0.8227980759401841,15.907414159027754,0.8475600798718264,8.036109676359224,0.4778415379461807,2.5163036526507194,0.16488023306515415
-0.0379914052040221,0.8227980759401841,16.270359924769462,0.6968050882871876,8.219815085654004,0.3937181801960429,2.575735981574686,0.13537227658554335
-0.03376006747802295,0.8227980759401841,16.615975669714945,0.5691397743459121,8.395050257488952,0.32218395888138174,2.6324810769265956,0.11029138589640758
-0.03,0.8227980759401841,16.941513584409638,0.46238788266930936,8.560397594461245,0.26213403391375273,2.6856172823401363,0.08942505218525255
0.03,0.8227980759401841,24.484655464883122,0.603381297474751,12.393135330350217,0.35277021376496065,3.8897260077419804,0.12337614924338539
0.03376006747802295,0.8227980759401841,25.10148649793242,0.7705085908239114,12.706585641838268,0.4516695223594669,3.9890884505786457,0.15860351955280913
0.0379914052040221,0.8227980759401841,25.815877417504748,0.984108204536638,13.068937239725786,0.5783863525600439,4.10416119011011,0.20401369208407602
0.04275308010908995,0.8227980759401841,26.645028598911978,1.2568032822687532,13.488433881366891,0.740549295583961,4.237114153544703,0.2622774118137319
0.04811156231253989,0.8227980759401841,27.609111240816002,1.6042308007150392,13.974876892328677,0.9477604589167944,4.390270981809064,0.33658490938274965
0.0541416530048151,0.8227980759401841,28.731626185230205,2.0454517122965514,14.540204360191979,1.2121671250340444,4.5667610331513036,0.4310477474457446
0.06092752862714207,0.8227980759401841,30.04002612397879,2.6033539185946037,15.199393084137268,1.5493034724924826,4.77191825760741,0.5517556087499795
0.06856391592404971,0.8227980759401841,31.567093421409172,3.3052357827850045,15.971460218429385,1.9791429580742679,5.014399517154134,0.7081276019419448
0.07715741427178036,0.8227980759401841,33.353583921335236,4.183852772659825,16.879672409214606,2.5267723693168316,5.303975753193254,0.9122728268238495
0.0868279837415025,0.8227980759401841,35.451557613281146,5.2786480427375135,17.949654999872887,3.2214293259338445,5.644755218833643,1.173893686965398
0.09771061966979347,0.8227980759401841,37.925022147226414,6.634976573893492,19.206220869071895,4.0936587400139395,6.034965631160484,1.498096350663033
0.10995723711238882,0.8227980759401841,40.843223938226835,8.297586250483638,20.67604190536417,5.175551680794729,6.488983334830782,1.9035872420164863
0.12373879148704055,0.8227980759401841,44.271999190678144,10.300507321044336,22.403249939875238,6.51137516734023,7.04282625617583,2.4327097179273274
0.13924766500838334,0.8227980759401841,48.288063824106956,12.669156961935657,24.453900577446337,8.161183162863688,7.690103751697345,3.090358437025368
0.15670035222800524,0.8227980759401841,53.013107742905355,15.433824062133493,26.8647385315243,10.155865545349833,8.425895640614126,3.8788963193820525
0.17634048216824733,0.8227980759401841,58.571604031357914,18.59572481142944,29.637407686026425,12.4841861427621,9.324045729423801,4.887000247348086
0.19844221923690444,0.8227980759401841,65.02038781629447,22.081680459293786,32.89511271877256,15.220740877703998,10.32890368697421,6.0590084969873725
0.22331409039755062,0.8227980759401841,72.5333544795861,25.84459226991362,36.7278737889843,18.389075593651558,11.546153736816022,7.522391204400346
0.2513032920204875,0.8227980759401841,81.33093619264268,29.813190322791716,41.14537089954044,21.91608766113317,12.916674129184294,9.20673767451223
0.2828005365353655,0.8227980759401841,91.6128888109697,33.863547232436666,46.36481189885318,25.853912189328817,14.55381229507445,11.245762352902934
0.3182455065418344,0.8227980759401841,103.74772963640557,37.90273301337015,52.47699121768815,30.097659386260695,16.497835315106226,13.677378021476748
0.35813299251433084,0.8227980759401841,118.26608062402849,41.84571785355983,59.824179897228625,34.639698063268156,18.806748265845346,16.54787305969968
0.40301979977966995,0.8227980759401841,135.90224496156168,45.61449905660593,68.77947228788,39.361361183549064,21.601311827721528,19.95908621100779
0.4535325211846986,0.8227980759401841,157.6249210786575,49.137227289362016,79.77173976500234,44.04709921309698,25.05840868564285,24.038332020764017
0.5103762839557767,0.8227980759401841,184.7733642649065,52.36373636535063,93.47101277205273,48.484322665379054,29.343296971603667,28.825088317683246
0.5743445928509872,0.8227980759401841,218.8519035809742,55.2399378189559,110.73810358499395,52.469482330025514,34.73660950793508,34.36573305492098
0.6463304070095649,0.8227980759401841,261.93721952678425,57.753554510109296,132.4994485289423,55.8592547131174,41.59519388613236,40.57152090471547
0.7273386051246984,0.8227980759401841,316.5025790516256,59.904847515241265,160.07758207322507,58.65236660964456,50.243709981178505,47.0284093033507
0.8185000129460304,0.8227980759401841,385.7804230998086,61.71714201700202,195.14293300198477,60.90916002038516,61.221106094533134,53.13886016892785
0.9210871889273549,0.8227980759401841,473.5738775342915,63.21934622356562,239.5108704101386,62.70273105791047,75.17975818179627,58.12703983198965
1.0365321883776653,0.8227980759401841,584.9284856125126,64.45207349735848,295.88167168377817,64.12623537724816,92.81894911245425,61.58895208849215
1.166446554092426,0.8227980759401841,726.1296370006265,65.45474771970201,367.30225797455904,65.24973096580105,115.24537252951822,63.845616344971994
1.3126438125222553,0.8227980759401841,905.3593146509899,66.26556239327508,457.93289916007893,66.13688498479938,143.70755844294726,65.34235478215741
1.4771647895120215,0.8227980759401841,1132.7011896098181,66.91723194526722,572.861287812917,66.83649246323102,179.70692197493096,66.37490135853447
1.6623060990028473,0.8227980759401841,1420.335561135136,67.43778921155203,718.4190905438774,67.38756723634003,225.41897908934476,67.11586388094894
1.8706522023821734,0.8227980759401841,1785.6930980043462,67.85396864597519,903.1375743157681,67.82251597523626,283.3326212751037,67.6599507994074
2.1051114860111477,0.8227980759401841,2248.2932324606013,68.18478014153501,1137.011395324267,68.16505642753373,356.8248916774206,68.06745101150533
2.368956860549917,0.8227980759401841,2834.8256095385154,68.44766105803299,1433.8320435648,68.43549343139493,449.94252723275486,68.37616855000084
2.6658714488230206,0.8227980759401841,3579.559977402733,68.65646546119768,1809.987855567299,68.6486658039201,568.1866922693519,68.61276490060638
3.0,0.8227980759401841,4521.83409978633,68.82155895056513,2287.176659077597,68.81687365773881,717.9858633591856,68.79492250923585
-3.0,0.8726646259971651,4373.163588898875,68.80026420845897,2211.762367591015,68.79518484502574,694.6831064783826,68.77201514142835
-2.6658714488230206,0.8726646259971651,3438.4199702387205,68.62388939482747,1737.8995203069128,68.61508419852245,546.3941365069203,68.57738077601684
-2.368956860549917,0.8726646259971651,2699.542781963929,68.39725468276231,1366.8535153520363,68.38495733898827,428.72115475092164,68.31866752994708
-2.1051114860111477,0.8726646259971651,2121.041362895465,68.10833274210388,1073.0251339207664,68.08659836662272,336.9367398844337,67.97680304368278
-1.8706522023821734,0.8726646259971651,1662.811710664246,67.73470207631054,841.21987331909,67.69877908383967,264.4600006140062,67.51300023246759
-1.6623060990028473,0.8726646259971651,1304.7288892888103,67.25665857633322,659.5132230164367,67.19522508298459,207.2231226001543,66.86863293380073
-1.4771647895120215,0.8726646259971651,1021.4465945415799,66.63540999052313,516.7907856730614,66.53638669873504,162.35334381945617,65.95165552697065
-1.3126438125222553,0.8726646259971651,799.6326605039886,65.83251976069054,404.38688223622626,65.66453699502156,127.00411788057775,64.57986940319478
-1.166446554092426,0.8726646259971651,625.1652181378004,64.78563285728308,316.1209096913782,64.50130647287463,99.29886693507906,62.40527104253481
-1.0365321883776653,0.8726646259971651,488.2942679976063,63.416022259964166,246.8280414973439,62.92891958781621,77.49746021881664,58.72423915853066
-0.9210871889273549,0.8726646259971651,380.7860914325273,61.60970687162091,192.5413088408391,60.774220617703094,60.474704452949545,52.79143879551521
-0.8185000129460304,0.8726646259971651,296.553640806059,59.21568122888004,149.94356653042348,57.765816996219215,47.06601806720195,44.831658578985525
-0.7273386051246984,0.8726646259971651,230.72209649423002,56.03206055581163,116.66701286646422,53.53821025321731,36.63390727885228,36.178271332818966
-0.6463304070095649,0.8726646259971651,179.3797188091818,51.80300577264614,90.69337630014029,47.69138078336811,28.465940280354815,27.8714352294244
-0.5743445928509872,0.8726646259971651,139.46272573086588,46.26586756360569,70.48936048754736,40.16643490203206,22.118137435183865,20.579788486205462
-0.5103762839557767,0.8726646259971651,108.41797351880459,39.267662723354846,54.790292737842066,31.594152547494666,17.20257507303101,14.556886392385787
-0.4535325211846986,0.8726646259971651,84.40116116239422,31.087300426280006,42.64055927784883,23.07161523823798,13.388943460889797,9.792884127139637
-0.40301979977966995,0.8726646259971651,65.91883481758154,22.549283020839937,33.29436878681299,15.554186734374952,10.437352906200415,6.187699981368289
-0.35813299251433084,0.8726646259971651,51.70503142176617,14.673638066023678,26.115083755335903,9.53117571259326,8.186825476370492,3.6185137625728414
-0.3182455065418344,0.8726646259971651,40.95225970060549,8.360643469804979,20.679886343933553,5.178454902943228,6.4813259539907735,1.8965223306220877
-0.2828005365353655,0.8726646259971651,32.88180886047984,3.9464907958437676,16.59194053078766,2.3487618754332047,5.206462872591989,0.8415459933982739
-0.2513032920204875,0.8726646259971651,26.804913794715734,1.312250665630974,13.521984368658416,0.7541988067918607,4.245821234740715,0.26630045633477223
-0.22331409039755062,0.8726646259971651,22.397814622150346,0.17425997352091416,11.297333891352814,0.09498141564034113,3.525740849136827,0.02944426118216836
-0.19844221923690444,0.8726646259971651,19.20401896593079,0.03731378130269695,9.670188527605989,0.025055269406732174,3.0394010586564537,0.008072134791773463
-0.17634048216824733,0.8726646259971651,16.95468691252359,0.4583348897032173,8.547917576166833,0.26642123963014064,2.6687575119640123,0.09577800546186796
-0.15670035222800524,0.8726646259971651,15.45429165618666,1.0611546865298465,7.787308314154725,0.6075096633415374,2.444725376549503,0.20504690996988478
-0.13924766500838334,0.8726646259971651,14.491132340227866,1.6175004888490336,7.300800821877798,0.918028616617018,2.283421069650811,0.31569163516967774
-0.12373879148704055,0.8726646259971651,13.947397969866264,1.9994950479271336,7.034548185806974,1.1230757914701173,2.2007585644452496,0.38423343460605686
-0.10995723711238882,0.8726646259971651,13.716133065096212,2.1782253776627494,6.919283252530691,1.220226615464841,2.1693718464066416,0.41253943992509834
-0.09771061966979347,0.8726646259971651,13.699251375961884,2.1916685195428034,6.9067337310647385,1.2311220314496831,2.161012377577759,0.42029822183095417
-0.0868279837415025,0.8726646259971651,13.831385752990307,2.0878977336331364,6.972305173038703,1.1748871185076881,2.1820718735436695,0.4009299820018652
-0.07715741427178036,0.8726646259971651,14.070309313856002,1.908541667939486,7.0964557433304165,1.0730307229420146,2.2260753559928106,0.36233234469349435
-0.06856391592404971,0.8726646259971651,14.38255307333229,1.689645275039754,7.259156271815074,0.9483766892816248,2.278703068363322,0.3193770806288933
-0.06092752862714207,0.8726646259971651,14.73947473286042,1.4599350606305113,7.443211008346838,0.8188873624764608,2.3337554695818707,0.278013809326306
-0.0541416530048151,0.8726646259971651,15.118277135231638,1.2388081176839396,7.636465000679776,0.6954216467383143,2.3912003183859896,0.23856041649990925
-0.04811156231253989,0.8726646259971651,15.502467075883807,1.0370554233155826,7.831210934309937,0.5832664785595215,2.4511232629643094,0.20124374267839054
-0.04275308010908995,0.8726646259971651,15.880908115165322,0.8592636494689251,8.022641429652143,0.4843890727726632,2.5120414104061632,0.1671279523418938
-0.0379914052040221,0.8726646259971651,16.246378407795742,0.7062293262838301,8.20762621352132,0.39900545985231345,2.5718871398296486,0.13718122567015661
-0.03376006747802295,0.8726646259971651,16.594326058206647,0.5766964348903661,8.384044916725873,0.3264338345916248,2.629014967214251,0.11173930353555105
-0.03,0.8726646259971651,16.92200610227961,0.46842726858929834,8.550481189664824,0.2655373486766041,2.682500770029406,0.09058087657936872
0.03,0.8726646259971651,24.509032221143162,0.6096658359327813,12.40551609404533,0.35647971069050616,3.8936187533383526,0.1246841130473618
0.03376006747802295,0.8726646259971651,25.129375779960462,0.7784541362301444,12.720750580961283,0.4563789034732992,3.9935460710339576,0.16027212863231638
0.0379914052040221,0.8726646259971651,25.847871391058995,0.9941510936186113,13.085184675660436,0.5843656744142189,4.109278757028535,0.20614375216175918
0.04275308010908995,0.8726646259971651,26.681848476451215,1.26949293313902,13.507126280362115,0.7481419336795357,4.2430050044195715,0.26499651429216975
0.04811156231253989,0.8726646259971651,27.651645259051737,1.6202580993892841,13.996460723636206,0.9574043557578653,4.397071753118389,0.3400542820174242
0.0541416530048151,0.8726646259971651,28.780982951727378,2.0656847740281594,14.565239061515845,1.2244243549883345,4.574641685876026,0.4354743985686834
0.06092752862714207,0.8726646259971651,30.09761226592656,2.628884904145144,15.228593841387628,1.5649026541541107,4.781100987264213,0.5574158824753749
0.06856391592404971,0.8726646259971651,31.634730026718703,3.337445594931989,16.005760558952467,1.9990400773209394,5.025186792599572,0.7154055181870627
0.07715741427178036,0.8726646259971651,33.43368244147498,4.224503241515603,16.92031313734239,2.552234341632829,5.316776958165327,0.9217006601219798
0.0868279837415025,0.8726646259971651,35.547378942540014,5.330007880018316,17.99830632795743,3.254141162183865,5.6600977387087665,1.186168329794259
0.09771061966979347,0.8726646259971651,38.041039858824135,6.699971403992119,19.2651497653306,4.13585810456722,6.053521046679904,1.5141042667513804
0.10995723711238882,0.8726646259971651,40.985615852081736,8.379944713450616,20.748359176553233,5.230221980141663,6.511713661881404,1.9246018291138185
0.12373879148704055,0.8726646259971651,44.449331889002565,10.404890961737248,22.49331201918808,6.582563908784279,7.071204598288242,2.460717666365887
0.13924766500838334,0.8726646259971651,48.51229385023812,12.801280519333867,24.567895131813675,8.254408658895604,7.726039542558697,3.127938062702905
0.15670035222800524,0.8726646259971651,53.300893254320776,15.600379512486676,27.01116363735264,10.278228470310133,8.471886778986207,3.92940853001066
0.17634048216824733,0.8726646259971651,58.94542031638573,18.803617329386125,29.827275253261533,12.644057880782006,9.383947442684166,4.955701122907058
0.19844221923690444,0.8726646259971651,65.50894520109807,22.3365293986633,33.14313912765443,15.42795788383822,10.406917139550222,6.151545284004255
0.22331409039755062,0.8726646259971651,73.17207470186436,26.148739700229843,37.0524535730004,18.653366212190306,11.648456060057553,7.647010289524431
0.2513032920204875,0.8726646259971651,82.16010689629753,30.162855196109223,41.565958288171934,22.243243957572997,13.048891704227325,9.37060992685333
0.2828005365353655,0.8726646259971651,92.6731252989553,34.24701116381493,46.90256529298129,26.24374586518985,14.722793094567445,11.45704392465605
0.3182455065418344,0.8726646259971651,105.07502257312225,38.30065196109207,53.149063948303485,30.53871644000118,16.70969003806472,13.941992621236599
0.35813299251433084,0.8726646259971651,119.88945273905901,42.23501866707594,60.64564947630774,35.10944276899275,19.065749487471713,16.867442126282555
0.40301979977966995,0.8726646259971651,137.8441185592944,45.973789407835916,69.7629173303502,39.828020791567,21.910684242829024,20.33106367240012
0.4535325211846986,0.8726646259971651,159.9071021418858,49.451795211631904,80.92729531369993,44.476404117285725,25.422086592251908,24.456826362081955
0.5103762839557767,0.8726646259971651,187.4296806860579,52.62752261554851,94.81408300536155,48.85053257745511,29.765198452521517,29.27862054066737
0.5743445928509872,0.8726646259971651,221.93031154056544,55.45399805322966,112.29598496448595,52.7627723847184,35.22472809925812,34.838972501771586
0.6463304070095649,0.8726646259971651,265.5158877070351,57.92352127488749,134.30878623584408,56.08419752792822,42.16388304307846,41.04286157818144
0.7273386051246984,0.8726646259971651,320.6917857259999,60.03804150531249,162.1945761333021,58.82123350696898,50.90887826777973,47.46293374290185
0.8185000129460304,0.8726646259971651,390.73706245619314,61.82090744941798,197.6497685080126,61.03531093992383,62.006946704525944,53.4946962323193
0.9210871889273549,0.8726646259971651,479.4942981171733,63.299965772858975,242.5027885990989,62.79707929481591,76.11966175911357,58.37575632378061
1.0365321883776653,0.8726646259971651,592.0734520486301,64.51474239774892,299.4963067703867,64.19733122596276,93.95129567451814,61.74450008118987
1.166446554092426,0.8726646259971651,734.8352658125661,65.50356121327525,371.7050200632631,65.3036742608827,116.62688731264777,63.94322404125849
1.3126438125222553,0.8726646259971651,916.0558663360881,66.30366305764284,463.3415198406304,66.1781170724692,145.40449697544108,65.40654965008045
1.4771647895120215,0.8726646259971651,1145.9376043536638,66.94704319587558,579.5493921418563,66.86820557205216,181.80317373282952,66.41913349006097
1.6623060990028473,0.8726646259971651,1436.7774560407147,67.46114290836286,726.7305316709794,67.41208972413992,228.02383032931493,67.14740530897468
1.8706522023821734,0.8726646259971651,1806.2280691038336,67.87229580798105,913.5116487193411,67.84155210623152,286.58424848567245,67.68303250636478
2.1051114860111477,0.8726646259971651,2274.0343749501244,68.19919278214378,1150.0195584578137,68.17991055849033,360.89934199220164,68.08465406170177
2.368956860549917,0.8726646259971651,2867.137926988691,68.45899088214324,1450.1577729238663,68.44708902721815,455.05456417581127,68.3891515378266
2.6658714488230206,0.8726646259971651,3620.2297852468178,68.66537773107754,1830.548723461263,68.65775112280309,574.631689937163,68.62268226930301
3.0,0.8726646259971651,4573.146568853377,68.82858554203312,2313.1093115643334,68.82400076088145,726.104101452546,68.80254051611195
-3.0,0.9225311760541457,4400.875684748329,68.8043432402589,2225.78484142209,68.79933037974891,699.091017805902,68.77647142841467
-2.6658714488230206,0.9225311760541457,3460.0511301372203,68.62905567400225,1748.8202421069163,68.62035250666703,549.8388692148286,68.58317312306421
-2.368956860549917,0.9225311760541457,2716.339584772715,68.40378861517448,1375.3714768957368,68.39166343216843,431.3954905993334,68.3262529928826
-2.1051114860111477,0.9225311760541457,2134.100816343743,68.1166028794899,1079.6334027201824,68.09514400465002,339.01558751605,67.9868343755072
-1.8706522023821734,0.9225311760541457,1672.8835533713843,67.74514637546952,846.3171084088201,67.70967410102085,266.06733388170016,67.52645582435821
-1.6623060990028473,0.9225311760541457,1312.4945891313719,67.26984377344561,663.4347035167907,67.20914029760847,208.45836213688804,66.88707621263873
-1.4771647895120215,0.9225311760541457,1027.3745435809597,66.65200139684299,519.7920645601241,66.55418875282881,163.2989145663554,65.97772954518733
-1.3126438125222553,0.9225311760541457,804.1412810897049,65.85337883261634,406.66474505594005,65.68735975401162,127.72185009528216,64.61846763843357
-1.166446554092426,0.9225311760541457,628.5600250169895,64.81175124805148,317.8357175823975,64.53067305641612,99.83955416036122,62.4659791814783
-1.0365321883776653,0.9225311760541457,490.82616627739657,63.44860824945915,248.10479619981953,62.966847734515426,77.8995213432141,58.8224559508229
-0.9210871889273549,0.9225311760541457,382.6463950399792,61.650070053228944,193.4802297681227,60.82340356955738,60.77086806232346,52.93040298972386
-0.8185000129460304,0.9225311760541457,297.89536784079235,59.26510811661106,150.62074704629404,57.82944282380818,47.2789333112435,44.985158771738305
-0.7273386051246984,0.9225311760541457,231.66875172599129,56.091530460941804,117.14490082472881,53.61897812976405,36.78436147908385,36.31889055303573
-0.6463304070095649,0.9225311760541457,180.02749459477775,51.872199417610595,91.01996256632424,47.7871801619292,28.568648082302584,27.983802191828875
-0.5743445928509872,0.9225311760541457,139.888096346515,46.34153600538399,70.70323807874924,40.26506060137549,22.185372296779384,20.660275180463223
-0.5103762839557767,0.9225311760541457,108.67819949561041,39.3408792912769,54.92080956041708,31.676764541230902,17.243743244245298,14.608191518147628
-0.4535325211846986,0.9225311760541457,84.54187399500186,31.14434851117996,42.71065543655801,23.125267101772117,13.411174789097304,9.820527779094828
-0.40301979977966995,0.9225311760541457,65.97541739356247,22.57857593943004,33.321986949950904,15.577229156950196,10.445934387554315,6.197899226568693
-0.35813299251433084,0.9225311760541457,51.703230723198544,14.672588286731774,26.113386937864924,9.52976550751419,8.186245740962677,3.617886954928449
-0.3182455065418344,0.9225311760541457,40.913245032551444,8.338074373264968,20.659486000796274,5.163053070950282,6.47485369649072,1.8905565607585024
-0.2828005365353655,0.9225311760541457,32.820584201117086,3.9159530817709154,16.560311100731962,2.3294403217056323,5.196562169773463,0.834474524400156
-0.2513032920204875,0.9225311760541457,26.731216929029557,1.2865820190461035,13.484130747648466,0.7388057274530151,4.233980171204473,0.2608354780619835
-0.22331409039755062,0.9225311760541457,22.31970271822868,0.16275779551465538,11.257370322519645,0.08842971871735605,3.512995292215773,0.027249181326158962
-0.19844221923690444,0.9225311760541457,19.126129298791277,0.04372673390675074,9.630251431185936,0.029059508803763765,3.026925212706612,0.009394246566163679
-0.17634048216824733,0.9225311760541457,16.87998188021967,0.4815906675157579,8.509793815459226,0.27976325244500355,2.6566669673847416,0.1004861617546753
-0.15670035222800524,0.9225311760541457,15.384767357488299,1.0965318067590617,7.751830467105765,0.627538425029475,2.4336026689006967,0.2117605242482477
-0.13924766500838334,0.9225311760541457,14.427535482785444,1.6595128427401653,7.268355241527522,0.9416192998708418,2.273180414957094,0.3237251687642699
-0.12373879148704055,0.9225311760541457,13.89003945451996,2.042889847379336,7.005356870871971,1.1471863651901364,2.191545621548076,0.39240822287642
-0.10995723711238882,0.9225311760541457,13.664944828075285,2.219156032994609,6.893248018024533,1.2429008766928926,2.161187516904946,0.420134707362153
-0.09771061966979347,0.9225311760541457,13.653831313680026,2.2281091943468154,6.8836030981443574,1.2513700981646254,2.1537119811991183,0.4271507914617212
-0.0868279837415025,0.9225311760541457,13.791211856741086,2.1190977315179413,6.951832166787499,1.1922613934451116,2.175610171159986,0.4068101064532027
-0.07715741427178036,0.9225311760541457,14.034862568157987,1.9344893285276679,7.078405066389043,1.0874710666052858,2.2204045101794367,0.36716698731544306
-0.06856391592404971,0.9225311760541457,14.351337563272311,1.7107601513413173,7.243282069750977,0.9601096308398828,2.273724355541689,0.32329527695635424
-0.06092752862714207,0.9225311760541457,14.712015963409934,1.4768560529956098,7.429262268726553,0.8282860900949318,2.329367695728043,0.2811806905184162
-0.0541416530048151,0.9225311760541457,15.09412884902902,1.2522332505751554,7.624203262567539,0.7028881889694083,2.3873275569963965,0.2411049399111033
-0.04811156231253989,0.9225311760541457,15.481221431164975,1.0476417088883967,7.820422196856931,0.5891688761570667,2.4477086313176923,0.20326823908486902
-0.04275308010908995,0.9225311760541457,15.862201690815885,0.8675813308845846,8.013139204933502,0.4890403645483017,2.509035328231197,0.16872400613507368
-0.0379914052040221,0.9225311760541457,16.229892627269027,0.7127512730536875,8.199249471154612,0.40266301861730036,2.5692424652944323,0.1384322893671912
-0.03376006747802295,0.9225311760541457,16.579783927126662,0.5818048368528187,8.376654484125638,0.32930576685324164,2.6266872461284607,0.11271773375719697
-0.03,0.9225311760541457,16.90916741580331,0.472426575240753,8.543956323821776,0.2677902956191835,2.6804496790752124,0.09134613453210819
0.03,0.9225311760541457,24.521254977088997,0.6128271146707691,12.411724251891869,0.3583459985856166,3.8955719362719545,0.12534263770292833
0.03376006747802295,0.9225311760541457,25.143209098514486,0.7824073619400922,12.727777105201598,0.45872253026169085,3.995758270282529,0.16110297478256022
0.0379914052040221,0.9225311760541457,25.86356936798851,0.9990931861603145,13.093158159780733,0.5873091559300165,4.1117907742322535,0.20719268788561004
0.04275308010908995,0.9225311760541457,26.699727056772666,1.275671814942316,13.516206778864028,0.7518413041240919,4.245866786789555,0.26632156874133495
0.04811156231253989,0.9225311760541457,27.672106912432746,1.62798849561131,14.006852747566816,0.962060821710411,4.400346200599151,0.34172973298259013
0.0541416530048151,0.9225311760541457,28.804554609908653,2.07537121508832,14.577211465372507,1.2303019956696937,4.578411442799885,0.4375980313878463
0.06092752862714207,0.9225311760541457,30.12500457116454,2.641056666296696,15.242510273241072,1.5723558850629042,4.785479951605045,0.5601226001866904
0.06856391592404971,0.9225311760541457,31.666930086131085,3.3528111173097255,16.022126108110545,2.008556330718665,5.030337366289566,0.7188897724146911
0.07715741427178036,0.9225311760541457,33.47209696682575,4.244034058340662,16.939846086745487,2.5644995080879953,5.3229321357195145,0.9262454473488061
0.0868279837415025,0.9225311760541457,35.59404950392039,5.355061712167364,18.022048380854905,3.2701378736613727,5.667587094880427,1.1921748748261871
0.09771061966979347,0.9225311760541457,38.09896002933411,6.732459079737765,19.294631066854947,4.157009925356041,6.062811671478975,1.5221384409026724
0.10995723711238882,0.9225311760541457,41.059199649356664,8.422540966951422,20.78583551883407,5.258601271223944,6.523506162621294,1.9355293898794992
0.12373879148704055,0.9225311760541457,44.5451110210324,10.461288903023442,22.542112336895592,6.6211933935735505,7.086592889379909,2.4759390524303324
0.13924766500838334,0.9225311760541457,48.63990640468916,12.876448792347544,24.632953091796757,8.307672675468464,7.746569825429432,3.149453860638732
0.15670035222800524,0.9225311760541457,53.47430694295824,15.700613530284784,27.099625963656404,10.352201738925919,8.49969964928155,3.960019112665316
0.17634048216824733,0.9225311760541457,59.1841509404065,18.93603433700843,29.948853277683543,12.746428019976399,9.42234311569095,4.999822751692441
0.19844221923690444,0.9225311760541457,65.8388858155282,22.507861634589638,33.31099428497645,15.568058116730363,10.45975581370024,6.214331101468982
0.22331409039755062,0.9225311760541457,73.6257947775974,26.363269481095127,37.28346834321964,18.841021525215428,11.721341895057325,7.735923914616489
0.2513032920204875,0.9225311760541457,82.77499409969535,30.419485328520985,41.878310401341444,22.485149049429168,13.147131272250295,9.492488611852082
0.2828005365353655,0.9225311760541457,93.48673369352429,34.537128059936975,47.31572024600846,26.541146021029306,14.852675116466695,11.619488509921908
0.3182455065418344,0.9225311760541457,106.1185175798523,38.60784363253924,53.67778704978234,30.882082425270674,16.87653321932508,14.150260826694037
0.35813299251433084,0.9225311760541457,121.18325477569888,42.538580605909765,61.300615091533416,35.47855703463962,19.27248005462897,17.122076560421068
0.40301979977966995,0.9225311760541457,139.3958206568267,46.2539250396021,70.54914887696609,40.19405126466911,22.15816414654449,20.62771173929392
0.4535325211846986,0.9225311760541457,161.71561628431795,49.694664746501125,81.84330633977956,44.80887558976416,25.710605548020176,24.787290319702112
0.5103762839557767,0.9225311760541457,189.49698767846385,52.82746679536493,95.85913368140102,49.128057129197316,30.093574230464085,29.62931493915996
0.5743445928509872,0.9225311760541457,224.2630715976159,55.61206396234503,113.47663638094568,52.97895734082955,35.59438663925666,35.19417768945746
0.6463304070095649,0.9225311760541457,268.1411870472583,58.04514449299439,135.63572241726632,56.2447006207848,42.58122583312707,41.384541318664446
0.7273386051246984,0.9225311760541457,323.65702131722975,60.130113193409954,163.69223763029208,58.93761137708318,51.37974006652464,47.76529923019015
0.8185000129460304,0.9225311760541457,394.12234019874813,61.89019809648463,199.36171467366202,61.1193617284044,62.54325512222396,53.73177989892379
0.9210871889273549,0.9225311760541457,483.39980778800395,63.352017919987986,244.47525552770983,62.85785565378786,76.73967612086656,58.53489403142565
1.0365321883776653,0.9225311760541457,596.6401550514047,64.55398106728396,301.8069284825979,64.24179331987158,94.67424274327027,61.84075116912482
1.166446554092426,0.9225311760541457,740.2492901336758,65.5333210828991,374.44271814852755,65.33652363735233,117.48595329643685,64.00221751085155
1.3126438125222553,0.9225311760541457,922.5571700666256,66.32637768895441,466.6279272381914,66.20267259298458,146.4353582597696,65.44456634630981
1.4771647895120215,0.9225311760541457,1153.83487997016,66.96449703862089,583.5362767447122,66.88674605225192,183.05172636082355,66.44487344790576
1.6623060990028473,0.9225311760541457,1446.4319799439597,67.47460444804545,731.6081382355381,67.42621050975578,229.55075997015763,67.16549823620524
1.8706522023821734,0.9225311760541457,1818.14016993484,67.88273492636164,919.5228141373755,67.8523793382363,288.46670995794454,67.6961233451588
2.1051114860111477,0.9225311760541457,2288.8330989704814,68.20733036884192,1157.4926284113815,68.18828915913625,363.2355492831357,68.09432499782818
2.368956860549917,0.9225311760541457,2885.56259929715,68.46533666147144,1459.4569137422309,68.45357551298937,457.9599843533296,68.39639052552893
2.6658714488230206,0.9225311760541457,3643.2751962255247,68.67033892783027,1842.1981931049772,68.66280724817,578.2780935385808,68.62818909233067
3.0,0.9225311760541457,4602.118724218292,68.83248333136956,2327.739958412696,68.8279507468218,730.6712227728789,68.8067481477009
-3.0,0.9723977261111267,4406.36067829558,68.8051444776322,2228.566399463538,68.80014642165878,699.9691437615655,68.77735214122538
-2.6658714488230206,0.9723977261111267,3464.154178509424,68.63002829462536,1750.8800796847727,68.6213387071734,550.4990712507249,68.58427442347292
-2.368956860549917,0.9723977261111267,2719.3244420782157,68.40494119826676,1376.8976794894795,68.39285603608577,431.87707194011057,68.32760808070768
-2.1051114860111477,0.9723977261111267,2136.266918702334,68.11796471566169,1080.7310997063719,68.09655311065626,339.3644828950693,67.98850448771451
-1.8706522023821734,0.9723977261111267,1674.3756667225514,67.74668282657208,847.0739350996371,67.71128018624611,266.3107028839137,67.52847676551177
-1.6623060990028473,0.9723977261111267,1313.495231740422,67.27153119446652,663.9356610700211,67.21090553403758,208.6192876728943,66.88945942970436
-1.4771647895120215,0.9723977261111267,1027.9747889361263,66.65367047459875,520.0983162905983,66.55599303841475,163.39810255985591,65.98044190303598
-1.3126438125222553,0.9723977261111267,804.4529284675077,65.85481177415383,406.82027135951034,65.68890799081036,127.77324437377287,64.6212078641314
-1.166446554092426,0.9723977261111267,628.651741468246,64.81245282480174,317.8794676008267,64.53141773268179,99.85542020336214,62.467745137749425
-1.0365321883776653,0.9723977261111267,490.7590841470767,63.447749420822454,248.06733266134634,62.96574107767631,77.88885918216613,58.81987112841311
-0.9210871889273549,0.9723977261111267,382.46437318500017,61.64613897091873,193.3861710694269,60.81850141743726,60.7425326542885,52.917171088170505
-0.8185000129460304,0.9723977261111267,297.63454509104133,59.25553689112747,150.48717568716447,57.81694615010385,47.23728127238731,44.955201765673
-0.7273386051246984,0.9723977261111267,231.35902742782633,56.07213009215595,116.98722193387934,53.59241266662945,36.73529662096264,36.2730834784367
-0.6463304070095649,0.9723977261111267,179.69311655175534,51.836546874555715,90.8496561894509,47.737310470924854,28.51532747151082,27.925490960695644
-0.5743445928509872,0.9723977261111267,139.54728385389544,46.28094521268087,70.52951630636173,40.18498688993314,22.130853948820654,20.595016083729007
-0.5103762839557767,0.9723977261111267,108.34290063555459,39.2464861045894,54.75006743941156,31.568652284019365,17.190326696677232,14.5416203310396
-0.4535325211846986,0.9723977261111267,84.22178380479667,31.014407044189827,42.547642938593754,23.00042361729402,13.360155079587937,9.757093398910254
-0.40301979977966995,0.9723977261111267,65.6773672524632,22.424066452410134,33.17022078936445,15.450569211502119,10.39815863204701,6.141146492265148
-0.35813299251433084,0.9723977261111267,51.43044776443023,14.513462901159006,25.974626348948306,9.414506814917253,8.14258829610234,3.570750859125354
-0.3182455065418344,0.9723977261111267,40.668780040141,8.19681772458569,20.535187918789177,5.069424897896639,6.435739469980623,1.8546153812785926
-0.2828005365353655,0.9723977261111267,32.605306939563796,3.8090777075329867,16.45076677931986,2.2629098911104983,5.162182923423685,0.8100796327967422
-0.2513032920204875,0.9723977261111267,26.543497280878416,1.2220597470040506,13.388644600309405,0.7005347826607935,4.2040406300763395,0.24722434825390138
-0.22331409039755062,0.9723977261111267,22.15864162627109,0.14017945910385549,11.175475001691572,0.0756840872184624,3.487095168355126,0.023035068285418226
-0.19844221923690444,0.9723977261111267,18.989219320563745,0.05629397769453461,9.560519057292492,0.03679784308171878,3.0050829470942317,0.011961048189989538
-0.17634048216824733,0.9723977261111267,16.764619878169956,0.5188090102518974,8.451148840114547,0.3010160475598303,2.638145993684958,0.10794811432033914
-0.15670035222800524,0.9723977261111267,15.288493440669788,1.1466999069549788,7.702867697533634,0.6558303653549956,2.4182410272576065,0.22124727823141413
-0.13924766500838334,0.9723977261111267,14.347651835728321,1.713264366600421,7.227722041702092,0.97169925899133,2.260374723802827,0.3339497940856003
-0.12373879148704055,0.9723977261111267,13.824151196406069,2.093493819173429,6.9718889294258535,1.175238711310178,2.1809990146012463,0.40190246365341564
-0.10995723711238882,0.9723977261111267,13.610874809629387,2.2629403542143818,6.8657889347377825,1.2671119319995388,2.152556259873999,0.4282422141264422
-0.09771061966979347,0.9723977261111267,13.60957562915614,2.2639993765961055,6.861103484115888,1.271273768628687,2.1466183796800924,0.43387830016131307
-0.0868279837415025,0.9723977261111267,13.755032468461334,2.1474566258158934,6.933426563369072,1.208023118422404,2.1698072006981146,0.41213792668742827
-0.07715741427178036,0.9723977261111267,14.005309559566506,1.9562972453026635,7.063377845931754,1.0995875480595607,2.2156828324910807,0.37122359588159715
-0.06856391592404971,0.9723977261111267,14.32720742500696,1.727197746478777,7.231025086661945,0.9692316621206212,2.269877347156016,0.3263433802466558
-0.06092752862714207,0.9723977261111267,14.69230724189339,1.4890771640988167,7.419259553669385,0.8350671962258842,2.3262203874855736,0.28346592247750824
-0.0541416530048151,0.9723977261111267,15.078011793895511,1.261243468265993,7.616026007958853,0.7078947701537902,2.384746157475797,0.24281012298350654
-0.04811156231253989,0.9723977261111267,15.468014950341106,1.05425532268505,7.813720894612941,0.5928531432510652,2.4455896616397914,0.2045306528781501
-0.04275308010908995,0.9723977261111267,15.851351870616009,0.8724276727381989,8.007632038141951,0.4917481776591862,2.50729462400299,0.16965230428075437
-0.0379914052040221,0.9723977261111267,16.22095191998701,0.7163031263588229,8.194710001840823,0.40465325193952345,2.5678099148973756,0.1391127084652719
-0.03376006747802295,0.9723977261111267,16.572392013098035,0.5844115418538846,8.372900739799068,0.33077002846262293,2.62550477961196,0.11321663756123222
-0.03,0.9723977261111267,16.90303459040109,0.47434386336358036,8.540841883054812,0.26886948448991066,2.679469944086136,0.09171295334322017
0.03,0.9723977261111267,24.521289888688443,0.6128361538567181,12.41174260564559,0.35835152221129485,3.89558013743767,0.12534540593660892
0.03376006747802295,0.9723977261111267,25.142946261429973,0.7823321744221035,12.727644783661923,0.45867834962977094,3.9957186088790166,0.1610880628653091
0.0379914052040221,0.9723977261111267,25.862922798048256,0.9988894425010761,13.092832997564194,0.5871890023273585,4.1116894581216,0.20715033870924374
0.04275308010908995,0.9723977261111267,26.698604483852186,1.2752835211115088,13.51564490190245,0.7516121890141128,4.245689896571794,0.26623958769051065
0.04811156231253989,0.9723977261111267,27.67042064335119,1.6273509292015316,14.006014443900105,0.9616848765919108,4.400082187704554,0.3415945238096554
0.0541416530048151,0.9723977261111267,28.802243253258446,2.0744207230038176,14.576071587889071,1.2297419525172546,4.578054559388342,0.4373968174111387
0.06092752862714207,0.9723977261111267,30.1220726227532,2.639753017534973,15.241075731051177,1.5715870207448375,4.785034159386803,0.5598468267388622
0.06856391592404971,0.9723977261111267,31.663515025868307,3.3511805353547004,16.020465582956117,2.0075900964786495,5.029822474612248,0.7185411897042144
0.07715741427178036,0.9723977261111267,33.46857659399191,4.242243275305159,16.93814304181599,2.563429420751437,5.322400818408037,0.9258528427294967
0.0868279837415025,0.9723977261111267,35.5912087288414,5.353536000693829,18.020696943624813,3.269226732191271,5.66716505314019,1.1918361361940846
0.09771061966979347,0.9723977261111267,38.098254946832114,6.732063437478988,19.294395116814275,4.156840533795316,6.0627523939207215,1.5220871397600846
0.10995723711238882,0.9723977261111267,41.06319258669769,8.424853090492393,20.788071023086516,5.260295154436212,6.52423494738638,1.936205282818234
0.12373879148704055,0.9723977261111267,44.55816622833876,10.468977241536056,22.549053423958078,6.626690986541458,7.088802396178891,2.478126543222378
0.13924766500838334,0.9723977261111267,48.66914815450182,12.893670483746504,24.648179068747137,8.320144539157898,7.751411554025248,3.1545328872111424
0.15670035222800524,0.9723977261111267,53.53073446172808,15.733207633456825,27.128789811277233,10.376596540570315,8.508914634135321,3.9701715143513527
0.17634048216824733,0.9723977261111267,59.2839488590059,18.99130778204169,30.00018441957774,12.789648553410627,9.438613435048287,5.018539446255499
0.19844221923690444,0.9723977261111267,66.0046932175851,22.593724807650474,33.39587641627475,15.63886123929763,10.486537932159145,6.246188522870575
0.22331409039755062,0.9723977261111267,73.88690054451727,26.486152220690066,37.417048031480434,18.94935537151011,11.763589622660668,7.787509414891371
0.2513032920204875,0.9723977261111267,83.16562558173334,30.581343252458996,42.07738260858456,22.638845831105797,13.209807080127028,9.570296247991894
0.2828005365353655,0.9723977261111267,94.04158445071812,34.73293207513146,47.59814623712642,26.743382399557465,14.941533451941305,11.730644191149212
0.3182455065418344,0.9723977261111267,106.86476529993014,38.824531628293514,54.05639446850641,31.12600020775354,16.996231234438525,14.299602753599334
0.35813299251433084,0.9723977261111267,122.134186972121,42.75798976016521,61.7824078412595,35.74702333543,19.42483562174316,17.30947597749262
0.40301979977966995,0.9723977261111267,140.5458560786714,46.45766523657834,71.1324029107263,40.461586697831756,22.341939593826176,20.847463174714708
0.4535325211846986,0.9723977261111267,163.04196281153094,49.869291953014795,82.51551389698584,45.048532378588874,25.92262675998048,25.029254648810593
0.5103762839557767,0.9723977261111267,190.96999998447927,52.96716717117277,96.60351607649278,49.32187713585484,30.327593098388604,29.878002390939756
0.5743445928509872,0.9723977261111267,225.84732414408293,55.71743872297722,114.27861353676978,53.122903077717574,35.84512593638246,35.433546295496384
0.6463304070095649,0.9723977261111267,269.81115735225495,58.12120156070883,136.4792433279507,56.344828869593144,42.846903333968505,41.600191432733595
0.7273386051246984,0.9723977261111267,325.3953150625793,60.18326176707577,164.56902209767995,59.00459281470961,51.655808532850024,47.940572229637425
0.8185000129460304,0.9723977261111267,395.9303010180362,61.92669297783383,200.27572472464976,61.1635592275117,62.82905773995709,53.85623874433762
0.9210871889273549,0.9723977261111267,485.2793425080858,63.37675600735781,245.4226187388231,62.88665469532757,77.03802567929979,58.61010962555592
1.0365321883776653,0.9723977261111267,598.6102554035037,64.57071697864492,302.8042466603364,64.2607527532572,94.98484675147832,61.88139587178436
1.166446554092426,0.9723977261111267,742.3437474662762,65.5447138253665,375.5011771751377,65.34908484673882,117.81811114637512,64.02468853506117
1.3126438125222553,0.9723977261111267,924.8228825200331,66.33421680741188,467.7716823649932,66.2111322115846,146.79370873958388,65.45761313528683
1.4771647895120215,0.9723977261111267,1156.3370498625784,66.96997634574507,584.7935508259227,66.89253762894344,183.44363939604213,66.45286228581534
1.6623060990028473,0.9723977261111267,1449.2232460983062,67.47846240000695,733.0134785043563,67.43024266643349,229.98765295000223,67.17062247053296
1.8706522023821734,0.9723977261111267,1821.3285654083195,67.88550558898753,921.1199527755997,67.85523153347881,288.96391226375346,67.69954840845502
2.1051114860111477,0.9723977261111267,2292.557347195834,68.20936155282314,1159.3637239805187,68.19036962905301,363.81241727914716,68.09669180607845
2.368956860549917,0.9723977261111267,2889.9277524508407,68.46682814044806,1461.642366166898,68.45508771906286,458.6313066013754,68.39804903326295
2.6658714488230206,0.9723977261111267,3648.474091532403,68.67144941929911,1844.8239517638383,68.663937922577,579.0905035248238,68.62940595181456
3.0,0.9723977261111267,4608.465692001527,68.83333064615633,2330.924339166908,68.82880381142064,731.6416827602038,68.80763512039486
-3.0,1.0222642761681073,4389.542964847664,68.80268140021974,2220.0688278888615,68.79764693399353,697.305492776947,68.77467344821821
-2.6658714488230206,1.0222642761681073,3450.6674766387346,68.62682253951608,1744.047832169196,68.61805848622461,548.3649568233047,68.5807042360431
-2.368956860549917,1.0222642761681073,2708.446875183045,68.40072854675998,1371.406596227782,68.38855251941004,430.1578949522992,68.32275545445711
-2.1051114860111477,1.0222642761681073,2127.4982607229895,68.11243452526958,1076.2972769361754,68.0908433020992,337.9768488941977,67.9818392604917
-1.8706522023821734,1.0222642761681073,1667.2540124793609,67.73932443413574,843.4731246750704,67.70361209476266,265.18469274016064,67.519090297751
-1.6623060990028473,1.0222642761681073,1307.7027870694012,67.2617267285012,661.001897409238,67.20052793392526,207.7014380869549,66.87580630575488
-1.4771647895120215,1.0222642761681073,1023.224252764091,66.64040602846048,517.6978716031055,66.54179014272428,162.6472383088773,65.95980192186425
-1.3126438125222553,1.0222642761681073,800.5486352936163,65.83677707953578,404.8438784388741,65.66913800080536,127.15528640132551,64.58805056368054
-1.166446554092426,1.0222642761681073,625.424909949324,64.78764121162669,316.2443090792611,64.50343141698646,99.34398964049178,62.410376888398865
-1.0365321883776653,1.0222642761681073,488.0804734024869,63.41325450839666,246.709301020344,62.925369720462754,77.46346661905864,58.71586446168235
-0.9210871889273549,1.0222642761681073,380.22998270027773,61.597560097527094,192.25404642175099,60.75906214091643,60.38808793536022,52.75051905069927
-0.8185000129460304,1.0222642761681073,295.76329359827344,59.18634341382965,149.53885086722713,57.72746752026609,46.93979872718606,44.7402301044189
-0.7273386051246984,1.0222642761681073,229.78684496695618,55.97279628310872,116.19089261690965,53.456981472774224,36.485742412139885,36.0393430082226
-0.6463304070095649,1.0222642761681073,178.3720858469486,51.694334110576314,90.18017296903744,47.53941963506285,28.305256005363237,27.695255643925346
-0.5743445928509872,1.0222642761681073,138.43709442397795,46.08156111913712,69.9665741012669,39.92343079568393,21.954066711096832,20.383124375603874
-0.5103762839557767,1.0222642761681073,107.40996838059793,38.98128151203362,54.27699643338122,31.267368469523326,17.04198722002193,14.356672708724922
-0.4535325211846986,1.0222642761681073,83.43966135191022,30.69434584811338,42.15089814746003,22.695509994856938,13.235683846924177,9.60243148176896
-0.40301979977966995,1.0222642761681073,65.02414196806481,22.08364396797603,32.83879620525832,15.173658263583206,10.29393618617825,6.017595652850871
-0.35813299251433084,1.0222642761681073,50.88665786493298,14.19569737558107,25.69879094176462,9.185780361966598,8.055846597440118,3.4774908708438512
-0.3182455065418344,1.0222642761681073,40.21920148800815,7.937806058585007,20.307164790356552,4.898645355147109,6.364035807169395,1.789235758537507
-0.2828005365353655,1.0222642761681073,32.236551484919396,3.6278702060232,16.263600358193077,2.150654528843579,5.103415832674441,0.7689640151409631
-0.2513032920204875,1.0222642761681073,26.24246222992403,1.1212268042688562,13.235886971252198,0.6410025255305798,4.156115378649041,0.22606303718991727
-0.22331409039755062,1.0222642761681073,21.915392205649095,0.10904319385699171,11.052035464283598,0.05823100361654687,3.4481623928288943,0.017331849921315104
-0.19844221923690444,1.0222642761681073,18.794045239312172,0.07711472545753553,9.46137733363748,0.04946153331543032,2.9739948176500532,0.01617619715961864
-0.17634048216824733,1.0222642761681073,16.60931538677646,0.5714583360564469,8.372346727933092,0.33098645459400816,2.6133092720063558,0.1184358648072388
-0.15670035222800524,1.0222642761681073,15.166118756669764,1.2124750248448461,7.640750551222415,0.6928235614608411,2.3987439795037284,0.2336509745752311
-0.13924766500838334,1.0222642761681073,14.252054194132961,1.7790418928963811,7.17919305967333,1.008415027048582,2.2450957994045067,0.3464122702979792
-0.12373879148704055,1.0222642761681073,13.750227188930717,2.1512419002362315,6.934395743325833,1.2071897916845702,2.1691978827860967,0.41269995159597544
-0.10995723711238882,1.0222642761681073,13.554341058622667,2.30932864743102,6.837118653786308,1.2927187846558605,2.1435448290595858,0.4368144775468656
-0.09771061966979347,1.0222642761681073,13.566833213321711,2.299024450439787,6.839412525040694,1.290657618533243,2.1397875287094754,0.44042137383415625
-0.0868279837415025,1.0222642761681073,13.723135692919042,2.172665096369399,6.917235151122635,1.2220004480336861,2.1647092226830975,0.41685548801266625
-0.07715741427178036,1.0222642761681073,13.981886113212544,1.9736953099880747,7.051494183919617,1.1092306840717716,2.2119480232655238,0.3744524920791119
-0.06856391592404971,1.0222642761681073,14.310354283538219,1.7387381296519715,7.2224828064051545,0.9756214940072249,2.2671925928162526,0.3284812427777339
-0.06092752862714207,1.0222642761681073,14.680503397379717,1.4964270514544142,7.413281548349452,0.8391363322598097,2.32433827304034,0.2848379755089325
-0.0541416530048151,1.0222642761681073,15.070050569512716,1.265708988760217,7.6119965275383645,0.7103698721489057,2.3834760940409367,0.2436517676591403
-0.04811156231253989,1.0222642761681073,15.462947652510065,1.0567996984211794,7.811157832437077,0.5942659387078065,2.444782426477619,0.2050128087302351
-0.04275308010908995,1.0222642761681073,15.84843883373403,0.8737316134886235,8.006160667411649,0.4924731375186156,2.50683218251751,0.16989942370409966
-0.0379914052040221,1.0222642761681073,16.219620532493476,0.7168329359539123,8.194040458450774,0.40494728448540485,2.567599795205577,0.13921267185683123
-0.03376006747802295,1.0222642761681073,16.572201810581756,0.5844787048982835,8.372809860350564,0.3308055251551148,2.625475808931576,0.11322887661883613
-0.03,1.0222642761681073,16.903648935562018,0.4741516015162742,8.541158866844542,0.2687595332519858,2.679568162135196,0.09167614250339648
0.03,1.0222642761681073,24.50915367578376,0.609697215508827,12.405579607888782,0.3564987831396489,3.893645999660069,0.12469328891686567
0.03376006747802295,1.0222642761681073,25.128607746718156,0.7782348872055465,12.720363959733852,0.45625009476274064,3.993430328294308,0.16022870893670502
0.0379914052040221,1.0222642761681073,25.845956170453654,0.993548789985122,13.084221531388431,0.5840105268480855,4.1089786864438755,0.20601860085199597
0.04275308010908995,1.0222642761681073,26.678509116750995,1.2683400855646518,13.505454882302002,0.7474617919413432,4.242478813150918,0.26475317102269047
0.04811156231253989,1.0222642761681073,27.646617765967733,1.618360723174824,13.99396141520801,0.9562857414891114,4.3962846226816135,0.33965201265539385
0.0541416530048151,1.0222642761681073,28.774080820261734,2.062851322458629,14.561835149632671,1.222755132789054,4.573575962811845,0.43487475744868964
0.06092752862714207,1.0222642761681073,30.08884417198757,2.6249925159572656,15.224303555463909,1.5626073740789614,4.779767760627676,0.5565927521010627
0.06856391592404971,1.0222642761681073,31.624499395217146,3.332567857743091,16.000785359308374,1.996150013626853,5.023644054392663,0.7143630548328879
0.07715741427178036,1.0222642761681073,33.42310672467184,4.219130303022066,16.91519534351389,2.549023713022045,5.31518017980297,0.9205228806719419
0.0868279837415025,1.0222642761681073,35.538785731683866,5.325397591838544,17.994214461643875,3.2513863744818323,5.658819588364971,1.1851442043781522
0.09771061966979347,1.0222642761681073,38.038752452674814,6.698688930520133,19.264352251448063,4.135286285679725,6.053314703894604,1.5139259735879196
0.10995723711238882,1.0222642761681073,40.99724810512323,8.386676792710992,20.754886323918708,5.23516237620645,6.513843380707703,1.9265740710861585
0.12373879148704055,1.0222642761681073,44.4878600988605,10.427576085739261,22.51380701935463,6.59878266218451,7.077729127853278,2.4671685269169084
0.13924766500838334,1.0222642761681073,48.5989107226055,12.85230298482491,24.61300367890325,8.291335254961329,7.740384203197433,3.142967780326053
0.15670035222800524,1.0222642761681073,53.468328305840465,15.697159487001954,27.09770687006532,10.350596598121866,8.499233597150386,3.959505788343634
0.17634048216824733,1.0222642761681073,59.24185008556709,18.967997111650398,29.979755620396237,12.772447705091158,9.432278805796676,5.011250947833069
0.19844221923690444,1.0222642761681073,66.00181062344724,22.592233420819426,33.39546580387319,15.638518805345047,10.486532797240905,6.246182412732182
0.22331409039755062,1.0222642761681073,73.94872528731227,26.515186987145498,37.44979642556842,18.97589480134889,11.774125852689037,7.800379733135994
0.2513032920204875,1.0222642761681073,83.32282349846042,30.646220856581195,42.1585247949485,22.701385514181027,13.23545666381964,9.602149325338269
0.2828005365353655,1.0222642761681073,94.32603949831557,34.8326762577849,47.743952989677666,26.84745115356717,14.987517846211288,11.788172774331658
0.3182455065418344,1.0222642761681073,107.30047199435649,38.94990557953945,54.278195660353504,31.268135450860928,17.0666714403717,14.3874563140675
0.35813299251433084,1.0222642761681073,122.72902114557779,42.89366660791832,62.0843996516457,35.91398522400484,19.52072125363221,17.4273003225843
0.40301979977966995,1.0222642761681073,141.28334567969665,46.58661603938524,71.50723583913178,40.631738843216525,22.460298261660846,20.988746521844128
0.4535325211846986,1.0222642761681073,163.87970345549064,49.978101576931216,82.94071787501795,45.198264160654844,26.05714271366696,25.18237782156381
0.5103762839557767,1.0222642761681073,191.8478536648342,53.049353506311256,97.04683759550126,49.43581137775313,30.46713260174927,30.025796310904134
0.5743445928509872,1.0222642761681073,226.6877063454865,55.77270195607855,114.70427548715021,53.198370943822,35.97768185408604,35.5595782664802
0.6463304070095649,1.0222642761681073,270.53487806938693,58.15385282441537,136.84392305008228,56.3876689058951,42.96234961706548,41.69344804811413
0.7273386051246984,1.0222642761681073,325.9186323184432,60.19914469133171,164.8309348878374,59.02443968768169,51.73896498735188,47.993077761562105
0.8185000129460304,1.0222642761681073,396.1742440575685,61.931590284499194,200.39848157933412,61.16945985156759,62.86643074932294,53.872417416533224
0.9210871889273549,1.0222642761681073,485.14602101354603,63.375007856287716,245.35144282716234,62.88449971845414,77.01676779822954,58.60477929157437
1.0365321883776653,1.0222642761681073,597.9954507482955,64.5655065280823,302.4941550533205,64.25487256978585,94.88492289154551,61.868365924244316
1.166446554092426,1.0222642761681073,741.127874070981,65.53810820219789,374.8850257490648,65.34178205114823,117.62479792478422,64.01163327824632
1.3126438125222553,1.0222642761681073,922.8587859890059,66.3274235250662,466.7756661413026,66.20376781003638,146.48042791587946,65.44621197412914
1.4771647895120215,1.0222642761681073,1153.445539781878,66.96364227125954,583.3218303640791,66.8857555898411,182.97906492576996,66.44338757432342
1.6623060990028473,1.0222642761681073,1445.146938484703,67.4728232330221,730.9443117943961,67.42430026184626,229.33373721850518,67.1629441757137
1.8706522023821734,1.0222642761681073,1815.782042962569,67.88067941030394,918.2972531711481,67.85018376081885,288.07396205114276,67.69340827965249
2.1051114860111477,1.0222642761681073,2285.187593885644,68.20533565058717,1155.6228514894096,68.18620324850104,362.62668068440706,68.09181784112953
2.368956860549917,1.0222642761681073,2880.203054054879,68.46349918473197,1456.6985852684788,68.45166029805375,457.06347356648735,68.39416745988149
2.6658714488230206,1.0222642761681073,3635.782790651241,68.66873291529595,1838.4038983165422,68.6611675927867,577.0618042070508,68.62636047311715
3.0,1.0222642761681073,4592.127845452924,68.83114478696852,2322.632076027881,68.82657744643822,729.005636120346,68.80522007269961
-3.0,1.0721308262250884,4350.567841417023,68.79689959227284,2200.3656361366347,68.79177611769748,691.1231602911696,68.7683724618964
-2.6658714488230206,1.0721308262250884,3419.703317643341,68.61936608303523,1728.3802069637898,68.61043669356727,543.4543773309308,68.57237551169989
-2.368956860549917,1.0721308262250884,2683.7931903937633,68.39105314213468,1358.9419536942182,68.37865167511802,426.25167856683476,68.3115710104948
-2.1051114860111477,1.0721308262250884,2107.8611387055034,68.09988102411307,1066.365469128994,68.07787605169999,334.86321513165024,67.96665853645518
-1.8706522023821734,1.0721308262250884,1651.5692217377857,67.72289118261024,835.540279876357,67.68647698983095,262.69735107725006,67.49802477729824
-1.6623060990028473,1.0721308262250884,1295.1558894180612,67.24018317884216,654.6529139970858,67.1777362056233,205.71093756277745,66.84568680364251
-1.4771647895120215,1.0721308262250884,1013.1522938359759,66.61186201419858,512.6055867260328,66.51119306379042,161.05098333566932,65.91508831154792
-1.3126438125222553,1.0721308262250884,792.4507338114887,65.79878801727514,400.7468666730732,65.6274855642799,125.87151858012429,64.51767918294512
-1.166446554092426,1.0721308262250884,618.8966182099815,64.73662372402092,312.9388504452918,64.44587415969116,98.30795567648913,62.29129044873341
-1.0365321883776653,1.0721308262250884,482.80347103638076,63.34412696695619,244.03733752293823,62.84445807159097,76.62541342946534,58.50585520818612
-0.9210871889273549,1.0721308262250884,375.953481761177,61.50288454795629,190.08903562100951,60.64311056636617,59.70914720685283,52.42537871714859
-0.8185000129460304,1.0721308262250884,292.28981454985774,59.05540975858603,147.77990360351438,57.55792205977498,46.38777528210161,44.33658648023469
-0.7273386051246984,1.0721308262250884,226.9589002800953,55.790442946214135,114.75929020563035,53.208078079857,36.036756433903555,35.61563104761999
-0.6463304070095649,1.0721308262250884,176.07007621892419,51.44121602651536,89.01437422937992,47.18766547257266,27.939326427767746,27.29230042309087
-0.5743445928509872,1.0721308262250884,136.562459263029,45.7377593875606,69.01690047194279,39.47492847634648,21.655785408931944,20.024673710361157
-0.5103762839557767,1.0721308262250884,105.88379823596097,38.53917357157998,53.50381704447523,30.769453815515604,16.799419376690633,14.054015256030572
-0.4535325211846986,1.0721308262250884,82.19949156695586,30.179360875172236,41.52243578777068,22.20946532932556,13.038389201835443,9.357586118221
-0.40301979977966995,1.0721308262250884,64.01938143024671,21.555278025962707,32.329555609712514,14.74741273585321,10.133842519207105,5.828518308479677
-0.35813299251433084,1.0721308262250884,50.075189121033794,13.720277393668606,25.287566493092015,8.845840578113576,7.926547380859484,3.3394760631483864
-0.3182455065418344,1.0721308262250884,39.56752938004176,7.564293063875356,19.97694725400945,4.65367441071342,6.260221966444148,1.6957732246929018
-0.2828005365353655,1.0721308262250884,31.71703125643848,3.3767586970198935,16.000187723995396,1.9958029425542474,5.020691796690132,0.7123696482228172
-0.2513032920204875,1.0721308262250884,25.830519428629817,0.9886993935649288,13.02707956893388,0.5630972497496084,4.090587356439791,0.19840871196781426
-0.22331409039755062,1.0721308262250884,21.592058868195757,0.07334236030631555,10.888119576990512,0.038408732294805716,3.3965328805935155,0.010966311943963419
-0.19844221923690444,1.0721308262250884,18.542420285457496,0.10912736014967185,9.333747461360067,0.06870481763499157,2.93394943123853,0.02259965721567679
-0.17634048216824733,1.0721308262250884,16.415609667781503,0.641309094201559,8.274170103009657,0.3706386307461123,2.582403115724801,0.13227157079977517
-0.15670035222800524,1.0721308262250884,15.018935107888911,1.2946142719150218,7.566135118239655,0.73891550607342,2.3753172820457693,0.24910081131711342
-0.13924766500838334,1.0721308262250884,14.141812584578055,1.8568899471851532,7.1233118469259775,1.0517749358068982,2.2275146165547968,0.3611117899062164
-0.12373879148704055,1.0721308262250884,13.669143582474515,2.2157796805622385,6.893322095989798,1.2428359742694013,2.1562821463248296,0.42473009105478593
-0.10995723711238882,1.0721308262250884,13.496053494392415,2.3578138083095257,6.807597548984847,1.3194386601370063,2.1342663964932833,0.44575662200909155
-0.09771061966979347,1.0721308262250884,13.526174420542683,2.332674639803855,6.818819956439552,1.3092387197154047,2.133310633652347,0.4466844649617431
-0.0868279837415025,1.0721308262250884,13.695976412030225,2.1942827530223585,6.903489112770363,1.233949287362323,2.160389017698596,0.4208805406044091
-0.07715741427178036,1.0721308262250884,13.964952512005137,1.9863355940517995,7.042937126456852,1.1162080625327493,2.209257552202223,0.3767895825969312
-0.06856391592404971,1.0721308262250884,14.301061619666095,1.7451225227631408,7.217799144000727,0.9791363108966359,2.26571523674092,0.32966140033403446
-0.06092752862714207,1.0721308262250884,14.676826125465105,1.4987214482652567,7.411440724920805,0.8403918406748806,2.323756710236696,0.2852627610268965
-0.0541416530048151,1.0721308262250884,15.07041758764277,1.2655029094970656,7.612202263060815,0.7102433709418379,2.3835449360420724,0.24360610205743172
-0.04811156231253989,1.0721308262250884,15.466152919096542,1.0551898448236836,7.812800658703541,0.5933601565234823,2.44530828622646,0.2046986392494565
-0.04275308010908995,1.0721308262250884,15.853565231426321,0.8714377042877687,8.008777165182355,0.4911844002869204,2.5076644391744094,0.16945483497055833
-0.0379914052040221,1.0721308262250884,16.225977037036806,0.7143055265261566,8.197280706010798,0.40352547721900506,2.568624668547433,0.13872548728722928
-0.03376006747802295,1.0721308262250884,16.579273103026296,0.5819847571963668,8.376412180105863,0.3294001718852334,2.626609875507779,0.11275033930611336
-0.03,1.0721308262250884,16.91105563038665,0.4718371648469767,8.54493019734654,0.26745334366178874,2.680751532871656,0.09123328565831479
0.03,1.0721308262250884,24.484913519435402,0.6034476847966413,12.393269310986526,0.35281026829388906,3.889780211801556,0.12339432069880737
0.03376006747802295,1.0721308262250884,25.10027461564951,0.7701640751800928,12.70597570857304,0.45146719615097136,3.9889063377201723,0.1585355079583834
0.0379914052040221,1.0721308262250884,25.812766971466605,0.9831339573997703,13.067373121499363,0.5778120477116488,4.103673992529592,0.2038113891590098
0.04275308010908995,1.0721308262250884,26.639557582244777,1.2549218192551974,13.485695691384779,0.7394396331026372,4.236252109373054,0.26188046598103903
0.04811156231253989,1.0721308262250884,27.60083670033119,1.601119471804422,13.970763511975074,0.945926760945805,4.388975498469808,0.3359256225348665
0.0541416530048151,1.0721308262250884,28.7202296552318,2.0407894120077477,14.534583869756576,1.209421453677047,4.565001345214168,0.43006167916867377
0.06092752862714207,1.0721308262250884,30.02550626672711,2.596928826562324,15.192287662587692,1.5455159195954127,4.769710231803065,0.5503977586627127
0.06856391592404971,1.0721308262250884,31.55009295768384,3.2971539016049345,15.963190551348745,1.974355578380864,5.011835083777422,0.7064013239158393
0.07715741427178036,1.0721308262250884,33.335912763545586,4.174898001623783,16.87111579123417,2.521421422837265,5.301305636944028,0.9103104663846269
0.0868279837415025,1.0721308262250884,35.437005656516746,5.270857647135578,17.942713299400474,3.2167694035186063,5.642585919595111,1.1721614478944224
0.09771061966979347,1.0721308262250884,37.920646612780324,6.632527444343149,19.20459827428008,4.092498308090354,6.034528424737494,1.4977197833654392
0.10995723711238882,1.0721308262250884,40.86147349146836,8.308136465771222,20.686331640798173,5.183323008797204,6.4923469274295,1.90669289671059
0.12373879148704055,1.0721308262250884,44.334116967551914,10.337066336855258,22.43632877760578,6.537506414606491,7.0533584919103305,2.4430949765332874
0.13924766500838334,1.0721308262250884,48.42877685376749,12.752075976019771,24.527207135251484,8.221118453597597,7.713417241197981,3.1147265514338387
0.15670035222800524,1.0721308262250884,53.286080179777734,15.59181293920772,27.005853220738825,10.273788964220383,8.470491496644296,3.9278741521512455
0.17634048216824733,1.0721308262250884,59.055883321705785,18.86492208767134,29.886553751760967,12.693971356393073,9.403016996272742,4.977606211804929
0.19844221923690444,1.0721308262250884,65.8267971436163,22.50159530217801,33.308003858900086,15.565563156579454,10.459185662172647,6.213653147288257
0.22331409039755062,1.0721308262250884,73.80575073403311,26.448006096443798,37.37889277771424,18.91842439318662,11.752057487286615,7.773424995559186
0.2513032920204875,1.0721308262250884,83.23841914432937,30.61140442699028,42.11758839121579,22.66984191030877,13.22277440329992,9.586399009343634
0.2828005365353655,1.0721308262250884,94.32909425420044,34.83374506745824,47.74755950337799,26.850022351588,14.988874143086772,11.78986961279842
0.3182455065418344,1.0721308262250884,107.41242547092241,38.98198498140667,54.33653352384979,31.30542636221366,17.08574856556504,14.411245272333112
0.35813299251433084,1.0721308262250884,122.95415588687804,42.944706199399924,62.1997736314482,35.97750502336801,19.557978641467766,17.473057602250908
0.40301979977966995,1.0721308262250884,141.59715255380758,46.64108727389957,71.66807984268266,40.70432764630824,22.51148746192589,21.04979038996982
0.4535325211846986,1.0721308262250884,164.22328409896804,50.022399157571115,83.11618324751082,45.25963588801363,26.113290402721855,25.246202221002257
0.5103762839557767,1.0721308262250884,192.13290087540472,53.07587077162676,97.19036035990233,49.47246027324573,30.51259070819009,30.07386388235922
0.5743445928509872,1.0721308262250884,226.7954202369359,55.77975378086911,114.75932134550247,53.20808357135264,35.9938413274503,35.57491815349472
0.6463304070095649,1.0721308262250884,270.3319945846241,58.144718306682705,136.73969083271876,56.37545181527017,42.93067881758579,41.66789181110006
0.7273386051246984,1.0721308262250884,325.25389688528816,60.17896036850308,164.49154586289427,58.99870773865882,51.63346352815466,47.92644061037542
0.8185000129460304,1.0721308262250884,394.88717381732766,61.90567970051048,199.7466256753593,61.138031115248204,62.66057126532756,53.783025422339335
0.9210871889273549,1.0721308262250884,483.03791128915805,63.34723159862996,244.28089390036698,62.85191607695488,76.68191329379566,58.520230313137304
1.0365321883776653,1.0721308262250884,594.8384452832902,64.53857486923712,300.8982190386427,64.22439749042182,94.38119657606664,61.80201633089233
1.166446554092426,1.0721308262250884,736.6491871719026,65.51358226283745,372.61823921575257,65.31469006892416,116.91351667146586,63.96304941919878
1.3126438125222553,1.0721308262250884,916.7179160149906,66.30599127874493,463.6666455498133,66.1805629212781,145.50388459000322,65.41024666663243
1.4771647895120215,1.0721308262250884,1145.220302805998,66.9454457071617,579.1513038477954,66.86633954795158,181.6674225847986,66.41630800435097
1.6623060990028473,1.0721308262250884,1434.271408380577,67.45761854093232,725.4351377167299,67.40830626235085,227.59975195111713,67.14232894180294
1.8706522023821734,1.0721308262250884,1801.5800651002016,67.86818460491264,911.0947314514508,67.83715716497538,285.809325509708,67.67758626582382
2.1051114860111477,1.0721308262250884,2266.8178582260157,68.19518557956147,1146.3174080147016,68.17571827143666,359.6930547865291,68.07960596487436
2.368956860549917,1.0721308262250884,2856.5006534213594,68.4552896267734,1444.6820411670956,68.44322962674596,453.27398457380366,68.38466543818792
2.6658714488230206,1.0721308262250884,3605.3369199175754,68.66213764126442,1823.0065799999031,68.65444263657285,572.2132903019551,68.61898878263062
3.0,1.0721308262250884,4553.271650450713,68.82588281636319,2302.9470843981003,68.8212272382291,722.7890452072419,68.7994514304854
-3.0,1.121997376282069,4289.7992394555295,68.78767400390467,2169.64091196629,68.78240556826933,681.4799710747054,68.75830383673639
-2.6658714488230206,1.121997376282069,3371.546030590576,68.60749524409852,1704.0208564168415,68.59830337809488,535.8125221803693,68.559089654354
-2.368956860549917,1.121997376282069,2645.584885760962,68.37569861094394,1339.6159288694314,68.36292820349537,420.19361342982296,68.29377642626014
-2.1051114860111477,1.121997376282069,2077.528230392239,68.08001812551885,1051.0230237786786,68.05734885538213,330.0510085414988,67.94256459330029
-1.8706522023821734,1.121997376282069,1627.4554950509269,67.69699977150157,823.3432781692289,67.65946310559389,258.87001405154115,67.46469094028912
-1.6623060990028473,1.121997376282069,1275.9589354346017,67.20638573335323,644.9414541481251,67.14196403339835,202.66435230474272,66.79818467841979
-1.4771647895120215,1.121997376282069,997.8399745771457,66.56733654930271,504.86247287949027,66.46341259725553,158.62221411744355,65.84478867171292
-1.3126438125222553,1.121997376282069,780.2222725130542,65.73988225829298,394.5611244286661,65.56282854607738,123.93194752928687,64.40737629111952
-1.166446554092426,1.121997376282069,609.1160475778955,64.65806705120312,307.98792960040686,64.3571170554942,96.75510798450134,62.105256993862696
-1.0365321883776653,1.121997376282069,474.96655983851673,63.23849976390895,240.0708925382686,62.7205931489769,75.38079208292292,58.181008589383765
-0.9210871889273549,1.121997376282069,369.66518670171365,61.35947175599607,186.9064613599526,60.46700245126592,58.710508494418434,51.93280458477983
-0.8185000129460304,1.121997376282069,287.2382263943301,58.858983037441305,145.22251488907318,57.30277523127748,45.585027359028835,43.73860434382533
-0.7273386051246984,1.121997376282069,222.89456489335362,55.51976031052363,112.70220284526529,52.83773557403855,35.39140839388612,34.99947615980652
-0.6463304070095649,1.121997376282069,172.80288435838463,51.06996029128254,87.36024178416828,46.672512689019904,27.420038787591114,26.716363314146392
-0.5743445928509872,1.121997376282069,133.93642011668817,45.24057624008245,67.68708735071743,38.83136155058267,21.238073125644696,19.52076883951034
-0.5103762839557767,1.121997376282069,103.7752981756044,37.911080765550366,52.436044688611226,30.070621618311797,16.464351897437925,13.6355412104554
-0.4535325211846986,1.121997376282069,80.51049454112479,29.46311728701319,40.66691981195622,21.541964561463363,12.769731279894255,9.02484576919962
-0.40301979977966995,1.121997376282069,62.670933443674585,20.837321142580905,31.646471117550792,14.174413303170333,9.919122228106593,5.576345376595671
-0.35813299251433084,1.121997376282069,49.00274718777698,13.090063798810068,24.74434833290841,8.39897116468392,7.755754727676556,3.1590905035843355
-0.3182455065418344,1.121997376282069,38.71948756838862,7.082112560920979,19.54743445210871,4.339462234286254,6.125207301672863,1.5764216786339547
-0.2828005365353655,1.121997376282069,31.051613477458353,3.0627524416009777,15.662995483847293,1.8031831086277579,4.914784333901745,0.6421853865132322
-0.2513032920204875,1.121997376282069,25.311785890541678,0.8312254916302129,12.764309439489137,0.4709877620500492,4.0081111499266635,0.16577593964245027
-0.22331409039755062,1.121997376282069,21.192093528331732,0.03852171902249628,10.685477593450997,0.0193802705771312,3.3327572299323696,0.005049232319620769
-0.19844221923690444,1.121997376282069,18.237214741762212,0.15603471117691753,9.179085965513375,0.09659665051023518,2.885403467461306,0.031929925222624535
-0.17634048216824733,1.121997376282069,16.18586806172491,0.7303417650549684,8.15781877552843,0.4210408957677118,2.5458050582173577,0.14980897000512788
-0.15670035222800524,1.121997376282069,14.848872891738088,1.3937337959432998,7.48000082931755,0.7944175663655251,2.348268232515082,0.26769616783451156
-0.13924766500838334,1.121997376282069,14.018489124897622,1.9465520427061747,7.060871061641946,1.10161719284546,2.207880508652441,0.377989352670209
-0.12373879148704055,1.121997376282069,13.582153381505474,2.2864293384423418,6.849303478183708,1.2817948009973144,2.1424516622482366,0.43786189332657705
-0.10995723711238882,1.121997376282069,13.437008847301643,2.407616164552256,6.777731145929299,1.346838995396468,2.1248797471355005,0.45492376703797266
-0.09771061966979347,1.121997376282069,13.488386482417313,2.3642414698892695,6.799725282095642,1.326624858478122,2.127313417695441,0.45253528886996885
-0.0868279837415025,1.121997376282069,13.674172274372577,2.2117404239086467,6.892501985710537,1.2435546265709005,2.1569452451132185,0.42410700123373457
-0.07715741427178036,1.121997376282069,13.954990082083892,1.9937967906851108,7.037950926865212,1.1202868092454672,2.2076881133273063,0.3781571740523139
-0.06856391592404971,1.121997376282069,14.299701922006124,1.7460579454966292,7.217162997381002,0.9796143215337634,2.265504563860203,0.32982990908109167
-0.06092752862714207,1.121997376282069,14.681561650487257,1.495767176737839,7.413882154308366,0.8387269508226767,2.324521313526937,0.28470435994604926
-0.0541416530048151,1.121997376282069,15.079331176799483,1.2605043614850873,7.616753844376413,0.7074482630698888,2.3849875447074775,0.24265036105678156
-0.04811156231253989,1.121997376282069,15.477795972014714,1.0493546898019936,7.818733092186746,0.5900962124653252,2.4471936451811844,0.2035746209682461
-0.04275308010908995,1.121997376282069,15.866854974337842,0.8655077887537357,8.015544322104285,0.4878605783901358,2.5098111855593737,0.16831121619495434
-0.0379914052040221,1.121997376282069,16.240113371047553,0.708703670661456,8.204477333679133,0.40037807633613737,2.5708991992168384,0.1376478008871396
-0.03376006747802295,1.121997376282069,16.593673205813847,0.5769252091611857,8.38374180645286,0.32655133884477877,2.6289176999179364,0.11178009115630798
-0.03,1.121997376282069,16.9253031293254,0.46740337580305036,8.552180417466563,0.26495240272047643,2.6830277637046307,0.09038484215826911
0.03,1.121997376282069,24.44868663123459,0.5941575943824113,12.374871149789508,0.34732814902958703,3.884001440600087,0.12146358661059839
0.03376006747802295,1.121997376282069,25.058088017334953,0.7582099811428584,12.68455158755535,0.444384398918076,3.9821691357345963,0.156028189706846
0.0379914052040221,1.121997376282069,25.763525131539986,0.967760753180277,13.042373868368939,0.56866441099137,4.095802478094092,0.20055445403575548
0.04275308010908995,1.121997376282069,26.581954187299395,1.2351764645701415,13.45647074549853,0.7276369709528046,4.227042359419269,0.2576549399385776
0.04811156231253989,1.121997376282069,27.53332240048942,1.5758141064405706,13.936544549823163,0.9307247306760899,4.378193804139234,0.3304585686723732
0.0541416530048151,1.121997376282069,28.640982049986498,2.008468832737532,14.494465244759628,1.189889111390594,4.552377094809329,0.4230129261299546
0.06092752862714207,1.121997376282069,29.932405085362213,2.5558499799044587,15.145202475959099,1.5204985904819976,4.754916355355873,0.5413320949313299
0.06856391592404971,1.121997376282069,31.440701131188238,3.245286082164112,15.907885256827736,1.942436644755952,4.994459660695946,0.6947443356844492
0.07715741427178036,1.121997376282069,33.207461702973156,4.109953576821841,16.806139476085036,2.480901022230021,5.280851116171857,0.8953252337648822
0.0868279837415025,1.121997376282069,35.28639331534654,5.19037455917232,17.86645762877329,3.1657035138907395,5.61854711311448,1.1530207228125842
0.09771061966979347,1.121997376282069,37.744504930111965,6.534064596669651,19.115418181159487,4.0288456538671475,6.006482895116138,1.4736235518497072
0.10995723711238882,1.121997376282069,40.6564431868119,8.18969676092732,20.582693624200903,5.105165085213529,6.459835309721452,1.876733680434322
0.12373879148704055,1.121997376282069,44.09744644255128,10.197808882637762,22.316870326931223,6.443224524120318,7.015769116256981,2.4060819656886694
0.13924766500838334,1.121997376282069,48.15906073714388,12.59312062658369,24.390939913555,8.109751318991927,7.670556684809932,3.0699609934454037
0.15670035222800524,1.121997376282069,52.983888242510425,15.41689865907249,26.85316381150208,10.14619728558574,8.4226672129576,3.875355495288426
0.17634048216824733,1.121997376282069,58.72517850049497,18.68121334543965,29.720120866518347,12.55383172918209,9.350680674189896,4.9175273600901255
0.19844221923690444,1.121997376282069,65.47749403776758,22.320164607736697,33.13237750026327,15.418971860569794,10.404144296037467,6.148252880503066
0.22331409039755062,1.121997376282069,73.4538413783805,26.282114827928968,37.20221069847114,18.77505846210737,11.696709285963431,7.705862844917468
0.2513032920204875,1.121997376282069,82.90553992953228,30.473678444385936,41.95107031257981,22.54136776279558,13.170656713417271,9.521689312306577
0.2828005365353655,1.121997376282069,94.04063826494253,34.732599574443775,47.603823280827626,26.747438681638464,14.94398464136982,11.733710657005528
0.3182455065418344,1.121997376282069,107.18756231403768,38.91749636134381,54.2248127879179,31.233977827443038,17.051373305105454,14.368378414718286
0.35813299251433084,1.121997376282069,122.79525762020374,42.90870057903483,62.121335247258344,35.9343363683039,19.534326125645023,17.444010614416356
0.40301979977966995,1.121997376282069,141.47492268182873,46.61989847117423,71.60875163846949,40.677582490852856,22.493559287112785,21.028414923589793
0.4535325211846986,1.121997376282069,164.0665175279453,50.0022109140262,83.03887240437452,45.23262512094765,26.090109669136897,25.219858576993225
0.5103762839557767,1.121997376282069,191.82893869271194,53.04759096632572,97.0361143832386,49.43306854869086,30.464607929840785,30.023125565876818
0.5743445928509872,1.121997376282069,226.18664165682006,55.73980454617074,114.45199673170376,53.15372058358713,35.89619545753983,35.48214437325001
0.6463304070095649,1.121997376282069,269.23164775158244,58.09492199341984,136.18130139200127,56.30962867222861,42.756519080668305,41.526989060495495
0.7273386051246984,1.121997376282069,323.4425782523202,60.123514633871075,163.57178820183788,58.92834397808545,51.34586800419914,47.74369227369202
0.8185000129460304,1.121997376282069,392.12199643939476,61.849406868950275,198.34685596111663,61.06973742810327,62.21982891088577,53.58935923630622
0.9210871889273549,1.121997376282069,479.0186866682783,63.2935662545229,242.24306849195995,62.78899345528329,76.04352949399195,58.35594867995356
1.0365321883776653,1.121997376282069,589.2138901970849,64.48985045972894,298.054147857086,64.16919416154903,93.48544968058911,61.68122873630458
1.166446554092426,1.121997376282069,728.9945521524003,65.47094444379337,368.74467346185105,65.2675576326405,115.69800280751502,63.87797597421328
1.3126438125222553,1.121997376282069,906.5016254885423,66.26967525768056,458.49580586091554,66.14122469364781,143.8801019154273,65.34897600929605
1.4771647895120215,1.121997376282069,1131.7807880326966,66.91513252665769,572.3422103928706,66.83399847012826,179.52754609132123,66.37105579042024
1.6623060990028473,1.121997376282069,1416.738441005156,67.4326064471578,716.557576126634,67.38199360696373,224.80806099482012,67.1083399267559
1.8706522023821734,1.121997376282069,1778.893276402122,67.84780538155836,899.5984719483056,67.81591797012463,282.19689815214446,67.65174512811168
2.1051114860111477,1.121997376282069,2237.6559002355757,68.17872634688752,1131.5522673297164,68.15871813178568,355.0442506749294,68.05979506322207
2.368956860549917,1.121997376282069,2819.0749468646322,68.44204335406269,1425.7210785510217,68.42963165907965,447.30283524003863,68.36933849773546
2.6658714488230206,1.121997376282069,3557.450659734616,68.6515343980834,1798.7908084016158,68.64362930151525,564.5945315191349,68.6071327018974
3.0,1.121997376282069,4492.288352630527,68.81743981457618,2272.0668847339643,68.81264501546725,713.0534349818205,68.79020501059435
-3.0,1.17186392633905,4207.814994236534,68.77480285080088,2128.1869314631995,68.76932792450447,668.4677312402652,68.74423208635964
-2.6658714488230206,1.17186392633905,3306.648105248335,68.5909468152137,1671.1984120724983,68.58138513608793,525.5113058981273,68.5405255447188
-2.368956860549917,1.17186392633905,2594.1754658009213,68.35431862373257,1313.6075414353372,68.34102091154705,412.0398587974632,68.268922906026
-2.1051114860111477,1.17186392633905,2036.77599571896,68.05238987695665,1030.4097862315318,68.02877885619255,323.5841417355247,67.90891738821784
-1.8706522023821734,1.17186392633905,1595.1284834618004,67.66104282039743,806.9911993778265,67.62191661451463,253.736970654528,67.41814224924774
-1.6623060990028473,1.17186392633905,1250.2803722878634,67.15952321723495,631.9526351161959,67.09231699145627,198.58841863654297,66.73182961364472
-1.4771647895120215,1.17186392633905,977.418688725499,66.50573146002247,494.535002436888,66.39720930483053,155.3818045651723,65.74647392529762
-1.3126438125222553,1.17186392633905,763.9659330765318,65.6585647238017,386.33858024908795,65.47341547182236,121.3528722773746,64.2527688334579
-1.166446554092426,1.17186392633905,596.1636358461961,64.54991581278315,301.4321890668586,64.23463355213573,94.69819920806155,61.843901017704326
-1.0365321883776653,1.17186392633905,464.63293567645565,63.09351828986164,234.8419102035608,62.550056347922336,73.73961689980877,57.72775089113744
-0.9210871889273549,1.17186392633905,361.41500940930854,61.163320543782476,182.7315550225516,60.225162668146524,57.400080774133,51.260036110671756
-0.8185000129460304,1.17186392633905,280.6482407055834,58.591434105235514,141.88675150685114,56.953654588354446,44.537846561320066,42.93885538208593
-0.7273386051246984,1.17186392633905,217.62567019312766,55.152882923281005,110.03572039435335,52.334169536909215,34.55474584895875,34.18819254550604
-0.6463304070095649,1.17186392633905,168.59629671809216,50.57004611277549,85.2308107017073,45.98048933069496,26.75147931220525,25.967881331326648
-0.5743445928509872,1.17186392633905,130.580054955739,44.577364716912854,65.98779227960114,37.98211891298787,20.70426949695098,18.873668485653713
-0.5103762839557767,1.17186392633905,101.10185363194981,37.08488213299815,51.082472295870545,29.166131184412407,16.039542212715226,13.104462644105357
-0.4535325211846986,1.17186392633905,78.38711395755266,28.538082909169923,39.59165788214828,20.693796188455906,12.432000535686486,8.607812911411136
-0.40301979977966995,1.17186392633905,60.99085374394947,19.929032280957987,30.795644864991843,13.45920701730719,9.651689220777875,5.2647178559656185
-0.35813299251433084,1.17186392633905,47.67941898470698,12.310284054955114,24.074243458680463,7.851696102843134,7.545070814523823,2.9397662491010377
-0.3182455065418344,1.17186392633905,37.68350632856828,6.500026152012432,19.022895491529802,3.9630723891892345,5.960331787814752,1.4342287775828189
-0.2828005365353655,1.17186392633905,30.247318207544065,2.6956196863641546,15.255580636806485,1.5793671223881445,4.786809509413621,0.5609453811319622
-0.2513032920204875,1.17186392633905,24.69208328895564,0.6577134447115629,12.450526671231744,0.3701044084795243,3.9096122813105576,0.1301205828466483
-0.22331409039755062,1.17186392633905,20.720287582326666,0.01139774037181487,10.44653815465698,0.005070420753805302,3.257599508091378,0.0009490731904928725
-0.19844221923690444,1.17186392633905,17.882345742622665,0.22216884973680412,8.999379566899881,0.13553747202370803,2.82898007573847,0.04497423870046786
-0.17634048216824733,1.17186392633905,15.923268692399581,0.8406055211636863,8.024904029148635,0.4832854264256024,2.5040220739022465,0.17140564954912949
-0.15670035222800524,1.17186392633905,14.658489649501787,1.510195505757313,7.38364465781185,0.8594926759971204,2.318003854451685,0.28948589722765605
-0.13924766500838334,1.17186392633905,13.88412711585107,2.047397561166605,6.992906938518843,1.1575704069444814,2.1865194362204923,0.3969146858170511
-0.12373879148704055,1.17186392633905,13.490876514810394,2.3621526640924255,6.80316104942664,1.3234853526885828,2.127964643491394,0.4518975501581809
-0.10995723711238882,1.17186392633905,13.378481927900634,2.45767127230677,6.748165690646492,1.374331112919072,2.11558788917975,0.46411898242798333
-0.09771061966979347,1.17186392633905,13.454466032189378,2.392819126672281,6.782633978392638,1.3423154570740614,2.1219549294777353,0.45780516828944695
-0.0868279837415025,1.17186392633905,13.658497425019185,2.2243472208917665,6.884666477004405,1.250434496546536,2.1545014417237445,0.4264062913041663
-0.07715741427178036,1.17186392633905,13.952596019783218,1.9955925068103957,7.036838417748524,1.1211981603544516,2.2073348001497126,0.37846548381746387
-0.06856391592404971,1.17186392633905,14.306732475817247,1.7412246528686093,7.220806108713332,0.9768788357278506,2.2666333290901406,0.3289276870206418
-0.06092752862714207,1.17186392633905,14.695057334123577,1.4873680500190232,7.420781784535273,0.8340330091745429,2.3266874131729476,0.2831260969400147
-0.0541416530048151,1.17186392633905,15.097052874498685,1.2506028734552361,7.625783715175512,0.7019230584970718,2.387845640411988,0.24076359220343055
-0.04811156231253989,1.17186392633905,15.498071726694471,1.039240161581272,7.829053832487319,0.5844437399516964,2.4504696079433255,0.20163034963048482
-0.04275308010908995,1.17186392633905,15.88845153978639,0.8559231058650444,8.026534787949421,0.4824909035841783,2.513295298564521,0.16646484819831806
-0.0379914052040221,1.17186392633905,16.262133508904693,0.7000294846641913,8.215682980589882,0.39550598930550473,2.5744399411641106,0.13597986057256392
-0.03376006747802295,1.17186392633905,16.615475928327506,0.569313553094895,8.394836093022693,0.3222663560485227,2.6324110162454666,0.11032054602311178
-0.03,1.17186392633905,16.946442354120727,0.46086907192729576,8.562935280751152,0.26126710186549706,2.6864049410186435,0.08913425549968464
0.03,1.17186392633905,24.40063949510404,0.5819287953743153,12.350469558313591,0.3401137536407062,3.8763362103061447,0.1189230268163828
0.03376006747802295,1.17186392633905,25.00224828406008,0.742503477435662,12.656193179285879,0.43508108931839284,3.9732506666886636,0.15273536423003803
0.0379914052040221,1.17186392633905,25.69847195887972,0.9475967880453059,13.009346074771598,0.5566701415935613,4.085402644070537,0.1962850547404728
0.04275308010908995,1.17186392633905,26.505989683944602,1.20931766346886,13.417927284472963,0.7121857506119771,4.214895943316923,0.2521249667680034
0.04811156231253989,1.17186392633905,27.444424961635484,1.5427151257998781,13.89148161107628,0.9108486267247494,4.363995305401329,0.32331334463512407
0.0541416530048151,1.17186392633905,28.536758738575767,1.9662289392560848,14.441691797502411,1.1643730988500112,4.535770060261738,0.4138087354807348
0.06092752862714207,1.17186392633905,29.81004442688729,2.502176471020264,15.083302178825129,1.4878266410249814,4.735465985480097,0.5294981480588388
0.06856391592404971,1.17186392633905,31.296923691172587,3.1774769056424947,15.835171923702017,1.9007317764615292,4.971612804954802,0.6795220061255801
0.07715741427178036,1.17186392633905,33.03846144678753,4.0249081122312855,16.720623469889375,2.427879057617359,5.253928958360342,0.8757307387346773
0.0868279837415025,1.17186392633905,35.087773866181735,5.0846555852324435,17.7658638178007,3.0986909765592436,5.586834212525762,1.1279247314236298
0.09771061966979347,1.17186392633905,37.51127167017058,6.404085119811958,18.997287916721515,3.9449165915045485,5.96932753143558,1.4418822351849547
0.10995723711238882,1.17186392633905,40.38320701323455,8.032174113960417,20.44449963422886,5.001349255028655,6.416473857684032,1.836983969764393
0.12373879148704055,1.17186392633905,43.77896041947829,10.010565456825184,22.155988046961344,6.316634013418592,6.965135637383497,2.3564545347786834
0.13924766500838334,1.17186392633905,47.79084040542518,12.376003539455446,24.204739430271413,7.957894519342476,7.6119704006675075,3.009013206035
0.15670035222800524,1.17186392633905,52.562615824195795,15.172584651169828,26.640062668888422,9.968316224139112,8.355893043193522,3.8022680511195053
0.17634048216824733,1.17186392633905,58.250068982121576,18.41638063581481,29.48060639295051,12.352161860642932,9.275313990050027,4.831232636530814
0.19844221923690444,1.17186392633905,64.95319392028738,22.04652288835215,32.86820529194494,15.198246760932856,10.321286128727376,6.049983412735306
0.22331409039755062,1.17186392633905,72.8905055131228,26.014970334173388,36.91845107527111,18.544342503765268,11.60766591098364,7.59729640927913
0.2513032920204875,1.17186392633905,82.31896998912602,30.229375922454498,41.65629480438745,22.31329972142492,13.078259205173007,9.407033707945054
0.2828005365353655,1.17186392633905,93.45186018112585,34.52476616534857,47.30824324574718,26.53578023800911,14.851431644960554,11.617933117122774
0.3182455065418344,1.17186392633905,106.61324721363009,38.751775317971074,53.936635178040035,31.049022211093494,16.961514638748373,14.256295213040609
0.35813299251433084,1.17186392633905,122.23710879266997,42.78155127589536,61.84142558932524,35.77973197112163,19.447330892455373,17.337126331480704
0.40301979977966995,1.17186392633905,140.90217196597348,46.520132060284915,71.32198032214471,40.54781724230477,22.404221440037563,20.921832390338253
0.4535325211846986,1.17186392633905,163.400783844505,49.91603692667173,82.70452988079265,45.11526976541129,25.986254742385775,25.10172199067577
0.5103762839557767,1.17186392633905,190.93877644809643,52.96422936828305,96.58567491308828,49.31726869411372,30.323683915963844,29.873856660624377
0.5743445928509872,1.17186392633905,224.88002283672668,55.653286946616255,113.7918446080978,53.035809936482416,35.68775053581286,35.28345583146371
0.6463304070095649,1.17186392633905,267.270488853473,58.005088738620394,135.18734947858002,56.190880021892305,42.44570359593368,41.27398060296338
0.7273386051246984,1.17186392633905,320.53955733864296,60.03326604492858,162.0993996137793,58.81375246928746,50.88487695564314,47.447405402413985
0.8185000129460304,1.17186392633905,387.9512719955877,61.76293169782888,196.23581062318405,60.964613902732836,61.555668917133204,53.2915897941855
0.9210871889273549,1.17186392633905,473.17809940256484,63.21388156920112,239.28323195070183,62.69544343832146,75.1158149270259,58.10978469105954
1.0365321883776653,1.17186392633905,581.2293252027138,64.41899900199098,294.01626704752994,64.0887877815666,92.21466652956259,61.50345845198745
1.166446554092426,1.17186392633905,718.291339733848,65.40975245176516,363.32864205043177,65.19982598289933,113.99840380220701,63.754486961647295
1.3126438125222553,1.17186392633905,892.3607360089908,66.21800004888867,451.3393244384216,66.0851901855173,141.63293472927947,65.26101688415929
1.4771647895120215,1.17186392633905,1113.3069171350476,66.87224416125024,562.9853166303602,66.78820960315335,176.58782798789775,66.30661900540173
1.6623060990028473,1.17186392633905,1392.7638686881796,67.39736801721472,704.4206657827918,67.34490029649102,220.99273835795327,67.06022188520708
1.8706522023821734,1.17186392633905,1747.983632594322,67.81917654073665,883.9406695397023,67.78607097760602,277.27800992796546,67.61531352413046
2.1051114860111477,1.17186392633905,2198.0227510812956,68.15564922055265,1111.4895233618229,68.13487486881195,348.7308778195426,68.03194888823649
2.368956860549917,1.17186392633905,2768.3212912408867,68.42350261814363,1400.0152345713136,68.41059568263864,439.21227991527115,68.34784885481544
2.6658714488230206,1.17186392633905,3492.6144588857665,68.63671141487764,1766.0044988451402,68.62850825041156,554.2829868207768,68.59053248519008
3.0,1.17186392633905,4409.790564078226,68.80564449027676,2230.3008414172214,68.80065422081348,699.8952983091067,68.77727816773606
-3.0,1.221730476396031,4105.3995688957275,68.7579975890389,2076.4004828565853,68.75224641440192,652.2110773170302,68.72581884938747
-2.6658714488230206,1.221730476396031,3225.6242588925243,68.56934468910138,1630.2234759605367,68.55929093095297,512.6484293683901,68.51622136740087
-2.368956860549917,1.221730476396031,2530.0455909293387,68.3264188202517,1281.1602049198107,68.3124134424368,401.866776019883,68.23636430148613
-2.1051114860111477,1.221730476396031,1985.9807393336325,68.01634604867107,1004.7161078033118,67.99147621752881,315.52238924931453,67.86479360175325
-1.8706522023821734,1.221730476396031,1554.8820979034099,67.61415536914623,786.6327110541089,67.57290419718049,247.3449570481749,67.35700916652995
-1.6623060990028473,1.221730476396031,1218.3501353911392,67.09844204333868,615.8026493927524,67.02751925226154,193.5196360146253,66.6444842505284
-1.4771647895120215,1.221730476396031,952.0681204402727,66.42548791126706,481.7140770146395,66.31081648749388,151.35830243186427,65.61658778841274
-1.3126438125222553,1.221730476396031,743.8224293866248,65.55271722867425,376.15039313854584,65.35675148491491,118.15663026092439,64.04739914349742
-1.166446554092426,1.221730476396031,580.149846347177,64.40926469035253,293.32745157515416,64.07482662025966,92.15474874621319,61.49488446457628
-1.0365321883776653,1.221730476396031,451.8895809028304,62.90515787896647,228.3943594321541,62.32755724917767,71.71567645783094,57.12714161246088
-0.9210871889273549,1.221730476396031,351.27178063564855,60.90880815311738,177.5991142157749,59.909674729779056,55.788776131714194,50.39071355781452
-0.8185000129460304,1.221730476396031,272.5746859134385,58.24488933922695,137.80032492746224,56.49875657278654,43.25492387563161,41.928564183935414
-0.7273386051246984,1.221730476396031,211.1961858540738,54.678893665807344,106.78207187174641,51.6811340568561,33.53374313712703,33.17922029650195
-0.6463304070095649,1.221730476396031,163.48588372480197,49.92709244288454,82.64406546219826,45.093952010400365,25.93928779507031,25.048236838212468
-0.5743445928509872,1.221730476396031,126.5223536643496,43.73136832895751,63.933675945832064,36.914453957464346,20.058971127560486,18.08696119926617
-0.5103762839557767,1.221730476396031,97.8872570237511,36.0454788557483,49.45513509752467,28.0513788596555,15.528765393829282,12.465436004507408
-0.4535325211846986,1.221730476396031,75.84897879403788,27.396117595703597,38.30658244179147,19.66740460168096,12.028311841007472,8.111493329705798
-0.40301979977966995,1.221730476396031,58.9953842597552,18.83135357555033,29.785298408837185,12.608712527025506,9.33412349656309,4.898546830201052
-0.35813299251433084,1.221730476396031,46.1186575134957,11.389194666357412,23.284063148734123,7.213041746055744,7.296633702310693,2.6860171630204275
-0.3182455065418344,1.221730476396031,36.47070789698187,5.8301484592700605,18.40896231314519,3.5338156901103406,5.76736386338728,1.273105152105127
-0.2828005365353655,1.221730476396031,29.31330184718011,2.2880666653495396,14.782582409387881,1.3326973136204803,4.638223408529156,0.47181591429052633
-0.2513032920204875,1.221730476396031,23.978919293468227,0.4792111634608407,12.089535040201865,0.26708309723927476,3.79628428333602,0.0938088266083377
-0.22331409039755062,1.221730476396031,20.18275158257683,6.923842534641409e-06,10.174398062265222,5.9486487189009356e-05,3.17203408450369,0.00025007040294223293
-0.19844221923690444,1.221730476396031,17.482756494018904,0.3122857076657771,8.797134696086387,0.18813659366113436,2.765465591584581,0.06260555463536618
-0.17634048216824733,1.221730476396031,15.631782287016984,0.9740245518111031,7.877438406440843,0.5583796954927666,2.4576873850826773,0.19738591410644432
-0.15670035222800524,1.221730476396031,14.450951309699484,1.6439642313254126,7.27867161906157,0.9340774035135289,2.2850279199444956,0.31444255603981314
-0.13924766500838334,1.221730476396031,13.741234230282409,2.1583377583891283,6.920690766908728,1.2190085612322146,2.163831314936882,0.41767139198349656
-0.12373879148704055,1.221730476396031,13.397285205663142,2.441514535596277,6.755894217429401,1.36710903998348,2.113135329350135,0.46656619205410726
-0.10995723711238882,1.221730476396031,13.322013195053135,2.5066230228102655,6.719681842497266,1.4011668444984664,2.1066360751308792,0.4730922248924502
-0.09771061966979347,1.221730476396031,13.425608738021342,2.417312062116026,6.768152233110771,1.355705919709322,2.1174258897721168,0.46229052363318296
-0.0868279837415025,1.221730476396031,13.649873989945116,2.231303019118451,6.880450140186615,1.2541468856983617,2.153204662507247,0.42762966285235604
-0.07715741427178036,1.221730476396031,13.958476482159886,1.9911836316528064,7.039957503207266,1.1186442608669134,2.2083100044974326,0.37761488643137747
-0.06856391592404971,1.221730476396031,14.32268981323564,1.730286391367351,7.229000247786426,0.9707438806511897,2.269186873683489,0.3268923650534962
-0.06092752862714207,1.221730476396031,14.71771725442183,1.473332609243865,7.43234419781057,0.8262037154066129,2.3303193505233923,0.28049195146072753
-0.0541416530048151,1.221730476396031,15.123883928975305,1.2357038726143772,7.639444358578535,0.693614800635027,2.3921672439581956,0.23792767396584427
-0.04811156231253989,1.221730476396031,15.527202039021939,1.0248129386132936,7.843875163681652,0.5763836585036552,2.4551715392279903,0.19885924252402204
-0.04275308010908995,1.221730476396031,15.918515815123104,0.8426867610414562,8.041829977707664,0.4750765978652796,2.5181423956212776,0.1639160809744203
-0.0379914052040221,1.221730476396031,16.29215177930089,0.6883060061011422,8.230955482328934,0.3889216656591042,2.5792650693025165,0.13372581585244459
-0.03376006747802295,1.221730476396031,16.64476026598178,0.559182236105533,8.409734976220994,0.31656306038847215,2.6371023635072106,0.10837765259794782
-0.03,1.221730476396031,16.974525680685982,0.4522696802575287,8.577221237531186,0.2564170626508842,2.690891368814789,0.08748806491655405
0.03,1.221730476396031,24.34098678518791,0.56689378164276,12.320173422189182,0.33124681867453665,3.866818730680323,0.11580115734578096
0.03376006747802295,1.221730476396031,24.933013620645063,0.7232145891266286,12.621031428770255,0.4236603363646033,3.9621921123173713,0.14869415956172707
0.0379914052040221,1.221730476396031,25.617918561569944,0.9228596466019958,12.96844744858967,0.5419622282908609,4.072524139785352,0.19105149206769323
0.04275308010908995,1.221730476396031,26.412039386131717,1.1776227390138816,13.370255421673237,0.6932570837377574,4.199872747972321,0.24535322988892797
0.04811156231253989,1.221730476396031,27.334597400808136,1.5021739803601855,13.835803927700677,0.8865177372222868,4.346452193238988,0.314570969773899
0.0541416530048151,1.221730476396031,28.4081063301821,1.9145116441945547,14.376539788661233,1.13315296547163,4.51526714586392,0.4025533051572561
0.06092752862714207,1.221730476396031,29.65908282536143,2.4364581380390837,15.006919270266318,1.4478540533420567,4.71146359496994,0.515029312277646
0.06856391592404971,1.221730476396031,31.119551675242207,3.0944010528660937,15.745449806519323,1.8496854028518832,4.94341997395647,0.6609044961211438
0.07715741427178036,1.221730476396031,32.82985775985884,3.920574543989511,16.61504531160029,2.362907308971946,5.220689445045202,0.8517429637021531
0.0868279837415025,1.221730476396031,34.842270326431084,4.954656882557749,17.641499214821057,3.0164063172974362,5.5476258623530805,1.0971444806909074
0.09771061966979347,1.221730476396031,37.222266933793286,6.243676833832147,18.8508739743635,3.8415177455141998,5.923271711242569,1.4028294224926932
0.10995723711238882,1.221730476396031,40.04329266549947,7.836747493729725,20.272519116649782,4.872810988933716,6.362503947995885,1.7878462683397152
0.12373879148704055,1.221730476396031,43.38038241470125,9.776520153493482,21.95454796790507,6.158774534303369,6.901730264963016,2.2946876096779936
0.13924766500838334,1.221730476396031,47.32598012276393,12.101764156076253,23.969541663065964,7.766629959927063,7.537951813506147,2.9324197175536497
0.15670035222800524,1.221730476396031,52.02413793149233,14.859535257794935,26.367486955319936,9.74114528970362,8.270462270527421,3.7091793514508837
0.17634048216824733,1.221730476396031,57.6321811291611,18.07039776476351,29.168813085540627,12.089673547218116,9.177167195604842,4.719256921048078
0.19844221923690444,1.221730476396031,64.25480311196779,21.679588701455256,32.515920379681596,14.903505170317871,10.210744416150112,5.919233545446909
0.22331409039755062,1.221730476396031,72.11517026658662,25.644103336815952,36.527282625157724,18.225382874544515,11.484816439512079,7.4477773887045755
0.2513032920204875,1.221730476396031,81.47557486497732,29.874483662653194,41.231628631750254,21.983316030584838,12.94506440214161,9.241908867282792
0.2828005365353655,1.221730476396031,92.5558090071857,34.204882515391304,46.85724296479389,26.211009794372465,14.71008633737987,11.44115358772274
0.3182455065418344,1.221730476396031,105.67783060406826,38.478711036049354,53.466075767366526,30.744974453453313,16.81428682304167,14.072573276279016
0.35813299251433084,1.221730476396031,121.26381400622915,42.557288826000395,61.35201366073287,35.50732067575108,19.294437714569444,17.149098585256542
0.40301979977966995,1.221730476396031,139.86163622850432,46.336842130357944,70.79906334455364,40.30910049551066,22.240727983647307,20.726495307902802
0.4535325211846986,1.221730476396031,162.2131255739598,49.76050858540512,82.10670617026251,44.90321591502009,25.79968600513921,24.889042676058533
0.5103762839557767,1.221730476396031,189.461130141271,52.82403768550893,95.83859403966544,49.12266396339245,30.089685089604036,29.62517330825561
0.5743445928509872,1.221730476396031,222.8930146772476,55.51965506946359,112.78785958675027,52.85346418907676,35.37135284623844,34.980193379210704
0.6463304070095649,1.221730476396031,264.48931497716904,57.87526473802641,133.77859513421316,56.01902126015847,42.0047453581984,40.911633986623656
0.7273386051246984,1.221730476396031,316.610775664649,59.90833457979991,160.10776021367076,58.65481065644464,50.260959486161745,47.03978724984171
0.8185000129460304,1.221730476396031,382.4661376671979,61.646177096944584,193.45953713545214,60.82232558330058,60.68250770043922,52.88909669485287
0.9210871889273549,1.221730476396031,465.63206701789204,63.107830343383945,235.45986628244748,62.57065715024012,73.91711436168417,57.77818867402583
1.0365321883776653,1.221730476396031,571.0260955478367,64.32546198579297,288.85597941184153,63.9824014742361,90.59117621335918,61.26475046969545
1.166446554092426,1.221730476396031,704.7087892227155,65.32933460532222,356.4555951522933,65.11064807718795,111.84149041994004,63.5896488128968
1.3126438125222553,1.221730476396031,874.4969866136607,66.15026680929623,442.2990914740781,66.01163053119302,138.79429193593134,65.1443010900082
1.4771647895120215,1.221730476396031,1090.04033224572,66.8161155164877,551.2025231057188,66.72821331132509,172.88640297261801,66.22150511501863
1.6623060990028473,1.221730476396031,1362.6383092057429,67.35129966502456,689.1712206766495,67.29635943061413,216.1996681048769,66.99687118763919
1.8706522023821734,1.221730476396031,1709.2044234389195,67.78177362111619,864.2996073306782,67.74704781491982,271.1084062727542,67.56746177007658
2.1051114860111477,1.221730476396031,2148.351828828019,68.1255115712924,1086.3480148410379,68.10371769044221,340.8212700517822,67.9954366587563
2.368956860549917,1.221730476396031,2704.773873334969,68.39929834954845,1367.834114818368,68.38573370197388,429.086444304593,68.31970970682521
2.6658714488230206,1.221730476396031,3411.4913697947527,68.61736569827085,1724.9828099806875,68.6087653842416,541.3833888463224,68.5688145538642
3.0,1.221730476396031,4306.606856227974,68.79025184790717,2178.0673767172552,68.78500217820546,683.4451596536122,68.76037999772066
-3.0,1.2715970264530116,3983.5341049145854,68.73686800816171,2014.7778398167052,68.73075928569483,632.8659026480165,68.70260377738843
-2.6658714488230206,1.2715970264530116,3129.2433239081993,68.54217996510465,1581.4845063573287,68.53149095677786,497.3460964230777,68.48554724266268
-2.368956860549917,1.2715970264530116,2453.7964502571017,68.29132991622104,1242.57838112331,68.27640552668049,389.7698813763604,68.19521645569027
-2.1051114860111477,1.2715970264530116,1925.6132407739885,67.97100580833978,974.1801293059057,67.94450436550878,305.9405368929962,67.80892432719133
-1.8706522023821734,1.2715970264530116,1507.084170454469,67.5551650397077,762.4538727978893,67.51115710578298,239.7524689080424,67.27939835670698
-1.6623060990028473,1.2715970264530116,1180.4561784497128,67.0215777311613,596.6370059720457,66.94583386634206,187.50371584011307,66.53316901268371
-1.4771647895120215,1.2715970264530116,922.0134958096776,66.32449075670444,466.51363776611277,66.2018248352911,146.58749347803123,65.45011578355117
-1.3126438125222553,1.2715970264530116,719.968366487138,65.41946436043347,364.0858697566298,65.20942734220446,114.37125761298881,63.78204512133463
-1.166446554092426,1.2715970264530116,561.2135356321861,64.23216894798904,283.74389217847266,63.872769260383684,89.14678256078844,61.04068271927087
-1.0365321883776653,1.2715970264530116,436.84604754428085,62.66795405066561,220.783618169696,62.045834063258184,69.3263398102298,56.3542170179318
-0.9210871889273549,1.2715970264530116,339.32237078717026,60.58830611908466,171.55305793169452,59.509668741822516,53.890369681271174,49.30532379804373
-0.8185000129460304,1.2715970264530116,263.0868949903473,57.808693522599704,132.99828148843082,55.92198800463983,41.747252281809374,40.69820003845908
-0.7273386051246984,1.2715970264530116,203.6618100437537,54.08311534093576,102.96941842103296,50.85708539737417,32.33723632889036,31.970585217217092
-0.6463304070095649,1.2715970264530116,157.51673808628288,49.12208614025707,79.62280801444793,43.990953760048285,24.9906161745042,23.96008392742613
-0.5743445928509872,1.2715970264530116,121.80005794482253,42.68124972908801,61.543321818331286,35.61412181876202,19.308006417955323,17.165794497313197
-0.5103762839557767,1.2715970264530116,94.16161280266142,34.77507266111937,47.56926319904761,26.72273987329379,14.93679926301159,11.724721694932487
-0.4535325211846986,1.2715970264530116,72.92084596256893,26.02940806131578,36.824222286999415,18.467603756292466,11.562595621330582,7.5424053421200865
-0.40301979977966995,1.2715970264530116,56.70491438652888,17.547974621213697,28.625753635621376,11.632724356380638,8.969665294462715,4.484082003883465
-0.35813299251433084,1.2715970264530116,44.337250325732796,10.338910613841731,22.382307366303838,6.494840634975224,7.013112575240353,2.403471623292556
-0.3182455065418344,1.2715970264530116,35.09487599563429,5.088427504027742,17.71261448942488,3.063382124383152,5.5484957552284655,1.0978243899403215
-0.2828005365353655,1.2715970264530116,28.260825244917477,1.8558886117485032,14.24970631864627,1.0732796027236255,4.470817177272366,0.3785669510414901
-0.2513032920204875,1.2715970264530116,23.181454645397533,0.3088077911311971,11.685975441692728,0.16965920083955838,3.6695835116453512,0.05956773996719093
-0.22331409039755062,1.2715970264530116,19.58688217704457,0.013361248376199685,9.872805603368345,0.00942401000021849,3.0772404412717402,0.004691996564890802
-0.19844221923690444,1.2715970264530116,17.04438451357751,0.43127884429194874,8.575361443336458,0.25704554043319455,2.6958045073672445,0.08570507923621891
-0.17634048216824733,1.2715970264530116,15.316142807207516,1.1321507068649725,7.717820835517668,0.647109545148254,2.4075558046660492,0.22799436682446683
-0.15670035222800524,1.2715970264530116,14.230005927734524,1.7944394920424918,7.166981465126144,1.0177909127038047,2.2499367781025685,0.3424324544726521
-0.13924766500838334,1.2715970264530116,13.592759692208844,2.2777365202131947,6.845717321765096,1.2850035509972462,2.140286385384911,0.43994137385617255
-0.12373879148704055,1.2715970264530116,13.303684600975075,2.5226514706788117,6.7086708142853135,1.4116333141368451,2.098330900428928,0.48151865664888116
-0.10995723711238882,1.2715970264530116,13.269392625360595,2.552824987267905,6.693186492225241,1.4264396695793438,2.0983092338474982,0.4815407678926164
-0.09771061966979347,1.2715970264530116,13.403196072160577,2.4364503609932826,6.7569802322021415,1.3660962116393285,2.1139465813642446,0.4657557746361099
-0.0868279837415025,1.2715970264530116,13.649361353711928,2.2317169724785835,6.880389933434422,1.254199948573118,2.153223769571258,0.4276116208839705
-0.07715741427178036,1.2715970264530116,13.973437983144043,1.979994933687632,7.047716792516404,1.1123072692940843,2.2107420457101594,0.3754989223128647
-0.06856391592404971,1.2715970264530116,14.348182865485503,1.7129034210772187,7.242053738056079,0.9610213282867186,2.273262035106521,0.32366063917457427
-0.06092752862714207,1.2715970264530116,14.749996791866035,1.45348357824519,7.448799864968721,0.8151403015448615,2.3354896151904723,0.2767682852838854
-0.0541416530048151,1.2715970264530116,15.16016104202174,1.2157352021340775,7.6579061386495715,0.6824826493154985,2.3980059969173815,0.23412852511431803
-0.04811156231253989,1.2715970264530116,15.565432372799515,1.0060647683184913,7.863321264707272,0.5659105609927906,2.4613385313207696,0.19525934989216326
-0.04275308010908995,1.2715970264530116,15.957223499086759,0.8258264895591862,8.061518753998657,0.4656324111842663,2.5243804195497135,0.1606698577326747
-0.0379914052040221,1.2715970264530116,16.33029084600321,0.673578898527883,8.25035684707967,0.3806500528470307,2.585394057274456,0.13089404413089925
-0.03376006747802295,1.2715970264530116,16.681608836513696,0.5465836653856011,8.428480182370038,0.3094703644267189,2.6430048364415732,0.1059610893700234
-0.03,1.2715970264530116,17.00960573231592,0.4416577726877962,8.59506482310468,0.2504314547991513,2.6964953765946316,0.08545601541290188
0.03,1.2715970264530116,24.269989966583626,0.5492141775655673,12.284115370272561,0.3208245269736589,3.8554906744159156,0.11213271193357933
0.03376006747802295,1.2715970264530116,24.85069839525084,0.7005505890811002,12.579225778462767,0.41024765773624355,3.94904361973985,0.14394975577945265
0.0379914052040221,1.2715970264530116,25.522243765930895,0.8938145168535494,12.919870050161709,0.5247025527389327,4.057227431671211,0.18491250524999306
0.04275308010908995,1.2715970264530116,26.300560645613388,1.1404297946149082,13.31368686910124,0.6710592694733943,4.182045765801261,0.23741594740946237
0.04811156231253989,1.2715970264530116,27.204392615863505,1.4546196049405093,13.76979134782761,0.8579992038320098,4.3256526013348,0.3043300035511252
0.0541416530048151,1.2715970264530116,28.25569367948051,1.8538574106544339,14.299347389978607,1.0965698196092308,4.490974737288611,0.3893735554222146
0.06092752862714207,1.2715970264530116,29.480329277002287,2.359369760211636,14.916462418791864,1.4010139754657756,4.683037601108586,0.49808845560979853
0.06856391592404971,1.2715970264530116,30.909562456456772,2.9968909353504447,15.639212495292881,1.7898437407661272,4.91003628657674,0.6391003487498719
0.07715741427178036,1.2715970264530116,32.58282877116223,3.797963866742344,16.490000253613193,2.286668385199505,5.181319933512557,0.8236281182390477
0.0868279837415025,1.2715970264530116,34.551297776428285,4.80158159146468,17.494079252914368,2.9196920303529845,5.501147401209079,1.0610168037444931
0.09771061966979347,1.2715970264530116,36.87918119628666,6.054232644864813,18.677030694741223,3.7196708030918364,5.868583931610741,1.3568847475094024
0.10995723711238882,1.2715970264530116,39.63870193127864,7.604967508428963,20.06776180020705,4.720759843184422,6.298242443543143,1.7298357004832015
0.12373879148704055,1.2715970264530116,42.90404819578103,9.497300335641453,21.71372626645393,5.971032866923412,6.825922956311236,2.2214046971688712
0.13924766500838334,1.2715970264530116,46.76714081388452,11.771953900709455,23.686686713263192,7.537475018097222,7.448921703489199,2.8409126934726814
0.15670035222800524,1.2715970264530116,51.37137184681071,14.47897653632716,26.036902973923866,9.466219961578842,8.166834210854415,3.596912542343837
0.17634048216824733,1.2715970264530116,56.87450439619671,17.64380214572256,28.786233229184234,11.767715603165415,9.05670818372066,4.582468159457364
0.19844221923690444,1.2715970264530116,63.384985072480696,21.218754816346873,32.0768440922101,14.53557905951128,10.072931492814641,5.756813203876766
0.22331409039755062,1.2715970264530116,71.1294517371492,25.167284850263655,36.02948048725294,17.818000751439488,11.328398310933474,7.25787025394707
0.2513032920204875,1.2715970264530116,80.3747670859821,29.404810498317225,40.676718090803405,21.549646907912216,12.770956402505375,9.02636122165049
0.2828005365353655,1.2715970264530116,91.34810072076753,33.766816681587024,46.24852920797829,25.769209787850233,14.51922147769558,11.202522975903427
0.3182455065418344,1.2715970264530116,104.37152749891209,38.090756615130786,52.80812348199926,30.31561189307908,16.60808843293253,13.815109208759967
0.35813299251433084,1.2715970264530116,119.85952296934381,42.227926592870936,60.64504971150046,35.10910256513054,19.073080288983487,16.876478432591206
0.40301979977966995,1.2715970264530116,138.33318863833819,46.06274123049617,70.02980549551988,39.952968504683405,21.999858769094356,20.438049499318417
0.4535325211846986,1.2715970264530116,160.4845971492884,49.529954088559286,81.23590007367345,44.589180346699585,25.527398219331427,24.577607478317383
0.5103762839557767,1.2715970264530116,187.3870319486398,52.62334912588163,94.79057519780233,48.84421592205436,29.761270621116594,29.2744135260987
0.5743445928509872,1.2715970264530116,220.23680603008353,55.3370229967736,111.4459370621338,52.60389366463156,34.9488928676567,34.57213265393338
0.6463304070095649,1.2715970264530116,260.9277148535312,57.704712239699916,131.9752902641912,55.79273727596511,41.43999830114168,40.44173874095134
0.7273386051246984,1.2715970264530116,311.7288568275276,59.748439912950694,157.6337224078443,58.450794110093256,49.48567509119291,46.52261159571298
0.8185000129460304,1.2715970264530116,375.773654585185,61.49885364555585,190.0721810643049,60.64219589013021,59.61730590750534,52.38079466954082
0.9210871889273549,1.2715970264530116,456.52187558116174,62.97490243763942,230.84428406388452,62.41376316070759,72.4697980485737,57.35650796087647
1.0365321883776653,1.2715970264530116,558.7800527241975,64.20850507353947,282.66212119533935,63.849004934796824,88.64276271039068,60.95975680646078
1.166446554092426,1.2715970264530116,688.4596543692381,65.22881983368285,348.2329398664359,64.99891539256478,109.26091209785962,63.37945367411108
1.3126438125222553,1.2715970264530116,853.1650499684041,66.06556485085196,431.5037135221629,65.91945817710237,135.40444628087036,64.99601051245811
1.4771647895120215,1.2715970264530116,1062.286304845683,66.74587335954126,537.1477937277649,66.65300695045059,168.47142966401512,66.11368718833069
1.6623060990028473,1.2715970264530116,1326.7284672597132,67.2936031456837,670.9944624480437,67.23548568538622,210.48672525445917,66.91679175202549
1.8706522023821734,1.2715970264530116,1663.0006303390298,67.73489916338964,840.899786359563,67.69809035003038,263.75827094656955,67.5070661530633
2.1051114860111477,1.2715970264530116,2089.1880537162024,68.08772236423664,1056.4028350541782,68.06461653137475,331.40129436872786,67.94940440677502
2.368956860549917,1.2715970264530116,2629.103080350475,68.36893611447121,1329.5159931061246,68.35452497660128,417.03083369949945,68.28426194356646
2.6658714488230206,1.2715970264530116,3314.9122605450293,68.59309037326437,1676.1457112009814,68.5839783804467,526.0269324965541,68.54147327901912
3.0,1.2715970264530116,4183.774534530604,68.77093240201144,2115.8902387524827,68.76534869391548,663.8663101016604,68.73911675522555
-3.0,1.3214635765099927,3843.383577862585,68.71090092611134,1943.9082731829037,68.70433751321941,610.6173269835839,68.67397691667043
-2.6658714488230206,1.3214635765099927,3018.417752487924,68.50878244176366,1525.4424930401017,68.49728627100465,479.7493541961164,68.44766543538226
-2.368956860549917,1.3214635765099927,2366.141175509682,68.24816905445205,1198.2232468222578,68.23207154739055,375.8624900128734,68.14429764064086
-2.1051114860111477,1.3214635765099927,1856.231802115116,67.91520539200172,939.0842639684007,67.88662248956535,294.9272806048136,67.73960293539334
-1.8706522023821734,1.3214635765099927,1452.1708489956582,67.48252006567674,734.6752994795818,67.43498996974549,231.02887314438166,67.18274184262162
-1.6623060990028473,1.3214635765099927,1136.9400105376194,66.92685581966747,574.6282680163513,66.84494661316636,180.59487247784378,66.39379580528716
-1.4771647895120215,1.3214635765099927,887.5220718617021,66.1999298861789,449.0688901511231,66.06701374004072,141.11184470861122,65.24007281809358
-1.3126438125222553,1.3214635765099927,692.6135317397576,65.25497881311279,350.2510945437124,65.02686832853064,110.03005933638114,63.44366047730532
-1.166446554092426,1.3214635765099927,539.519914488691,64.01336928780233,272.7650041527043,63.621822018206956,85.70050809238995,60.456844354741264
-1.0365321883776653,1.3214635765099927,419.632961447412,62.37461097767437,212.07571663361253,61.69506392462221,66.59231827545229,55.37751737783592
-0.9210871889273549,1.3214635765099927,325.6706300494505,60.19162444501106,164.64589048056274,59.01042530918305,51.72133070951321,47.98195455173069
-0.8185000129460304,1.3214635765099927,252.2679841161728,57.26863999029557,127.52263763115558,55.20176016912325,40.02801209705937,39.23825202166816
-0.7273386051246984,1.3214635765099927,195.0894990544066,53.34612146083272,98.63161587355687,49.83418169688149,30.975848610917595,30.561475346803295
-0.6463304070095649,1.3214635765099927,150.74318200094743,48.13038425320075,76.19451037805521,42.645371195675594,23.91408228475213,22.70775369178329
-0.5743445928509872,1.3214635765099927,116.45748552448326,41.400660980124606,58.83914813310239,34.06640149862376,18.458408036571736,16.117157833264688
-0.5103762839557767,1.3214635765099927,89.9612327519181,33.25382454177999,45.44322945249057,25.178694217612488,14.269408033471914,10.890378334999141
-0.4535325211846986,1.3214635765099927,69.63253359452838,24.43185792612111,35.159669589451084,17.10246459288942,11.039587594685626,6.908708698854273
-0.40301979977966995,1.3214635765099927,54.14393089289944,16.08671284551582,27.329408045105726,10.54450646883592,8.562207518076477,4.028986986956344
-0.35813299251433084,1.3214635765099927,42.35527433403921,9.176383762684479,21.379142322992102,5.7120610734717,6.697700866052538,2.098900660461731
-0.3182455065418344,1.3214635765099927,33.57241019573147,4.295142217870856,16.942156379865857,2.5659513683103063,5.306336422906585,0.9140089526033316
-0.2828005365353655,1.3214635765099927,27.103206275159533,1.4180497926370852,13.663700391234775,0.8129238837924098,4.286709608371948,0.28552302325559475
-0.2513032920204875,1.3214635765099927,22.310455443628527,0.16141983601716314,11.245301834663927,0.08649379517549093,3.5312216090494726,0.0304125579929444
-0.22331409039755062,1.3214635765099927,18.941315731571795,0.06108544755256943,9.546137126704481,0.03851310316385486,2.974595865417472,0.01608837036096871
-0.19844221923690444,1.3214635765099927,16.57411841289755,0.5838021324771441,8.337551698113096,0.3447431696275236,2.621092620213955,0.11508933817535598
-0.17634048216824733,1.3214635765099927,14.981808565019122,1.3158642575172228,7.548816929945846,0.7498755408476105,2.354497561168551,0.26334091374895924
-0.15670035222800524,1.3214635765099927,13.999949737505531,1.9602694646829835,7.050751479698776,1.1098351629779752,2.2134139593370925,0.37318300336248644
-0.13924766500838334,1.3214635765099927,13.442065369480087,2.4033238865053477,6.769690207612493,1.3542796669323747,2.116420611612948,0.46328999635369233
-0.12373879148704055,1.3214635765099927,13.21268865528382,2.6032510902772787,6.662814866786902,1.4557814243868064,2.083967637049934,0.4963242970757594
-0.10995723711238882,1.3214635765099927,13.222639921924179,2.5943533478593808,6.669702724161741,1.4490921501501388,2.0909288194175204,0.4891117062947901
-0.09771061966979347,1.3214635765099927,13.38877927446314,2.448814418947213,6.749904024020177,1.3727044950499443,2.1117642912839534,0.46793792351975905
-0.0868279837415025,1.3214635765099927,13.658143295281684,2.2246325844438934,6.88508569190572,1.2500657810384381,2.154747379563756,0.426174531921454
-0.07715741427178036,1.3214635765099927,13.998377158368509,1.9614359157266197,7.060570407239249,1.1018607828713753,2.2147735402115005,0.3720080743657523
-0.06856391592404971,1.3214635765099927,14.383884874121023,1.6887481501365902,7.260307354312334,0.9475294516100975,2.278965859516734,0.31917109796031423
-0.06092752862714207,1.3214635765099927,14.792396271841858,1.4276688455880184,7.47040192232668,0.8007575524605596,2.34227783198498,0.27192585363855626
-0.0541416530048151,1.3214635765099927,15.20625139440335,1.190654486438608,7.681354778882418,0.6685019362135372,2.4054203676421317,0.2293574752888725
-0.04811156231253989,1.3214635765099927,15.613027921827925,0.9830172229557861,7.887526243797343,0.5530353487789796,2.469012784632374,0.190834251735385
-0.04275308010908995,1.3214635765099927,16.004762088796586,0.8053976164156516,8.085695899833318,0.4541882740340394,2.532039157442593,0.1567362791366796
-0.0379914052040221,1.3214635765099927,16.37667937418251,0.6559182164648508,8.273952072694419,0.37072959068043926,2.5928473052190917,0.12749749131229443
-0.03376006747802295,1.3214635765099927,16.726106078180642,0.5315912004596127,8.451114314419156,0.3010288220348818,2.6501317984731343,0.10308445971618461
-0.03,1.3214635765099927,17.051733993190453,0.42910357217704764,8.616491955045452,0.24334929000755345,2.7032250987123336,0.08305116067897737
0.03,1.3214635765099927,24.18795558884263,0.5290789027144784,12.242450910422855,0.30896034290893065,3.842400905558,0.10795820905205802
0.03376006747802295,1.3214635765099927,24.755671043266332,0.6747536794476472,12.530963107045965,0.3949895223832816,3.9338639676885085,0.13855482086386434
0.0379914052040221,1.3214635765099927,25.411891544443396,0.8607712914964818,12.863838990864846,0.505079976568089,4.039583393619954,0.17793653972049564
0.04275308010908995,1.3214635765099927,26.17208970160753,1.0981341409765126,13.248493344918083,0.6458353713639108,4.161500593272302,0.22840192718822308
0.04811156231253989,1.3214635765099927,27.054459538134694,1.4005540996851114,13.69377239349801,0.8256049866424986,4.301699994690614,0.29270533554733746
0.0541416530048151,1.3214635765099927,28.080307208818784,1.7849001730564606,14.210512326315767,1.05502258254089,4.463017960102955,0.37441759388988266
0.06092752862714207,1.3214635765099927,29.274737589760978,2.2717053197751893,14.8124136179889,1.3478141881368715,4.6503394720189934,0.4788659930463427
0.06856391592404971,1.3214635765099927,30.668112983862137,2.8859306066472135,15.51704451555796,1.7218494566323979,4.871645454760263,0.6143541009160732
0.07715741427178036,1.3214635765099927,32.29877700461359,3.6582793530081923,16.34619725406269,2.199969687875692,5.136043596370982,0.7916997322052957
0.0868279837415025,1.3214635765099927,34.2165541774769,4.6268755892728155,17.324462834936682,2.8095521854038803,5.447669411760725,1.019940923371047
0.09771061966979347,1.3214635765099927,36.48406513665092,5.837449948418647,18.476795170986524,3.580606518765572,5.80559021327372,1.3045499984768711
0.10995723711238882,1.3214635765099927,39.171900260259235,7.33876289084666,19.83147251831896,4.546675303299753,6.224080071888082,1.6635758957077373
0.12373879148704055,1.3214635765099927,42.35289691475033,9.174995456010908,21.435004948119072,5.755143195555115,6.738180070335577,2.1373741228501424
0.13924766500838334,1.3214635765099927,46.11777688913303,11.38867492930619,23.35791746139884,7.272391830286696,7.345427822579479,2.7354177694889135
0.15670035222800524,1.3214635765099927,50.60828843701688,14.032765157852584,25.650312374450518,9.145637700087555,8.045636187111123,3.4665481700705967
0.17634048216824733,1.3214635765099927,55.98143507902488,17.13780564352458,28.335071583350118,11.388328567734167,8.91462983194868,4.422077992695685
0.19844221923690444,1.3214635765099927,62.34827155911288,20.66405023810988,31.553243386092678,14.096116454387433,9.908556959606388,5.563981191470697
0.22331409039755062,1.3214635765099927,69.93739614403572,24.582738021794455,35.42705055923846,17.322903064380885,11.139036816814594,7.028712204408924
0.2513032920204875,1.3214635765099927,79.01897511984245,28.816225058192593,39.99272892107422,21.011331946653446,12.55629653903848,8.761118752816403
0.2828005365353655,1.3214635765099927,89.82772875772403,33.203875814439215,45.48150523022452,25.206915503059967,14.2786414859456,10.901911191436533
0.3182455065418344,1.3214635765099927,102.68761363059754,37.57903301011275,51.959285227425774,29.754406956434345,16.341793421564006,13.482375962989865
0.35813299251433084,1.3214635765099927,118.0097956881215,41.783386271659005,59.71314579395231,34.575622822932345,18.780896295981286,16.515942973115553
0.40301979977966995,1.3214635765099927,136.29468474490238,45.68790518948479,69.00292611887308,39.46826022131346,21.678046050344772,20.051464993704652
0.4535325211846986,1.3214635765099927,158.18945408688586,49.21589804614375,80.0791153373449,44.16238401692837,25.16527823255642,24.161533076947393
0.5103762839557767,1.3214635765099927,184.69630744165445,52.35596584696282,93.4316622293962,48.47342789515074,29.335321339092445,28.81648289373704
0.5743445928509872,1.3214635765099927,216.90997139900608,55.101590973444054,109.76565182631201,52.28162025247826,34.42029875502812,34.05651642746316
0.6463304070095649,1.3214635765099927,256.6160922613392,57.49150459453747,129.79317892326526,55.5090432986656,40.75640128279024,39.86419524639783
0.7273386051246984,1.3214635765099927,305.9654868887717,59.552704916492104,154.71382262331142,58.200126375601194,48.57048568303335,45.89679005338669
0.8185000129460304,1.3214635765099927,367.99120760171473,61.32042266170842,186.13321085461007,60.4231593801364,58.37870675284106,51.765316725549326
0.9210871889273549,1.3214635765099927,446.0113976935307,62.814468307064374,225.519265371113,62.22367286556417,70.79983510439837,56.839346095623085
1.0365321883776653,1.3214635765099927,544.7014193501196,64.06727891978136,275.54090926697296,63.68737624001699,86.40264925086358,60.58179492529393
1.166446554092426,1.3214635765099927,669.8020123822255,65.10718406227588,338.790946012116,64.86330121329203,106.2974794723307,63.11874681447916
1.3126438125222553,1.3214635765099927,828.6753968323519,65.96279510439632,419.1099426332673,65.8073452436988,131.51247622979028,64.81249886328749
1.4771647895120215,1.3214635765099927,1030.416855863496,66.6604405187398,521.0086822406276,66.56134319753876,163.40155568036792,65.98053625365239
1.6623060990028473,1.3214635765099927,1285.4796834964775,67.22327613641886,650.115270367134,67.16116112911948,203.9241418497822,66.81803760268791
1.8706522023821734,1.3214635765099927,1609.9103409113925,67.67766637855846,814.0125622051904,67.63823033597961,255.3123985101706,67.43266110151724
2.1051114860111477,1.3214635765099927,2021.1876570720394,68.04152353115225,1021.985168210185,68.01676065177597,320.57424200501526,67.89273576450596
2.368956860549917,1.3214635765099927,2542.1129547432615,68.33177729493434,1285.4664146174096,68.31629512324379,403.1718132287042,68.24064169923228
2.6658714488230206,1.3214635765099927,3203.87033180164,68.56335730283408,1619.9951911747723,68.55359814287037,508.3703241170765,68.50784538281891
3.0,1.3214635765099927,4042.530878674296,68.74725717801813,2044.3939497022695,68.74125014489934,641.353232667445,68.71297117668294
-3.0,1.3713301265669733,3686.2806600298354,68.67943011931865,1864.4659009831187,68.67229326902819,585.6771476579511,68.63913921981037
-2.6658714488230206,1.3713301265669733,2894.1903820064767,68.46828021093953,1462.6242386052552,68.45576561607218,460.0240018669005,68.40147299077712
-2.368956860549917,1.3713301265669733,2267.8939863534356,68.1957847694976,1148.5072179253443,68.17820134723074,360.27400289264625,68.08204181026039
-2.1051114860111477,1.3713301265669733,1778.4734649998059,67.84742330460155,899.7507541830178,67.8162029773106,282.58383578944853,67.65454927045381
-1.8706522023821734,1.3713301265669733,1390.639536317372,67.39418600619308,703.5485875836837,67.3421835754923,221.25328924778987,67.06357123625419
-1.6623060990028473,1.3713301265669733,1088.1911100840816,66.81154920634587,549.9732205069234,66.72179741780185,172.8549357415643,66.22076156295557
-1.4771647895120215,1.3713301265669733,848.8987852020845,66.04809997058408,429.5341038401048,65.90210517170146,134.97981434031954,64.97670424040538
-1.3126438125222553,1.3713301265669733,661.997584939479,65.0541995813391,334.76725605483733,64.80296587290998,105.17108407017066,63.013721756342626
-1.166446554092426,1.3713301265669733,515.2581041277341,63.74589302645931,260.48635957142756,63.31306896088633,81.84592447608283,59.709670622759944
-1.0365321883776653,1.3713301265669733,400.4002732850938,62.0154339499969,202.34645281213236,61.261992235595955,63.53738691102484,54.15911846940992
-0.9210871889273549,1.3713301265669733,310.43618773653895,59.705208705820546,156.938094537913,58.392069001454985,49.30063139043047,46.39741709483009
-0.8185000129460304,1.3713301265669733,240.21406719999757,56.60587216836287,121.42198309059157,54.309335468582404,38.112446249413594,37.54018782585372
-0.7273386051246984,1.3713301265669733,185.55697942913355,52.44237441590504,93.80796884972942,48.57722551040885,29.461912979278647,28.952931611622873
-0.6463304070095649,1.3713301265669733,143.22847978521858,46.920487640512064,72.39117041135586,41.027527028037554,22.71972464375571,21.297738754072075
-0.5743445928509872,1.3713301265669733,110.54636663085259,39.85802995817809,55.84732649943429,32.257617862748575,17.51838754565228,14.950221063774602
-0.5103762839557767,1.3713301265669733,85.32854085289758,31.461128990260615,43.09850247933258,23.421264069136065,13.533327576215548,9.9724925055554
-0.4535325211846986,1.3713301265669733,66.01885682320223,22.601052025713855,33.330548415012444,15.584371533950701,10.464819023927651,6.220352094905658
-0.40301979977966995,1.3713301265669733,51.34096268612811,14.461221378841307,25.91070757890934,9.361457217162002,8.116287444828187,3.5424178833207023
-0.35813299251433084,1.3713301265669733,40.19603946957487,7.924490114080189,20.286372470981494,4.883137413129317,6.354107673299655,1.780235785545092
-0.3182455065418344,1.3713301265669733,31.922265495755877,3.4753577897831356,16.107186829744556,2.058253249542827,5.043902183207352,0.7280946755085527
-0.2828005365353655,1.3713301265669733,25.85575628073372,0.9966322505638656,13.032323223072199,0.5650034431844079,4.08833717452947,0.1974858639905992
-0.2513032920204875,1.3713301265669733,21.378229756912823,0.05341292453721034,10.773749243508037,0.026909830722576616,3.383155478748203,0.009544504177856999
-0.22331409039755062,1.3713301265669733,18.255867838318018,0.1529077331395601,9.199366460012698,0.09264775347556907,2.8656658921454716,0.03621958827298808
-0.19844221923690444,1.3713301265669733,16.079742643891517,0.773793993474978,8.087651179919277,0.45327009267783847,2.5425682633878814,0.15142136018443053
-0.17634048216824733,1.3713301265669733,14.634913474048739,1.5250297665157215,7.373534281445944,0.866507041051908,2.2994905482494743,0.30333882485828545
-0.15670035222800524,1.3713301265669733,13.765585349640144,2.139159188424007,6.932415287444466,1.2088930399799698,2.176223528357956,0.4062495826427299
-0.13924766500838334,1.3713301265669733,13.292890741818832,2.532122942341813,6.694504095053791,1.4251757504385154,2.0928301015998683,0.4871538820567943
-0.12373879148704055,1.3713301265669733,13.127191308358967,2.6805493527084345,6.619791980031875,1.4980318742321619,2.070506326921154,0.5104710284072804
-0.10995723711238882,1.3713301265669733,13.183981140660876,2.6290349378997884,6.650357962007762,1.4679315298917712,2.084849089136076,0.49540714466849484
-0.09771061966979347,1.3713301265669733,13.38406060308035,2.4528703356904806,6.74778600792413,1.3746865649136928,2.1111503200266735,0.46855306304475935
-0.0868279837415025,1.3713301265669733,13.677513074667525,2.2090596474204256,6.895192561208324,1.2411979255964503,2.1579814842557563,0.4231344721004403
-0.07715741427178036,1.3713301265669733,14.034268983612845,1.9349257844117707,7.079012004865463,1.086983504976712,2.2205595249746213,0.3670342880923842
-0.06856391592404971,1.3713301265669733,14.430524135208271,1.6575231049926238,7.284129629487399,0.9301027615209879,2.286414128602582,0.31336747834877043
-0.06092752862714207,1.3713301265669733,14.845453725701644,1.395773703346368,7.4974225025372405,0.7829905231331793,2.350769607516005,0.2659420529545852
-0.0541416530048151,1.3713301265669733,15.262547005026699,1.1604571251706164,7.7099885036370654,0.6516685752762459,2.414472751115119,0.2236127578804475
-0.04811156231253989,1.3713301265669733,15.670269228059023,0.9557267303041692,7.916631918001796,0.5377880272744883,2.478238907972529,0.18559401077789617
-0.04275308010908995,1.3713301265669733,16.06132748558405,0.7814860983957694,8.11446039857474,0.4407910029598308,2.541149698889339,0.15213118699449138
-0.0379914052040221,1.3713301265669733,16.43144940869452,0.6354201528354484,8.301807818080931,0.359213201904246,2.6016457217544677,0.12355401250213238
-0.03376006747802295,1.3713301265669733,16.778336230710146,0.5143000806994449,8.47767982880173,0.2912911624720607,2.6584965601788375,0.0997654776154138
-0.03,1.3713301265669733,17.100959258572168,0.41469537611193374,8.64152714795933,0.23521967286961443,2.7110882278083612,0.08028995264070482
0.03,1.3713301265669733,24.09523328531428,0.506702030558182,12.195357416046932,0.29578265779842206,3.8276051609935813,0.10332344952772192
0.03376006747802295,1.3713301265669733,24.648351600116808,0.6460982785474997,12.47645647993342,0.3780516055412933,3.9167201734799226,0.1325688551663298
0.0379914052040221,1.3713301265669733,25.28736797226994,0.8240811604148801,12.800610892517291,0.48330810494883714,4.01967282199109,0.17020089418906703
0.04275308010908995,1.3713301265669733,26.02723792684028,1.0511840674485349,13.174984674742433,0.6178603707459793,4.138334832934466,0.2184114620840216
0.04811156231253989,1.3713301265669733,26.88553850514904,1.3405475676067895,13.60812192283353,0.7896882735690973,4.274712433588668,0.27982676324969136
0.0541416530048151,1.3713301265669733,27.88284521217177,1.7083611758394346,14.11048900143135,1.0089635123981506,4.4315397757296955,0.35785289771714357
0.06092752862714207,1.3713301265669733,29.043399387847177,2.174370881517415,14.69532466028866,1.288831610009,4.613542618514924,0.4575775806646367
0.06856391592404971,1.3713301265669733,30.396531222306248,2.7626479201503367,15.37961701528146,1.646435059175849,4.82845842774387,0.5869433827758274
0.07715741427178036,1.3713301265669733,31.979318962356974,3.502908572125339,16.18445372680813,2.1037356959958347,5.085117769229613,0.7563150501426481
0.0868279837415025,1.3713301265669733,33.840007806202514,4.432220531441963,17.13364599882363,2.687143811789022,5.38750572720944,0.9743740547694463
0.09771061966979347,1.3713301265669733,36.03931470140057,5.595326787161465,18.25137973031549,3.4257557802606717,5.734671740678159,1.246403899472591
0.10995723711238882,1.3713301265669733,38.64579949298027,7.040443304532658,19.565122554996716,4.352298761400935,6.14047871085494,1.589793018110549
0.12373879148704055,1.3713301265669733,41.73045225021918,8.812172131159025,21.12016245762977,5.513182353916083,6.63906141870877,2.043502637445923
0.13924766500838334,1.3713301265669733,45.38211828158272,10.954615982618225,22.985370700718438,6.973790192919509,7.22814213377587,2.617048134057923
0.15670035222800524,1.3713301265669733,49.739901442872224,13.523457259014348,25.21024714546613,8.782076315104074,7.907661985205599,3.319420655660731
0.17634048216824733,1.3713301265669733,54.958787608582576,16.554412081706047,27.81825191499618,10.954291503631431,8.751852146654945,4.239644956173366
0.19844221923690444,1.3713301265669733,61.15112828877301,20.016322114781595,30.948365349669317,13.587677864882998,9.718638662990564,5.342463312719341
0.22331409039755062,1.3713301265669733,68.54566503984724,23.88939216759023,34.72332574713776,16.741859736029046,10.91777574807497,6.762062611080852
0.2513032920204875,1.3713301265669733,77.41406600595921,28.10496649922319,39.18256385365409,20.368512085616793,12.301992078086451,8.447697351340835
0.2828005365353655,1.3713301265669733,87.99790301064594,32.50911956697079,44.55770069619304,24.521538321949183,13.98881797123716,10.54010704094283
0.3182455065418344,1.3713301265669733,100.62386590731357,36.93355655353399,50.91831793650131,29.05503090542075,16.01498303551021,13.07374610359248
0.35813299251433084,1.3713301265669733,115.70364251747823,41.211540453636445,58.55060348068665,33.896388544355375,18.416052729582468,16.06471823183847
0.40301979977966995,1.3713301265669733,133.72406367688458,45.19955383478674,67.70710629213403,38.841185584512075,21.27170281490735,19.56141946707018
0.4535325211846986,1.3713301265669733,155.2959622385172,48.80655205691047,78.62023059858318,43.60807193107878,24.708218137011656,23.633338010641538
0.5103762839557767,1.3713301265669733,181.3552031394943,52.01241408095404,91.74498486697374,47.997374439398314,28.80654114138262,28.24333017181096
0.5743445928509872,1.3713301265669733,212.89160229448783,54.80682303922701,107.73674188225799,51.877336094327134,33.78243492267726,33.426890137585
0.6463304070095649,1.3713301265669733,251.564808957133,57.23182888935332,127.23802090226513,55.16233685432282,39.95575625564118,39.175565152546966
0.7273386051246984,1.3713301265669733,299.37903542151093,59.31921659862174,151.37810026694044,57.89980940478054,47.52481569253022,45.16129128861476
0.8185000129460304,1.3713301265669733,359.23565027051256,61.10991640019477,181.7020211373834,60.16353794743937,56.985359313994074,51.04076878756999
0.9210871889273549,1.3713301265669733,434.28004469657935,62.62577192223384,219.57558871443047,61.999067516268894,68.93570709316548,56.22088602847437
1.0365321883776653,1.3713301265669733,529.0321819132189,63.900883726926246,267.61467184551594,63.49616846045457,83.90910783055293,60.12297798152299
1.166446554092426,1.3713301265669733,649.040486421183,64.963319856931,328.28337269833156,64.70232889669248,102.9993612382337,62.80117376735036
1.3126438125222553,1.3713301265669733,801.3980809471472,65.84071622917394,405.3045739768282,65.67376493652776,127.17685420906311,64.58921554329214
1.4771647895120215,1.3713301265669733,994.8757714572852,66.55855505831738,503.0087992443327,66.45174237259636,157.74667297370658,65.81874840224174
1.6623060990028473,1.3713301265669733,1239.420774220767,67.13910926414637,626.8005703908752,67.07202622972602,196.59521745988198,66.69814554808934
1.8706522023821734,1.3713301265669733,1550.5684134774945,67.60898321205823,783.9578748593549,67.56626800219982,245.87069468809955,67.34237964381094
2.1051114860111477,1.3713301265669733,1945.1198751560041,67.98596827050875,983.4830380374464,67.95913306518824,308.4609722187807,67.82400102681159
2.368956860549917,1.3713301265669733,2444.7397505323106,68.28701525819312,1236.1572891724695,68.2701892817649,387.6561928157117,68.18773672503985
2.6658714488230206,1.3713301265669733,3079.515680597461,68.52749410495693,1557.1124764730769,68.51692414463969,488.59478818776677,68.46707495264452
3.0,1.3713301265669733,3884.3033206711148,68.7186774382613,1964.2986416950564,68.71213785299479,616.1297454215576,68.68127374827431
-3.0,1.4211966766239543,3513.7055573803973,68.64159375388397,1777.1995085012263,68.63373518145484,558.2806588262396,68.59704580998212
-2.6658714488230206,1.4211966766239543,2757.717823950317,68.41954213722525,1393.6139183652133,68.40574372481929,438.35396864570424,68.34551847105598
-2.368956860549917,1.4211966766239543,2159.956530131624,68.13267816707793,1093.8870623835548,68.11321514949948,343.14775325248587,68.00637110877862
-2.1051114860111477,1.4211966766239543,1693.0429804697972,67.76567268542898,856.5360912144456,67.73111198849381,269.0221915692507,67.55070716109802
-1.8706522023821734,1.4211966766239543,1323.0400692824717,67.28749638821452,669.351850369792,67.22981420063081,210.5131922588342,66.91717490175988
-1.6623060990028473,1.4211966766239543,1034.6400177104517,66.67207106601361,522.8893668779415,66.57233334713146,164.3522532594413,66.00631669364992
-1.4771647895120215,1.4211966766239543,806.480953373368,65.86410871004182,408.0799337417257,65.70140087807016,128.24501151812936,64.64621571418088
-1.3126438125222553,1.4211966766239543,628.3861144071212,64.81042035166917,317.76865302452234,64.52953110199738,99.83649818025472,62.465638937690855
-1.166446554092426,1.4211966766239543,488.638309201849,63.420470850494134,247.0141755991846,62.93447651884104,77.61637137362803,58.753447244372715
-1.0365321883776653,1.4211966766239543,379.3153124092835,61.57749979781917,191.68040889653867,60.7286347579953,60.1880746004749,52.65554509324977
-0.9210871889273549,1.4211966766239543,293.7531835568702,59.11097251979455,148.4974903873962,57.62766087314967,46.64954465945925,44.528761674555284
-0.8185000129460304,1.4211966766239543,227.03348112081568,55.79531400140579,114.75109025093852,53.20663190464643,36.01773749723955,35.59759267087248
-0.7273386051246984,1.4211966766239543,175.15230976878365,51.33837756324828,88.54301063644147,47.04281108947202,27.80940297712546,27.14865339046359
-0.6463304070095649,1.4211966766239543,135.04460943795374,45.45265037672079,68.2491980455834,39.10562625275212,21.418966879838077,19.739261073636847
-0.5743445928509872,1.4211966766239543,104.12573118336317,38.01688433474612,52.5977267523408,30.17727240691668,16.497318384667295,13.676732156925857
-0.5103762839557767,1.4211966766239543,80.31201241635175,29.37781406101408,40.55961744038145,21.457778168142006,12.736256275253195,8.983444924633062
-0.4535325211846986,1.4211966766239543,62.11957987774565,20.540902173345614,31.35699178200776,13.931232476160378,9.844609712486548,5.48923676101043
-0.40301979977966995,1.4211966766239543,48.32852671457377,12.693002959470729,24.386120187953956,8.105815861732811,7.637078736637932,3.0350990174774117
-0.35813299251433084,1.4211966766239543,37.886022926243164,6.613152888957071,19.117407800848003,4.030263032339198,5.986547753661136,1.4565672920500579
-0.3182455065418344,1.4211966766239543,30.165876574733577,2.659250688894045,15.218561129424717,1.5595370316872375,4.7646049273656335,0.5472629371320809
-0.2828005365353655,1.4211966766239543,24.535699024089734,0.6165716243539476,12.364303179031703,0.34419576620875575,3.8784412895563873,0.11961840497545394
-0.2513032920204875,1.4211966766239543,20.39854717615988,0.0019994386726597977,10.278293104124486,0.0005109630632402966,3.2275745425575972,0.00021158974289288397
-0.22331409039755062,1.4211966766239543,17.541457636925852,0.29797548711739097,8.83802661621347,0.17673081284068393,2.7521923229438774,0.06669762089762302
-0.19844221923690444,1.4211966766239543,15.569869514202091,1.0039024162323,7.830025002048201,0.583913536718408,2.4616015084763023,0.1951067123227824
-0.17634048216824733,1.4211966766239543,14.282208065957384,1.7581218582746518,7.19539255448571,0.9960625131064144,2.243610937518948,0.3476388192733303
-0.15670035222800524,1.4211966766239543,13.532171960472425,2.3276904602273327,6.81463760684441,1.3130339219847023,2.139202163397583,0.44098504738478217
-0.13924766500838334,1.4211966766239543,13.1493117545071,2.6604031944915,6.622223853904604,1.49562204193275,2.0701645503941526,0.5108336500000206
-0.12373879148704055,1.4211966766239543,13.050333045985873,2.7513530492631895,6.581192379302924,1.5366315422530064,2.0584469359626656,0.5233699079273735
-0.10995723711238882,1.4211966766239543,13.155821857793248,2.6544937398632755,6.636370360703737,1.4816552652168198,2.0804528300996656,0.49999264500334556
-0.09771061966979347,1.4211966766239543,13.390872002571967,2.4470170620357514,6.751554113225405,1.3711616311483528,2.112396578392272,0.46730498801673126
-0.0868279837415025,1.4211966766239543,13.708856592636863,2.184013043612921,6.911412453965415,1.227052598947093,2.163146763730561,0.4183083119759663
-0.07715741427178036,1.4211966766239543,14.082153554411127,1.8999221663741963,7.103568073553243,1.0673749568110615,2.2282653520048634,0.36047617217018946
-0.06856391592404971,1.4211966766239543,14.488873667406304,1.6189808185256935,7.3139116167827956,0.9086029011463197,2.2957297152649514,0.30620227830639646
-0.06092752862714207,1.4211966766239543,14.909736845379154,1.3577339874666834,7.5301486574872,0.761801762872103,2.361055248396465,0.258803343426808
-0.0541416530048151,1.4211966766239543,15.329458484541162,1.1251846475799256,7.744014873325134,0.6320036842669582,2.4252284723176074,0.21690107756092084
-0.04811156231253989,1.4211966766239543,15.737447344358381,0.9242896887820714,7.9507853624269265,0.5202205592309059,2.4890631462980592,0.17955614726679503
-0.04275308010908995,1.4211966766239543,16.12712025816754,0.7542115182770086,8.147913540636061,0.42550598835523035,2.5517438396920427,0.14687674373041987
-0.0379914052040221,1.4211966766239543,16.49473349467888,0.6122086822952498,8.33399094431124,0.3461692315531397,2.611810265022131,0.11908669693898413
-0.03376006747802295,1.4211966766239543,16.83838112285187,0.494828231637389,8.50821791453903,0.2803227617964792,2.668112027059189,0.09602613355735413
-0.03,1.4211966766239543,17.157325940374935,0.39853986064049407,8.670192655162637,0.2261019888341766,2.7200917453001874,0.07719231088859484
0.03,1.4211966766239543,23.99221349447618,0.4823203619079484,12.143032971574147,0.28143326099086974,3.811165687578149,0.09827895109887907
0.03376006747802295,1.4211966766239543,24.529208882956016,0.6148879368715072,12.415943721583105,0.3596168151758098,3.897687043900573,0.12605745259653967
0.0379914052040221,1.4211966766239543,25.149237737017213,0.7841327198424082,12.730472120042867,0.4596227494288614,3.997585879192388,0.1617907572603431
0.04275308010908995,1.4211966766239543,25.866687500331302,1.0000759822155758,13.093506602030612,0.5874379229940725,4.112657403748777,0.20755507809119544
0.04811156231253989,1.4211966766239543,26.698455890707415,1.2752321266011135,13.513258415399235,0.7506393632007048,4.244821718800444,0.26583737307850025
0.0541416530048151,1.4211966766239543,27.664311186507632,1.625041731523569,13.999785130382415,0.9588930270070651,4.396699922054866,0.33986423130449056
0.06092752862714207,1.4211966766239543,28.78753582662423,2.0683760583506823,14.565812956573323,1.2247058651980995,4.572841080163357,0.4344614517176162
0.06856391592404971,1.4211966766239543,30.096305857881315,2.6283048409080703,15.227682571724108,1.5644150322653245,4.780711759310281,0.5571755278168257
0.07715741427178036,1.4211966766239543,31.626272337596355,3.333413011492551,16.005689087472533,1.9989985503190837,5.028831918536981,0.7178707494350937
0.0868279837415025,1.4211966766239543,33.42388138895339,4.219523808541095,16.922753904604207,2.553765979016045,5.321010907244613,0.9248260651763223
0.09771061966979347,1.4211966766239543,35.54765147871342,5.33015411064324,18.0021620286168,3.2567375458976193,5.656261749270295,1.1830955671657486
0.10995723711238882,1.4211966766239543,38.0637337750972,6.712697375172024,19.270397524159378,4.139621243778732,6.047967583924534,1.5093079133090384
0.12373879148704055,1.4211966766239543,41.040793421890115,8.411883692695064,20.771259140616092,5.24755931112907,6.529215689539874,1.940826293522101
0.13924766500838334,1.4211966766239543,44.56513710987125,10.473082557466421,22.57156043760328,6.644522722895694,7.097855573322098,2.4870946067390576
0.15670035222800524,1.4211966766239543,48.772233000702,12.954373049959457,24.719752477113783,8.378802196569573,7.753866501976134,3.1571088640043605
0.17634048216824733,1.4211966766239543,53.81376877586204,15.89653550384584,27.239404722537504,10.469156346871703,8.56951844371069,4.037068882309263
0.19844221923690444,1.4211966766239543,59.80196371756638,19.277430219879143,30.266442891367646,13.01381967010252,9.504504606077534,5.094457843901687
0.22331409039755062,1.4211966766239543,66.96363821126347,23.087172283132062,33.92302052904072,16.077873721921577,10.666094880519127,6.46033545098207
0.2513032920204875,1.4211966766239543,75.56966545629443,27.268026857312147,38.25102901964437,19.62273662300567,12.009548877524507,8.088489014383246
0.2828005365353655,1.4211966766239543,85.86681263854156,31.675789247071577,43.4811648656973,23.71185901889138,13.651013902538061,10.1190115889908
0.3182455065418344,1.4211966766239543,98.18409334085804,36.143619003532905,49.68701125010592,28.212027568714294,15.628194208550099,12.58985309686932
0.35813299251433084,1.4211966766239543,112.93611594427601,40.49842151231459,57.15472967647538,33.06058102728278,17.97766302823639,15.521142850874664
0.40301979977966995,1.4211966766239543,130.60285571976004,44.58197902771657,66.13275918365022,38.055758446035156,20.77777973125272,18.96298422931565
0.4535325211846986,1.4211966766239543,151.76962852356598,48.28638620886559,76.84159870282471,42.9073026083297,24.150615920913186,22.98446396946631
0.5103762839557767,1.4211966766239543,177.3168051957721,51.5791474314391,89.70689331473712,47.39772474004025,28.167492527691888,27.543835655650604
0.5743445928509872,1.4211966766239543,208.1358735255883,54.442393281093956,105.33626984952765,51.37642805629035,33.028207740765055,32.67199385265843
0.6463304070095649,1.4211966766239543,245.75142744755945,56.91891482258736,124.29909886777578,54.74291089479674,39.03468282929307,38.367090214905126
0.7273386051246984,1.4211966766239543,291.99626561700194,59.04419277364527,147.64090934690802,57.54432168347477,46.35316489540927,44.31107390229859
0.8185000129460304,1.4211966766239543,349.6038828817574,60.8654626771003,176.8282334233908,59.86044449847674,55.452901846092146,50.203548788039214
0.9210871889273549,1.4211966766239543,421.5071458951417,62.407771616793354,213.10430880410163,61.738206484673526,66.90598764943381,55.494842543913364
1.0365321883776653,1.4211966766239543,512.0371394449264,63.70839439550701,259.01744241824315,63.273933708212304,81.20410004135381,59.57437035199537
1.166446554092426,1.4211966766239543,626.5243811988685,64.79612497120198,316.88658968535077,64.51446214347676,99.42181441043358,62.419166125940905
1.3126438125222553,1.4211966766239543,771.7665655149607,65.69802552909421,390.3063908624815,65.51707016928853,122.46605266685293,64.32065605760978
1.4771647895120215,1.4211966766239543,956.1860234862662,66.43881914913277,483.41148610980247,66.3225345276463,151.58904814141076,65.62428514641235
1.6623060990028473,1.4211966766239543,1189.1726188235639,67.03970074574588,601.363596143687,66.96648754768825,188.59759859263934,66.5540681718067
1.8706522023821734,1.4211966766239543,1485.714343081154,67.52754346021744,751.108033091812,67.48075598739571,235.54929713783844,67.23388610756672
2.1051114860111477,1.4211966766239543,1861.872616987789,67.91989938271789,941.3439950208003,67.89048357189932,295.200607665822,67.74139463121155
2.368956860549917,1.4211966766239543,2338.05343518204,68.23364706259406,1182.1273561498203,68.21513948404393,370.65115698252714,68.12412942610364
2.6658714488230206,1.4211966766239543,2943.1512645073144,68.48465468800885,1488.1559320567358,68.47307258105558,466.90520694879064,68.41806643492347
3.0,1.4211966766239543,3710.699395438812,68.68449773384427,1876.4146424092598,68.67728911245284,588.4469047359127,68.64316302264902
-3.0,1.471063226680935,3327.260450144723,68.59627326136805,1682.919649095395,68.5875039275766,528.682626055429,68.54632316765245
-2.6658714488230206,1.471063226680935,2610.2493184131804,68.3610947046017,1319.0423242071463,68.34567176028884,414.9379805616864,68.27787895197568
-2.368956860549917,1.471063226680935,2043.3004722507744,68.05688816555251,1034.8551292052557,68.03503920636322,324.63826560538257,67.91450477054833
-2.1051114860111477,1.471063226680935,1600.6988271093296,67.66734377749339,809.8239412632499,67.62853365464417,254.3628989687428,67.42393582012929
-1.8706522023821734,1.471063226680935,1249.963649951012,67.15893295825691,632.3841144260392,67.09400058122131,198.90266026216676,66.73706435867162
-1.6623060990028473,1.471063226680935,976.7498149352612,66.50366903526535,493.6106053877155,66.39113993147245,155.16033595691414,65.73955625051532
-1.4771647895120215,1.471063226680935,760.6318964080641,65.64144447658346,384.89019519563027,65.45723747966106,120.96518463697672,64.22869913017571
-1.3126438125222553,1.471063226680935,592.0660486985743,64.51467827535016,299.400375356577,64.19546886871709,94.0718574510404,61.76071378331874
-1.166446554092426,1.471063226680935,459.8886804757357,63.02467037107335,232.4637237586355,62.46961598805903,73.04802785791445,57.52784926860153
-1.0365321883776653,1.471063226680935,356.560762021022,61.04342683081235,180.16992928460442,60.070314294118866,56.57334169943861,50.81986878408102
-0.9210871889273549,1.471063226680935,275.7690644385122,58.38458084715856,139.39862954709355,56.68041233806155,43.79145259353435,42.35517055780092
-0.8185000129460304,1.471063226680935,212.84614770463156,54.80342133023846,107.57059402472238,51.84346975442073,33.7629078451604,33.40748764701822
-0.7273386051246984,1.471063226680935,163.9735973969036,49.990226107921956,82.88636245368917,45.17920324162354,26.033888291366978,25.155928419924784
-0.6463304070095649,1.471063226680935,126.27217120199677,43.677549111425975,63.80937181640592,36.848379901396136,20.024604354303396,18.044933532257353
-0.5743445928509872,1.471063226680935,97.26189869463015,35.837256985031814,49.1239145949658,27.820865578007055,15.405735609604395,12.311480752370787
-0.5103762839557767,1.471063226680935,74.96617797573232,26.989631121698267,37.85418010799474,19.302959691564176,11.886856366396465,7.938213498915456
-0.4535325211846986,1.471063226680935,57.9793994838114,18.265035710510382,29.261634902105158,12.167810117396655,9.18606616857581,4.729390653746563
-0.40301979977966995,1.471063226680935,45.14308027019799,10.813654504848925,22.774112808571154,6.8053627691927305,7.13038460674704,2.5193850441937498
-0.35813299251433084,1.471063226680935,35.45479406246804,5.280381015213481,17.887226465254717,3.179589089616938,5.59973010287526,1.13810846607193
-0.3182455065418344,1.471063226680935,28.327064654283166,1.8821765907097574,14.288344170584354,1.091391407593291,4.472237596989746,0.3793245650960318
-0.2828005365353655,1.471063226680935,23.162069697073417,0.30507323268355346,11.669287470933615,0.16605553290556338,3.660052401208061,0.05727632025350141
-0.2513032920204875,1.471063226680935,19.3865392581168,0.024343407897858178,9.766598902215485,0.016651912580797054,3.066884953553452,0.0055237371234504095
-0.22331409039755062,1.471063226680935,16.810015545076133,0.5039728973657623,8.46816306688452,0.2947585112571475,2.636078588194449,0.10879996402632562
-0.19844221923690444,1.471063226680935,15.053857656992008,1.2748220125165313,7.569416348086932,0.7368501416700329,2.3796812062505457,0.24617713368011546
-0.17634048216824733,1.471063226680935,13.930989897732202,2.0118464438040333,7.018088189222432,1.1366302010550382,2.1880220922875844,0.39556394396545974
-0.15670035222800524,1.471063226680935,13.305367482902302,2.521176915555816,6.700284899470982,1.4196392910030706,2.103249946608765,0.4765159628514454
-0.13924766500838334,1.471063226680935,13.015693630666147,2.7836755878670068,6.5550606189119955,1.5631397651850114,2.049119716670934,0.533494230586232
-0.12373879148704055,1.471063226680935,12.98546299399912,2.8120950393607984,6.548711686012989,1.5696264025282054,2.0483225658667483,0.5343655299473486
-0.10995723711238882,1.471063226680935,13.140717053446654,2.6682185621331573,6.629033533018187,1.4888879163760038,2.078146562130553,0.5024093993098844
-0.09771061966979347,1.471063226680935,13.411151360379977,2.429645727576872,6.7621897551373475,1.3612446663619282,2.115811799082672,0.46389598161134193
-0.0868279837415025,1.471063226680935,13.753633776691519,2.148557967348425,6.93448460721665,1.2071134028994226,2.170475616580919,0.4115219596423136
-0.07715741427178036,1.471063226680935,14.143121557487003,1.8559529360601905,7.134790564307944,1.0427728930282654,2.238064374655144,0.352244770332505
-0.06856391592404971,1.471063226680935,14.559739911929912,1.5729450647825798,7.350061161941105,0.8829302923811759,2.307040785335462,0.297640628413149
-0.06092752862714207,1.471063226680935,14.985834218979166,1.313549680161899,7.568877917619768,0.7371888114689846,2.3732283649876713,0.2505077697071218
-0.0541416530048151,1.471063226680935,15.407408253197747,1.0849331137759743,7.7836473487792155,0.6095582490464232,2.4377547042631575,0.2092391966315054
-0.04811156231253989,1.471063226680935,15.814858597139386,0.8888474527589486,7.9901362572329555,0.5004096599810486,2.501532544765076,0.17274659687700025
-0.04275308010908995,1.471063226680935,16.202341606642957,0.7237298887812107,8.186156878970829,0.4084187870510337,2.563853438019212,0.14100198164242048
-0.0379914052040221,1.471063226680935,16.566661574537783,0.5864370077048148,8.370566942732435,0.3316822842363912,2.623361448231476,0.1141241600858513
-0.03376006747802295,1.471063226680935,16.906317793147956,0.47331689068128247,8.542767288092099,0.26820201879174854,2.6789903208581554,0.09189282960924094
-0.03,1.471063226680935,17.220872248864097,0.38076222856508757,8.702507547812283,0.21606600836273077,2.7302416322366114,0.07378166495000091
0.03,1.471063226680935,23.87932492233229,0.45619073752790007,12.08569508651654,0.2660656544921286,3.7931508379341254,0.09287932717404196
0.03376006747802295,1.471063226680935,24.398757345166445,0.5814519108043652,12.34968582172411,0.33988311212223415,3.876846673815564,0.11909148787942174
0.0379914052040221,1.471063226680935,24.998120231802886,0.7413476302069947,12.653736802596177,0.43427911726061313,3.9734214706188493,0.1527981455292807
0.04275308010908995,1.471063226680935,25.691186544810854,0.9453489544636924,13.00443832667465,0.5548967490533097,4.08458776575272,0.19595215043143227
0.04811156231253989,1.471063226680935,26.494118040269512,1.2052951253617605,13.409640904937575,0.7088810583379239,4.212172425659353,0.25089174343055504
0.0541416530048151,1.471063226680935,27.425806251532585,1.5358149147630826,13.87895790924264,0.9053538660765466,4.358673708341449,0.32065132254428874
0.06092752862714207,1.471063226680935,28.50848809584114,1.954824050719918,14.424556740814994,1.156131952991609,4.528448017881993,0.40977542243053083
0.06856391592404971,1.471063226680935,29.76907436925342,2.4842858435230157,15.062069168610355,1.4766767395216607,4.728665713913682,0.5253837261578659
0.07715741427178036,1.471063226680935,31.24164098635167,3.15151513228699,15.810917160530963,1.886886946756698,4.967505250060179,0.6767980190681199
0.0868279837415025,1.471063226680935,32.97063310278691,3.9909050801704735,16.693031226811776,2.410846535958766,5.248577209831669,0.8718532295737262
0.09771061966979347,1.471063226680935,35.01209859361461,5.044503513786912,17.730672863544996,3.0753435253604287,5.570841693119236,1.1153366802761113
0.10995723711238882,1.471063226680935,37.42942890952382,6.358584862273419,18.949181907187317,3.9108665931111775,5.947138404544146,1.4230263984310787
0.12373879148704055,1.471063226680935,40.28851633284285,7.977672396256021,20.390617679353237,4.960998295116046,6.40937428207245,1.830498582175115
0.13924766500838334,1.471063226680935,43.67249907237457,9.948018433205998,22.11935340123301,6.287871099455271,6.955470347987878,2.3470116074866634
0.15670035222800524,1.471063226680935,47.71225488282569,12.329652498436364,24.18235721036943,7.9396661349509365,7.585356493938356,2.9814204270686595
0.17634048216824733,1.471063226680935,52.55491244867554,15.168112143562599,26.602834855014038,9.937265453335225,8.368985151924601,3.8165755665042793
0.19844221923690444,1.471063226680935,58.31107311013582,18.45044431345407,29.51266753297966,12.37915617380699,9.267784496468709,4.822625969139983
0.22331409039755062,1.471063226680935,65.20341259038234,22.17731292623317,33.03223258302582,15.335328591187233,10.385910719079815,6.12660891526707
0.2513032920204875,1.471063226680935,73.49932139004956,26.303597148641423,37.204921366453256,18.777259678996288,11.681099200452993,7.686818803397004
0.2828005365353655,1.471063226680935,83.44819269857015,30.697856683950707,42.25876145364926,22.778555819064014,13.267376994633118,9.64179841287756
0.3182455065418344,1.471063226680935,95.3795329186095,35.19834416648961,48.270906188518794,27.221627924644096,15.183148133153404,12.032945570591536
0.35813299251433084,1.471063226680935,109.71113628099452,39.62864462947872,55.527281407647585,32.05808360745532,17.466245739526613,14.88531950523585
0.40301979977966995,1.471063226680935,126.92089460208221,43.81669577696299,64.27442811570823,37.09471894998161,20.194521389889648,18.252602589998947
0.4535325211846986,1.471063226680935,147.57931865813745,47.63589485234857,74.7271270114736,42.0372467138443,23.487344576650475,22.2063814082086
0.5103762839557767,1.471063226680935,172.52611687569788,51.0378421230415,87.28944469370684,46.650033939423054,27.409370252579293,26.704480855327006
0.5743445928509872,1.471063226680935,202.57143943942432,53.9930168583565,102.52818169411425,50.757342481590996,32.146414908751794,31.775237045110984
0.6463304070095649,1.471063226680935,239.10958549267048,56.54158906546511,120.94345394729764,54.23489677457529,37.982794987856316,37.42254507891937
0.7273386051246984,1.471063226680935,283.78921984390666,58.7206018352144,143.4891996484739,57.12374903470885,45.05141941697505,43.33386945256095
0.8185000129460304,1.471063226680935,339.1416705859931,60.58327601284453,171.53602449778643,59.50849525168083,53.78907971019344,49.24551894733871
0.9210871889273549,1.471063226680935,407.8408227865171,62.15861384568045,206.18128621547277,61.43829277660916,64.73448842261814,54.65326651128487
1.0365321883776653,1.471063226680935,493.9803974452552,63.488715675099705,249.88331537141417,63.01895486252529,78.32967790503061,58.92585111158384
1.166446554092426,1.471063226680935,602.6358448946547,64.6045611139919,304.7937969464561,64.29816600913168,95.62538922775312,61.963904977193394
1.3126438125222553,1.471063226680935,740.2775345622504,65.53347515997055,374.3661723819998,65.33561224896249,117.45855600302183,64.0003556905707
1.4771647895120215,1.471063226680935,914.9585653698592,66.29979658258588,462.52422899982037,66.17195256226567,145.0246900800175,65.39235837915788
1.6623060990028473,1.471063226680935,1135.4619373062965,66.92350831383285,574.1707662011241,66.84276294898923,180.04535771273268,66.38213059393499
1.8706522023821734,1.471063226680935,1416.2073116993595,67.4318389224358,715.8950322199128,67.38000256466115,224.48276805385436,67.10431369539552
2.1051114860111477,1.471063226680935,1772.4657802726638,67.8419355179581,896.0815485914625,67.80930792223467,280.9523086150699,67.64266546400216
2.368956860549917,1.471063226680935,2223.265604035481,68.17044350881216,1123.98567830992,68.14982841369697,352.34499244860996,68.04802536454086
2.6658714488230206,1.471063226680935,2796.2328869426847,68.43378297709921,1413.860941867,68.42093670831224,443.5297312795007,68.35942253934118
3.0,1.471063226680935,3523.4980633800174,68.64384059594383,1781.6374977649973,68.63578878206046,558.5807425992306,68.59753071953824
-3.0,1.520929776737916,3128.635916599321,68.54200342033653,1582.4817075323158,68.53207723244087,497.1520092154143,68.48514514627227
-2.6658714488230206,1.520929776737916,2453.0989117800245,68.2909987489453,1239.5726932618709,68.27350394053498,389.98518186396865,68.19597333837976
-2.368956860549917,1.520929776737916,1918.9446606160661,67.96582005473567,971.9278531761132,67.94091926248191,304.9076658840803,67.80266430506963
-2.1051114860111477,1.520929776737916,1502.2350876616974,67.54896739037918,760.0159755455816,67.5047044326073,238.7322054251598,67.26852484899067
-1.8706522023821734,1.520929776737916,1172.0287645479007,67.00379411790033,592.9581902454532,66.92951884172994,186.52014541292291,66.51411570466848
-1.6623060990028473,1.520929776737916,915.0055872971012,66.29996246522794,462.3818810823888,66.17087650780712,145.35618247237713,65.40474997760914
-1.4771647895120215,1.520929776737916,711.7333600791646,65.37132048706903,360.1580334705374,65.15914712286168,113.20101909541098,63.694640887813094
-1.3126438125222553,1.520929776737916,553.3405034769614,64.15482613990622,279.81570120949505,63.78549821582379,87.92528883159794,60.84201283196772
-1.166446554092426,1.520929776737916,429.252065897536,62.541582590856464,216.95768394473694,61.89567858755428,68.17939284136139,55.95694907781634
-1.0365321883776653,1.520929776737916,332.33280474185875,60.3895182153589,167.91418757374532,59.2526419903359,52.724285147265945,48.60505877977343
-0.9210871889273549,1.520929776737916,256.643695071886,57.4928937640328,129.72234940771344,55.49964745573671,40.751704996917034,39.860194362131274
-0.8185000129460304,1.520929776737916,197.78328619313035,53.584963828880376,99.94685146321103,50.15451185523616,31.36877453903213,30.971844513142813
-0.7273386051246984,1.520929776737916,152.12903454323984,48.3405110333384,76.89275606335373,42.927849631755926,24.152541547059506,22.98671314207744
-0.6463304070095649,1.520929776737916,117.00054573173472,41.53557328735745,59.11692316790891,34.229178465229225,18.550831109816357,16.231535454310436
-0.5743445928509872,1.520929776737916,90.02863928287813,33.27900580121873,45.4632369541139,25.19344794710217,14.255363450157883,10.872836949032118
-0.5103762839557767,1.520929776737916,69.35172750295587,24.29238661006091,35.012922374883914,16.9813069638279,10.994771471823634,6.854711171678751
-0.4535325211846986,1.520929776737916,53.64797379302242,15.800894486021829,27.069631844319463,10.32711635454717,8.497087244822922,3.957141900946281
-0.40301979977966995,1.520929776737916,41.82498204159285,8.867185273201518,21.095132920885167,5.49403721172739,6.602632528215717,2.0092909201428526
-0.35813299251433084,1.520929776737916,32.93492698959034,3.9730355182086043,16.612331189732668,2.3612442749717415,5.198844647127381,0.8361029398363629
-0.3182455065418344,1.520929776737916,26.43192255937731,1.184303922428661,13.329752537890853,0.6773342994943863,4.170956205752772,0.23253265055584024
-0.2828005365353655,1.520929776737916,21.755590043853303,0.09057413749896248,10.9577790854664,0.04635787605800601,3.4364702778239686,0.015769458118238815
-0.2513032920204875,1.520929776737916,18.358577995250595,0.13630122617499493,9.246960633859636,0.08372842852671392,2.90369030104126,0.028213414797786652
-0.22331409039755062,1.520929776737916,16.07437263505019,0.7760324006030684,8.096277677017921,0.4492322440621498,2.5193721648174154,0.16327309983925342
-0.19844221923690444,1.520929776737916,14.54171603939605,1.5845735628206408,7.310897788948896,0.9107641999712234,2.2983997175752657,0.3041676449032092
-0.17634048216824733,1.520929776737916,13.589023000259626,2.280796563968848,6.845553532088947,1.2851502293355166,2.1339617237270176,0.44605225791288994
-0.15670035222800524,1.520929776737916,13.091162583611863,2.713583682877767,6.592391905957519,1.525363981639829,2.069319862254516,0.51173059079425
-0.13924766500838334,1.520929776737916,12.89663779637103,2.8967452667026863,6.495344865419145,1.6248719260572955,2.0304289564450264,0.5541755189895577
-0.12373879148704055,1.520929776737916,12.93609676768948,2.858928763796971,6.524129540229618,1.59491326013954,2.0406927335150895,0.5427533416818536
-0.10995723711238882,1.520929776737916,13.141337944011484,2.6676534505323892,6.629699728891079,1.4882302055621466,2.0783552539823065,0.502190391512419
-0.09771061966979347,1.520929776737916,13.446916566394329,2.3992107126324083,6.780714676690752,1.3440850793579175,2.1217173972251606,0.45803969776163034
-0.0868279837415025,1.520929776737916,13.813358378768086,2.101860597860966,6.965175334793907,1.1809189972589,2.1802089366824546,0.40261959149929744
-0.07715741427178036,1.520929776737916,14.218298587980444,1.8026502242072244,7.173248938780185,1.0129719234785286,2.2501354503140956,0.34226974427424306
-0.06856391592404971,1.520929776737916,14.643950589096791,1.519332713594464,7.392996748981957,0.8530361465698355,2.3204788651947585,0.28766429731734594
-0.06092752862714207,1.520929776737916,15.07434594675081,1.2632984563811558,7.613913538141624,0.7091916900981455,2.387384376530401,0.24106748907847933
-0.0541416530048151,1.520929776737916,15.496823301405696,1.0398612110617167,7.829101624610102,0.5844176413908634,2.4521193132203547,0.20065547737497966
-0.04811156231253989,1.520929776737916,15.902799010366072,0.8495909558893598,8.034834063588805,0.47845940891127176,2.5156940589125103,0.16520060961866032
-0.04275308010908995,1.520929776737916,16.287189075311574,0.6902361159770608,8.229290057715405,0.3896365376785993,2.5775097306693815,0.1345432943885052
-0.0379914052040221,1.520929776737916,16.64735769870249,0.558288713926353,8.411598269053528,0.3158539066361679,2.6363188156743473,0.10870078514222234
-0.03376006747802295,1.520929776737916,16.98221597302137,0.44993099201753306,8.581362918719838,0.25502060200081444,2.691142379070545,0.08739647236893533
-0.03,1.520929776737916,17.291628273106017,0.3615061635560481,8.738486742956606,0.20519188643846337,2.7415425641174243,0.0700849623330292
0.03,1.520929776737916,23.75703176771654,0.4285871180184334,12.023579289172025,0.24984323128746802,3.773634628397952,0.08718261787691893
0.03376006747802295,1.520929776737916,24.257553631317684,0.5461414277392522,12.277965189495335,0.3190611493272736,3.8542878969058876,0.1117462403773267
0.0379914052040221,1.520929776737916,24.834685266795514,0.6961758616027662,12.57074466094687,0.40754875880264985,3.947286560556684,0.14332075669499816
0.04275308010908995,1.520929776737916,25.501543773766464,0.887578701205312,12.908189794574794,0.5205867007939855,4.05425506623005,0.1837294049376369
0.04811156231253989,1.520929776737916,26.27350456965494,1.131471605761339,13.297765588779981,0.6648636160552646,4.176920836232578,0.2351539917367961
0.0541416530048151,1.520929776737916,27.16852073330891,1.4416162270109805,13.748609760230817,0.8489246453011376,4.317650676442464,0.3004263252633336
0.06092752862714207,1.520929776737916,28.2077068105786,1.8349002721053655,14.27228970983976,1.0838520767415125,4.480594028829699,0.38379360190478723
0.06856391592404971,1.520929776737916,29.41660959743152,2.3320843608988424,14.883673410407997,1.3841701568201066,4.672602132703049,0.4919227633916224
0.07715741427178036,1.520929776737916,30.827597837505337,2.9590827344954804,15.60123753793318,1.7686133833486146,4.901483986548669,0.6335570503478292
0.0868279837415025,1.520929776737916,32.482934689271964,3.7486791005086073,16.445831076688837,2.2599265218199367,5.170631098115036,0.8160511437552603
0.09771061966979347,1.520929776737916,34.43595246623944,4.741209893798191,17.438581878811977,2.8835195497297357,5.4789367472213355,1.043892433291256
0.10995723711238882,1.520929776737916,36.74696562327092,5.981521950236635,18.60354048823338,3.6684699199376127,5.8386395445745025,1.3319277757831216
0.12373879148704055,1.520929776737916,39.47868549255224,7.513562510101865,19.98079882840358,4.656515117780089,6.280343655324711,1.7137759125013061
0.13924766500838334,1.520929776737916,42.71050040768131,9.384015547639326,21.631937178218937,5.9075224690314805,6.801989897990062,2.1983990763497236
0.15670035222800524,1.520929776737916,46.56780632032279,11.654297131900723,23.602032295140642,7.469084859127198,7.403377557644771,2.7943697782880794
0.17634048216824733,1.520929776737916,51.19197497933093,14.374198196550587,25.913469074958297,9.363748553957404,8.151805252943522,3.580691310285899
0.19844221923690444,1.520929776737916,56.690515034908344,17.53983253395648,28.693127752800176,11.68939264564813,9.01039043150743,4.530065786124276
0.22331409039755062,1.520929776737916,63.279684172980915,21.162680791663075,32.058384639160586,14.520098217890823,10.079558315877668,5.764607976584015
0.2513032920204875,1.520929776737916,71.2204692865813,25.211561403662877,36.05301541667106,17.837296891922584,11.319397822106716,7.246959327594081
0.2828005365353655,1.520929776737916,80.76158180211898,29.57068643383487,40.90030687855231,21.72471841731773,12.840983878738658,9.113013683780967
0.3182455065418344,1.520929776737916,92.22984951908725,34.08743589331419,46.679816055945224,26.082643376981817,14.682916531293577,11.407177982951712
0.35813299251433084,1.520929776737916,106.0440571601016,38.586086097535954,53.67578850403378,30.88079052214958,16.884145109033668,14.159759789935036
0.40301979977966995,1.520929776737916,122.68156130908666,42.882885355983284,62.133474181894634,35.94102150079897,19.522315762083107,17.429258885698413
0.4535325211846986,1.520929776737916,142.70592251027654,46.83167056501634,72.26668303692448,40.972248497339734,22.71514253870442,21.292289395927426
0.5103762839557767,1.520929776737916,166.93102103010295,50.364970253386375,84.46589605098094,45.723694233331116,26.523722195175523,25.71112693519344
0.5743445928509872,1.520929776737916,196.10987754204308,53.43740418124615,99.26743422510823,49.99017991956043,31.123019349038284,30.715526061053474
0.6463304070095649,1.520929776737916,231.52658448384068,56.08263229403916,117.11441901944706,53.61384902302336,36.782221971476744,36.31689412246829
0.7273386051246984,1.520929776737916,274.6539487316938,58.336208599410305,138.8715395320974,56.6210486218052,43.60338418567268,42.20630364635382
0.8185000129460304,1.520929776737916,327.8018136748709,60.25585589448133,165.80290314573648,59.09745092887398,51.98711666286085,48.14896698797393
0.9210871889273549,1.520929776737916,393.34376186828257,61.87437316437942,198.8400394072019,61.09392589242938,62.431728993033104,53.68285924678284
1.0365321883776653,1.520929776737916,475.0727501658984,63.23995537833531,240.32020639854693,62.72851484192211,75.3198578806556,58.16469525112666
1.166446554092426,1.520929776737916,577.7516485019387,64.38750342186997,292.1961863644376,64.05173950906845,91.6700586155306,61.42487352724904
1.3126438125222553,1.520929776737916,707.4735054646708,65.34596207903151,357.7582489661654,65.12783634995886,112.24026020149871,63.62083952512391
1.4771647895120215,1.520929776737916,871.8951060108702,66.140163539947,440.70026394189,65.99828462403094,138.16387322061428,65.11748273454941
1.6623060990028473,1.520929776737916,1079.1389974404956,66.78896590802209,545.6506365336044,66.69899465998459,171.07171886207894,66.17805230505067
1.8706522023821734,1.520929776737916,1343.0517856216788,67.32021922555248,678.8231193617281,67.26212159740784,212.82788746254073,66.95023745432229
2.1051114860111477,1.520929776737916,1678.0783009993058,67.7504835109238,848.2883479108839,67.71385112407745,265.89900925555963,67.52505554699779
2.368956860549917,1.520929776737916,2101.7504289616827,68.09592619702437,1062.4213372971547,68.0726572966499,332.94948992492516,67.9571702521384
2.6658714488230206,1.520929776737916,2640.3785854172947,68.37357166864925,1335.044432682853,68.35914079011374,418.72055896185617,68.2893646093449
3.0,1.520929776737916,3324.645780851918,68.59560128788804,1680.9448754222171,68.58647912872546,526.829997685856,68.54294537677588
-3.0,1.5707963267948966,2919.5641921884253,68.47683535903579,1476.76233534573,68.46542474886745,463.9646334162477,68.41104062829521
-2.6658714488230206,1.5707963267948966,2287.606919685469,68.20666015499532,1155.8810514663573,68.18649170683315,363.7090805159913,68.0962684415441
-2.368956860549917,1.5707963267948966,1787.923871634311,67.85598023749655,905.6300337256148,67.82713071471122,284.12077548826477,67.66560108935481
-2.1051114860111477,1.5707963267948966,1398.457211828814,67.40584751165446,707.5196058098664,67.3544976538576,222.25822425593836,67.07640138843948
-1.8706522023821734,1.5707963267948966,1089.8629732315062,66.81567824791594,551.3914504628782,66.7291966692512,173.46559084836812,66.2351294747903
-1.6623060990028473,1.5707963267948966,849.9014332549301,66.05222072532816,429.45259127649615,65.90138333506643,135.01821202680628,64.97845697456667
-1.4771647895120215,1.5707963267948966,660.1767940353703,65.04165167105045,334.08151451377114,64.79252453887486,105.01475189540002,62.998871736598005
-1.3126438125222553,1.5707963267948966,512.5234196963228,63.71408720953647,259.1733923679117,63.27811216110241,81.4466383921439,59.62588809577333
-1.166446554092426,1.5707963267948966,396.98315083129586,61.94778425572597,200.62469968505454,61.18031183210721,63.050826756711906,53.95191759684154
-1.0365321883776653,1.5707963267948966,306.8399610725187,59.58290567298873,155.0186096815137,58.226810546100694,48.67395485956537,45.96837926797156
-0.9210871889273549,1.5707963267948966,236.54924582831597,56.39011878366723,119.55572548027962,54.01511947696082,37.55760246951491,37.03432750141489
-0.8185000129460304,1.5707963267948966,181.9878393216583,52.07847514481944,91.95216667218374,48.05681752961473,28.858021099332767,28.299355849812542
-0.7273386051246984,1.5707963267948966,139.73750960518177,46.31479966479562,70.62235003871452,40.22781432816598,22.184237201494092,20.658916868775158
-0.6463304070095649,1.5707963267948966,107.32846043608504,38.95793061394463,54.22182947719059,31.232067962754506,17.01333269668417,14.320934030796092
-0.5743445928509872,1.5707963267948966,82.50759136055241,30.308160510874625,41.65703872955506,22.313876318791458,13.05918454300546,9.383374858734674
-0.5103762839557767,1.5707963267948966,63.53575209296092,21.298933488375585,32.06982812982785,14.529695304431563,10.070666303474754,5.754149145079141
-0.4535325211846986,1.5707963267948966,49.18000620921556,13.194356148791503,24.808700368759727,8.45176834251723,7.786378786362195,3.191268817923763
-0.40301979977966995,1.5707963267948966,38.41845818715547,6.912132136349403,19.371592743257214,4.212351960963337,6.06086988735804,1.5204582124034296
-0.35813299251433084,1.5707963267948966,30.361892857751233,2.7470427834353965,15.310695361047298,1.6090499566048977,4.789545754321009,0.5626400745166332
-0.3182455065418344,1.5707963267948966,24.50867019865058,0.6095723061151122,12.357081553147982,0.3420622207403826,3.8652571488320118,0.11529239677606422
-0.2828005365353655,1.5707963267948966,20.338513730589955,0.0010920229491159657,10.24105854919263,0.0001384437698011806,3.211239540167723,3.198005230194317e-05
-0.2513032920204875,1.5707963267948966,17.332128513237286,0.35073744477654667,8.728226141052959,0.208260937439403,2.7407681954514187,0.0703349003949413
-0.22331409039755062,1.5707963267948966,15.348129546827451,1.1154613622060188,7.729262217885201,0.6404847281033856,2.4042437024749845,0.23011067488761172
-0.19844221923690444,1.5707963267948966,14.043992544281261,1.9277842291314187,7.059814742520774,1.1024731752181127,2.2194351775179606,0.36799746982214365
-0.17634048216824733,1.5707963267948966,13.264446093696847,2.5571974058062756,6.681910251712028,1.4372870432186018,2.0827272427765986,0.4976168332080586
-0.15670035222800524,1.5707963267948966,12.89580672093262,2.897545414857386,6.494124114967329,1.6261508314351047,2.0384060168551583,0.5452843169932481
-0.13924766500838334,1.5707963267948966,12.796923177230807,2.993837293764826,6.4454966255752435,1.67765326197969,2.014853854420008,0.5718159404286118
-0.12373879148704055,1.5707963267948966,12.905870383823137,2.8878664469225273,6.509286225704228,1.6103147757105853,2.0361360210411905,0.5478046110592633
-0.10995723711238882,1.5707963267948966,13.160436060228879,2.6503106531251457,6.6397616183419546,1.478320128658519,2.081516600079068,0.49888051581869886
-0.09771061966979347,1.5707963267948966,13.50023763692544,2.354310941443231,6.80817680931004,1.3189108986367015,2.1304430214713035,0.449475872835361
-0.0868279837415025,1.5707963267948966,13.889576403074974,2.043242654425281,7.004267085601943,1.1480928962864785,2.1925926714055914,0.3914735965112249
-0.07715741427178036,1.5707963267948966,14.308828489500515,1.739785373013213,7.2195217226033295,0.9778426820816748,2.264660287696139,0.3305057548528338
-0.06856391592404971,1.5707963267948966,14.742341852247161,1.458175333471246,7.443140990893769,0.8189343737288342,2.336176797721581,0.2762756805398462
-0.06092752862714207,1.5707963267948966,15.175873748097258,1.2071485908283308,7.665559488279742,0.6779000742714207,2.403618935306898,0.23051120459439434
-0.0541416530048151,1.5707963267948966,15.598127579341497,0.9901976659394793,7.880591775367242,0.5567057858415718,2.468389644914926,0.19119131239911855
-0.04811156231253989,1.5707963267948966,16.00155845804563,0.8067647300883691,8.085025062632342,0.45450354552527694,2.5315936217040163,0.1569635455929241
-0.04275308010908995,1.5707963267948966,16.381852066407337,0.6539659692337115,8.277408540389148,0.3692891150619924,2.592742617761978,0.12754484250461004
-0.0379914052040221,1.5707963267948966,16.73693659053285,0.5279785335852899,8.457142603869174,0.2988030625221296,2.6507003956483977,0.10285689618722511
-0.03376006747802295,1.5707963267948966,17.066135463439924,0.4248592519842034,8.62403470019365,0.24088353511260535,2.7045775376188144,0.08257251270117831
-0.03,1.5707963267948966,17.369613984386785,0.3409335551210355,8.778139992786372,0.19357003738249937,2.7539975935346037,0.06613263550059403
0.03,1.5707963267948966,23.625830734865733,0.3997974626888059,11.956937612313515,0.2329373396173705,3.7526962629971052,0.08124958219531817
0.03376006747802295,1.5707963267948966,24.106192863650957,0.5093256813203758,12.201083771234986,0.2973717585633264,3.830105693488164,0.10410046600468596
0.0379914052040221,1.5707963267948966,24.659648439083803,0.649090573016728,12.481858661309039,0.37971630879199747,3.919295433412253,0.13346075270122307
0.04275308010908995,1.5707963267948966,25.298622699641,0.8273710716502921,12.805198764267388,0.4848745447528468,4.021797215608381,0.1710193241696436
0.04811156231253989,1.5707963267948966,26.037661094302873,1.0545360687770466,13.178162147948308,0.6190593087935807,4.139233780313646,0.21879569056889206
0.0541416530048151,1.5707963267948966,26.893725000547864,1.3434332870064618,13.609383697125185,0.7902128674711745,4.2738331424465095,0.27941109991657304
0.06092752862714207,1.5707963267948966,27.886740408861932,1.7098596018952574,14.109795158288334,1.0086467071055707,4.429525302491191,0.356802846977169
0.06856391592404971,1.5707963267948966,29.0408049760024,2.1732872890471286,14.693453055550153,1.287896515164957,4.6128220852068065,0.45716439681766763
0.07715741427178036,1.5707963267948966,30.38646596608723,2.7581105616321553,15.377826003017235,1.6454598437931636,4.831138350490626,0.5886310051947645
0.0868279837415025,1.5707963267948966,31.963647000065954,3.4953346247417243,16.182602615777174,2.102642318384846,5.087629333523057,0.758046877716418
0.09771061966979347,1.5707963267948966,33.82275089553201,4.423348562112921,17.12768139398536,2.6833436607185615,5.381110718322283,0.9695713797098673
0.10995723711238882,1.5707963267948966,36.020737433063765,5.585258757396781,18.23569703295675,3.4150512658118637,5.723169335532092,1.2370517051096181
0.12373879148704055,1.5707963267948966,38.616777746533764,7.024042637863536,19.544572966943825,4.337386466798619,6.142996354141332,1.592000609145042
0.13924766500838334,1.5707963267948966,41.685991957985316,8.786309325755983,21.112781748047272,5.507535420986885,6.638506770446759,2.0429805691001617
0.15670035222800524,1.5707963267948966,45.347490649055494,10.934192973334323,22.98313838794125,6.972006965013983,7.209297695363996,2.598150166946789
0.17634048216824733,1.5707963267948966,49.73579429735562,13.52104502346646,25.176785044011524,8.75449623760445,7.919705826474437,3.332207572414742
0.19844221923690444,1.5707963267948966,54.953923165336555,16.55162734357878,27.814714258747543,10.95132307176611,8.734487148282287,4.220269703174051
0.22331409039755062,1.5707963267948966,61.20951152317805,20.048086050501226,31.010105644910347,13.639604827514257,9.749753857036803,5.378658061084179
0.2513032920204875,1.5707963267948966,68.75417949151195,23.994014065527168,34.805938732703815,16.81021321260765,10.927783042094363,6.774095556982314
0.2828005365353655,1.5707963267948966,77.83219122236912,28.29179144105747,39.418510347840325,20.556291139644156,12.375821871640865,8.538594069943047
0.3182455065418344,1.5707963267948966,88.763503310497,32.80211811824854,44.92802721071578,24.797344992786556,14.131986644864911,10.718780882844193
0.35813299251433084,1.5707963267948966,101.96339697439448,37.35484716742596,51.61445955084464,29.52409223005981,16.23581994375431,13.349901196945579
0.40301979977966995,1.5707963267948966,117.906455740079,41.758184701317816,59.720490405472496,34.57986551978078,18.7644592645625,16.49563838101171
0.4535325211846986,1.5707963267948966,137.15208022305904,45.84687303364187,69.46107973230689,39.685842048442424,21.834191561569757,20.23920863174863
0.5103762839557767,1.5707963267948966,160.49845933173097,49.53182317905619,81.21890490658124,44.58299000132074,25.505027789639982,24.551966270515827
0.5743445928509872,1.5707963267948966,188.66606331151564,52.74765346987379,95.51022741883827,49.03611150064661,29.944334426838232,29.470182425290172
0.6463304070095649,1.5707963267948966,222.8590559827196,55.517349292485385,112.73925342753743,52.84454228130165,35.409990774245905,35.01733531236058
0.7273386051246984,1.5707963267948966,264.4062743501657,57.87134380055435,133.69551562976685,56.008753352188776,41.97993748768979,40.89113017912679
0.8185000129460304,1.5707963267948966,315.40560425934586,59.86934995926704,159.53978431128934,58.60862986036371,50.01945698219995,46.87995705732565
0.9210871889273549,1.5707963267948966,377.9175681489962,61.54664708404486,191.03347194223363,60.69406566769621,59.982887253967256,52.55741166094873
1.0365321883776653,1.5707963267948966,455.373255519712,62.95774722113973,230.36035001255934,62.39689980304052,72.18525883103331,57.270758976607496
1.166446554092426,1.5707963267948966,552.1472385022087,64.14290346418133,279.23526380526255,63.77237118548197,87.6003220928117,60.78767503489401
1.3126438125222553,1.5707963267948966,673.8732074758435,65.13431979497815,340.74611639368607,64.8920571246453,106.89382022334387,63.17298392574391
1.4771647895120215,1.5707963267948966,827.756514925639,65.95881733469275,418.32355581579344,65.79999073094204,131.12656845635018,64.7934671759218
1.6623060990028473,1.5707963267948966,1021.1839080885217,66.63467021126002,516.2975233430196,66.53343992127478,161.8302037934776,65.93705923964022
1.8706522023821734,1.5707963267948966,1267.4311845379962,67.1910374543706,640.4856305120423,67.12517043304426,200.76877669744627,66.76773646495072
2.1051114860111477,1.5707963267948966,1580.0961609345597,67.64381373757897,798.6597498370708,67.60217256844697,250.25421892839253,67.38528656326011
2.368956860549917,1.5707963267948966,1975.0905474930596,68.0083741614132,998.2250892038251,67.9817392913793,312.70565467502905,67.848771295408
2.6658714488230206,1.5707963267948966,2477.3989051789013,68.30242455737678,1252.6197325562919,68.28599568565379,392.75738486669246,68.20563748284147
3.0,1.5707963267948966,3116.2652426107047,68.53839275503404,1575.3987395843465,68.5278966110387,493.51428883239697,68.4775458069728
