eps,eta,N_LZ,Tstat_LZ,N_XNT,Tstat_XNT,N_PANDA,Tstat_PANDA
-3.0,-1.5707963267948966,3459.6986644404546,68.62897201424917,1743.155554741711,68.61762816496716,552.5920727286591,68.58774725380809
-2.6658714488230206,-1.5707963267948966,2741.005231952157,68.41323708646902,1389.7568553904896,68.40279816599002,438.92890328762485,68.34708055995688
-2.368956860549917,-1.5707963267948966,2179.6915333731754,68.1446885230951,1105.0972281878956,68.12709117538017,349.51597434722305,68.03547266163343
-2.1051114860111477,-1.5707963267948966,1742.2648840624086,67.81376687160201,881.6408385915254,67.7815946331623,277.26876867348216,67.6152436800836
-1.8706522023821734,-1.5707963267948966,1392.4923805071764,67.39696190889372,704.9914874401871,67.34667473662304,222.01092035253512,67.07325694161574
-1.6623060990028473,-1.5707963267948966,1118.7967131101043,66.88514016676888,566.2278677085696,66.80425807817318,178.0288014716431,66.33854112727361
-1.4771647895120215,-1.5707963267948966,901.3115566604829,66.25090241271701,456.3580203213143,66.12468274119664,143.57186755147018,65.33713254780189
-1.3126438125222553,-1.5707963267948966,728.8867517988155,65.47033737602001,368.9672842351728,65.27029538342842,115.87789872559061,63.89073333107662
-1.166446554092426,-1.5707963267948966,591.8719402764514,64.51299645594565,299.52520314736967,64.19789194522215,94.06610955984117,61.75994227039434
-1.0365321883776653,-1.5707963267948966,482.6972952996454,63.342719871847116,244.2149859889145,62.849899548916426,76.67770153319888,58.5191598191455
-0.9210871889273549,-1.5707963267948966,395.5937955980868,61.91992698992262,200.13838703540227,61.15694785832905,62.80080653654628,53.84399414140577
-0.8185000129460304,-1.5707963267948966,325.8886763585705,60.19823697152493,164.82931129316822,59.02431688460052,51.717029699997774,47.97924068167266
-0.7273386051246984,-1.5707963267948966,269.9749496475944,58.128607473792755,136.59151796315726,56.35804673377276,42.787251045790406,41.55189772614269
-0.6463304070095649,-1.5707963267948966,225.03858096752583,55.663842656069455,113.77075076638782,53.03201656414043,35.67212929299227,35.26853044141534
-0.5743445928509872,-1.5707963267948966,188.6992274049214,52.75085310685927,95.46159926562423,49.023240537916436,29.897765262372204,29.420440753993866
-0.5103762839557767,-1.5707963267948966,159.407372135795,49.383696282028026,80.62269628573087,44.364321435688524,25.25458067872533,24.26434030247479
-0.4535325211846986,-1.5707963267948966,135.6152145301268,45.56055106177305,68.54933335541863,39.250728121534465,21.450264449649797,19.777021895996103
-0.40301979977966995,-1.5707963267948966,116.22414865689008,41.342352593240584,58.7796583319697,34.0314267768493,18.413229311451474,16.061222082293526
-0.35813299251433084,-1.5707963267948966,100.40403752361222,36.863587614238284,50.78082117420519,28.961738973555534,15.889553867103384,12.916851941922584
-0.3182455065418344,-1.5707963267948966,87.43741806898821,32.2924930477592,44.19507008219185,24.25010467554357,13.822961867605622,10.333264656297057
-0.2828005365353655,-1.5707963267948966,76.76384940543551,27.812305010794642,38.79024170584904,20.05527000103544,12.150184346591848,8.261059145999383
-0.2513032920204875,-1.5707963267948966,67.95556287489381,23.591900007469228,34.351055198279944,16.433399437873778,10.763878911732553,6.577354266577767
-0.22331409039755062,-1.5707963267948966,60.66676338757481,19.752118723630055,30.680932255130415,13.362688063975227,9.600945849104093,5.2059153022942715
-0.19844221923690444,-1.5707963267948966,54.61182242996906,16.355563356816422,27.62476483827346,10.79199632271756,8.632577087716484,4.106909280841742
-0.17634048216824733,-1.5707963267948966,49.55993831544419,13.417732738079238,25.067550900445344,8.664530790213163,7.8316332858994,3.23895419502988
-0.15670035222800524,-1.5707963267948966,45.32698289707335,10.922098171716431,22.922051534782177,6.923237898517861,7.1670862769238814,2.5559426217067616
-0.13924766500838334,-1.5707963267948966,41.766952360239245,8.833410018508083,21.117877174002157,5.511433772089243,6.610652635424105,2.016809367517103
-0.12373879148704055,-1.5707963267948966,38.762529719974424,7.106469822862399,19.59704279405717,4.375486748243563,6.140431204184011,1.589751370641813
-0.10995723711238882,-1.5707963267948966,36.21891691996909,5.692853483196237,18.311039818298987,3.466560506439083,5.740545512476474,1.2511881933803861
-0.09771061966979347,-1.5707963267948966,34.05848854006982,4.544917583368543,17.21987103532636,2.7422572652355486,5.399289991016397,0.9832447485104228
-0.0868279837415025,-1.5707963267948966,32.21769765461219,3.6186702183272277,16.290697683180962,2.166793950375146,5.107499374962097,0.7717968576932879
-0.07715741427178036,-1.5707963267948966,30.644356006216327,2.8750811451415683,15.496622670627085,1.7105703434912316,4.8575939433838,0.6053856076904952
-0.06856391592404971,-1.5707963267948966,29.29544397506007,2.2804854805474593,14.815707822343457,1.3494872471481714,4.643230755133848,0.4747247883226074
-0.06092752862714207,-1.5707963267948966,28.13548907427719,1.8064982761189319,14.23000098974249,1.0640860398992171,4.458990551183298,0.3722819179364347
-0.0541416530048151,-1.5707963267948966,27.13520163018571,1.4295764477481279,13.724725006714252,0.8387367467868112,4.300270786754216,0.2920174674345611
-0.04811156231253989,-1.5707963267948966,26.270313360374914,1.13041678199987,13.287661763006156,0.6609436811287213,4.16320583275779,0.22914461143120562
-0.04275308010908995,-1.5707963267948966,25.520637835071,0.8933301171144924,12.908668334007237,0.5207550657496556,4.044553120026076,0.1798899891499174
-0.0379914052040221,-1.5707963267948966,24.86932326685053,0.7056528811848138,12.579286220947603,0.41026691887806377,3.941591042894667,0.14128999442101153
-0.03376006747802295,-1.5707963267948966,24.30225251404723,0.5572191612538526,12.292428025355209,0.3232145555883156,3.852036987960887,0.11102455591481664
-0.03,-1.5707963267948966,23.807556730095815,0.43990219187280527,12.042128632848055,0.2546409722466205,3.7739762292828853,0.08728095286021122
0.03,-1.5707963267948966,17.07677584538856,0.4217388148903501,8.637809386894816,0.2364170822858254,2.712848462362183,0.07967898532437216
0.03376006747802295,-1.5707963267948966,16.727644391230953,0.5310772070577232,8.461653527612217,0.2971437244651795,2.657647207171936,0.100099675412513
0.0379914052040221,-1.5707963267948966,16.34502504210494,0.6679395232993852,8.268676452219573,0.37293447781878863,2.597148045527248,0.1255609732269578
0.04275308010908995,-1.5707963267948966,15.927468091727555,0.838769206507859,8.058162976721182,0.467234162243875,2.5311356645838172,0.15719734910736588
0.04811156231253989,-1.5707963267948966,15.474081436744518,1.051214160310817,7.829670121881617,0.5841072474377508,2.459493310655185,0.19633235809584432
0.0541416530048151,-1.5707963267948966,14.984800699300934,1.314143666958016,7.58315132609829,0.7282432971195362,2.3822527337588193,0.24446413976463024
0.06092752862714207,-1.5707963267948966,14.460741190634794,1.6374912306899958,7.319120511196839,0.9048750830953328,2.2996609179602827,0.30320950401993124
0.06856391592404971,-1.5707963267948966,13.904644061799708,2.0317828006744403,7.038869063571596,1.119535045482833,2.2122516987867766,0.37418928562989545
0.07715741427178036,-1.5707963267948966,13.321437129171576,2.507125749823354,6.744743067833621,1.3775375112837247,2.1209056996789273,0.4588417281106989
0.0868279837415025,-1.5707963267948966,12.718963323933115,3.071290915031942,6.4404779879108665,1.6830310011282852,2.0269326775636705,0.5581030049848947
0.09771061966979347,-1.5707963267948966,12.108939115832149,3.7263438168759704,6.1316258192598205,2.0373685137768116,1.9321948437316854,0.6718730313192194
0.10995723711238882,-1.5707963267948966,11.50807493197623,4.463294075997807,5.82621345149241,2.436320496938904,1.8391036412873647,0.7984250595285178
0.12373879148704055,-1.5707963267948966,10.939273706517643,5.254463329417214,5.535665441657783,2.8656671467676467,1.750732885021927,0.9335070955057313
0.13924766500838334,-1.5707963267948966,10.433449285756296,6.0430873797801645,5.275810272075197,3.2953312944518407,1.6712313943230945,1.0687541325705854
0.15670035222800524,-1.5707963267948966,10.032081053289636,6.731691006641571,5.0685260961842715,3.6721235057936052,1.6063294440213158,1.1897236768332378
0.17634048216824733,-1.5707963267948966,9.790114164577368,7.175886382695699,4.943723574108039,3.914744226985341,1.565007104394498,1.2720782824565824
0.19844221923690444,-1.5707963267948966,9.781958353742798,7.191257300134411,4.941175792101651,3.9198263019622934,1.561091010118237,1.2801084453709772
0.22331409039755062,-1.5707963267948966,10.107780807262426,6.597316454419714,5.112637457747144,3.5892650829980925,1.6139642169724773,1.1749728593744702
0.2513032920204875,-1.5707963267948966,10.902940209074693,5.308335492757093,5.523010882464823,2.8855542294769556,1.7461920569981448,0.9408693493419688
0.2828005365353655,-1.5707963267948966,12.342167287274513,3.4653666735178703,6.2535240337086275,1.8919023505505403,1.9795662682374073,0.6131826060801696
0.3182455065418344,-1.5707963267948966,14.64004930860032,1.5217904487086074,7.409189644503816,0.8419287532436438,2.33942990383365,0.2739510367014528
0.35813299251433084,-1.5707963267948966,18.05448946796054,0.18849679951897796,9.129330399527513,0.10666365759342407,2.8710955844485277,0.03501049213837854
0.40301979977966995,-1.5707963267948966,22.913891439872728,0.2590442758087157,11.589925328961364,0.14939557710381945,3.639943970073277,0.0525764439789084
0.4535325211846986,-1.5707963267948966,29.654221542284457,2.4343511687588024,14.997063137824407,1.442724049006065,4.704249547024609,0.5107099275672629
0.5103762839557767,-1.5707963267948966,38.78594220116635,7.119724227818849,19.608516886852787,4.383829132582205,6.144397542945447,1.5932296295690342
0.5743445928509872,-1.5707963267948966,50.874683214439,14.188692081518298,25.74973203097135,9.227980718322165,8.06344163541419,3.485635446807902
0.6463304070095649,-1.5707963267948966,66.70552252737326,22.954881854694477,33.73135620791595,15.918396178689918,10.541435013366748,6.3115579802461195
0.7273386051246984,-1.5707963267948966,86.94212823786907,32.09955918124214,43.94370695309385,24.06117398829963,13.763353828365462,10.258968269630552
0.8185000129460304,-1.5707963267948966,112.06419173416485,40.267466380607395,56.7297320860675,32.80170112740011,17.71845597748869,15.19909380747327
0.9210871889273549,-1.5707963267948966,143.18206227073242,46.91262400864601,72.37327704547093,41.01959075990097,22.692938387443615,21.265878473446485
1.0365321883776653,-1.5707963267948966,180.64076172500435,51.93723111949741,91.39671437895316,47.896830291616155,28.69107279679001,28.117489632530635
1.166446554092426,-1.5707963267948966,226.26687458458213,55.74508263156649,114.77044477297142,53.21004496221012,36.082282808803626,35.65878051720305
1.3126438125222553,-1.5707963267948966,284.3690652102049,58.74411575322869,143.63516831821912,57.139021514320675,45.51523082468818,43.685993691146905
1.4771647895120215,-1.5707963267948966,356.6893623946376,61.04664754853581,181.51372133232226,60.152178989065376,57.75453130949084,51.44500348656177
1.6623060990028473,-1.5707963267948966,456.61081071601694,62.97622695760879,231.97927756454874,62.45300063020784,73.2783408447875,57.59502275628177
1.8706522023821734,-1.5707963267948966,585.9648113659405,64.4612615940617,294.5038105822944,64.09862580002871,94.59351382310369,61.83011821072909
2.1051114860111477,-1.5707963267948966,751.5118937581913,65.5938131907953,384.60676337373235,65.45405621835862,123.86815738597296,64.40366406002646
2.368956860549917,-1.5707963267948966,982.5270862764891,66.52138798732975,497.69687305263335,66.4177882820454,162.7528006660125,65.9627186305074
2.6658714488230206,-1.5707963267948966,1267.8440903281135,67.19178545032545,654.7719388176752,67.17816774086238,210.1802306568633,66.91234625050112
3.0,-1.5707963267948966,1673.6214351960873,67.74590653061688,864.9949862679861,67.74846073601728,278.6013532266615,67.62526018260692
-3.0,-1.5209297767379157,3226.4635897913367,68.56957407028884,1625.726273303717,68.55679689652405,515.3556353869463,68.52144468430687
-2.6658714488230206,-1.5209297767379157,2557.3998717669933,68.33849210399069,1296.6968142306525,68.32629424206144,409.53695810738964,68.26107660730219
-2.368956860549917,-1.5209297767379157,2034.7555118428513,68.05099093820277,1031.6417198944077,68.03051934472015,326.28018488153623,67.92312699951628
-2.1051114860111477,-1.5209297767379157,1627.3772605036047,67.6969145021508,823.5351649310343,67.65989452181225,258.99794587210346,67.46582366422425
-1.8706522023821734,-1.5209297767379157,1301.5760377810495,67.2512596902921,658.986265984429,67.19334198338034,207.52327405115858,66.87313905631926
-1.6623060990028473,-1.5209297767379157,1046.5666087282093,66.70439842052359,529.6922624648281,66.61139742984363,166.54280471030108,66.06427028578865
-1.4771647895120215,-1.5209297767379157,843.8760526523031,66.0273056873437,427.2926037318028,65.88214781146038,134.42813459554677,64.95136771429227
-1.3126438125222553,-1.5209297767379157,683.1314768651945,65.19478422763063,345.8189307623638,64.96501202715243,108.60907898755416,63.32395901323072
-1.166446554092426,-1.5209297767379157,555.3525670345258,64.17480922926185,281.0550740562967,63.813325777429036,88.26640407051741,60.89837094850742
-1.0365321883776653,-1.5209297767379157,453.4950747748283,62.929499483000576,229.44987664545937,62.36495416713325,72.04252392958901,57.22738345085605
-0.9210871889273549,-1.5209297767379157,372.1918160179431,61.417709159536145,188.30637419572875,60.54531635864625,59.08881816627048,52.121429703573
-0.8185000129460304,-1.5209297767379157,307.09398668971005,59.59164448740371,155.32978144670207,58.25392685378267,48.737052910333006,46.01193139739088
-0.7273386051246984,-1.5209297767379157,254.8456287600379,57.40173395529532,128.94156611881488,55.395272535954234,40.39202414949784,39.55242795790452
-0.6463304070095649,-1.5209297767379157,212.8275104056338,54.80202611665237,107.60195228739794,51.84987055910657,33.738506680679855,33.383231537504194
-0.5743445928509872,-1.5209297767379157,178.82373400818784,51.74320111741111,90.46843813807563,47.624990532847995,28.33484190706273,27.727729709986875
-0.5103762839557767,-1.5209297767379157,151.39255310209427,48.229323522899676,76.57172831498853,42.79852211407683,23.98630732318649,22.79233760118143
-0.4535325211846986,-1.5209297767379157,129.0932435738807,44.27315889989911,65.25523379658472,37.60656735213948,20.420361686157293,18.52812618732286
-0.40301979977966995,-1.5209297767379157,110.90223076962575,39.95487778086363,56.08957561340287,32.40787171194958,17.571074995508635,15.015785145012703
-0.35813299251433084,-1.5209297767379157,96.04646441956604,35.426818511356174,48.5780828060216,27.438343115610152,15.201038200431427,12.055331483701483
-0.3182455065418344,-1.5209297767379157,83.85780614664704,30.86591175976501,42.387237572963194,22.877327156445354,13.258278119276627,9.630495490975242
-0.2828005365353655,-1.5209297767379157,73.81402029522593,26.451895227907293,37.30102905163525,18.855270689668608,11.684125266263925,7.690510178186869
-0.2513032920204875,-1.5209297767379157,65.51633152449719,22.340371853490623,33.118936912760915,15.407748250510062,10.378101625068872,6.1173424763241275
-0.22331409039755062,-1.5209297767379157,58.64223793612113,18.635057623387436,29.657493259920997,12.50109836362761,9.281225915301802,4.83799219741706
-0.19844221923690444,-1.5209297767379157,52.92517364283466,15.382880157860685,26.77179554246002,10.078249788614581,8.36679642166052,3.8141828796167814
-0.17634048216824733,-1.5209297767379157,48.14962481063904,12.587558319070904,24.354405906507537,8.079926311882204,7.6096038795698355,3.006557250453725
-0.15670035222800524,-1.5209297767379157,44.14353822851667,10.22492213240745,22.32384785665206,6.448724879478759,6.980646928811646,2.371629372282305
-0.13924766500838334,-1.5209297767379157,40.7704093972228,8.25550702186969,20.614341713167974,5.129005153723286,6.453416116394252,1.8708341331443639
-0.12373879148704055,-1.5209297767379157,37.92046707566313,6.6324269548506125,19.171661461879744,4.068960566904742,6.007366742104124,1.4743811439898653
-0.10995723711238882,-1.5209297767379157,35.50494536983391,5.307250453750473,17.95038163426222,3.2219172197385433,5.6276108991943765,1.160225850618093
-0.09771061966979347,-1.5209297767379157,33.45108170384409,4.233346604791124,16.913007107980626,2.547651305679015,5.303178871501538,0.9116870215844289
-0.0868279837415025,-1.5209297767379157,31.69925250784646,3.3682551945060437,16.02871830382974,2.0123937209795324,5.025480256143215,0.7156038791030117
-0.07715741427178036,-1.5209297767379157,30.20044007608795,2.67466680690141,15.272243513956393,1.5883210649367556,4.787403417135064,0.561313057723956
-0.06856391592404971,-1.5209297767379157,28.914192238173722,2.120624276664121,14.622949894982073,1.252850345374012,4.582990556516616,0.44018291428112166
-0.06092752862714207,-1.5209297767379157,27.80711636777932,1.6793215807818465,14.06393616217436,0.9877908898865615,4.4071429388017025,0.34521781864547224
-0.0541416530048151,-1.5209297767379157,26.851609585260825,1.3286122300573262,13.581274970415006,0.7785586690860344,4.255523647306057,0.27081264134558014
-0.04811156231253989,-1.5209297767379157,26.0247752090252,1.0503926800394154,13.163438110238744,0.6135114526246445,4.124485454467478,0.21252740210863216
-0.04275308010908995,-1.5209297767379157,25.307545637224514,0.8299830880445775,12.800844737415106,0.48338789605583826,4.010965078716728,0.16686361497032146
-0.0379914052040221,-1.5209297767379157,24.68398460437247,0.6555560130796076,12.485496078946408,0.3808389365673732,3.912388158127617,0.13107436896421534
-0.03376006747802295,-1.5209297767379157,24.140726534573187,0.5176301361910227,12.21068228568455,0.3000436513223758,3.8265930153125556,0.10300966264271913
-0.03,-1.5209297767379157,23.666521647945018,0.4086342474524166,11.970749546076041,0.23639847663973812,3.7517643423554774,0.08098985155383404
0.03,-1.5209297767379157,17.17814525676876,0.39266479812374533,8.689049059104088,0.2202146872155757,2.7288509940231482,0.07424388072168783
0.03376006747802295,-1.5209297767379157,16.838932045009248,0.4946515758743435,8.517898392424698,0.2768958513392104,2.675219639233984,0.09331390605518981
0.0379914052040221,-1.5209297767379157,16.46673294817163,0.6224164951187736,8.33017781737136,0.3477001420462489,2.616370185919558,0.1171132378403087
0.04275308010908995,-1.5209297767379157,16.059964438826775,0.7820572494254869,8.125104395507726,0.43589326538067796,2.5520657801753344,0.1467187526793614
0.04811156231253989,-1.5209297767379157,15.617531741437766,0.98085307946742,7.90213307346576,0.5453514846153515,2.48215698577128,0.18339479569904274
0.0541416530048151,-1.5209297767379157,15.139076661792647,1.227316539046995,7.66107003792686,0.6805859214023187,2.4066280410346836,0.22858598016828574
0.06092752862714207,-1.5209297767379157,14.625301203847735,1.5311042291264363,7.402222808954582,0.8466964463003395,2.325658851101393,0.2838748512653712
0.06856391592404971,-1.5209297767379157,14.078378186566244,1.9026668934273172,7.126599194190985,1.0491918095556865,2.2396911655611413,0.350889879828579
0.07715741427178036,-1.5209297767379157,13.502467736830924,2.3524453721344836,6.8361616072171385,1.293579381607051,2.1494828104978536,0.431153477341784
0.0868279837415025,-1.5209297767379157,12.904389414444164,2.889289411155034,6.5341334030086395,1.5845896339708934,2.0561822889395867,0.5258161840320678
0.09771061966979347,-1.5209297767379157,12.294508148010868,3.517609491287711,6.225390180425237,1.9248098882420552,1.961440822593808,0.6352035407370155
0.10995723711238882,-1.5209297767379157,11.687766120812839,4.232757609730285,5.9170687691735395,2.3122834178282767,1.8673998809647006,0.7583215181671941
0.12373879148704055,-1.5209297767379157,11.104776821687972,5.014267447676634,5.619425934880861,2.7365973207386065,1.7767862082427446,0.8920803077653386
0.13924766500838334,-1.5209297767379157,10.573497919172398,5.816221901075991,5.346774405491943,3.1734497015434395,1.693291183549437,1.029848238367336
0.15670035222800524,-1.5209297767379157,10.131591220248326,6.555492318212136,5.119033188416943,3.577373962922464,1.622043632429635,1.1595171998056533
0.17634048216824733,-1.5209297767379157,9.829097842360932,7.102779888983685,4.963607909368956,3.875260878305738,1.5712174481485512,1.2594248779609947
0.19844221923690444,-1.5209297767379157,9.734113734184936,7.281963041302014,4.917123190529323,3.968064093072148,1.5536079105393275,1.29556397938618
0.22331409039755062,-1.5209297767379157,9.9388344130373,6.900189988786517,5.027412116273109,3.750697821377465,1.587369839679077,1.2269762231214842
0.2513032920204875,-1.5209297767379157,10.568766301631946,5.823777559102572,5.354524932614489,3.1603497448987037,1.693667878936435,1.0291932770331103
0.2828005365353655,-1.5209297767379157,11.786993097663627,4.1092378732463795,5.973621539371942,2.237409095388554,1.8925049780610754,0.7239543245677751
0.3182455065418344,-1.5209297767379157,13.79448980556509,2.116540590805299,6.98221058657794,1.1665403480770757,2.2065598094288608,0.3791423222504188
0.35813299251433084,-1.5209297767379157,16.832519144841733,0.4967101506992154,8.511101219760619,0.27929955381617744,2.6780200680500097,0.09225731802373123
0.40301979977966995,-1.5209297767379157,21.209105640801525,0.03978625163744326,10.727909096014043,0.022851687372157876,3.37063702837111,0.008300171351483534
0.4535325211846986,-1.5209297767379157,27.34143595746309,1.5046869255584818,13.83028881342033,0.8841214132313867,4.340839099840612,0.31179395570737484
0.5103762839557767,-1.5209297767379157,35.73408796020124,5.43038733268116,18.06693015897238,3.300436997564113,5.662846733972748,1.1883719322680342
0.5743445928509872,-1.5209297767379157,46.956876197663384,11.883940023059058,23.76520926090906,7.600992000336135,7.442175431409953,2.8340068904093854
0.6463304070095649,-1.5209297767379157,61.82442908425525,20.381553330105163,31.26052762720202,13.85015733085343,9.766545840488044,5.398207476573059
0.7273386051246984,-1.5209297767379157,81.13187409054532,29.728627284256945,40.99470780900375,21.798500019185262,12.835796752673415,9.106593109440638
0.8185000129460304,-1.5209297767379157,105.5244625892701,38.43356496448956,53.42800368070679,30.720264068241665,16.656109174081323,13.875084058572982
0.9210871889273549,-1.5209297767379157,136.5089409272736,45.72781042678169,68.91999836623286,39.4286477793879,21.594002602024265,19.95028281057232
1.0365321883776653,-1.5209297767379157,174.095143902526,51.21852633410275,88.18595759358352,46.93206072205407,27.533853215735316,26.8430031510125
1.166446554092426,-1.5209297767379157,220.27064451273034,55.33937897635546,111.38958353393342,52.593263547029956,34.95214884040877,34.57529135000445
1.3126438125222553,-1.5209297767379157,276.5868133746234,58.41979038709395,139.87962847241494,56.734126494307816,44.0303782380077,42.54325062990368
1.4771647895120215,-1.5209297767379157,345.9479402430114,60.7689055332608,175.58819601141238,59.78019517277893,55.52969459087329,50.24652427485337
1.6623060990028473,-1.5209297767379157,437.5043884499007,62.67869275122985,221.98585571989125,62.09180076817511,69.98311602163298,56.57388739640115
1.8706522023821734,-1.5209297767379157,555.8840109667261,64.1800622114604,279.7290324234653,63.7835419846521,89.429190815537,61.08539619499721
2.1051114860111477,-1.5209297767379157,707.7248671166014,65.3474671575099,361.6148153248495,65.17793389816957,116.05847935282371,63.90348044713197
2.368956860549917,-1.5209297767379157,918.966483817338,66.31387309755304,465.3654477566142,66.19328332359146,151.63528539449413,65.62582380120247
2.6658714488230206,-1.5209297767379157,1181.8056040821493,67.02440126856058,609.4991090919158,67.00124884033485,195.38959918247792,66.67735920111573
3.0,-1.5209297767379157,1555.310090677778,67.61466694861741,803.0815188818168,67.61270433418979,258.39536849658606,67.46047696482563
-3.0,-1.471063226680935,2985.48123769346,68.49837509432798,1504.4109239970487,68.4837790196631,476.8843495566918,68.44121218943194
-2.6658714488230206,-1.471063226680935,2367.6405237992176,68.24893446439272,1200.5253640074466,68.23445520710781,379.1614423622326,68.15674873097512
-2.368956860549917,-1.471063226680935,1884.924091068481,67.9387858665863,955.7108660521578,67.91459077560616,302.2604916657593,67.78639863723643
-2.1051114860111477,-1.471063226680935,1508.5830112558515,67.55707252967541,763.4584929131327,67.51380368102217,240.1071655453407,67.28315301293303
-1.8706522023821734,-1.471063226680935,1207.5528033009266,67.0770418665777,611.4122487531415,67.00928212514371,192.54129306913177,66.6269689701059
-1.6623060990028473,-1.471063226680935,971.8568831934437,66.48849358111829,491.90469209953204,66.37987561779747,154.6631160115019,65.72392979971298
-1.4771647895120215,-1.471063226680935,784.4614321405835,65.76051689449145,397.22710477908663,65.59096137161929,124.96971752704815,64.4670050544239
-1.3126438125222553,-1.471063226680935,635.7942804045183,64.86644500569051,321.8711666558479,64.59842596693397,101.08924621392738,62.60244239039717
-1.166446554092426,-1.471063226680935,517.5662051022487,63.77246468161393,261.94469405727244,63.35143611987697,82.26566368545011,59.79638481339491
-1.0365321883776653,-1.471063226680935,423.2756549189627,62.438779708955465,214.17073245200788,61.78243556025153,67.2459800061276,55.62043706815601
-0.9210871889273549,-1.471063226680935,347.97052395559996,60.82258906133197,176.06022267374917,59.810897787028416,55.24691521209861,50.087735322994504
-0.8185000129460304,-1.471063226680935,287.63700192585424,58.874755499113114,145.49549082256038,57.33051288748595,45.65206722419163,43.7890439127445
-0.7273386051246984,-1.471063226680935,239.17872167340798,56.54563143486374,121.01971191054689,54.246804939780375,37.9116680456804,37.35786025609685
-0.6463304070095649,-1.471063226680935,200.17800831865483,53.79161526701673,101.21155179330626,50.454048922102665,31.73542063836267,31.352089742842534
-0.5743445928509872,-1.471063226680935,168.58914361143016,50.56917412836506,85.29359032584897,46.00136969958333,26.71504167062261,25.92686455358708
-0.5103762839557767,-1.471063226680935,143.0818974306801,46.89563790982036,72.37110688927848,41.01862801620878,22.67117326549873,21.239983006817475
-0.4535325211846986,-1.471063226680935,122.3263338836347,42.801948096811145,61.83729614124453,35.7774446193816,19.35172844209044,17.219581181375432
-0.40301979977966995,-1.471063226680935,105.37650627414531,38.38991104413897,53.296375741724525,30.634704666690496,16.696629735344207,13.925684744607551
-0.35813299251433084,-1.471063226680935,91.51841315667798,33.82907838750799,46.289080378806304,25.79876430389865,14.485546592919444,11.160432343334907
-0.3182455065418344,-1.471063226680935,80.13489273283106,29.30148980944911,40.506944301698375,21.41641493078719,12.67094881853085,8.902714644425235
-0.2828005365353655,-1.471063226680935,70.74318188837955,24.978817084047876,35.750647986937146,17.589123045175015,11.198916140683831,7.101084315059568
-0.2513032920204875,-1.471063226680935,62.974456641952735,20.999798813793493,31.83491417994772,14.332612528154346,9.97606735691087,5.643058636514852
-0.22331409039755062,-1.471063226680935,56.53026976890265,17.449162605387723,28.589811198647155,11.602496405157119,8.947675947478514,4.459289230849587
-0.19844221923690444,-1.471063226680935,51.163733223540035,14.357696193017206,25.880973106568355,9.336788525038669,8.089210191064724,3.513298986188538
-0.17634048216824733,-1.471063226680935,46.67510822877121,11.717632212266096,23.608770046046132,7.474524774174073,7.377449025206271,2.7679553076577057
-0.15670035222800524,-1.471063226680935,42.904800134200265,9.497740651546817,21.69767090943193,5.958555423605623,6.785482443430648,2.182568311885828
-0.13924766500838334,-1.471063226680935,39.72610460839746,7.654958480846867,20.086651701769025,4.734741511777163,6.288633113069367,1.7212083206632904
-0.12373879148704055,-1.471063226680935,37.03703590067244,6.141260880139838,18.725363800567205,3.753445329866208,5.867757609622416,1.3561941403706348
-0.10995723711238882,-1.471063226680935,34.755052497396704,4.908657592662235,17.57156310760786,2.970412173470182,5.5089889142632105,1.0670843291397065
-0.09771061966979347,-1.471063226680935,32.81241132307,3.911881333819681,16.590337126503876,2.3477812041853436,5.202116813280843,0.8384393436072471
-0.0868279837415025,-1.471063226680935,31.153539931049657,3.1102701724769344,15.75295146247678,1.8539357040654068,4.939144176372948,0.6580971354524153
-0.07715741427178036,-1.471063226680935,29.732695976889392,2.468434571278907,15.035813884676056,1.4629302178884709,4.713442648192722,0.5162166385752691
-0.06856391592404971,-1.471063226680935,28.51208125125851,1.956272340440358,14.419641062154948,1.153771715602352,4.519452275776321,0.4048410603342618
-0.06092752862714207,-1.471063226680935,27.460454518588737,1.5486646982018968,13.888618833073927,0.9095914658259684,4.352405755250582,0.3175271472996571
-0.0541416530048151,-1.471063226680935,26.551958995889592,1.224941311297504,13.429699651702549,0.7168911342464908,4.208241117828466,0.24911598735049068
-0.04811156231253989,-1.471063226680935,25.765119004113227,0.968256874679539,13.032070128363138,0.5649113770427364,4.083537411401896,0.19552339544911332
-0.04275308010908995,-1.471063226680935,25.082027127794376,0.7649841658413133,12.68673231096962,0.44510320964043487,3.975417294317641,0.15353255453119063
-0.0379914052040221,-1.471063226680935,24.48769739805689,0.6041640601666622,12.386164625379635,0.35068894168512416,3.8814592766120164,0.12061842402553555
-0.03376006747802295,-1.471063226680935,23.969545159986943,0.4770239047117869,12.124049520937415,0.2763038498987631,3.7996273753155894,0.09480502608186248
-0.03,-1.471063226680935,23.5169645780591,0.3765661697720707,11.895057000110217,0.21770727881830976,3.7282097238100467,0.07454882479183675
0.03,-1.471063226680935,17.287128149436896,0.36271406356299174,8.7441360096878,0.20351301005074152,2.746054677222922,0.06863843687437889
0.03376006747802295,-1.471063226680935,16.958723856456416,0.45709694596569467,8.578439790151352,0.2560057515865018,2.6941339600353595,0.08630900835023554
0.0379914052040221,-1.471063226680935,16.597930358724778,0.5754343558508905,8.396472497076626,0.32163707698125726,2.637089907866724,0.10838278497378316
0.04275308010908995,-1.471063226680935,16.203037615604707,0.7234513191519697,8.197387063840454,0.4034788573926238,2.574665240911171,0.13587412687196404
0.04811156231253989,-1.471063226680935,15.772755152935106,0.9080206925122707,7.9805398373701335,0.5051987020584611,2.506678872945533,0.16998139603274445
0.0541416530048151,-1.471063226680935,15.30643719967448,1.1372448245892708,7.745592904774807,0.6311005639889156,2.433068396197597,0.21208627924951287
0.06092752862714207,-1.471063226680935,14.804377413120628,1.4204268624392835,7.492649978373457,0.7861106552268688,2.35394721666207,0.26372392379227416
0.06856391592404971,-1.471063226680935,14.268183245082621,1.7678321252947502,7.22243699591135,0.9756558332517727,2.2696651677968553,0.32651201911712546
0.07715741427178036,-1.471063226680935,13.70124716124473,2.190076397515802,6.936533092909721,1.2053533657591147,2.1808569514937095,0.4020313489859855
0.0868279837415025,-1.471063226680935,13.109361136977881,2.69686329352213,6.637648067424267,1.4803981120348533,2.088508868964057,0.49161113661808986
0.09771061966979347,-1.471063226680935,12.501528267952105,3.2946395326652036,6.329977118660811,1.80445038323021,1.9940593871462369,0.595954770393014
0.10995723711238882,-1.471063226680935,11.890903899502648,3.982706535514724,6.019759163645274,2.1776199008216848,1.8993775850611436,0.7147408424190724
0.12373879148704055,-1.471063226680935,11.295782689697187,4.747389503174581,5.71606938458423,2.5930778903503398,1.8068400196818226,0.845976521759075
0.13924766500838334,-1.471063226680935,10.741121497931468,5.553375760964741,5.431682377078233,3.0321655641412315,1.7196760167177854,0.9847214852633845
0.15670035222800524,-1.471063226680935,10.260697448489026,6.33233317014463,5.184521941305119,3.4573740422996293,1.6424055084185123,1.121258639696411
0.17634048216824733,-1.471063226680935,9.899548158114483,6.972179721785786,4.99943108266735,3.8049276166793664,1.582380566053839,1.236928593778953
0.19844221923690444,-1.471063226680935,9.719298801723921,7.310236085000173,4.909796973547967,3.982850751073012,1.5513339374871955,1.300289676926241
0.22331409039755062,-1.471063226680935,9.803919741257216,7.149927819982955,4.959395832712353,3.8835980137137396,1.5661383652717078,1.2697659631614846
0.2513032920204875,-1.471063226680935,10.268643791580391,6.318795564401109,5.203225003617426,3.4236841739105524,1.646483818938618,1.1137134655945968
0.2828005365353655,-1.471063226680935,11.264221860761005,4.790739476183891,5.710067109842514,2.6018265204734212,1.8105010743773076,0.8404808247610966
0.3182455065418344,-1.471063226680935,12.976931664305978,2.820150934120031,6.5694048257084745,1.548551082168076,2.078080463363064,0.5024787786479453
0.35813299251433084,-1.471063226680935,15.62964041429068,0.9750490405566282,7.902592725673027,0.5451107315092749,2.4879891027159173,0.18014997557112492
0.40301979977966995,-1.471063226680935,19.50679055753399,0.017348242518499826,9.86724066303663,0.009750714104608819,3.101797119364685,0.00299674160489806
0.4535325211846986,-1.471063226680935,25.00054396146794,0.7420261817911086,12.649739008568387,0.4329752169981258,3.973320142425982,0.15276089964829925
0.5103762839557767,-1.471063226680935,32.59859760065347,3.805759510821286,16.48392810667704,2.2829861986711295,5.1686992886997905,0.8146843265680492
0.5743445928509872,-1.471063226680935,42.85548238793486,9.468864692816062,21.68732896330572,5.950520801718934,6.79253418015289,2.189327265534152
0.6463304070095649,-1.471063226680935,56.5706736252013,17.47203417544074,28.6022128513949,11.612926062083815,8.935877044229267,4.445996564943933
0.7273386051246984,-1.471063226680935,74.60156230007892,26.820342034422065,37.6868764774461,19.167791526603086,11.798113911967825,7.829689708714914
0.8185000129460304,-1.471063226680935,97.70825250794941,35.986080286369756,49.47291209258701,28.063716319668643,15.404764882670944,12.310266007508304
0.9210871889273549,-1.471063226680935,127.69811117746771,43.9816725978346,64.41580980765457,37.16914263599057,20.17231355177104,18.225478551501787
1.0365321883776653,-1.471063226680935,164.73531361821622,50.088063829418914,83.50872340058068,45.396057518744264,25.968294031808558,25.081273013023434
1.166446554092426,-1.471063226680935,211.42654290838632,54.696402865600774,106.63780914999523,51.651143740241444,33.404182324535306,33.049706864781925
1.3126438125222553,-1.471063226680935,267.6482641321747,58.02250199476068,135.52958706432463,56.23199838348837,42.375467485740245,41.21653290606824
1.4771647895120215,-1.471063226680935,337.18733683234814,60.52850921118228,170.6141073465803,59.44457283459576,53.55695319983626,49.10773292518962
1.6623060990028473,-1.471063226680935,423.60981266069933,62.44460811155221,214.56315968062052,61.79858465897502,67.44728324049417,55.69403308077153
1.8706522023821734,-1.471063226680935,533.4750576991685,63.94909809403929,269.0469670412533,63.531651724761154,85.32689346135922,60.38903037543361
2.1051114860111477,-1.471063226680935,672.8403881308357,65.12746789622301,342.7403770882892,64.92101894993198,109.26651402630503,63.379926259268835
2.368956860549917,-1.471063226680935,863.0370691688273,66.1052980175323,436.90486993020056,65.96618411566647,141.28122514772534,65.24690386985696
2.6658714488230206,-1.471063226680935,1102.3059355632852,66.84600692826211,566.8792507950216,66.80745863450666,181.191739531372,66.40636515690302
3.0,-1.471063226680935,1440.529102727596,67.46639571499618,742.3134977618085,67.45652522032671,238.2855993883549,67.26373050407712
-3.0,-1.421196676623954,2738.207825481082,68.41217414064465,1379.9538686535627,68.39523609648869,437.4120620333271,68.34294967619897
-2.6658714488230206,-1.421196676623954,2172.904820007174,68.14058314297552,1101.843401600586,68.12309345093541,347.99152700411355,68.02861424399565
-2.368956860549917,-1.421196676623954,1731.1563467979895,67.80315514398497,877.7933010396827,67.77405158996007,277.6107532231724,67.61782478707336
-2.1051114860111477,-1.421196676623954,1386.667364128914,67.38820952638432,701.810187803052,67.3367470385501,220.72197919367417,67.0567312506586
-1.8706522023821734,-1.421196676623954,1111.0668222704162,66.86694458850688,562.5966826568651,66.78627302325572,177.16786100398633,66.31954779228757
-1.6623060990028473,-1.421196676623954,895.1964544044451,66.2284969612241,453.1334563368478,66.09941576517933,142.47404593795318,65.29438281185966
-1.4771647895120215,-1.421196676623954,723.5016269692703,65.43977391352269,366.3814876002816,65.23827155717674,115.26577059812314,63.847082759748076
-1.3126438125222553,-1.421196676623954,587.2306170962505,64.47243857332597,297.3040068987284,64.1544392715954,93.37493280804263,61.666071660253714
-1.166446554092426,-1.421196676623954,478.8032855499479,63.29066358301701,242.34103330276386,62.7920456816891,76.11003713746389,58.373255498677324
-1.0365321883776653,-1.421196676623954,392.2756172086086,61.85255504955113,198.49719159044392,61.07712540303467,62.32562497036247,53.63613163856441
-0.9210871889273549,-1.421196676623954,323.1220304563727,60.11363385994361,163.49704818200505,58.922585425442826,51.30556641385383,47.71795486541559
-0.8185000129460304,-1.421196676623954,267.6732437353006,58.02365156893869,135.40501699929337,56.217060067354126,42.4867210825067,41.30748292741873
-0.7273386051246984,-1.421196676623954,223.09976614977467,55.53367732792537,112.88939530016495,52.8720733660453,35.36604881689158,34.97509236802674
-0.6463304070095649,-1.421196676623954,187.19117420688454,52.60415747016872,94.65059228953687,48.80653384983072,29.67886928825226,29.186088833223806
-0.5743445928509872,-1.421196676623954,158.07666427053437,49.20022570878243,79.97808620323939,44.12457963825284,25.05120683464095,24.030022955724007
-0.5103762839557767,-1.421196676623954,134.54058181155673,45.35660930131684,68.05375026583799,39.010635388429634,21.319483236885816,19.619150789129293
-0.4535325211846986,-1.421196676623954,115.3667269051683,41.126317117083225,58.32188728306386,33.76095652824681,18.252607058028442,15.862225623842164
-0.40301979977966995,-1.421196676623954,99.6888145049345,36.63429937602926,50.42119324333797,28.716725107856522,15.796508358455307,12.800448301368991
-0.35813299251433084,-1.421196676623954,86.85340015992632,32.0648465784517,43.93074501324873,24.051414211123877,13.748369968338187,10.240295857833651
-0.3182455065418344,-1.421196676623954,76.29553628736926,27.59990668312548,38.56774508556949,19.877070801136544,12.065206796350143,8.156745837716262
-0.2828005365353655,-1.421196676623954,67.57286792896726,23.39786088071462,34.1499622676005,16.26648239872832,10.697955971726069,6.498433822543839
-0.2513032920204875,-1.421196676623954,60.34722164511177,19.577161945318323,30.507712170473233,13.21691165322762,9.560507187910241,5.159131717749026
-0.22331409039755062,-1.421196676623954,54.34475406765404,16.202202287554947,27.48490694688954,10.674764212688004,8.60248851302048,4.0735554146128345
-0.19844221923690444,-1.421196676623954,49.338694590724955,13.287682753662054,24.95795570226172,8.574374058825335,7.80158079771882,3.2072696707050623
-0.17634048216824733,-1.421196676623954,45.145424776204514,10.815036820410345,22.835210519982915,6.854004063050741,7.136590155758918,2.5255569548199523
-0.15670035222800524,-1.421196676623954,41.61807983948878,8.746819012394305,21.047214534679913,5.457422438095807,6.582743721566085,1.9906793608916897
-0.13924766500838334,-1.421196676623954,38.63996796964927,7.037147331605492,19.53780192636892,4.332475595936576,6.117238574037832,1.5694576682984342
-0.12373879148704055,-1.421196676623954,36.11705867199108,5.637500743182429,18.260584704787796,3.4320430295823483,5.722365331761252,1.2363988283325875
-0.10995723711238882,-1.421196676623954,33.97317143850022,4.500827310139248,17.17657005032216,2.714538570481329,5.3853012878181845,0.9727176197088322
-0.09771061966979347,-1.421196676623954,32.14569511613934,3.583594755210139,16.25348593605846,2.1446401638464883,5.096612649261526,0.7642525866532901
-0.0868279837415025,-1.421196676623954,30.58320093942846,2.8472095495783813,15.46473113520435,1.6930067878170623,4.848908705584681,0.5998662383790583
-0.07715741427178036,-1.421196676623954,29.24329874175716,2.2583954621937457,14.788432732050422,1.3356571421227383,4.636055357098653,0.4705585470763012
-0.06856391592404971,-1.421196676623954,28.09090854652231,1.7890424992298635,14.20668982212364,1.0532482714135494,4.452899787787163,0.36906115272410867
-0.06092752862714207,-1.421196676623954,27.096994375928546,1.4158158545419757,13.704802715294651,0.8302754380654069,4.295014279591472,0.2894931496652039
-0.0541416530048151,-1.421196676623954,26.23749081657238,1.1195894117968472,13.270626582941127,0.6543555953364312,4.158618915089807,0.2271491295033192
-0.04811156231253989,-1.421196676623954,25.49238144133589,0.8848240896630081,12.894082166748333,0.515633247908527,4.040525116521966,0.1783060113907592
-0.04275308010908995,-1.421196676623954,24.844951503012535,0.6989792735878104,12.566770756036124,0.4062867428121892,3.938046716956801,0.14003254353844624
-0.0379914052040221,-1.421196676623954,24.281193027835577,0.5519883885324042,12.281661890067731,0.320120565693606,3.8489195956031033,0.11002844073548938
-0.03376006747802295,-1.421196676623954,23.789325986500092,0.43580486954002606,12.032842222359443,0.2522340788299619,3.7712373198097975,0.08649390242352377
-0.03,-1.421196676623954,23.359408844896507,0.3440175135277088,11.815315803785849,0.19875536013257386,3.703394766780286,0.06802312427662459
0.03,-1.421196676623954,17.40360307109282,0.33217905147864485,8.803008781753709,0.18647374065616307,2.76444031107674,0.06291654119995335
0.03376006747802295,-1.421196676623954,17.0869111500292,0.4187786773926795,8.6432227096979,0.23467470775557767,2.7143729734795405,0.07915194537788793
0.0379914052040221,-1.421196676623954,16.73853037566637,0.5274481061633144,8.467516466550517,0.29499494562750483,2.659293440481419,0.0994525024985591
0.04275308010908995,-1.421196676623954,16.356634573819278,0.6635157001991729,8.274984030909868,0.3702991831960197,2.5989256070945674,0.12476556248402045
0.04811156231253989,-1.421196676623954,15.939748506977715,0.833413002912917,8.064888618927693,0.46402720695259386,2.533058395017539,0.1562170937725604
0.0541416530048151,-1.421196676623954,15.486950158741275,1.044780739185333,7.836753933111263,0.5802478850839696,2.461584418221601,0.1951166297102901
0.06092752862714207,-1.421196676623954,14.998136323986543,1.3064922367668779,7.590485756656303,0.7236727441409259,2.384552188959965,0.2429385472399148
0.06856391592404971,-1.421196676623954,14.474360384217828,1.6285134056370607,7.326534068052915,0.8995860976719199,2.302221099760172,0.3012703042687688
0.07715741427178036,-1.421196676623954,13.918257783324494,2.021465002452413,7.046100485113998,1.1136253883482303,2.215104054557709,0.3717228058498311
0.0868279837415025,-1.421196676623954,13.334602186079398,2.495653649071268,6.751386647491649,1.3713181622822537,2.124026297805713,0.45576331727984676
0.09771061966979347,-1.421196676623954,12.731041695335275,3.05920141823357,6.445912076289066,1.6772086102004047,2.030214442730268,0.5544159518121698
0.10995723711238882,-1.421196676623954,12.11894799026364,3.7148667010905156,6.135021050481275,2.033214259259921,1.9352661673940146,0.6679550565888097
0.12373879148704055,-1.421196676623954,11.51429519236058,4.4551636745444645,5.826607581741327,2.4357722741310983,1.8412091334565996,0.795390141285782
0.13924766500838334,-1.421196676623954,10.93903011247419,5.254823126817721,5.531903846640214,2.871567893334616,1.7508117903922782,0.9333795388862273
0.15670035222800524,-1.421196676623954,10.423023721832937,6.060245802172547,5.266825427839023,3.311014914811357,1.667985282170909,1.0745714692415356
0.17634048216824733,-1.421196676623954,10.006269922312946,6.778001081378737,5.053624516555829,3.70045114887913,1.5992538964708172,1.2035216914811806
0.19844221923690444,-1.421196676623954,9.74384392643659,7.263441857025025,4.922399570990911,3.9574418777450764,1.555268493496298,1.2921215860423498
0.22331409039755062,-1.421196676623954,9.71134010120738,7.325461152387462,4.912784393833349,3.976815865868124,1.5515799435524886,1.299777779107614
0.2513032920204875,-1.421196676623954,10.01343386228038,6.765122320452183,5.07459130270658,3.6606425862989007,1.6063480498440679,1.1896875560450655
0.2828005365353655,-1.421196676623954,10.788048611521997,5.481446831176575,5.470018095549905,2.9699590214333065,1.7357791381609624,0.9579139748957791
0.3182455065418344,-1.421196676623954,12.205969303975296,3.616136813991943,6.1801584404193255,1.9785493309538962,1.956908791670338,0.6407932130040446
0.35813299251433084,-1.421196676623954,14.470408280439571,1.6311154046179566,7.3162255201312645,0.9069457322288457,2.3048757274658134,0.29926773605843043
0.40301979977966995,-1.421196676623954,17.839948771698463,0.230930206636345,9.024600312010223,0.1296380465250179,2.8386209636500723,0.04257398597615891
0.4535325211846986,-1.421196676623954,22.677198153270307,0.21829029634307417,11.478360971863836,0.12733001855053497,3.608781909575339,0.045657838787954146
0.5103762839557767,-1.421196676623954,29.44495709297952,2.344210339324034,14.892435274744548,1.388664079012596,4.672145711723792,0.49165375109557274
0.5743445928509872,-1.421196676623954,38.668642144928214,7.053356288281134,19.566075937339367,4.3529909039770525,6.129947481566671,1.5805685199474608
0.6463304070095649,-1.421196676623954,51.1003344205485,14.320644519746828,25.835416211889836,9.29900495214616,8.073352911174325,3.496270018914118
0.7273386051246984,-1.421196676623954,67.60370118966114,23.413526568558826,34.14739043987125,16.264346366234793,10.689529379573964,6.488354753006736
0.8185000129460304,-1.421196676623954,88.98399265609667,32.885881545126054,45.05370502622962,24.89062466092635,14.02002087175922,10.579038745083832
0.9210871889273549,-1.421196676623954,117.14929288365441,41.57233409262206,59.05994049092554,34.195857609527906,18.489030425193246,16.15506207199064
1.0365321883776653,-1.421196676623954,152.49863601371047,48.395904309961075,77.33383250503408,43.10403557000326,23.98683709455194,22.79295773025364
1.166446554092426,-1.421196676623954,198.22482110451722,53.62346109936069,99.79340867809323,50.117609655200766,31.220460472634592,30.817294158281562
1.3126438125222553,-1.421196676623954,253.89381780317203,57.35292264414289,128.67200223957906,55.35889318006283,40.02579920585287,39.23633377769422
1.4771647895120215,-1.421196676623954,324.6053837461168,60.159184242829596,163.79603094649514,58.94558444635147,51.07333133568195,47.569028869995044
1.6623060990028473,-1.421196676623954,409.7716021499082,62.19487496087715,207.16898362549136,61.48248820965469,64.91899057374583,54.727481766541175
1.8706522023821734,-1.421196676623954,516.6597041469394,63.76205825783379,261.35201041241356,63.33590111817987,82.01020945367294,59.7437749855947
2.1051114860111477,-1.421196676623954,649.7749140643032,64.96857137823508,329.3767035331089,64.71960287931473,103.87433768929189,62.88845620297296
2.368956860549917,-1.421196676623954,822.0438467046631,65.93388243729656,416.12019045357164,65.77922502344704,132.5554557084954,64.86315812407231
2.6658714488230206,-1.421196676623954,1040.478954573103,66.68799238109017,531.8759424978889,66.6237124671353,168.87174922810618,66.12376244764167
3.0,-1.421196676623954,1340.4481328789875,67.31601805578045,687.4479476547391,67.29073253377697,219.38093899316772,67.03928985235416
-3.0,-1.3713301265669733,2485.310864840734,68.30609605552381,1252.7105959278656,68.28608174732476,397.0468367441351,68.22029897712424
-2.6658714488230206,-1.3713301265669733,1973.8526504066078,68.00746235411727,1000.9908456684491,67.98590400623185,316.1331553577839,67.86822531329094
-2.368956860549917,-1.3713301265669733,1574.079332302825,67.63682400314258,798.209912658904,67.60109435616454,252.4310187502898,67.40594629078504
-2.1051114860111477,-1.3713301265669733,1262.207172722327,67.18153087407023,638.8847788897646,67.11907700175861,200.9348686116344,66.77043253239476
-1.8706522023821734,-1.3713301265669733,1012.6371587385215,66.61038649580306,512.8036473172955,66.51239516177773,161.48579792242847,65.92738248835258
-1.6623060990028473,-1.3713301265669733,817.0415886291892,65.91175380964677,413.61006638883674,65.75527822349781,130.04828090387383,64.73944410001538
-1.4771647895120215,-1.3713301265669733,661.3907321992443,65.05002542196334,334.9554358722406,64.80582298436877,105.3790176705758,63.03336873149414
-1.3126438125222553,-1.3713301265669733,537.7758209036249,63.99497989611199,272.2871747412615,63.610387450380195,85.51942468468305,60.42409296540899
-1.166446554092426,-1.3713301265669733,439.3454577977029,62.70854465331143,222.38652980348337,62.10699449777513,69.84423892120927,56.52790324363673
-1.0365321883776653,-1.3713301265669733,360.7289340005199,61.14658207923787,182.5475041575696,60.21420522395948,57.318570837471746,51.217184118099475
-0.9210871889273549,-1.3713301265669733,297.8389294637937,59.26303854622556,150.714160120981,57.83816689650021,47.29529710650477,44.99691839674934
-0.8185000129460304,-1.3713301265669733,247.36006040190395,57.007066268246454,125.13782604440652,54.8649511841335,39.26593860458927,38.571710554063735
-0.7273386051246984,-1.3713301265669733,206.7365306390433,54.3317865820212,104.61516089481924,51.22095059041014,32.7753766662314,32.416429188561835
-0.6463304070095649,-1.3713301265669733,173.97027986580906,51.204270859876864,87.97119910686352,46.86501816737209,27.58518862793117,26.90004845990286
-0.5743445928509872,-1.3713301265669733,147.3694197213066,47.60234135724294,74.5639161203027,41.96837663324022,23.356478940922454,22.052081982792046
-0.5103762839557767,-1.3713301265669733,125.83538900787683,43.58311357780843,63.653382829986136,36.765225280921115,19.941793578968184,17.943610827392217
-0.4535325211846986,-1.3713301265669733,108.26797026781468,39.2253253908727,54.73603056375976,31.55974945231021,17.131444505604403,14.46822018211728
-0.40301979977966995,-1.3713301265669733,93.88203982777985,34.676798591877265,47.48568957762681,26.662959322099304,14.877490247258905,11.650529076725384
-0.35813299251433084,-1.3713301265669733,82.08577248639777,30.131677054460283,41.52042711302509,22.207905935703504,12.99493000092595,9.303706206492038
-0.3182455065418344,-1.3713301265669733,72.36725448046973,25.765087831533087,36.58352733268706,18.27130881235614,11.445388572693753,7.3998575715352235
-0.2828005365353655,-1.3713301265669733,64.32513645268627,21.7166666818529,32.510100290786234,14.898632178001465,10.18472649438639,5.888519336945585
-0.2513032920204875,-1.3713301265669733,57.652329176955455,18.08170694666885,29.1462679720956,12.070696385281646,9.134218504349914,4.670403405317591
-0.22331409039755062,-1.3713301265669733,52.09992370717383,14.903643849879742,26.34997230986432,9.72656267996509,8.247909549012656,3.684685123031833
-0.19844221923690444,-1.3713301265669733,47.46152541035191,12.181740771804211,24.008540402961525,7.798300034116431,7.5057139189362525,2.899205734957478
-0.17634048216824733,-1.3713301265669733,43.56983522999299,9.887724600864154,22.038408272283778,6.224403383427578,6.888484130087374,2.2818377569040016
-0.15670035222800524,-1.3713301265669733,40.290873938330186,7.979028813314088,20.37626643936864,4.950263146743948,6.373610937769166,1.7979279291720047
-0.13924766500838334,-1.3713301265669733,37.518083628525964,6.407874821808456,18.970865221672206,3.9262050247297346,5.9401918351124445,1.417138864360727
-0.12373879148704055,-1.3713301265669733,35.165486995215566,5.1259625585262,17.779824428523597,3.1079669611715444,5.571971888208913,1.1162247823872524
-0.10995723711238882,-1.3713301265669733,33.16334417837679,4.087708232362509,16.76744336496248,2.4568649738473956,5.257187006081188,0.8780941646708579
-0.09771061966979347,-1.3713301265669733,31.454243088135822,3.2516941199667513,15.90412508973655,1.9402726998961584,4.987189845294118,0.6898875920036116
-0.0868279837415025,-1.3713301265669733,29.990955197715174,2.5816598990376347,15.165431105971946,1.5312290936090718,4.755203880646599,0.5415077580195956
-0.07715741427178036,-1.3713301265669733,28.7344907400915,2.0466241602624446,14.53123308929193,1.2077856401330498,4.555595931589828,0.4248059152828451
-0.06856391592404971,-1.3713301265669733,27.652529541722057,1.620591909648904,13.985033975290804,0.9522941425304865,4.383626130706682,0.33320868734989884
-0.06092752862714207,-1.3713301265669733,26.718276729935376,1.2820944682518391,13.513266803742448,0.7506427817529586,4.23521169055106,0.2614017097431071
-0.0541416530048151,-1.3713301265669733,25.90948922631479,1.0136044648767453,13.104705179578126,0.591582446683855,4.106859588218069,0.2051356840953948
-0.04811156231253989,-1.3713301265669733,25.207636733999152,0.8009250743968315,12.750017569353236,0.46617346533097936,3.9956179092671387,0.16105020440680531
-0.04275308010908995,-1.3713301265669733,24.597220605506557,0.6326260520874871,12.441416302690618,0.36732919191759095,3.8989954509175124,0.12650051987762873
-0.0379914052040221,-1.3713301265669733,24.065231345123582,0.49954904556468727,12.172372317874773,0.2894412182128282,3.814888805323288,0.09941165476620534
-0.03376006747802295,-1.3713301265669733,23.60071149052176,0.3943839452300174,11.937385477880447,0.2280761797646131,3.741524025404384,0.07816031330683634
-0.03,-1.3713301265669733,23.19439955367412,0.311312772949804,11.731801793202298,0.17973297299546656,3.6774052992001205,0.06147861967103497
0.03,-1.3713301265669733,17.527431772383927,0.30136062210332304,8.865597433890072,0.169263573790376,2.7839860473325677,0.05713384435760213
0.03376006747802295,-1.3713301265669733,17.223366695629206,0.3800737508561431,8.712182770261643,0.21311088198201986,2.735916558953886,0.07191209883271858
0.0379914052040221,-1.3713301265669733,16.888425663064776,0.47892897430280373,8.543255383557755,0.26803296421408734,2.682963791466355,0.09040862618900268
0.04275308010908995,-1.3713301265669733,16.520679829220448,0.6028376217532013,8.3578570238746,0.3366758980435126,2.6248349028123643,0.11349982959709816
0.04811156231253989,-1.3713301265669733,16.11848411061811,0.7577588768238102,8.15516525048822,0.42223434530380605,2.5612911092942516,0.14223343014178713
0.0541416530048151,-1.3713301265669733,15.680656702861675,0.950824180958603,7.934573676273051,0.5285158885943393,2.4921825223833145,0.1778380487355243
0.06092752862714207,-1.3713301265669733,15.206715599468705,1.1904035245992697,7.695799345149146,0.6599774720757654,2.417495400501617,0.22171413030819076
0.06856391592404971,-1.3713301265669733,14.697179820909863,1.4860498246991183,7.439026428782105,0.821699934283138,2.3374014892637316,0.2753991048244194
0.07715741427178036,-1.3713301265669733,14.153949159045744,1.8482138752959485,7.165090213996828,1.0192479416960745,2.2522948934771825,0.3405043330245115
0.0868279837415025,-1.3713301265669733,13.580801903421042,2.2875385755083912,6.875696512915365,1.2583409944425432,2.1628430668037737,0.41859107875448287
0.09771061966979347,-1.3713301265669733,12.984055390404178,2.813423115521687,6.573702738918397,1.5441978573828938,2.0700643759152197,0.5109399666081144
0.10995723711238882,-1.3713301265669733,12.373322938238566,3.43151160291968,6.263573115374999,1.8802435701607536,1.9752895493365996,0.6183305405509282
0.12373879148704055,-1.3713301265669733,11.762284632101558,4.1397476347393525,5.952035364603918,2.2657805362549146,1.8802031314357879,0.7406542600959506
0.13924766500838334,-1.3713301265669733,11.16990414109374,4.9220447503066,5.648793430399494,2.6923817335093068,1.7871197745397664,0.8760274742827218
0.15670035222800524,-1.3713301265669733,10.622171525109282,5.738935091047495,5.367765267807351,3.13806617830367,1.6993496498266245,1.019352222551516
0.17634048216824733,-1.3713301265669733,10.154057502327833,6.516221378321287,5.128614225761948,3.55961824421194,1.6225932223794914,1.1584715741619742
0.19844221923690444,-1.3713301265669733,9.814087969648368,7.130856863756798,4.9581375275796615,3.886091394373404,1.5664122617674021,1.2692066105087159
0.22331409039755062,-1.3713301265669733,9.66943560767008,7.406048312165603,4.891791906184565,4.019378221225018,1.545010402910384,1.3135027280454439
0.2513032920204875,-1.3713301265669733,9.814074505477347,7.130882089344039,4.9741422880307695,3.8544720349220225,1.5749805693450045,1.2518058173929139
0.2828005365353655,-1.3713301265669733,10.372796700079824,6.143441079337164,5.260695610860577,3.3217477803011093,1.6705833695246262,1.0699135443665226
0.3182455065418344,-1.3713301265669733,11.50037976459872,4.473367370946786,5.823948072270555,2.4394733025996795,1.8459895675003644,0.7885300802360106
0.35813299251433084,-1.3713301265669733,13.379585778022838,2.4567208134327743,6.764522308779465,1.3590760988742507,2.13258441081733,0.4473903154874121
0.40301979977966995,-1.3713301265669733,16.2416957420961,0.7080782390598459,8.216718976874024,0.3950573079856387,2.5863208596982066,0.1304688798991327
0.4535325211846986,-1.3713301265669733,20.4167079138778,0.002327040064621342,10.338919915873035,0.0016150631441231406,3.25426098476491,0.0008412396300223041
0.5103762839557767,-1.3713301265669733,26.336964933074245,1.152525555930687,13.32450439773789,0.6752818904592055,4.183112748187617,0.237887993325769
0.5743445928509872,-1.3713301265669733,34.48964582909098,4.769290781186215,17.44887983153068,2.8902217426979186,5.469063452820516,1.036309521755134
0.6463304070095649,-1.3713301265669733,45.55858102102428,11.058705730020773,23.03350516852388,7.012259038620532,7.201242693196723,2.590082648046214
0.7273386051246984,-1.3713301265669733,60.37620503485035,19.593052443318456,30.495675198301093,13.20678055603851,9.546949511148128,5.143462408347078
0.8185000129460304,-1.3713301265669733,79.74153834979616,29.13130323583164,40.37026054312188,21.308965423259593,12.560663541602308,8.76650883532371
0.9210871889273549,-1.3713301265669733,105.49679467948532,38.42540919459568,53.166945271442856,30.55038107941816,16.64110621709939,13.856347262544748
1.0365321883776653,-1.3713301265669733,138.1879528578255,46.036389492762595,70.082435366359,39.97752311299975,21.707721841962798,20.08717059587058
1.166446554092426,-1.3713301265669733,181.1949464705364,51.99560347694355,91.11517504104516,47.81497803104156,28.48155480137527,27.888530567775145
1.3126438125222553,-1.3713301265669733,234.29177702919011,56.25364843437964,118.77514651962146,53.88888588814105,36.83364655828968,36.36485401977438
1.4771647895120215,-1.3713301265669733,303.65004757321293,59.47184774476785,152.9335288093958,58.04176118572937,47.47393862495701,45.12494635066501
1.6623060990028473,-1.3713301265669733,387.33731490843934,61.75003634326286,195.5283348992914,60.928797436153474,61.12517715341539,53.09472762562223
1.8706522023821734,-1.3713301265669733,493.4633196558144,63.48217751062247,250.26954165234505,63.030160429125004,77.8025977041168,58.79891937494571
2.1051114860111477,-1.3713301265669733,626.3787559856816,64.79500306890756,315.90178325057576,64.49752860437081,98.463452533676,62.309414346499736
2.368956860549917,-1.3713301265669733,789.7248140458311,65.78581965903187,399.7627682336173,65.61734353749404,124.81123682083651,64.45799107076444
2.6658714488230206,-1.3713301265669733,998.4058191323877,66.5690068034547,505.5245975823874,66.46755913055117,158.7415814180991,65.84830967620147
3.0,-1.3713301265669733,1265.8654182577409,67.18819648619797,643.09424450673,67.1350316626906,202.77475890011655,66.79993663881527
-3.0,-1.3214635765099922,2225.422268846756,68.17169175113509,1122.0255319260314,68.14750542384506,355.5693908144743,68.0620617851115
-2.6658714488230206,-1.3214635765099922,1769.8967682794246,67.83957729795587,897.6748917861312,67.81230924222653,283.490092190901,67.66108258898196
-2.368956860549917,-1.3214635765099922,1413.5697525814942,67.42801874719771,716.9001406953932,67.38302155878274,226.69876652848612,67.13146858975853
-2.1051114860111477,-1.3214635765099922,1135.3347739319122,66.92321990142368,574.7517721743303,66.84553547261561,180.76722029578855,66.39743600922743
-1.8706522023821734,-1.3214635765099922,912.5289007170106,66.29120141404577,462.1682087809138,66.16925996064074,145.5369022301756,65.41147334397904
-1.6623060990028473,-1.3214635765099922,737.7067221254599,65.51940118120349,373.49382270197316,65.32519705145613,117.43566342453471,63.998799014034006
-1.4771647895120215,-1.3214635765099922,598.4467992383904,64.56933277712301,303.109732898013,64.26653261947922,95.35983599181877,61.92991067558557
-1.3126438125222553,-1.3214635765099922,487.72650446474006,63.40866650677247,246.97051460038398,62.933173890923975,77.5697299291841,58.74200683194439
-1.166446554092426,-1.3214635765099922,399.4561181728643,61.996864024933075,202.21419739784466,61.25577473294216,63.51000109700892,54.14755486213832
-1.0365321883776653,-1.3214635765099922,328.86209543628513,60.287483282451404,166.43601101926072,59.14447159277627,52.26068856959274,48.31944756499592
-0.9210871889273549,-1.3214635765099922,272.3116764718691,58.23323261812755,137.80770479093732,56.499606717495915,43.24626034693097,41.92162726368791
-0.8185000129460304,-1.3214635765099922,226.85508868321858,55.78365710418283,114.77347850222297,53.21057982334198,36.014668767604675,35.59468147084139
-0.7273386051246984,-1.3214635765099922,190.2179996610812,52.89613083616175,96.2621369216551,49.2333835173818,30.16004173451065,29.70005363815548
-0.6463304070095649,-1.3214635765099922,160.62002178773486,49.548199836943034,81.22619823494223,44.585646824240094,25.470932425777637,24.512869971559525
-0.5743445928509872,-1.3214635765099922,136.55185532000056,45.7357887310941,69.0937288335884,39.51155360497988,21.644203994883572,20.010732623843303
-0.5103762839557767,-1.3214635765099922,117.03421832510234,41.543902224871104,59.20428720064041,34.280193665960184,18.548834461163946,16.229065250418667
-0.4535325211846986,-1.3214635765099922,101.08450958443117,37.07941060025355,51.10719956997549,29.182840368176503,15.996827793731523,13.051038280045589
-0.40301979977966995,-1.3214635765099922,87.99977201871953,32.50983892071513,44.51188173882419,24.487316184535608,13.946465639740138,10.487273045714499
-0.35813299251433084,-1.3214635765099922,77.25042731907823,28.031557748747897,39.07575484115869,20.283356657619482,12.230734849572313,8.360046094002609
-0.3182455065418344,-1.3214635765099922,68.37799444662751,23.80507477629994,34.568395226738254,16.61357315984863,10.815898168933115,6.639715839868338
-0.2828005365353655,-1.3214635765099922,61.02238311153264,19.946214542510493,30.842361029857088,13.49850892578224,9.662762747052811,5.277564352118777
-0.2513032920204875,-1.3214635765099922,54.907750419198756,16.525190475384058,27.759654612474275,10.905127812224723,8.700041221777326,4.181886745260229
-0.22331409039755062,-1.3214635765099922,49.81022820835595,13.564757396885337,25.192308930801577,8.767290120844422,7.88621928730003,3.296681958205179
-0.19844221923690444,-1.3214635765099922,45.543870689708534,11.050027740271652,23.03861424922865,7.016344183298726,7.203443268776625,2.592286025086913
-0.17634048216824733,-1.3214635765099922,41.9577475418307,8.944505567559851,21.223118907987384,5.592075920094892,6.634611073482376,2.039314726581069
-0.15670035222800524,-1.3214635765099922,38.93080267293037,7.201817631586891,19.688677040515486,4.442215985760392,6.159283836730412,1.6063040002484539
-0.13924766500838334,-1.3214635765099922,36.366640723243805,5.773324180804607,18.38896765374009,3.520054830564691,5.758468874417185,1.2658226166391022
-0.12373879148704055,-1.3214635765099922,34.187362420585245,4.6117130741635135,17.28562881655465,2.7845101549229723,5.41737353244346,0.9969091148467556
-0.10995723711238882,-1.3214635765099922,32.329690319558715,3.673412214080715,16.346263287282515,2.2000092555830473,5.125297379171713,0.7841860750697411
-0.09771061966979347,-1.3214635765099922,30.741432615006723,2.919492259623267,15.543960275125933,1.736753461475548,4.874382563598407,0.6161066592488302
-0.0868279837415025,-1.3214635765099922,29.379581118484833,2.3162757738442563,14.856454920173054,1.3702429464758017,4.658469061277982,0.48361854125646336
-0.07715741427178036,-1.3214635765099922,28.208565756504147,1.8352390044831783,14.265374033509351,1.0806103927332027,4.472426912496172,0.3794255855375091
-0.06856391592404971,-1.3214635765099922,27.19884478086955,1.452605759747648,13.75563417840991,0.8519299018510096,4.311931492400512,0.29764865533380835
-0.06092752862714207,-1.3214635765099922,26.325882065908573,1.1488379995668223,13.314810197641618,0.6714972696107124,4.173247450677315,0.2335381781131337
-0.0541416530048151,-1.3214635765099922,25.569273383415762,0.9080460813271576,12.932602572194186,0.5292043260919185,4.053171219146373,0.18329879315051545
-0.04811156231253989,-1.3214635765099922,24.911989962230248,0.7173982067036937,12.600435311967013,0.41702977375768735,3.9489900078405045,0.1439305460826575
-0.04275308010908995,-1.3214635765099922,24.339763546233993,0.5665871916588596,12.311138989965412,0.3286220846144506,3.8584099077642224,0.11307313291385168
-0.0379914052040221,-1.3214635765099922,23.840596312416594,0.44736947881714084,12.058692563283534,0.2589588503415105,3.779490402548264,0.08887509691469016
-0.03376006747802295,-1.3214635765099922,23.4043654834833,0.3531743834542725,11.838015178827462,0.20407237221186256,3.71059203551828,0.0698881434974317
-0.03,-1.3214635765099922,23.02250069955566,0.27877808606241705,11.644800369325079,0.16083065370937433,3.650330128896487,0.05498109582307283
0.03,-1.3214635765099922,17.65845805803299,0.2705652004854455,8.931822960172637,0.1520526786201973,2.804667209280365,0.05134726341138972
0.03376006747802295,-1.3214635765099922,17.36794313813457,0.3413672160469978,8.785245428565359,0.191527428333341,2.7587414237014003,0.0646606599328826
0.0379914052040221,-1.3214635765099922,17.04748632941608,0.43036001508121724,8.623623519508646,0.24101758636166534,2.70808041309162,0.08133999785672805
0.04275308010908995,-1.3214635765099922,16.69507263615432,0.5420218317866373,8.445955021972543,0.30294124587339677,2.6523771701809618,0.10218748160551287
0.04811156231253989,-1.3214635765099922,16.30890600481736,0.6818133997706973,8.251341305556574,0.3802330955534499,2.59136811780199,0.1281674830989593
0.0541416530048151,-1.3214635765099922,15.887566404570956,0.8563146768110292,8.039056757606724,0.47641586278438863,2.524864145515744,0.160419721083643
0.06092752862714207,-1.3214635765099922,15.43021764824315,1.0733243476206844,7.808642174949329,0.5956545784547898,2.4527929302065377,0.2002582238042619
0.06856391592404971,-1.3214635765099922,14.936872508299109,1.3418734530353233,7.560030311595702,0.7427676534822285,2.3752426829215696,0.24915097319536703
0.07715741427178036,-1.3214635765099922,14.408727230885837,1.672069756087669,7.293706738162423,0.9231543512189844,2.2924933827278644,0.30867982240324837
0.0868279837415025,-1.3214635765099922,13.848601358048448,2.0746206100928806,7.010900715208676,1.1425819274840858,2.205060085019391,0.3804543033213059
0.09771061966979347,-1.3214635765099922,13.26152314246638,2.559783479813196,6.7138299979642255,1.406722833025056,2.113759234384052,0.46594284673971104
0.10995723711238882,-1.3214635765099922,12.655395110098917,3.1354633059031443,6.406104703388602,1.7201806213644968,2.0196625413064497,0.5663297694989919
0.12373879148704055,-1.3214635765099922,12.041658232243073,3.804151758474367,6.093315718375921,2.0846578967728178,1.9241217249825726,0.6822476433147661
0.13924766500838334,-1.3214635765099922,11.43635643112707,4.557825801826379,5.783671584591073,2.4960232274587772,1.8290106657427905,0.8130885270707062
0.15670035222800524,-1.3214635765099922,10.861671325625116,5.370031699996838,5.489127086922246,2.9393124117182907,1.7370541573494267,0.9558147685974986
0.17634048216824733,-1.3214635765099922,10.347632450321747,6.185455705327946,5.226789259722127,3.381600174029445,1.6531428399967196,1.1014771367383218
0.19844221923690444,-1.3214635765099922,9.936297815967254,6.90482015410076,5.0201808080745485,3.7646538272906653,1.5857545089766931,1.2301915422001837
0.22331409039755062,-1.3214635765099922,9.686478842766084,7.37318613169547,4.900598105039391,4.001479424237564,1.5477348061598917,1.3077971143308902
0.2513032920204875,-1.3214635765099922,9.681444426705749,7.382881010958547,4.90736608720826,3.987766787680603,1.554091848861821,1.2945600272408984
0.2828005365353655,-1.3214635765099922,10.03273930564399,6.730513270976012,5.089294740179334,3.6329271655352753,1.617149745141546,1.1688601945973192
0.3182455065418344,-1.3214635765099922,10.878887988035697,5.34422738952735,5.510222816905621,2.905755785982711,1.7482588275698672,0.9375131152518232
0.35813299251433084,-1.3214635765099922,12.381836236972491,3.4223013252023415,6.259952904870173,1.8844379147524761,1.9750029040526376,0.6186766323106198
0.40301979977966995,-1.3214635765099922,14.744861866546634,1.4566297504626222,7.460178673780892,0.8075443875022641,2.3500628067396963,0.2664369863627344
0.4535325211846986,-1.3214635765099922,18.263540872171113,0.15163139109195636,9.253752636905961,0.08249512760448935,2.916665110551006,0.025725080315539075
0.5103762839557767,-1.3214635765099922,23.336120466238395,0.33931535165997895,11.811020608155905,0.1977562859266245,3.7111714271420984,0.07003926727051141
0.5743445928509872,-1.3214635765099922,30.406002252020073,2.766919495588132,15.380160623032516,1.6467310954763388,4.823611592750228,0.5838957039882652
0.6463304070095649,-1.3214635765099922,40.076698589692576,7.855926106011919,20.262725612474352,4.865513764848404,6.339710901556216,1.7672079140885217
0.7273386051246984,-1.3214635765099922,53.12683683892705,15.499676110323946,26.835791012977314,10.131687174954788,8.402576018766885,3.8533349550765346
0.8185000129460304,-1.3214635765099922,70.31920054633386,24.770903295074415,35.595461751400336,17.46153175553062,11.077766697974987,6.9547496139479055
0.9210871889273549,-1.3214635765099922,93.32931608888806,34.4812750344973,47.02817319795734,26.334356410215698,14.718556338450291,11.451745636994643
1.0365321883776653,-1.3214635765099922,122.77194510742319,42.90341092540351,62.25913944012686,36.01013178683266,19.273682227359306,17.123556124245113
1.166446554092426,-1.3214635765099922,161.86491252276235,49.71446700950747,81.34369916045763,44.628390167850036,25.414316637013666,24.447907836469152
1.3126438125222553,-1.3214635765099922,210.57329723499583,54.63134571135,106.74935709623806,51.6743410209044,33.05269249041803,32.69667660040312
1.4771647895120215,-1.3214635765099922,275.255475226222,58.36235375446316,138.48253051766463,56.57689557036953,42.88593061077814,41.63174792979616
1.6623060990028473,-1.3214635765099922,354.00505837617374,60.978907977230435,178.52013975974938,59.96784493773882,55.730244636261865,50.35824624456808
1.8706522023821734,-1.3214635765099922,455.45480819206915,62.95896824056792,231.3157421453062,62.43011481018667,71.51031492400853,57.06350050640475
2.1051114860111477,-1.3214635765099922,585.0752566155995,64.45337682877744,294.0789976544068,64.09005563105791,90.92797759978602,61.31538388842606
2.368956860549917,-1.3214635765099922,742.01522340963,65.54293121409204,375.4295663998921,65.3482374303267,115.39308260771864,63.856217845798454
2.6658714488230206,-1.3214635765099922,945.9599910746099,66.40549442888644,474.73572957897255,66.26170325635466,147.54890022028994,65.48482874660165
3.0,-1.3214635765099922,1192.7802701559676,67.04712263233147,599.4826005660782,66.95830923190292,186.43854617745225,66.5125237040957
-3.0,-1.2715970264530114,1951.6741173310704,67.99092770228516,984.4872050985265,67.9606950604524,311.86621282256607,67.84393308666948
-2.6658714488230206,-1.2715970264530114,1557.3732764084673,67.61712906716289,790.029248446944,67.58126363740384,249.4615980426011,67.37765902574466
-2.368956860549917,-1.2715970264530114,1247.80346870792,67.15489899580079,632.9323308046196,67.0961361947792,200.1106369765669,66.7569992549727
-2.1051114860111477,-1.2715970264530114,1005.2506696002612,66.58905889820772,509.0056629543295,66.48917087964114,160.089993456845,65.88760670903315
-1.8706522023821734,-1.2715970264530114,810.5115289080074,65.8824436946564,410.5720080146768,65.72587330063143,129.28223538935833,64.70028955221753
-1.6623060990028473,-1.2715970264530114,657.2469255985058,65.02130954586337,332.8111725646358,64.77305743432291,104.64392757318055,62.96337412918513
-1.4771647895120215,-1.2715970264530114,534.856372274219,63.963918160707124,270.937502754677,63.57784635519846,85.23708300217788,60.37258919280153
-1.3126438125222553,-1.2715970264530114,437.31509907396696,62.675608581940345,221.4707513325454,62.07217574640367,69.5623772167014,56.43380904001906
-1.166446554092426,-1.2715970264530114,359.36898879053143,61.11320344125969,181.94166551693553,60.17795469497891,57.14417902757001,51.12510250193952
-1.0365321883776653,-1.2715970264530114,296.8890130812219,59.22808020685123,150.27047440413054,57.79661643698737,47.18575922831176,44.91809772476617
-0.9210871889273549,-1.2715970264530114,246.72621590316686,56.97247804543524,124.87142012223174,54.82639418158725,39.18784119774297,38.50273072486652
-0.8185000129460304,-1.2715970264530114,206.31500101662166,54.298157528261,104.39097443337853,51.17212894572507,32.75767748892394,32.39849164917333
-0.7273386051246984,-1.2715970264530114,173.67356671078102,51.17031061358286,87.89561796454257,46.84134645695459,27.540482002917653,26.85037186251866
-0.6463304070095649,-1.2715970264530114,147.2458990103908,47.58255149137368,74.46879791524373,41.92812476511369,23.3527718689856,22.047707404320658
-0.5743445928509872,-1.2715970264530114,125.70921022947547,43.55571979164066,63.61056390308481,36.74235289270256,19.92784823210563,17.926540868658417
-0.5103762839557767,-1.2715970264530114,108.20562665374808,39.207700719139524,54.741072166005964,31.562947327261416,17.151437050748026,14.493144084301584
-0.4535325211846986,-1.2715970264530114,93.87129144280497,34.67301203019301,47.4631178616113,26.646800687685577,14.857421227328013,11.625425197307502
-0.40301979977966995,-1.2715970264530114,82.08596845722757,30.13175929435497,41.5219719720988,22.209105258815693,13.010382291818916,9.322861362839042
-0.35813299251433084,-1.2715970264530114,72.38252938404027,25.772406295161733,36.614491670412384,18.296583302646226,11.461334612180433,7.419234032970368
-0.3182455065418344,-1.2715970264530114,64.35589980468548,21.7328755944849,32.53655235689554,14.920778823716276,10.181170442586309,5.884323217618009
-0.2828005365353655,-1.2715970264530114,57.687151326718585,18.101248449783103,29.158118414565347,12.080671339315035,9.13562316132891,4.671999747583105
-0.2513032920204875,-1.2715970264530114,52.13157173332128,14.92205879897082,26.357003755208517,9.732416809959338,8.260833597459007,3.6987176330899296
-0.22331409039755062,-1.2715970264530114,47.490210592760306,12.198664818902287,24.019266148381607,7.807013303802734,7.51971285476131,2.9136175727419955
-0.19844221923690444,-1.2715970264530114,43.59745428176763,9.903942910900971,22.054104514163548,6.236701372024315,6.896615112941842,2.2897232566649923
-0.17634048216824733,-1.2715970264530114,40.31863825819301,7.995004826722107,20.394133014232626,4.963628651490897,6.376462034325808,1.8005184228925035
-0.15670035222800524,-1.2715970264530114,37.54554733612262,6.423157774277001,18.98832786692581,3.938568892112985,5.9409718927052175,1.4177996287206256
-0.13924766500838334,-1.2715970264530114,35.191883548892136,5.140009994893965,17.79526337331349,3.1182343112816184,5.573054464934911,1.1170756803038453
-0.12373879148704055,-1.2715970264530114,33.18777676803295,4.100024022142079,16.780569287494703,2.4650100902039807,5.259374533314048,0.8796822387739559
-0.10995723711238882,-1.2715970264530114,31.476375474811018,3.262174974305017,15.915133438838879,1.9466101471366872,4.990291049475066,0.6919579288165535
-0.09771061966979347,-1.2715970264530114,30.010683236172394,2.5903747192084055,15.174718592938417,1.5361645263786472,4.758731679873283,0.5436647804971526
-0.0868279837415025,-1.2715970264530114,28.7518957294671,2.053752796683993,14.539225720872942,1.2116888859118289,4.559149749235793,0.42678888015231436
-0.07715741427178036,-1.2715970264530114,27.66785288337231,1.6263802480990885,13.992032550947847,0.955422779682879,4.386916449997159,0.33487880125533076
-0.06856391592404971,-1.2715970264530114,26.73178702201311,1.286779856962589,13.519467421083798,0.7531714288474077,4.23812117255364,0.26274142396132233
-0.06092752862714207,-1.2715970264530114,25.921420191256292,1.017388093788645,13.110246858117439,0.5936377458491974,4.109375670263881,0.2061841788101676
-0.0541416530048151,-1.2715970264530114,25.218189072971143,0.8039745689044687,12.754999384056257,0.46784928751920524,3.9977661060171634,0.16185864938924735
-0.04811156231253989,-1.2715970264530114,24.606570330857473,0.6350808165448028,12.445906593071175,0.3686959244848317,3.900819446995037,0.12711930595104015
-0.04275308010908995,-1.2715970264530114,24.073531248026647,0.501523589574223,12.176419906302993,0.2905536083595995,3.8164399470318537,0.09988525426869962
-0.0379914052040221,-1.2715970264530114,23.608091575166576,0.39597114612869844,11.941029250606176,0.2289786942446442,3.7428509934559266,0.07852443640059428
-0.03376006747802295,-1.2715970264530114,23.20096950785428,0.31258753045411436,11.735076196805979,0.18046270447865628,3.6785486931022855,0.06176024148696167
-0.03,-1.2715970264530114,22.844292225562306,0.24673789650091427,11.554605009583767,0.14223722863552468,3.6222605805619796,0.04859555263496923
0.03,-1.2715970264530114,17.796506678792177,0.2401017792867981,9.001596730767428,0.1350130835136775,2.826456117074393,0.04561445506878348
0.03376006747802295,-1.2715970264530114,17.52047147194853,0.303048423207728,8.862325208791043,0.17014047783488662,2.7828208622629917,0.05746997582124432
0.0379914052040221,-1.2715970264530114,17.215557859276515,0.3822313752085745,8.708542715438016,0.21421999436222317,2.7346188759255274,0.07233725677631017
0.04275308010908995,-1.2715970264530114,16.879684215911286,0.4816846534358048,8.539212857704054,0.2694349430788798,2.6815320320316705,0.0909418584835262
0.04811156231253989,-1.2715970264530114,16.510926284932236,0.6063504235522179,8.353372242074697,0.33844820867567,2.6232754866278856,0.11416064411721512
0.0541416530048151,-1.2715970264530114,16.107652397071284,0.7622220522201002,8.150189424508518,0.42447761705825715,2.559624980902638,0.14303750673786234
0.06092752862714207,-1.2715970264530114,15.668703276458933,0.9564671318870295,7.929044704531264,0.5313629372594987,2.490454301623471,0.17878871539151764
0.06856391592404971,-1.2715970264530114,15.193621865509412,1.1974948948290958,7.689637993816311,0.6636054348504895,2.4157735413930372,0.22279449037062027
0.07715741427178036,-1.2715970264530114,14.682943599131526,1.494905738292054,7.432127133257763,0.826350272958797,2.335754885663669,0.27657806281925795
0.0868279837415025,-1.2715970264530114,14.138579476718212,1.859205637706715,7.157290991406054,1.0252705679078167,2.2507684936649244,0.3417516147953109
0.09771061966979347,-1.2715970264530114,13.564327689512922,2.3010886844267473,6.8667389290221195,1.2662691936197643,2.161437911769238,0.41990100398648683
0.10995723711238882,-1.2715970264530114,12.966449691281529,2.830070339549625,6.56326420789327,1.5547850658200133,2.068587224226839,0.5125093978875027
0.12373879148704055,-1.2715970264530114,12.354230584583592,3.4522304153144123,6.251364848937833,1.894413936581121,1.9732501088479735,0.6207958198781865
0.13924766500838334,-1.2715970264530114,11.740894351719575,4.166292426806057,5.937805425132743,2.284623577673647,1.8768786210408415,0.7452135037155063
0.15670035222800524,-1.2715970264530114,11.14493382335632,4.957252327749081,5.632635860244339,2.7166426234863894,1.7816355292960224,0.8845206120496765
0.17634048216824733,-1.2715970264530114,10.591580777452098,5.787415944085458,5.350469967837792,3.167198306024522,1.6916256734133452,1.0327478176798839
0.19844221923690444,-1.2715970264530114,10.116587445838647,6.581822683293243,5.111621872680651,3.591156126290474,1.6142603178012254,1.1744036376917382
0.22331409039755062,-1.2715970264530114,9.770570075762324,7.212764638062525,4.943295444373034,3.9155978524168686,1.5610309394073374,1.2802319335181056
0.2513032920204875,-1.2715970264530114,9.626226915353737,7.489894008495749,4.8796519023436815,4.044158255609215,1.5453614785701557,1.312766379379535
0.2828005365353655,-1.2715970264530114,9.781922316869158,7.191325276072028,4.962895428649536,3.87667011926215,1.5776783822665608,1.2463659111213117
0.3182455065418344,-1.2715970264530114,10.359937176492227,6.164883652359961,5.2482886588908295,3.3435533621225666,1.6666080558840528,1.0770468199716168
0.35813299251433084,-1.2715970264530114,11.501429572425186,4.471992146359104,5.814786323560286,2.452254199923529,1.8359562564288705,0.8029772164933155
0.40301979977966995,-1.2715970264530114,13.381630221585935,2.4549611172211496,6.771230927108733,1.35285186418699,2.134910103596551,0.44513242835119976
0.4535325211846986,-1.2715970264530114,16.26091751341511,0.7005068467721549,8.244567047107015,0.3831076478425679,2.602710834450056,0.1230814589100617
0.5103762839557767,-1.2715970264530114,20.50128358132705,0.004175388218926566,10.381538798814024,0.0027563921460856803,3.265485913908859,0.0012292606187693786
0.5743445928509872,-1.2715970264530114,26.499432466800418,1.2070952183177623,13.401349014203525,0.7055802589495196,4.206409264948435,0.24829030910644623
0.6463304070095649,-1.2715970264530114,34.77284849314639,4.91803536959225,17.582628426863916,2.977675892631938,5.506936726419912,1.0654953168264956
0.7273386051246984,-1.2715970264530114,46.03387735880124,11.339159203419715,23.256926946345033,7.191253653836922,7.284040148691927,2.673302819142737
0.8185000129460304,-1.2715970264530114,60.99359501585961,19.930526370162305,30.870149190811006,13.521885419056563,9.613188507470973,5.220092503257742
0.9210871889273549,-1.2715970264530114,81.11023742882972,29.719421431489103,40.87264722122759,21.70308503979257,12.792241303836285,9.052693114543855
1.0365321883776653,-1.2715970264530114,107.02801778913263,38.87160545912242,54.265912340638536,31.260278715177577,16.79964580241136,14.054297894889965
1.166446554092426,-1.2715970264530114,141.61773105242287,46.644651079173926,71.14962856620481,40.469436598602805,22.223557423736214,20.705959210918508
1.3126438125222553,-1.2715970264530114,184.97084303037946,52.38361953347716,93.75616257420975,48.562987017432356,29.01067189853616,28.465200212324028
1.4771647895120215,-1.2715970264530114,242.96534507172544,56.76330444627718,122.1685118515033,54.4241148847065,37.79236586464218,37.249131714103484
1.6623060990028473,-1.2715970264530114,313.95702925548505,59.82207185478526,158.2295823538518,58.50061519737954,49.36026870091212,46.43783983454074
1.8706522023821734,-1.2715970264530114,406.1694741132056,62.12693219245589,206.37931191415385,61.447192542432816,63.6381677273194,54.201572208000584
2.1051114860111477,-1.2715970264530114,525.533682364076,63.86231972006955,263.7218645345486,63.39754967789702,81.22676226015157,59.57920426547243
2.368956860549917,-1.2715970264530114,670.3002023083617,65.11052295566002,338.893096576686,64.86481258360442,103.36253216326172,62.83767845220005
2.6658714488230206,-1.2715970264530114,861.035660036778,66.09731833674047,429.9443995751367,65.90573409739295,132.87291353246502,64.87835654078263
3.0,-1.2715970264530114,1087.259034104472,66.8092416013661,542.740647256314,66.68342742529389,167.3517414022307,66.08517653585095
-3.0,-1.2217304763960306,1643.7593480504988,67.71458995517057,829.8776525621877,67.67403781782714,262.6094054700694,67.49727148166798
-2.6658714488230206,-1.2217304763960306,1325.615785095658,67.2917645593241,672.5697969695202,67.24089766142814,212.28112746374907,66.9425064285238
-2.368956860549917,-1.2217304763960306,1071.362118818345,66.76925253224547,543.5169901351225,66.6875977731975,171.76128600064587,66.19470254686244
-2.1051114860111477,-1.2217304763960306,869.3280111069006,66.13013446982494,440.3015255651177,65.99494005807723,138.47567798954853,65.13078913494712
-1.8706522023821734,-1.2217304763960306,705.4522101230433,65.33381889620512,357.4314883997293,65.12353761344035,112.53426078306086,63.643623666453145
-1.6623060990028473,-1.2217304763960306,575.2784297566691,64.36486390363714,291.36210925712396,64.03459024762198,91.60883723522441,61.41594686968305
-1.4771647895120215,-1.2217304763960306,470.5986580516239,63.178030657713336,238.4243999091121,62.667807101790984,75.00532220310755,58.079866163911014
-1.3126438125222553,-1.2217304763960306,386.6793247043992,61.736168238562456,195.855377518139,60.9453913185253,61.51827218527126,53.27460934896242
-1.166446554092426,-1.2217304763960306,319.2765436062941,59.993458728554515,161.66502079493898,58.779478412879854,50.77677832411128,47.37732834666255
-1.0365321883776653,-1.2217304763960306,265.00690914492964,57.899645169029746,134.14986164844143,56.064724381649896,42.12476139068541,41.01064938517753
-0.9210871889273549,-1.2217304763960306,221.2625487871301,55.40810042780928,111.99585081622875,52.70698844036263,35.14840323016479,34.7652895703163
-0.8185000129460304,-1.2217304763960306,185.89489593609017,52.4760715769048,94.06841955750389,48.64856091000836,29.519439733563527,29.014839410367536
-0.7273386051246984,-1.2217304763960306,157.23260628990002,49.0822189137488,79.5808396406676,43.97509826013106,24.937110843179163,23.898274230262103
-0.6463304070095649,-1.2217304763960306,133.95379356566676,45.243926894765394,67.75237330407235,38.86338438467183,21.247427504254247,19.532077566726887
-0.5743445928509872,-1.2217304763960306,114.92708845829807,41.01445420075164,58.157635089277925,33.6633300513338,18.220929802910813,15.822956869493543
-0.5103762839557767,-1.2217304763960306,99.41841328391226,36.54695569395691,50.2984634083308,28.632777135922247,15.76046783509797,12.755356933036731
-0.4535325211846986,-1.2217304763960306,86.68338294629666,31.99820427386553,43.83156747818618,23.97668198255812,13.721906418981076,10.207321545767016
-0.40301979977966995,-1.2217304763960306,76.18462061190219,27.54940431874208,38.538179915372496,19.853362236175137,12.076192921018956,8.170225006389561
-0.35813299251433084,-1.2217304763960306,67.51722782006604,23.369577136282462,34.15439380577981,16.270162938954975,10.69227675483874,6.491640671695304
-0.3182455065418344,-1.2217304763960306,60.329075688665384,19.56721103842672,30.50218343332176,13.212258326649785,9.545634147340653,5.141942593759282
-0.2828005365353655,-1.2217304763960306,54.34194040586305,16.20058519988114,27.468724733683125,10.66120447518001,8.606859353232206,4.078397276908399
-0.2513032920204875,-1.2217304763960306,49.34183967050649,13.289532022479,24.947427594508678,8.565718993618216,7.819447796638205,3.2260985338114048
-0.22331409039755062,-1.2217304763960306,45.15438306638224,10.82031865631401,22.838178270228784,6.856368212083003,7.1506806950843185,2.5395851573175507
-0.19844221923690444,-1.2217304763960306,41.633979600991765,8.756062997321054,21.06092857213576,5.467896298177129,6.587072663305271,1.9947262602992817
-0.17634048216824733,-1.2217304763960306,38.66197343098322,7.0495860711201574,19.556236223874212,4.34584867689561,6.115526562729152,1.5679627011085546
-0.15670035222800524,-1.2217304763960306,36.142787353063184,5.651472076651116,18.279099798375245,3.4446987838964827,5.719884419352141,1.2343849330647874
-0.13924766500838334,-1.2217304763960306,34.0000615237676,4.514712357556077,17.1929093673242,2.7249882191746204,5.384934295686524,0.9724419497847235
-0.12373879148704055,-1.2217304763960306,32.171832326041105,3.5963164159742793,16.267222752079572,2.1528098303300336,5.098780896492491,0.7657530703106122
-0.10995723711238882,-1.2217304763960306,30.607579576812245,2.858310313602536,15.476164836523637,1.699296570062363,4.852828986542018,0.602355250044477
-0.09771061966979347,-1.2217304763960306,29.265431387776534,2.2677628061778057,14.79813580471419,1.3405713487716655,4.640780790710335,0.47330070681446934
-0.0868279837415025,-1.2217304763960306,28.1107344941324,1.796798186187344,14.215176060641845,1.0571888807262282,4.457694399837759,0.3715956034230596
-0.07715741427178036,-1.2217304763960306,27.11470037299944,1.4221867280518405,13.712395381177616,0.8334962459440924,4.299435753259843,0.29161587270905975
-0.06856391592404971,-1.2217304763960306,26.253308287678877,1.1248022498763783,13.277520482895735,0.6570185258780346,4.162503538685938,0.22883862031728228
-0.06092752862714207,-1.2217304763960306,25.506519826630466,0.8890761469427436,12.90040034730067,0.5178492756094327,4.043853465455481,0.17961443201039307
-0.0541416530048151,-1.2217304763960306,24.857600319538722,0.7024396143541977,12.572585490774866,0.4081339194922827,3.940859440951724,0.14103004176172676
-0.04811156231253989,-1.2217304763960306,24.292524393360406,0.5548003184723014,12.287011407334173,0.32165632232383246,3.851287010355257,0.11078455316397626
-0.04275308010908995,-1.2217304763960306,23.799490956269953,0.4380874036984147,12.037748413231807,0.25350444267230693,3.773238011641158,0.08706850752758298
-0.0379914052040221,-1.2217304763960306,23.368536002080567,0.3458680731653852,11.819796718106087,0.1998000153463638,3.705099591423493,0.06846284034214603
-0.03376006747802295,-1.2217304763960306,22.99121920308355,0.27302856108002965,11.62892054527968,0.15748252010754302,3.645503568561902,0.05385753339064014
-0.03,-1.2217304763960306,22.660367052079017,0.215511607886448,11.461515765034045,0.12413783569727857,3.5932900282044447,0.04238551557501362
0.03,-1.2217304763960306,17.941382281628005,0.21027880939091664,9.074819961920529,0.11831699094373853,2.849321922214577,0.03999326347911149
0.03376006747802295,-1.2217304763960306,17.680759582854783,0.26550707607858903,8.943324966470646,0.14916701475152175,2.8081245265078594,0.050412856972212886
0.0379914052040221,-1.2217304763960306,17.392459122760762,0.335035274062789,8.797921377255784,0.18791342091227486,2.7625505548169262,0.06349197118390149
0.04275308010908995,-1.2217304763960306,17.074355075190603,0.42244758724433157,8.637549863450483,0.2365007971620117,2.7122742687779673,0.07987799763969093
0.04811156231253989,-1.2217304763960306,16.724421525464475,0.5321543864337309,8.46119559825483,0.29731193215292695,2.656993681672948,0.10035725185136841
0.0541416530048151,-1.2217304763960306,16.340846646708247,0.6695359338413938,8.267937163173082,0.37324406251740694,2.5964542321405166,0.12587222579962276
0.06092752862714207,-1.2217304763960306,15.922185478420369,0.8410795792769223,8.057013287336993,0.46778367030919,2.5304815030122794,0.15753167549389338
0.06856391592404971,-1.2217304763960306,15.467555666821093,1.0544857823888492,7.82791370540259,0.5850665545282826,2.4590141597270345,0.1966115613408513
0.07715741427178036,-1.2217304763960306,14.976884975015723,1.3186985650280203,7.580495772232566,0.7299025109333597,2.382124551341852,0.24454935456409252
0.0868279837415025,-1.2217304763960306,14.451239379873547,1.643773528480371,7.315120871513351,0.9077366206149236,2.300047512926094,0.3029161825813412
0.09771061966979347,-1.2217304763960306,13.893263067764444,2.040434825380518,7.032829886386017,1.1244858600433203,2.213225368736924,0.3733461671417281
0.10995723711238882,-1.2217304763960306,13.307667936755848,2.519162177179304,6.735647587820251,1.3860824841549995,2.122249371038721,0.4575145581199153
0.12373879148704055,-1.2217304763960306,12.701694372450065,3.088633123478517,6.4270373962951854,1.6974912313597872,2.027854358753559,0.5570658365756221
0.13924766500838334,-1.2217304763960306,12.085882142889325,3.752879228729566,6.112389697897259,2.061017766039296,1.9310953390502066,0.6732794949034672
0.15670035222800524,-1.2217304763960306,11.475201522499068,4.506443482798454,5.799931419200999,2.473080374616935,1.8336040492170629,0.8063913866342021
0.17634048216824733,-1.2217304763960306,10.89029059644377,5.3271890118519325,5.501876452408394,2.9189976856664077,1.738733448668497,0.9530551576716306
0.19844221923690444,-1.2217304763960306,10.360837491685787,6.163380528540371,5.235434998847665,3.3662601614058927,1.6528578973396646,1.1019986268289113
0.22331409039755062,-1.2217304763960306,9.929533257944435,6.917179929821336,5.023836580572679,3.7575932817439894,1.586132924634152,1.2294377162035923
0.2513032920204875,-1.2217304763960306,9.658775189536492,7.4266635919116135,4.896222158303623,4.010365632308597,1.55041704346538,1.3021989851540445
0.2828005365353655,-1.2217304763960306,9.633990255183804,7.4747729202290145,4.888374893311957,4.026340635295677,1.554306368380786,1.2941151932351669
0.3182455065418344,-1.2217304763960306,9.961465474010094,6.858989977696821,5.047196061335566,3.7127244886807387,1.6038493265699212,1.1945461127155768
0.35813299251433084,-1.2217304763960306,10.76196136988459,5.521344512763524,5.440949290024249,3.0170391786332464,1.7191627877923144,0.985584935440058
0.40301979977966995,-1.2217304763960306,12.183199483156741,3.641787960040712,6.165627736934121,1.9960332609482323,1.945770754942299,0.6546743445590483
0.4535325211846986,-1.2217304763960306,14.450455162187184,1.644292714769242,7.332265535936652,0.8955105146394252,2.318868335943691,0.28884883222146907
0.5103762839557767,-1.2217304763960306,17.88843799873198,0.22092520552465889,9.064169965814177,0.12067070428351917,2.8547773024512595,0.03871118253777326
0.5743445928509872,-1.2217304763960306,22.846133267992098,0.24705998700830487,11.551040880912284,0.14152372601953903,3.6294078314168523,0.050187293224514776
0.6463304070095649,-1.2217304763960306,29.75382307417118,2.47763641328082,15.046994038702813,1.4687783179171148,4.719381954262845,0.5197860310917208
0.7273386051246984,-1.2217304763960306,39.251475900935155,7.384046082976688,19.83617678364116,4.550126296521416,6.215252097276971,1.6557386789060449
0.8185000129460304,-1.2217304763960306,51.991241508326326,14.840384044308069,26.30929940712182,9.692705643982068,8.201326349428163,3.6341994911455733
0.9210871889273549,-1.2217304763960306,69.19430435975394,24.213989282622947,34.875665777025596,16.867876207983354,10.916464311885832,6.760485913492417
1.0365321883776653,-1.2217304763960306,91.51730469883887,33.82867368185775,46.39077298895335,25.872803083355002,14.368963842507517,11.014745448540333
1.166446554092426,-1.2217304763960306,121.40954241054108,42.59107421246005,60.99721913967671,35.30817033642205,19.050885891954593,16.849119014217006
1.3126438125222553,-1.2217304763960306,159.06919629702654,49.33736585917281,80.61183048527666,44.360308970199426,24.940920856482503,23.902677104294575
1.4771647895120215,-1.2217304763960306,209.6087477237347,54.55712767792665,105.37032663588441,51.38371264028396,32.583241300190586,32.22137787576616
1.6623060990028473,-1.2217304763960306,271.69597624488927,58.20585065940144,136.88647755037883,56.392650451536,42.68671945035235,41.47034360115171
1.8706522023821734,-1.2217304763960306,352.57901738729794,60.94247787067976,179.15639096474743,60.007623021502795,55.187390189102175,50.05412207783324
2.1051114860111477,-1.2217304763960306,457.7978959573117,62.99385472807801,229.57405633642,62.369328182258606,70.6005688898384,56.77535483415781
2.368956860549917,-1.2217304763960306,585.6547738063479,64.4585163320697,295.9288462531132,64.12717562489875,90.0030853081782,61.174894883652584
2.6658714488230206,-1.2217304763960306,754.9605198270915,65.61196390219715,376.2116532238766,65.35747342937256,116.01147583025866,63.90016813568381
3.0,-1.2217304763960306,955.0097366041141,66.43502307601298,475.39623043691324,66.2664176605303,146.09081490784428,65.43194071664874
-3.0,-1.1718639263390498,1270.6601861297706,67.1968737160537,642.3991782882428,67.13241233743238,202.64745393342173,66.79791632446762
-2.6658714488230206,-1.1718639263390498,1056.3605403246531,66.73038700759744,535.8002563220313,66.64557701596155,168.8753967237677,66.12385396534665
-2.368956860549917,-1.1718639263390498,874.2957229013739,66.14948749306133,443.48242464514277,66.02144184073921,139.96588785519748,65.19326074154719
-2.1051114860111477,-1.1718639263390498,722.4833568222735,65.43394181880026,366.0136191459468,65.23367576195255,115.08753762849169,63.83424354335314
-1.8706522023821734,-1.1718639263390498,594.9920819397064,64.53989237514202,301.5223289867502,64.23635755994484,94.89999702376265,61.87033434473112
-1.6623060990028473,-1.1718639263390498,490.8357675576866,63.4487311511681,248.6429415839129,62.982702889328365,78.16922225446248,58.88748470163444
-1.4771647895120215,-1.1718639263390498,405.3909303386281,62.112080509151426,205.41862396639092,61.40383271311471,64.61500783006012,54.6049315219656
-1.3126438125222553,-1.1718639263390498,335.84481452673975,60.49049651195605,170.13285204113964,59.410882652913685,53.439490696233854,49.03762068195343
-1.166446554092426,-1.1718639263390498,279.3263974425725,58.53615247350365,141.45656062480347,56.90721900592154,44.43019383891182,42.85537246230775
-1.0365321883776653,-1.1718639263390498,233.3967935560766,56.19876803608421,118.16441493346923,53.78877657297807,37.10587165195812,36.617843176679486
-0.9210871889273549,-1.1718639263390498,196.09581228402484,53.4361526946155,99.26882779506929,49.99051947004021,31.155430213783333,30.749396365151874
-0.8185000129460304,-1.1718639263390498,165.7489967633423,50.21683698314291,83.88335427838335,45.525134569319874,26.324239413531245,25.485516628031714
-0.7273386051246984,-1.1718639263390498,141.0246949551809,46.54154071308134,71.38308509541214,40.575535418868576,22.370348104897843,20.881391704197796
-0.6463304070095649,-1.1718639263390498,120.8498572284404,42.460916423890765,61.130408207537975,35.383095627408295,19.1716505480296,16.99793271206254
-0.5743445928509872,-1.1718639263390498,104.29116564234859,38.066635130488294,52.77818424524619,30.29595705922838,16.53697253672921,13.726274262162494
-0.5103762839557767,-1.1718639263390498,90.7412604080105,33.543667778808945,45.91112344264491,25.52262613132267,14.386772142743874,11.036996177040765
-0.4535325211846986,-1.1718639263390498,79.5756113220339,29.05923150338614,40.24020817449448,21.206576586903974,12.598925679965726,8.813745727483496
-0.40301979977966995,-1.1718639263390498,70.33942601007196,24.78084636834069,35.582577829669304,17.450932268911846,11.150803650778167,7.042927147696628
-0.35813299251433084,-1.1718639263390498,62.6893733061496,20.8472064084984,31.71306790820769,14.230331750346217,9.929061656330711,5.587981012761545
-0.3182455065418344,-1.1718639263390498,56.32535268206646,17.333058540291177,28.47933554807638,11.509600092157896,8.913674865410774,4.421003523641593
-0.2828005365353655,-1.1718639263390498,51.009012613423614,14.267257237711476,25.785413560581187,9.257551024033543,8.079985773552302,3.5033908181737186
-0.2513032920204875,-1.1718639263390498,46.55640534410527,11.647567673426733,23.539940447948723,7.418980765827213,7.378705369337507,2.769233803354508
-0.22331409039755062,-1.1718639263390498,42.81710245459102,9.446397528393671,21.65630172553447,5.926428290920565,6.781388957019411,2.1786473297776787
-0.19844221923690444,-1.1718639263390498,39.66503036066338,7.620021612357124,20.06494377812052,4.718674846924216,6.276640479191848,1.7104586022761838
-0.17634048216824733,-1.1718639263390498,36.99712970477642,6.119237775034,18.714169366907246,3.7456157477647403,5.853280318674584,1.344112184555971
-0.15670035222800524,-1.1718639263390498,34.730137609069274,4.8955353318666575,17.564841427518445,2.9660022809045388,5.497220718842126,1.0579827068797527
-0.13924766500838334,-1.1718639263390498,32.797379416304665,3.904395320718467,16.585040340374793,2.344542499551858,5.195087133840146,0.8334227524575352
-0.12373879148704055,-1.1718639263390498,31.14460229419277,3.1060948783530713,15.748151652926571,1.8512158459886527,4.9363941239824145,0.6562938026453048
-0.10995723711238882,-1.1718639263390498,29.727465399547345,2.4661580959648557,15.031460007575296,1.4606550133963556,4.713569514991616,0.5162927867151978
-0.09771061966979347,-1.1718639263390498,28.50910531072504,1.9550728049252522,14.41594366758825,1.151997599117541,4.521072248232606,0.40572794547616814
-0.0868279837415025,-1.1718639263390498,27.458931270936016,1.5480989712693476,13.885737782454251,0.9083269506266014,4.354551255060362,0.31859517125668674
-0.07715741427178036,-1.1718639263390498,26.551459595967035,1.2247711740283478,13.427650914185094,0.7160713792706884,4.210356556572613,0.2500708817680188
-0.06856391592404971,-1.1718639263390498,25.76536699383119,0.9683340748705225,13.030783429659705,0.5644434198019102,4.08538799433333,0.19627906775876997
-0.06092752862714207,-1.1718639263390498,25.082818252846607,0.765208449883535,12.686098595215316,0.4448942741240735,3.9769393249639955,0.15409363142850702
-0.0541416530048151,-1.1718639263390498,24.48888103742608,0.6044687527768776,12.386055798677981,0.3506564904536055,3.882667993594735,0.12101995152769376
-0.04811156231253989,-1.1718639263390498,23.971009299268964,0.47736525134613195,12.124335130739347,0.27638071933092917,3.800575166305378,0.09508830201330175
-0.04275308010908995,-1.1718639263390498,23.51862076220505,0.3769150795047333,11.895619375260779,0.21784364374064952,3.7289582651974174,0.0747498345075832
-0.0379914052040221,-1.1718639263390498,23.122759229951196,0.29756141856245116,11.695414764289383,0.17171291456775603,3.6663669154530876,0.05878986291134856
-0.03376006747802295,-1.1718639263390498,22.77582067017007,0.23489223623926725,11.519905540365498,0.1353599686700454,3.611567887395838,0.04625816048806227
-0.03,-1.1718639263390498,22.471328100811334,0.18541026715231454,11.36583775464327,0.10671198347073654,3.563513426667995,0.036412364769446336
0.03,-1.1718639263390498,18.092868435312333,0.18140101241532378,9.151383224010257,0.10213503973617519,2.8732304538968405,0.03454114789513597
0.03376006747802295,-1.1718639263390498,17.84859087920393,0.22912915116279944,9.028135197456926,0.12882266647664703,2.834618209727821,0.043561852389795326
0.0379914052040221,-1.1718639263390498,17.577980491097335,0.28926075985612276,8.89165352450434,0.16237033061472989,2.791842331578909,0.05489571861819714
0.04275308010908995,-1.1718639263390498,17.278892450711783,0.3649305404602058,8.740868581718347,0.20448309925695551,2.744573415153065,0.06911146384080516
0.04811156231253989,-1.1718639263390498,16.94922935506745,0.4600115183804667,8.574729264180743,0.25725937052383224,2.692497028079189,0.08690309796926608
0.0541416530048151,-1.1718639263390498,16.587035404591646,0.5792542413877363,8.392242403658448,0.3232652087938216,2.6353338952316965,0.10910774131525677
0.06092752862714207,-1.1718639263390498,16.190623440930718,0.7284294778669331,8.192527147072349,0.4056123211432887,2.5728680410999107,0.13671888287246056
0.06856391592404971,-1.1718639263390498,15.75873818560341,0.9144585325108737,7.974889666184255,0.5080310937176012,2.5049746278566247,0.17089420004161435
0.07715741427178036,-1.1718639263390498,15.290762937340425,1.1455013833001826,7.73891915861817,0.634925359504185,2.43163569917064,0.21296130387875595
0.0868279837415025,-1.1718639263390498,14.786995078632305,1.4309411656057702,7.484598968063887,0.7913916202472688,2.3529623456596886,0.264410193496975
0.09771061966979347,-1.1718639263390498,14.249017389952456,1.7811575944309137,7.212449813994977,0.983160502068765,2.2692299216097798,0.3268581213742552
0.10995723711238882,-1.1718639263390498,13.68010493037473,2.206981331619817,6.923787141906915,1.2163317702483398,2.1808149483531007,0.4020694610114328
0.12373879148704055,-1.1718639263390498,13.085591697509026,2.7187161250296255,6.621111953456791,1.4967235416547895,2.0881769242014596,0.49195464094108826
0.13924766500838334,-1.1718639263390498,12.473503984955814,3.324225373415579,6.308528113776472,1.8286966483320244,1.992004254893694,0.5983773478433281
0.15670035222800524,-1.1718639263390498,11.855501173938457,4.025495565880046,5.992544399934415,2.212747583868499,1.893436077929978,0.722701228963055
0.17634048216824733,-1.1718639263390498,11.247890845516466,4.813285861136085,5.683097569625652,2.6414036120030233,1.7951170392683857,0.8637490338337358
0.19844221923690444,-1.1718639263390498,10.674616198791943,5.656546342347941,5.394436314610356,3.093541317551008,1.7024261162275651,1.0140531844646234
0.22331409039755062,-1.1718639263390498,10.17081396360126,6.4870521203047335,5.145982839695831,3.5276058560141257,1.6242151396662141,1.1553900172123133
0.2513032920204875,-1.1718639263390498,9.78898064256021,7.178021101427185,4.962066110311278,3.8783109707579477,1.570813452974619,1.2602449893838068
0.2828005365353655,-1.1718639263390498,9.602016802930333,7.53720901535203,4.872322336375951,4.059178554888714,1.549081299297782,1.304984458285223
0.3182455065418344,-1.1718639263390498,9.700690189753033,7.345874605119992,4.915631316541074,3.971071608108814,1.5626815970646273,1.2768420649673389
0.35813299251433084,-1.1718639263390498,10.186084204649514,6.460559695883475,5.149890850495583,3.520433960693894,1.6281919296050928,1.147861008685003
0.40301979977966995,-1.1718639263390498,11.179465531527507,4.908612993991731,5.658461743799688,2.677941288349653,1.7873476724494168,0.8756758310770246
0.4535325211846986,-1.1718639263390498,12.871836228941909,2.9206892072444353,6.536779642719992,1.581866388832262,2.071309676561179,0.5096193562885475
0.5103762839557767,-1.1718639263390498,15.55047279006331,1.0133758783137792,7.885474249340606,0.5541199589478001,2.4872893966114873,0.1805374609141989
0.5743445928509872,-1.1718639263390498,19.51701468271449,0.01680953072596589,9.865133223059711,0.009875927201284999,3.10373229486996,0.0028795815222389253
0.6463304070095649,-1.1718639263390498,25.116656632867176,0.7748264296274536,12.704671577584017,0.4510347182943594,3.9920336443916353,0.15970515239387684
0.7273386051246984,-1.1718639263390498,32.91487059515786,3.9630072567136128,16.64119718813054,2.3789500502392587,5.217216970692407,0.8492501667613827
0.8185000129460304,-1.1718639263390498,43.50200720878502,9.847901975733137,22.009079602892076,6.20143631694627,6.871132253566308,2.2650335487597077
0.9210871889273549,-1.1718639263390498,57.86065216002261,18.19853194133096,29.17531680464188,12.09514808357917,9.134057978578788,4.670220979745032
1.0365321883776653,-1.1718639263390498,76.65116754636887,27.7613227038476,38.843635954342886,20.097974944520544,12.043148457888622,8.129688007827237
1.166446554092426,-1.1718639263390498,101.88369493446264,37.33002219420027,51.19970011443839,29.245285431302946,15.991966216191823,13.044957510121513
1.3126438125222553,-1.1718639263390498,133.8594521262585,45.22572214866336,67.82196789035696,38.89747173536346,20.990039039929645,19.220520346670096
1.4771647895120215,-1.1718639263390498,176.8425926066542,51.526920918743116,88.89621550666624,47.15149795931006,27.49026790935297,26.794533377116963
1.6623060990028473,-1.1718639263390498,229.8545653082009,55.977104719317786,115.78887584848897,53.38779771407596,36.10158824378167,35.67706537405521
1.8706522023821734,-1.1718639263390498,299.0108779056979,59.30584326338435,151.91918925440703,57.94957792354685,46.782941799640135,44.62616112125401
2.1051114860111477,-1.1718639263390498,389.1668660896178,61.788337224439175,195.10819649232062,60.90738568772329,59.969205450796736,52.55084278322986
2.368956860549917,-1.1718639263390498,498.89054897678665,63.55009659572472,252.0023289269483,63.07995851177586,76.57466106407705,58.492915377392244
2.6658714488230206,-1.1718639263390498,644.318308252821,64.92925780239104,320.85197758346294,64.58149100971116,98.86313452289993,62.35559052700895
3.0,-1.1718639263390498,816.1036518105873,65.90757356421871,405.88039182739055,65.67953217824687,124.59034467716549,64.44537232004993
-3.0,-1.121997376282069,868.3549788829524,66.12631713094032,439.91858237042334,65.99172186657778,137.76198194671645,65.10020917501508
-2.6658714488230206,-1.121997376282069,757.9700171951725,65.62766429977219,383.8089064198853,65.44507371423144,120.5244242546967,64.20106046552101
-2.368956860549917,-1.121997376282069,655.5305783908912,65.0093054952241,332.147638102275,64.76282441420831,104.47836550013109,62.947400293815726
-2.1051114860111477,-1.121997376282069,561.9631255519838,64.23941523006295,284.6633090341421,63.89280931397166,89.44736859957722,61.08825895535927
-1.8706522023821734,-1.121997376282069,477.12791796754857,63.2679933325476,241.7765473845008,62.77442004036202,76.0345560283808,58.35361013245618
-1.6623060990028473,-1.121997376282069,402.8918193795122,62.06399883801124,204.10704959125079,61.343878321742196,64.14906305915697,54.41436160441219
-1.4771647895120215,-1.121997376282069,338.8685374356347,60.57566210157581,171.72044964239748,59.5211864552221,54.00055568107299,49.37016147617118
-1.3126438125222553,-1.121997376282069,284.7943988305437,58.76129925291038,144.28687715750038,57.206765788889804,45.319961296687836,43.53827900637797
-1.166446554092426,-1.121997376282069,239.65145291699176,56.57320550097486,121.37971957907534,54.30278844473983,38.12385888472718,37.5505269659488
-1.0365321883776653,-1.121997376282069,202.23772273214186,53.96523673580746,102.40273999006341,50.728813813127445,32.15667701790417,31.78576063518048
-0.9210871889273549,-1.121997376282069,171.40316936645246,50.90642722403143,86.77891527852097,46.48687199012146,27.23660172022832,26.51177496860043
-0.8185000129460304,-1.121997376282069,146.03382964355544,47.38659822244336,73.91435252637079,41.6918044944031,23.19666932277257,21.86331315158174
-0.7273386051246984,-1.121997376282069,125.18088384910337,43.44046484821068,63.36833366024238,36.61258440583494,19.860821017868176,17.844466720609105
-0.6463304070095649,-1.121997376282069,108.04083405642943,39.16103236586957,54.65666207712733,31.509367958840606,17.14227523511595,14.481722671307118
-0.5743445928509872,-1.121997376282069,93.88706798310547,34.67856975450015,47.51542530218848,26.684238091705435,14.889488039474937,11.665537206300872
-0.5103762839557767,-1.121997376282069,82.2424367465953,30.197348097919416,41.61350504547668,22.280125810563767,13.041128255167513,9.360982616734798
-0.4535325211846986,-1.121997376282069,72.60222369258605,25.877507133122293,36.71640763191579,18.379725958845178,11.497028891191245,7.462626900896211
-0.40301979977966995,-1.121997376282069,64.59346492985195,21.857866450640515,32.676928585263546,15.038267492151325,10.241023365844141,5.9550069893758355
-0.35813299251433084,-1.121997376282069,57.933235285596275,18.239189364471876,29.307829051482905,12.206698422663079,9.17709825419247,4.719178428845078
-0.3182455065418344,-1.121997376282069,52.372050123856006,15.061892719593132,26.481799221492444,9.836364973234957,8.289597890958667,3.729988743674474
-0.2828005365353655,-1.121997376282069,47.710200022599324,12.328440449081079,24.119202617500203,7.888262418035174,7.55844934843364,2.9535840317416056
-0.2513032920204875,-1.121997376282069,43.79276911213519,10.018679852811967,22.143380521231446,6.306732808094556,6.941372786252368,2.3332559629892926
-0.22331409039755062,-1.121997376282069,40.49244630748484,8.095106682572188,20.480752557308787,5.028538568524349,6.414059993146132,1.8347782047434102
-0.19844221923690444,-1.121997376282069,37.70197215167353,6.510327174731445,19.07189776929684,3.9978736076171786,5.967109003776596,1.4399935956312864
-0.17634048216824733,-1.121997376282069,35.33331627739125,5.215419929761569,17.87258905998571,3.169801081203285,5.591172818668515,1.1313475882135031
-0.15670035222800524,-1.121997376282069,33.31508659830296,4.164350717846788,16.84933783362622,2.507817999416729,5.274160360227486,0.8904418207030694
-0.13924766500838334,-1.121997376282069,31.589948297872027,3.316109718900157,15.97474396030136,1.981044994505264,5.004477100747738,0.7014565192663481
-0.12373879148704055,-1.121997376282069,30.111091841699285,2.6348723559576523,15.225884313146897,1.5634529353941309,4.773005070223986,0.5524244105217566
-0.10995723711238882,-1.121997376282069,28.840147587168207,2.0900264288064476,14.583097359002924,1.233195318694418,4.57316342200289,0.4346427216336752
-0.09771061966979347,-1.121997376282069,27.745100367511505,1.6556717718153235,14.029857474025413,0.9723991973855937,4.400143258852356,0.3416257983556227
-0.0868279837415025,-1.121997376282069,26.799298595968278,1.3102882526856434,13.55233206280759,0.7666294367678507,4.250165227349139,0.26831686108077035
-0.07715741427178036,-1.121997376282069,25.980469251429728,1.0361944517673018,13.138981213906407,0.6043408895500698,4.120048624958279,0.21065649386404722
-0.06856391592404971,-1.121997376282069,25.269915272352215,0.8189898620457057,12.780243206848409,0.47637929635665205,4.007082977521562,0.16538482777711783
-0.06092752862714207,-1.121997376282069,24.651951104385773,0.6470510938212422,12.468168740312523,0.37550372872742055,3.908891499700107,0.12987341656337242
-0.0541416530048151,-1.121997376282069,24.11340679036345,0.5110557656211062,12.196106078164318,0.29599020737325316,3.8234088117346188,0.10202522940631668
-0.04811156231253989,-1.121997376282069,23.6431861218014,0.4035563337602534,11.9584651460527,0.233319021314739,3.748867016383458,0.08018472446846926
-0.04275308010908995,-1.121997376282069,23.23190418385947,0.3186204334903215,11.75053041874794,0.18392463137445253,3.6837557382548556,0.06305011567256638
-0.0379914052040221,-1.121997376282069,22.871597248741377,0.2515341102044069,11.568306414431051,0.1449952186973094,3.6267846948460987,0.04960037753512384
-0.03376006747802295,-1.121997376282069,22.555486863264036,0.1985587324316637,11.408391975208193,0.11431358998447996,3.576853962017871,0.03903665058816174
-0.03,-1.121997376282069,22.27778533581112,0.15673331419658132,11.267879668140475,0.0901316701049278,3.533026845783327,0.03073469044921838
0.03,-1.121997376282069,18.250726748180156,0.15376615291213613,9.231165996127894,0.0866345340549978,2.89814407987707,0.029314596253281693
0.03376006747802295,-1.121997376282069,18.023723033955466,0.19429273421797158,9.116633402845101,0.10931943280443564,2.8622636481926103,0.0369885005584131
0.0379914052040221,-1.121997376282069,17.771882085830736,0.24538831084093704,8.989617906554184,0.1378594960123921,2.822456318729069,0.04663912571918568
0.04275308010908995,-1.121997376282069,17.493067915283042,0.3097447803313296,8.849053556835747,0.1737228382190404,2.77839338239242,0.05875711260224364
0.04811156231253989,-1.121997376282069,17.18514522694778,0.3907005688805172,8.693869851960143,0.21872354923074208,2.729753200457475,0.07394382506217671
0.0541416530048151,-1.121997376282069,16.846054895013022,0.49237086789833984,8.523022344361145,0.2750916724949488,2.6762380780106785,0.09292886818811184
0.06092752862714207,-1.121997376282069,16.473916834903093,0.6197881452620114,8.335535497845449,0.34555022867637636,2.617598040129436,0.11658507056807987
0.06856391592404971,-1.121997376282069,16.06716268698042,0.7790438070083305,8.13056229892578,0.433394335669889,2.553653846072434,0.14594086387913344
0.07715741427178036,-1.121997376282069,15.624704112621805,0.9774126318620502,7.907460973367337,0.5425647851608786,2.4843082703079564,0.18219388758461835
0.0868279837415025,-1.121997376282069,15.14615868626743,1.2234189055016083,7.665882525186487,0.677707065336682,2.4095621621466385,0.22671812801848143
0.09771061966979347,-1.121997376282069,14.632156248883664,1.5267706272426724,7.405883871942774,0.8441889321079606,2.3295406294564796,0.281055456005197
0.10995723711238882,-1.121997376282069,14.084668105028461,1.8980954921497977,7.128140667183264,1.0479819543906355,2.2444267378791736,0.34696459970865107
0.12373879148704055,-1.121997376282069,13.507286334763904,2.3484177849423964,6.834277054495862,1.2952751132056213,2.1544322674338643,0.42647149238629545
0.13924766500838334,-1.121997376282069,12.90572820659125,2.8880030346421486,6.527215259791586,1.5917240705073752,2.059914914551703,0.5217882594241634
0.15670035222800524,-1.121997376282069,12.288597628586837,3.5241269528828614,6.211872905871804,1.9407615447798672,1.9615667943979787,0.6350486516938844
0.17634048216824733,-1.121997376282069,11.668191789858968,4.257438961657662,5.896060830555891,2.340549474063635,1.861377092543615,0.7667346515168229
0.19844221923690444,-1.121997376282069,11.06310268244872,5.073954786139756,5.591244993751,2.779529612050766,1.7637823986611394,0.9125850972361365
0.22331409039755062,-1.121997376282069,10.50138039800521,5.93220674605171,5.3132542331632955,3.230583159601573,1.6763766215288913,1.0595822516094202
0.2513032920204875,-1.121997376282069,10.026145342359557,6.742318485029717,5.081875590115323,3.6468913242843586,1.6080129354071766,1.1864588327921521
0.2828005365353655,-1.121997376282069,9.698341418684219,7.350382846944716,4.9209567051385905,3.9603443420664646,1.5639357574466257,1.2742711878146782
0.3182455065418344,-1.121997376282069,9.59390082757714,7.553124723646675,4.861812293525915,4.08079473647855,1.5456583523736767,1.3121439692610852
0.35813299251433084,-1.121997376282069,9.79525132303663,7.166218168803062,4.9524531424850355,3.8973711073887336,1.5664239600185232,1.2691827246005944
0.40301979977966995,-1.121997376282069,10.398718482328293,6.100394449697969,5.2640139404267465,3.3159343098387515,1.6640911813395451,1.0815816763651542
0.4535325211846986,-1.121997376282069,11.562488526794862,4.392538490035639,5.876910094196269,2.366532517185314,1.8658587032241494,0.7604681019928679
0.5103762839557767,-1.121997376282069,13.536946668553613,2.3237275730812783,6.870343562519916,1.2630748717360198,2.170751279699445,0.41126810034491496
0.5743445928509872,-1.121997376282069,16.577810618604182,0.582500046390291,8.376890721138775,0.32921374061885605,2.6396993326298834,0.10731058908892468
0.6463304070095649,-1.121997376282069,20.949765942615247,0.02265382953335481,10.60016880573411,0.013240546142447667,3.3385729071867853,0.005497642381871948
0.7273386051246984,-1.121997376282069,27.144203140740306,1.4328254839596628,13.732130219615419,0.8418903113589852,4.30862402848285,0.2960470272688051
0.8185000129460304,-1.121997376282069,35.68903964325474,5.406131842400723,18.05202307103106,3.290364867001116,5.647588211111585,1.176157130371546
0.9210871889273549,-1.121997376282069,47.33792050840253,12.108809783457595,23.88492776277645,7.6979784594480165,7.480222118991587,2.873005525926122
1.0365321883776653,-1.121997376282069,62.74793437253687,20.878587656032447,31.78633705425253,14.291840161847503,9.870168940073878,5.5190927122095195
1.166446554092426,-1.121997376282069,83.5015619592023,30.719809460474316,41.9826662966582,22.565765218847112,13.115926336389096,9.453764297650403
1.3126438125222553,-1.121997376282069,109.99743793800963,39.707603773178676,55.71901017679837,32.17775872094267,17.2558289904121,14.623251449747638
1.4771647895120215,-1.121997376282069,145.65599110229854,47.32485321409564,73.22990188826009,41.396058097575306,22.65437952741157,21.21999777680475
1.6623060990028473,-1.121997376282069,189.86533663959435,52.86261399603292,95.64217496264764,49.07096613419986,29.818850785601203,29.336057511452086
1.8706522023821734,-1.121997376282069,247.60969308471294,57.020636818561165,125.77916787670627,54.956992991239616,38.737228272981255,38.102285347445765
2.1051114860111477,-1.121997376282069,323.0109022332167,60.110203521909334,161.93751751269235,58.80100458051016,49.77121430196638,46.71446848680196
2.368956860549917,-1.121997376282069,415.0019220903595,62.29132226371052,209.58639628830787,61.588644136039605,63.67965348782868,54.21900203476649
2.6658714488230206,-1.121997376282069,536.9450656641015,63.9861768160717,267.337579572571,63.48925480566518,82.35174346830416,59.81399816923603
3.0,-1.121997376282069,681.2050430152261,65.18234296086415,338.7069466650652,64.86205765307568,103.9316359845117,62.89409299590544
-3.0,-1.0721308262250882,566.8291738502763,64.28597074257382,287.9291267082502,63.962844976092626,89.21165873230166,61.05099420983994
-2.6658714488230206,-1.0721308262250882,506.5415636730646,63.64326544985975,255.68090440195445,63.18316497794392,79.79006402339147,59.264304015906326
-2.368956860549917,-1.0721308262250882,453.0568672598046,62.922873559387945,228.97870860643985,62.348309085065836,71.5803838355226,57.08527212421214
-2.1051114860111477,-1.0721308262250882,403.8164276258975,62.08186081050985,204.38877426871494,61.356831025527214,64.12802558313606,54.40567896646372
-1.8706522023821734,-1.0721308262250882,357.4774790926433,61.06633199232711,181.0187088773526,60.12218689028636,56.83378031853405,50.95985694808034
-1.6623060990028473,-1.0721308262250882,313.1699075561887,59.796187598128306,158.60683932423075,58.53193142607287,49.81516376314873,46.74385553513302
-1.4771647895120215,-1.0721308262250882,271.5912407982573,58.20117964279477,137.59812336864948,56.47542169543287,43.24445438779058,41.92018103173774
-1.3126438125222553,-1.0721308262250882,233.82099527503948,56.22483568994234,118.45678916412808,53.83685022225983,37.20244983664754,36.707234888515785
-1.166446554092426,-1.0721308262250882,200.49664019691636,53.818719766489345,101.55371864107694,50.53369543825185,31.894652745610536,31.51641902049537
-1.0365321883776653,-1.0721308262250882,171.75451815997235,50.947735213563725,86.976117587158,46.55011878236461,27.311843291882578,26.595763845751147
-0.9210871889273549,-1.0721308262250882,147.3826054084682,47.60445195583939,74.62499641188376,41.994179806979645,23.422809540674606,22.13032195159415
-0.8185000129460304,-1.0721308262250882,126.91573021114753,43.81559326578634,64.24485632423762,37.07912485887411,20.16283836977924,18.213904176413326
-0.7273386051246984,-1.0721308262250882,109.8365556367052,39.66327658144394,55.60473285889405,32.10647856247381,17.42982395230494,14.839975305847165
-0.6463304070095649,-1.0721308262250882,95.63495432155993,35.286120120778406,48.38563497628788,27.30269115368796,15.176365484157047,12.02445847627216
-0.5743445928509872,-1.0721308262250882,83.80044689376199,30.842438651404834,42.41259172624009,22.89680057266727,13.291990512585889,9.672377959439716
-0.5103762839557767,-1.0721308262250882,73.98956139368923,26.534351947426167,37.439737300303946,18.96774367474177,11.734211907890051,7.751634872043827
-0.4535325211846986,-1.0721308262250882,65.81656131662618,22.496288756812042,33.28707996341554,15.548104992965065,10.424623046715068,6.172574590682703
-0.40301979977966995,-1.0721308262250882,58.98887826030942,18.827742609176447,29.842524633903803,12.656898145080064,9.353513441255364,4.920776001461938
-0.35813299251433084,-1.0721308262250882,53.2822179085445,15.58957922623333,26.955558212975507,10.23174882714307,8.441659581903266,3.896195039526368
-0.3182455065418344,-1.0721308262250882,48.49573878044631,12.791527620722551,24.52298922608428,8.21766839972759,7.677591065900809,3.077297825713684
-0.2828005365353655,-1.0721308262250882,44.466711821663154,10.415123872113325,22.48079691087454,6.572663441718571,7.045599214772659,2.435442887902781
-0.2513032920204875,-1.0721308262250882,41.067926484070064,8.427594360629065,20.76633229941604,5.243828221875363,6.510137175877142,1.92314227346562
-0.22331409039755062,-1.0721308262250882,38.1940906005609,6.785875101454263,19.31844471633932,4.174114778672283,6.050853113483662,1.5117994881790582
-0.19844221923690444,-1.0721308262250882,35.75585569569192,5.4421160050179065,18.08737960654619,3.314267651227432,5.6602193656782225,1.1862657987890592
-0.17634048216824733,-1.0721308262250882,33.6794984408052,4.349870525571936,17.036029089239896,2.625152981580772,5.33061543133516,0.9319290980045515
-0.15670035222800524,-1.0721308262250882,31.904935973746955,3.467001518940519,16.136280060012155,2.075341078597233,5.051853677852534,0.7335096451343674
-0.13924766500838334,-1.0721308262250882,30.3837376887067,2.7568810649361275,15.365036702874832,1.638501752320006,4.814046135168848,0.5778980500774721
-0.12373879148704055,-1.0721308262250882,29.076200153755128,2.188085993430648,14.702895780946614,1.2926168005520342,4.609387953242746,0.455197073415965
-0.10995723711238882,-1.0721308262250882,27.949662484318303,1.734128745429858,14.133115949464244,1.0193153324942803,4.432249190696839,0.3582229710388128
-0.09771061966979347,-1.0721308262250882,26.97675499950176,1.372830499489992,13.641563913262415,0.8036379034752592,4.278522082673859,0.2816305635391565
-0.0868279837415025,-1.0721308262250882,26.134608471333415,1.0859099808057762,13.216359708997693,0.6335452024297769,4.144974862896979,0.2212561387800916
-0.07715741427178036,-1.0721308262250882,25.40403997283132,0.8584391037042001,12.847554240602744,0.49943470376391697,4.028877321892788,0.17375894924018692
-0.06856391592404971,-1.0721308262250882,24.768886600031884,0.6783175767190227,12.526877387249744,0.3937090284374718,3.927894007344243,0.13645740167622344
-0.06092752862714207,-1.0721308262250882,24.215542398567713,0.5358148455121101,12.247432088655906,0.3103686345046636,3.8399664293577414,0.10718948069303312
-0.0541416530048151,-1.0721308262250882,23.7325467309087,0.4231491635140192,12.003428887588134,0.244676678003117,3.7632979500787886,0.08423038447216143
-0.04811156231253989,-1.0721308262250882,23.31021332137998,0.3341176522207034,11.789987536758236,0.1928962747820402,3.6963452649409456,0.06621845274795073
-0.04275308010908995,-1.0721308262250882,22.94032484868918,0.2637878807999947,11.602979242034191,0.15208132907113794,3.637785490484853,0.05208286199934739
-0.0379914052040221,-1.0721308262250882,22.615888061913044,0.20824561871320219,11.438895725031978,0.11990949711391777,3.5864849856321177,0.04098356519199402
-0.03376006747802295,-1.0721308262250882,22.330934036122713,0.16438959328357353,11.294742322008528,0.09455000064968944,3.541474632139816,0.0322631330967669
-0.03,-1.0721308262250882,22.08035284373991,0.12976543573199023,11.16795228864509,0.07455958400800139,3.5019270106350087,0.025407682260085128
0.03,-1.0721308262250882,18.414696094219103,0.12766181104672425,9.314036275352096,0.07197766035424608,2.924021584399413,0.02436853138755639
0.03376006747802295,-1.0721308262250882,18.205886858369123,0.16136382982058406,9.20868352034693,0.09086338330229231,2.8910183434478998,0.03076256514623104
0.0379914052040221,-1.0721308262250882,17.973892188365472,0.20388435928862178,9.091677199717486,0.11464300762454871,2.85434960850013,0.03881087973552089
0.04275308010908995,-1.0721308262250882,17.71661517954265,0.2574857215981933,8.961970225374758,0.14455379152873363,2.8136921112629616,0.04892780402595476
0.04811156231253989,-1.0721308262250882,17.431919428463726,0.3249832166951805,8.81849118653692,0.18213026067103738,2.768722750831691,0.061623240657297546
0.0541416530048151,-1.0721308262250882,17.117687296685496,0.40986278358844985,8.660166924173598,0.22926781239694471,2.719132365748944,0.07751914292061102
0.06092752862714207,-1.0721308262250882,16.771900465865944,0.5164128593734485,8.485954845284558,0.2882952724183579,2.6646453975079383,0.09736494362833707
0.06856391592404971,-1.0721308262250882,16.392744360798538,0.6498662228463599,8.294888664406846,0.3620541132874751,2.6050384099222024,0.12205241569159733
0.07715741427178036,-1.0721308262250882,15.978740895861224,0.8165419187214005,8.086137394314168,0.45398085651971254,2.5401473642750627,0.15263390833260163
0.0868279837415025,-1.0721308262250882,15.528928294058767,1.023961838656849,7.859071302769856,0.568189606096599,2.46987818950922,0.19033903111912231
0.09771061966979347,-1.0721308262250882,15.04310693834407,1.280894748953716,7.613347475412571,0.7095394635996897,2.3942248098636885,0.2365846257961589
0.10995723711238882,-1.0721308262250882,14.52209677007182,1.5972933505045592,7.349081126036624,0.8836201986670428,2.313201116353055,0.29304105148914755
0.12373879148704055,-1.0721308262250882,13.96793723251681,1.984103791145126,7.0671177916818895,1.0965639408229109,2.2268026982561984,0.36171520008942654
0.13924766500838334,-1.0721308262250882,13.384273039079948,2.4526876403692226,6.769319292115737,1.3546235474637758,2.135097592568088,0.4449507302628855
0.15670035222800524,-1.0721308262250882,12.776949625917005,3.013551142325302,6.459160149527377,1.6630714434800724,2.038383241504502,0.5453095648879505
0.17634048216824733,-1.0721308262250882,12.154627973120329,3.674157362165142,6.142503542085442,2.024080028573932,1.9380550425412943,0.664411134956771
0.19844221923690444,-1.0721308262250882,11.531013336518118,4.433365513289212,5.828246044803974,2.433494181580821,1.8376711178969378,0.800494666196869
0.22331409039755062,-1.0721308262250882,10.927628539360523,5.2716845211863195,5.528881559941359,2.876315472902258,1.7436261209073527,0.9450484966909112
0.2513032920204875,-1.0721308262250882,10.378860064595619,6.133350920387328,5.259983535381685,3.3229963053318756,1.6633658979356218,1.0828911617950188
0.2828005365353655,-1.0721308262250882,9.934413462058082,6.908261354949071,5.040048215041085,3.726408930038135,1.6006629535564934,1.2007640441418617
0.3182455065418344,-1.0721308262250882,9.656262255130695,7.431529908707276,4.893389257418476,4.01612681412769,1.555156813163647,1.2923528730043037
0.35813299251433084,-1.0721308262250882,9.60947340728636,7.52261040143112,4.858748693093569,4.087113092054797,1.537011755316864,1.3303680818647516
0.40301979977966995,-1.0721308262250882,9.867354259193684,7.031619634976553,4.995608510352908,3.8123840173384385,1.5801537205566027,1.2413908979425625
0.4535325211846986,-1.0721308262250882,10.557273625390026,5.842161088162522,5.37017037342603,3.1340312311279845,1.707942076633301,1.0046038979253011
0.5103762839557767,-1.0721308262250882,11.893826602185436,3.9791887594384163,6.041870184968645,2.1493732373746575,1.9123356093110553,0.6975931597454118
0.5743445928509872,-1.0721308262250882,14.08905209215272,1.894913508790005,7.116938708524013,1.0567944102412525,2.246812741995576,0.34499742937061306
0.6463304070095649,-1.0721308262250882,17.33361980198105,0.3503444242134381,8.773996306101937,0.19476680990092698,2.7714709621521125,0.06080108313473653
0.7273386051246984,-1.0721308262250882,22.046946093235853,0.12543457687818152,11.162815269303698,0.07379620102090408,3.506216730652081,0.026114222353558883
0.8185000129460304,-1.0721308262250882,28.695057925544617,2.0305044216798813,14.51028767116595,1.197578630244944,4.5526295728926085,0.4231534587117512
0.9210871889273549,-1.0721308262250882,37.81975700769311,6.576099280680108,19.10069034013853,4.018357622590839,5.984870154605579,1.4551346934963028
1.0365321883776653,-1.0721308262250882,50.06709832205303,13.715530414015522,25.35054329576848,8.897813494686497,7.889417016263498,3.300070759953447
1.166446554092426,-1.0721308262250882,66.62002127865628,22.91097426767226,33.52146636451128,15.743564723048511,10.476704965695498,6.23448958407913
1.3126438125222553,-1.0721308262250882,87.96251945360726,32.495497181437514,44.54525794642511,24.512246965203772,13.810498299490058,10.317727953268431
1.4771647895120215,-1.0721308262250882,116.71788599289049,41.46549017434162,58.700075359186705,33.98457638610407,18.172869601351362,15.763364503021785
1.6623060990028473,-1.0721308262250882,152.62472790212945,48.41474047002951,76.88904888958905,42.926361457164326,23.973659806533103,22.77753165059158
1.8706522023821734,-1.0721308262250882,199.59641808775007,53.741907119932556,101.36259188177081,50.48927894852412,31.230829336793327,30.828112743818743
2.1051114860111477,-1.0721308262250882,261.04114640540274,57.710220355271936,130.88833442678146,55.65280757894141,40.239433427046436,39.421059134506976
2.368956860549917,-1.0721308262250882,336.2797199717674,60.50284576159077,169.80817442409975,59.388027573292135,51.61305568729403,47.91352565311382
2.6658714488230206,-1.0721308262250882,436.0222461762883,62.65446847493181,217.112691546704,61.90187961450262,66.87884991754927,55.48474728962819
3.0,-1.0721308262250882,554.3670835782389,64.16504062250294,275.6559445621442,63.69006111092298,84.57856123188273,60.250351619471054
-3.0,-1.0222642761681073,401.86902757908763,62.044139373365994,204.57922818295538,61.365564202116744,62.88800932455683,53.881748618762096
-2.6658714488230206,-1.0222642761681073,353.05866212659873,60.954765735223724,177.72236142900448,59.917499479217724,55.14498590406024,50.030136761312136
-2.368956860549917,-1.0222642761681073,313.54308067115346,59.80847645675707,158.02557204553085,58.483607110255534,49.05860117778587,46.2326425178193
-2.1051114860111477,-1.0222642761681073,281.1053599126958,58.61042307421496,142.10267762823673,56.97683749174165,44.494752706502986,42.90546519279515
-1.8706522023821734,-1.0222642761681073,254.67427385392736,57.39297505435076,128.7844723083565,55.37409337199912,40.333735367502356,39.502302227255996
-1.6623060990028473,-1.0222642761681073,230.44967206112415,56.01485046829375,116.61771630360695,53.52983533540017,36.58425733102441,36.131766138872955
-1.4771647895120215,-1.0222642761681073,207.1900248831996,54.36780442949707,104.89741898627275,51.28209018618892,32.93135979471678,32.574247183450815
-1.3126438125222553,-1.0222642761681073,184.39205747400692,52.32521859421072,93.38339306865123,48.460050876257164,29.319817629364145,28.79975157197869
-1.166446554092426,-1.0222642761681073,162.53311793505213,49.802641251271815,82.31533877755821,44.9775444756593,25.848169595417815,24.944367599285464
-1.0365321883776653,-1.0222642761681073,142.32836145009068,46.76709952992937,72.07539210067812,40.88701187731817,22.631132469720832,21.192326287150134
-0.9210871889273549,-1.0222642761681073,124.29216502520275,43.24455448862017,62.936468727064714,36.379628936713075,19.754539278416704,17.714229189564392
-0.8185000129460304,-1.0222642761681073,108.58493703385297,39.31467272369636,54.97043797119883,31.7081262868389,17.252667079296643,14.61931149889839
-0.7273386051246984,-1.0222642761681073,95.13638213763872,35.11446674216709,48.16517113478546,27.146791520088293,15.10012562958203,11.92906264903007
-0.6463304070095649,-1.0222642761681073,83.74347487245406,30.81910465303505,42.3733737915147,22.86667639031642,13.291470084228722,9.67173132790434
-0.5743445928509872,-1.0222642761681073,74.11723329647006,26.59420392039117,37.51308076336078,19.02715856747591,11.758042494096628,7.78073428250646
-0.5103762839557767,-1.0222642761681073,66.04940475696891,22.616851338521222,33.423533119987034,15.66192417288752,10.476567776028999,6.234326381571223
-0.4535325211846986,-1.0222642761681073,59.270733497301634,18.983991181075062,29.978525172910487,12.771411676580126,9.389922212376414,4.962562536217457
-0.40301979977966995,-1.0222642761681073,53.56653920946592,15.753883977140962,27.100024243679876,10.352534864642935,8.494736695594717,3.9545534452275324
-0.35813299251433084,-1.0222642761681073,48.76857188374104,12.952217392518428,24.67255784971152,8.340118404306,7.727837752487266,3.129821250197031
-0.3182455065418344,-1.0222642761681073,44.722002400033006,10.565481325653057,22.615824926158947,6.679616151946794,7.081687489794064,2.4710842784114395
-0.2828005365353655,-1.0222642761681073,41.29894262600575,8.561487579794317,20.880492402230068,5.330424993481897,6.544656633178187,1.9551713522605625
-0.2513032920204875,-1.0222642761681073,38.39821615971498,6.900725924227688,19.417050012769725,4.245123543087709,6.087582402624347,1.5436209900280051
-0.22331409039755062,-1.0222642761681073,35.93518997561014,5.53894428804318,18.176029627788783,3.374407497541749,5.693845740777915,1.2133105462912372
-0.19844221923690444,-1.0222642761681073,33.837322623947735,4.430839762767709,17.11677218224413,2.6763973643128423,5.357648578352031,0.9520192104652438
-0.17634048216824733,-1.0222642761681073,32.04432341992934,3.534372601247224,16.208862946693298,2.1181703109142056,5.072969733827719,0.7479581032565917
-0.15670035222800524,-1.0222642761681073,30.506742082500082,2.812479506432155,15.429235588725623,1.673530957443822,4.8314125810481805,0.5888037958673911
-0.13924766500838334,-1.0222642761681073,29.184529363292054,2.2335839118147423,14.758840530171861,1.3207098270676572,4.624706716745198,0.46399763997063576
-0.12373879148704055,-1.0222642761681073,28.04468383415092,1.7710053861259034,14.181589355619465,1.0416249983244348,4.4462945787377715,0.3655807371310596
-0.10995723711238882,-1.0222642761681073,27.059939057489455,1.40251677775824,13.683500809412061,0.8212649867866999,4.291448405009457,0.28778574450048855
-0.09771061966979347,-1.0222642761681073,26.207327551780175,1.109674415997108,13.252709368901936,0.6474548907155427,4.156724369348038,0.22632703368267384
-0.0868279837415025,-1.0222642761681073,25.46757383732485,0.8773828271443485,12.879191800354446,0.510426081866935,4.039409412477673,0.17786831607992887
-0.07715741427178036,-1.0222642761681073,24.82443946878262,0.693382615569583,12.554516342602247,0.40240541162277643,3.9372012611692524,0.13973330857459376
-0.06856391592404971,-1.0222642761681073,24.264183843894465,0.5477787116465588,12.271648128313748,0.31725427103752873,3.8481217959604703,0.10977414769314535
-0.06092752862714207,-1.0222642761681073,23.77519488686816,0.43264022286148013,12.024699235449196,0.25013177032528167,3.770417219578392,0.0862588557215343
-0.0541416530048151,-1.0222642761681073,23.34765578780496,0.34164092280526714,11.80870962215806,0.1972196698554236,3.7025492379298584,0.06780551518303027
-0.04811156231253989,-1.0222642761681073,22.97324039895606,0.26974810595460547,11.619483876729378,0.15550790289736766,3.6431912185597333,0.053322994447053275
-0.04275308010908995,-1.0222642761681073,22.64486132065593,0.21296589831808652,11.453460998448895,0.12262450795095647,3.5912017954733586,0.04195299505883379
-0.0379914052040221,-1.0222642761681073,22.356467455916057,0.16812693574980456,11.307605643362027,0.09670024264071224,3.5455995040903647,0.033021971345362944
-0.03376006747802295,-1.0222642761681073,22.102878270401657,0.1327238534797468,11.17931897535369,0.07626171118554358,3.5055427179614003,0.02600260722073828
-0.03,-1.0222642761681073,21.879645974878777,0.10477356115712465,11.066367045955905,0.060147407617712,3.4703108513302467,0.0204825595729938
0.03,-1.0222642761681073,18.58449196288171,0.10336219873896732,9.399850248491354,0.058319714967989995,2.9508180656176477,0.01975571713534728
0.03376006747802295,-1.0222642761681073,18.39478532718243,0.13069220355099434,9.304135432135627,0.0736523538463041,2.920835408486891,0.024951265323637294
0.0379914052040221,-1.0222642761681073,18.18370583536401,0.16519582213566228,9.19767729816171,0.09297326124434502,2.8874740511481285,0.0314967253565833
0.04275308010908995,-1.0222642761681073,17.949228122127703,0.20872566856772962,9.079463921835844,0.11729855435362377,2.850421261110041,0.039733086225054885
0.04811156231253989,-1.0222642761681073,17.68925437191791,0.2635943376891553,8.948442938360692,0.1478927811758525,2.809358680929686,0.05008157477424577
0.0541416530048151,-1.0222642761681073,17.401657070604536,0.33267682633170687,8.803536969471338,0.18632462243364892,2.76397324143113,0.06305849438274978
0.06092752862714207,-1.0222642761681073,17.084339352240903,0.41952867773663327,8.643666503383821,0.2345321871113289,2.713973006924236,0.07929002883260727
0.06856391592404971,-1.0222642761681073,16.735313783064505,0.5285189365447615,8.467783162990486,0.2948974128943649,2.6591015784460956,0.09952780544933859
0.07715741427178036,-1.0222642761681073,16.352802824827105,0.6649738823467289,8.274912745182512,0.37032890559568304,2.599141878581759,0.12466898533011912
0.0868279837415025,-1.0222642761681073,15.935376656124635,0.8353174685599938,8.064201868645421,0.4643540683559009,2.533921928567941,0.15577801056064927
0.09771061966979347,-1.0222642761681073,15.482143676739328,1.047180810149193,7.83497883953483,0.5812135344292194,2.463325712554361,0.19410770937420993
0.10995723711238882,-1.0222642761681073,14.992942883930949,1.3094687069165585,7.586886941868145,0.7259131835773134,2.387225031341387,0.24117252546528442
0.12373879148704055,-1.0222642761681073,14.468473562806311,1.6323901567341284,7.320103215883321,0.9041728787474291,2.3054344526654225,0.2988473088983356
0.13924766500838334,-1.0222642761681073,13.91057430913389,2.0272840588389918,7.035565609184695,1.122241413372927,2.2177782146537797,0.36941985265290467
0.15670035222800524,-1.0222642761681073,13.322668020840135,2.5060516451197943,6.735473327861992,1.3862465393443264,2.124217755699731,0.45557488927942846
0.17634048216824733,-1.0222642761681073,12.710204261393677,3.080078689444912,6.423945512684538,1.700829633934675,2.0256246104653335,0.5595772061353201
0.19844221923690444,-1.0222642761681073,12.082532206082092,3.7567457236038804,6.107555104578415,2.0669917507307014,1.9247526151819168,0.6814329158095553
0.22331409039755062,-1.0222642761681073,11.455292423838419,4.532724664563891,5.795761104404691,2.4789500638115842,1.826867966499535,0.8162261757252096
0.2513032920204875,-1.0222642761681073,10.854889070600535,5.380222849555486,5.500305912740959,2.92149446656727,1.73809284226707,0.9541071822402202
0.2828005365353655,-1.0222642761681073,10.320645196944465,6.23076278113888,5.23484432700003,3.3673064699657678,1.6608937471802596,1.0873636252180816
0.3182455065418344,-1.0222642761681073,9.901629406041561,6.968350970926576,5.017351468783175,3.7701254399321833,1.5933489304037052,1.2151317814788853
0.35813299251433084,-1.0222642761681073,9.647089600912683,7.449314766992802,4.878044850944013,4.047447719234962,1.5428447526075608,1.3180522179864664
0.40301979977966995,-1.0222642761681073,9.609601428824655,7.522359960430443,4.86547519719223,4.07325069835888,1.5393468761545164,1.325426763112997
0.4535325211846986,-1.0222642761681073,9.8881839639203,6.993115450682144,5.032634352472865,3.740644633624409,1.602541608718769,1.1970949821365084
0.5103762839557767,-1.0222642761681073,10.663205386992525,5.674394571344547,5.421204124975165,3.0493381288515953,1.7186135349891363,0.9865096157348582
0.5743445928509872,-1.0222642761681073,12.105927534510187,3.729802116746912,6.1131962033262806,2.060022372561467,1.9337406426864407,0.6698991263168523
0.6463304070095649,-1.0222642761681073,14.341036954420773,1.7177646492700047,7.262819441637533,0.9456821299470343,2.302028491601432,0.301415925240727
0.7273386051246984,-1.0222642761681073,17.7192823730031,0.2568944866182398,8.981470052740207,0.13981421896098623,2.8249992504515293,0.04598624074900456
0.8185000129460304,-1.0222642761681073,22.64600447878138,0.21315311584788116,11.447536848160675,0.12151688320238685,3.605672392168988,0.04499205460684779
0.9210871889273549,-1.0222642761681073,29.473610971461508,2.356488070066445,14.905948170458164,1.395604907418256,4.673945026604761,0.4927145794960121
1.0365321883776653,-1.0222642761681073,38.8278946916072,7.143484134490425,19.64740078815281,4.41212833314046,6.1343760783076995,1.5844456817821977
1.166446554092426,-1.0222642761681073,51.53117385757277,14.57224279889275,25.96024972681944,9.402572471709174,8.118791652993446,3.5451135042448056
1.3126438125222553,-1.0222642761681073,68.13442878176009,23.682292344212605,34.49253049318049,16.550709270563402,10.711771904116903,6.514963502757739
1.4771647895120215,-1.0222642761681073,90.53472461474257,33.46725357743857,45.5568676483844,25.262436553147545,14.120712257055049,10.704706623845624
1.6623060990028473,-1.0222642761681073,118.78331457805906,41.97078652645462,59.85224441760177,34.65587147312645,18.665160932939393,16.372926302674895
1.8706522023821734,-1.0222642761681073,155.81320402028655,48.88085544335618,79.09915973005516,43.792048009770575,24.39038541007526,23.264077398805487
2.1051114860111477,-1.0222642761681073,204.3634246434339,54.14055450164958,102.50058034830184,50.751071794260184,31.53089625162287,31.140299122637977
2.368956860549917,-1.0222642761681073,264.12005379302855,57.857809214535386,133.3587863358758,55.96698283966249,40.56695294359845,39.702440162119274
2.6658714488230206,-1.0222642761681073,343.3458020519172,60.69885549190584,171.02081649046218,59.47287180791626,52.68937504871256,48.58369497580553
3.0,-1.0222642761681073,437.7603828080338,62.68285932157589,217.73113216593958,61.92651980099211,66.81418298552134,55.46064897169875
-3.0,-0.9723977261111264,307.54026914966266,59.60696011431024,156.7246620627023,58.37392823039934,48.02746801481555,45.51757726728519
-2.6658714488230206,-0.9723977261111264,265.7401736113734,57.93401164053561,133.62917370271072,56.00054331072514,41.349205011011264,40.36558367626418
-2.368956860549917,-0.9723977261111264,231.4633304752493,56.07866953245333,116.48653053953865,53.50750870853725,36.01086087057174,35.59106878308356
-2.1051114860111477,-0.9723977261111264,203.67633743118444,54.08430888814534,102.8768830504333,50.8362453276722,32.16092088924099,31.790112042508802
-1.8706522023821734,-0.9723977261111264,182.97845508611678,52.18096077563303,92.40919464397238,48.186978439102134,28.87098505269342,28.313456880906607
-1.6623060990028473,-0.9723977261111264,166.36554673753906,50.29437357420961,84.10062440121915,45.59949613173785,26.346109230656847,25.51028398934184
-1.4771647895120215,-0.9723977261111264,152.62128116113064,48.41422599618112,77.18422632182738,43.044470374065725,24.194602303892335,23.03582670230958
-1.3126438125222553,-0.9723977261111264,139.9142453489092,46.34617299154364,70.807306228233,40.31288452917444,22.221365105813856,20.70333689591664
-1.166446554092426,-0.9723977261111264,127.2875074016063,43.89474893298036,64.44132558330801,37.18255112050409,20.229291971265514,18.295059492191786
-1.0365321883776653,-0.9723977261111264,114.67133853379696,40.94903682708105,58.06129885415803,33.60592822554527,18.228054508498264,15.8317896846972
-0.9210871889273549,-0.9723977261111264,102.51262466089986,37.5250923893815,51.90570833754529,29.71871046283551,16.292151410046188,13.420323701736613
-0.8185000129460304,-0.9723977261111264,91.27700472317827,33.740778506765714,46.20991147489684,25.741048174591384,14.503409555589403,11.182758991983029
-0.7273386051246984,-0.9723977261111264,81.24134104977584,29.775159301709603,41.13094485665192,21.90483753305398,12.897123764774886,9.182523028720514
-0.6463304070095649,-0.9723977261111264,72.48271613157206,25.820371961407545,36.67854877611005,18.34884906585298,11.505964675709773,7.473494214850882
-0.5743445928509872,-0.9723977261111264,64.92396536374379,22.031221721877955,32.860641377875915,15.191922987765231,10.301315245519186,6.026331490535107
-0.5103762839557767,-0.9723977261111264,58.48766803555489,18.54895411117784,29.59808889499755,12.451079639762762,9.278578824944542,4.834965371146181
-0.4535325211846986,-0.9723977261111264,53.015263027197015,15.435072405250299,26.81625534986242,10.115372374358202,8.400893492282307,3.8514920142147604
-0.40301979977966995,-0.9723977261111264,48.36570680481086,12.71491280551306,24.469278797076175,8.173751756855351,7.670903639992229,3.0703227719639448
-0.35813299251433084,-0.9723977261111264,44.42309789708201,10.389445816140086,22.4744032991709,6.5676065690268,7.040497688549822,2.4304151663035483
-0.3182455065418344,-0.9723977261111264,41.075197259977394,8.43180486009555,20.772609649860204,5.248582147932362,6.505727955436989,1.9190617236873397
-0.2828005365353655,-0.9723977261111264,38.22628229727871,6.803966653466372,19.328080446349134,4.181040827203625,6.058685150100112,1.5185684181579007
-0.2513032920204875,-0.9723977261111264,35.79917114462626,5.465470629314441,18.10338264077419,3.3251021206577374,5.6761656299926475,1.199066795503178
-0.22331409039755062,-0.9723977261111264,33.72826150713479,4.374848252100548,17.059837520674574,2.640232387708964,5.3450151200014115,0.9426125661376951
-0.19844221923690444,-0.9723977261111264,31.956514658207904,3.4918892208716032,16.165206333209984,2.0923759615355424,5.060995273528919,0.7397525227501829
-0.17634048216824733,-0.9723977261111264,30.436049237655084,2.780484523788164,15.395267885979814,1.6549654383083054,4.819536342459273,0.5813376978957481
-0.15670035222800524,-0.9723977261111264,29.127260071588026,2.209492524212604,14.731620106648572,1.3070138214964573,4.613901766448424,0.45778358405526887
-0.13924766500838334,-0.9723977261111264,27.997873277259327,1.7528048241852767,14.15896063501621,1.0311877138488894,4.437334922093578,0.3608803869760362
-0.12373879148704055,-0.9723977261111264,27.021122025947967,1.3886348986135006,13.664278977009142,0.8131671491654218,4.284448833954988,0.2844460671540425
-0.10995723711238882,-0.9723977261111264,26.174771189742543,1.099010694147595,13.23616895169609,0.6411104680058699,4.151361370519062,0.22400655943912207
-0.09771061966979347,-0.9723977261111264,25.43997418576691,0.8691333576269867,12.864888763648713,0.5054447870740363,4.0352496651036756,0.17624043525161695
-0.0868279837415025,-0.9723977261111264,24.800830900347343,0.6869638300287014,12.542160760172713,0.39850792860806394,3.933886036961708,0.13856259999692985
-0.07715741427178036,-0.9723977261111264,24.243878333634598,0.5427708973405345,12.260985085319033,0.31421431478220224,3.8453700641296678,0.10889903012978226
-0.06856391592404971,-0.9723977261111264,23.757667828372742,0.4287287790191031,12.01549639248306,0.24776510448261238,3.768060442650069,0.08558496955959297
-0.06092752862714207,-0.9723977261111264,23.332480811340428,0.3385830202734364,11.800765390829769,0.19537994581924267,3.700492182771411,0.06727741452856083
-0.0541416530048151,-0.9723977261111264,22.960067166686933,0.267355654389837,11.612622720910466,0.15407926008139708,3.641373096065976,0.05290441213772603
-0.04811156231253989,-0.9723977261111264,22.633401790824614,0.21109323686466164,11.44752814177049,0.12151525876214249,3.589583823365981,0.041619281881875185
-0.04275308010908995,-0.9723977261111264,22.34648211268104,0.1666608163386096,11.302465772895252,0.09583838444595597,3.544157354593716,0.03275573126496799
-0.0379914052040221,-0.9723977261111264,22.09416491134866,0.1315758251167111,11.174855938535842,0.07559125324390809,3.5042589824814687,0.025790643348024774
-0.03376006747802295,-0.9723977261111264,21.872032111659188,0.10387438515654261,11.062482549942374,0.05962510102109707,3.4691704902401845,0.02031427215452445
-0.03,-0.9723977261111264,21.676278565530946,0.0820040376309823,10.963434610946484,0.047034244632400316,3.4382750655185697,0.016006049455649443
0.03,-0.9723977261111264,18.759805947066575,0.08112506353404199,9.488452033591628,0.04580736600240094,2.978484854789336,0.015526172000261943
0.03376006747802295,-0.9723977261111264,18.590092773936387,0.1026073186479925,9.402824558586598,0.057873675041517074,2.9516634407409135,0.01961851121640383
0.0379914052040221,-0.9723977261111264,18.400983624049623,0.1297447261612719,9.307446710767827,0.07308996847410325,2.9217760663547074,0.024778461531396886
0.04275308010908995,-0.9723977261111264,18.19055907920841,0.16400663884467565,9.201359015212924,0.09226457251392266,2.888525939806244,0.031277869127040364
0.04811156231253989,-0.9723977261111264,17.95680220628309,0.2072323180271304,9.083549417970831,0.11640655472012064,2.8516060650946735,0.03945371107019198
0.0541416530048151,-0.9723977261111264,17.697627685518587,0.2617164602633523,8.9529625416592,0.14677252490777498,2.8107075687516265,0.04972085990626647
0.06092752862714207,-0.9723977261111264,17.41092429677258,0.3303100770834373,8.808514360059519,0.18492266302102928,2.76553205925462,0.06258542313922762
0.06856391592404971,-0.9723977261111264,17.094610989658253,0.41653777896985716,8.649114544947068,0.23278656982536167,2.7158023389678214,0.07865957447245733
0.07715741427178036,-0.9723977261111264,16.746708715268923,0.5247311190338436,8.473695528313375,0.29273995378155426,2.661263268296671,0.09868124266373428
0.0868279837415025,-0.9723977261111264,16.365440820960686,0.6601715833393255,8.28124236823764,0.3676951834531124,2.6016835198274295,0.12353722498402057
0.09771061966979347,-0.9723977261111264,15.949374010126272,0.8292291001736888,8.070832119254533,0.4612040549267228,2.5368603786378046,0.154289301493021
0.10995723711238882,-0.9723977261111264,15.497553298556916,1.039498034632956,7.841733037682079,0.5775444154945517,2.4665532085246897,0.1922459066220276
0.12373879148704055,-0.9723977261111264,15.009571613158212,1.2999533018595228,7.593574667035442,0.7217531414385363,2.3904340609196484,0.23906256975726825
0.13924766500838334,-0.9723977261111264,14.485755443128571,1.6210259152925799,7.326521693237854,0.8995949098653513,2.308133643676868,0.29682140455047984
0.15670035222800524,-0.9723977261111264,13.927476925806308,2.0144973449450374,7.041683972267305,1.117232248269435,2.219341855384378,0.36807748726704176
0.17634048216824733,-0.9723977261111264,13.337445586455,2.493180536376233,6.741663629832025,1.3804266411168162,2.1244838880937285,0.45531305323720456
0.19844221923690444,-0.9723977261111264,12.72124608870538,3.06900352001769,6.430985622650992,1.6932347195865032,2.0255929645510093,0.5596129037865809
0.22331409039755062,-0.9723977261111264,12.08936052057108,3.7488674920608465,6.116412407931352,2.056056281083755,1.9268888883886737,0.6786791698425501
0.2513032920204875,-0.9723977261111264,11.46106276986595,4.525095894272241,5.8062876094899485,2.4641535137726636,1.8332675152067481,0.8068807057178806
0.2828005365353655,-0.9723977261111264,10.866274986140944,5.363122501774456,5.510000842870324,2.906107374680093,1.7460752530202974,0.9410592916469877
0.3182455065418344,-0.9723977261111264,10.342374942675402,6.194261947051539,5.239940289321426,3.3582877949223366,1.662174394558795,1.0850450097250899
0.35813299251433084,-0.9723977261111264,9.924554280125864,6.926288482213084,5.018656116112217,3.7676016237192314,1.586515366865982,1.2286762352426746
0.40301979977966995,-0.9723977261111264,9.647265016734469,7.448974329911519,4.884620113664227,4.034002426144176,1.5451010406187742,1.3133125925287839
0.4535325211846986,-0.9723977261111264,9.584051963305216,7.572475393523302,4.878789750612243,4.0459227216557,1.5541484615395125,1.2944426217986689
0.5103762839557767,-0.9723977261111264,9.883008183125037,7.002667203669183,5.027404605658625,3.7507122952020717,1.5955079069456273,1.2108768438547513
0.5743445928509872,-0.9723977261111264,10.678063999260031,5.651161938690841,5.390767119459929,3.099638080084986,1.7082800652481716,1.0040270442632642
0.6463304070095649,-0.9723977261111264,12.037222881143828,3.8093214918770357,6.099476166343935,2.0770019039697534,1.940375613395537,0.6614722465100235
0.7273386051246984,-0.9723977261111264,14.246774576051898,1.782721173777575,7.231014571515792,0.9692395113248007,2.278333261813986,0.31966708579105063
0.8185000129460304,-0.9723977261111264,17.65299500508675,0.27181234618354183,8.919938735138382,0.1550662695496146,2.823887828410337,0.04627097602068467
0.9210871889273549,-0.9723977261111264,22.445454061129116,0.18144998933422157,11.373474265562106,0.10805846075276121,3.5701154331556855,0.03770051966866873
1.0365321883776653,-0.9723977261111264,29.218952622337657,2.248105982800659,14.77251221036477,1.3276080452695065,4.633988426716401,0.46936100860106517
1.166446554092426,-0.9723977261111264,38.48193540193506,6.947920669797397,19.421286883761468,4.248181187689074,6.080017358481578,1.5370506677065827
1.3126438125222553,-0.9723977261111264,50.82881040956078,14.161852996229374,25.72031758976375,9.203611048368646,8.007969655844557,3.4262449077693886
1.4771647895120215,-0.9723977261111264,67.5178464938299,23.3698917298385,34.00430160617744,16.145453642770228,10.559589758931331,6.333196217051102
1.6623060990028473,-0.9723977261111264,88.85976578542235,32.83872195796911,44.79012559322305,24.69480518480759,13.973076556024107,10.520468627245661
1.8706522023821734,-0.9723977261111264,116.9175326128065,41.515021863943495,59.3236176311254,34.34973592224887,18.316019644814883,15.94081206543741
2.1051114860111477,-0.9723977261111264,153.8184841875242,48.591531442539335,77.18839608920457,43.04613324984197,23.768560054622096,22.537088940651735
2.368956860549917,-0.9723977261111264,199.5653851437438,53.73924617941416,100.75796450142037,50.347558477155744,30.69117943354504,30.262324729304634
2.6658714488230206,-0.9723977261111264,260.22711128150365,57.67057855374486,129.69298914937696,55.49574917013618,39.97143495721165,39.18917659479466
3.0,-0.9723977261111264,332.9654708960928,60.40787531513289,165.68832859412615,59.0888965671946,50.86074759843449,47.43178287477474
-3.0,-0.9225311760541456,237.72740234284342,56.460249159825864,121.1907162281809,54.273445256434485,37.1021835287451,36.61442572934793
-2.6658714488230206,-0.9225311760541456,204.81073708824883,54.17695800640777,102.97202451969225,50.8576717261211,31.83268331265132,31.452524241171368
-2.368956860549917,-0.9225311760541456,177.25049461081412,51.57186188559641,89.1700304154476,47.23516461501228,27.521964352624266,26.82978527169663
-2.1051114860111477,-0.9225311760541456,154.27017785763852,48.657707870464314,77.90611270664425,43.33005831189589,24.335654816699076,23.20033072215009
-1.8706522023821734,-0.9225311760541456,136.8055106539082,45.78284775251799,69.04943289136969,39.4904444937593,21.540902431803904,19.886307089294057
-1.6623060990028473,-0.9225311760541456,122.92907781697018,42.93902926296407,62.09925722166899,35.92217341359223,19.43272204897029,17.319170247561207
-1.4771647895120215,-0.9225311760541456,112.47458629551387,40.37655358987328,56.8217968772416,32.85795553167772,17.78619161942711,15.283294848420095
-1.3126438125222553,-0.9225311760541456,104.24056609388794,38.0514318420167,52.70664733386307,30.248952436423156,16.531905831945327,13.719944456383123
-1.166446554092426,-0.9225311760541456,97.02932574980625,35.75930872774465,49.09330266969881,27.79949973612512,15.404845732699624,12.310367181334556
-1.0365321883776653,-0.9225311760541456,89.91765119644467,33.23753008556953,45.51255975067315,25.229801203613643,14.285128814354538,10.91001427843417
-0.9210871889273549,-0.9225311760541456,82.60398623381714,30.34834092103895,41.817633555093536,22.438228428238762,13.125252863129479,9.465337193744013
-0.8185000129460304,-0.9225311760541456,75.29488146083331,27.141544142035986,38.11690719594454,19.514797143183944,11.963330522302591,8.031848978053604
-0.7273386051246984,-0.9225311760541456,68.33585371730216,23.78385680987735,34.59553328986658,16.63605333180889,10.850038566495355,6.680684448788025
-0.6463304070095649,-0.9225311760541456,61.97589355707469,20.463385392568085,31.36344528763127,13.936655785940673,9.839368809435003,5.4831179399176975
-0.5743445928509872,-0.9225311760541456,56.30791059556386,17.32316789973256,28.49946306132106,11.526523104986076,8.935619333055316,4.4457063090733095
-0.5103762839557767,-0.9225311760541456,51.36862668097041,14.477373796366319,25.99591787502763,9.43218392235312,8.150415255014439,3.579191827339271
-0.4535325211846986,-0.9225311760541456,47.098657144015824,11.967616737555707,23.824784067408174,7.64923299058561,7.465191676334,2.8575838650792216
-0.40301979977966995,-0.9225311760541456,43.42364373261587,9.801906480909892,21.96914210540064,6.17018665917024,6.887913192960943,2.2812843238143787
-0.35813299251433084,-0.9225311760541456,40.27483584889524,7.9698020848826685,20.37578698610077,4.949904590364788,6.384228658584033,1.8075805014251514
-0.3182455065418344,-0.9225311760541456,37.57820859907766,6.441341465139508,19.00490847983666,3.9503173747312488,5.9533229194641635,1.4282742927822294
-0.2828005365353655,-0.9225311760541456,35.26692784090543,5.179992518644353,17.832753255303075,3.143205811142047,5.590561088025222,1.1308647732361727
-0.2513032920204875,-0.9225311760541456,33.28537398381731,4.149314727400537,16.832700964016386,2.4974410377787746,5.278194526700525,0.8933851720792613
-0.22331409039755062,-0.9225311760541456,31.585073045589777,3.3137893055368193,15.975821043066562,1.9816690013762106,5.006220744395047,0.7026271895022829
-0.19844221923690444,-0.9225311760541456,30.122987103825377,2.6401596068662894,15.237517114397958,1.5696802881365848,4.771766109873216,0.5516620041183286
-0.17634048216824733,-0.9225311760541456,28.862477345492998,2.0992382048238696,14.599190868609272,1.2411189738715875,4.571544332510674,0.4337325142993081
-0.15670035222800524,-0.9225311760541456,27.772891147669576,1.6662551010365592,14.046670856271085,0.9799815773718188,4.4003304239176995,0.3417216526622235
-0.13924766500838334,-0.9225311760541456,26.82904606996085,1.320696885849519,13.568064479941576,0.7731048391313695,4.252763884623185,0.2695260617193175
-0.12373879148704055,-0.9225311760541456,26.009883601903066,1.0456122082092474,13.15317265546391,0.6096554512221459,4.124541506604053,0.21255108195297157
-0.10995723711238882,-0.9225311760541456,25.29779162092937,0.8271279569156903,12.792956209705265,0.4806992305586347,4.012562994093915,0.1674739224581603
-0.09771061966979347,-0.9225311760541456,24.677728090533606,0.653891316918825,12.479635057526869,0.37903072173157454,3.9145781242247204,0.1318289620380065
-0.0868279837415025,-0.9225311760541456,24.136922480535382,0.516712587125413,12.206551941060408,0.2988926423077082,3.8288071733861595,0.10369664401845183
-0.07715741427178036,-0.9225311760541456,23.66449665560786,0.40819251793078104,11.968042482108869,0.23571834592820073,3.753722242439532,0.08153595639848703
-0.06856391592404971,-0.9225311760541456,23.25114652439105,0.3223985783402478,11.759336481060314,0.18591041300918126,3.6879957257094134,0.06410933189405729
-0.06092752862714207,-0.9225311760541456,22.888933144711334,0.25460054658521303,11.576405949642629,0.1466368511029285,3.6304334549777266,0.050417630279148695
-0.0541416530048151,-0.9225311760541456,22.5710852260293,0.2010403893906936,11.41582806305359,0.11566646966217703,3.5799754125792127,0.03966286082923281
-0.04811156231253989,-0.9225311760541456,22.291811053832102,0.15873757516950132,11.274683767763424,0.09124156272496234,3.53569874794481,0.031214376052650507
-0.04275308010908995,-0.9225311760541456,22.046140923226474,0.1253310319380303,11.150476171618756,0.0719775198186836,3.496802546057766,0.024575585151876998
-0.0379914052040221,-0.9225311760541456,21.829799686578664,0.09895241374412851,11.041061219699065,0.05678324956603729,3.4625925518376497,0.019356359245967215
-0.03376006747802295,-0.9225311760541456,21.639101337601744,0.07812451558030467,10.944590245115203,0.044798577055561555,3.432469161103118,0.015250927363860828
-0.03,-0.9225311760541456,21.470860261406393,0.0616800202572917,10.859463540979577,0.035345189806127025,3.4059156967463227,0.01201991838777402
0.03,-0.9225311760541456,18.940305382606105,0.061188724777405806,9.579673497946393,0.03457697369384348,3.0069694593476743,0.011726598292847943
0.03376006747802295,-0.9225311760541456,18.79145427372762,0.07741442977866998,9.504571546640413,0.04370196615708152,2.9834464246162384,0.014824155440335569
0.0379914052040221,-0.9225311760541456,18.625350749738267,0.09792301717298665,9.420796075205564,0.055217238027356993,2.9571964912475246,0.018732953628001193
0.04275308010908995,-0.9225311760541456,18.440217422169223,0.12383339872556332,9.327458190969136,0.06974024764813935,2.9279444791458005,0.02366111054083816
0.04811156231253989,-0.9225311760541456,18.234162786905937,0.15654960504378448,9.223608551192253,0.08804394325878823,2.895401729665336,0.02986742331927227
0.0541416530048151,-0.9225311760541456,18.005198788631045,0.1978287923024088,9.108241509305948,0.11109421279907,2.8592721453487226,0.03767179362131567
0.06092752862714207,-0.9225311760541456,17.75126801227497,0.24986285836243904,8.980302922272278,0.14009545818416066,2.819261430908974,0.04746651158409543
0.06856391592404971,-0.9225311760541456,17.47028024083828,0.31537563833993965,8.838703269134305,0.17654540714865594,2.775084580826595,0.05972929107938476
0.07715741427178036,-0.9225311760541456,17.16015965783099,0.3977372940860171,8.682334891924405,0.22230096053737114,2.72646444144585,0.0750408668335017
0.0868279837415025,-0.9225311760541456,16.818912838999566,0.5010941533674274,8.510087836885406,0.27965893331369673,2.673130278953614,0.09410663923492826
0.09771061966979347,-0.9225311760541456,16.444726560578278,0.630508427981047,8.320871227889048,0.3514530061417969,2.614817711589508,0.1177830010216264
0.10995723711238882,-0.9225311760541456,16.036053688634457,0.7921168813263646,8.113682725007358,0.44115010502443075,2.551205623901632,0.1471410922671877
0.12373879148704055,-0.9225311760541456,15.591633792634902,0.9933369362254988,7.8877351724599745,0.5529249881233733,2.4818650478830486,0.18355812427094054
0.13924766500838334,-0.9225311760541456,15.110600132216847,1.2430663846609613,7.642583296817369,0.6917142899356382,2.4062873838596004,0.22880344215206783
0.15670035222800524,-0.9225311760541456,14.592678214064708,1.5518345636282795,7.3784499986206855,0.8630921594872843,2.3239606580510377,0.2851137487387282
0.17634048216824733,-0.9225311760541456,14.038350954061828,1.9319256528381208,7.096668595273283,1.0728611831955792,2.2349480931880246,0.35484944516036415
0.19844221923690444,-0.9225311760541456,13.45008507531099,2.3965267778762014,6.800018796319782,1.326356461882226,2.1406545955514,0.43958730066688595
0.22331409039755062,-0.9225311760541456,12.833999076337037,2.9574793270326287,6.492939558605502,1.6273924714586319,2.0443459390946748,0.5387262865538908
0.2513032920204875,-0.9225311760541456,12.203179330734967,3.61927292261905,6.180852831020859,1.9777165055182917,1.9498014615478803,0.6496272488463452
0.2828005365353655,-0.9225311760541456,11.57924192535078,4.370919987099718,5.869518750644784,2.3766162005940767,1.8574512299483863,0.7722541412554216
0.3182455065418344,-0.9225311760541456,10.989231306073446,5.181066355716655,5.566569520232298,2.817530294755365,1.7633158868548744,0.9133270554198105
0.35813299251433084,-0.9225311760541456,10.4562412326977,6.00570766933372,5.287845221490687,3.2744129716251575,1.670288132018457,1.0704420832594712
0.40301979977966995,-0.9225311760541456,9.99948957000676,6.790208200036613,5.062706172188952,3.6831667093088907,1.600428072473207,1.2012233858809278
0.4535325211846986,-0.9225311760541456,9.670275510469208,7.404426067409978,4.921399713232271,3.9594530075151377,1.5667199183160725,1.2685785438596247
0.5103762839557767,-0.9225311760541456,9.586699421845406,7.567269809017175,4.877291620335087,4.048990241705701,1.5482466155919936,1.3067274438493546
0.5743445928509872,-0.9225311760541456,9.849261823233888,7.065201537055342,4.971806839104399,3.859073212526037,1.5773142186105125,1.2470991330615144
0.6463304070095649,-0.9225311760541456,10.479639095482261,5.967520998777548,5.312909311471111,3.2311751157796063,1.6954469524570397,1.0261042212819724
0.7273386051246984,-0.9225311760541456,11.70458345910714,4.21163583908074,5.949170068960715,2.2695657314759408,1.8779657699047616,0.7437204113136261
0.8185000129460304,-0.9225311760541456,13.813230368888847,2.1019599649573477,6.976630519134992,1.1712376254897108,2.22232378376304,0.3655261582810589
0.9210871889273549,-0.9225311760541456,16.86214965983384,0.4872397001405294,8.566596192456378,0.2600193204626982,2.6931175911017684,0.08667760818769553
1.0365321883776653,-0.9225311760541456,21.40311071355471,0.05557807408516482,10.808405028302644,0.03018821250513237,3.4133228678414604,0.012884295983535425
1.166446554092426,-0.9225311760541456,27.6835137701033,1.6323036813765848,14.009430152387354,0.9632170315938376,4.392879689482943,0.3379140627390585
1.3126438125222553,-0.9225311760541456,36.313577482852246,5.74439256552317,18.364057007426354,3.5029307784027246,5.740306308253637,1.2509932446768783
1.4771647895120215,-0.9225311760541456,48.01261759808369,12.506785848865205,24.214200872440298,7.96560172008825,7.54173745592074,2.9363258154943583
1.6623060990028473,-0.9225311760541456,63.28661899078866,21.166375547819463,31.91878480947526,14.402993487401579,9.964275389059397,5.6292339804328275
1.8706522023821734,-0.9225311760541456,83.45386049864594,30.70018886791875,42.31293081914337,22.820219975075744,13.09131555161414,9.423230030780308
2.1051114860111477,-0.9225311760541456,110.09631401835523,39.734792626792306,55.29358633610168,31.91164559723231,17.055113910339813,14.37304333064222
2.368956860549917,-0.9225311760541456,143.46891820855797,46.9611404525326,72.43308768111785,41.04610647828945,22.111389897863223,20.571707650640214
2.6658714488230206,-0.9225311760541456,187.7356434641415,52.65740513365081,93.65078853933385,48.533975391573385,28.88261382596601,28.326103002268482
3.0,-0.9225311760541456,241.28102327460124,56.66737775850727,120.1591003945684,54.1113987254381,36.90753308115067,36.4336684781842
-3.0,-0.8726646259971647,179.9634691156655,51.8653834706187,91.73995230421319,47.995927115014545,28.08318204426079,27.4509988378297
-2.6658714488230206,-0.8726646259971647,155.7290974346581,48.868807204625476,78.30212224005929,43.48477782492982,24.201068849667823,23.04337513848623
-2.368956860549917,-0.8726646259971647,135.2136712367329,45.48471087653999,68.02504245317272,38.99664957166996,20.98807296519175,19.218137379372546
-2.1051114860111477,-0.8726646259971647,117.81011386388705,41.7346544338734,59.49655411670992,34.450232849527396,18.579427670947553,16.266910802119746
-1.8706522023821734,-0.8726646259971647,104.27833154836517,38.06278007949473,52.62706504749463,30.196593052385563,16.40809152770684,13.565236727746177
-1.6623060990028473,-0.8726646259971647,93.18676329155862,34.430580898306275,47.06397353644434,26.360150835624054,14.71985296373135,11.453367130741167
-1.4771647895120215,-0.8726646259971647,84.68988084370756,31.204227501280403,42.76139865167272,23.164076481538658,13.373331355267846,9.773473715871567
-1.3126438125222553,-0.8726646259971647,78.27554854270639,28.48871844416235,39.551302570417946,20.661770524572702,12.400180866349315,8.568601666244307
-1.166446554092426,-0.8726646259971647,73.3920472381234,26.25290619213251,37.11084230936364,18.700831603525693,11.640071745142409,7.63678899087072
-1.0365321883776653,-0.8726646259971647,69.28623805109133,24.25979075625574,35.05377455335065,17.01504756707451,10.999437967274295,6.860331288654605
-0.9210871889273549,-0.8726646259971647,65.257313516179,22.205440218176328,33.02559648970111,15.32978460932459,10.365086764962227,6.101903127175826
-0.8185000129460304,-0.8726646259971647,61.007602539186486,19.938160354164083,30.87952524524398,13.529772674812637,9.691610434505122,5.311054530979392
-0.7273386051246984,-0.8726646259971647,56.62893444117856,17.505001925700473,28.665330901462077,11.666011824555692,8.992153881936906,4.509463797845518
-0.6463304070095649,-0.8726646259971647,52.35298899989029,15.050815053284744,26.49397067280976,9.846507934609686,8.312353515028777,3.7547661350643105
-0.5743445928509872,-0.8726646259971647,48.356421797691794,12.709441382061936,24.473876083855362,8.177509588954976,7.674814703485034,3.074401609723117
-0.5103762839557767,-0.8726646259971647,44.754445439792434,10.584595273945494,22.648518205843708,6.705555899481357,7.101931907362028,2.491135286080102
-0.4535325211846986,-0.8726646259971647,41.5668367896824,8.717033422572898,21.02734433063802,5.4422542444062705,6.59007174437493,1.9975312633788518
-0.40301979977966995,-0.8726646259971647,38.77517585507021,7.113628649143862,19.61724991237729,4.390181132551007,6.151284143134433,1.599274105417236
-0.35813299251433084,-0.8726646259971647,36.350733279660396,5.764647933347893,18.390351916367468,3.52100705448302,5.7632925176393295,1.2697702229049643
-0.3182455065418344,-0.8726646259971647,34.25220295136107,4.645408035405266,17.323423889956192,2.808881367966822,5.427813827726659,1.0048264799752586
-0.2828005365353655,-0.8726646259971647,32.43769819787827,3.726417927285141,16.403010762256795,2.234096054283493,5.142944477394388,0.7965378775592658
-0.2513032920204875,-0.8726646259971647,30.870317329798162,2.97877026841718,15.611827259470102,1.7745251387021765,4.895805299912474,0.6298859793119467
-0.22331409039755062,-0.8726646259971647,29.516537283642084,2.3749200862653885,14.929501733575195,1.4077323521997631,4.67918767486236,0.49581040550881594
-0.19844221923690444,-0.8726646259971647,28.345627605450204,1.8895663611872955,14.33820270971235,1.114928720740349,4.49136300420031,0.38958286805853587
-0.17634048216824733,-0.8726646259971647,27.330889768894686,1.5008121831314511,13.824316777179526,0.8815293639183156,4.330141363596583,0.3065286379440233
-0.15670035222800524,-0.8726646259971647,26.44963356828283,1.1902672513156944,13.377421861677247,0.696089688563899,4.191644526146517,0.24167639182445483
-0.13924766500838334,-0.8726646259971647,25.683012584629026,0.9428294623948141,12.988662353061589,0.549211807040147,4.07177772726711,0.19074998414837466
-0.12373879148704055,-0.8726646259971647,25.015096762397732,0.7461056922092132,12.6503571123566,0.43317670747763604,3.96722548190096,0.150527789293751
-0.10995723711238882,-0.8726646259971647,24.432447792239365,0.5900127145574914,12.35560503347854,0.34162669775204557,3.8755989631440526,0.11867990685655276
-0.09771061966979347,-0.8726646259971647,23.92348019201208,0.46633741102988036,12.09840950004099,0.2694409590087934,3.7951674564053417,0.09347706352444818
-0.0868279837415025,-0.8726646259971647,23.478282533127054,0.36845684429581843,11.873595801464006,0.21253157376741444,3.7245580858994387,0.0735717125489515
-0.07715741427178036,-0.8726646259971647,23.088351542220007,0.29105427205969236,11.676728687442298,0.16765813175323652,3.662583225306578,0.05788078752779523
-0.06856391592404971,-0.8726646259971647,22.74636495386282,0.2298766346454722,11.504050928868589,0.13226918699913912,3.608203506942033,0.045533656067340736
-0.06092752862714207,-0.8726646259971647,22.4460373874861,0.18153884574690982,11.35237234227314,0.1043566393472924,3.5604757003429817,0.0358266301315742
-0.0541416530048151,-0.8726646259971647,22.181978786078005,0.1433551679920995,11.218967582886421,0.08233847248526241,3.5185564867746746,0.028197170740469922
-0.04811156231253989,-0.8726646259971647,21.94955538660408,0.11319763032763565,11.101500878501204,0.06496828740176268,3.4817075190460476,0.022200343962991417
-0.04275308010908995,-0.8726646259971647,21.74477213317589,0.0893817351532361,10.997965043461427,0.05126406678592491,3.4492847148440107,0.017485505161469794
-0.0379914052040221,-0.8726646259971647,21.564177102591284,0.07057518734361025,10.906629055881668,0.0404517608746693,3.42072715634225,0.013776957803803263
-0.03376006747802295,-0.8726646259971647,21.404781881512527,0.055724962739672215,10.825994287801013,0.03192093952853117,3.3955483992129034,0.010858450211335767
-0.03,-0.8726646259971647,21.26399396033802,0.04399911135002458,10.75475898562696,0.025190058810542815,3.373327731535556,0.008560563126562722
0.03,-0.8726646259971647,19.125633151336732,0.043769285965502405,9.673334158709121,0.024752993379464103,3.036215531756953,0.008399834764211928
0.03376006747802295,-0.8726646259971647,18.998485229085965,0.05539089581376294,9.60918206071671,0.031297028325994763,3.016123666055112,0.01062327184716356
0.0379914052040221,-0.8726646259971647,18.856396295945686,0.07008764185797337,9.537517799499504,0.039560775655736735,2.993670468250634,0.013431176601480632
0.04275308010908995,-0.8726646259971647,18.697768449741012,0.08866683932462133,9.45754189170262,0.04999118349962215,2.968608259837151,0.016974536875146724
0.04811156231253989,-0.8726646259971647,18.520882037128946,0.11214368686241291,9.368391052073127,0.06314914457758644,2.9406739941826276,0.021441649727436903
0.0541416530048151,-0.8726646259971647,18.323903865260313,0.14179213439759103,9.26913836693133,0.07973769141855011,2.9095933331783903,0.027066115026218963
0.06092752862714207,-0.8726646259971647,18.10490185796682,0.17920675855046175,9.158795669102153,0.10063675047980901,2.8750871684971244,0.03413572678582551
0.06856391592404971,-0.8726646259971647,17.861865548899267,0.2263777811185248,9.036319246526764,0.12694566990826114,2.836876389462917,0.04300302829035551
0.07715741427178036,-0.8726646259971647,17.592732969660165,0.28578153673027024,8.90061757879349,0.16003545152089788,2.794678804896543,0.05409970678650464
0.0868279837415025,-0.8726646259971647,17.295431665652373,0.36048704956363775,8.750556115068614,0.20161441187118898,2.7482054205514883,0.06795482508612519
0.09771061966979347,-0.8726646259971647,16.9679402732738,0.45427787794578867,8.584964411726128,0.25380978911369784,2.697156784082584,0.08521795419884495
0.10995723711238882,-0.8726646259971647,16.608334362359297,0.5718003107680866,8.402680542431698,0.3192562023187869,2.6411652718256606,0.1067109069540557
0.12373879148704055,-0.8726646259971647,16.21477000439009,0.718765103341797,8.202640040338046,0.4011802364213122,2.5797450052195336,0.13350280651665308
0.13924766500838334,-0.8726646259971647,15.785527980784854,0.902178115952306,7.983962137126507,0.503487708214398,2.512305753772108,0.16698802840551186
0.15670035222800524,-0.8726646259971647,15.319119794825246,1.130591011184737,7.7461996650832425,0.6307535187576667,2.4382078906890143,0.20896509523627405
0.17634048216824733,-0.8726646259971647,14.814352237347304,1.4144152442699616,7.489684081172597,0.7880535482680243,2.3572430787338106,0.26143527867943606
0.19844221923690444,-0.8726646259971647,14.271269183008542,1.7656925816195852,7.2157765859328595,0.9806566066941905,2.2702878767521124,0.3260172490921534
0.22331409039755062,-0.8726646259971647,13.692483237234669,2.1970734431285193,6.926996406988846,1.2135614360729727,2.179755639627928,0.4030314061203378
0.2513032920204875,-0.8726646259971647,13.085916220540858,2.7184169619953624,6.62636049974336,1.4915288634279178,2.088430133874864,0.4916925992009483
0.2828005365353655,-0.8726646259971647,12.466073086930026,3.33210140318693,6.316687412017175,1.8194469304138572,1.9960444374237667,0.5936211507801507
0.3182455065418344,-0.8726646259971647,11.85114854175133,4.030779098998663,6.001753680050489,2.200815825352916,1.8981767936863059,0.7163446686797735
0.35813299251433084,-0.8726646259971647,11.254266968666855,4.804473701331258,5.6917338496880845,2.628682314336985,1.7960718443100576,0.8622914877144947
0.40301979977966995,-0.8726646259971647,10.68254396362511,5.644171481014231,5.407944428651008,3.0711744158374232,1.7078873623518327,1.0046973034424191
0.4535325211846986,-0.8726646259971647,10.168564503421708,6.490961938537376,5.171374934892359,3.481209235626517,1.6436394735690947,1.1189716060757013
0.5103762839557767,-0.8726646259971647,9.803001035670862,7.1516529094054295,4.9853031889465225,3.832543528560546,1.5813177992138667,1.2390566714854594
0.5743445928509872,-0.8726646259971647,9.657210480276724,7.429693359912638,4.8753786508990515,4.052909887270778,1.5467668860366213,1.3098219405768297
0.6463304070095649,-0.8726646259971647,9.717776933930395,7.313145453706589,4.928050415696158,3.9460910116434573,1.574942841366407,1.2518820241993085
0.7273386051246984,-0.8726646259971647,10.157418065096795,6.51036311945998,5.168425102657691,3.48657469030124,1.6340163807449821,1.1369020270535137
0.8185000129460304,-0.8726646259971647,11.210300949901406,4.8654819636849584,5.659871528204628,2.675840437659287,1.8139381987328989,0.8353447645450973
0.9210871889273549,-0.8726646259971647,12.83249928873776,2.958944142132415,6.539677564323252,1.5788877693332166,2.059899421253347,0.5218049357407224
1.0365321883776653,-0.8726646259971647,15.519651238836785,1.0285407914898972,7.825669620873543,0.5862935936984661,2.4938722601170116,0.17691144787041818
1.166446554092426,-0.8726646259971647,19.31582238042749,0.02902932437769202,9.814155947280968,0.013155299411590951,3.0851421707159186,0.004104143404559776
1.3126438125222553,-0.8726646259971647,24.816305963081916,0.6911684950960715,12.538844245678089,0.397464478432208,3.9439067653034585,0.14211417290334277
1.4771647895120215,-0.8726646259971647,32.31109529300927,3.6643074288169775,16.332168237757244,2.191568497518449,5.111573348377129,0.7746266835643082
1.6623060990028473,-0.8726646259971647,42.42910382202177,9.21950578621523,21.421041159702195,5.744368122384498,6.69542674616114,2.096744801996404
1.8706522023821734,-0.8726646259971647,55.881294855946166,17.080861717826892,28.300560357550847,11.359324284883312,8.78709823784106,4.27902335514012
2.1051114860111477,-0.8726646259971647,73.77746237102038,26.434699043282475,37.10471448277239,18.695851297303832,11.477827917203546,7.439281250100603
2.368956860549917,-0.8726646259971647,96.54967120619415,35.59767129250199,48.745300819639844,27.55588012176566,14.934881738097296,11.722322871354068
2.6658714488230206,-0.8726646259971647,126.7737345922934,43.78524688607887,63.33741921327015,36.59597659271901,19.557721160229065,17.472741426953505
3.0,-0.8726646259971647,163.81016468755942,49.969112867035875,81.68437295360478,44.75168015453723,25.118100062039595,24.107168076966193
-3.0,-0.8227980759401838,131.45833707633443,44.754014392616774,66.98951451961359,38.48642050871803,20.517686233777233,18.64668393983667
-2.6658714488230206,-0.8227980759401838,114.86928370056762,40.999690695038765,57.77092166807115,33.432269393170515,17.859875267286508,15.374855164232352
-2.368956860549917,-0.8227980759401838,100.7134694953046,36.96200870438487,50.680108577515,28.89327020462513,15.642424926676153,12.607659695853393
-2.1051114860111477,-0.8227980759401838,88.56684478480884,32.72717494640723,44.73252220069152,24.65191496723667,13.968162636451412,10.514338489614367
-1.8706522023821734,-0.8227980759401838,78.9938570750608,28.805214836534276,39.87055881744464,20.914752904930467,12.430406632567909,8.605848405985066
-1.6623060990028473,-0.8227980759401838,70.96321209221053,25.086285145163473,35.84121281806438,17.66351565214265,11.208313372801113,7.11244992283045
-1.4771647895120215,-0.8227980759401838,64.62835390347486,21.876195810789845,32.62848716284786,14.997731772994497,10.201430371368474,5.908235630247374
-1.3126438125222553,-0.8227980759401838,59.71340378633549,19.228608254607664,30.16370458780858,12.927325361105629,9.45482468824766,5.037199926580226
-1.166446554092426,-0.8227980759401838,56.03496939328905,17.168230742237224,28.32305058662516,11.378225454735034,8.881216533125631,4.384512404880279
-1.0365321883776653,-0.8227980759401838,53.297651392352485,15.598504766684785,26.953570018803337,10.230087195719221,8.455741840930843,3.9116614850895997
-0.9210871889273549,-0.8227980759401838,51.03299263690585,14.281278007834132,25.81732103728185,9.284001379273526,8.102232098184254,3.527296333362621
-0.8185000129460304,-0.8227980759401838,48.784087321496244,12.961352729986839,24.686623486550598,8.351645235307789,7.747699925784701,3.150639182118974
-0.7273386051246984,-0.8227980759401838,46.337646862834404,11.51844596107636,23.451279744330034,7.347524473617121,7.35820038603973,2.748385127657472
-0.6463304070095649,-0.8227980759401838,43.74545911339967,9.990880669437225,22.137022989074097,6.301741041348298,6.945916271156304,2.337686967866603
-0.5743445928509872,-0.8227980759401838,41.15460632448978,8.477805653196341,20.82718566583693,5.289951680386341,6.5324500097773885,1.94382864787383
-0.5103762839557767,-0.8227980759401838,38.703884866462495,7.073286312667281,19.585730278212097,4.367265562693721,6.142468338172571,1.5915375445497821
-0.4535325211846986,-0.8227980759401838,36.46233716321825,5.8255736720284155,18.445489874307984,3.5589918915184713,5.782265073734348,1.2853343554202565
-0.40301979977966995,-0.8227980759401838,34.45216744129084,4.749686007802881,17.429755936458935,2.8777789787666843,5.46607304612374,1.0340164074999612
-0.35813299251433084,-0.8227980759401838,32.675286591973965,3.8437331065822153,16.530511007308313,2.311281876131586,5.181567564372318,0.8238039420062989
-0.3182455065418344,-0.8227980759401838,31.116376059924587,3.0929195772128306,15.737868969354803,1.8453935356287139,4.9322337101912375,0.6535690149072297
-0.2828005365353655,-0.8227980759401838,29.753853221670248,2.4776495517253565,15.046569491992509,1.468556097133513,4.718250615416566,0.5191054135197973
-0.2513032920204875,-0.8227980759401838,28.56627132421068,1.9781589188496995,14.446968366591568,1.1669152009452282,4.530941780365496,0.41114738870395795
-0.22331409039755062,-0.8227980759401838,27.532612815296744,1.5755489104795795,13.92591998272656,0.9260237754847294,4.36549094876993,0.32406308476324835
-0.19844221923690444,-0.8227980759401838,26.632581161760843,1.252524185760755,13.47138648007619,0.7336514290106101,4.221071339668725,0.25493035970707817
-0.17634048216824733,-0.8227980759401838,25.847991522913702,0.994188877736736,13.074039275668945,0.5802612997448213,4.096384627957671,0.20079457542080423
-0.15670035222800524,-0.8227980759401838,25.163037931282453,0.7880879982510891,12.726681314983951,0.4583567119201083,3.988719790257498,0.1584658531125216
-0.13924766500838334,-0.8227980759401838,24.564390830746195,0.6240377122766996,12.4230896546771,0.36177338289180433,3.895106034631477,0.12518542012562112
-0.12373879148704055,-0.8227980759401838,24.04062136049879,0.4937137032551606,12.157783792212141,0.2854472216368474,3.813111367995944,0.09887018188376323
-0.10995723711238882,-0.8227980759401838,23.58197983730706,0.39036777064480455,11.92575336592146,0.22520556609471826,3.740982262670429,0.07801186989152775
-0.09771061966979347,-0.8227980759401838,23.179961545068412,0.3085194318598399,11.722592729619747,0.17768773398866675,3.677450139187486,0.06148965293365461
-0.0868279837415025,-0.8227980759401838,22.827221985886922,0.24376038613990308,11.544460745228646,0.14021071894451095,3.621504624056709,0.048428569657246595
-0.07715741427178036,-0.8227980759401838,22.51740567322342,0.19255868176950094,11.388036208087987,0.11064747476478128,3.5722635485495258,0.03812411632028898
-0.06856391592404971,-0.8227980759401838,22.24499589549096,0.15209320937880144,11.250485803128557,0.08732293364433871,3.528948262302699,0.030009147150438897
-0.06092752862714207,-0.8227980759401838,22.005223989355997,0.12012117054924466,11.129388200574631,0.06891836725460825,3.4908449138182194,0.023624577864632935
-0.0541416530048151,-0.8227980759401838,21.79397492374074,0.0948646145689749,11.022662130094247,0.05439446478899242,3.4573100494854336,0.0186029545957861
-0.04811156231253989,-0.8227980759401838,21.607690528672876,0.07491565264081518,10.928513704401437,0.04293204953217709,3.4277767166836046,0.014653325946056844
-0.04275308010908995,-0.8227980759401838,21.44328659624924,0.05916023486395311,10.845393349420979,0.0338854046986905,3.401747508740654,0.011546153761461227
-0.0379914052040221,-0.8227980759401838,21.298085055527043,0.046717451752181484,10.77195821091208,0.026745308908831446,3.37878700346846,0.009100778275478163
-0.03376006747802295,-0.8227980759401838,21.169756932003743,0.03689113230058937,10.707040464579112,0.021109976479660838,3.358515872619729,0.007175357166586867
-0.03,-0.8227980759401838,21.056273391269013,0.02913128014924088,10.649621461268904,0.01666229374556687,3.340604717855786,0.005658665361786181
0.03,-0.8227980759401838,19.315407658423158,0.029058065436275437,9.769241171498978,0.016446484685163958,3.0661628658360964,0.005584340675119318
0.03376006747802295,-0.8227980759401838,19.21077117291507,0.0367827711980508,9.716446683218365,0.020801870081974008,3.0496297613211536,0.007065472543353738
0.0379914052040221,-0.8227980759401838,19.093672795205695,0.04655598773549084,9.657385840243947,0.026305249659059542,3.0311273756279395,0.00893730476941871
0.04275308010908995,-0.8227980759401838,18.96273261811339,0.05891781776366747,9.591367928380803,0.03325664094296683,3.010441589808273,0.011301420799726318
0.04811156231253989,-0.8227980759401838,18.816450732283855,0.07454868450205672,9.517639808934808,0.04203337647564747,2.9873424792307994,0.014284837392753326
0.0541416530048151,-0.8227980759401838,18.653208426799853,0.09430438734562767,9.435383320296774,0.053109666065823125,2.9615867722374682,0.018045645327747228
0.06092752862714207,-0.8227980759401838,18.47127323714663,0.11925919017948158,9.34371373837759,0.06708095075023326,2.932922077823568,0.022779421123700565
0.06856391592404971,-0.8227980759401838,18.268807034375335,0.150758764162228,9.241680001574338,0.08469409445610342,2.901089471171737,0.028726991678032478
0.07715741427178036,-0.8227980759401838,18.04387718489029,0.1904851518589101,9.128265398814152,0.10688505746899969,2.865819473993183,0.03618508404555302
0.0868279837415025,-0.8227980759401838,17.794476368111205,0.24053525022979189,9.002384421134577,0.13482705251879634,2.826826987290858,0.04552007301913441
0.09771061966979347,-0.8227980759401838,17.518555301451237,0.3035139998900938,8.862879650826516,0.1699917195760922,2.7838054025508274,0.057185885565163665
0.10995723711238882,-0.8227980759401838,17.21403813236415,0.3826520881628226,8.708546133831254,0.21421895127455437,2.736376256920552,0.07176182308480221
0.12373879148704055,-0.8227980759401838,16.878781613494592,0.4819697097501996,8.538188763809655,0.26979076687343,2.6840430713308727,0.09000783627287971
0.13924766500838334,-0.8227980759401838,16.51057343047265,0.6064777295980596,8.350675245879403,0.3395166029109013,2.6261945739721995,0.11292544791591766
0.15670035222800524,-0.8227980759401838,16.10716803201963,0.7624219969383449,8.145117625589926,0.42677133849414417,2.562141551837404,0.1418240200127856
0.17634048216824733,-0.8227980759401838,15.666278225174226,0.9576144113874543,7.921128544875066,0.5354551539556468,2.491499669976147,0.17821331666321966
0.19844221923690444,-0.8227980759401838,15.186261668676117,1.2014924971973582,7.67899810843794,0.6698990629930793,2.414723752914305,0.22345472317374931
0.22331409039755062,-0.8227980759401838,14.667136676678613,1.5047777294052593,7.419756076658352,0.8347297760093022,2.333484465633673,0.27820876558156993
0.2513032920204875,-0.8227980759401838,14.112752566523142,1.87777117047276,7.144565106044491,1.0351463313019684,2.249700699783831,0.3426258633151014
0.2828005365353655,-0.8227980759401838,13.531784451691486,2.328012279991317,6.854034638450571,1.2775696034124788,2.1626411294840215,0.4187791674399003
0.3182455065418344,-0.8227980759401838,12.935169216468223,2.8598138017504584,6.549044890984717,1.5692855195360018,2.06786159314509,0.5132815334309657
0.35813299251433084,-0.8227980759401838,12.32833485910672,3.48047270582939,6.235223853491766,1.913262773485559,1.9653949803981086,0.630354061047585
0.40301979977966995,-0.8227980759401838,11.709630459158435,4.20531202616116,5.926997630320749,2.2990098936161902,1.869555709889683,0.7553260398908264
0.4535325211846986,-0.8227980759401838,11.096713000857054,5.025775458236426,5.637658653756443,2.7090835812209835,1.7876809581376234,0.8751617608558153
0.5103762839557767,-0.8227980759401838,10.55563174373351,5.84479106861426,5.3633632775516595,3.145461446522939,1.6984284478338203,1.020942968196572
0.5743445928509872,-0.8227980759401838,10.133208009037665,6.552659960579988,5.117311671439819,3.5805716219593693,1.6215575045708301,1.1604426908516166
0.6463304070095649,-0.8227980759401838,9.792888965862847,7.170662860505989,4.965682262206808,3.871160261375792,1.585284731301696,1.2311278683792972
0.7273386051246984,-0.8227980759401838,9.659341609492937,7.425567072056612,4.91593100307555,3.9704673144947935,1.5549431760794306,1.2927954006814997
0.8185000129460304,-0.8227980759401838,9.914155030004299,6.94534378334256,5.005025035764112,3.7940367398300197,1.609584357128547,1.1834175902141713
0.9210871889273549,-0.8227980759401838,10.447566452700036,6.019913448323275,5.338250933343682,3.18790382399825,1.6846580547820527,1.044944728642475
1.0365321883776653,-0.8227980759401838,11.68517336222344,4.236020831005659,5.883400206230354,2.3577038094220564,1.893658214052861,0.7224024983090809
1.166446554092426,-0.8227980759401838,13.529346591517964,2.330037562862386,6.910398980747047,1.227933345229997,2.1800725203398517,0.40274349549621496
1.3126438125222553,-0.8227980759401838,16.527363021861923,0.6004374980799225,8.340984715724293,0.34337148539021844,2.6482160575123093,0.10385328039522898
1.4771647895120215,-0.8227980759401838,20.65733468150577,0.00896530676657602,10.480042395704345,0.0065309056523407535,3.3063467493371754,0.0032474613866684578
1.6623060990028473,-0.8227980759401838,26.592714923007335,1.2388561099348472,13.450001424313191,0.7250344248500102,4.214036143617477,0.2517353780225553
1.8706522023821734,-0.8227980759401838,34.58422577530612,4.818848699733805,17.481929070289752,2.9117615374107664,5.462836864122767,1.031536709182608
2.1051114860111477,-0.8227980759401838,45.34820300862412,10.934613105824251,22.863971561486675,6.876921127828726,7.110223712271595,2.4993596658525696
2.368956860549917,-0.8227980759401838,59.411459475086474,19.061859556445242,29.998348657243838,12.788102864585143,9.252419811897617,4.805071517933475
2.6658714488230206,-0.8227980759401838,78.10076260828579,28.41122733955596,39.12731686423663,20.32447709941729,12.111045994085071,8.213000479819081
3.0,-0.8227980759401838,101.48584815455207,37.20564841934792,50.72359558975249,28.922848548267275,15.631985047610087,12.594596510163822
-3.0,-0.772931525883203,91.5405257740091,33.837150442903564,46.612692207325495,26.03399213683275,14.296064735395605,10.923674350792526
-2.6658714488230206,-0.772931525883203,81.27519122524896,29.789533604663394,40.892739036286024,21.7188000846427,12.651925779625644,8.879209308281935
-2.368956860549917,-0.772931525883203,72.44178736935723,25.800784243536707,36.469268943337866,18.177990354458345,11.268954706249609,7.1858434831822535
-2.1051114860111477,-0.772931525883203,64.78010811110549,21.955841474979255,32.722335993179975,15.076256944751831,10.21937497397609,5.9294270511226
-1.8706522023821734,-0.772931525883203,58.67967672369131,18.65589602518723,29.62325618490412,12.472270509077452,9.239211401489145,4.789989608809944
-1.6623060990028473,-0.772931525883203,53.47181060059932,15.699171330547127,27.010822088463026,10.277942931684926,8.448151700258654,3.903323751002399
-1.4771647895120215,-0.772931525883203,49.27346804272609,13.24932686751885,24.880153201503717,8.510437360408986,7.780163019103482,3.184731623776842
-1.3126438125222553,-0.772931525883203,45.91553297176016,11.269318978185316,23.194443244738224,7.141123457538851,7.270083194444276,2.659229282522611
-1.166446554092426,-0.772931525883203,43.324310838667174,9.743623008516778,21.895936060562345,6.112981457972282,6.865224154545351,2.2593193479425517
-1.0365321883776653,-0.772931525883203,41.41432067774166,8.628443176336724,20.939079994580855,5.374982154870985,6.568081174368287,1.9769888931812485
-0.9210871889273549,-0.772931525883203,40.01358273828177,7.819695931687866,20.236533102664698,4.846009539166291,6.350468333246506,1.776939914971222
-0.8185000129460304,-0.772931525883203,38.84841795426894,7.155111972414259,19.653608393908787,4.416650160979669,6.167920806030252,1.6139040666307913
-0.7273386051246984,-0.772931525883203,37.641253919231126,6.4764667236895,19.04537947261864,3.9790309002090063,5.976994705365119,1.4484150892483154
-0.6463304070095649,-0.772931525883203,36.27180250396595,5.721636152035128,18.35315822176137,3.4954457894137656,5.759072473376724,1.2663163833258715
-0.5743445928509872,-0.772931525883203,34.78013621702319,4.921876888603494,17.59903072742043,2.9884523756948638,5.520939013959071,1.0763526406590467
-0.5103762839557767,-0.772931525883203,33.27006256838811,4.141571849879394,16.834607359057053,2.4986294529873634,5.280496031738846,0.8950658390830261
-0.4535325211846986,-0.772931525883203,31.823184528196336,3.427657322442101,16.098530008910863,2.0531775094374947,5.047803728734098,0.7307498609700066
-0.40301979977966995,-0.772931525883203,30.48288759993757,2.801670664849093,15.421011425552383,1.6690294486683421,4.836774408278274,0.5921859699237318
-0.35813299251433084,-0.772931525883203,29.270150829648813,2.2697618878246053,14.807249857975753,1.3451931110761726,4.642487247133439,0.4742924412315735
-0.3182455065418344,-0.772931525883203,28.187697456878833,1.8270155512868604,14.256838671657308,1.07661446858623,4.469267174049058,0.3777408946347703
-0.2828005365353655,-0.772931525883203,27.22891888068007,1.463534727503951,13.77027442002138,0.8582065941043726,4.318622552997247,0.30089937027934954
-0.2513032920204875,-0.772931525883203,26.384159627116084,1.168278668832224,13.343653031656144,0.6827823832761023,4.185335840060196,0.2388727531885295
-0.22331409039755062,-0.772931525883203,25.642213604963597,0.9302933301150285,12.969589193694086,0.542370638615133,4.066541297490118,0.18864038845271677
-0.19844221923690444,-0.772931525883203,24.99118244159685,0.7394067044779771,12.640782673208786,0.4300600172526702,3.9620493126261866,0.14864227881279019
-0.17634048216824733,-0.772931525883203,24.419859054126714,0.5868078051006921,12.351434697713806,0.34039787102826485,3.871232739128229,0.11724451428663903
-0.15670035222800524,-0.772931525883203,23.918167311136106,0.4651115116006242,12.097011399769848,0.2690688982678964,3.792355396999922,0.09264402103488614
-0.13924766500838334,-0.772931525883203,23.47742079003463,0.3682770597874516,11.87349111696509,0.21250646242132382,3.7234189274748437,0.07326807796985481
-0.12373879148704055,-0.772931525883203,23.090024251068638,0.2913691452214987,11.677256396174531,0.16777204544954447,3.6627635965160494,0.057923977770478294
-0.10995723711238882,-0.772931525883203,22.749400942117234,0.2303913499405707,11.50492471127142,0.13243868242974496,3.609190065182544,0.04574556299899088
-0.09771061966979347,-0.772931525883203,22.449727576686378,0.18210141890268322,11.353476805301325,0.10454892099935521,3.561830922066884,0.03608740021058466
-0.0868279837415025,-0.772931525883203,22.185916021269307,0.14389416338522878,11.220246689223556,0.08253811261585801,3.5199912088088445,0.028444199740509483
-0.07715741427178036,-0.772931525883203,21.953516980384798,0.11368404114121311,11.102904682529518,0.06516452186513938,3.4830572212151796,0.02240809505788867
-0.06856391592404971,-0.772931525883203,21.74863146913741,0.08980628202714877,10.999446445636682,0.051449371894692265,3.4504817509004444,0.017650098100639156
-0.06092752862714207,-0.772931525883203,21.567861455410764,0.07093797183281372,10.90814586950501,0.040621409893691035,3.4217573316402707,0.013903416076259523
-0.0541416530048151,-0.772931525883203,21.408253301079856,0.05603067384000103,10.827508599533989,0.032072272994197924,3.396422367321622,0.01095417841584482
-0.04811156231253989,-0.772931525883203,21.267236075206707,0.04425428327230251,10.756238211183392,0.025322061684726484,3.3740672345755165,0.008632807146696632
-0.04275308010908995,-0.772931525883203,21.14256775291354,0.03495196480699282,10.693208195682969,0.019992199879004937,3.3543302652282847,0.006805341777150644
-0.0379914052040221,-0.772931525883203,21.03229078081385,0.027604315736657052,10.637437005494004,0.015783915329482832,3.3368930536457575,0.005366216963525463
-0.03376006747802295,-0.772931525883203,20.93469422823115,0.021800815207220242,10.588066752546784,0.012461305171895401,3.3214768223150646,0.004232453720614197
-0.03,-0.772931525883203,20.848280844886265,0.01721709109794623,10.544345702356843,0.009838057658904619,3.3078384074117717,0.0033389139512285605
0.03,-0.772931525883203,19.509222993075223,0.017219284887263837,9.867189411616245,0.009753749478743445,3.096747421992886,0.003313719004653402
0.03376006747802295,-0.772931525883203,19.427867800506558,0.02180173172808832,9.82614093069224,0.012340896851376537,3.0838946019052416,0.004194273926602218
0.0379914052040221,-0.772931525883203,19.33669607631313,0.027601761136722542,9.780155625401378,0.015611866847887505,3.0694908032004666,0.005307863346214154
0.04275308010908995,-0.772931525883203,19.234585129508933,0.03494157943926204,9.728671272483464,0.019746266223017915,3.053361639058336,0.006715437464203405
0.04811156231253989,-0.772931525883203,19.120303732674586,0.044227727191494814,9.671069496968745,0.024970421124894195,3.0353179851146885,0.008493388122097224
0.0541416530048151,-0.772931525883203,18.99250876148775,0.055972500917984225,9.606671655612688,0.03156941412341063,3.015157183083137,0.01073707719558624
0.06092752862714207,-0.772931525883203,18.849743700861577,0.07082049410939087,9.53473496938385,0.03990218403808914,2.9926654242564172,0.013564919240112185
0.06856391592404971,-0.772931525883203,18.69043816847821,0.08958153025514085,9.454449280483312,0.050420427197439936,2.9676187176209523,0.017123399095021166
0.07715741427178036,-0.772931525883203,18.51290815842987,0.11327157248167438,9.364933262950293,0.06369244869761786,2.9397786576743554,0.021593968376421645
0.0868279837415025,-0.772931525883203,18.31536073180421,0.14316300350417255,9.265226629872254,0.08043398328109505,2.908886999476116,0.027202057014313833
0.09771061966979347,-0.772931525883203,18.09590565259627,0.18084581158486152,9.15428094823942,0.1015478906711682,2.8746589488813465,0.03422900169007599
0.10995723711238882,-0.772931525883203,17.852550405216363,0.22830656392038273,9.030969246211406,0.1281709776695258,2.8367422347549085,0.043036117630114404
0.12373879148704055,-0.772931525883203,17.58314821297351,0.28803933378637353,8.894118338140093,0.16172645420253767,2.794677850883252,0.05409997344326014
0.13924766500838334,-0.772931525883203,17.28536821884261,0.36318707387727467,8.742536105539743,0.2039876942074405,2.747896409944645,0.06805281032115487
0.15670035222800524,-0.772931525883203,16.956684635876105,0.45772204088055174,8.575133245513603,0.25712271509384915,2.6957402770070487,0.08572825547974405
0.17634048216824733,-0.772931525883203,16.594324341157186,0.5766970365142011,8.391099912622055,0.3237057564803112,2.6377488947054646,0.10811143810499374
0.19844221923690444,-0.772931525883203,16.19572954397536,0.7263794551655417,8.190019672594532,0.40671565568313944,2.574067517980111,0.13615474409319167
0.22331409039755062,-0.772931525883203,15.759280375546295,0.9142090008514697,7.9718850960944145,0.5095411049988241,2.5057407755819407,0.1704834901887046
0.2513032920204875,-0.772931525883203,15.285903130964734,1.1480687948275925,7.736583412491933,0.6362673173305881,2.433961671647686,0.21154180318174787
0.2828005365353655,-0.772931525883203,14.779796500239474,1.4353097627617055,7.483284147820801,0.7922561461531898,2.3577778395985023,0.26106509369654607
0.3182455065418344,-0.772931525883203,14.246321635222568,1.783037049121243,7.2109789885497815,0.9842688131286258,2.2731591055157,0.3237420175196961
0.35813299251433084,-0.772931525883203,13.68560169936672,2.202577950121478,6.921929795468785,1.2179369703911747,2.1793846456556643,0.40336865123190546
0.40301979977966995,-0.772931525883203,13.090720390542618,2.713990833310108,6.624897185110485,1.4929759420751472,2.087001391713622,0.49317238662824114
0.4535325211846986,-0.772931525883203,12.468401128250763,3.3296325019418944,6.32712663084734,1.807659758094006,2.0009773484002396,0.5878489533249794
0.5103762839557767,-0.772931525883203,11.86307567773033,4.016313011530513,6.0207645798324405,2.1763298009142837,1.9024676950415527,0.7106251384518716
0.5743445928509872,-0.772931525883203,11.30190158237614,4.739018797809946,5.710069315205495,2.6018233020726833,1.8055596982415691,0.8479045532357101
0.6463304070095649,-0.772931525883203,10.737716554019258,5.558622674460117,5.442299712385493,3.0148396463638205,1.731570643304532,0.9648671157638535
0.7273386051246984,-0.772931525883203,10.253516736724492,6.3445859667865,5.2133684496117585,3.4055194009453427,1.6475000243440063,1.1118394599123134
0.8185000129460304,-0.772931525883203,9.980901915978448,6.8237624712537635,5.040456271363958,3.7256266442685404,1.617973421344114,1.1672836543074274
0.9210871889273549,-0.772931525883203,9.780629767291762,7.193763739314674,4.9989741283541775,3.8058183542392205,1.5788235934566106,1.2440622945605224
1.0365321883776653,-0.772931525883203,9.99377335312342,6.800513058850919,5.029282592244132,3.74709456996234,1.627239403538397,1.1496609214111138
1.166446554092426,-0.772931525883203,10.445744455923343,6.022900451190141,5.358791811036052,3.153155456702944,1.6965043688208894,1.0242714987429755
1.3126438125222553,-0.772931525883203,11.600995950951873,4.342964956291562,5.84852133434808,2.4054312367436133,1.8771238676012083,0.7448764969269817
1.4771647895120215,-0.772931525883203,13.249329575262074,2.570590733936807,6.756755832972486,1.3663054478768157,2.1563445924229665,0.42467138742784943
1.6623060990028473,-0.772931525883203,16.025898730332305,0.7964124131491916,8.130276014276761,0.4335252027374394,2.5587856423155655,0.1434435712843468
1.8706522023821734,-0.772931525883203,19.87595512966574,0.003348090013649261,10.01628443975941,0.0029493210882628874,3.167080847659321,0.00034369917876038436
2.1051114860111477,-0.772931525883203,25.205548949024987,0.8003222813374715,12.769333453998982,0.47268500024917415,4.012530341277748,0.16746144158708812
2.368956860549917,-0.772931525883203,32.54868569793002,3.781099235219756,16.441142877156757,2.25709390257064,5.138630190443058,0.7935119707551515
2.6658714488230206,-0.772931525883203,42.33995184291642,9.167436428696924,21.328468279915437,5.673036013452376,6.636765243100461,2.041341574363681
3.0,-0.772931525883203,55.07668024970991,16.621874405119076,27.656186798337497,10.818344362273482,8.564677016756292,4.031716547062861
-3.0,-0.7230649758262222,60.105224022173594,19.444318272987978,30.563116733199166,13.263541861486896,9.400225547759694,4.974398663233216
-2.6658714488230206,-0.7230649758262222,54.71141665654966,16.412687489290075,27.548140937379756,10.727759755823799,8.537594068536531,4.001801554993231
-2.368956860549917,-0.7230649758262222,50.01586457108628,13.685467986580285,25.19815085719988,8.772105229783001,7.803758038597023,3.2095627965856988
-2.1051114860111477,-0.7230649758262222,45.887248905889905,11.252628127936667,23.18245886856533,7.131514742329298,7.243152863429171,2.6321256896275838
-1.8706522023821734,-0.7230649758262222,42.56175009812304,9.297023748060795,21.492944945671873,5.799894531319982,6.709347100313747,2.1099505892871124
-1.6623060990028473,-0.7230649758262222,39.67245470683464,7.624267456916135,20.044592757470124,4.703623797508316,6.272042174298761,1.7063420128705113
-1.4771647895120215,-0.7230649758262222,37.299248795112,6.286332384326567,18.839913615252154,3.8338057483552896,5.894613305686055,1.3786942592047886
-1.3126438125222553,-0.7230649758262222,35.351727715678585,5.225254319674652,17.861951028569138,3.1626927496336346,5.599354624070873,1.1378115386965513
-1.166446554092426,-0.7230649758262222,33.798899437742,4.411093458749884,17.083373291844683,2.6551645059648408,5.356703842030315,0.9513146950200487
-1.0365321883776653,-0.7230649758262222,32.61709379431677,3.814908933101397,16.490543716544302,2.286998035160445,5.1726933277357166,0.8175111104328596
-0.9210871889273549,-0.7230649758262222,31.763765387307668,3.39914037584322,16.061862098686806,2.0317231257423054,5.040235295621518,0.7256022962968198
-0.8185000129460304,-0.7230649758262222,31.1483967412996,3.107867285864608,15.754816765061058,1.8549930536829944,4.94421740108173,0.6614285374714197
-0.7273386051246984,-0.7230649758262222,30.613890338345623,2.8611860408902494,15.486078387653876,1.7047565091870007,4.860609191200859,0.6073060680839814
-0.6463304070095649,-0.7230649758262222,30.012591476883355,2.5912181697208436,15.183813786129114,1.541003116294118,4.76483507134797,0.5474041102909775
-0.5743445928509872,-0.7230649758262222,29.294351341859805,2.2800218929409333,14.820825444287863,1.3520878510893746,4.650134528022702,0.478746412095568
-0.5103762839557767,-0.7230649758262222,28.49699391866905,1.9501935603753624,14.41765358759322,1.1528179433080774,4.523066762142319,0.40682091035633794
-0.4535325211846986,-0.7230649758262222,27.68137595098151,1.631494640262656,14.002758898776914,0.9602254248806921,4.391780547301612,0.3373537901542943
-0.40301979977966995,-0.7230649758262222,26.891253610807034,1.342561886209166,13.603180368468648,0.7876350867567323,4.267200605359514,0.2762837844276489
-0.35813299251433084,-0.7230649758262222,26.15371874368644,1.0921360623043093,13.2299130780288,0.6387174237843247,4.148973729471442,0.22297665064778394
-0.3182455065418344,-0.7230649758262222,25.480655126600336,0.8813035751870925,12.887680702360239,0.5133919920691271,4.0412102870850495,0.17857503160806149
-0.2828005365353655,-0.7230649758262222,24.874521767218447,0.7070797049552546,12.58001532909847,0.4104992929286,3.9459049750050514,0.14282700229627499
-0.2513032920204875,-0.7230649758262222,24.33344636225901,0.5650049682034359,12.306674660277674,0.32732838598317937,3.8604894925786026,0.1137451564471285
-0.22331409039755062,-0.7230649758262222,23.853128442514937,0.45021589605110857,12.064454934715831,0.2604684078092394,3.783572417563011,0.09006344590807887
-0.19844221923690444,-0.7230649758262222,23.427896482649512,0.358008923985502,11.849666340688682,0.2068256469741387,3.7153185860959423,0.07112526128737513
-0.17634048216824733,-0.7230649758262222,23.051895454586916,0.28422909208107866,11.659239339496398,0.16390245894108094,3.6555386769713962,0.056205416003458866
-0.15670035222800524,-0.7230649758262222,22.71956276371845,0.22535503637809365,11.490710814864716,0.12969374022180583,3.6032685489798806,0.04448044380497616
-0.13924766500838334,-0.7230649758262222,22.425937437396964,0.1784884658023407,11.341807144199272,0.10252551162929766,3.557322797787936,0.035223347065297464
-0.12373879148704055,-0.7230649758262222,22.166557933186102,0.14125304456466975,11.210420072767336,0.08101015479653292,3.5166970406555325,0.02787851270391124
-0.10995723711238882,-0.7230649758262222,21.937480272441174,0.111720995985717,11.094519496205665,0.06399649047985002,3.4806610248873437,0.02203989134023152
-0.09771061966979347,-0.7230649758262222,21.73514432929765,0.08832672958981197,10.992258245996224,0.05055316365246142,3.4486846458464253,0.017403270684981202
-0.0868279837415025,-0.7230649758262222,21.556392916645088,0.06981159102430715,10.901979416348572,0.03993381888085712,3.420339064117555,0.013729460852345034
-0.07715741427178036,-0.7230649758262222,21.39842954128356,0.0551675983082696,10.822216272727676,0.03154487172739998,3.395240283534486,0.01082479751799012
-0.06856391592404971,-0.7230649758262222,21.258775666478265,0.043589883028161094,10.751693692520696,0.024917572789357773,3.373041833066624,0.008532711364973241
-0.06092752862714207,-0.7230649758262222,21.135250190179185,0.034438649119801545,10.68930329131734,0.019681953953922034,3.353418457970025,0.006725993752721503
-0.0541416530048151,-0.7230649758262222,21.02594106920459,0.027206668817378977,10.634077351673291,0.015545768054666339,3.33607143745444,0.005302499228679395
-0.04811156231253989,-0.7230649758262222,20.929171240474155,0.021492199205382458,10.585169955287453,0.012278189156377989,3.3207336111549046,0.004181104405289805
-0.04275308010908995,-0.7230649758262222,20.843468094184367,0.016977241398125426,10.541841043492209,0.009696921866535741,3.3071674533671325,0.003297624626914812
-0.0379914052040221,-0.7230649758262222,20.767537890010296,0.0134102443050169,10.503441817139173,0.007657954061615265,3.2951625527852197,0.002601405964872544
-0.03376006747802295,-0.7230649758262222,20.700243567531576,0.010592320091146211,10.469402057580469,0.006047475528577334,3.2845336691624394,0.0020525768936071323
-0.03,-0.7230649758262222,20.640585069571802,0.00836626490540747,10.439219596262184,0.004775528938457641,3.2751184239031454,0.00161979760793921
0.03,-0.7230649758262222,19.70664928014746,0.008388051634851375,9.966961651651427,0.004755119590062663,3.1279013825515976,0.0016162861030424279
0.03376006747802295,-0.7230649758262222,19.64930124056435,0.010622385410692383,9.938025390665379,0.006018293830629522,3.1188434171208463,0.0020465219290271355
0.0379914052040221,-0.7230649758262222,19.584945411093393,0.013451375546829278,9.905564128300842,0.007616200629521905,3.1086785753062056,0.002590956082102697
0.04275308010908995,-0.7230649758262222,19.512755896411377,0.017032865838640752,9.869164037734283,0.009637152036682015,3.0972784337700796,0.003279619667995707
0.04811156231253989,-0.7230649758262222,19.431819688020227,0.021566263548235858,9.828366428721917,0.012192615855187878,3.0845024449206755,0.004150234881502187
0.0541416530048151,-0.7230649758262222,19.34113127726229,0.02730323596040337,9.78266340743495,0.015423267696120025,3.070198262769592,0.005250020385644253
0.06092752862714207,-0.7230649758262222,19.239587795614128,0.0345610429745415,9.731493320841938,0.01950662535801056,3.0542027504731997,0.006637813069021725
0.06856391592404971,-0.7230649758262222,19.125983951097144,0.043739197404205364,9.674236131296206,0.024666671431489113,3.036341917914004,0.008386704403240906
0.07715741427178036,-0.7230649758262222,18.999006346880915,0.05534033402600626,9.610207810773616,0.031186086773568895,3.0164272291285936,0.01058765704154367
0.0868279837415025,-0.7230649758262222,18.857229348934847,0.06999615620822713,9.538651298495287,0.03942215561732516,2.994250838036229,0.013354261958971799
0.09771061966979347,-0.7230649758262222,18.699113702095573,0.08849951761607269,9.458725561199671,0.049827407919093555,2.9695795159398464,0.016829091034696035
0.10995723711238882,-0.7230649758262222,18.52299162605699,0.11184630239066151,9.369505916051168,0.06297450032340775,2.942125222722881,0.021195973693928404
0.12373879148704055,-0.7230649758262222,18.32701736307556,0.14129430056800316,9.269998079303319,0.07958509751194126,2.9115158013857383,0.026697954767461247
0.13924766500838334,-0.7230649758262222,18.109127596097494,0.17843966387605978,9.159147684825108,0.10056589510002545,2.877288405397574,0.033658413484283466
0.15670035222800524,-0.7230649758262222,17.867008311012533,0.22531678883716513,9.035911322983782,0.1270388698741682,2.8389004520496677,0.04250546853178202
0.17634048216824733,-0.7230649758262222,17.598028391351075,0.28453838603281156,8.89936331338645,0.16036102749760023,2.7959181631760313,0.05375390173799309
0.19844221923690444,-0.7230649758262222,17.29951174014503,0.35939560378278995,8.74875868273563,0.2021449582651494,2.748293794645528,0.0679268166416869
0.22331409039755062,-0.7230649758262222,16.96919111144509,0.45389604739919887,8.583522433648819,0.2542941866503645,2.696568268963431,0.08542976088218747
0.2513032920204875,-0.7230649758262222,16.60626458818625,0.5725222021565605,8.402867359084063,0.31918471304520885,2.641354467403795,0.10663365079973407
0.2828005365353655,-0.7230649758262222,16.21186531434565,0.7199236341327118,8.205320832439277,0.40001011991212077,2.5817305905619183,0.13258246108718946
0.3182455065418344,-0.7230649758262222,15.787532433837923,0.9012632954740981,7.989031400886596,0.5009596508560418,2.5145287780995838,0.16581404938446967
0.35813299251433084,-0.7230649758262222,15.330568138298645,1.1246053271634215,7.754123542088624,0.6262319730618662,2.4387492827232093,0.20863792681112533
0.40301979977966995,-0.7230649758262222,14.83241862117583,1.4035677553781125,7.5049746478610775,0.7780688670495111,2.361262762283185,0.2586605430651906
0.4535325211846986,-0.7230649758262222,14.293030377608792,1.750652398075344,7.2445039572120535,0.9592032606257863,2.2849948256222046,0.3144682505628188
0.5103762839557767,-0.7230649758262222,13.738387201974193,2.1605874067163415,6.9640696182933945,1.1818562370819596,2.1954758609039082,0.3889073642695431
0.5743445928509872,-0.7230649758262222,13.181062792519942,2.631665703946029,6.662635283129904,1.455956105820371,2.1015653935515184,0.4782252857440785
0.6463304070095649,-0.7230649758262222,12.576241348705318,3.2166627267554153,6.369982893452926,1.759820732865227,2.017534846203329,0.5687528224109053
0.7273386051246984,-0.7230649758262222,11.971946549981848,3.885988805247952,6.076813199706133,2.10526477375456,1.9166939412817443,0.6918908839383892
0.8185000129460304,-0.7230649758262222,11.452557973645638,4.536343088260348,5.787401804430961,2.490746210101602,1.845630111879444,0.7890444358707963
0.9210871889273549,-0.7230649758262222,10.886974741437625,5.332139484669971,5.549511986335777,2.8440242791161032,1.7510204639769789,0.933042263768297
1.0365321883776653,-0.7230649758262222,10.516905926534733,5.907087852242478,5.299520326615075,3.2542175709379717,1.7056772799013276,1.008475675307836
1.166446554092426,-0.7230649758262222,10.157855776966493,6.509600389409327,5.205631181789356,3.4193684500886747,1.6488188893868958,1.1094109021104108
1.3126438125222553,-0.7230649758262222,10.155483239593751,6.513735472466686,5.121294503273228,3.573177038674069,1.6489610204110257,1.1091494238165043
1.4771647895120215,-0.7230649758262222,10.239439954739447,6.368659803749179,5.2384818623542575,3.360866968469061,1.684904273310338,1.0445118814082848
1.6623060990028473,-0.7230649758262222,10.92062486789572,5.282062276918341,5.558189795404924,2.8305227069590724,1.75957856308045,0.919287015131245
1.8706522023821734,-0.7230649758262222,11.999415573257314,3.853592964090771,6.027069280242696,2.168252299510867,1.9375027068100525,0.6651119704652015
2.1051114860111477,-0.7230649758262222,13.658215626045614,2.2245742971584113,6.974860655543058,1.1727300495504125,2.2316722613437117,0.3576006071085932
2.368956860549917,-0.7230649758262222,16.34711919840839,0.667140265997434,8.267976193496802,0.3732277144451359,2.651877483601958,0.10238671059569214
2.6658714488230206,-0.7230649758262222,19.978896600226367,0.0014045164912007508,10.182162604859272,2.9581179021764352e-05,3.2087220023841496,1.8335600955477716e-05
3.0,-0.7230649758262222,25.18612214153424,0.7947220354016866,12.780467132711049,0.4764552476188653,4.007075290636346,0.1653819052002945
-3.0,-0.6731984257692414,37.20271756184807,6.232853038384269,18.869931854984454,3.8549368327620046,5.837270063674612,1.3307898152443658
-2.6658714488230206,-0.6731984257692414,35.15562891896425,5.120718575493042,17.725699334877813,3.0720478699622977,5.512125957375074,1.0695148398740697
-2.368956860549917,-0.6731984257692414,33.33810214910092,4.176007196953081,16.817245118222505,2.4878124944246056,5.229841082974518,0.8583246528649281
-2.1051114860111477,-0.6731984257692414,31.705944658175397,3.371455308781801,16.02163749733908,2.0082719998568406,5.010445236673097,0.7054663569936475
-1.8706522023821734,-0.6731984257692414,30.363951241092423,2.7479693582063973,15.340370695960193,1.625110617687096,4.796228698151349,0.5667870698062226
-1.6623060990028473,-0.6731984257692414,29.170830856188317,2.2278135585629895,14.743107432531085,1.3127874440655831,4.616797686424482,0.45944593990374805
-1.4771647895120215,-0.6731984257692414,28.167923943651825,1.8192353346148997,14.234371732811006,1.0661226767033094,4.457951722298746,0.3717318167621532
-1.3126438125222553,-0.6731984257692414,27.322277102643888,1.4976505147498664,13.80979579197506,0.8752390046638582,4.3302205166401455,0.30656746458139233
-1.166446554092426,-0.6731984257692414,26.626350787281424,1.250384404094981,13.46093712315405,0.7294358972641889,4.221762039022855,0.2552449219061358
-1.0365321883776653,-0.6731984257692414,26.076162547727066,1.0669534401380025,13.184788963933938,0.6215627759380745,4.136231398142914,0.21751350481121984
-0.9210871889273549,-0.6731984257692414,25.666750912445757,0.9378249106568783,12.978846403244281,0.5456866460469378,4.072730840413414,0.1911350226019375
-0.8185000129460304,-0.6731984257692414,25.383231153068934,0.8522703392806188,12.83739318601663,0.49592552926080524,4.0285784536498,0.1736429308267028
-0.7273386051246984,-0.6731984257692414,25.179984683999677,0.7929560475733637,12.735287214019948,0.46123296692744775,3.9972053793667874,0.16164746133386534
-0.6463304070095649,-0.6731984257692414,24.982160579920986,0.7368858200665976,12.636762038074709,0.4287540199437106,3.965649840307312,0.14995275713653908
-0.5743445928509872,-0.6731984257692414,24.730384453742097,0.6679559824715859,12.509657642363207,0.38833153118587754,3.9254174833539857,0.13559137692742912
-0.5103762839557767,-0.6731984257692414,24.414945763837625,0.5855589225131369,12.350441667112786,0.34010554454596176,3.875066205903268,0.1185043558490341
-0.4535325211846986,-0.6731984257692414,24.06096416243534,0.498535165421916,12.170478663547383,0.2889214233472332,3.8180448268061777,0.1003763046692501
-0.40301979977966995,-0.6731984257692414,23.6959603185681,0.41507914593110695,11.985794585392643,0.24019410195364965,3.7603427613589577,0.08339468609479665
-0.35813299251433084,-0.6731984257692414,23.340678430881624,0.3402334289523066,11.805978683028634,0.19658637503938062,3.7033676914442615,0.06801615117912248
-0.3182455065418344,-0.6731984257692414,23.007006997083664,0.27592371943779687,11.636369354261364,0.1590490957085729,3.6499313701759886,0.05488786956912184
-0.2828005365353655,-0.6731984257692414,22.70023729215491,0.22211978747618932,11.480649835788316,0.12776660652309763,3.601620146630338,0.04413116838953352
-0.2513032920204875,-0.6731984257692414,22.422036727829635,0.17789921203586911,11.340040856979261,0.10222083800926986,3.5576591041046437,0.03528747022219739
-0.22331409039755062,-0.6731984257692414,22.171952111487126,0.14198674104589964,11.213859955450488,0.08154352127757653,3.517630065110067,0.02803819578488432
-0.19844221923690444,-0.6731984257692414,21.948268875117428,0.11303987836602342,11.10084802055505,0.06487712024572634,3.481756421640607,0.022207855312259515
-0.17634048216824733,-0.6731984257692414,21.748793168036027,0.08982409027152977,10.999830521992633,0.051497466541339104,3.45004390130384,0.01758980878291564
-0.15670035222800524,-0.6731984257692414,21.571214682912736,0.0712689134006789,10.909800243086245,0.04080682843834588,3.4220899435219074,0.013944363255993304
-0.13924766500838334,-0.6731984257692414,21.413348310273822,0.056480803297889653,10.829762442175495,0.032298144355196366,3.3973567569032737,0.011056970350566851
-0.12373879148704055,-0.6731984257692414,21.273142722233118,0.04472097814148221,10.758752385498397,0.02554718046373347,3.375374188135732,0.00876120203603366
-0.10995723711238882,-0.6731984257692414,21.14872864049887,0.035386966383936944,10.695807810464496,0.020200036757836683,3.3557930033309926,0.006933573545886739
-0.09771061966979347,-0.6731984257692414,21.03837683168567,0.027988061062980657,10.640032141830082,0.01596906960875701,3.338354397431279,0.0054804596607812475
-0.0868279837415025,-0.6731984257692414,20.940524538887402,0.022128914410842984,10.590605762685257,0.0126228870720758,3.322844709457861,0.004327760617621241
-0.07715741427178036,-0.6731984257692414,20.853765760985283,0.017492431818074368,10.546791705639482,0.009976847379804097,3.309069567916706,0.0034153301458038667
-0.06856391592404971,-0.6731984257692414,20.77683788527451,0.013825126622138589,10.507940600617207,0.007884685391283688,3.296851446563189,0.002694470517138147
-0.06092752862714207,-0.6731984257692414,20.70861712443269,0.010925283165263401,10.473481285071394,0.006230657252326408,3.2860222147967413,0.0021255991714829734
-0.0541416530048151,-0.6731984257692414,20.648108383061043,0.008632821763855056,10.442909941669443,0.004923142177939329,3.2764262785469946,0.0016769028892005338
-0.04811156231253989,-0.6731984257692414,20.59443109827069,0.006820844940773282,10.415782180338248,0.0038896482532233346,3.2679234356119067,0.0013230765132600034
-0.04275308010908995,-0.6731984257692414,20.546805997886636,0.005388834073137734,10.391706107297187,0.003072839547933013,3.2603881742533605,0.0010440657289661817
-0.0379914052040221,-0.6731984257692414,20.50454369849103,0.004257223448421339,10.370335727141088,0.0024273648108345974,3.2537086105263167,0.000824017713944427
-0.03376006747802295,-0.6731984257692414,20.467034540111783,0.0033630686382931756,10.351365067400593,0.001917346939950365,3.247785656514156,0.0006504329065842876
-0.03,-0.6731984257692414,20.433739344521513,0.0026565921637813714,10.334523207712863,0.0015144037073292966,3.2425319591258086,0.000513469935241821
0.03,-0.6731984257692414,19.907233228364174,0.002668666153507704,10.068328838389686,0.001513913305158792,3.1595532380811093,0.0005146945428585686
0.03376006747802295,-0.6731984257692414,19.87456857297362,0.0033800127390343996,10.051845983063792,0.0019166288284117095,3.1543968556103557,0.0006518858787575052
0.0379914052040221,-0.6731984257692414,19.837863971024777,0.00428091324274975,10.033330098051323,0.0024263086993552966,3.148602822633214,0.0008255822191845307
0.04275308010908995,-0.6731984257692414,19.796629895138988,0.005421798083779578,10.012535658333512,0.003071284755082583,3.142094911844792,0.0010454306655309558
0.04811156231253989,-0.6731984257692414,19.750321231410286,0.006866439014151524,9.989188651582824,0.0038873667646415746,3.1347889548113663,0.0013235754914145644
0.0541416530048151,-0.6731984257692414,19.698332460398856,0.008695418593976675,9.962983337207408,0.00491981715075103,3.126592677941922,0.0016752613931633876
0.06092752862714207,-0.6731984257692414,19.639992686093017,0.011010474668691131,9.93357867978926,0.0062258505430020225,3.11740581647248,0.0021195544690109625
0.06856391592404971,-0.6731984257692414,19.574560064752085,0.013939955160531578,9.900594476140336,0.007877797343138506,3.1071196245658794,0.002680245186971971
0.07715741427178036,-0.6731984257692414,19.50121531908786,0.017645685329799786,9.863606658054257,0.009967139454370572,3.0956144902610743,0.0033870744470186854
0.0868279837415025,-0.6731984257692414,19.419055257149022,0.02233156795572348,9.822140474340333,0.012609758770421151,3.0827568716453895,0.004277345168076846
0.09771061966979347,-0.6731984257692414,19.327086662289513,0.028254322076932504,9.775662218646682,0.015952755915795033,3.0683953507532005,0.005398073027097337
0.10995723711238882,-0.6731984257692414,19.224212191639708,0.03573752329898948,9.723575901284853,0.020182792976559977,3.0523447989168075,0.006809902140524984
0.12373879148704055,-0.6731984257692414,19.1091974490821,0.045191124461410236,9.665226017335407,0.02553602016824803,3.0343701096218543,0.008592771021349973
0.13924766500838334,-0.6731984257692414,18.980640485396048,0.057136939725328524,9.59989746723255,0.032310594838667044,3.014180735035496,0.010852697800670313
0.15670035222800524,-0.6731984257692414,18.836941396645916,0.07224214433330681,9.526845335021507,0.04087850679755549,2.991434111499283,0.013729718073335596
0.17634048216824733,-0.6731984257692414,18.67625263780317,0.0913658319097676,9.445342013244632,0.05169577082760157,2.9658284444738414,0.017394460217316898
0.19844221923690444,-0.6731984257692414,18.49659529481705,0.11559785210574575,9.354701599491086,0.06531463170604311,2.937242779288035,0.02202848740384391
0.22331409039755062,-0.6731984257692414,18.296070120262055,0.14628471003184038,9.254263669936169,0.0824027313290899,2.9058410476629524,0.027792453654671062
0.2513032920204875,-0.6731984257692414,18.073374677783658,0.18498658178681146,9.143183460151464,0.10380645201160799,2.871806993007893,0.0348537122165088
0.2828005365353655,-0.6731984257692414,17.82802990508496,0.2334269202907641,9.020164201502997,0.1306652926278854,2.834506642487789,0.04358956318504033
0.3182455065418344,-0.6731984257692414,17.559559465053322,0.2936381620741374,8.883583263933293,0.16448840468153214,2.7920901496294626,0.054825917942997196
0.35813299251433084,-0.6731984257692414,17.264994218455637,0.3686882820384566,8.732691546754383,0.20692215417303814,2.7437653385407246,0.0693702759282357
0.40301979977966995,-0.6731984257692414,16.937858623372698,0.46351601556016025,8.568808667328486,0.2592668652664875,2.692831681551652,0.08678145628620365
0.4535325211846986,-0.6731984257692414,16.575595369058803,0.5832810689598895,8.392300238471217,0.323242916709815,2.640512560989588,0.10697767961930321
0.5103762839557767,-0.6731984257692414,16.189037456639056,0.7290669222279353,8.19703294491711,0.40363409054740385,2.5786201002882736,0.13402584936831094
0.5743445928509872,-0.6731984257692414,15.781408010844524,0.9040602008025189,7.98042236754969,0.5052574929366705,2.5112561344324758,0.1675440264804881
0.6463304070095649,-0.6731984257692414,15.32348070187007,1.1283086406842855,7.756292812419951,0.6249975771297459,2.4455147632522487,0.2045753605486487
0.7273386051246984,-0.6731984257692414,14.835249682310401,1.4018726691158785,7.5166199287696145,0.7705173992339747,2.3657483218739492,0.2555855927190576
0.8185000129460304,-0.6731984257692414,14.356804999487013,1.7070497058429535,7.259845556703233,0.947869293505277,2.2968517119133813,0.3053462485918014
0.9210871889273549,-0.6731984257692414,13.803651288192208,2.1094044482313565,7.0084051483336856,1.1446531360705636,2.207025313882273,0.3787356810730929
1.0365321883776653,-0.6731984257692414,13.303141981679932,2.5231270419092646,6.7187089599662055,1.4020895274836733,2.136490044672419,0.4436028000039056
1.166446554092426,-0.6731984257692414,12.729486696942523,3.0607560001268572,6.482745819767457,1.6381040634979835,2.0468987029440524,0.5359242058310961
1.3126438125222553,-0.6731984257692414,12.272917752939948,3.5414582938793537,6.200821168082614,1.9538719466604557,1.976449066289153,0.6169319070862901
1.4771647895120215,-0.6731984257692414,11.734213594006976,4.174608318445076,5.978504718095662,2.2310263425093098,1.9083547552680113,0.7028301527108054
1.6623060990028473,-0.6731984257692414,11.41213197904259,4.590086349463089,5.801609512004019,2.470721322655454,1.8374738807397382,0.8007799203558201
1.8706522023821734,-0.6731984257692414,11.126789108008303,4.982953849087084,5.601729149388297,2.7634996112582737,1.800799930971722,0.8551001373278224
2.1051114860111477,-0.6731984257692414,10.92609471105764,5.2739559654319645,5.590335572986616,2.7809233379048024,1.801102565679594,0.8546413186079317
2.368956860549917,-0.6731984257692414,11.082934142799694,5.045485306730658,5.617941687765937,2.7388461580593577,1.8339912467500215,0.8058286659150806
2.6658714488230206,-0.6731984257692414,11.368022358215018,4.649261011454181,5.861965247851104,2.3869531000440225,1.880036026089758,0.7408829578276929
3.0,-0.6731984257692414,12.249763171067233,3.567161657540158,6.311970304939909,1.8247904876029855,2.0248650159066677,0.5604344780826075
-3.0,-0.6233318757122605,22.900257408228004,0.25661254948740664,11.569248983543067,0.14518583115427713,3.6173183862787583,0.04750864088938603
-2.6658714488230206,-0.6233318757122605,22.633429868741178,0.21109781612640835,11.438296545215634,0.11979840234557546,3.5788862591714885,0.03944383736556903
-2.368956860549917,-0.6233318757122605,22.393009993406725,0.17354216983489695,11.318707536516403,0.0985739428218147,3.543943850459629,0.03271640074036273
-2.1051114860111477,-0.6233318757122605,22.177003536833524,0.14267539963285433,11.21057991463969,0.08103490288207274,3.5118438115400994,0.02705479083678149
-1.8706522023821734,-0.6233318757122605,21.981414268235298,0.1171366548492671,11.112944442150614,0.0665760200471983,3.4829243970677077,0.02238760984591452
-1.6623060990028473,-0.6233318757122605,21.806653764689138,0.09630214314731798,11.025674781941449,0.0547822961574154,3.456830085932641,0.01853520280519746
-1.4771647895120215,-0.6233318757122605,21.651924545741743,0.0794526718004874,10.948283488043055,0.04523268005248877,3.4335803143244013,0.015394101584044051
-1.3126438125222553,-0.6233318757122605,21.516439582855885,0.06595406818505468,10.880230427576846,0.03755324766587561,3.412963097442775,0.012841649942972561
-1.166446554092426,-0.6233318757122605,21.400476039808424,0.05534687101301626,10.822059529345644,0.03152931529410319,3.3952634985539505,0.010827331339583074
-1.0365321883776653,-0.6233318757122605,21.304426892858842,0.04723170057745238,10.773788177860416,0.026913412548342158,3.380541264052797,0.009277745339620681
-0.9210871889273549,-0.6233318757122605,21.229682588114866,0.04134185445507786,10.736273538868764,0.02356841445543021,3.3690218992403587,0.00814573105565445
-0.8185000129460304,-0.6233318757122605,21.17638975308936,0.03737180567309052,10.709618787844207,0.021321566260846,3.3608003510782396,0.007381301839669254
-0.7273386051246984,-0.6233318757122605,21.141479333528462,0.03487538316277985,10.69221496516301,0.0199130655707853,3.355378382307593,0.006897107971836627
-0.6463304070095649,-0.6233318757122605,21.114771858461644,0.03302151676104054,10.678938530934705,0.018869825633429153,3.351163038632293,0.006531656360835773
-0.5743445928509872,-0.6233318757122605,21.08204150613342,0.03081600144727889,10.662567347696639,0.01762074485580394,3.3459057922874185,0.006089387986770668
-0.5103762839557767,-0.6233318757122605,21.03529176376905,0.02779321833549907,10.638960818338871,0.015892507607517793,3.338383635601741,0.005482757318760048
-0.4535325211846986,-0.6233318757122605,20.97589935939147,0.024170403115313974,10.608892657972527,0.013816486647444769,3.328857564007371,0.004758946259835944
-0.40301979977966995,-0.6233318757122605,20.90954460498422,0.020412744536924203,10.57527354786535,0.011662548730905921,3.318220300984987,0.004009720858387867
-0.35813299251433084,-0.6233318757122605,20.841571192550006,0.016883156113075105,10.540831453030629,0.009640313284163711,3.3073577392668025,0.0033093089803391002
-0.3182455065418344,-0.6233318757122605,20.775550195196814,0.013767314004684434,10.507387757250292,0.007856648753582907,3.2968343892320475,0.002693522584107641
-0.2828005365353655,-0.6233318757122605,20.71345739387584,0.01112004651451795,10.475936007982744,0.006342179467556761,3.286946833485237,0.002171588165129417
-0.2513032920204875,-0.6233318757122605,20.656194493109552,0.00892388489563286,10.446931377093437,0.005086510675112057,3.2778422208857076,0.0017398245044544533
-0.22331409039755062,-0.6233318757122605,20.60403011316099,0.007129508858478663,10.420516002375912,0.004061376723788669,3.269563262741823,0.001388102869525714
-0.19844221923690444,-0.6233318757122605,20.556886523820374,0.005678106662845054,10.396653741431978,0.0032329579379713224,3.262089460548108,0.0011042134739013684
-0.17634048216824733,-0.6233318757122605,20.514504862149607,0.00451211728985704,10.375211765011159,0.0025680349397794342,3.255373739381485,0.0008764675397625765
-0.15670035222800524,-0.6233318757122605,20.476540440463737,0.0035798416873937186,10.356010983950533,0.0020367594570668912,3.249360227831299,0.0006945988077552434
-0.13924766500838334,-0.6233318757122605,20.44261591345089,0.002836899652335546,10.338857082441315,0.0016136020418965858,3.243989841897795,0.0005498704552248796
-0.12373879148704055,-0.6233318757122605,20.412352649674798,0.0022462342104462123,10.32355615773336,0.0012773062842173415,3.2392029003987246,0.00043498382279393835
-0.10995723711238882,-0.6233318757122605,20.38538705203421,0.0017774253941174017,10.309923598594507,0.0010104777028510023,3.2349412489094505,0.000343936013784644
-0.09771061966979347,-0.6233318757122605,20.36137970101742,0.0014057939615352705,10.297787390095452,0.0007990211430905802,3.2311500165194,0.00027185561291489895
-0.0868279837415025,-0.6233318757122605,20.34001857107348,0.0011114649266949805,10.286989678241397,0.0006315964347049206,3.227778725559511,0.00021482944859957086
-0.07715741427178036,-0.6233318757122605,20.32101990109202,0.0008785174020074786,10.27738699468137,0.0004991246053660083,3.2247816724263356,0.00016973427907429378
-0.06856391592404971,-0.6233318757122605,20.304127513476573,0.0006942458255463167,10.268849703917516,0.00039436146241133115,3.2221177482607977,0.0001340853869458313
-0.06092752862714207,-0.6233318757122605,20.289111161077614,0.0005485365390696883,10.261261239890995,0.00031154234725510856,3.219750220864303,0.0001059113196238069
-0.0541416530048151,-0.6233318757122605,20.27576455593769,0.00043335434369749483,10.254517171702348,0.000246089219796133,3.2176463223948626,8.364950176567995e-05
-0.04811156231253989,-0.6233318757122605,20.263903322341598,0.0003423246600916419,10.248524166330357,0.00019437161005089705,3.215776832611342,6.606220729782114e-05
-0.04275308010908995,-0.6233318757122605,20.25336295590084,0.00027039583870326546,10.243198950559082,0.0001535135320608881,3.214115722974249,5.216973219513762e-05
-0.0379914052040221,-0.6233318757122605,20.243996858953626,0.00021356784084008813,10.23846732218194,0.00012123852723589009,3.212639826573042,4.1197033417129326e-05
-0.03376006747802295,-0.6233318757122605,20.235674502956964,0.0001686752544355397,10.234263225606448,9.57457889901734e-05,3.2113285304366848,3.253120100200386e-05
-0.03,-0.6233318757122605,20.22827973995776,0.00013321432311445854,10.230527897847324,7.561142399261323e-05,3.210163498483088,2.568768944013044e-05
0.03,-0.6233318757122605,20.110498879082975,0.00013328138007586644,10.171050470987973,7.557725097173498e-05,3.1916279053420005,2.561523538461231e-05
0.03376006747802295,-0.6233318757122605,20.10313859874087,0.00016877338600773027,10.167334348955434,9.569822305530324e-05,3.190471106619852,3.2429416009373214e-05
0.0379914052040221,-0.6233318757122605,20.09485960112711,0.00021371228112035764,10.163154450114623,0.00012117278527836116,3.189170104097158,4.1054555384697796e-05
0.04275308010908995,-0.6233318757122605,20.085547918776577,0.0002706098999896297,10.158453268748216,0.00015342351190767263,3.187707041441396,5.197116248570477e-05
0.04811156231253989,-0.6233318757122605,20.075075676178383,0.0003426444298694684,10.153166299035442,0.00019424988779125958,3.1860618836707593,6.57869022707639e-05
0.0541416530048151,-0.6233318757122605,20.06329946774962,0.00043383633599248004,10.147221231443801,0.000245927506186752,3.1842121579002174,8.327011961299416e-05
0.06092752862714207,-0.6233318757122605,20.050058576481874,0.0005492702259763552,10.140537073244086,0.0003113329982731053,3.1821326655674422,0.00010539214954049359
0.06856391592404971,-0.6233318757122605,20.03517303547555,0.0006953742787293017,10.133023191266826,0.0003941011717421817,3.179795178276737,0.0001333805075202987
0.07715741427178036,-0.6233318757122605,20.018441536873304,0.0008802716252519922,10.124578284854017,0.0004988222640828357,3.1771681363610593,0.0001687853479651903
0.0868279837415025,-0.6233318757122605,19.99963918121034,0.0011142216099772097,10.115089310941771,0.0006312887917854258,3.174216336297132,0.0002135624410995781
0.09771061966979347,-0.6233318757122605,19.978515075580848,0.0014101729190086811,10.10443035968526,0.0007988038008954584,3.170900616142447,0.00027017633855737453
0.10995723711238882,-0.6233318757122605,19.9547899205072,0.0017844534090733812,10.092461403685054,0.001010566367954613,3.1671777029258465,0.00034172490009581
0.12373879148704055,-0.6233318757122605,19.928153771766684,0.002257624506110307,10.079026922064095,0.0012781531553007599,3.163000075839887,0.00043209101285064823
0.13924766500838334,-0.6233318757122605,19.898263732663516,0.002855540244763247,10.06395454631027,0.0016161157798284833,3.158315699707287,0.0005461302850428248
0.15670035222800524,-0.6233318757122605,19.864741684255105,0.0036106541938043476,10.047053302239494,0.002042731003364583,3.153067651016641,0.0006899031209768572
0.17634048216824733,-0.6233318757122605,19.827172431767966,0.0045636172795292486,10.028111668631777,0.0025809379099403125,3.1471924761722585,0.0008709999763815363
0.19844221923690444,-0.6233318757122605,19.785099853759284,0.005765294217706423,10.006896105759024,0.0032594860583774607,3.140617798507276,0.0010989876790388291
0.22331409039755062,-0.6233318757122605,19.738022294974108,0.007279283328887945,9.983150492374769,0.004114315821081259,3.133260338194012,0.0013859789188646358
0.2513032920204875,-0.6233318757122605,19.68538468860832,0.009185166966941567,9.956598922943725,0.005190093259908928,3.1250293183119147,0.0017471209009423739
0.2828005365353655,-0.6233318757122605,19.6265763395366,0.01158235773903424,9.926950287662367,0.006541907878034004,3.115838869114923,0.0022006439278782733
0.3182455065418344,-0.6233318757122605,19.560945719413017,0.014593987549985091,9.893898148797957,0.008237432962912286,3.105615611496248,0.0027678516698234103
0.35813299251433084,-0.6233318757122605,19.487841044861312,0.018369819241155723,9.857105339809761,0.010360411235778086,3.094268051604572,0.0034753232726981082
0.40301979977966995,-0.6233318757122605,19.406629698170214,0.02308978983989722,9.816188166354111,0.013015320433987917,3.081642009842508,0.004359557945096213
0.4535325211846986,-0.6233318757122605,19.316594556333875,0.028975850326884964,9.770764406790683,0.016328656520848864,3.067608609782011,0.005463343564593123
0.5103762839557767,-0.6233318757122605,19.21680695889686,0.03631145518101994,9.720546614317744,0.020444661246550724,3.052177324161691,0.006825525981877056
0.5743445928509872,-0.6233318757122605,19.106471605316468,0.045429232524431276,9.665208040703767,0.025537770329112256,3.035182807265721,0.008507524592101747
0.6463304070095649,-0.6233318757122605,18.985341314374875,0.05667421766021971,9.60419658591644,0.031839174599255005,3.016427251826604,0.010587654380884064
0.7273386051246984,-0.6233318757122605,18.852495491525858,0.07051686730823001,9.537337066638138,0.03958290183202504,2.996075999222486,0.013113885503100465
0.8185000129460304,-0.6233318757122605,18.706806031637512,0.08754597793730898,9.464424265562394,0.0490428971731281,2.973676994895422,0.016222739979624833
0.9210871889273549,-0.6233318757122605,18.54927559756997,0.10817654193933184,9.384963983981272,0.060579495600872446,2.9497331393392177,0.019932543703570567
1.0365321883776653,-0.6233318757122605,18.377949926440298,0.13328443685734925,9.299722992758037,0.07440534674852424,2.9236130724763525,0.024442836425467167
1.166446554092426,-0.6233318757122605,18.195176847715086,0.16320799011708112,9.207363962044345,0.0911149628825925,2.896083501628642,0.02972946911184104
1.3126438125222553,-0.6233318757122605,17.998929459880003,0.19903344585945937,9.110147013006399,0.11068985982206411,2.866646613344588,0.03599956099850624
1.4771647895120215,-0.6233318757122605,17.794069866172805,0.2406220902260667,9.00703597169927,0.13373134786478802,2.8359486476547375,0.0432321391279869
1.6623060990028473,-0.6233318757122605,17.57848553995094,0.2891412610664851,8.899694438489425,0.16027504017771654,2.804601667790423,0.05136506795800303
1.8706522023821734,-0.6233318757122605,17.358883177233746,0.34372409242283114,8.791395564849719,0.18976918788806846,2.7725753369318595,0.06047241246045843
2.1051114860111477,-0.6233318757122605,17.139404377928965,0.40363690118983153,8.680780545713537,0.2227855142536958,2.740624040106458,0.0703814830904781
2.368956860549917,-0.6233318757122605,16.921439831905722,0.468603253305203,8.5742391447815,0.25742521928605616,2.710002098727688,0.08066824534720393
2.6658714488230206,-0.6233318757122605,16.718766527750585,0.5340475088954295,8.472671419207314,0.2931130092207545,2.6827421799190545,0.09049104569859386
3.0,-0.6233318757122605,16.53258658881938,0.5985654537159609,8.381906888947784,0.32726318603180576,2.657990001089242,0.09996471885383985
-3.0,-0.5734653256552796,17.227654685974976,0.3788918956938267,8.677203839650138,0.2239027739688288,2.744803020529141,0.06903802343464964
-2.6658714488230206,-0.5734653256552796,17.155035437188538,0.3991892490970845,8.691124259198695,0.2195721015652423,2.7391419677736084,0.07086139767118982
-2.368956860549917,-0.5734653256552796,17.171411372021616,0.3945596363704367,8.69796152277557,0.21746240060392738,2.7442148057467355,0.06922625355148114
-2.1051114860111477,-0.5734653256552796,17.270612381916806,0.36716664942777566,8.734619944796226,0.2063454909096915,2.74262842215977,0.0697353191725087
-1.8706522023821734,-0.5734653256552796,17.36295753050694,0.3426630528324981,8.78512155477141,0.1915629350388928,2.76120146738641,0.06390453996643278
-1.6623060990028473,-0.5734653256552796,17.502922018210004,0.3073273959344408,8.853695733667273,0.17246508889272372,2.779900363512119,0.05831724819297793
-1.4771647895120215,-0.5734653256552796,17.64293344583147,0.27411761946384094,8.927014968106269,0.15326795803974735,2.8041604680828756,0.05148500912031333
-1.3126438125222553,-0.5734653256552796,17.786170649912002,0.24231301989100196,8.998383380519355,0.1357734460525404,2.824006566862948,0.046240510734632326
-1.166446554092426,-0.5734653256552796,17.922962282459014,0.21395005026376462,9.066224254160844,0.120214726328861,2.8455408059214062,0.04089515498681452
-1.0365321883776653,-0.5734653256552796,18.045539365653145,0.19017296676288376,9.127344753826897,0.10707664841749356,2.864617116950024,0.03645568397343858
-0.9210871889273549,-0.5734653256552796,18.147177376351284,0.17161319717642431,9.178723383484845,0.09666806091316435,2.880277931284216,0.033015953642103524
-0.8185000129460304,-0.5734653256552796,18.22052249898289,0.1588621039267323,9.215042553520929,0.08965626225696724,2.8917544537791744,0.03061125226757106
-0.7273386051246984,-0.5734653256552796,18.26244150500829,0.15181390547485407,9.236642841959808,0.08562078934918456,2.8976625527584905,0.029411266532234862
-0.6463304070095649,-0.5734653256552796,18.281139085612587,0.14872595479526582,9.244807811152636,0.08412139493296644,2.900862324007974,0.028772080967934217
-0.5743445928509872,-0.5734653256552796,18.29988868023886,0.14566387947899403,9.254521217292094,0.08235618709435409,2.9038222094106954,0.028187499270230388
-0.5103762839557767,-0.5734653256552796,18.34644512525554,0.13820924210055865,9.277505148229316,0.07825929820143838,2.9112526659678086,0.026748187298962597
-0.4535325211846986,-0.5734653256552796,18.42799714599171,0.12565871736778528,9.31905754923672,0.07113619934679,2.9245653433017,0.024269812728259003
-0.40301979977966995,-0.5734653256552796,18.53748856999494,0.1098141352342119,9.37446210607101,0.06220122612082646,2.9417358269912683,0.02126174657527024
-0.35813299251433084,-0.5734653256552796,18.662386503188866,0.09312807793763203,9.437554071257802,0.05279974892354507,2.961915276366604,0.017994762152242598
-0.3182455065418344,-0.5734653256552796,18.79192360907587,0.07736009474922666,9.503626400201783,0.04382397255754904,2.9828273832488645,0.014910813207587336
-0.2828005365353655,-0.5734653256552796,18.919284995042478,0.06335827108392299,9.568478227815168,0.0358662093827525,3.002703334457027,0.012260237983550908
-0.2513032920204875,-0.5734653256552796,19.040479979002804,0.05139396039513122,9.629666317785189,0.029120477000865598,3.021767582957122,0.009971289262203375
-0.22331409039755062,-0.5734653256552796,19.153418834853987,0.04141951193787621,9.686483396346384,0.023510078506814386,3.040017917163613,0.008009458497123931
-0.19844221923690444,-0.5734653256552796,19.257350029147393,0.033227417639073935,9.738910879670735,0.018883969497556816,3.056889317716817,0.006392995735967232
-0.17634048216824733,-0.5734653256552796,19.352223067748604,0.026564021920259945,9.787002379841809,0.015099745525558777,3.07203414151483,0.005101437066620319
-0.15670035222800524,-0.5734653256552796,19.438368673173716,0.021178953426080997,9.830776936020301,0.012033047633938235,3.0855274938092725,0.004076508734627914
-0.13924766500838334,-0.5734653256552796,19.51624519081576,0.01684977153444044,9.87036011927191,0.009566875519055254,3.097619016969794,0.0032578438169024357
-0.12373879148704055,-0.5734653256552796,19.586405244821368,0.01338341354549928,9.90595427340832,0.0075958550258052775,3.108534782593519,0.0025991272051661303
-0.10995723711238882,-0.5734653256552796,19.64941824119792,0.010617552746876945,9.937860357490257,0.006025932869418802,3.118417047380327,0.0020680462315622147
-0.09771061966979347,-0.5734653256552796,19.705890053637187,0.008415876658655052,9.966403095331792,0.004778070968037535,3.127346966576469,0.0016411391175214553
-0.0868279837415025,-0.5734653256552796,19.756412529206973,0.006666510190573955,9.991909190755532,0.003787250210604781,3.1353848026210724,0.0012996458972775505
-0.07715741427178036,-0.5734653256552796,19.801553000444308,0.0052783958696078215,10.014690863656849,0.003000860657227372,3.1425921537946144,0.001027706563212379
-0.06856391592404971,-0.5734653256552796,19.841849597672223,0.004177870785303538,10.035030817625394,0.002376958913593398,3.149031426776425,0.0008120234537215188
-0.06092752862714207,-0.5734653256552796,19.877799467431025,0.0033058654147759613,10.053183235835634,0.001882168624253217,3.1547712039564333,0.0006413753661751061
-0.0541416530048151,-0.5734653256552796,19.90985487551884,0.0026152530523629513,10.069377477648825,0.0014899134687508012,3.159880909741878,0.0005065285018838497
-0.04811156231253989,-0.5734653256552796,19.938425444417543,0.002068507484273532,10.083819840478853,0.0011790544927303206,3.164426028479954,0.00040004640066843656
-0.04275308010908995,-0.5734653256552796,19.96388120670861,0.001635786887298771,10.096695286488169,0.0009327928348270338,3.1684672143306187,0.00031598546391886455
-0.0379914052040221,-0.5734653256552796,19.986555312444768,0.0012933925315781127,10.108169656506027,0.0007377796770027953,3.1720599669719274,0.0002496204238909836
-0.03376006747802295,-0.5734653256552796,20.0067468025661,0.0010225248957133194,10.118391831552593,0.0005834068051169935,3.175254259065344,0.00019721456219052907
-0.03,-0.5734653256552796,20.024723572361204,0.000808281458898528,10.127495541903576,0.0004612458232416512,3.178094577160402,0.00015582211182406312
0.03,-0.5734653256552796,20.315948557614924,0.0008209346759567065,10.274875081445341,0.00046702756419929185,3.224046877172293,0.00015948407190755507
0.03376006747802295,-0.5734653256552796,20.33445286513904,0.0010404082033374923,10.284208368150898,0.0005916352824926962,3.2269780615224324,0.00020226575417830566
0.0379914052040221,-0.5734653256552796,20.355305915508456,0.0013186189004650872,10.294720819256918,0.0007494871822454936,3.230281579457668,0.000256528744764828
0.04275308010908995,-0.5734653256552796,20.378807735661557,0.0016712856444759444,10.306562288189317,0.0009494483532101085,3.2340040034986854,0.0003253345903865375
0.04811156231253989,-0.5734653256552796,20.40529622427287,0.002118312912291428,10.319902200012606,0.0012027516466253877,3.2381970634548733,0.0004125396363399068
0.0541416530048151,-0.5734653256552796,20.435151364299593,0.0026848826484743094,10.334932525461065,0.0015236393875297809,3.2429176894830736,0.0005229807138605968
0.06092752862714207,-0.5734653256552796,20.46879994616557,0.0034028215963800928,10.351871290635382,0.00193018509801439,3.248227818857443,0.0006626903411807502
0.06856391592404971,-0.5734653256552796,20.50672142179833,0.004312324695153061,10.370966705559717,0.0024453477142905035,3.254194894841832,0.0008391698066725277
0.07715741427178036,-0.5734653256552796,20.549455434086727,0.005464141830240837,10.392502578304017,0.0030983447172575123,3.260894425400844,0.0010617901109808675
0.0868279837415025,-0.5734653256552796,20.59761041478292,0.006922335444969511,10.416806511187234,0.00392649835003479,3.2684134731700234,0.0013423476078514073
0.09771061966979347,-0.5734653256552796,20.651873380209018,0.008767756264341602,10.44426041749901,0.0049777124510445026,3.2768554784465205,0.0016958552625577245
0.10995723711238882,-0.5734653256552796,20.713030143566794,0.011102787097171548,10.475307113559527,0.006313515383781081,3.2863578484929215,0.0021422371683772813
0.12373879148704055,-0.5734653256552796,20.782007952253068,0.014058432225522994,10.51045200248378,0.008012661771808455,3.2971110185284402,0.002708915957312653
0.13924766500838334,-0.5734653256552796,20.859920550735954,0.017803925804861325,10.550268840655644,0.010175775272059803,3.3093674803838242,0.003433948019167048
0.15670035222800524,-0.5734653256552796,20.94811954607749,0.02255987775521514,10.595376339583332,0.012929218964702673,3.3234413749043523,0.004369656738908743
0.17634048216824733,-0.5734653256552796,21.04827157491942,0.028617404819623687,10.646397983705548,0.01642767460331548,3.3396140338060953,0.0055798708597838455
0.19844221923690444,-0.5734653256552796,21.162270698473513,0.03635219661934287,10.703947584743377,0.020857500600543186,3.3579842106039575,0.007127832206815126
0.22331409039755062,-0.5734653256552796,21.29204618486007,0.04623026480610777,10.768665645126294,0.026444120130315184,3.3783529164082875,0.009057241451673168
0.2513032920204875,-0.5734653256552796,21.43904560250797,0.05877709515227555,10.841474654533277,0.033484065769926664,3.400511498356092,0.011407420995514086
0.2828005365353655,-0.5734653256552796,21.60401908375853,0.07454471814172323,10.92392222943564,0.04240587835455312,3.42518282837418,0.01432787056661803
0.3182455065418344,-0.5734653256552796,21.787994830591696,0.09419009326808749,11.01810968038819,0.05381086923661552,3.4545265526843427,0.018211665277687056
0.35813299251433084,-0.5734653256552796,21.995239350264328,0.1188653803049704,11.125405616275401,0.06834759329683429,3.4896464813484482,0.02343540661569077
0.40301979977966995,-0.5734653256552796,22.234737495920005,0.15065463297623496,11.245092344949038,0.0864603657799403,3.5270633532663185,0.02967657207635285
0.4535325211846986,-0.5734653256552796,22.511981773904626,0.19171087149387353,11.377860113721374,0.10883527724436645,3.565652206866651,0.036827403390853095
0.5103762839557767,-0.5734653256552796,22.81772752514899,0.24211128039718943,11.532610560969887,0.13786011229497644,3.615524894690165,0.047116994584829736
0.5743445928509872,-0.5734653256552796,23.152537715085817,0.3032442041778294,11.715099723895293,0.17603133944528454,3.6727546594447054,0.06033916253044263
0.6463304070095649,-0.5734653256552796,23.558541237113253,0.3853674178490615,11.91202735480091,0.22183883460860737,3.729755768216941,0.07496425900495893
0.7273386051246984,-0.5734653256552796,24.021117118234965,0.48910961243760176,12.137661372949506,0.279977678800826,3.8072648130066105,0.09709831253748545
0.8185000129460304,-0.5734653256552796,24.50110809090532,0.6076199672377463,12.400377276206457,0.354938024301514,3.87586937977316,0.11876905624022126
0.9210871889273549,-0.5734653256552796,25.12392573847513,0.7768988608130665,12.679211490066939,0.44262624089745894,3.97913896582104,0.1549060445561474
1.0365321883776653,-0.5734653256552796,25.74357737071568,0.9615600639726449,13.04365436461519,0.5691315243785122,4.067376747756879,0.18897630512062538
1.166446554092426,-0.5734653256552796,26.560069193700148,1.2277055656954288,13.382037546673448,0.6979165075411399,4.197144444506496,0.24413154710860738
1.3126438125222553,-0.5734653256552796,27.342519608711317,1.5050852713787912,13.853757669173838,0.8943358743028428,4.320916775381061,0.30201722823952276
1.4771647895120215,-0.5734653256552796,28.4330977375881,1.9245210985099015,14.331097305799007,1.111563035829202,4.469819016985361,0.3780349123146847
1.6623060990028473,-0.5734653256552796,29.440279239040116,2.3422079269771183,14.862729504806449,1.3734490972926663,4.66410704041077,0.486924883588504
1.8706522023821734,-0.5734653256552796,30.724695769176844,2.9118207626712516,15.610665316540294,1.773876155559944,4.857255949455075,0.6051704719773681
2.1051114860111477,-0.5734653256552796,32.338083449044525,3.6775238047892884,16.266120857441887,2.152154137026965,5.056267603399182,0.7365216284873958
2.368956860549917,-0.5734653256552796,33.91618045712234,4.47143369697646,17.16369038239311,2.7063099080149504,5.287963810141311,0.9005265290988125
2.6658714488230206,-0.5734653256552796,36.10229763630641,5.629488308256311,18.049587785910017,3.2887202471603336,5.62754729582893,1.1601752399640206
3.0,-0.5734653256552796,38.12708886926188,6.748246158041558,19.036129569143586,3.9724636142924843,5.920304516576196,1.4003246152788027
-3.0,-0.5235987755982987,20.153517221835973,9.605625667120186e-06,10.178209739929045,4.351132788684729e-05,3.2146748526318594,5.6663598238515423e-05
-2.6658714488230206,-0.5235987755982987,18.6881374493688,0.08986964981264853,9.467997537524393,0.04855434012352158,2.9876960578038347,0.014236411344617535
-2.368956860549917,-0.5235987755982987,17.63862582985331,0.27510787763861533,8.9376203252328,0.1505944088578538,2.8250550493769477,0.045971970851214655
-2.1051114860111477,-0.5235987755982987,16.947824865982223,0.46044356198311925,8.574328068835985,0.2573951242729442,2.696646431831732,0.08540161304631562
-1.8706522023821734,-0.5235987755982987,16.463721596799566,0.6235201849140295,8.334463845135904,0.345979641472859,2.6239227853792095,0.11388607999058217
-1.6623060990028473,-0.5235987755982987,16.20585466923701,0.7223244733123912,8.200231451581452,0.4022332447142968,2.577498169741329,0.13454868798280603
-1.4771647895120215,-0.5235987755982987,16.074850231305657,0.7758331660549054,8.137324906612085,0.4303097470397777,2.559176145353476,0.14325456614162854
-1.3126438125222553,-0.5235987755982987,16.04826339915098,0.7869704998807519,8.122316263346411,0.4371730874895544,2.550161700112057,0.14765461251486406
-1.166446554092426,-0.5235987755982987,16.087077750960184,0.7707426734379177,8.139520059808406,0.42931126655820157,2.555629963205154,0.14497625412807114
-1.0365321883776653,-0.5235987755982987,16.161772395078327,0.7400770443886296,8.175727892781078,0.4130378134968434,2.5665174871349294,0.1397282345472546
-0.9210871889273549,-0.5235987755982987,16.245162788442627,0.706709029566936,8.217822239919204,0.3945798207723266,2.5787456057470837,0.133967434930034
-0.8185000129460304,-0.5235987755982987,16.31206936867317,0.6805915955277023,8.250194391096759,0.38071888497971973,2.588950544033619,0.12926687488896468
-0.7273386051246984,-0.5235987755982987,16.341677676539874,0.6692182495819896,8.266082263952633,0.37402147749868914,2.592111622194141,0.12783046283513336
-0.6463304070095649,-0.5235987755982987,16.328887975601987,0.6741172879209281,8.256998905601975,0.3778420303704638,2.5905411267205607,0.12854294792952756
-0.5743445928509872,-0.5235987755982987,16.299662102009442,0.6853911210301773,8.242700285212713,0.38390199553686855,2.585836303005076,0.1306910673165172
-0.5103762839557767,-0.5235987755982987,16.31302650870787,0.6802221679632787,8.248215900375866,0.38155774720189817,2.588111512467386,0.12964969122871736
-0.4535325211846986,-0.5235987755982987,16.405621873142167,0.6450387553956438,8.295196821858479,0.36192731186109944,2.6033874271162443,0.12278181883924054
-0.40301979977966995,-0.5235987755982987,16.57752372245429,0.5826011620097907,8.382269738135548,0.32712234968570814,2.6305615921812953,0.11109189092649514
-0.35813299251433084,-0.5235987755982987,16.804246432323254,0.5058445886558275,8.496762929809602,0.2844089166197897,2.667243220570898,0.0963606812132689
-0.3182455065418344,-0.5235987755982987,17.058463488368872,0.4271172997628894,8.626307981755494,0.2401431701108213,2.7082990529045996,0.08126341190067872
-0.2828005365353655,-0.5235987755982987,17.320463512571006,0.3538202602241608,8.759690525871301,0.19893025215098684,2.7493359479338983,0.06759700944582564
-0.2513032920204875,-0.5235987755982987,17.577712300930965,0.2893242270891408,8.889686478089319,0.16288519150978548,2.789888927656539,0.05544762359144534
-0.22331409039755062,-0.5235987755982987,17.822862988234032,0.2345138683655276,9.013159308796622,0.13229641737413345,2.829433137839089,0.044859838076168466
-0.19844221923690444,-0.5235987755982987,18.052258616050967,0.18891383262657657,9.128940347057585,0.10674471554932953,2.8665701350493005,0.03601669310595228
-0.17634048216824733,-0.5235987755982987,18.26436908195054,0.15149397217924027,9.23643173592473,0.08565974535980733,2.900409883262233,0.028862004335028998
-0.15670035222800524,-0.5235987755982987,18.458930497367405,0.12106607533198475,9.335230072668589,0.06846193344992287,2.930945856943289,0.02312734312076124
-0.13924766500838334,-0.5235987755982987,18.636276230816218,0.09649516876167354,9.425305845008348,0.05456101994255822,2.9585679964472678,0.018516784964578436
-0.12373879148704055,-0.5235987755982987,18.79715530396834,0.0767557887042584,9.506886487685394,0.043403893812669375,2.9836641812953366,0.014793735352484445
-0.10995723711238882,-0.5235987755982987,18.942501263884566,0.06096438032010696,9.580468375986108,0.0344863766183785,3.0064868547562287,0.011786344247874761
-0.09771061966979347,-0.5235987755982987,19.07342277458888,0.04836824369406767,9.646646159154148,0.02737827974728842,3.02718557814169,0.009365590453121962
-0.0868279837415025,-0.5235987755982987,19.191069605941323,0.03834324571848344,9.706054291500811,0.021721699340325768,3.045879076941975,0.007426544345503605
-0.07715741427178036,-0.5235987755982987,19.296589215841298,0.030377743860395146,9.759322887654466,0.017224411767285768,3.062694944516219,0.005880147353611368
-0.06856391592404971,-0.5235987755982987,19.391101618227054,0.02405571734863833,9.80703940123758,0.01365156542456913,3.0777661896481745,0.004651628202694163
-0.06092752862714207,-0.5235987755982987,19.47566463183394,0.019042135072315704,9.849744601539841,0.010815100654924255,3.0912405494095485,0.003677999353725172
-0.0541416530048151,-0.5235987755982987,19.551258096111862,0.015068751465190907,9.887935657545755,0.008564573246881703,3.1032688926042105,0.0029074196385973886
-0.04811156231253989,-0.5235987755982987,19.61878264189867,0.011921374795599286,9.922066655856927,0.006779883376204967,3.1139950007803106,0.0022980510938565234
-0.04275308010908995,-0.5235987755982987,19.679061783216884,0.009429307812063461,9.952549988779603,0.005365315125900142,3.1235532739139713,0.0018163756386092504
-0.0379914052040221,-0.5235987755982987,19.732844565228177,0.007456758311361684,9.979759378886648,0.004244643992129296,3.1320676916543166,0.0014356803062023605
-0.03376006747802295,-0.5235987755982987,19.78080925348768,0.005895854948961698,10.0040332696067,0.003357196963686393,3.1396507921951367,0.0011347836602977194
-0.03,-0.5235987755982987,19.823568060588293,0.0046609905950155146,10.02567784851983,0.0026547101871430903,3.1464035678937856,0.0008969421306660127
0.03,-0.5235987755982987,20.523064027178375,0.004736967360118285,10.379540817406852,0.0026962012527104065,3.2567284043253997,0.0009203174428330529
0.03376006747802295,-0.5235987755982987,20.567926946639048,0.00600345677058253,10.402172805957155,0.003416295827312641,3.263825515683208,0.0011673032924803472
0.0379914052040221,-0.5235987755982987,20.61854371586121,0.0076089326938017215,10.427696275532846,0.004328816606690154,3.271833232878755,0.0014806521103743252
0.04275308010908995,-0.5235987755982987,20.67566565569841,0.009644140030643056,10.456487210925776,0.00548520545072443,3.2808684386009808,0.0018781220232721777
0.04811156231253989,-0.5235987755982987,20.740143689742286,0.012224013331200776,10.48897274817701,0.006950686452003247,3.291062060819916,0.002382127899684561
0.0541416530048151,-0.5235987755982987,20.812941011472617,0.01549401187882593,10.52563925540802,0.008808005013632667,3.3025598146287143,0.003020867516904839
0.06092752862714207,-0.5235987755982987,20.89514760769898,0.019638065085920045,10.567041920967284,0.011162209868689162,3.3155225994185145,0.003829656982326549
0.06856391592404971,-0.5235987755982987,20.987998042930293,0.024888586183633817,10.613816123109975,0.014146778001844813,3.3301284159461306,0.0048526287903976955
0.07715741427178036,-0.5235987755982987,21.092893809301025,0.03153915478812615,10.666692037799319,0.017931555342124362,3.346578554381187,0.006145146062257356
0.0868279837415025,-0.5235987755982987,21.211429363186625,0.03996049376644625,10.726515608073242,0.022733317315007,3.3651059280670053,0.007777094777106206
0.09771061966979347,-0.5235987755982987,21.345422576687763,0.05062058546138532,10.794275162832829,0.028829782943187582,3.3859865257355146,0.00983748773538093
0.10995723711238882,-0.5235987755982987,21.49696845215821,0.06411167085280943,10.8711215954723,0.03657690604361352,3.409576753851598,0.012443556936805399
0.12373879148704055,-0.5235987755982987,21.668540699815562,0.08118930571689877,10.958380304282501,0.046429558399732805,3.436354707392056,0.015754364961573165
0.13924766500838334,-0.5235987755982987,21.863103220606508,0.10282450189278822,11.057572460362037,0.058967952811332824,3.4669425608164404,0.019987381150977545
0.15670035222800524,-0.5235987755982987,22.084240454645485,0.13027382766815565,11.17037993369687,0.07492161477665535,3.502109891303721,0.025437618163580512
0.17634048216824733,-0.5235987755982987,22.33634450992584,0.16517832959465806,11.298577823155824,0.0951888129283299,3.5425882761473635,0.032467197433710036
0.19844221923690444,-0.5235987755982987,22.62448042663444,0.20964050534875708,11.444019974405558,0.1208615104080234,3.588769672075164,0.04145182451936985
0.22331409039755062,-0.5235987755982987,22.954034953611668,0.2662632736859019,11.608733414779998,0.15327206112880978,3.640471259777619,0.052697342668275055
0.2513032920204875,-0.5235987755982987,23.32970809698933,0.33802558867681054,11.795465258057122,0.19415680625197815,3.697523571611778,0.06651857594805406
0.2828005365353655,-0.5235987755982987,23.755099818525483,0.428156964642174,12.008429659680754,0.24595446292781006,3.7617165678019093,0.08378272355431556
0.3182455065418344,-0.5235987755982987,24.234768511919892,0.5405304678915229,12.253220223503927,0.31200853248293847,3.8378929432861426,0.10653664163893711
0.35813299251433084,-0.5235987755982987,24.78048545971744,0.681451820531177,12.5342001772165,0.39600528808541297,3.928842859402512,0.13678983900927105
0.40301979977966995,-0.5235987755982987,25.414598626606075,0.8615759710574384,12.85168790686199,0.5008652050421223,4.027900184002223,0.17337975323837163
0.4535325211846986,-0.5235987755982987,26.153159950429966,1.0919538149706165,13.209262367653947,0.630843458004545,4.133302666479373,0.21626578301953203
0.5103762839557767,-0.5235987755982987,26.982075811827677,1.3747223593950857,13.628329025758582,0.7981058714923354,4.267139445080618,0.2762550129342437
0.5743445928509872,-0.5235987755982987,27.908634565269004,1.7182905677936589,14.12453175701944,1.01538339586554,4.422238226404849,0.35301456965722217
0.6463304070095649,-0.5235987755982987,29.03060717097893,2.1690297677556694,14.673482351936244,1.2779339471325883,4.583549450916823,0.4404988053128448
0.7273386051246984,-0.5235987755982987,30.32691427461681,2.7313120038852468,15.31043808457397,1.6089109550738692,4.797077475998639,0.5673145679219437
0.8185000129460304,-0.5235987755982987,31.723651018134415,3.3799264545621934,16.05955030618924,2.0303729464484688,5.000917102777966,0.6990685157218925
0.9210871889273549,-0.5235987755982987,33.50916208434224,4.262900302504085,16.88189014817012,2.5281598120886413,5.2923396799201905,0.9037315351782221
1.0365321883776653,-0.5235987755982987,35.379080053304435,5.2398719023512665,17.93982614041623,3.2148318234156923,5.564508392123657,1.1103642310439652
1.166446554092426,-0.5235987755982987,37.79995356904721,6.5650328520037355,18.994656663216954,3.943052225520423,5.946287383505635,1.4223047206076362
1.3126438125222553,-0.5235987755982987,40.276104888328305,7.9705321154542155,20.41759804430194,4.981194277376961,6.334929677477918,1.762887345180188
1.4771647895120215,-0.5235987755982987,43.619108028502126,9.916659439926407,21.934536280933244,6.143132420717197,6.804979683593873,2.2012695411849994
1.6623060990028473,-0.5235987755982987,46.960659048634376,11.886172670283369,23.67212682120468,7.525705983206531,7.41014820680833,2.8012772401432717
1.8706522023821734,-0.5235987755982987,51.18139634240015,14.368017194985919,26.037591466708335,9.466791814821597,8.04808194361425,3.469168657853761
2.1051114860111477,-0.5235987755982987,56.4717199496936,17.4160068428697,28.321128004194033,11.376609639526574,8.740263792328866,4.226713189877318
2.368956860549917,-0.5235987755982987,62.00874308032014,20.481116970308115,31.35662455458654,13.930923868000452,9.55889963679274,5.157273376325666
2.6658714488230206,-0.5235987755982987,69.44917354367378,24.340840232661826,34.55831302339049,16.605220453825105,10.703749855804675,6.505365085416645
3.0,-0.5235987755982987,76.95266641875435,27.897559131714797,38.234768202140685,19.60965751802625,11.799443655588545,7.831314782588246
-3.0,-0.4737322255413179,31.574429783610466,3.3087251778432654,16.019626410436967,2.007101852366494,5.0106775499678475,0.7056226063650618
-2.6658714488230206,-0.4737322255413179,27.145581728386155,1.4333233141971953,13.725151366782407,0.8389181912107977,4.31090764748446,0.29715249129716126
-2.368956860549917,-0.4737322255413179,23.720132624743957,0.4204034587239729,12.000256892773368,0.24386768935304629,3.774799495636537,0.08751814484647946
-2.1051114860111477,-0.4737322255413179,21.143408560650027,0.03501117957126136,10.696896728703194,0.02028740262339921,3.3635946976030517,0.007637037019347669
-1.8706522023821734,-0.4737322255413179,19.22437430660087,0.03572501202696787,9.73115815654846,0.019535007301470435,3.0617194001480326,0.005964778046948635
-1.6623060990028473,-0.4737322255413179,17.858871183635173,0.2269968074555903,9.036858963064994,0.12682241610362915,2.8406896524348357,0.04206825905772556
-1.4771647895120215,-0.4737322255413179,16.89063393140688,0.4782342695799454,8.550538679781665,0.2655175461751171,2.6896039072248765,0.08795870256852475
-1.3126438125222553,-0.4737322255413179,16.241623814370655,0.7081066613962188,8.22128649145355,0.39308269820840835,2.5817745300444788,0.13256213616583126
-1.166446554092426,-0.4737322255413179,15.823367133221689,0.8850026703265804,8.006952099427606,0.4920831118075738,2.5145356398746848,0.16581043322114594
-1.0365321883776653,-0.4737322255413179,15.570081891427295,1.0037989893482118,7.877016698078628,0.5586037805650473,2.4730680848925033,0.18852024562771036
-0.9210871889273549,-0.4737322255413179,15.42116096433153,1.0779245727565936,7.801696502853976,0.5994987473660076,2.4481460589107495,0.20300821612604988
-0.8185000129460304,-0.4737322255413179,15.32532869121331,1.127342312073925,7.751325165909357,0.6278265364374,2.4323775640724103,0.21250793712864793
-0.7273386051246984,-0.4737322255413179,15.235760389760397,1.174765994266926,7.7075619999397125,0.6530849450991021,2.4159728111846603,0.22266929876279043
-0.6463304070095649,-0.4737322255413179,15.120438396585813,1.2376109466902154,7.645649239655832,0.6898610568926572,2.39834300636422,0.23391037205018525
-0.5743445928509872,-0.4737322255413179,14.981020124183068,1.3163178745997353,7.576075673584903,0.7326693849255318,2.376053752225878,0.248605925259942
-0.5103762839557767,-0.4737322255413179,14.879857065601188,1.3753335306468597,7.52310134268958,0.7663342128714896,2.3602377247604864,0.2593663907624738
-0.4535325211846986,-0.4737322255413179,14.883757954631138,1.3730278026817415,7.524722137451832,0.7652903330867242,2.3614237767068724,0.25854977448589117
-0.40301979977966995,-0.4737322255413179,15.019338644762605,1.2943844841790333,7.593515744629718,0.7217897294225862,2.383090414494575,0.24390770040605778
-0.35813299251433084,-0.4737322255413179,15.263242855222737,1.1600868553007189,7.71652128296493,0.6478646388084218,2.4227487714429565,0.21843751007508588
-0.3182455065418344,-0.4737322255413179,15.574134373350306,1.001826686938655,7.8749500310660085,0.559702735271093,2.4731070684529164,0.188498082534638
-0.2828005365353655,-0.4737322255413179,15.91735010926069,0.8431976830819806,8.049781838399568,0.47124879211289006,2.526914266044669,0.1593621311146338
-0.2513032920204875,-0.4737322255413179,16.26895952319105,0.6973533647427099,8.227547764035439,0.39038522453291963,2.5823831713307084,0.13228078448763553
-0.22331409039755062,-0.4737322255413179,16.613791936239366,0.5698993669812175,8.401275572666966,0.3197941380923458,2.6380405164431204,0.1079914825816102
-0.19844221923690444,-0.4737322255413179,16.943208359597314,0.46186531120054053,8.56755549714697,0.25969291230332137,2.6913882137192195,0.08730682067882813
-0.17634048216824733,-0.4737322255413179,17.25259149407527,0.37206005412887777,8.724338388075894,0.20943047192353426,2.7407642714961056,0.07033616816414093
-0.15670035222800524,-0.4737322255413179,17.53985782921862,0.2983605207334067,8.870199504392653,0.16803453811196836,2.7858751480786847,0.05659118138958148
-0.13924766500838334,-0.4737322255413179,17.80428229883378,0.2384456797216399,9.00449273256711,0.134329818309618,2.8270869046743825,0.045453990560201614
-0.12373879148704055,-0.4737322255413179,18.046092698822566,0.1900691037326585,9.12710827484375,0.10712589096442147,2.864827818549459,0.03640818532083913
-0.10995723711238882,-0.4737322255413179,18.266029180958306,0.1512187270707544,9.238453533063952,0.08528704880743804,2.899371917813581,0.029068869132543054
-0.09771061966979347,-0.4737322255413179,18.465268166805156,0.12013646471227213,9.33917007085548,0.06781870691931542,2.9308706679498897,0.023140635783044716
-0.0868279837415025,-0.4737322255413179,18.645176356582606,0.09534027728648142,9.43002575110016,0.05387867866930196,2.9594497585042308,0.018378506044008095
-0.07715741427178036,-0.4737322255413179,18.807213594772307,0.07560101859415658,9.51183235716778,0.042770662947100614,2.9852619960056272,0.014571527249509735
-0.06856391592404971,-0.4737322255413179,18.952871381015353,0.05991076643473546,9.585375485774831,0.03392984027789299,3.0084784266663185,0.011540811928057457
-0.06092752862714207,-0.4737322255413179,19.08360269302329,0.04745267446936004,9.65139891296003,0.026900661609775466,3.029299986222815,0.00913456035775917
-0.0541416530048151,-0.4737322255413179,19.200784614335138,0.03756954274241835,9.710601945581569,0.021316646205701634,3.047938344281939,0.0072271500431646644
-0.04811156231253989,-0.4737322255413179,19.305706061547472,0.02973461297900102,9.763634741074211,0.016883934811985152,3.0645992122963324,0.005716743257498085
-0.04275308010908995,-0.4737322255413179,19.39956298143461,0.023526841567355107,9.811096315193078,0.013367500677400099,3.079477795433412,0.004521447498963732
-0.0379914052040221,-0.4737322255413179,19.483456296386915,0.018610488490831197,9.853536026878922,0.010579644044730427,3.092756334026291,0.003575789918404303
-0.03376006747802295,-0.4737322255413179,19.558392876952574,0.014718338746240503,9.891456369974765,0.008370616207115805,3.1046018617940874,0.002827712896689563
-0.03,-0.4737322255413179,19.62528918664826,0.011638002499867474,9.925315782564759,0.006621072775727283,3.115165500933805,0.002235967211081595
0.03,-0.4737322255413179,20.7313078435954,0.011852840517143479,10.484776126347159,0.006751825485441604,3.2895877089633965,0.0023056000024685905
0.03376006747802295,-0.4737322255413179,20.80295197971972,0.015023001809915202,10.520920088122455,0.00855693170552646,3.3009174103665226,0.0029250861983424175
0.0379914052040221,-0.4737322255413179,20.88388273104985,0.019042058873381635,10.561732202366395,0.010845137383514659,3.3137161471417045,0.0037113382577402525
0.04275308010908995,-0.4737322255413179,20.97533850279109,0.024137356877213054,10.607832601575042,0.013745867822097654,3.328176757918796,0.0047091252073494395
0.04811156231253989,-0.4737322255413179,21.078728735908633,0.030596859684086108,10.659929030412572,0.017423315095909334,3.3445165298040984,0.005975026593109036
0.0541416530048151,-0.4737322255413179,21.195657605231585,0.038785022446714196,10.71883133811023,0.02208588821827525,3.3629790304637885,0.007580330628099555
0.06092752862714207,-0.4737322255413179,21.32795158680653,0.04916268836342693,10.785468804604156,0.02799829579766126,3.38383558617655,0.00961449945034784
0.06856391592404971,-0.4737322255413179,21.477693246962296,0.06231213060305388,10.86091087027303,0.03549701331724718,3.407389223973381,0.01218958313907077
0.07715741427178036,-0.4737322255413179,21.64726353447136,0.07896869400534318,10.946393643778372,0.04501030070433355,3.433985243086341,0.015446435682132338
0.0868279837415025,-0.4737322255413179,21.839391751468455,0.10006055293666845,11.043357085250292,0.05708471036333056,3.4640254131093693,0.019563156115816428
0.09771061966979347,-0.4737322255413179,22.057215001938186,0.12675862012242162,11.153492110588397,0.07242009148853029,3.497987517615075,0.024766841416300638
0.10995723711238882,-0.4737322255413179,22.30437611410793,0.16054298349537022,11.278780020280513,0.09191277313715307,3.536484391386068,0.03135608072248638
0.12373879148704055,-0.4737322255413179,22.58519795744856,0.20329766617086506,11.42152181300497,0.11670727555299024,3.580330326848998,0.03973435333488255
0.13924766500838334,-0.4737322255413179,22.904880069862745,0.2574358910310513,11.584383235069847,0.1482618647443531,3.630580822027165,0.050450765941512724
0.15670035222800524,-0.4737322255413179,23.269732919663173,0.32606644218793673,11.770357960230523,0.18840916346417702,3.6885433592111854,0.0642467208034465
0.17634048216824733,-0.4737322255413179,23.687505373869197,0.4132237004020104,11.982683797444643,0.2394071240020585,3.7555031715722293,0.08203412090307313
0.19844221923690444,-0.4737322255413179,24.16723932716956,0.5240441173802118,12.224841019574518,0.3040037626362665,3.8322657757586915,0.10477374914993758
0.22331409039755062,-0.4737322255413179,24.71878834832212,0.6648480868661161,12.500725678272486,0.3855545066938482,3.9187954355330534,0.13328738486698355
0.2513032920204875,-0.4737322255413179,25.35133647305617,0.8428495699092295,12.815526052174107,0.4884082592134317,4.015117745781841,0.16845164671321533
0.2828005365353655,-0.4737322255413179,26.07280381808626,1.065867963973458,13.176936946325494,0.6185968995770443,4.124343179260021,0.2124673012968879
0.3182455065418344,-0.4737322255413179,26.89310606031106,1.3432150318497413,13.595110705965697,0.7842866750571085,4.25443637828644,0.27030546848361864
0.35813299251433084,-0.4737322255413179,27.834064882499803,1.6896353340304262,14.078675841071709,0.9944763164807213,4.410356298903029,0.3468717765661415
0.40301979977966995,-0.4737322255413179,28.93506977091918,2.129278409269525,14.630343718277791,1.2565093033931218,4.582396399943407,0.43984718781310966
0.4535325211846986,-0.4737322255413179,30.22701775580729,2.686539872592055,15.258375798621872,1.5808679076455183,4.768515002637604,0.549663255505842
0.5103762839557767,-0.4737322255413179,31.694419894113647,3.365944826931896,15.999933735831856,1.9956554472810495,5.004604038969375,0.7015417213033311
0.5743445928509872,-0.4737322255413179,33.356593858873325,4.185378529540595,16.884295351632183,2.5296647964609367,5.280766556225146,0.8952634591014893
0.6463304070095649,-0.4737322255413179,35.37995153155782,5.240337782124039,17.877661345188507,3.17319195398769,5.574434781683873,1.1181609035316802
0.7273386051246984,-0.4737322255413179,37.74415335589536,6.53386832242481,19.04271035203998,3.9771355858442714,5.961466876182658,1.435193814861112
0.8185000129460304,-0.4737322255413179,40.34389449001219,8.009541125441872,20.426459244576122,4.987831213112201,6.344052153064221,1.7711335115030453
0.9210871889273549,-0.4737322255413179,43.66819179392471,9.94548835268927,21.97454197693855,6.1744101648923975,6.883558842862106,2.277064624921049
1.0365321883776653,-0.4737322255413179,47.24052634272612,12.051338804287116,23.96589566187384,7.763670028705245,7.408162300779815,2.7992507811822
1.166446554092426,-0.4737322255413179,51.86152583964061,14.764839022161205,26.018574048630878,9.45099734365616,8.135190833770858,3.5627769774915756
1.3126438125222553,-0.4737322255413179,56.73582836613938,17.565451882574457,28.769228008686344,11.753409336389673,8.898708023154883,4.404170117350755
1.4771647895120215,-0.4737322255413179,63.274018739934164,21.15966214609282,31.778212500424896,14.285020373822924,9.829379515139827,5.471458268190404
1.6623060990028473,-0.4737322255413179,70.04576837151457,24.636237139860498,35.28064270847028,17.20225048431424,11.027962635651626,6.8946972378159
1.8706522023821734,-0.4737322255413179,78.6148443191724,28.638610329341454,40.01394799949556,21.02809316538579,12.327182527078572,8.478701836942504
2.1051114860111477,-0.4737322255413179,89.40016665045889,33.04323471736933,44.77571414677557,24.684077937443597,13.771125952865836,10.268654238594655
2.368956860549917,-0.4737322255413179,101.02944808317572,37.06203066837129,51.06721611423941,29.15581854768469,15.49689250401752,12.425551768389251
2.6658714488230206,-0.4737322255413179,116.55014079028231,41.42375760831128,57.89510324613625,33.5066529423038,17.87934481110361,15.399042159641512
3.0,-0.4737322255413179,132.7564745086999,45.0110534974213,65.85261778469794,37.91325207876896,20.256931716653884,18.32879968214276
-3.0,-0.42386567548433707,51.31036533936382,14.443354028039511,26.10952023976104,9.52655200926824,8.10461432995378,3.5298583014615317
-2.6658714488230206,-0.42386567548433707,42.37992281289797,9.190778432066278,21.3885034079561,5.719276026045544,6.685815070150114,2.087639561204245
-2.368956860549917,-0.42386567548433707,35.295073424780675,5.195005622270224,17.825132608877155,3.138125268401188,5.574664500917909,1.118341544849566
-2.1051114860111477,-0.42386567548433707,29.75796889208137,2.479443391637257,15.052194742340381,1.4715014824864174,4.727774665288773,0.5248454940672096
-1.8706522023821734,-0.42386567548433707,25.56153971365181,0.905699712896077,12.93320422978687,0.5294174409171101,4.061462641466223,0.18660377437290207
-1.6623060990028473,-0.42386567548433707,22.39065241887432,0.17319044489567775,11.327656081908946,0.10009625937986132,3.5582181878850263,0.03539418981960512
-1.4771647895120215,-0.42386567548433707,20.027166450500435,0.0007811210241776738,10.134889092517696,0.00037263360114609247,3.1854885831830315,7.098482543208817e-05
-1.3126438125222553,-0.42386567548433707,18.307762283589597,0.1443882772614797,9.265851110987699,0.0803226072132792,2.9096099182955983,0.0270629273998893
-1.166446554092426,-0.42386567548433707,17.074343233420908,0.42245105603829175,8.639573788550214,0.23584837964069758,2.7131750905006067,0.07956590174697153
-1.0365321883776653,-0.42386567548433707,16.210009675039444,0.7206643301763909,8.200743134980083,0.40200940746451747,2.5747059252807163,0.13585503867822987
-0.9210871889273549,-0.42386567548433707,15.607194665383709,0.9858244797970186,7.896024762714429,0.5485568983746232,2.4777159566534204,0.18588872038360382
-0.8185000129460304,-0.42386567548433707,15.179976399252803,1.2049127860901274,7.67780436333528,0.6706074414452937,2.4092885103445747,0.22689194218405645
-0.7273386051246984,-0.42386567548433707,14.848967073154713,1.3936776328892673,7.51248189348071,0.7731955153054825,2.3540849893919935,0.26362800937013736
-0.6463304070095649,-0.42386567548433707,14.54968284924163,1.5794268851054143,7.356925755242586,0.8781073723493783,2.3074220035083606,0.29735470190922303
-0.5743445928509872,-0.42386567548433707,14.247318037935868,1.782342217764539,7.205502228470007,0.9884027011320817,2.2591621436938647,0.33492834981802977
-0.5103762839557767,-0.42386567548433707,13.980307527452089,1.9748714391613804,7.068298786324655,1.0956102641108336,2.217079771028962,0.3700204636387183
-0.4535325211846986,-0.42386567548433707,13.825924026203612,2.092121586923727,6.98919783126821,1.1606757724674737,2.1929563759735107,0.39114927813795064
-0.40301979977966995,-0.42386567548433707,13.844883137816351,2.0774834920481995,6.999079892095968,1.1524141907577634,2.196482326963627,0.38801408912234814
-0.35813299251433084,-0.42386567548433707,14.03049123758145,1.9377050192569836,7.092362782907111,1.0762941746442538,2.2270505441588777,0.3615050573591447
-0.3182455065418344,-0.42386567548433707,14.334557177756954,1.7221803646042426,7.247376582767223,0.9570745446203622,2.2765816089260915,0.3210429867675041
-0.2828005365353655,-0.42386567548433707,14.707940704744898,1.4793778518898129,7.437767329689947,0.8225473859593084,2.335134598003465,0.2770229903014851
-0.2513032920204875,-0.42386567548433707,15.11355983320286,1.2414236296030166,7.642931251082421,0.6915038131197572,2.3991534768277827,0.23338624268758992
-0.22331409039755062,-0.42386567548433707,15.526336147285898,1.025240013598681,7.8509066750878205,0.572583357233675,2.4658665687581167,0.19264110454911001
-0.19844221923690444,-0.42386567548433707,15.93080419873268,0.837312105097453,8.05506800963532,0.46871430954615884,2.531443805228111,0.15704000984646102
-0.17634048216824733,-0.42386567548433707,16.317774520225615,0.6783913216554516,8.251174164072154,0.3803038678719527,2.593240385027142,0.127319787808317
-0.15670035222800524,-0.42386567548433707,16.682188871975136,0.5463866799867102,8.436214161834199,0.30657087521286924,2.650481728702157,0.10294437709439741
-0.13924766500838334,-0.42386567548433707,17.021373208441275,0.43813026540722455,8.608485073160438,0.24598230897989498,2.7033527753856377,0.08300590771283028
-0.12373879148704055,-0.42386567548433707,17.334344218924333,0.35015359789091693,8.767191711976102,0.19674103512651375,2.752205061885704,0.06669362473164259
-0.10995723711238882,-0.42386567548433707,17.62110982178762,0.27915502771388095,8.912377650623775,0.15700059271271458,2.7972483810117796,0.053384097604857954
-0.09771061966979347,-0.42386567548433707,17.88249197098911,0.2221389543567994,9.044514894750922,0.12508109157511318,2.8385715326493792,0.042586110373067504
-0.0868279837415025,-0.42386567548433707,18.11974222050845,0.1765207103943504,9.164334862206315,0.09952492628363764,2.876257048549253,0.03388160130531905
-0.07715741427178036,-0.42386567548433707,18.334371275556894,0.14012219901825898,9.272697863316827,0.0791069212593658,2.9104431471743752,0.02690304040097566
-0.06856391592404971,-0.42386567548433707,18.528036023071092,0.11113691919221909,9.370483163945934,0.06282162556144333,2.9413070490010655,0.021334296449058095
-0.06092752862714207,-0.42386567548433707,18.70242204108592,0.08808874328627406,9.458555432719837,0.04985092984482284,2.9690774106246667,0.016904199140443967
-0.0541416530048151,-0.42386567548433707,18.859175328175223,0.06978269528994763,9.537751431626303,0.039532182937898896,2.9940063770767966,0.013386631434382318
-0.04811156231253989,-0.42386567548433707,18.999871679848294,0.05525642811157432,9.608866321366245,0.03133121905606385,3.0163454295587537,0.010597247846525281
-0.04275308010908995,-0.42386567548433707,19.125999251150244,0.0437378853443502,9.67264534458279,0.02481902098248648,3.0363377644917366,0.00838713573639127
-0.0379914052040221,-0.42386567548433707,19.23894729760689,0.034609642620917834,9.729781489108031,0.01965180869359083,3.0542137328479804,0.006636802611725572
-0.03376006747802295,-0.42386567548433707,19.340000901210804,0.027379159884771867,9.780915901918954,0.015554564874748579,3.070186823702501,0.005250953066560408
-0.03,-0.42386567548433707,19.4303407628089,0.021654228991319628,9.826639092350787,0.01230762514486683,3.084451916475561,0.0041538866477025165
0.03,-0.42386567548433707,20.940124906863307,0.02210634950451716,10.590300539182094,0.012603409263372136,3.322537229197062,0.0043062470067557045
0.03376006747802295,-0.42386567548433707,21.038896447147067,0.028020942813855063,10.640131201747955,0.01597615790713798,3.338154113991371,0.005464733119414015
0.0379914052040221,-0.42386567548433707,21.15060367276678,0.035519868973412985,10.69646533419464,0.020252769333382947,3.3558168277194076,0.0069356717065366495
0.04275308010908995,-0.42386567548433707,21.27700598767423,0.045027485200038006,10.760184292485746,0.025675820364487803,3.375799517323547,0.00880318319660938
0.04811156231253989,-0.42386567548433707,21.420114619724025,0.057081227493334746,10.83229821124688,0.03255317343003464,3.398412644538005,0.011173682114972284
0.0541416530048151,-0.42386567548433707,21.582229856583538,0.07236114395643274,10.913968175006206,0.04127573652122041,3.424006290754822,0.014181399227481857
0.06092752862714207,-0.42386567548433707,21.765984816025725,0.09172685529116603,11.006532895449036,0.05234015620227027,3.452973196140463,0.017995016380407354
0.06856391592404971,-0.42386567548433707,21.974399209574297,0.11626395806907505,11.111540862414191,0.06637783943001997,3.485755319328775,0.022826126701501838
0.07715741427178036,-0.42386567548433707,22.210946568753904,0.14734245353096753,11.230791384641957,0.08419244220926654,3.5228595235449247,0.0289410811064053
0.0868279837415025,-0.42386567548433707,22.479634485494167,0.18668985681535633,11.366391331157281,0.10680933021532871,3.56487862874667,0.03667703604812112
0.09771061966979347,-0.42386567548433707,22.785101197043037,0.23648251520770514,11.520826982432537,0.13554059543449348,3.6125204644042297,0.04646424674609999
0.10995723711238882,-0.42386567548433707,23.132768141504894,0.29946619039650274,11.697028235277196,0.1720650652311107,3.6666904540535126,0.05886789515122596
0.12373879148704055,-0.42386567548433707,23.529100406134248,0.3791260768552162,11.898422253220687,0.218523848665115,3.7285859670516923,0.07464982902440198
0.13924766500838334,-0.42386567548433707,23.981906705525294,0.4799091055137228,12.129010392107949,0.27764034560385187,3.7997573050492788,0.09484383740880784
0.15670035222800524,-0.42386567548433707,24.500701814388805,0.6075151506855022,12.39333942702883,0.35283123078937806,3.8821295829416855,0.12084102350812187
0.17634048216824733,-0.42386567548433707,25.097203879806138,0.7692914000412467,12.696412302952552,0.4482997755528429,3.9776420000659476,0.15435295842728225
0.19844221923690444,-0.42386567548433707,25.785214406115657,0.974520446373583,13.043711899611608,0.5691525162805848,4.087631053736581,0.19719663963224868
0.22331409039755062,-0.42386567548433707,26.58003562393748,1.2345208417599582,13.441473485236799,0.7216093407217364,4.212336715994231,0.2509660649327031
0.2513032920204875,-0.42386567548433707,27.496536439921762,1.5620870662239112,13.897927079649973,0.9136815181058706,4.352132760581752,0.31739135375051664
0.2828005365353655,-0.42386567548433707,28.54839381304854,1.9709292964847909,14.425040246114872,1.1563642012376179,4.511696090858461,0.4006051947993423
0.3182455065418344,-0.42386567548433707,29.752665848784254,2.477132104922499,15.038561539555966,1.464366698802005,4.7025365694719055,0.5096862885296476
0.35813299251433084,-0.42386567548433707,31.143703479583216,3.1056750805129334,15.752624299340274,1.8537502717933312,4.9322508537308245,0.6535802343932219
0.40301979977966995,-0.42386567548433707,32.781511324436586,3.8964969918164996,16.57366291532781,2.337590514486311,5.188245328386837,0.8285501862664826
0.4535325211846986,-0.42386567548433707,34.71600940968266,4.888097821701805,17.51637466168897,2.934260566182112,5.468552302763533,1.0359174415778463
0.5103762839557767,-0.42386567548433707,36.93371949580309,6.084274109016609,18.636834137151727,3.6916427152166302,5.82462375919411,1.3202956977295182
0.5743445928509872,-0.42386567548433707,39.47117653616695,7.509277043549585,19.9816021774859,4.657107673690216,6.24435892636817,1.6816194850061688
0.6463304070095649,-0.42386567548433707,42.57603174505941,9.305373071386647,21.50914667409391,5.8124204433507725,6.697640181141696,2.09884312361215
0.7273386051246984,-0.42386567548433707,46.23576923111416,11.458314780814447,23.315820080636225,7.23855279348373,7.294607458839057,2.6839704891046345
0.8185000129460304,-0.42386567548433707,50.31707022482915,13.862133107147587,25.478417489911216,9.003443279789828,7.898288971179725,3.309476876958403
0.9210871889273549,-0.42386567548433707,55.54618852270336,16.890012493467225,27.929667106640682,11.047798904950433,8.744196113568764,4.23110052766486
1.0365321883776653,-0.42386567548433707,61.26139361895884,20.076298085899282,31.088055349606904,13.705155966663195,9.587980172500464,5.190907724876681
1.166446554092426,-0.42386567548433707,68.66288651760584,23.94823998667505,34.41285079858753,16.48465224291173,10.751082012189302,6.562024688728653
1.3126438125222553,-0.42386567548433707,76.6221688918488,27.748189775196526,38.85813013815537,20.109563493570768,11.996720143029956,8.072763839079185
1.4771647895120215,-0.42386567548433707,87.27461665661777,32.229231996150375,43.80037457824278,23.953157121172946,13.524016408591729,9.960904664219022
1.6623060990028473,-0.42386567548433707,98.54566702717393,36.26256125487116,49.612835379573745,28.16070208475402,15.494008795752677,12.421943212438004
1.8706522023821734,-0.42386567548433707,112.84070901675811,40.47329923491969,57.44580058649192,33.23669427751632,17.66574752201435,15.133552192928128
2.1051114860111477,-0.42386567548433707,130.89492201621326,44.64095180076592,65.51561397225571,37.74071083034286,20.113854539083054,18.15405246793812
2.368956860549917,-0.42386567548433707,150.69900943454104,48.12362304789748,76.15431664099053,42.62897653214979,23.059328577009367,21.700786626967002
2.6658714488230206,-0.42386567548433707,177.0581739717077,51.55069956758814,87.8878637446911,46.838915592007154,27.101324060840675,26.360520951433084
3.0,-0.42386567548433707,205.11585514701116,54.20169324819716,101.68031757854068,50.56301582984869,31.228537163121015,30.8257213309416
-3.0,-0.37399912542735625,79.10351083738338,28.85325204203077,40.316123298663605,21.26636174677881,12.456156514826652,8.637589875943355
-2.6658714488230206,-0.37399912542735625,64.18158275109003,21.640959190938332,32.35273061952358,14.766829323983533,10.079834200573258,5.764932518853616
-2.368956860549917,-0.37399912542735625,52.19369491138562,14.958198066869258,26.326912005795744,9.707365554105643,8.198328692965706,3.630955726599464
-2.1051114860111477,-0.37399912542735625,42.65455745274309,9.351291517636444,21.571075035756913,5.860347006555163,6.767557679281395,2.1654127941952
-1.8706522023821734,-0.37399912542735625,35.363472293029524,5.231529744230892,17.884246078488285,3.1775954257729673,5.605574249914459,1.1427332070465048
-1.6623060990028473,-0.37399912542735625,29.70959436413045,2.4583852431260014,15.026414778292995,1.4580200846424511,4.715624342208677,0.5175267216253808
-1.4771647895120215,-0.37399912542735625,25.408130352967795,0.8596537740759234,12.851921958946523,0.5009462518017164,4.034805766490925,0.17606709276739105
-1.3126438125222553,-0.37399912542735625,22.1815564609144,0.1432974081049653,11.223193917140362,0.08299896282033217,3.523381053089937,0.029031858099316736
-1.166446554092426,-0.37399912542735625,19.782387861019668,0.005847645972262599,10.008352038621123,0.0032103554821125793,3.142446005931616,0.001032900051680923
-1.0365321883776653,-0.37399912542735625,18.027864439589038,0.19350696166992543,9.119851196144351,0.10864302607023617,2.862946432459909,0.0368334910753199
-0.9210871889273549,-0.37399912542735625,16.749795485727137,0.5237077467945881,8.473846332299788,0.29268504287627833,2.65900299957463,0.0995665087337457
-0.8185000129460304,-0.37399912542735625,15.818664492072735,0.8871264308454374,8.0006831860564,0.4951775284168907,2.510605654174112,0.16788914099603683
-0.7273386051246984,-0.37399912542735625,15.115708647292282,1.2402317937819622,7.647624175784396,0.6886689027869772,2.3960763994651897,0.23537996808768816
-0.6463304070095649,-0.37399912542735625,14.540233512351264,1.5855324726144873,7.352132483634294,0.881473277557072,2.30566432997161,0.2986744384873924
-0.5743445928509872,-0.37399912542735625,14.017523540215896,1.947264937229472,7.0897986197965945,1.0783419108360555,2.222323972835857,0.36552599686891385
-0.5103762839557767,-0.37399912542735625,13.546113976420411,2.3161315325798704,6.849096995605282,1.281979410445423,2.147821187704103,0.43273275615136875
-0.4535325211846986,-0.37399912542735625,13.187817882581083,2.625578987676005,6.6661929853554724,1.4524981289216252,2.091025284585615,0.4890122473727821
-0.40301979977966995,-0.37399912542735625,13.02937681945872,2.7708768588522132,6.586414070639997,1.531371187541653,2.0668243839187603,0.5143865592588606
-0.35813299251433084,-0.37399912542735625,13.092449063361911,2.7123993893361096,6.617450424694476,1.5003546665365302,2.0780278758380004,0.5025339807026661
-0.3182455065418344,-0.37399912542735625,13.332151540261936,2.497786476644283,6.739787854749709,1.3821884619091305,2.1175469173136996,0.4621702904868204
-0.2828005365353655,-0.37399912542735625,13.68795275854182,2.2006963258937584,6.9215089291093905,1.2183008934789985,2.1733325155464263,0.4088959337180388
-0.2513032920204875,-0.37399912542735625,14.109175828196006,1.8803517208887628,7.134670008051707,1.0428671804557559,2.2398375569050444,0.35076811833964106
-0.22331409039755062,-0.37399912542735625,14.55936445143879,1.5731867463180664,7.36148829481637,0.874910995070805,2.3127384530836963,0.2933849528561671
-0.19844221923690444,-0.37399912542735625,15.01468589769847,1.297035459962173,7.591300844550996,0.7231659033759071,2.386685089749193,0.24152864843100263
-0.17634048216824733,-0.37399912542735625,15.460056127652207,1.0582532602954013,7.817013209135155,0.5910413505988519,2.457863848805004,0.19728281888759452
-0.15670035222800524,-0.37399912542735625,15.886380699830505,0.8568393835798739,8.03350906755934,0.4791017006467515,2.5248404200020134,0.16043198431232272
-0.13924766500838334,-0.37399912542735625,16.288203956370058,0.6898411463551316,8.237617273425132,0.386069786247828,2.587470879586261,0.12994242612767556
-0.12373879148704055,-0.37399912542735625,16.662679383105136,0.5530348781007466,8.42752836703821,0.3098282846039371,2.6459188205965574,0.10477948655604005
-0.10995723711238882,-0.37399912542735625,17.008569576519122,0.4419691526725316,8.602660375623252,0.24790779998290113,2.700247872013692,0.0841103160125958
-0.09771061966979347,-0.37399912542735625,17.325937716971225,0.35237164910024277,8.763108434991967,0.1979310594835193,2.7504223111305666,0.06725415859899728
-0.0868279837415025,-0.37399912542735625,17.61560084893445,0.2804347024463538,8.909404094699788,0.15776493271108846,2.79643334269519,0.05361051437349719
-0.07715741427178036,-0.37399912542735625,17.878868093731192,0.2228804838081622,9.042327593690873,0.12557724637190568,2.838366215180665,0.04263649053865826
-0.06856391592404971,-0.37399912542735625,18.11736211698554,0.17695001121262025,9.162750635710648,0.09984222899258326,2.876373501797994,0.033856360829027765
-0.06092752862714207,-0.37399912542735625,18.3328431792859,0.140365320186971,9.271578984726718,0.07930490546846024,2.910686845454198,0.02685637308716706
-0.0541416530048151,-0.37399912542735625,18.527101171999224,0.11126820283106371,9.369723822607808,0.06294039519486648,2.9415790665822317,0.021288255482434966
-0.04811156231253989,-0.37399912542735625,18.701899695032964,0.08815353193471995,9.458075408603618,0.049917329529739124,2.969331625148558,0.016866150105462344
-0.04275308010908995,-0.37399912542735625,18.858940505365933,0.06980843550777782,9.537485625762171,0.03956471404178441,2.994223148319104,0.013357926339257616
-0.0379914052040221,-0.37399912542735625,18.99983874316628,0.055259620551073294,9.608759634611241,0.03134277634566888,3.0165221161058224,0.010576537436178408
-0.03376006747802295,-0.37399912542735625,19.1261080225057,0.04372855822244364,9.672652198840854,0.024818363503572628,3.0364805403612523,0.008372315052716758
-0.03,-0.37399912542735625,19.239153704607592,0.03459397701251671,9.72986594102483,0.01964463310519708,3.0543307494964145,0.006626041173504323
0.03,-0.37399912542735625,21.148944203769254,0.03540223338513148,10.695825550364331,0.020201458605766127,3.355486893754336,0.006906642477806848
0.03376006747802295,-0.37399912542735625,21.275108204825816,0.04487679245826409,10.759476718685223,0.025612214493082024,3.375432741648585,0.008766975691293552
0.0379914052040221,-0.37399912542735625,21.417960599081116,0.05688975877417207,10.831518949549432,0.03247469913050445,3.398017575423942,0.011129944657174267
0.04275308010908995,-0.37399912542735625,21.5798134714312,0.07212087279485024,10.91311077831342,0.041179068557865246,3.4236018531454318,0.014131215103057716
0.04811156231253989,-0.37399912542735625,21.76332043174686,0.09143074183702646,11.005585167372557,0.05222060716788103,3.452595610160095,0.017942539571477154
0.0541416530048151,-0.37399912542735625,21.971529800686785,0.11590786495655749,11.110480573215074,0.06622831338162413,3.4854636065453914,0.022780754614083756
0.06092752862714207,-0.37399912542735625,22.207947625476187,0.14692733534666222,11.229578525187554,0.08400138551090927,3.522730392389918,0.028918625158964983
0.06856391592404971,-0.37399912542735625,22.47661524342231,0.18622428448361006,11.364949180346358,0.10655581233842855,3.5649900571483366,0.03669867782418605
0.07715741427178036,-0.37399912542735625,22.782206253602695,0.23598593279985386,11.519009429771703,0.13518441236968293,3.612927731431805,0.04655248558296443
0.0868279837415025,-0.37399912542735625,23.130143137175278,0.2989661143182191,11.694602412180886,0.1715357357070174,3.6673484415321846,0.05902673587670139
0.09771061966979347,-0.37399912542735625,23.52673883351371,0.37862734330819714,11.895098207710541,0.21771726957148163,3.7292170301608945,0.07481937843130229
0.10995723711238882,-0.37399912542735625,23.979413967276002,0.47932670317650683,12.124488150781069,0.27642190718492826,3.799766031820239,0.0948464444352678
0.12373879148704055,-0.37399912542735625,24.497056274989866,0.6065749617920866,12.387469557026519,0.3510781612811647,3.8806206341318594,0.12034017389551852
0.13924766500838334,-0.37399912542735625,25.090441435828822,0.7673709817908547,12.689562351647343,0.44603677064486347,3.973884631636479,0.15296844212716829
0.15670035222800524,-0.37399912542735625,25.772747009830198,0.9706326038065631,13.037097901889497,0.5667414310159663,4.082176941198027,0.1949686355884713
0.17634048216824733,-0.37399912542735625,26.56024792391002,1.227766509936138,13.437134965163278,0.7198693146356648,4.208186914720209,0.2490915400745036
0.19844221923690444,-0.37399912542735625,27.47225693403852,1.553050578441642,13.897521166336553,0.913503013289088,4.353895324634657,0.31826849930785334
0.22331409039755062,-0.37399912542735625,28.53046926052762,1.9636896960705692,14.427284092761795,1.1574422408708087,4.519942895497987,0.4051095803675221
0.2513032920204875,-0.37399912542735625,29.756596553524098,2.478845203599227,15.03827400291916,1.4642163507453343,4.707200395712059,0.5124750932631613
0.2828005365353655,-0.37399912542735625,31.171461088506426,3.1186471528387325,15.747493246299374,1.8508428571026565,4.922147057295143,0.6469798937724512
0.3182455065418344,-0.37399912542735625,32.80098851232549,3.9061923348131757,16.57728449009801,2.339802719392401,5.180241239292084,0.8228623707863769
0.35813299251433084,-0.37399912542735625,34.694445874115935,4.876751134526152,17.54848174876155,2.955277059629538,5.492167875175952,1.0540826234690124
0.40301979977966995,-0.37399912542735625,36.935885232290985,6.085467647801188,18.67253228725415,3.7165314231765985,5.8426051192988275,1.3352246379311663
0.4535325211846986,-0.37399912542735625,39.59827735929065,7.581861523402397,19.972264428704065,4.650221157141609,6.230004806359261,1.6688417268854125
0.5103762839557767,-0.37399912542735625,42.673479737514874,9.362359160609797,21.525694604912456,5.825219448007361,6.723049700066459,2.1229715283211053
0.5743445928509872,-0.37399912542735625,46.220265094492234,11.449163952142879,23.400181676101724,7.306389160475028,7.307951075867356,2.697455652523115
0.6463304070095649,-0.37399912542735625,50.579592577881485,14.015959506110713,25.548125263879513,9.06107943686448,7.947033643008163,3.361261568531047
0.7273386051246984,-0.37399912542735625,55.75367052344059,17.008230354540387,28.105561030429545,11.195493643446396,8.78894294382384,4.28108624626731
0.8185000129460304,-0.37399912542735625,61.58456259336946,20.251711343132584,31.185728418352173,13.78727857538427,9.654483346002587,5.267958866933668
0.9210871889273549,-0.37399912542735625,69.07077279478823,24.152365563097256,34.71096340998076,16.731628064434794,10.862902048081164,6.696128904495274
1.0365321883776653,-0.37399912542735625,77.35316460112944,28.077665192592878,39.26133517946976,20.43125385056573,12.090183022063387,8.187392753555953
1.166446554092426,-0.37399912542735625,88.09429072988301,32.546191708279885,44.122628768336874,24.195721440791996,13.77685254968111,10.275791237173873
1.3126438125222553,-0.37399912542735625,99.80086461811507,36.67038719485037,50.61617720807151,28.849747717165254,15.608022639322567,12.56461256550254
1.4771647895120215,-0.37399912542735625,115.4537163848937,41.14836287060747,57.91723774751271,33.51989288339845,17.86311363316946,15.378878362103478
1.6623060990028473,-0.37399912542735625,132.25574919021815,44.9124743128606,66.56577506618129,38.27439100787098,20.77618691126381,18.961049612258897
1.8706522023821734,-0.37399912542735625,153.6062204706209,48.5602979401894,78.20439841575897,43.44672482377089,24.024298533572864,22.836797680294907
2.1051114860111477,-0.37399912542735625,180.6413116926684,51.93728923255268,90.38346981135416,47.5998251971212,27.72026640358664,27.049927343308678
2.368956860549917,-0.37399912542735625,210.63120188771177,54.63577837376233,106.42279762668718,51.60627724259229,32.18729774082874,31.81714940239883
2.6658714488230206,-0.37399912542735625,250.49179482255545,57.17523339298225,124.29778247001607,54.74271784308931,38.29617610066081,37.70631229784874
3.0,-0.37399912542735625,293.4423680873018,59.0992203486128,145.42633303512739,57.32349720144681,44.62487598432333,43.00617241402422
-3.0,-0.32413257537037543,114.61922027558474,40.93567454697891,58.4683552299455,33.84775437507372,18.012988323664374,15.564996542849817
-2.6658714488230206,-0.32413257537037543,92.27914384498851,34.10523436080993,46.48141866795842,25.938706212511647,14.45079554948324,11.117000713584451
-2.368956860549917,-0.32413257537037543,74.19701076273886,26.631552243034253,37.39549456832423,18.931884113558656,11.611868349953765,7.602416670737587
-2.1051114860111477,-0.32413257537037543,59.657688976302325,19.197873510693377,30.16489155451711,12.928324690609701,9.455230956758907,5.037667724783802
-1.8706522023821734,-0.32413257537037543,48.48843366939661,12.787223945793755,24.51276311209132,8.209304669726667,7.671766853344138,3.0712229078281026
-1.6623060990028473,-0.32413257537037543,39.7014360805764,7.640844474100195,20.07545425294313,4.726452399490417,6.294870350311434,1.7268067809219267
-1.4771647895120215,-0.32413257537037543,32.940748844408105,3.975947706131244,16.65485548149531,2.3873420304452524,5.222942058200141,0.8533613924558167
-1.3126438125222553,-0.32413257537037543,27.78686617078604,1.671586112226968,14.054913157919993,0.9837067541765928,4.4110535911429904,0.34723109330369406
-1.166446554092426,-0.32413257537037543,23.88388170311227,0.457233465160024,12.081198994679063,0.2648765098343018,3.79229226154284,0.09262535571620531
-1.0365321883776653,-0.32413257537037543,20.968876541872635,0.023758188057810794,10.606719776787875,0.013671922553916254,3.329131499829051,0.00477906470054711
-0.9210871889273549,-0.32413257537037543,18.799638218941798,0.07646986884605875,9.510289459825072,0.04296767741566751,2.98420923271189,0.01471773672948475
-0.8185000129460304,-0.32413257537037543,17.19401335430701,0.3882201412126195,8.696065287764286,0.21804635551738275,2.7288367802147264,0.07424861336606106
-0.7273386051246984,-0.32413257537037543,15.986640491668972,0.8131490334134969,8.088053073596809,0.45308150292532645,2.534149501935115,0.15566241610846784
-0.6463304070095649,-0.32413257537037543,15.036564189148086,1.2845993274159189,7.603189783795275,0.7157978797633823,2.3842757833175794,0.24312162354046413
-0.5743445928509872,-0.32413257537037543,14.22856410283714,1.7954493846637458,7.196945963633248,0.9948830917574981,2.25554966474137,0.33785433012537375
-0.5103762839557767,-0.32413257537037543,13.51504652798955,2.3419411544711237,6.833863306025892,1.295647602092461,2.142600821669771,0.4377188802870928
-0.4535325211846986,-0.32413257537037543,12.921879353270015,2.872515149936484,6.531605883207698,1.5871936627215388,2.0481495193913024,0.5345547984265092
-0.40301979977966995,-0.32413257537037543,12.542971065799934,3.251225463500889,6.340388602530923,1.7927614245402286,1.9893952447872711,0.6014624832712443
-0.35813299251433084,-0.32413257537037543,12.431512955306673,3.3689036290394334,6.282878446105367,1.8579858417238175,1.9729146359692842,0.6212019836900207
-0.3182455065418344,-0.32413257537037543,12.556400094925449,3.2372437605124773,6.3468920856086335,1.785486500739934,1.9943621624099772,0.5955984259405241
-0.2828005365353655,-0.32413257537037543,12.850968415103148,2.9409404136329695,6.497786508607682,1.6223160145167554,2.040504975238621,0.5429608578808345
-0.2513032920204875,-0.32413257537037543,13.251882516860015,2.568325499685524,6.700793033651797,1.4191533207441667,2.103821329018356,0.47593709403876894
-0.22331409039755062,-0.32413257537037543,13.710542037511832,2.1826715475550014,6.931846374237524,1.2093826109097199,2.1782929638832993,0.40436207838287097
-0.19844221923690444,-0.32413257537037543,14.193567717057682,1.820074396902493,7.1756081563856835,1.0111617261451058,2.2569143083747405,0.33674713214939184
-0.17634048216824733,-0.32413257537037543,14.678855699960915,1.4974548409373665,7.421565867369382,0.8335006239445364,2.3345471049975943,0.2774448011738745
-0.15670035222800524,-0.32413257537037543,15.152328727313668,1.2200294420761773,7.662035093482189,0.6800080219063109,2.4089375140434286,0.22711500078455088
-0.13924766500838334,-0.32413257537037543,15.60498845550184,0.9868874852682153,7.892000730501319,0.5506747146156412,2.4794768568007366,0.18489746965127
-0.12373879148704055,-0.32413257537037543,16.03152009442995,0.7940328747406863,8.108334129251118,0.44362456190033234,2.546037049051908,0.14969379180750986
-0.10995723711238882,-0.32413257537037543,16.42896012352639,0.6363435190699299,8.309582545215658,0.3560364681483647,2.6084585513808523,0.12054933744567713
-0.09771061966979347,-0.32413257537037543,16.796231337372596,0.5084515898179215,8.495268543465373,0.28494447317173277,2.6665227047541573,0.09663862664043898
-0.0868279837415025,-0.32413257537037543,17.13341318809828,0.40534905476714217,8.665568638019367,0.2275590359127954,2.720083711689919,0.07719504449839489
-0.07715741427178036,-0.32413257537037543,17.441372557269144,0.322600637909063,8.821060320122283,0.18141501275913538,2.769137302539293,0.06149883265491043
-0.06856391592404971,-0.32413257537037543,17.72150684662939,0.25640196518106056,8.962510795515696,0.1444212315442877,2.8137819459808058,0.04890404098524208
-0.06092752862714207,-0.32413257537037543,17.975499326722154,0.20357105608645054,9.090790254012544,0.11483474287075111,2.854228532245043,0.038839128289495164
-0.0541416530048151,-0.32413257537037543,18.2051633129364,0.1614880588900542,9.206823538413898,0.09121810530136543,2.890751480282508,0.03081751963584233
-0.04811156231253989,-0.32413257537037543,18.412354440226967,0.12801622180882558,9.311547754923959,0.0723966463714048,2.923646962143527,0.024436667588147505
-0.04275308010908995,-0.32413257537037543,18.598911840936353,0.10142467124830795,9.405883034408102,0.05741690982313317,2.9532168502948055,0.019367707523870563
-0.0379914052040221,-0.32413257537037543,18.76661578479675,0.08031885852878326,9.490716106552206,0.04550849623906086,2.9797580360528313,0.01534440120735565
-0.03376006747802295,-0.32413257537037543,18.91715992299231,0.0635798204596743,9.566890913373639,0.036051006711798776,3.0035533039989546,0.01215292758312368
-0.03,-0.32413257537037543,19.052135507285506,0.05031243022269193,9.635202640889394,0.02854626730353397,3.0248662466192404,0.009622461918817046
0.03,-0.32413257537037543,21.357180733782812,0.05161316953620265,10.801055590542962,0.029477913104411262,3.388344425553948,0.01008475336508949
0.03376006747802295,-0.32413257537037543,21.510916741876212,0.06542898100285931,10.878617936701882,0.03737951995253353,3.4126475114069392,0.012804297010379615
0.0379914052040221,-0.32413257537037543,21.685183574600114,0.08294638040064446,10.966504213884738,0.047403289509056395,3.440196905849321,0.016259825926000972
0.04275308010908995,-0.32413257537037543,21.882875106051078,0.10515600060920219,11.066164800903637,0.060120161167694766,3.4714439774225583,0.020650428550785888
0.04811156231253989,-0.32413257537037543,22.10732481518278,0.13331147748085753,11.179274363917248,0.07625499582432015,3.5069042493265394,0.02622830489565088
0.0541416530048151,-0.32413257537037543,22.362377214429237,0.1689974033602998,11.307772973583488,0.09672836048516278,3.5471647428037945,0.03331206910339528
0.06092752862714207,-0.32413257537037543,22.65247300621049,0.21421387452674748,11.453916057221646,0.12270977874766305,3.5928915139463826,0.04230281645857448
0.06856391592404971,-0.32413257537037543,22.98275408819821,0.27148180658655113,11.620335241331974,0.15568558985501849,3.644843138663261,0.05370461591231147
0.07715741427178036,-0.32413257537037543,23.359194852352616,0.34397417780103046,11.81011593009949,0.19754614051732491,3.703898693611975,0.06815296650540131
0.0868279837415025,-0.32413257537037543,23.788761008575527,0.43567815390958453,12.02690264202144,0.2506998734617782,3.7710953105361877,0.08645318117953008
0.09771061966979347,-0.32413257537037543,24.27960364220942,0.5515944533583993,12.275032434491001,0.3182217409091661,3.8476802507656225,0.10963351901155952
0.10995723711238882,-0.32413257537037543,24.841350661352667,0.6979954646908892,12.559664408250773,0.40403404484026134,3.9352456872329373,0.13904222176171002
0.12373879148704055,-0.32413257537037543,25.48557737120821,0.8827806716654538,12.886901958415052,0.5131196150010283,4.0358867661489475,0.17648934922630108
0.13924766500838334,-0.32413257537037543,26.226364773438057,1.115928234842979,13.263956584537073,0.6517832680889056,4.1523160660555,0.22441891620932428
0.15670035222800524,-0.32413257537037543,27.080987181986433,1.410065259507526,13.69916355673824,0.8278864340713215,4.287918129559801,0.28609939448717936
0.17634048216824733,-0.32413257537037543,28.07083274873832,1.7812009920818395,14.201913399160766,1.051032742254037,4.446223536035846,0.3655433735226377
0.19844221923690444,-0.32413257537037543,29.221438301578612,2.249155806961439,14.78276288429998,1.3327885854065984,4.629965351658726,0.46703343509866924
0.22331409039755062,-0.32413257537037543,30.561789204732108,2.8374705877227155,15.453963316952477,1.6870905634056945,4.840305266605339,0.59441705734113
0.2513032920204875,-0.32413257537037543,32.121542972230046,3.5718503384672062,16.23153571703958,2.1316063891001362,5.078754071218692,0.7519332360789932
0.2828005365353655,-0.32413257537037543,33.92999339969957,4.478553538441835,17.13824138396986,2.6900727017639596,5.353816783344095,0.949162819695533
0.3182455065418344,-0.32413257537037543,36.023581316728766,5.586799770497832,18.203965239279533,3.3934199806399863,5.685279336706647,1.2064024738904626
0.35813299251433084,-0.32413257537037543,38.46876049437694,6.940490198860692,19.457381991325363,4.2742517996477245,6.087342569612987,1.5434125646957366
0.40301979977966995,-0.32413257537037543,41.37688630426568,8.60671344448344,20.91618857620118,5.3575635108092925,6.542119415778728,1.9528122055496062
0.4535325211846986,-0.32413257537037543,44.847817035288564,10.639612656841654,22.61296456734593,6.677347475207287,7.04881556305083,2.4386140637036977
0.5103762839557767,-0.32413257537037543,48.88195757608021,13.018970584735449,24.650538208745946,8.322077157713156,7.694911229466195,3.0953798028053203
0.5743445928509872,-0.32413257537037543,53.5651216792312,15.75306547003946,27.120411697510683,10.36958808414337,8.465435822862878,3.9223154885253515
0.6463304070095649,-0.32413257537037543,59.34299087811122,19.02398564818909,29.970552286216762,12.76469854959161,9.315173293951492,4.876838565776676
0.7273386051246984,-0.32413257537037543,66.23914811064874,22.714864677345542,33.38238399765151,15.627608745208907,10.435250314442884,6.185201366865823
0.8185000129460304,-0.32413257537037543,74.07441787942037,26.574143447863364,37.511943077265016,19.026237237629747,11.601411502041012,7.589676687263157
0.9210871889273549,-0.32413257537037543,84.15265415736114,30.986264033884027,42.273647621487704,22.790008244367478,13.225678393239937,9.590005389681549
1.0365321883776653,-0.32413257537037543,95.40612572126165,35.20749878151435,48.43000784703052,27.334004668579496,14.89769479125649,11.675803247537116
1.166446554092426,-0.32413257537037543,110.01915310311978,39.713578510999184,55.07963113393967,31.77702977991549,17.19121427030923,14.542726606482383
1.3126438125222553,-0.32413257537037543,126.10415535783358,43.64129451289634,63.958261670887,36.927502596891266,19.70645315412513,17.65526600244712
1.4771647895120215,-0.32413257537037543,147.60172334286815,47.63947076438015,74.02376489621226,41.738668566871056,22.81435917223259,21.410218209962704
1.6623060990028473,-0.32413257537037543,170.918667318831,50.849176874320676,86.01000961463079,46.2375701016636,26.834139532633838,26.06084449824852
1.8706522023821734,-0.32413257537037543,200.5925583931208,53.82686131100808,102.12739073420447,50.66592301765766,31.35306040659509,30.955489653947872
2.1051114860111477,-0.32413257537037543,238.24147807138834,56.49061900713625,119.18032276186393,53.95464844546145,36.529449349217494,36.08037155855951
2.368956860549917,-0.32413257537037543,280.3365402455304,58.57844818185116,141.62540584633035,56.925484007306,42.8061505279797,41.5672063923915
2.6658714488230206,-0.32413257537037543,336.239672991815,60.50171003049364,166.82160380282082,59.17290486106244,51.3705836748476,47.759460576233565
3.0,-0.32413257537037543,396.9874185960879,61.94786951036858,196.71973434117282,60.988941757375194,60.33226056868423,52.72407794731966
-3.0,-0.2742660253133946,157.44845718817615,49.11251878442443,80.35709293579163,44.26595943265016,24.71118624277795,23.63677885056272
-2.6658714488230206,-0.2742660253133946,126.34106101129402,43.69238838907103,63.60792452728127,36.74094237411295,19.7472054959585,17.705238049495236
-2.368956860549917,-0.2742660253133946,101.03786309161792,37.064687781975266,50.896550216163284,29.040275630015813,15.773914896558672,12.772181143408723
-2.1051114860111477,-0.2742660253133946,80.55379678527453,29.481695845352895,40.725738159523544,21.588068260557474,12.757070541106415,9.009185752582738
-1.8706522023821734,-0.2742660253133946,64.76460547296496,21.94771116978967,32.7320333420179,15.084369153505758,10.233028291431381,5.945558086114753
-1.6623060990028473,-0.2742660253133946,52.22861115284004,14.978505307362518,26.405301291742994,9.772635467089453,8.274237806759436,3.713283213754556
-1.4771647895120215,-0.2742660253133946,42.51454273499743,9.269429791960235,21.487957745983294,5.796039880339092,6.732496779078795,2.131961142497785
-1.3126438125222553,-0.2742660253133946,35.034605747946344,5.056438006100871,17.716052371683034,3.0656582700329387,5.558540822212813,1.1056855079797065
-1.166446554092426,-0.2742660253133946,29.306431495649477,2.2851490292791317,14.821574146391736,1.3524684661405881,4.6512640929486,0.4794056321149645
-1.0365321883776653,-0.2742660253133946,24.973332849616973,0.7344225580474402,12.631208716063263,0.4269529041424077,3.9638147804965476,0.14928423788994866
-0.9210871889273549,-0.2742660253133946,21.706237710361744,0.08519442355974134,10.97988112336613,0.04902743009529296,3.4453462522968583,0.016949131051319188
-0.8185000129460304,-0.2742660253133946,19.261520763332577,0.0329182223344484,9.741500743462478,0.018669029758513492,3.0569421374769834,0.006388230058385003
-0.7273386051246984,-0.2742660253133946,17.41986629475702,0.3280353798229896,8.812623397023964,0.1837697270086404,2.761679547386808,0.06375816776849773
-0.6463304070095649,-0.2742660253133946,15.99541880395264,0.8093886251488622,8.088251759286374,0.45298828619917836,2.53641083197062,0.15451651406975309
-0.5743445928509872,-0.2742660253133946,14.83195095566434,1.403847891951426,7.502366181630024,0.7797666036008197,2.351161607709249,0.26566780052430994
-0.5103762839557767,-0.2742660253133946,13.834482587277927,2.0855052716067983,6.995874235307603,1.1550899869963538,2.1930806513037546,0.39103850032878806
-0.4535325211846986,-0.2742660253133946,12.981552274283247,2.8157858677191947,6.56183735109258,1.5562360361097585,2.056999461013809,0.5249325948611645
-0.40301979977966995,-0.2742660253133946,12.352826234152085,3.4537578682327146,6.244350944811171,1.902588567626701,1.9589960695001798,0.6382146412606835
-0.35813299251433084,-0.2742660253133946,12.026860598516118,3.8214190828249177,6.0781000455054235,2.103652725907156,1.908432159662827,0.7027280627195354
-0.3182455065418344,-0.2742660253133946,11.994228799069985,3.8596951532673485,6.062096790403478,2.1237623624132818,1.9049807484351153,0.7072902749094413
-0.2828005365353655,-0.2742660253133946,12.18863597127844,3.6356518367623085,6.162398775467439,1.999933118098496,1.9353417363622583,0.6678588562065446
-0.2513032920204875,-0.2742660253133946,12.53628776133559,3.2581994931211673,6.338585701933372,1.7947817924184262,1.990257738495928,0.6004413946263563
-0.22331409039755062,-0.2742660253133946,12.976408263434411,2.820645679560684,6.560236273990654,1.5578652579733314,2.0619886626001573,0.519559373029941
-0.19844221923690444,-0.2742660253133946,13.465291113957603,2.3836741822208625,6.806901832922462,1.3200727079339145,2.1417959466848573,0.4384909497722887
-0.17634048216824733,-0.2742660253133946,13.972910749538269,1.9803885168884217,7.064197155850558,1.098924707712273,2.2230951061151343,0.36486805481853646
-0.15670035222800524,-0.2742660253133946,14.479392708309863,1.62520404187531,7.3214720274498415,0.9031953486963489,2.302674812788658,0.30092744857823417
-0.13924766500838334,-0.2742660253133946,14.971518109496193,1.3217923824131679,7.571533157725498,0.7355196094529441,2.379339610320287,0.24640523235141065
-0.12373879148704055,-0.2742660253133946,15.440953953385922,1.067886555707452,7.809655889696808,0.5950947738210571,2.452574828419997,0.2003867939304906
-0.10995723711238882,-0.2742660253133946,15.882567957552148,0.8585279324441493,8.033290967844783,0.47920747340439696,2.521926605554601,0.16194225807064525
-0.09771061966979347,-0.2742660253133946,16.29378794540746,0.6876703611963262,8.241206521739196,0.3845383145445309,2.58693904018413,0.13018573776509448
-0.0868279837415025,-0.2742660253133946,16.673672245834823,0.5492831383435315,8.433078794575513,0.3077444463130026,2.647286648560645,0.10422743880586334
-0.07715741427178036,-0.2742660253133946,17.022419137565414,0.4378175113278383,8.609167051781306,0.24575741994198236,2.7028413123061603,0.08318727095049806
-0.06856391592404971,-0.2742660253133946,17.341020214969635,0.34839775976810516,8.770042341505198,0.195912625906503,2.753619603137661,0.06625071265825463
-0.06092752862714207,-0.2742660253133946,17.63093783276912,0.27688017363909784,8.916466497194621,0.15595291610608752,2.7997891514793527,0.05268164338658211
-0.0541416530048151,-0.2742660253133946,17.89389398711662,0.2198147064215166,9.049320131495039,0.12399486504111802,2.8416078071059165,0.04184485052459073
-0.04811156231253989,-0.2742660253133946,18.131744801807756,0.17436445224186303,9.169541061975709,0.09848603055958143,2.879371858228257,0.033209968970121774
-0.04275308010908995,-0.2742660253133946,18.346393658687845,0.13821736623568867,9.278080832097531,0.07815812166318784,2.913394727430606,0.026340731694200814
-0.0379914052040221,-0.2742660253133946,18.53972746282422,0.10950206815710209,9.375878275977161,0.06198120675759012,2.9439923540790165,0.02088209575027013
-0.03376006747802295,-0.2742660253133946,18.713573039355733,0.08671168082950781,9.46384289933541,0.04912262930898934,2.971470799306319,0.01654776104695077
-0.03,-0.2742660253133946,18.86966992116088,0.0686374437303647,9.542843488393434,0.03891169790480777,2.9961189143039086,0.013108261017226777
0.03,-0.2742660253133946,21.56423760857874,0.07058113806287603,10.905689086916135,0.040346798521301803,3.421015672664087,0.013812318799827205
0.03376006747802295,-0.2742660253133946,21.745635662201458,0.08947664610465235,10.997208132492084,0.051169508233212486,3.449690135558674,0.017541168772190155
0.0379914052040221,-0.2742660253133946,21.9514816129349,0.1134340147241299,11.10102166492865,0.06490136265108035,3.482230013353694,0.022280660061446043
0.04275308010908995,-0.2742660253133946,22.18527733453582,0.1438066660626562,11.218885115658566,0.08232560887437435,3.519181729883524,0.028304700630518504
0.04811156231253989,-0.2742660253133946,22.451070142564856,0.18230629036152418,11.352831961654223,0.10443663710081827,3.561171660936085,0.035960436511280516
0.0541416530048151,-0.2742660253133946,22.753544616168163,0.23109469184734865,11.505225972442865,0.13249714362475096,3.608916006931123,0.0456866515852936
0.06092752862714207,-0.2742660253133946,23.09813261376501,0.29289760335099635,11.678824913964881,0.16811083796965307,3.663231222419939,0.0580360198424533
0.06856391592404971,-0.2742660253133946,23.491149141413896,0.37114571417245834,11.876858444508107,0.21331486259853588,3.725051750919861,0.07370347037384466
0.07715741427178036,-0.2742660253133946,23.939962284887024,0.47014923068436326,12.103127421321224,0.2706981370063485,3.795465104040454,0.09356543150592295
0.0868279837415025,-0.2742660253133946,24.45319971365258,0.5953116748056637,12.362137916385228,0.3435554700885346,3.875758952752231,0.11873264777966501
0.09771061966979347,-0.2742660253133946,25.041002268785927,0.753390021104748,12.659271012349787,0.4360868306349078,3.967486555087518,0.15062315919270958
0.10995723711238882,-0.2742660253133946,25.715398591559964,0.9528273861839114,13.000952282053833,0.553638483529943,4.07262991521481,0.19109423544355117
0.12373879148704055,-0.2742660253133946,26.490898211241703,1.2042050039026888,13.39481765364741,0.702984579675063,4.193793236122952,0.2426343614845585
0.13924766500838334,-0.2742660253133946,27.385202871565607,1.5208057709794014,13.849931457757377,0.8926675064301155,4.334349194633748,0.30859541406771945
0.15670035222800524,-0.2742660253133946,28.420088605585537,1.9193085045365592,14.37683773386772,1.1332950259247627,4.498514687061971,0.39344610912795935
0.17634048216824733,-0.2742660253133946,29.62257642787278,2.4206498855506995,14.98751716866327,1.4377615941198352,4.6907465420537955,0.5026617075156959
0.19844221923690444,-0.2742660253133946,31.02509388739773,3.0504245341006735,15.695558823847474,1.8215008506601527,4.914631764717924,0.64208617153823
0.22331409039755062,-0.2742660253133946,32.6647572630231,3.838513411641699,16.516843013251567,2.3029682656477872,5.171967196898871,0.8169969393754448
0.2513032920204875,-0.2742660253133946,34.580207062224325,4.816740556627901,17.472078444373007,2.905336560763563,5.465039466845052,1.033224222955234
0.2828005365353655,-0.2742660253133946,36.81045912177316,6.016418623281419,18.590464249118092,3.659379172028091,5.804588089235978,1.303722608302052
0.3182455065418344,-0.2742660253133946,39.40402298890623,7.470967020681953,19.910316274149462,4.6045945625601465,6.215077461900997,1.6555837513377565
0.35813299251433084,-0.2742660253133946,42.44667036659922,9.229768498491781,21.46922255574682,5.78156376623533,6.71462461782859,2.114963020686563
0.40301979977966995,-0.2742660253133946,46.08010594370869,11.366442066482865,23.292301154364157,7.219658186072919,7.282943133185045,2.6721959811625964
0.4535325211846986,-0.2742660253133946,50.434682417374205,13.931066422030607,25.423411866812504,8.957990147479602,7.920312470233831,3.3328519316502336
0.5103762839557767,-0.2742660253133946,55.5224194599679,16.876458581137847,27.992876284599376,11.100864604707482,8.734456286379,4.220235283710576
0.5743445928509872,-0.2742660253133946,61.46071026658541,20.184550127670793,31.119481605898926,13.731580704117686,9.709713798260108,5.33208868118528
0.6463304070095649,-0.2742660253133946,68.81060086126236,24.022278608045998,34.74835551090282,16.762573082617862,10.793370575405651,6.612700161529645
0.7273386051246984,-0.2742660253133946,77.62338482353007,28.198627651639182,39.11165302858714,20.311987575402213,12.222719744636569,8.35019188521311
0.8185000129460304,-0.2742660253133946,87.70198001564124,32.39497060051869,44.41418198142321,24.41427276922385,13.72586900519721,10.212258731912314
0.9210871889273549,-0.2742660253133946,100.68643285499178,36.953427785742406,50.56485671990075,28.81477708692026,15.816003479680413,12.824838515028588
1.0365321883776653,-0.2742660253133946,115.29036509193149,41.10694079364169,58.52809533693246,33.88308688849497,17.99029720206265,15.536828241280226
1.166446554092426,-0.2742660253133946,134.27530494333288,45.30578419614197,67.20278959813355,38.59242340207059,20.968894521520777,19.194889821124097
1.3126438125222553,-0.2742660253133946,155.33234055196417,48.81179424682984,78.78308537345566,43.67085279252537,24.26087262328135,23.113153697778074
1.4771647895120215,-0.2742660253133946,183.4685967969959,52.23124235984698,91.99464876636814,48.06897230654603,28.33920722884796,27.732519833086055
1.6623060990028473,-0.2742660253133946,214.22675636653656,54.90606165573326,107.79078235696915,51.888326090569024,33.61963083803137,33.264893555897295
1.8706522023821734,-0.2742660253133946,253.41787095200254,57.328368697836275,129.02036384200574,55.40587323033647,39.59243140705825,38.85873292612002
2.1051114860111477,-0.2742660253133946,303.21816627183176,59.45662108435896,151.66750336405303,57.92648016689574,46.4683396182792,44.39587952490805
2.368956860549917,-0.2742660253133946,359.2269534562951,61.10970191812652,181.46512202636515,60.14924284579439,54.826208116735266,49.848757408112604
2.6658714488230206,-0.2742660253133946,433.5664839301533,62.61394869528854,215.09452896013732,61.82034413739918,66.21231480587494,55.23349094639778
3.0,-0.2742660253133946,514.8494462584292,63.741162519569954,255.11375210961864,63.167470785577635,78.2137875330845,58.89816463345563
-3.0,-0.2243994752564138,207.11138160031635,54.36157028469942,105.73701746725493,51.461815882999176,32.47577812686077,32.11196870728884
-2.6658714488230206,-0.2243994752564138,165.97841746964326,50.245757688205764,83.53676306486555,45.4057562026506,25.908671450407354,25.013351557689507
-2.368956860549917,-0.2243994752564138,132.40296190031842,44.94153002778224,66.67254626985759,38.327995391368745,20.635966660390935,18.790622872342993
-2.1051114860111477,-0.2243994752564138,105.09263948963158,38.30587910723223,53.12716517387566,30.524426108188425,16.6335642051235,13.846927917851588
-1.8706522023821734,-0.2243994752564138,83.99096492036503,30.920328939454503,42.44058027646968,22.91829020344306,13.257758333612646,9.629849819353405
-1.6623060990028473,-0.2243994752564138,67.1306235537033,23.17254759010884,33.93488564882747,16.087740728341707,10.628387394571384,6.415284269470725
-1.4771647895120215,-0.2243994752564138,54.001230512960255,16.004562150834964,27.286500240718816,10.508580263945534,8.543265284964237,4.008062147003576
-1.3126438125222553,-0.2243994752564138,43.822153979084504,10.035948513840914,22.15480644666484,6.315705935505763,6.949611047573686,2.341291877830616
-1.166446554092426,-0.2243994752564138,35.96773243667099,5.556553031553166,18.18791354249816,3.382491924399113,5.706338447870143,1.223407199392754
-1.0365321883776653,-0.2243994752564138,29.974780798172443,2.5745217814669257,15.15975401519866,1.5282149685850053,4.756477149404115,0.5422859133809353
-0.9210871889273549,-0.2243994752564138,25.415310256763632,0.8617875525368567,12.855212299337024,0.5020861914312731,4.0338164335329,0.17568101739818465
-0.8185000129460304,-0.2243994752564138,21.975825590812004,0.11644115992104545,11.114090744832955,0.06673807887631408,3.487739305074033,0.02313583648336587
-0.7273386051246984,-0.2243994752564138,19.37586621744746,0.025023328595574136,9.801395064823602,0.01405190119950814,3.072408191554755,0.005071433119546763
-0.6463304070095649,-0.2243994752564138,17.37969611036701,0.33832336149939257,8.78859007986501,0.1905701170035399,2.7561970788852794,0.0654478706540402
-0.5743445928509872,-0.2243994752564138,15.788904348933983,0.90063748362842,7.986434625009882,0.5022537252960808,2.5030195248313234,0.17194491628443895
-0.5103762839557767,-0.2243994752564138,14.461343413190347,1.6370935775066808,7.313283560593701,0.9090530306656628,2.292435462718632,0.3087242759965287
-0.4535325211846986,-0.2243994752564138,13.324222350139088,2.504695743279072,6.735289542510571,1.3864195760750522,2.11085963849925,0.4688444828945285
-0.40301979977966995,-0.2243994752564138,12.425232637210259,3.3756218421379796,6.281206503015923,1.8599062170174838,1.9702880626634092,0.6243883247702104
-0.35813299251433084,-0.2243994752564138,11.855453587752557,4.025553302331315,5.991438035220342,2.2141841097366504,1.8809479046213344,0.7396355807358815
-0.3182455065418344,-0.2243994752564138,11.630482060340258,4.305282601257249,5.877748790834925,2.3653902727777716,1.847024754864235,0.7870501360159018
-0.2828005365353655,-0.2243994752564138,11.690922338698831,4.228787692488829,5.910290254131237,2.321376905769284,1.8562649463484364,0.7739275106921205
-0.2513032920204875,-0.2243994752564138,11.95568179947485,3.905262581426235,6.044665047508169,2.1458214294833997,1.8980902332428078,0.7164603797818502
-0.22331409039755062,-0.2243994752564138,12.352472423800842,3.454142767898042,6.244391083236201,1.9025417170996164,1.963120860245542,0.6331399798691063
-0.19844221923690444,-0.2243994752564138,12.826889333972021,2.964427708112758,6.483684089687286,1.637116133257946,2.0408667952121706,0.542561010901271
-0.17634048216824733,-0.2243994752564138,13.340321938277432,2.490680439270289,6.743949461953591,1.378281688694538,2.123212316966182,0.45656498605455464
-0.15670035222800524,-0.2243994752564138,13.866428767166077,2.06093016592845,7.011244700475606,1.1422966255061167,2.205874618485294,0.3797413779514343
-0.13924766500838334,-0.2243994752564138,14.387184885415168,1.6865265179939237,7.2759101893449145,0.9360924183372976,2.286964913343658,0.3129409545183284
-0.12373879148704055,-0.2243994752564138,14.890750987289232,1.3689004415591337,7.531379951183281,0.7610115673292972,2.365496989190296,0.25575729205209585
-0.10995723711238882,-0.2243994752564138,15.369426545360039,1.1044337280052414,7.773804533665612,0.6150867544786262,2.4406581561069767,0.20748682808450578
-0.09771061966979347,-0.2243994752564138,15.818820651293395,0.887055858629295,8.001031554169403,0.49500526698821823,2.5117056551965438,0.16730577588471673
-0.0868279837415025,-0.2243994752564138,16.2367094496065,0.7100501744944188,8.212103178120596,0.39705866074017115,2.5780950677693943,0.13427037679460135
-0.07715741427178036,-0.2243994752564138,16.622412808304727,0.5669040952159908,8.406853319489178,0.317661594643185,2.6395426607107164,0.10737479322007938
-0.06856391592404971,-0.2243994752564138,16.976348233569116,0.4517147981348306,8.585571381345817,0.2536060488473375,2.695957255600593,0.08564997722577779
-0.06092752862714207,-0.2243994752564138,17.29962236570409,0.3593660367475042,8.748842644625823,0.20212015795778648,2.747442165130063,0.06819699057006737
-0.0541416530048151,-0.2243994752564138,17.593757947661167,0.2855406776664915,8.897449016004604,0.16085863610292422,2.7942215835373942,0.05422758760137416
-0.04811156231253989,-0.2243994752564138,17.86052512195134,0.226654772966586,9.032285435172733,0.12786893479281083,2.8365781261816294,0.04307661390465122
-0.04275308010908995,-0.2243994752564138,18.101822167305365,0.17976694289174128,9.154299919550281,0.10154405266430051,2.8748256683607396,0.03419267052681186
-0.0379914052040221,-0.2243994752564138,18.31958692187667,0.1424839592996355,9.26445534970274,0.08057165529369224,2.909290273582622,0.02712439776926101
-0.03376006747802295,-0.2243994752564138,18.515734573437246,0.1128710908178899,9.363704216156906,0.06388615969191705,2.9402941042405337,0.021506208498055967
-0.03,-0.2243994752564138,18.69211681953324,0.08937162301661417,9.452970696558634,0.050626335681486376,2.968145497366805,0.017044067536975245
0.03,-0.2243994752564138,21.7695083137293,0.09211913548355474,11.009419605490358,0.052705087092003056,3.4534049648400993,0.018055112495894265
0.03376006747802295,-0.2243994752564138,21.97856537351042,0.11678187844082104,11.114893919446855,0.06685173759470801,3.4864502445921164,0.022934384361452897
0.0379914052040221,-0.2243994752564138,22.21604588424217,0.14804954059373532,11.234662831865192,0.08480364050773875,3.5239892768646484,0.029137892731548248
0.04275308010908995,-0.2243994752564138,22.48608272936367,0.18768595035095023,11.370798428692952,0.10758577314149015,3.5666671833210426,0.03702512553739601
0.04811156231253989,-0.2243994752564138,22.793467123945018,0.23792018178455085,11.525708141972947,0.13649925265342128,3.6152259469487085,0.047051857630594086
0.0541416530048151,-0.2243994752564138,23.143762815354552,0.3015647263906931,11.70219912079794,0.17319582170088305,3.6705171240383545,0.059794385760457314
0.06092752862714207,-0.2243994752564138,23.543443471957833,0.3821612454493282,11.903556957352563,0.21977237067492544,3.7335155591301525,0.07597885810177804
0.06856391592404971,-0.2243994752564138,24.000062580356122,0.48416007770940134,12.133642265750044,0.2788907335766985,3.8053418470413827,0.09651862582527079
0.07715741427178036,-0.2243994752564138,24.522465995805376,0.6131406995291676,12.397013798706293,0.35393049465958404,3.8873050783127026,0.12256573878534766
0.0868279837415025,-0.2243994752564138,25.12105120094517,0.7760790600760542,12.699093774335562,0.4491869474257139,3.980960235419986,0.15558009024638472
0.09771061966979347,-0.2243994752564138,25.80808695998074,0.981668803377868,13.046377398630899,0.5701253804297286,4.088188074178251,0.19742477829581784
0.10995723711238882,-0.2243994752564138,26.59817940958127,1.2407262706455,13.446646754517804,0.7236863220375097,4.211387968283029,0.2505369954148631
0.12373879148704055,-0.2243994752564138,27.5089981033371,1.5667324299953966,13.909185951942158,0.918638034294186,4.353708818610884,0.31817563838895724
0.13924766500838334,-0.2243994752564138,28.56215470485333,1.976493370448609,14.445059972407114,1.1659955557556283,4.51923019351298,0.4047195355921514
0.15670035222800524,-0.2243994752564138,29.784298697770232,2.490929171173556,15.06720991459605,1.4793735595675375,4.713062269670427,0.5159883524780713
0.17634048216824733,-0.2243994752564138,31.208561374108974,3.136010100980657,15.790444792896613,1.8752272275920827,4.940666207397727,0.659095963509286
0.19844221923690444,-0.2243994752564138,32.874874563256554,3.9430289665899494,16.631684517167706,2.3731106521566163,5.206577187428392,0.8416277611610677
0.22331409039755062,-0.2243994752564138,34.82926117405341,4.947789564897789,17.610813446742767,2.9962006255541143,5.5133342318435945,1.0704514650531454
0.2513032920204875,-0.2243994752564138,37.120305258235575,6.187262405266546,18.753706011290486,3.773287312323894,5.864127067027428,1.353161159659294
0.2828005365353655,-0.2243994752564138,39.79790688945455,7.69606007776935,20.09662579639843,4.742127799026566,6.2721215014751355,1.7064130055436328
0.3182455065418344,-0.2243994752564138,42.924088082389375,9.50903570166923,21.68713963679302,5.950373733898434,6.7667793546152,2.1646686877592547
0.35813299251433084,-0.2243994752564138,46.60590851195914,11.67678704613752,23.572743260914454,7.445444302632981,7.370502675132602,2.760889053821078
0.40301979977966995,-0.2243994752564138,51.018226881134446,14.272644845239212,25.78707036614187,9.258924288279978,8.060773124459017,3.4827733881342495
0.4535325211846986,-0.2243994752564138,56.3252306887607,17.332989367654882,28.386683442100573,11.431709630353186,8.839246420191687,4.337411902488667
0.5103762839557767,-0.2243994752564138,62.55344812105886,20.774296156119956,31.53186276185758,14.078157241279564,9.835199385461635,5.478250846291454
0.5743445928509872,-0.2243994752564138,69.85608044652774,24.542548926912087,35.37158658900282,17.277210762128306,11.03275389918642,6.900471690486511
0.6463304070095649,-0.2243994752564138,78.91929696500375,28.77250950558399,39.849678836657304,20.898233862642357,12.371765573600603,8.53359799869342
0.7273386051246984,-0.2243994752564138,89.82806280579454,33.204000918920116,45.25395086301058,25.038911797434913,14.139049897448256,10.727598540011657
0.8185000129460304,-0.2243994752564138,102.37064858631851,37.48122135800574,51.843518864075776,29.67723489399588,16.012788807135472,13.071001688639788
0.9210871889273549,-0.2243994752564138,118.55155599331809,41.914866771425515,59.52412698675048,34.466224812960036,18.61498189737639,16.310883678159435
1.0365321883776653,-0.2243994752564138,136.85696397603604,45.79237302490303,69.47997377637955,39.694769105319935,21.344814852776842,19.649746427978982
1.166446554092426,-0.2243994752564138,160.6764962548405,49.55579938497492,80.39899437580311,44.2815160118627,25.08086982177314,24.064240952535393
1.3126438125222553,-0.2243994752564138,187.25564349848236,52.61047930679415,94.9741046998845,48.89344408433444,29.23545546880256,28.708631524217004
1.4771647895120215,-0.2243994752564138,222.76620112894423,55.5110406936984,111.68548919580512,52.648945235876134,34.39323992225474,34.029971650724704
1.6623060990028473,-0.2243994752564138,261.8249429393956,57.74814208137731,131.72949433455167,55.76133123811612,41.07700213850965,40.136252625715414
1.8706522023821734,-0.2243994752564138,311.64090331223804,59.745510506391916,158.65868830914928,58.53622177060268,48.67354882989084,45.96809875747348
2.1051114860111477,-0.2243994752564138,375.019280414267,61.481899606416626,187.5689083735646,60.50422990731252,57.452417983530474,51.28748867374236
2.368956860549917,-0.2243994752564138,446.62141928773804,62.823996197093734,225.5980051513922,62.226558045855754,68.14361971527987,55.94427340032087
2.6658714488230206,-0.2243994752564138,541.6199789067037,64.03534831656336,268.6937198335581,63.522939733417836,82.69129980082896,59.88292016529724
3.0,-0.2243994752564138,645.9826159630028,64.94132164640288,320.0900799727949,64.56875385861376,98.11065488462614,62.268164474221706
-3.0,-0.17453292519943275,263.06187458298234,57.80749898329718,134.32893548647866,56.086662569712814,41.22144923415715,40.258138813953344
-2.6658714488230206,-0.17453292519943275,210.74850628426148,54.64475025819064,106.04540836686118,51.5270366877001,32.866456284863666,32.50863822664199
-2.368956860549917,-0.17453292519943275,167.9356671280631,50.4891910497986,84.54414750192241,45.750168270881304,26.142817136027343,25.27974461705303
-2.1051114860111477,-0.17453292519943275,132.98939513116423,45.05666861239629,67.2252414052564,38.60355471760427,21.039742664655062,19.28074767408009
-1.8706522023821734,-0.17453292519943275,105.93882097069725,38.555293363310014,53.52295174698262,30.781858565475847,16.710009714430637,13.942391779758726
-1.6623060990028473,-0.17453292519943275,84.22508852030329,31.015751700530153,42.57206967394525,23.019147212828305,13.328523633051239,9.717776439006672
-1.4771647895120215,-0.17453292519943275,67.255331844666,23.236200551078053,33.97706542641325,16.122811995931976,10.632333721080908,6.419997209520078
-1.3126438125222553,-0.17453292519943275,54.03354805750525,16.02317316355863,27.312622801001545,10.530451498638627,8.565919045434033,4.033089511213089
-1.166446554092426,-0.17453292519943275,43.77535081036404,10.008444405854585,22.133523491076673,6.298993632351755,6.942885323450944,2.3347308137356637
-1.0365321883776653,-0.17453292519943275,35.89936360061068,5.519572034408648,18.15503524986265,3.360138278760595,5.695422078687087,1.2145830884962234
-0.9210871889273549,-0.17453292519943275,29.867576550672673,2.527368031973471,15.106334741331462,1.4999546499859373,4.740223903086923,0.5323839648115588
-0.8185000129460304,-0.17453292519943275,25.28883293280984,0.8245090919979063,12.789539383555379,0.47953659194875586,4.0136057196729915,0.16787269044854586
-0.7273386051246984,-0.17453292519943275,21.814733284198095,0.09722345877491323,11.03422711768957,0.05589033258653541,3.460005469789102,0.018985614130471153
-0.6463304070095649,-0.17453292519943275,19.154650495173108,0.04131691903713708,9.686661004971349,0.02349351807115758,3.038129942700087,0.00820208592565755
-0.5743445928509872,-0.17453292519943275,17.066183250944565,0.4248452083415639,8.632351650688248,0.23818111513520787,2.705857446040281,0.08212096226991522
-0.5103762839557767,-0.17453292519943275,15.360083413606844,1.1092633490337065,7.768093247793817,0.6183085313089822,2.4350331647619825,0.2108898069390458
-0.4535325211846986,-0.17453292519943275,13.912469814623616,2.0258474864183444,7.0330053320980745,1.1243418336331183,2.2038258011724245,0.38153624786614493
-0.40301979977966995,-0.17453292519943275,12.727395722931838,3.062847274990495,6.434327724141011,1.6896373606365316,2.018076101084431,0.5681357699721804
-0.35813299251433084,-0.17453292519943275,11.893081589950608,3.980085246437607,6.01061715258792,2.189375431362293,1.8866407407884338,0.7318816762777245
-0.3182455065418344,-0.17453292519943275,11.448457447657436,4.541773187781111,5.785405175875436,2.493569762977465,1.81786895529952,0.829498843978822
-0.2828005365353655,-0.17453292519943275,11.34640405770095,4.678467720524203,5.7356981043243245,2.564618421488557,1.801474941825141,0.8540770107688082
-0.2513032920204875,-0.17453292519943275,11.502210447872335,4.470969418499172,5.815067175288974,2.451861683916337,1.826080044738724,0.8173821458632111
-0.22331409039755062,-0.17453292519943275,11.833324719638702,4.05246714050803,5.981577697114352,2.2270163512844277,1.8808390230375507,0.7397844441325488
-0.19844221923690444,-0.17453292519943275,12.274662321584,3.539527009487032,6.2040853276123995,1.9499933448955546,1.9535476437011914,0.644960553704286
-0.17634048216824733,-0.17453292519943275,12.778605438108416,3.0119134666525538,6.4595689769990985,1.6626364751573224,2.0345108761614874,0.5496137495433875
-0.15670035222800524,-0.17453292519943275,13.311826833497559,2.5155225635758147,6.7305418593459105,1.3908945627217608,2.1182855783482206,0.4614369223062534
-0.13924766500838334,-0.17453292519943275,13.851008460784406,2.072768617805727,7.004639051989453,1.1477834262375544,2.2021996602717326,0.38296468697455877
-0.12373879148704055,-0.17453292519943275,14.380383502033956,1.6911073907929834,7.273242020121006,0.938041988939223,2.2847212286721437,0.31468072227719024
-0.10995723711238882,-0.17453292519943275,14.889330900360225,1.369737962135894,7.531021549724866,0.7612415228856996,2.3646215526318755,0.2563559022226384
-0.09771061966979347,-0.17453292519943275,15.37135126666641,1.1034404121415466,7.77475609656956,0.6145509615270213,2.4408265838551184,0.20738544518388657
-0.0868279837415025,-0.17453292519943275,15.822702485733304,0.8853026462157167,8.002732661665146,0.4941646129780336,2.512537539078323,0.16686539504591377
-0.07715741427178036,-0.17453292519943275,16.241634750658292,0.7081023398641957,8.214262050213067,0.3961218658761806,2.579286174442212,0.13371600451126667
-0.06856391592404971,-0.17453292519943275,16.627837032970064,0.565024177042289,8.409273504044965,0.31673883403344677,2.6408498921844243,0.10683975995964126
-0.06092752862714207,-0.17453292519943275,16.98193582995143,0.450016064386536,8.588112771263072,0.2527539917491722,2.6972482743495925,0.08518505335826859
-0.0541416530048151,-0.17453292519943275,17.30515449014934,0.3578892088524264,8.751412489187603,0.20136191084935734,2.748656010921367,0.06781208617544406
-0.04811156231253989,-0.17453292519943275,17.599096559537582,0.28428798933056904,8.899984069924846,0.16019984891642308,2.7953291866974577,0.0539180859793988
-0.04275308010908995,-0.17453292519943275,17.865590251516572,0.22560907147977444,9.034739274248661,0.12730686069262404,2.837571728791032,0.04283174385444122
-0.0379914052040221,-0.17453292519943275,18.106571916498318,0.1789033797791542,9.15663862493254,0.10107152053162999,2.8757114185481503,0.03399999783460765
-0.03376006747802295,-0.17453292519943275,18.3240027338582,0.14177631122276763,9.26665625022301,0.08017913307140268,2.910079727237244,0.026972714305183387
-0.03,-0.17453292519943275,18.519812250884478,0.11229465417696127,9.365754420682102,0.06356320003348642,2.940998986540452,0.021386501932551913
0.03,-0.17453292519943275,21.97237911938056,0.11601321254436328,11.111937068588958,0.06643375439939081,3.485415493563147,0.022773275355107554
0.03376006747802295,-0.17453292519943275,22.208995967568978,0.1470723873807837,11.231316701992954,0.08427525568669787,3.5228158413334625,0.028933483845072137
0.0379914052040221,-0.17453292519943275,22.478053167830986,0.18644594921206098,11.367011978246362,0.10691851978467802,3.565344804352318,0.0367676166829685
0.04275308010908995,-0.17453292519943275,22.78433414458116,0.23635089386918237,11.521421492302231,0.13565719292936163,3.6137492984567983,0.04673072068079518
0.04811156231253989,-0.17453292519943275,23.13339981598243,0.2995865823892595,11.697339634165504,0.17213306729146519,3.6688910024691532,0.05939987709473233
0.0541416530048151,-0.17453292519943275,23.531726974070512,0.3796811076377844,11.898033981794958,0.21842956675087918,3.731762193002684,0.07550494290261825
0.06092752862714207,-0.17453292519943275,23.9868753297526,0.48107086735696963,12.127340198774883,0.27719007039248106,3.8035031052592947,0.09596576263625997
0.06856391592404971,-0.17453292519943275,24.507694316486816,0.6093202130376265,12.38977877236458,0.35176737749610354,3.8854295577719977,0.12193950082202513
0.07715741427178036,-0.17453292519943275,25.10458188287345,0.7713888331616434,12.690703826588791,0.44641354599238986,3.9790838753270923,0.1548856752207741
0.0868279837415025,-0.17453292519943275,25.7898011257677,0.9759522990172853,13.036502140198637,0.5665244546709604,4.08630328086644,0.19665326923731918
0.09771061966979347,-0.17453292519943275,26.577871966356142,1.2337816208625567,13.434845430497978,0.7189517325102316,4.209315220501429,0.24960064318314143
0.10995723711238882,-0.17453292519943275,27.486136218697332,1.5582139448904488,13.894952691955238,0.9123738074130483,4.350961024667333,0.31680876939601454
0.12373879148704055,-0.17453292519943275,28.535626001611224,1.9657715382933447,14.427859825684832,1.15771890699655,4.514966091588194,0.40238893051347513
0.13924766500838334,-0.17453292519943275,29.75212276907648,2.4768954469729083,15.046765280035782,1.4686585771419218,4.706158649122281,0.5118516716094477
0.15670035222800524,-0.17453292519943275,31.167484027455423,3.1167875638022875,15.767176946555324,1.8620044992635851,4.930596625955359,0.6524979542188777
0.17634048216824733,-0.17453292519943275,32.82138151313823,3.9163503643883857,16.60694762012226,2.357946656891423,5.194815834819222,0.8332293528135026
0.19844221923690444,-0.17453292519943275,34.76180538493246,4.9122156119471345,17.586598949049897,2.980283543175771,5.504385497790367,1.0635209749108259
0.22331409039755062,-0.17453292519943275,37.04438779134175,6.1453197972195595,18.730360265122357,3.756941314012246,5.862685634034536,1.3519575564856707
0.2513032920204875,-0.17453292519943275,39.728530463793874,7.656346617438146,20.06970594589537,4.722198398897714,6.273926519083268,1.7080286091860437
0.2828005365353655,-0.17453292519943275,42.87607982843831,9.480923863351377,21.648531912872368,5.920397997905121,6.753873128498328,2.1523398114491994
0.3182455065418344,-0.17453292519943275,46.56388975563001,11.651985368568162,23.52439896766054,7.4064476215490025,7.33726827006176,2.7271415653490387
0.35813299251433084,-0.17453292519943275,50.922096550635665,14.2164274478381,25.75561651465568,9.232856727161224,8.051132531733908,3.4724377872526153
0.40301979977966995,-0.17453292519943275,56.16124717780582,17.239951522610415,28.385340658468056,11.430580914357657,8.870883457931642,4.372907370662793
0.4535325211846986,-0.17453292519943275,62.482403832116596,20.736148204060704,31.484138334602118,14.0380661956098,9.799835220246532,5.4369964877791634
0.5103762839557767,-0.17453292519943275,69.92929586091495,24.578736371288567,35.244471912143005,17.172423454167994,10.989976912692534,6.84893740416407
0.5743445928509872,-0.17453292519943275,78.69480957103572,28.673834205804805,39.84815153021431,20.897025399099995,12.425662949521922,8.600001972230768
0.6463304070095649,-0.17453292519943275,89.59901030381928,33.11807111158291,45.239162990008424,25.027975232994006,14.039413870991618,10.603237995126229
0.7273386051246984,-0.17453292519943275,102.766063668888,37.603168314902234,51.765431140621594,29.625094369231107,16.17055782180606,13.268303493930762
0.8185000129460304,-0.17453292519943275,117.97275313663884,41.77435718875654,59.74542335202514,34.594263781019905,18.44537748165288,16.10102638764855
0.9210871889273549,-0.17453292519943275,137.6134208275445,45.93161775482903,69.08394700217764,39.50689382559976,21.601517279377372,19.959333651775655
1.0365321883776653,-0.17453292519943275,159.9393726477962,49.456177887927375,81.2010719267663,44.57649194415849,24.935329103646076,23.896215161411895
1.166446554092426,-0.17453292519943275,189.01413119907608,52.781176113711304,94.56396116618093,48.783155096157316,29.494636000180254,28.988154248178773
1.3126438125222553,-0.17453292519943275,221.61636754357767,55.43245611403428,112.40062383884701,52.782141316607145,34.5900254404311,34.22268520181356
1.4771647895120215,-0.17453292519943275,265.1710271884982,57.90735456221514,132.934156177386,55.91395450550808,40.92658627819309,40.008874620363486
1.6623060990028473,-0.17453292519943275,313.31411635987484,59.80094017654651,157.62539915030865,58.45009505374409,49.14369989558907,46.29071040813748
1.8706522023821734,-0.17453292519943275,374.7652064806027,61.47617326585062,190.78966140348524,60.68096726345203,58.51894532682159,51.83634154695103
2.1051114860111477,-0.17453292519943275,453.02317245628365,62.922363520528585,226.57364451557515,62.262118282550354,69.38651845061298,56.37457852713139
2.368956860549917,-0.17453292519943275,541.7525115338326,64.03672943509048,273.6364979177343,63.64256241830303,82.64135971336424,59.87283890877907
2.6658714488230206,-0.17453292519943275,659.4392054629247,65.03654819972772,327.1423750933612,64.68416682796237,100.66088448332047,62.556260059697884
3.0,-0.17453292519943275,789.2069328242302,65.78334545140135,391.06388463327727,65.52529549097144,119.84369620694874,64.15779108810759
-3.0,-0.12466637514245194,324.69286039280826,60.161856686999066,165.8225054836586,59.0989130919381,50.853373073432266,47.42700597621514
-2.6658714488230206,-0.12466637514245194,260.1590974872747,57.66725448889493,130.88643938152384,55.652561241728996,40.54413978116905,39.682912088243555
-2.368956860549917,-0.12466637514245194,207.23936824586949,54.371713384683446,104.31191639194698,51.154856909294296,32.23307662080313,31.864042492158255
-2.1051114860111477,-0.12466637514245194,163.9272870640711,49.98424782720795,82.85988364825103,45.1699094105898,25.925594556113353,25.03263624790658
-1.8706522023821734,-0.12466637514245194,130.35383915486062,44.53150174458642,65.85074440729305,37.91229628797956,20.549806199820928,18.685787667802597
-1.6623060990028473,-0.12466637514245194,103.30924061036627,37.76948210839199,52.21441280124365,29.923943343389702,16.342633324648645,13.48342577529299
-1.4771647895120215,-0.12466637514245194,82.11523922025422,30.144040286010178,41.47808978936373,22.17502953551828,12.97424777293582,9.278071882907694
-1.3126438125222553,-0.12466637514245194,65.54017223385863,22.352771935892484,33.12455159879042,15.412436900099836,10.387115692499632,6.12803893708294
-1.166446554092426,-0.12466637514245194,52.627059720383905,15.209993257451007,26.606752999069098,9.94053312695066,8.3447216411883,3.790068270432886
-1.0365321883776653,-0.12466637514245194,42.66580890917567,9.357872368102269,21.575972852910585,5.8641406985692885,6.767774649215425,2.1656202374072144
-0.9210871889273549,-0.12466637514245194,34.99837611443769,5.037230227444572,17.700568568362517,3.055410574463736,5.554314441721183,1.1023757917839907
-0.8185000129460304,-0.12466637514245194,29.148884613962142,2.2185791769095724,14.741736047144586,1.31209769475246,4.626347863599597,0.4649442633934888
-0.7273386051246984,-0.12466637514245194,24.6947673130742,0.6584290917575293,12.49006411166915,0.3822507686092138,3.917847991416422,0.1329591378025773
-0.6463304070095649,-0.12466637514245194,21.285719545638983,0.045722474594852715,10.765002357473557,0.0261109415796883,3.376727319919852,0.008895095175347492
-0.5743445928509872,-0.12466637514245194,18.633175719895405,0.09689923692345759,9.424657736714698,0.05465507040570548,2.954821196560309,0.01911046945694524
-0.5103762839557767,-0.12466637514245194,16.50024339787383,0.610211607815321,8.344901442358989,0.34181038918003187,2.6160458224316465,0.1172529927594506
-0.4535325211846986,-0.12466637514245194,14.713938038064006,1.4756676018953792,7.4386018362126345,0.8219856505447658,2.3307842897757305,0.28015584118590287
-0.40301979977966995,-0.12466637514245194,13.228632957322436,2.5890047094577007,6.68816299128878,1.4312653475049637,2.097498491807981,0.48236863020153475
-0.35813299251433084,-0.12466637514245194,12.115320602679747,3.7190232912180785,6.123252827028256,2.04763883268375,1.9216526199789736,0.6854427458391685
-0.3182455065418344,-0.12466637514245194,11.43045584189282,4.565668374787634,5.776112701923455,2.506741474020919,1.8147274317640099,0.8341686236270408
-0.2828005365353655,-0.12466637514245194,11.142580425204445,4.960580245513733,5.63231045815894,2.7171328737370177,1.768999665862803,0.9043174039988062
-0.2513032920204875,-0.12466637514245194,11.167064882763977,4.926038595362718,5.6453432018971,2.6975488248978787,1.7728361540755897,0.8982728702195896
-0.22331409039755062,-0.12466637514245194,11.412758907641013,4.589249330791454,5.76865887736518,2.5173435410693017,1.8141660493025933,0.835005091539589
-0.19844221923690444,-0.12466637514245194,11.804260002829322,4.0880137351420425,5.965906269115023,2.2475202047600855,1.8791563068363397,0.7420877491673312
-0.17634048216824733,-0.12466637514245194,12.284751465949036,3.5283726494035452,6.209535278104303,1.9435294806312726,1.9565197367855138,0.6412746333840739
-0.15670035222800524,-0.12466637514245194,12.813552740081256,2.9774919083109213,6.478337411817867,1.6427512214880011,2.039589268696512,0.5439736878587786
-0.13924766500838334,-0.12466637514245194,13.361666952724311,2.4721801449297427,6.757054055485832,1.3660273813450736,2.1248366864839183,0.45496610214870514
-0.12373879148704055,-0.12466637514245194,13.909048717350833,2.028440763777194,7.034838610242044,1.1228375766364513,2.2101216704824855,0.37603795000557383
-0.10995723711238882,-0.12466637514245194,14.441854336729591,1.6499937101986315,7.304728179594538,0.9151986950787483,2.29375001171641,0.3077163429301009
-0.09771061966979347,-0.12466637514245194,14.951222724227396,1.333532928989107,7.562302133581755,0.7413326856558603,2.374277513915147,0.24980052698234245
-0.0868279837415025,-0.12466637514245194,15.431684493205074,1.0725804146475202,7.8049850112233035,0.5976768196855262,2.450619736228132,0.20154151639352388
-0.07715741427178036,-0.12466637514245194,15.880249130914509,0.8595558458107379,8.031476984449286,0.48008774489037476,2.5220981578386623,0.16185310986035314
-0.06856391592404971,-0.12466637514245194,16.29573782372835,0.686913291890373,8.241276282356079,0.3845085839901096,2.5883374885568795,0.12954652315811144
-0.06092752862714207,-0.12466637514245194,16.67818395908133,0.5477476239968271,8.434431909586891,0.3072376586703742,2.6492559840092986,0.1034355366845806
-0.0541416530048151,-0.12466637514245194,17.028420015607843,0.4360255905035417,8.61138102485182,0.2450281423431352,2.704964357688437,0.08243589660889092
-0.04811156231253989,-0.12466637514245194,17.347808879143738,0.3466173857742138,8.77281415455919,0.19510899155392722,2.7556803487927137,0.0656083893693972
-0.04275308010908995,-0.12466637514245194,17.638048681616,0.2752407065012845,8.919576560838246,0.15515862161158395,2.801688320809357,0.05215990208092022
-0.0379914052040221,-0.12466637514245194,17.901025589265707,0.21836779823671426,9.052601881809434,0.12325599534942831,2.8433099551042735,0.04143238433841621
-0.03376006747802295,-0.12466637514245194,18.138707195467607,0.17312027540286537,9.17286594647158,0.0978256352064122,2.8808796787664748,0.03288744045314343
-0.03,-0.12466637514245194,18.353068665433838,0.13716584945465513,9.28135287229132,0.07758439310896166,2.9147286535159966,0.02608868187223644
0.03,-0.12466637514245194,22.17223162510766,0.14202480703039638,11.21292904013444,0.08139901914402645,3.5169497132464014,0.027921714402376695
0.03376006747802295,-0.12466637514245194,22.436210273394913,0.18004454574901296,11.346114217269625,0.10327020190718764,3.5586737823750245,0.03548126558293922
0.0379914052040221,-0.12466637514245194,22.736669527206878,0.22823634525139697,11.497647957213884,0.1310301549305725,3.6061650124022733,0.04509723093818121
0.04275308010908995,-0.12466637514245194,23.079059153471285,0.2893077953323453,11.670263344587415,0.16626531114709284,3.6602746238731836,0.05732928091150292
0.04811156231253989,-0.12466637514245194,23.46973099709067,0.366674432303333,11.867152427453387,0.2109884063347676,3.7219873635999656,0.07288730388694267
0.0541416530048151,-0.12466637514245194,23.916103137142965,0.4646355922405737,12.092057424611763,0.2677523537745537,3.792440716467021,0.09266924746222681
0.06092752862714207,-0.12466637514245194,24.4268586171959,0.5885888963252612,12.349382811205974,0.33979395874688856,3.872946236521916,0.11780691784788329
0.06856391592404971,-0.12466637514245194,25.012191714918707,0.745290612318859,12.644333523644988,0.4312147989296598,3.965022723680383,0.14972415234305617
0.07715741427178036,-0.12466637514245194,25.684116201571786,0.9431694806087512,12.983091140097322,0.5472099037680909,4.070455772793073,0.1902164805769015
0.0868279837415025,-0.12466637514245194,26.4568434665708,1.1926980806489833,13.373048692909919,0.6943606062851116,4.191377767278417,0.2415575699338213
0.09771061966979347,-0.12466637514245194,27.34725152950744,1.50682515341946,13.82310839620676,0.8810052444392391,4.3303795164342835,0.30664546408096416
0.10995723711238882,-0.12466637514245194,28.37555575770204,1.9015014749849364,14.343996038103485,1.1176756852728602,4.490765673306103,0.38926086823840145
0.12373879148704055,-0.12466637514245194,29.566327923659944,2.3963575329825093,14.948589755122962,1.4175877484691257,4.676865740968065,0.4944383855168063
0.13924766500838334,-0.12466637514245194,30.949747038097712,3.0154792580931873,15.652337845120474,1.79720136593715,4.894292890286703,0.6289095619024545
0.15670035222800524,-0.12466637514245194,32.56317246108462,3.7882523683983056,16.473464363057758,2.2766452937988104,5.150100223186632,0.8015654972362758
0.17634048216824733,-0.12466637514245194,34.453194707858366,4.750223114185326,17.433056357884468,2.8799252504554587,5.451960013884106,1.0232167836903039
0.19844221923690444,-0.12466637514245194,36.67635094594913,5.9427573915290495,18.555477617776177,3.6350852740344215,5.8065521400077555,1.305344353791471
0.22331409039755062,-0.12466637514245194,39.298504716870426,7.4108273067728625,19.869605741192967,4.574666964008928,6.218187254847828,1.658343231442225
0.2513032920204875,-0.12466637514245194,42.39065416042344,9.197046121870047,21.412900977819973,5.738088636056728,6.692202674090567,2.0936894147998117
0.2828005365353655,-0.12466637514245194,46.02754333464146,11.335421087980176,23.23739481556739,7.175577315802849,7.247114657761042,2.636108682812304
0.3182455065418344,-0.12466637514245194,50.30203965536694,13.85332154536172,25.411300182450688,8.947985058131453,7.9231920373347045,3.335910898306871
0.35813299251433084,-0.12466637514245194,55.36894487871482,16.788888730523045,28.00454852123722,11.110664973367687,8.752368675471027,4.240221541106525
0.40301979977966995,-0.12466637514245194,61.47673145873238,20.193242455370058,31.070727468016237,13.690585109772055,9.708164985762199,5.330288606716553
0.4535325211846986,-0.12466637514245194,68.86604462165076,24.05003479832196,34.69557642684661,16.718891909641606,10.795812887602695,6.615628368354798
0.5103762839557767,-0.12466637514245194,77.60028117012342,28.188302974995093,39.10569792539253,20.307238759830568,12.191009215210823,8.311215135994617
0.5743445928509872,-0.12466637514245194,87.91549935386983,32.477383722525616,44.51808245906545,24.49194875159596,13.878763948378591,10.40283790710612
0.6463304070095649,-0.12466637514245194,100.77335385962752,36.98100219113,50.878260931447414,29.02787409080335,15.784384154091471,12.785279535036013
0.7273386051246984,-0.12466637514245194,116.34225539573555,41.371891886439386,58.59821431464405,33.92450623578583,18.302302491580146,15.923815191523277
0.8185000129460304,-0.12466637514245194,134.39053629668103,45.32788526869182,68.06025876141614,39.01380499608412,21.005268472168883,19.238977485235196
0.9210871889273549,-0.12466637514245194,157.72461580167578,49.15116179752603,79.1703798439014,43.81923819236711,24.752506710137666,23.684665927601937
1.0365321883776653,-0.12466637514245194,184.35495896440185,52.321462200482564,93.5986573683577,48.51959752926499,28.73341890927874,28.163667858925898
1.166446554092426,-0.12466637514245194,219.05922227556098,55.25455415254572,109.58320768883975,52.24595523615124,34.17451250091747,33.814863445769774
1.3126438125222553,-0.12466637514245194,258.1313257949845,57.56729494125277,130.91902678970945,55.65679612106823,40.28043419044376,39.456404574793105
1.4771647895120215,-0.12466637514245194,310.3272603274211,59.701548359597325,155.56232691715076,58.27410830251075,47.884394837756,45.41668117386455
1.6623060990028473,-0.12466637514245194,368.2549321860557,61.32659945363774,185.25751554591082,60.372994820983365,57.75087158188124,51.44310509472166
1.8706522023821734,-0.12466637514245194,442.24388913605105,62.755012981546734,225.1349257257749,62.209556951597264,69.0432900593425,56.257807666288755
2.1051114860111477,-0.12466637514245194,536.544616148043,63.98192331827919,268.3390153300215,63.51416601981065,82.1657421685447,59.775867026489365
2.368956860549917,-0.12466637514245194,643.7738000439812,64.92529687435179,325.1531630326912,64.6521687637546,98.19035530753104,62.27752382741617
2.6658714488230206,-0.12466637514245194,785.9638023516293,65.76777485829663,389.91434051580046,65.51279948982886,119.95924784365916,64.16518642615938
3.0,-0.12466637514245194,943.2196859700813,66.39643844626843,467.3894758279008,66.20831019038798,143.21511716304207,65.32333832169851
-3.0,-0.07479982508547112,391.3423187262335,61.833388652240416,199.87931483077162,61.14444776054778,61.26815014086842,53.16044741663357
-2.6658714488230206,-0.07479982508547112,313.6732886999566,59.81275700641177,157.78997864263403,58.46390174284798,48.858370992389965,46.095445918326845
-2.368956860549917,-0.07479982508547112,249.8813614360375,57.14280589063545,125.75826338248041,54.95401013653583,38.839771379060245,38.19377753493193
-2.1051114860111477,-0.07479982508547112,197.56063992043906,53.56548270821562,99.85640272330463,50.1327742395921,31.236549165760746,30.834079771942967
-1.8706522023821734,-0.07479982508547112,156.9584481392804,49.043612556573954,79.28382026023348,43.86245750520387,24.733520750279727,23.662666111146514
-1.6623060990028473,-0.07479982508547112,124.16179122483018,43.2155979717851,62.7501118102974,36.278471773773724,19.635779098058965,17.568562471331262
-1.4771647895120215,-0.07479982508547112,98.4046230041721,36.21624219837474,49.70057457451512,28.221405986505687,15.541234027227702,12.481038546884967
-1.3126438125222553,-0.07479982508547112,78.20178072975648,28.456036428011302,39.519764139080586,20.636732333932457,12.391010333753876,8.557303567923206
-1.166446554092426,-0.07479982508547112,62.411529536892985,20.69806436861525,31.551344774044843,14.094521707283278,9.89422116049978,5.547211251668724
-1.0365321883776653,-0.07479982508547112,50.18581723543802,13.785171667516245,25.377926869269785,8.920422488838458,7.959543812977425,3.3745804251843863
-0.9210871889273549,-0.07479982508547112,40.7377600121634,8.236647170787592,20.602551455168964,5.120120912522117,6.464991163688503,1.8814759183807344
-0.8185000129460304,-0.07479982508547112,33.50053332490494,4.258506360915952,16.94264348014196,2.566257509037609,5.317166393211342,0.9219879833503295
-0.7273386051246984,-0.07479982508547112,27.971861158455393,1.742719440214508,14.146625732242432,1.0255149477285215,4.4389230222525855,0.3617117853863056
-0.6463304070095649,-0.07479982508547112,23.7373840547985,0.42422113939268014,12.00565635855974,0.2452454758043283,3.7663490585942925,0.08509709773831768
-0.5743445928509872,-0.07479982508547112,20.46009532831526,0.0032090490275106087,10.348313421599412,0.0018408527060353405,3.2451820360944645,0.0005805547914846962
-0.5103762839557767,-0.07479982508547112,17.854368186323985,0.22792946798675667,9.029837428716684,0.12843102206284526,2.831118653872339,0.04443562734017336
-0.4535325211846986,-0.07479982508547112,15.70042517685968,0.9415361903785702,7.9378077431268865,0.5268547960336327,2.4872693975329296,0.18054854331118725
-0.40301979977966995,-0.07479982508547112,13.900926299158842,2.034606459997201,7.028517182059391,1.128029981541514,2.204114299195882,0.3812831812193984
-0.35813299251433084,-0.07479982508547112,12.498302593265555,3.29803553138885,6.3172437724644865,1.8188173962745064,1.9822103388310413,0.6100146117936117
-0.3182455065418344,-0.07479982508547112,11.558301579792245,4.397953506088397,5.840672395697187,2.4162669809839454,1.8347355851033447,0.8047476962071399
-0.2828005365353655,-0.07479982508547112,11.066190254768985,5.069514448738367,5.59342688423913,2.7761878870834202,1.7567447653706842,0.9238250978556836
-0.2513032920204875,-0.07479982508547112,10.940679797067137,5.252386845677616,5.530659565218254,2.8735217715847154,1.736846641777486,0.9561561925523465
-0.22331409039755062,-0.07479982508547112,11.083902564836594,5.044098144750244,5.602159231658823,2.7628434946702702,1.7620187783865646,0.9153923504333555
-0.19844221923690444,-0.07479982508547112,11.41077171898711,4.591902833581635,5.7666632455681,2.5201875969717573,1.816921635240826,0.8309050188660909
-0.17634048216824733,-0.07479982508547112,11.855287679152676,4.025754604367872,5.992093393325552,2.2133330995706197,1.8886945822070564,0.7290983567946042
-0.15670035222800524,-0.07479982508547112,12.369194156644161,3.4359846766111835,6.253413626996287,1.8920307206359739,1.9694073898906652,0.6254591866930603
-0.13924766500838334,-0.07479982508547112,12.917530682462074,2.8766796245052246,6.532333627695962,1.586443592698008,2.0546200712286176,0.5275081373653163
-0.12373879148704055,-0.07479982508547112,13.475693810382047,2.374908088571465,6.8156396693784975,1.312123958085995,2.141532807209333,0.4387435562695168
-0.10995723711238882,-0.07479982508547112,14.026367137924684,1.9407420263234767,7.094607854071498,1.0745033174853047,2.2279445603305494,0.36074768663297546
-0.09771061966979347,-0.07479982508547112,14.558113021094183,1.5739924544889314,7.363508208334342,0.8734982396753801,2.3120079863215355,0.29392842432584304
-0.0868279837415025,-0.07479982508547112,15.0635544713652,1.269359973656746,7.61881013450251,0.7061877212052197,2.3923260782867204,0.23782383258513795
-0.07715741427178036,-0.07479982508547112,15.538310845867738,1.0193434607124148,7.858526583722867,0.5684821102474432,2.467987613512621,0.19142188825731074
-0.06856391592404971,-0.07479982508547112,15.980212629514504,0.8159091681390814,8.081662166126195,0.4560859425081321,2.5384459098861982,0.15348949267616596
-0.06092752862714207,-0.07479982508547112,16.388599525183878,0.6514245133011197,8.28791817459867,0.3649292335469675,2.603502264761256,0.12273100279671684
-0.0541416530048151,-0.07479982508547112,16.7638310859569,0.5190689980866959,8.477494816162855,0.29135834676977096,2.6631904394302954,0.09792997532627065
-0.04811156231253989,-0.07479982508547112,17.106962633830335,0.41295734307042986,8.65092797260704,0.23220715602110528,2.717679152421327,0.07801567912858377
-0.04275308010908995,-0.07479982508547112,17.41950763819567,0.3281264462832173,8.80896890110447,0.18479492805046963,2.7672244519577935,0.0620740414422951
-0.0379914052040221,-0.07479982508547112,17.703257501489713,0.2604580520248016,8.952501903838519,0.1468864869266292,2.812134752938262,0.04934075797690098
-0.03376006747802295,-0.07479982508547112,17.960149761451866,0.20657416939613626,9.082486142586387,0.11663834614967107,2.852741574855211,0.03918696027134701
-0.03,-0.07479982508547112,18.192175304529265,0.16372686972623832,9.199912515529533,0.09254265830634927,2.889380111662879,0.03110075211076202
0.03,-0.07479982508547112,22.36844542264681,0.1698933391193698,11.312082070473211,0.09745374989071208,3.547909761039197,0.03345056331983167
0.03376006747802295,-0.07479982508547112,22.659487063205255,0.2153667685354971,11.458922153950162,0.12364962519271624,3.5939102836067773,0.04251437805047715
0.0379914052040221,-0.07479982508547112,22.991054182501347,0.2729983711364776,11.626146166386448,0.1569008187532415,3.6463172369376977,0.05404620444048504
0.04275308010908995,-0.07479982508547112,23.369274740662032,0.3460180439877408,11.816827677525486,0.19910755806198716,3.7060880361011694,0.06871836863951254
0.04811156231253989,-0.07479982508547112,23.801307869885996,0.4384959269267913,12.03456464820184,0.2526797501324359,3.774333106950455,0.08738373808749167
0.0541416530048151,-0.07479982508547112,24.295535182516737,0.5555484641874732,12.283585130399597,0.32067233242837645,3.852338697160969,0.11112117093775725
0.06092752862714207,-0.07479982508547112,24.861792940109346,0.7035881276675792,12.568877413111656,0.4069555610934417,3.941592462837142,0.14129049915484948
0.06856391592404971,-0.07479982508547112,25.51166000356467,0.890624030751734,12.896350819270177,0.5164285020550233,4.0438225361341384,0.17960225468913876
0.07715741427178036,-0.07479982508547112,26.258818351367758,1.1266203285023615,13.273040691542622,0.6552876096619744,4.1610660817131935,0.2282128430658642
0.0868279837415025,-0.07479982508547112,27.11949626720557,1.423914162024735,13.707380803172121,0.8313685212184393,4.295761406785378,0.28985140274131
0.09771061966979347,-0.07479982508547112,28.113019305374564,1.7976927289476226,14.209548830773073,1.0545752468708156,4.450876648704221,0.36799374962848225
0.10995723711238882,-0.07479982508547112,29.262592414676984,2.2665605393829393,14.791835930964872,1.337379987721356,4.630197686440553,0.4671677344141516
0.12373879148704055,-0.07479982508547112,30.596476697487663,2.853253013881603,15.469038749278745,1.695375515155016,4.838681230976314,0.5933904768790402
0.13924766500838334,-0.07479982508547112,32.14944188338375,3.585417641340787,16.25895410475057,2.147891046953873,5.082755785686175,0.7546876314956596
0.15670035222800524,-0.07479982508547112,33.96459907368731,4.49640304187856,17.182649606828747,2.7184252997603693,5.37050946549702,0.9616272545804486
0.17634048216824733,-0.07479982508547112,36.09577996562816,5.625951193676547,18.264610023306833,3.4347934125072412,5.710803633114126,1.2270223902783524
0.19844221923690444,-0.07479982508547112,38.60848680434931,7.0193583970872435,19.533248667805108,4.329173980984697,6.111495394384893,1.5644442577350213
0.22331409039755062,-0.07479982508547112,41.57934964175714,8.72430571121106,21.022353909068848,5.438446104079427,6.577905621195144,1.9861591443682034
0.2513032920204875,-0.07479982508547112,45.09163828824971,10.783325752953797,22.77570546718984,6.806629992944504,7.116593163144389,2.5056819580131737
0.2828005365353655,-0.07479982508547112,49.2338252218033,13.226012068897449,24.853903684253854,8.488878638824573,7.748955289579096,3.1519560066099443
0.3182455065418344,-0.07479982508547112,54.115823424706626,16.07053739794379,27.336380035309357,10.550344731034066,8.520990568139894,3.983483752493024
0.35813299251433084,-0.07479982508547112,59.918472563208994,19.341600788820877,30.30539045951624,13.046607466756232,9.469798964223505,5.054446894147081
0.40301979977966995,-0.07479982508547112,66.93008705099507,23.069998642378593,33.825756690789895,15.996964716814098,10.567168836536611,6.342232496264074
0.4535325211846986,-0.07479982508547112,75.43324409902057,27.205290443185564,37.99941320484323,19.42012622543201,11.820483863432695,7.857032338848477
0.5103762839557767,-0.07479982508547112,85.51322504348066,31.534971453930044,43.088774479868576,23.413857811707256,13.429968914258891,9.843900696315218
0.5743445928509872,-0.07479982508547112,97.45232239177038,35.900872441048236,49.34804328405521,27.97698144932704,15.38168219072468,12.281380867870519
0.6463304070095649,-0.07479982508547112,112.36031074008943,40.34624640452374,56.725585103566466,32.79916491889415,17.593865688272114,15.044140535288061
0.7273386051246984,-0.07479982508547112,130.45435889905656,44.551899627460315,65.7008236922767,37.83568582394567,20.518220867823377,18.647334915131733
0.8185000129460304,-0.07479982508547112,151.4972368806086,48.24519382306337,76.72383053079562,42.85991259127246,23.67269096249271,22.424480928187762
0.9210871889273549,-0.07479982508547112,178.72628821473324,51.732679487139976,89.703748886563,47.396778300896436,28.043055004615866,27.406768876483962
1.0365321883776653,-0.07479982508547112,209.90671574745818,54.58013201690125,106.57270330976023,51.63757941182336,32.70842641675319,32.34854496835172
1.166446554092426,-0.07479982508547112,250.5645456623097,57.179086873042664,125.33313095746621,54.89309648088263,39.081978091998145,38.409027246617136
1.3126438125222553,-0.07479982508547112,296.49452237752115,59.21349248734061,150.3741369373278,57.806350075299434,46.25897912659976,44.24152337807061
1.4771647895120215,-0.07479982508547112,357.850167229048,61.07560857083635,179.3771828553912,60.02135008633756,55.2073555399835,50.06540363867387
1.6623060990028473,-0.07479982508547112,426.17201326028817,62.488979312981556,214.386740075788,61.79133303349981,66.82402387494602,55.464320043638736
1.8706522023821734,-0.07479982508547112,513.4848683981162,63.725309648105785,261.3931416253057,63.33698176816138,80.15420775556636,59.34576792414944
2.1051114860111477,-0.07479982508547112,624.8414103114882,64.78312623085829,312.4938230955576,64.43802260882042,95.67646791347221,61.970409654001344
2.368956860549917,-0.07479982508547112,751.7680337616657,65.59516720191554,379.6848150078192,65.39799178200043,114.65073382957506,63.80252704380303
2.6658714488230206,-0.07479982508547112,920.0442805737708,66.31763704764342,456.43920944187175,66.12531399830921,140.41097047666224,65.21156667036081
3.0,-0.07479982508547112,1106.608111264524,66.85633102637402,548.3665814415783,66.71336633286987,168.01041744539333,66.1020077435827
-3.0,-0.024933275028490298,462.299895061983,63.05984644080138,236.13626123800623,62.593066239468214,72.35484009876477,57.32197901993852
-2.6658714488230206,-0.024933275028490298,370.71485598481905,61.3837677396404,186.46638227653915,60.44210179562917,57.71969844757218,51.426925181814966
-2.368956860549917,-0.024933275028490298,295.397147119661,59.172695514146824,148.6496083512422,57.64234282402201,45.89100817335768,43.96807648875509
-2.1051114860111477,-0.024933275028490298,233.51829161089995,56.206244496915986,118.02722889757216,53.76612510258021,36.91401524952746,36.439700375773675
-1.8706522023821734,-0.024933275028490298,185.45455439674194,52.43213520892598,93.67167826574621,48.53973214878619,29.21430214830938,28.685763073338507
-1.6623060990028473,-0.024933275028490298,146.54505893760933,47.46963964831248,74.05907838278614,41.753770082322745,23.170435949299755,21.832290266904874
-1.4771647895120215,-0.024933275028490298,115.93408643043061,41.269581965453455,58.54892224044189,33.89539517892524,18.30346072763686,15.925250413828715
-1.3126438125222553,-0.024933275028490298,91.8677597707756,33.95629039026831,46.42219152935029,25.89565556173514,14.55377086295583,11.245710559427375
-1.166446554092426,-0.024933275028490298,73.00925956262047,26.071448060829365,36.906907582274684,18.534944928437582,11.572462456271724,7.554418586038292
-1.0365321883776653,-0.024933275028490298,58.36470892626335,18.480379340494082,29.513025867101497,12.3794578804051,9.255725491891443,4.8088473773765115
-0.9210871889273549,-0.024933275028490298,47.010879377986335,11.915812469437164,23.774436983361912,7.6084613414836655,7.460376954881373,2.8526479992975644
-0.8185000129460304,-0.024933275028490298,38.28467796643289,6.836804927447433,19.362368344165855,4.205709374728368,6.0766785108044195,1.5341534941495982
-0.7273386051246984,-0.024933275028490298,31.59935559534588,3.3205885049672395,15.980334351414355,1.984284480129719,5.015806832370202,0.7090755873687522
-0.6463304070095649,-0.024933275028490298,26.47266013666869,1.1980372615943564,13.389913795222096,0.7010381901951852,4.201117151988197,0.24591127986459058
-0.5743445928509872,-0.024933275028490298,22.51697190457975,0.1924908170912606,11.388184793837823,0.11067403702996086,3.5721768380372674,0.03810697508538963
-0.5103762839557767,-0.024933275028490298,19.396520713769764,0.023716298667513822,9.809802219664222,0.01345777904598112,3.076133984051752,0.004777538971842305
-0.4535325211846986,-0.024933275028490298,16.84675082350753,0.49214835950507857,8.517885970798476,0.27690023324085006,2.6692854908347576,0.09557531727688269
-0.40301979977966995,-0.024933275028490298,14.71894454842889,1.4725748262433198,7.442562444122723,0.8193228870504432,2.3339066608718384,0.2779050811717034
-0.35813299251433084,-0.024933275028490298,13.019241609408803,2.7803530821674527,6.58104028046011,1.536784949317884,2.0647087516195923,0.5166454273687512
-0.3182455065418344,-0.024933275028490298,11.813794006084692,4.076328767058419,5.969869569456796,2.2423221052510494,1.8750214271806458,0.7477690721077163
-0.2828005365353655,-0.024933275028490298,11.103514156563493,5.016068112209404,5.612111744252827,2.747692565802591,1.7625414826352628,0.9145596735945999
-0.2513032920204875,-0.024933275028490298,10.81293142423184,5.4435962454591,5.465898371589243,2.9765974972412956,1.716510066689463,0.990056828883401
-0.22331409039755062,-0.024933275028490298,10.83935066198317,5.4036265312270215,5.478332919266205,2.9565945237581657,1.7232290521029736,0.9787593212449309
-0.19844221923690444,-0.024933275028490298,11.0888194434752,5.037059650144315,5.60363543212097,2.760592340045685,1.7659981416587767,0.9090671240404025
-0.17634048216824733,-0.024933275028490298,11.486346029655344,4.4917810953538915,5.8052876391729,2.4655563539859497,1.830428298758812,0.8110173858196772
-0.15670035222800524,-0.024933275028490298,11.976009476956342,3.8811848983864667,6.054385844597356,2.133500297830291,1.907309434430313,0.7042098600724377
-0.13924766500838334,-0.024933275028490298,12.516698391311817,3.2787011526584102,6.329518598761503,1.8049663671145557,1.9912508322220983,0.5992671549211807
-0.12373879148704055,-0.024933275028490298,13.079042965921813,2.724757887527301,6.615002226876221,1.5027858295306293,2.0787537631564117,0.501772359404811
-0.10995723711238882,-0.024933275028490298,13.642056854882435,2.237620876481415,6.900251509497269,1.236774656462667,2.167077238813327,0.4146598592430514
-0.09771061966979347,-0.024933275028490298,14.191550479397486,1.821500421862564,7.17813712033586,1.0092235770138076,2.253943804269009,0.3391601741162105
-0.0868279837415025,-0.024933275028490298,14.71808874917318,1.4731032067802454,7.444095867746954,0.8182933933462058,2.3376215396726483,0.27524178518189246
-0.07715741427178036,-0.024933275028490298,15.215774122211442,1.1855127771965304,7.695388370812113,0.6602190870110901,2.416947598500319,0.2220574985636088
-0.06856391592404971,-0.024933275028490298,15.68134070653933,0.9505018886441393,7.930471723303136,0.5306272433653214,2.4911879222738524,0.1783847961233441
-0.06092752862714207,-0.024933275028490298,16.11334709957325,0.7598736272774744,8.148655168045607,0.4251707193071962,2.5600133023944185,0.14284986662134397
-0.0541416530048151,-0.024933275028490298,16.511607922353775,0.6061045403564456,8.349865542724613,0.33983773999831,2.6233691690349406,0.1141208835302584
-0.04811156231253989,-0.024933275028490298,16.876811703855815,0.4825921752632032,8.534454185321156,0.2710906177674178,2.6813657673465987,0.09100389526373522
-0.04275308010908995,-0.024933275028490298,17.210238523113407,0.383705098394581,8.703053788882453,0.21589856041339195,2.734223009518457,0.0724672315570233
-0.0379914052040221,-0.024933275028490298,17.513544894334334,0.30473327965082847,8.856479114973451,0.171713390151742,2.7822295830874113,0.05764096237453296
-0.03376006747802295,-0.024933275028490298,17.788605211153396,0.2417911727913883,8.995655997213072,0.13642065306509865,2.8257087699163366,0.04580496937060024
-0.03,-0.024933275028490298,18.03739873993252,0.19170458418372427,9.121568339427995,0.10828300102852569,2.8649954003950673,0.03637043104457321
0.03,-0.024933275028490298,22.560400858841973,0.19933903419235896,11.409083091824622,0.11443902094069716,3.578197892445162,0.03930569907906481
0.03376006747802295,-0.024933275028490298,22.87810438919245,0.2526831772574651,11.569375837140537,0.14521149295761415,3.6284114463946486,0.04996398447351163
0.0379914052040221,-0.024933275028490298,23.240363553027677,0.32027898729766857,11.752080588654055,0.18427350727303451,3.685668370792295,0.06352693408900378
0.04275308010908995,-0.024933275028490298,23.653992214730152,0.40590439045942084,11.960615316356053,0.23385674525988745,3.7510335145104308,0.08078642602665663
0.04811156231253989,-0.024933275028490298,24.126968048604475,0.5143147943017657,12.198989580965144,0.2967901805938561,3.825744794124027,0.10274701910069438
0.0541416530048151,-0.024933275028490298,24.668652139024406,0.6514795343864909,12.471925283613716,0.3766576883088992,3.9112397922045883,0.13067942717824546
0.06092752862714207,-0.024933275028490298,25.290056047440775,0.8248664456407331,12.785005590805136,0.4779956840832946,4.009185842578954,0.16618516678862338
0.06856391592404971,-0.024933275028490298,26.00417328922204,1.0437813302717796,13.144859253831015,0.6065398832789871,4.1215252739997075,0.2112783992031882
0.07715741427178036,-0.024933275028490298,26.82639444002472,1.3197678396840336,13.559395589187254,0.7695341201066146,4.2505532835000235,0.26849729024638336
0.0868279837415025,-0.024933275028490298,27.775018375020764,1.6670661791838315,14.038115972841737,0.9761207751782981,4.39902258037256,0.3410520787329531
0.09771061966979347,-0.024933275028490298,28.871889060333313,2.1031249125721176,14.592508953665012,1.237826891307825,4.5702897230697355,0.4330277101912677
0.10995723711238882,-0.024933275028490298,30.14329386536734,2.649193267425172,15.236477639475895,1.5691234809341574,4.7686360475516425,0.5497376246198035
0.12373879148704055,-0.024933275028490298,31.621303779591027,3.331044676323276,15.98679841271536,1.9880323886219453,4.9996637998377125,0.6982285042825822
0.13924766500838334,-0.024933275028490298,33.34543563112337,4.179723061079773,16.863696461281656,2.516784482730133,5.270640955623876,0.8878767364370824
0.15670035222800524,-0.024933275028490298,35.3647554158952,5.232215448629747,17.891186951049594,3.182238909799877,5.590722439744315,1.1309921153682538
0.17634048216824733,-0.024933275028490298,37.7405989124652,6.531884031746584,19.097287052316013,4.015935038809394,5.970001564284394,1.4424561898885697
0.19844221923690444,-0.024933275028490298,40.547776331668594,8.127005098307995,20.514631765001553,5.053976717619141,6.4175685025956275,1.8379844912033723
0.22331409039755062,-0.024933275028490298,43.874126572878225,10.066495440448563,22.182139179222286,6.337180476152638,6.939823107889595,2.3317451467366337
0.2513032920204875,-0.024933275028490298,47.81575586255898,12.39069814712241,24.15018624042419,7.913475459554794,7.54462734627793,2.939308481111572
0.2828005365353655,-0.024933275028490298,52.475566933588546,15.122034673651047,26.48830087215609,9.841782957151514,8.256365403578688,3.693864955874899
0.3182455065418344,-0.024933275028490298,57.98139019746893,18.26615004907249,29.287601741304766,12.18966997860321,9.126925558884118,4.6621168028531725
0.35813299251433084,-0.024933275028490298,64.54124489874445,21.830419123047534,32.643258591668534,15.010093343195049,10.19878208353258,5.905109105050071
0.40301979977966995,-0.024933275028490298,72.48486244455584,25.82139886177311,36.632015428950105,18.310884122763806,11.442153424835759,7.395927127386444
0.4535325211846986,-0.024933275028490298,82.13871728707646,30.153887140159625,41.372868733833236,22.093250075729262,12.866781638815985,9.14495055429408
0.5103762839557767,-0.024933275028490298,93.61192292339877,34.58145100418188,47.16541225658496,26.43316323347132,14.698054803004542,11.42610802325995
0.5743445928509872,-0.024933275028490298,107.23561352285753,38.93129567901907,54.302755231573045,31.283839234126827,16.92343845739704,14.208790260657835
0.6463304070095649,-0.024933275028490298,124.272979118595,43.24029672479033,62.737283294801486,36.27149420820648,19.454284658884106,17.34567263705855
0.7273386051246984,-0.024933275028490298,144.99388621164564,47.21588710714476,73.01865755683636,41.303877580183766,22.8012752205007,21.39467463338188
0.8185000129460304,-0.024933275028490298,169.15826293646074,50.63831421765823,85.66798020966394,46.12527977904893,26.42665280051358,25.60142857904239
0.9210871889273549,-0.024933275028490298,200.44962586297672,53.814726188481394,100.59938083889098,50.310080783442274,31.44670686780709,31.052884249640286
1.0365321883776653,-0.024933275028490298,236.38511114515225,56.380289661258665,120.01682797796892,54.088797443692634,36.827744853254615,36.359352665096154
1.166446554092426,-0.024933275028490298,283.26697769452744,58.6993363213505,141.6821752493044,56.93161359869925,44.17603484190219,42.657337663366704
1.3126438125222553,-0.024933275028490298,336.38006019655165,60.505690150604075,170.6006914838296,59.44363666822203,52.47485662050414,48.45190427627625
1.4771647895120215,-0.024933275028490298,407.32976979039853,62.14895547615827,204.17325069957906,61.34692570688271,62.8322659526591,53.857628441659436
1.6623060990028473,-0.024933275028490298,486.55850863490565,63.393477924841186,244.7581398918472,62.86648142598885,76.28373694552975,58.41824467640225
1.8706522023821734,-0.024933275028490298,587.8565696558697,64.47794721986041,299.2428880058282,64.1924086382597,91.7531678558789,61.436961469689265
2.1051114860111477,-0.024933275028490298,717.1215483976872,65.40295025521849,358.6419542277792,65.13941935734881,109.79744943082353,63.424386034920225
2.368956860549917,-0.024933275028490298,864.7560281340872,66.1121212729666,436.7370076708144,65.96475057080893,131.87317770278602,64.83014603217492
2.6658714488230206,-0.024933275028490298,1060.4531912060174,66.74110161684405,526.1078639332305,66.59094819650025,161.82873855709127,65.93701818477793
3.0,-0.024933275028490298,1277.8631498723385,67.20978444229495,633.247166574588,67.09736090542,194.00047936570124,66.65301264792176
-3.0,0.02493327502849052,536.8140238210333,63.984785642447434,274.2091953956061,63.65611185246516,83.9960740364529,60.13970503667305
-2.6658714488230206,0.02493327502849052,430.6740306120867,62.56560145716154,216.60914398032304,61.88169833850864,67.03346658125065,55.54212507625781
-2.368956860549917,0.02493327502849052,343.2950819482278,60.69747893880074,172.73872021169726,59.590689494665156,53.31069384714004,48.96044224608086
-2.1051114860111477,0.02493327502849052,271.4073015060108,58.19296700198563,137.17378660901548,56.42618867300645,42.89596651620331,41.6398576699743
-1.8706522023821734,0.02493327502849052,215.52650873698164,55.00141975948335,108.85495277958147,52.10224933021097,33.94254122062012,33.58568951525978
-1.6623060990028473,0.02493327502849052,170.20731753091883,50.76451213536336,86.0141262832952,46.23891636888798,26.90686209210923,26.142533577129466
-1.4771647895120215,0.02493327502849052,134.503014013209,45.34942324950596,67.92187022802356,38.94631571950963,21.22932899338387,19.51019686793257
-1.3126438125222553,0.02493327502849052,106.37856775089374,38.68363624015154,53.75125297320211,30.929540756781748,16.850151888888075,14.117337278747415
-1.166446554092426,0.02493327502849052,84.29368158760427,31.043646942209026,42.60947506501185,23.047808073958294,13.359404002615085,9.756159730123311
-1.0365321883776653,0.02493327502849052,67.1022467542945,23.15805084429885,33.93058419031216,16.084163721271146,10.640433380092757,6.4296717414546825
-0.9210871889273549,0.02493327502849052,53.738565585176964,15.853165090745907,27.17618948960361,10.416253031157126,8.52790714913553,3.9911124340044277
-0.8185000129460304,0.02493327502849052,43.438923636999036,9.810873952018962,21.969345055927576,6.170345387142616,6.894975847329185,2.288132911191756
-0.7273386051246984,0.02493327502849052,35.52817807877392,5.3197077294523325,17.966386376974995,3.2326687014365456,5.640687912200343,1.1706465122060692
-0.6463304070095649,0.02493327502849052,29.452976053536425,2.3476442428479314,14.898253336778929,1.3916509919344884,4.6748970899729905,0.49327623870918885
-0.5743445928509872,0.02493327502849052,24.773167136734003,0.67947357502094,12.528796770882835,0.3943103586582506,3.930931838192939,0.13752295658452182
-0.5103762839557767,0.02493327502849052,21.101346697269207,0.032108006682651846,10.671990978917805,0.018334700512261565,3.347062886926509,0.006185439684368474
-0.4535325211846986,0.02493327502849052,18.129735095550398,0.17472448869189883,9.16711372243462,0.09896967166697614,2.87314690509668,0.03455945170734826
-0.40301979977966995,0.02493327502849052,15.659733217505428,0.9607149775553168,7.918679945115117,0.536724747843338,2.483233560047054,0.18279323673062955
-0.35813299251433084,0.02493327502849052,13.656715122388428,2.225783675540058,6.903787568054891,1.2336890460483847,2.1657553121498396,0.4158846274523792
-0.3182455065418344,0.02493327502849052,12.179065029175275,3.6464594057886544,6.154656162178099,2.0093061986548126,1.9327621292771602,0.6711481692100907
-0.2828005365353655,0.02493327502849052,11.240646953164767,4.823311909978548,5.681332573857281,2.6440090223213275,1.7841898837847836,0.8805574079724378
-0.2513032920204875,0.02493327502849052,10.773327461770384,5.503934152614686,5.445753717867269,3.009219355870309,1.7101656021921536,1.0008134890211027
-0.22331409039755062,0.02493327502849052,10.67129822939931,5.661731701857957,5.39323093335492,3.095543184349792,1.6965646619292738,1.024167072290397
-0.19844221923690444,0.02493327502849052,10.832652411395317,5.41373914185026,5.473912822463655,2.9636933476377267,1.7254808709274845,0.9749945778820021
-0.17634048216824733,0.02493327502849052,11.17373165509426,4.916664602778886,5.646996508188885,2.6950719068995768,1.7810617833546325,0.8854125902442191
-0.15670035222800524,0.02493327502849052,11.630978755758342,4.304649891010924,5.879728235431517,2.3626959877393654,1.8528206869609134,0.778800584241607
-0.13924766500838334,0.02493327502849052,12.15703530567726,3.671422177517705,6.1475314302794635,2.017958458979259,1.934392917430985,0.6690674132345784
-0.12373879148704055,0.02493327502849052,12.717626015922633,3.072631483212116,6.432184850974904,1.6919432977004898,2.0215528114714423,0.564182955583058
-0.10995723711238882,0.02493327502849052,13.28794993605146,2.536466410961454,6.721168503441599,1.3997576730347179,2.1109945164875406,0.46870924751562937
-0.09771061966979347,0.02493327502849052,13.850930106791035,2.0728288852204315,7.005884181966857,1.1467478911797722,2.1999896175343063,0.38491151858862777
-0.0868279837415025,0.02493327502849052,14.394953354841599,1.6813040232327499,7.280674219383963,0.9326178225850356,2.2864536034249965,0.31333689724569636
-0.07715741427178036,0.02493327502849052,14.91250184891951,1.3561125346021823,7.541993641602048,0.7542211199019764,2.368956696858139,0.25339996340301096
-0.06856391592404971,0.02493327502849052,15.39912555767217,1.0891674914047644,7.787707182321845,0.6072867185614176,2.446564298540234,0.20394941462218713
-0.06092752862714207,0.02493327502849052,15.852528295020193,0.8719014101493027,8.016694626605677,0.48729691529861435,2.5188053235001178,0.16356928670700405
-0.0541416530048151,0.02493327502849052,16.271918293044173,0.6961952645733647,8.228578334962128,0.3899422732083758,2.5855271684859447,0.13083293115615371
-0.04811156231253989,0.02493327502849052,16.657566150380145,0.5547850131220639,8.423499273728135,0.31134601258558126,2.6467734418374818,0.10443437180415965
-0.04275308010908995,0.02493327502849052,17.010476025264442,0.44139633378034987,8.60195013400706,0.24814316801680847,2.7027210850743413,0.0832299353848213
-0.0379914052040221,0.02493327502849052,17.332134156208845,0.3507359571358817,8.764658321158251,0.197478891063604,2.753633348315564,0.06624641687640469
-0.03376006747802295,0.02493327502849052,17.624322315066006,0.27841030385311577,8.912501502826911,0.15696880146695583,2.799820515973973,0.05267300380402171
-0.03,0.02493327502849052,17.88898354879362,0.22081402695872024,9.046444198882055,0.12464434963209721,2.8416130909537864,0.04184356670807469
0.03,0.02493327502849052,22.747481879936235,0.23006593608321474,11.503620854826043,0.13218579787961315,3.6077169297797855,0.04542930849520195
0.03376006747802295,0.02493327502849052,23.091343027663715,0.2916174995447078,11.67711196750867,0.1677408649467857,3.6620638007058672,0.057756492018611306
0.0379914052040221,0.02493327502849052,23.483755440737298,0.36959953907883825,11.87502590412824,0.21287475311272286,3.724085523525102,0.07344568603581651
0.04275308010908995,0.02493327502849052,23.932222304848292,0.4683575601226205,12.101126791890028,0.27016472115544643,3.794954945252388,0.09341399413597068
0.04811156231253989,0.02493327502849052,24.445545785962903,0.5933549697936217,12.359838810395553,0.3428761519358949,3.876038454002777,0.11882481046131596
0.0541416530048151,0.02493327502849052,25.034075814626398,0.751439579691225,12.656382420019959,0.43514289937963363,3.968926516415282,0.1511496406145153
0.06092752862714207,0.02493327502849052,25.710013200010312,0.951161991185743,12.996942623313542,0.5521926629088212,4.075468460164752,0.19224277593570754
0.06856391592404971,0.02493327502849052,26.487786091284885,1.2031517028241723,13.38887753245512,0.7006271610409487,4.197824121987048,0.24443566012835
0.07715741427178036,0.02493327502849052,27.384521513921772,1.5205543594416773,13.840984271917092,0.8887708685957518,4.338551272075228,0.3106648995218666
0.0868279837415025,0.02493327502849052,28.420627034142747,1.9195241499818907,14.363850705627101,1.1271089013431002,4.50072310747921,0.3946420554722148
0.09771061966979347,0.02493327502849052,29.62051646333578,2.4197588495061813,14.970301659386426,1.4288273824414965,4.688092691446732,0.5010855671072664
0.10995723711238882,0.02493327502849052,31.0136281139283,3.045099105461545,15.675886207869576,1.8104270820085486,4.905447199717466,0.6361236957058161
0.12373879148704055,0.02493327502849052,32.63593286456187,3.824233999072151,16.49940591695176,2.292375709272332,5.159047736858073,0.8078674168409425
0.13924766500838334,0.02493327502849052,34.53181240485026,4.791370451036785,17.46357443000494,2.899793205132753,5.457019342800678,1.0270840086218644
0.15670035222800524,0.02493327502849052,36.75644169328862,5.986727619193498,18.595433893308574,3.6628334264390503,5.809607119310761,1.3078681400627592
0.17634048216824733,0.02493327502849052,39.37886097485993,7.456619695992832,19.92663828474324,4.616606092703899,6.2281689307492405,1.6672095065564319
0.19844221923690444,0.02493327502849052,42.48345227847921,9.251260292834493,21.494179357447607,5.800848696461095,6.72307253697267,2.122993247096339
0.22331409039755062,0.02493327502849052,46.1696080549552,11.419265602140992,23.342277982444966,7.259817565958344,7.301854055189804,2.6912919080292608
0.2513032920204875,0.02493327502849052,50.54671920290783,13.9967051269745,25.528127266165228,9.044540725186195,7.973746457510484,3.389715137993556
0.2828005365353655,0.02493327502849052,55.7326844047093,16.996280821102495,28.130462981019694,11.216410034596306,8.766201736119955,4.255668527196014
0.3182455065418344,0.02493327502849052,61.87395429839702,20.408323848991756,31.25245675949272,13.843373192473205,9.737112106902053,5.363947843990925
0.35813299251433084,0.02493327502849052,69.20662638851259,24.220131086945933,35.002662170933846,16.972831398251905,10.934487436437491,6.782158516711628
0.40301979977966995,0.02493327502849052,78.10306526098799,28.412249435069814,39.47031259272943,20.59745621457732,12.327134534120303,8.478642757993093
0.4535325211846986,0.02493327502849052,88.93520359746839,32.867370451535336,44.79216906353179,24.696326081440265,13.927331238742662,10.463406531002928
0.5103762839557767,0.02493327502849052,101.83764782098514,37.31566593727459,51.30605215624281,29.316961985989014,15.986070631256176,13.037583361559392
0.5743445928509872,0.02493327502849052,117.19250044717433,41.5829968039161,59.345316166439666,34.362363907371275,18.492548394682625,16.159416111509685
0.6463304070095649,0.02493327502849052,136.42036683738982,45.71132813656292,68.86743957406323,39.40350532572542,21.35142827991073,19.65773282595741
0.7273386051246984,0.02493327502849052,159.8471414724283,49.443647139543636,80.49449291868831,44.31691666784866,25.133610319121832,24.125045052871698
0.8185000129460304,0.02493327502849052,187.2324436881563,52.60820486591254,94.82121939860006,48.85244950987906,29.245135744895997,28.71909392867243
0.9210871889273549,0.02493327502849052,222.7174386815968,55.50772551906574,111.7683989956665,52.664486690943114,34.93569473866194,34.5593266599499
1.0365321883776653,0.02493327502849052,263.57006447784926,57.831714023717915,133.81929770008614,56.02404628827906,41.05712597093734,40.11944734877079
1.166446554092426,0.02493327502849052,316.8899903404251,59.91732172005798,158.4920796770701,58.52242370245065,49.413596901988896,46.47392650719067
1.3126438125222553,0.02493327502849052,377.4452475426169,61.53616698582142,191.42491669596626,60.71501481656176,58.874646244113826,52.014948737339196
1.4771647895120215,0.02493327502849052,458.33477099190355,63.0017957157411,229.7343698656004,62.374967011688646,70.69263642306257,56.80498265385863
1.6623060990028473,0.02493327502849052,548.8809666438399,64.10999203927669,276.1034036140156,63.70048090091365,86.04642797009353,60.5188053362016
1.8706522023821734,0.02493327502849052,664.69402053603,65.07265130867088,338.3457635672337,64.85670286253853,103.73643515587328,62.8748504988295
2.1051114860111477,0.02493327502849052,812.5508849894111,65.89164937437629,406.36621342512626,65.68438434758497,124.40098897810604,64.43450384813981
2.368956860549917,0.02493327502849052,981.7061705684768,66.51888324867141,495.7888337612718,66.40540322356594,149.70037380483978,65.56034727008705
2.6658714488230206,0.02493327502849052,1205.897071168143,67.07372566451274,598.2784025029515,66.95304514345449,184.0151666766169,66.4644358509438
3.0,0.02493327502849052,1455.3941680027206,67.48693815639228,721.2427296882714,67.3959643359503,220.94380255781854,67.05959176371756
-3.0,0.07479982508547134,614.0994814278862,64.69841783054918,313.6967826481503,64.45918981683657,96.06923384050953,62.020063626877125
-2.6658714488230206,0.07479982508547134,492.9136313102163,63.47521128898709,247.89797760017998,62.96073370165236,76.7007674071406,58.52502026648939
-2.368956860549917,0.07479982508547134,393.06132484567195,61.8686161969831,197.76720429394422,61.0411302446355,61.01930053965842,53.04584172143943
-2.1051114860111477,0.07479982508547134,310.8169021867331,59.71798068969687,157.08849201488596,58.40481733874235,49.11756548462291,46.2728926547424
-1.8706522023821734,0.07479982508547134,246.84427758278918,56.97893485055072,124.66701513279725,54.79668047033414,38.866369236444946,38.2174738266603
-1.6623060990028473,0.07479982508547134,194.88531814742916,53.32773487166194,98.48224625241149,49.79721967238507,30.80349724684142,30.38054075805206
-1.4771647895120215,0.07479982508547134,153.9015713175066,48.603733669095014,77.71350090441508,43.25430863589453,24.285787866304123,23.14220820854698
-1.3126438125222553,0.07479982508547134,121.567310899592,42.627568328591174,61.42265224036108,35.54680336949787,19.253744265271326,17.09901586705028
-1.166446554092426,0.07479982508547134,96.13238965668508,35.45608559788806,48.59212803970984,27.44822731749293,15.23407915402303,12.096676323439745
-1.0365321883776653,0.07479982508547134,76.29358224338466,27.599017619166393,38.57758143289305,19.884957120812004,12.097049251712368,8.195819737709975
-0.9210871889273549,0.07479982508547134,60.83803955306272,19.845681822206128,30.765943874722396,13.434218291047813,9.654442555468517,5.2679115501332765
-0.8185000129460304,0.07479982508547134,48.898086588942874,13.028464792127949,24.730592608715494,8.387690543267066,7.761705213681202,3.1653372137267306
-0.7273386051246984,0.07479982508547134,39.707158365930276,7.644118140623159,20.078912987395867,4.729012436313008,6.3054180759041225,1.7362861449401
-0.6463304070095649,0.07479982508547134,32.638285319479685,3.825398857059911,16.510400436477955,2.2990527959432505,5.181316674359222,0.8236258042493595
-0.5743445928509872,0.07479982508547134,27.197225004297774,1.4520179781991907,13.754257018181649,0.85134038848003,4.316439631029637,0.29983728630753653
-0.5103762839557767,0.07479982508547134,22.943560748739362,0.264371204895047,11.603630947303738,0.15221597852718707,3.639883955434577,0.05256269165802968
-0.4535325211846986,0.07479982508547134,19.527427264401613,0.016269861302406142,9.874389816337564,0.009332047953219062,3.095357167778523,0.003403850195839857
-0.40301979977966995,0.07479982508547134,16.70226538434458,0.5395938374898167,8.446231039448467,0.3028387572835636,2.6487567192253842,0.103635974427312
-0.35813299251433084,0.07479982508547134,14.390741682681094,1.684134109250411,7.275365171082057,0.9364904424161236,2.282182501380868,0.31665654636559654
-0.3182455065418344,0.07479982508547134,12.636833210953231,3.154375545567354,6.3862804589840225,1.7418590925835877,2.0052243240807845,0.5829100336168987
-0.2828005365353655,0.07479982508547134,11.463729363252996,4.521573679439235,5.794077906483539,2.481322019028092,1.8194956833574116,0.8270881722772964
-0.2513032920204875,0.07479982508547134,10.81118223325983,5.446250513061038,5.464820584993139,2.978336070777296,1.7161208638878467,0.9907142063293619
-0.22331409039755062,0.07479982508547134,10.571668312202327,5.819142602714905,5.342766018419285,3.1802408956462074,1.6807495792340694,1.0518338673016085
-0.19844221923690444,0.07479982508547134,10.636240932886912,5.716742719170406,5.374443806792407,3.1268715963231464,1.6944201637486869,1.027886213174532
-0.17634048216824733,0.07479982508547134,10.91299243432206,5.29338930010258,5.514967908199574,2.8982475638619816,1.739894871245298,0.9511500185459753
-0.15670035222800524,0.07479982508547134,11.33085580640553,4.699557474375519,5.727800161994072,2.576041921976491,1.8054304168324045,0.8480994139866568
-0.13924766500838334,0.07479982508547134,11.836212449174061,4.048947643433565,5.985196084747359,2.2223012401269497,1.8836793993859815,0.7359079744563933
-0.12373879148704055,0.07479982508547134,12.389808246036225,3.413692422484761,6.26636270276178,1.877016000683144,1.9696720790756512,0.6251372032584306
-0.10995723711238882,0.07479982508547134,12.962934384827223,2.8334023124767027,6.55679805400634,1.5613678047362254,2.059520871826173,0.5222125004596763
-0.09771061966979347,0.07479982508547134,13.535530832837454,2.3249022121201217,6.846385920442878,1.2844049158378,2.1500316466877414,0.4306326635258061
-0.0868279837415025,0.07479982508547134,14.093717118471302,1.8915313462473784,7.128327985945599,1.047834994521131,2.2387543312899343,0.3516697285800809
-0.07715741427178036,0.07479982508547134,14.628275516206914,1.5292229815407157,7.398232484710896,0.8494347737522272,2.3239805887620424,0.2850991891611789
-0.06856391592404971,0.07479982508547134,15.133502445045838,1.2303897435711362,7.653336227256415,0.6852279694995385,2.4045650031982424,0.22990485752792733
-0.06092752862714207,0.07479982508547134,15.606187415901482,0.9863097108083588,7.892059276826143,0.5506438670745628,2.479885485853573,0.1846678925966287
-0.0541416530048151,0.07479982508547134,16.04488173419805,0.7883938688054579,8.113693907230669,0.4411449402507075,2.5496834334302663,0.14789022661116766
-0.04811156231253989,0.07479982508547134,16.449395340659777,0.6287865674292794,8.318149118221328,0.35255509961868825,2.6139289943473574,0.11816739399470551
-0.04275308010908995,0.07479982508547134,16.82042040764614,0.5006073162315293,8.505759418356803,0.28119690116921625,2.6727503340771186,0.09425120292054759
-0.0379914052040221,0.07479982508547134,17.159242470612558,0.39799695969251714,8.677149543265799,0.2239197588070836,2.7263803420168675,0.0750690382850037
-0.03376006747802295,0.07479982508547134,17.467524997122855,0.31606031341414936,8.833136073195687,0.17807405523408906,2.7751121451611556,0.05972115592308038
-0.03,0.07479982508547134,17.747153109022452,0.2507614108425846,8.974653216596803,0.1414612350550906,2.8192684112045865,0.04746469523613103
0.03,0.07479982508547134,22.92907893729425,0.2617650724971813,11.595387396118696,0.1505167320894342,3.6363707203283293,0.05176049795110534
0.03376006747802295,0.07479982508547134,23.298490005742753,0.3317771523715035,11.781770402123751,0.19101220429453392,3.6947548612710595,0.0658143365663986
0.0379914052040221,0.07479982508547134,23.720393323644757,0.42046104028150577,11.994559657635756,0.2424176101014378,3.7614366985992747,0.08370360824767636
0.04275308010908995,0.07479982508547134,24.202980402845025,0.5327431133057408,12.237864986246594,0.3076662374426431,3.837696948163203,0.10647502290101474
0.04811156231253989,0.07479982508547134,24.755878391159644,0.6748095365033033,12.516525459646434,0.3904725166076313,3.9250305952098343,0.13545629940356488
0.0541416530048151,0.07479982508547134,25.390428674653784,0.8544020396565063,12.836261400878275,0.49553529290923226,4.025181485079641,0.17232655780598263
0.06092752862714207,0.07479982508547134,26.120026864878962,1.0811685249696894,13.203862371544703,0.6287909481150226,4.140181955031564,0.21920126294118492
0.06856391592404971,0.07479982508547134,26.9605452980435,1.3670729250402087,13.627420499610354,0.7977266637654139,4.272411055654584,0.27873937182258757
0.07715741427178036,0.07479982508547134,27.930862335073382,1.7268649092432566,14.11662795966179,1.011768158689862,4.424691682150504,0.3542882540015177
0.0868279837415025,0.07479982508547134,29.053516184043584,2.1785980119214265,14.683169733519897,1.2827631042876124,4.600421126681556,0.4500754533862523
0.09771061966979347,0.07479982508547134,30.355521785650748,2.7441754749003247,15.341221965908868,1.6255721429544319,4.803753921838526,0.5714701353731563
0.10995723711238882,0.07479982508547134,31.869511698972424,3.4499375382166093,16.10800068810745,2.0587306462095936,5.03998947713729,0.7254353216839268
0.12373879148704055,0.07479982508547134,33.6354149878015,4.32732041738765,17.004361725841424,2.605136252237667,5.316055894038311,0.9211687422978537
0.13924766500838334,0.07479982508547134,35.702555877742036,5.413407014062652,18.05554675188405,3.292744913629742,5.64094608306448,1.1708525400998981
0.15670035222800524,0.07479982508547134,38.13232138445281,6.751183544744892,19.29167878288836,4.154890565253824,6.026009951361426,1.4903884601930248
0.17634048216824733,0.07479982508547134,41.00159167196886,8.389190755138294,20.74812152306928,5.230042118983107,6.483891865695412,1.89888889639621
0.19844221923690444,0.07479982508547134,44.404502302916974,10.378498357408013,22.466319940607725,6.5612141953057055,7.026269894896967,2.4164072160695715
0.22331409039755062,0.07479982508547134,48.45224243688097,12.765901649838083,24.495922962105,8.195533795272437,7.661861681509108,3.060897708589195
0.2513032920204875,0.07479982508547134,53.267814574351156,15.581248750933135,26.901097565759905,10.186240152703917,8.401324757375486,3.851964379618145
0.2828005365353655,0.07479982508547134,58.984537057767795,18.82533303755529,29.769986037638144,12.595819191613247,9.275233831737683,4.83114099664561
0.3182455065418344,0.07479982508547134,65.76800724447143,22.47110868270996,33.21807177512246,15.490514374987841,10.347551942101,6.081110472974231
0.35813299251433084,0.07479982508547134,73.88304675363116,26.484341584767826,37.367637936718694,18.909298520491717,11.671937087561902,7.675643416025038
0.40301979977966995,0.07479982508547134,83.74549671290362,30.819933067328492,42.320847832956616,22.826306971007995,13.215937997389931,9.577909392710252
0.4535325211846986,0.07479982508547134,95.77388812802391,35.33372148838682,48.232758148226026,27.194641904450293,14.994514969884072,11.796926777871755
0.5103762839557767,0.07479982508547134,110.12967983083583,39.7439582590213,55.48013180923844,32.02858897472374,17.28450802703447,14.65898495383804
0.5743445928509872,0.07479982508547134,127.24756760824471,43.88626591627468,64.43753675410889,37.18056054501345,20.077127136740128,18.109159314614296
0.6463304070095649,0.07479982508547134,148.7082281082288,47.81474185250591,75.068496476135,42.18049215122605,23.27057548642533,21.950658498984684
0.7273386051246984,0.07479982508547134,174.89627517107496,51.309488548360214,88.06901609052059,46.895594441968306,27.49671899226329,26.80170952957352
0.8185000129460304,0.07479982508547134,205.573348423393,54.23863604344977,104.10939758845674,51.110479756576666,32.10530116759446,31.733055174850527
0.9210871889273549,0.07479982508547134,245.34582527467936,56.89649431269484,123.11855911547156,54.56785260250894,38.48119994600203,37.87290958418016
1.0365321883776653,0.07479982508547134,291.23302864478677,59.01491587283842,147.86408406604727,57.566144372598046,45.36100409740563,43.56939082776361
1.166446554092426,0.07479982508547134,351.1462817257181,60.905561814707276,175.61919337263774,59.782217274486214,54.749900354385154,49.805059357688094
1.3126438125222553,0.07479982508547134,419.33387362667054,62.36929029255322,212.6661887925488,61.71988867076436,65.40282136139209,54.91967562392824
1.4771647895120215,0.07479982508547134,510.41669485998136,63.68934237830858,255.83576731379193,63.18743675679001,78.7193282905512,59.01803256118679
1.6623060990028473,0.07479982508547134,612.5844749076987,64.68622288746701,308.143426519426,64.35995252914061,96.02515645754734,62.01452314270989
1.8706522023821734,0.07479982508547134,743.3052797751453,65.54992187750359,378.34965833543924,65.3825110009953,115.99607268932117,63.89908182155142
2.1051114860111477,0.07479982508547134,910.2612245307258,66.28313682337182,455.232369157103,66.11590584561698,139.35417559918343,65.16783917310296
2.368956860549917,0.07479982508547134,1101.5444510068241,66.84417098215111,556.2979896556553,66.75448799705224,167.96854302653904,66.10094278812991
2.6658714488230206,0.07479982508547134,1355.0290498583245,67.33933370290055,672.282396250039,67.23991229023179,206.76472163170607,66.86172027894564
3.0,0.07479982508547134,1637.5444931610994,67.70792668539809,811.5320040299113,67.63250037298619,248.58886277334918,67.36919459263703
-3.0,0.12466637514245216,693.3452865853652,65.25955347445296,354.1845415809544,65.08035272261478,108.4476857481024,63.310062121806475
-2.6658714488230206,0.12466637514245216,556.7754829136247,64.18885041068054,280.00204360560446,63.78969965289954,86.61943668411318,60.619728983476485
-2.368956860549917,0.12466637514245216,444.1650191307284,62.785462609236774,223.46810837801434,62.147698736201576,68.93466752068584,56.220528505328396
-2.1051114860111477,0.12466637514245216,351.3226457636718,60.91012320695385,177.55684867263082,59.90698845158759,55.51181799138913,50.23652970342768
-1.8706522023821734,0.12466637514245216,279.0667766745154,58.5252293372892,140.93565705129583,56.850545359781485,43.93218182502046,42.46609258522099
-1.6623060990028473,0.12466637514245216,220.30694819385045,55.341905740965984,111.32594980707484,52.581245472991945,34.817382477970405,34.4443736814293
-1.4771647895120215,0.12466637514245216,173.91282196641316,51.19770388984305,87.81431052071619,46.815836367962056,27.43866780935426,26.737107235776296
-1.3126438125222553,0.12466637514245216,137.26142193069893,45.867008040266136,69.34922596420344,39.63291900788097,21.73724085703024,20.12267618399334
-1.166446554092426,0.12466637514245216,108.3884633843664,39.25934138558085,54.78566385944199,31.591219076321735,17.174805872273648,14.522274445230913
-1.0365321883776653,0.12466637514245216,85.83029086795149,31.661278162552666,43.39918659753365,23.649726182597618,13.608387272960934,10.065929544728217
-0.9210871889273549,0.12466637514245216,68.2237104399138,23.72734070161367,34.50041034753717,16.557240151385937,10.826396560288556,6.652310557262063
-0.8185000129460304,0.12466637514245216,54.59479560595184,16.345793647209554,27.61201987527936,10.781310341252649,8.666164537874446,4.144204343923796
-0.7273386051246984,0.12466637514245216,44.08345740504443,10.189580626751113,22.29119799556146,6.422994282031862,7.001581386987884,2.3921493836809415
-0.6463304070095649,0.12466637514245216,35.98732727617367,5.567161382422704,18.205460706123148,3.394438588378624,5.713808155339785,1.2294568656299678
-0.5743445928509872,0.12466637514245216,29.75693335688004,2.478992008406248,15.048287318541496,1.469455332955019,4.723569686586601,0.5223082798991018
-0.5103762839557767,0.12466637514245216,24.897728062063013,0.7134634010642,12.591870313123751,0.4142853467866329,3.950549130222914,0.144489645103001
-0.4535325211846986,0.12466637514245216,21.018598106196542,0.026750290268067398,10.628976470173814,0.01518754703185813,3.332529784356639,0.005032072167782529
-0.40301979977966995,0.12466637514245216,17.826993219423052,0.2336447811555782,9.015328868632338,0.13179004020645957,2.8273707047488297,0.04538189574114641
-0.35813299251433084,0.12466637514245216,15.202717543222139,1.1925660532917854,7.686354384008231,0.665543865561349,2.4110380698610014,0.22578206997994238
-0.3182455065418344,0.12466637514245216,13.170559671313121,2.6411485647323856,6.656366792947412,1.4620622614434837,2.0897889897560784,0.49028792268521937
-0.2828005365353655,0.12466637514245216,11.759133469263837,4.143650423350546,5.943451697110307,2.2771335067492675,1.8662997806592287,0.7598533212133711
-0.2513032920204875,0.12466637514245216,10.915772285965328,5.2892616950230344,5.5176738430258805,2.8939724336095076,1.7326766579309654,0.9630361853144321
-0.22331409039755062,0.12466637514245216,10.532232094445275,5.882372220594801,5.322773627878848,3.214278626008643,1.6744829728331172,1.0629509213576451
-0.19844221923690444,0.12466637514245216,10.493367432014944,5.945203278156106,5.302081353067301,3.2498003434547598,1.6718360059722772,1.0676732508189084
-0.17634048216824733,0.12466637514245216,10.69948794770237,5.617792267546173,5.40685411145816,3.0729752179929175,1.706197186244635,1.0075858862731335
-0.15670035222800524,0.12466637514245216,11.072220617643662,5.060850404275991,5.596872711547319,2.770916425247999,1.7646001309515367,0.9112856104973688
-0.13924766500838334,0.12466637514245216,11.551746618699974,4.406440910830633,5.841258239681546,2.415456985126526,1.8387187801103162,0.7989807029818792
-0.12373879148704055,0.12466637514245216,12.093820952642895,3.7437275935667165,6.116642975916001,2.055772160775226,1.9228323735882642,0.6839148102653557
-0.10995723711238882,0.12466637514245216,12.665783139793515,3.124913625204128,6.406521048759212,1.7197273257432548,2.012462488997305,0.5745575470058729
-0.09771061966979347,0.12466637514245216,13.244533394605812,2.5748500463751975,6.699229110699091,1.42064938236525,2.103940511334777,0.47581640855897994
-0.0868279837415025,0.12466637514245216,13.813865336853553,2.101467104239511,6.986797653934669,1.162688141978644,2.194442523622028,0.3898258592873196
-0.07715741427178036,0.12466637514245216,14.362805631141917,1.7029833547094928,7.263959043221086,0.9448448496395788,2.281973695592576,0.31681939880158166
-0.06856391592404971,0.12466637514245216,14.884346301697502,1.3726802542271253,7.527295995463794,0.7636344370581467,2.3651704409259904,0.25598048068008533
-0.06092752862714207,0.12466637514245216,15.374317439811144,1.1019106934335943,7.774745858158911,0.6145567249258365,2.4432528214615603,0.20592829635869617
-0.0541416530048151,0.12466637514245216,15.830574044785411,0.8817538913865188,8.005250829843337,0.49292174145133794,2.515850041232043,0.16511859713874644
-0.04811156231253989,0.12466637514245216,16.25243129921357,0.7038436172850846,8.218470692672037,0.3942993306123158,2.582853341011344,0.13206367943865058
-0.04275308010908995,0.12466637514245216,16.6402399805353,0.560739200860766,8.414566946197352,0.3147259395689603,2.6443373648880315,0.10541982164645138
-0.0379914052040221,0.12466637514245216,16.99505961724306,0.4460405742506941,8.59404892768009,0.2507700873666215,2.7005005313716235,0.08402013937950796
-0.03376006747802295,0.12466637514245216,17.31841362327844,0.35436357439916444,8.757661194815816,0.19952483742378713,2.7516152721890017,0.06687877905771263
-0.03,0.12466637514245216,17.61211049886115,0.2812471595307004,8.906298237809576,0.15856546858477066,2.7979933869033116,0.05317759521895431
0.03,0.12466637514245216,23.104591933774007,0.29411773373105227,11.684079526480579,0.16924804258644338,3.6640646009280537,0.05823593906832869
0.03376006747802295,0.12466637514245216,23.49884218471909,0.3727574571288933,11.882995963922715,0.214791797080472,3.726373692697104,0.07405681352287986
0.0379914052040221,0.12466637514245216,23.94945072686161,0.4723496039211515,12.110264465422498,0.272604770806388,3.7975914828217374,0.09419780166402743
0.04275308010908995,0.12466637514245216,24.465291910220255,0.598408458840279,12.370337831602644,0.3459829751864813,3.879105720245596,0.11983825503453319
0.04811156231253989,0.12466637514245216,25.056812788376142,0.7578498050686288,12.668467499721833,0.4390977373871867,3.9725392407616757,0.15247398862852699
0.0541416530048151,0.12466637514245216,25.736341906604842,0.9593147998977218,13.010871481300331,0.5572218098482642,4.079788686181871,0.19399637208647386
0.06092752862714207,0.12466637514245216,26.518466655765657,1.213550753969744,13.40494229162659,0.7070099063339491,4.203069089449923,0.24678766711197211
0.06856391592404971,0.12466637514245216,27.420502445689856,1.533851331433266,13.859505330726854,0.8968443066237695,4.344978777327026,0.31384106328715344
0.07715741427178036,0.12466637514245216,28.463080579382083,1.9365532486008117,14.385148316308031,1.1372601605974393,4.508606283920486,0.3989225719665175
0.0868279837415025,0.12466637514245216,29.670875305685183,2.441571639957756,14.994655519440746,1.4414718852550454,4.697674062629767,0.5067847483783245
0.09771061966979347,0.12466637514245216,31.07351330983998,3.072943870728091,15.703558820908937,1.8260105154636568,4.916739879868637,0.6434575577763932
0.10995723711238882,0.12466637514245216,32.7068388152885,3.859385759999838,16.53074883442082,2.3114266183217045,5.171617680595175,0.8167494877573214
0.12373879148704055,0.12466637514245216,34.614764807046754,4.834875896632109,17.499147916205867,2.923002218073697,5.469905382861119,1.0369554346230683
0.13924766500838334,0.12466637514245216,36.85159453867322,6.039047781906233,18.6365442712557,3.6914408000772334,5.821467613946936,1.3176806912270633
0.15670035222800524,0.12466637514245216,39.48497779872542,7.517153883529268,19.976169428970614,4.653100778680193,6.238764749088709,1.6766362978558902
0.17634048216824733,0.12466637514245216,42.599703388837966,9.319213307053358,21.557137346328684,5.849553922128795,6.735738661161709,2.1350483829444724
0.19844221923690444,0.12466637514245216,46.29975766797162,11.496082436588107,23.425402925064716,7.326688581575115,7.325398292954716,2.7151127768202006
0.22331409039755062,0.12466637514245216,50.7082651795801,14.091302275648745,25.63611920806463,9.133888359261299,8.017675633157378,3.436620541536985
0.2513032920204875,0.12466637514245216,55.96204197503952,17.126781096161253,28.260521719759954,11.325677983871499,8.82469149401408,4.321100191774205
0.2828005365353655,0.12466637514245216,62.21010333955088,20.58968165306506,31.39627396710842,13.964242586807774,9.780171518646759,5.4140789015821325
0.3182455065418344,0.12466637514245216,69.6375380370639,24.4343392228254,35.17131986628862,17.11207808854012,10.954167958761312,6.805833882509016
0.35813299251433084,0.12466637514245216,78.53827744066167,28.604846715879937,39.72188991745756,20.79705354599522,12.406049362304854,8.57583229358832
0.40301979977966995,0.12466637514245216,89.37209936505539,33.032653411338245,45.16338719297866,24.971898612019128,14.10225447304403,10.68166643373661
0.4535325211846986,0.12466637514245216,102.6048398255583,37.55353593089329,51.66951825641051,29.560957176149934,16.06054080352569,13.130724906888279
0.5103762839557767,0.12466637514245216,118.42585697373116,41.8844560292633,59.656362827662065,34.542800991249536,18.583632760953947,16.272112134791982
0.5743445928509872,0.12466637514245216,137.32354697503897,45.87843441376614,69.54029024277128,39.72324314999318,21.664998167670188,20.03576229446613
0.6463304070095649,0.12466637514245216,161.03993428444815,49.604575958188036,81.29169438585355,44.609486316701734,25.19663295557377,24.197644199484103
0.7273386051246984,0.12466637514245216,190.02038152535437,52.87736540940758,95.68137498723375,49.0813015169882,29.8716144640346,29.39249062488083
0.8185000129460304,0.12466637514245216,224.03065963713271,55.59647240542077,113.4563974701887,52.9752946305822,34.98370422986127,34.60589296359571
0.9210871889273549,0.12466637514245216,268.1459082736523,58.045360935623115,134.55511986164373,56.11427435023725,42.05362465647389,40.95199596996373
1.0365321883776653,0.12466637514245216,319.1391589797159,59.98910854380013,162.0319649589685,58.80844575441763,49.70283365681486,46.668669551617015
1.166446554092426,0.12466637514245216,385.74051625144205,61.71629517964401,192.9158455425897,60.793906095776386,60.138930152633876,52.63210606726476
1.3126438125222553,0.12466637514245216,461.6796212643225,63.0508343130445,234.13876435048462,62.52646572285022,72.0022811133337,57.21511029467472
1.4771647895120215,0.12466637514245216,563.114200268658,64.25050360326772,282.24621958966713,63.83981452926028,86.84121894357457,60.658227785605774
1.6623060990028473,0.12466637514245216,677.0980171538201,65.15557462472255,340.59100482740183,64.88978897341624,106.13046352869928,63.103389509456775
1.8706522023821734,0.12466637514245216,822.978138154833,65.93798482514589,418.89216349995667,65.80531148293927,128.4209870365053,64.65547720835593
2.1051114860111477,0.12466637514245216,1009.3587530587737,66.6009599273522,504.793370845275,66.46297918257643,154.5201759797848,65.71941288154835
2.368956860549917,0.12466637514245216,1223.1649191526615,67.10786069804506,617.7060554806742,67.03534114809099,186.5090349827835,66.51389904270042
2.6658714488230206,0.12466637514245216,1506.461992679303,67.5543720965488,747.4314118198482,67.4706983501583,229.86572821160814,67.1691947706574
3.0,0.12466637514245216,1822.6076138111846,67.88661430020485,903.268988383306,67.82275994331,276.6765714866618,67.61075674775115
-3.0,0.17453292519943298,773.7228644272287,65.70779323644267,395.2490170151719,65.5701267643496,121.00205506288563,64.23099788990152
-2.6658714488230206,0.17453292519943298,621.5870524946047,64.75778359512535,312.58328483596966,64.4396029452336,96.68508386156786,62.096646222002235
-2.368956860549917,0.17453292519943298,496.0636537054386,63.514913091115204,249.5686187259443,63.009795723887784,76.97283079746724,58.59374824683952
-2.1051114860111477,0.17453292519943298,392.49069751625393,61.85695837284321,198.35961752191574,61.07036507346892,62.01025089921018,53.496171125388116
-1.8706522023821734,0.17453292519943298,311.84532741142993,59.75231642166595,157.48483586811534,58.4382762790451,49.085182156185,46.25079573865035
-1.6623060990028473,0.17453292519943298,246.1939930467205,56.94328902448592,124.40466484432629,54.758376829028215,38.90459622778571,38.251505262467774
-1.4771647895120215,0.17453292519943298,194.31493220395308,53.276156213269694,98.11232224483949,49.70516099859893,30.653027982452457,30.222115200922048
-1.3126438125222553,0.17453292519943298,153.28441485971243,48.51277994087058,77.44183027381824,43.146910993951415,24.272714314206727,23.1269638994419
-1.166446554092426,0.17453292519943298,120.9218595053702,42.47772191094948,61.11930009710686,35.37685434965922,19.159407207487547,16.982851880203064
-1.0365321883776653,0.17453292519943298,95.60147085214793,35.274632946493895,48.33931422584607,27.2699799687637,15.156868332686397,12.000061991764964
-0.9210871889273549,0.17453292519943298,75.80803672428948,27.377371973087065,38.33531051605184,19.690494141251058,12.029872047505789,8.11340649081615
-0.8185000129460304,0.17453292519943298,60.46015866228183,19.639057014885417,30.578763702579735,13.27671026321293,9.5974090709795,5.201820830011408
-0.7273386051246984,0.17453292519943298,48.603070373115145,12.854753044428755,24.57593304710536,8.260987127447496,7.72057473009882,3.1222165868955
-0.6463304070095649,0.17453292519943298,39.457981362906665,7.501747212224665,19.962100506106363,4.642728014190343,6.265665146406401,1.7006377747074997
-0.5743445928509872,0.17453292519943298,32.4195186964148,3.717481783627518,16.394322613197104,2.2288665551760936,5.147099970032863,0.7994561870684197
-0.5103762839557767,0.17453292519943298,26.938244273045726,1.359166352887414,13.623768134381478,0.7962029194960388,4.274981050955908,0.27995379530440023
-0.4535325211846986,0.17453292519943298,22.58245595675743,0.20285820395262355,11.420355084289504,0.11649365279189644,3.5813442894919585,0.03993892934373624
-0.40301979977966995,0.17453292519943298,19.01547682038455,0.053754763594202504,9.616649334845222,0.030494099632638987,3.0161443409139683,0.010620844241956395
-0.35813299251433084,0.17453292519943298,16.075276137533606,0.7756555202289976,8.127966359129385,0.4345818470163819,2.549563182913658,0.14794950146881888
-0.3182455065418344,0.17453292519943298,13.764521695877322,2.1399945509611498,6.956953276933877,1.187899842043257,2.1839634168119706,0.3992191038794799
-0.2828005365353655,0.17453292519943298,12.113601734321163,3.7209940828997574,6.122744180256614,2.0482639098130604,1.9225004595110846,0.6843444426293853
-0.2513032920204875,0.17453292519943298,11.076469745392936,5.054752204913046,5.598935988584262,2.7677635603755792,1.7581482173620497,0.9215755394621811
-0.22331409039755062,0.17453292519943298,10.544718936869883,5.862294517346568,5.329067767419607,3.2035327953433796,1.6764566543943118,1.0594400565586353
-0.19844221923690444,0.17453292519943298,10.39771312312041,6.10205959641216,5.253626979759475,3.3341576444371688,1.656731712547268,1.0949250028687427
-0.17634048216824733,0.17453292519943298,10.528456748271262,5.888453074311786,5.320245855614096,3.2186019708775957,1.6792187411796808,1.0545414570042042
-0.15670035222800524,0.17453292519943298,10.85153132400366,5.385273696142962,5.485155012194938,2.945663096954237,1.7297717662632184,0.9678505398228207
-0.13924766500838334,0.17453292519943298,11.301040476107831,4.740196137051077,5.714405568093378,2.5955008263544186,1.7991013200272923,0.8576786792222887
-0.12373879148704055,0.17453292519943298,11.827792349031494,4.059216034912804,5.982080518916428,2.226360699043598,1.8807380687261868,0.7399224882019184
-0.10995723711238882,0.17453292519943298,12.395177878919737,3.4079023885559665,6.269672072064405,1.8731920269059092,1.969611023457057,0.6252114648029804
-0.09771061966979347,0.17453292519943298,12.977038646039896,2.820049816778696,6.563960025175715,1.5540778204517949,2.0615741266918794,0.5200044118854985
-0.0868279837415025,0.17453292519943298,13.554813828758862,2.308938123307103,6.855788500821822,1.2760056298364646,2.15342594193861,0.4274207485896739
-0.07715741427178036,0.17453292519943298,14.11574247828705,1.8756157674529015,7.138996951958041,1.0394864791385496,2.2428808802033764,0.34824287841514556
-0.06856391592404971,0.17453292519943298,14.651479940862309,1.5145964678403265,7.409497226449273,0.8417186499060731,2.3283527525331555,0.28191638314113626
-0.06092752862714207,0.17453292519943298,15.156866252298519,1.2175405017524887,7.66472827447403,0.6783968644881267,2.408899219921777,0.22713934476484474
-0.0541416530048151,0.17453292519943298,15.629031994847123,0.9753401754559278,7.90326790934197,0.5447572044513926,2.484032892955969,0.18234735006884925
-0.04811156231253989,0.17453292519943298,16.066772237960134,0.7792070853503437,8.124513849283941,0.4361641566237616,2.55356205156115,0.14598576240437616
-0.04275308010908995,0.17453292519943298,16.47007372434198,0.6211934053176998,8.328443170392111,0.3483978684185599,2.6175041515574113,0.11662540889284484
-0.0379914052040221,0.17453292519943298,16.839749898129156,0.49438939438459134,8.515439720236266,0.2777639520495264,2.676019860311715,0.09301129339127423
-0.03376006747802295,0.17453292519943298,17.177166394517073,0.3929399174055415,8.686167131258948,0.22110882617882466,2.7293580133482553,0.0740751729852741
-0.03,0.17453292519943298,17.48403948374648,0.3119689218863344,8.841472329234227,0.17578779859930468,2.7778169967719903,0.05892583189459681
0.03,0.17453292519943298,23.273433189283274,0.32679882583696795,11.769400328667695,0.18819146294847452,3.690705865590976,0.06479054273471646
0.03376006747802295,0.17453292519943298,23.69170987324965,0.4141459353401647,11.980440266275876,0.23884025112038323,3.756811479305791,0.08240094469463477
0.0379914052040221,0.17453292519943298,24.170115637746022,0.5247419525189632,12.221730244162131,0.30313177835765615,3.8324217427617366,0.10482243680647689
0.04275308010908995,0.17453292519943298,24.718197648202167,0.6646899312754164,12.498061040803831,0.3847276794051427,3.9190298891185766,0.13336866651386428
0.04811156231253989,0.17453292519943298,25.347212163272037,0.8416344138673701,12.815091103282414,0.488259217806522,4.018384976627986,0.1697055573070555
0.0541416530048151,0.17453292519943298,26.07046360565505,1.065111904304928,13.179530439572309,0.619575886623468,4.132534771703392,0.21593913094429404
0.06092752862714207,0.17453292519943298,26.903719436883467,1.3469594131862377,13.599368530750914,0.7860527156856255,4.263875342143714,0.2747212480527938
0.06856391592404971,0.17453292519943298,27.8657262162492,1.7017812327610977,14.084157834311975,0.9969670997993649,4.415222686564375,0.34938249739031335
0.07715741427178036,0.17453292519943298,28.9788563256929,2.1474668510288764,14.645375259346574,1.263959805477423,4.589929423615827,0.4441109414027562
0.0868279837415025,0.17453292519943298,30.269908651214593,2.705734894954035,15.296897953396952,1.6016013128142217,4.792041653414821,0.5641875525324065
0.09771061966979347,0.17453292519943298,31.77111124159347,3.40266221739684,16.055607161727146,2.028070664592818,5.026518889455766,0.7163060792156631
0.10995723711238882,0.17453292519943298,33.52151109144704,4.269190651108882,16.942062128876792,2.5658921331869062,5.299687756040839,0.9091221247517047
0.12373879148704055,0.17453292519943298,35.56899773555241,5.34161021960686,17.981246928522996,3.2426604488757835,5.6198134048723105,1.1540264789830572
0.13924766500838334,0.17453292519943298,37.97284805984093,6.661756333312185,19.2034933701746,4.091708160030511,5.997628956246511,1.4660408447264797
0.15670035222800524,0.17453292519943298,40.80697205406123,8.276633332477177,20.645142426942794,5.15222986873304,6.446701807237752,1.8646689291888985
0.17634048216824733,0.17453292519943298,44.16406797531437,10.236999807568207,22.349065847536888,6.468610998137857,6.982271204568736,2.3732198654657473
0.19844221923690444,0.17453292519943298,48.157984280420436,12.592486079119853,24.365744688400824,8.089181351880448,7.618685130338408,3.0159842285169853
0.22331409039755062,0.17453292519943298,52.923813160998115,15.382091784722377,26.755862004552554,10.0649481939062,8.367110006406877,3.8145256668848813
0.2513032920204875,0.17453292519943298,58.61225875150582,18.618366453856034,29.597752305198114,12.450796232061577,9.241153465599373,4.792206617068599
0.2828005365353655,0.17453292519943298,65.38816113323847,22.27365153669505,32.99862952416802,15.307253905782378,10.277693147822456,5.9983723948923044
0.3182455065418344,0.17453292519943298,73.45625964908635,26.283257409840594,37.098934797145226,18.691153694945243,11.552839718812107,7.53052914229956
0.35813299251433084,0.17453292519943298,83.1397159879713,30.570635869305228,42.04893320650998,22.616903926031632,13.131683684806942,9.473317439484061
0.40301979977966995,0.17453292519943298,94.94231486868797,35.04729773936029,47.977443798388414,27.013621664235437,14.979695791439068,11.778386796243757
0.4535325211846986,0.17453292519943298,109.37746231111798,39.536183388810215,55.07699675485224,31.775369027662606,17.117512737226228,14.450850800825389
0.5103762839557767,0.17453292519943298,126.66314207294542,43.76156800699851,63.80301613337896,36.844997001791995,19.87357352368977,17.860085687311006
0.5743445928509872,0.17453292519943298,147.34202907260246,47.59795580844717,74.61387249637319,41.98948314122576,23.243805374316,21.919029716987456
0.6463304070095649,0.17453292519943298,173.31737030589798,51.129383307591446,87.48752388154595,46.712836082220626,27.11427514291997,26.375015412811713
0.7273386051246984,0.17453292519943298,205.09662839002894,54.2001368702918,103.26974781218217,50.92444039605679,32.23900780128062,31.87011504526604
0.8185000129460304,0.17453292519943298,242.45158714020744,56.73419460180022,122.78485098361564,54.517658334830884,37.85651445648629,37.30763097235562
0.9210871889273549,0.17453292519943298,290.9256217003317,59.003078016084444,145.98173936222173,57.37961958154339,45.62287197565736,43.76708916304015
1.0365321883776653,0.17453292519943298,347.049547485682,60.798226478215824,176.2016587546069,59.820060070982834,54.04543687885516,49.39650576358575
1.166446554092426,0.17453292519943298,420.3721476379312,62.38772676718282,210.23175705279456,61.61651094653281,65.53385999531606,54.97112883005623
1.3126438125222553,0.17453292519943298,504.10958342285096,63.61397049842854,255.65356334707232,63.18241019178279,78.61489860212791,58.99346347616418
1.4771647895120215,0.17453292519943298,615.957526429883,64.71328910550503,308.73028093266106,64.37062541515404,94.98588721445721,61.88153131946821
1.6623060990028473,0.17453292519943298,741.8399943944702,65.54197973435492,373.1536126855028,65.3211208894483,116.27123692345002,63.918423872837266
1.8706522023821734,0.17453292519943298,902.9870257551624,66.25698690691786,459.60408610274874,66.14973575964356,140.898005793958,65.23141666093187
2.1051114860111477,0.17453292519943298,1108.932730081664,66.86187545137878,554.5936962779637,66.7457565834077,169.75956518421467,66.14588916016008
2.368956860549917,0.17453292519943298,1345.4404654153723,67.32405896492352,679.4439386255245,67.26420638821861,205.1499721588424,66.83706963684182
2.6658714488230206,0.17453292519943298,1658.7820519025017,67.73048735972392,823.0237368585296,67.65874422244974,253.10243719410192,67.4122348629395
3.0,0.17453292519943298,2008.843882533218,68.03279782231895,995.5912278277875,67.97775101675079,304.94281200282495,67.80287810856116
-3.0,0.2243994752564138,854.3943903994351,66.07056416156468,436.4620444594911,65.96239982979344,133.60152889015765,64.91285769435298
-2.6658714488230206,0.2243994752564138,686.6682338436951,65.21743742733787,345.2998367794379,64.95765407770773,106.79214506419302,63.163801953614964
-2.368956860549917,0.2243994752564138,548.2085466225092,64.10316596586122,275.79281761854514,63.693252414612665,85.04887170732528,60.33795659309517
-2.1051114860111477,0.2243994752564138,433.8822304727282,62.61918543870383,219.27503775984383,61.987340937060296,68.54360569113635,56.08501298751396
-1.8706522023821734,0.2243994752564138,344.82719741997886,60.73887197402918,174.13646216427307,59.684550851126595,54.269937347279324,49.527714172257305
-1.6623060990028473,0.2243994752564138,272.26496856150266,58.23115999583317,137.57616691334056,56.472882981568674,43.02070150012941,41.740480325970104
-1.4771647895120215,0.2243994752564138,214.88343591655212,54.954392422357884,108.49422962184497,52.030263541865146,33.893513029842325,33.537115600827505
-1.3126438125222553,0.2243994752564138,169.45769251868828,50.67449880207904,85.61025394055372,46.10624244694869,26.83190314997346,26.058330923078852
-1.166446554092426,0.2243994752564138,133.5908506535737,45.17375657156802,67.52140197905369,38.74989317897804,21.16543921931981,19.43292300846321
-1.0365321883776653,0.2243994752564138,105.49488587882341,38.424846402753495,53.34120259268152,30.6638647208602,16.724701286146548,13.960735720515956
-0.9210871889273549,0.2243994752564138,83.50243005327052,30.720166399841375,42.22583495488814,22.753216869453254,13.25080504397089,9.621212766939351
-0.8185000129460304,0.2243994752564138,66.42447372440934,22.810393650070807,33.59554916040377,15.8052953650736,10.544364528896418,6.315048929122585
-0.7273386051246984,0.2243994752564138,53.21137879531134,15.548601477873495,26.905497497824182,10.18991632106611,8.453696079118899,3.90941387216067
-0.6463304070095649,0.2243994752564138,43.007681804456766,9.557999770126475,21.758757923977093,6.006055718581386,6.830109046067341,2.225435059813605
-0.5743445928509872,0.2243994752564138,35.15192544869903,5.118748829556046,17.775652891121034,3.1051944061374464,5.5817619155903015,1.1239272844781834
-0.5103762839557767,0.2243994752564138,29.039444987472937,2.1727193422731865,14.686350274059588,1.2843500339323228,4.609091006192141,0.455027111917322
-0.4535325211846986,0.2243994752564138,24.198532818118625,0.5316573418037014,12.238168632457562,0.30775185127441507,3.838529108867705,0.10673675294107753
-0.40301979977966995,0.2243994752564138,20.250117549883157,0.00024994907049197935,10.241295259509346,0.00014007219371202468,3.2122787161720727,3.87088724710166e-05
-0.35813299251433084,0.2243994752564138,16.992122035076765,0.44692868215405407,8.591957204089338,0.25146814595121697,2.695166598551848,0.08593541207101718
-0.3182455065418344,0.2243994752564138,14.403825181515243,1.675352452688332,7.280498316948139,0.9327459700422844,2.2853835818035266,0.3141665020411615
-0.2828005365353655,0.2243994752564138,12.51434362885435,3.2811716269403823,6.325481191971627,1.8095141546811757,1.9860688870864611,0.6054115764438635
-0.2513032920204875,0.2243994752564138,11.282852840936354,4.7651137508668135,5.703333302181667,2.6116671406527354,1.7908828274444197,0.8702342668578188
-0.22331409039755062,0.2243994752564138,10.600915017463874,5.772589574205599,5.35749105121789,3.1553473163983363,1.685370741199048,1.043692210433151
-0.19844221923690444,0.2243994752564138,10.342939167991394,6.193316410364641,5.225871928017717,3.383230943245013,1.6481067624498003,1.1107217093134825
-0.17634048216824733,0.2243994752564138,10.395081052787827,6.10642069130706,5.252705141370804,3.335778673134564,1.6582001476244579,1.0922526753099189
-0.15670035222800524,0.2243994752564138,10.665175062181152,5.671310623266527,5.390819991786514,3.099550162375717,1.7003757162427118,1.0175825824286708
-0.13924766500838334,0.2243994752564138,11.081422254949503,5.047651498090705,5.603287830946315,2.761122297333228,1.7644053115567646,0.9115950816301058
-0.12373879148704055,0.2243994752564138,11.589778442625423,4.3573636505000986,5.861693447940402,2.387325659544329,1.843081988224367,0.7926974863855805
-0.10995723711238882,0.2243994752564138,12.149732959783028,3.67972348914931,6.145551504968919,2.0203675101990206,1.9307473909272406,0.6737250081659933
-0.09771061966979347,0.2243994752564138,12.732086070352056,3.058157629429453,6.4400937887773475,1.6834431749529304,2.022780633507056,0.5627914424706714
-0.0868279837415025,0.2243994752564138,13.315923210598596,2.5119411228092603,6.734977809104194,1.386713110639436,2.1156035671892757,0.46410336578241823
-0.07715741427178036,0.2243994752564138,13.886687093781802,2.0454449714909932,7.023144883749201,1.1324549482891353,2.206639181560355,0.3790729670427538
-0.06856391592404971,0.2243994752564138,14.434682460872352,1.6547571783437651,7.299828510330757,0.9187300826581383,2.2940771422991957,0.3074658343245825
-0.06092752862714207,0.2243994752564138,14.95374305546388,1.33207143321558,7.561960833949588,0.7415481540693911,2.376810439583911,0.24809807887678925
-0.0541416530048151,0.2243994752564138,15.440258185529155,1.0682384410925256,7.807746645830797,0.5961493817361143,2.454232479562567,0.19941085154917093
-0.04811156231253989,0.2243994752564138,15.892486217393023,0.8541395828162957,8.036313169939193,0.4777430151198153,2.5260659261051566,0.15979926445801199
-0.04275308010908995,0.2243994752564138,16.310034024866628,0.6813775701204889,8.247445075621235,0.38188486089891194,2.5922684644735523,0.12775943373479307
-0.0379914052040221,0.2243994752564138,16.69345415982297,0.5425690368495345,8.441393288862951,0.3046379501777632,2.652960567736602,0.10195515516915724
-0.03376006747802295,0.2243994752564138,17.04394082180197,0.43141036738648914,8.618733669052066,0.2426149827962668,2.708365218505277,0.0812402431355131
-0.03,0.2243994752564138,17.363105573031905,0.3426245344804627,8.78025931340846,0.1929595288248527,2.7587653386428737,0.06465328574157173
0.03,0.2243994752564138,23.43503040356558,0.3594802599340168,11.851060653877193,0.20715623080846796,3.7162042327060267,0.07135815363665367
0.03376006747802295,0.2243994752564138,23.876420442978503,0.4555266351725217,12.073763538801742,0.2629150445974995,3.7859620953726845,0.09076237096437882
0.0379914052040221,0.2243994752564138,24.381594930847193,0.5771109429876081,12.328556444946132,0.33369029414402623,3.86580232273582,0.11546990240449866
0.04275308010908995,0.2243994752564138,24.960759287861517,0.7309198471708858,12.620560848146198,0.42350835188378083,3.957321369655459,0.1469289460438291
0.04811156231253989,0.2243994752564138,25.625962643586703,0.9253183396662567,12.955834015721265,0.5374586851906278,4.062392005699011,0.1869757682744048
0.0541416530048151,0.2243994752564138,26.39146701326533,1.1707250538206466,13.341568733338434,0.6819643686104985,4.183210357328262,0.23793119602462917
0.06092752862714207,0.2243994752564138,27.274199505286973,1.480045919845401,13.786341062703768,0.8651152444747847,4.322350514325195,0.30271665934826264
0.06856391592404971,0.2243994752564138,28.294315047741925,1.8691635482600257,14.300418810762299,1.0970745446876495,4.482842868360916,0.38499976413892223
0.07715741427178036,0.2243994752564138,29.475901701493665,2.3574705073891913,14.896154848616897,1.3905733945821521,4.668300488778321,0.4893895948215952
0.0868279837415025,0.2243994752564138,30.847854688441252,2.968413359296595,15.588504157058964,1.7615137100745102,4.883089011794718,0.6216934013100534
0.09771061966979347,0.2243994752564138,32.444971912015305,3.7299949511847132,16.395680121923665,2.2296834003410586,5.1325649392222665,0.7892647606239533
0.10995723711238882,0.2243994752564138,34.30946775585552,4.675214662563386,17.339891003024594,2.819519238867826,5.42356153426344,1.0015992637533895
0.12373879148704055,0.2243994752564138,36.49316759008245,5.842426669815536,18.44816057757718,3.5608345102845815,5.765003163157272,1.2711711169283204
0.13924766500838334,0.2243994752564138,39.06027434152057,7.275310609037458,19.75333974488662,4.48944793464963,6.168481101990992,1.6143974600983257
0.15670035222800524,0.2243994752564138,42.090901939934675,9.02211519757885,21.294852932150516,5.6471776075420195,6.648657156769441,2.05254045599034
0.17634048216824733,0.2243994752564138,45.685590495691365,11.133637456154357,23.119303953080934,7.080912635724159,7.2220565964128145,2.6109416056612367
0.19844221923690444,0.2243994752564138,49.96797521945441,13.657363458981852,25.28167538023827,8.840980491237751,7.9043620870508,3.315919059167931
0.22331409039755062,0.2243994752564138,55.085040902329396,16.626656656645764,27.848155548375455,10.979385050210059,8.707981672208758,4.190728761412676
0.2513032920204875,0.2243994752564138,61.201325682968935,20.043633538106555,30.90414357821903,13.550481317740989,9.648017970569784,5.260459926530945
0.2828005365353655,0.2243994752564138,68.49747133211547,23.865173970733615,34.56634681831529,16.61187617754157,10.764474327195986,6.578067634624942
0.3182455065418344,0.2243994752564138,77.19783954650177,28.00793178995769,38.98762734710269,20.213025167770432,12.139439587743059,8.247862981268222
0.35813299251433084,0.2243994752564138,87.65467552897424,32.376676842080784,44.33224033459547,24.352935639896753,13.843686225340608,10.359101207951866
0.40301979977966995,0.2243994752564138,100.41544823495161,36.86722533084779,50.742461849574624,28.935674102317172,15.841852331002006,12.85717701675813
0.4535325211846986,0.2243994752564138,116.040953029017,41.29642971266613,58.429637083806206,33.82483341404614,18.15750245763694,15.744306326631415
0.5103762839557767,0.2243994752564138,134.77820019632537,45.40197259301339,67.88821260905881,38.92987151565222,21.144412359705452,19.407480240445956
0.5743445928509872,0.2243994752564138,157.22418738839298,49.08103541098827,79.6183687977113,43.989277346417055,24.80112720614102,23.740978312368828
0.6463304070095649,0.2243994752564138,185.4418481352212,52.43086416766048,93.60618665571988,48.521675146310095,29.008086977018948,28.46239543797524
0.7273386051246984,0.2243994752564138,220.0014087350907,55.320612381751566,110.77192261035009,52.47594853809662,34.579488748925144,34.21238614397504
0.8185000129460304,0.2243994752564138,260.6823093870029,57.69277817623804,132.01686914323875,55.79803637968046,40.699740562459965,39.815894327971634
0.9210871889273549,0.2243994752564138,313.491532931081,59.80678079881915,157.30138915512148,58.422814499904945,49.158631473242146,46.30088427772792
1.0365321883776653,0.2243994752564138,374.72350065302595,61.47523251381666,190.25098062365686,60.6518895655486,58.351358300846236,51.75142576079481
1.166446554092426,0.2243994752564138,454.73829730964235,62.94822483451031,227.41547974220782,62.2925229821238,70.88750083109525,56.867341555719364
1.3126438125222553,0.2243994752564138,546.2478492048432,64.08316205535834,277.0199873798524,63.72170797658306,85.1820799040975,60.36249304759104
1.4771647895120215,0.2243994752564138,668.4730264860568,65.09825194885096,335.05055559926814,64.80726583981786,103.08031238612809,62.80934511908998
1.6623060990028473,0.2243994752564138,806.2238562352336,65.86293278126553,405.5362345741452,65.67608731016205,126.35559323548304,64.54445425571346
1.8706522023821734,0.2243994752564138,982.6000575814693,66.52161042644417,500.1130340042983,66.43332749825376,153.31297660130738,65.6808191487141
2.1051114860111477,0.2243994752564138,1208.0643549957895,67.07806455923733,604.1737864284066,66.97860614444835,184.93168415650806,66.48280833653084
2.368956860549917,0.2243994752564138,1467.2338192513118,67.50299701481887,740.9374269592123,67.45267965679756,223.7179272643281,67.09479185969955
2.6658714488230206,0.2243994752564138,1810.5624910912675,67.87611037025736,898.3512415409807,67.81357992815175,276.25713511847465,67.60756539042572
3.0,0.2243994752564138,2194.4975575950425,68.15355579705859,1087.6282626356394,68.10534004773875,333.12102698536233,67.95802571760858
-3.0,0.27426602531339483,934.5212291591259,66.36733158186073,477.39506275760505,66.28059989683334,146.11517366321618,65.43283597397976
-2.6658714488230206,0.27426602531339483,751.3382109932779,65.59289452484862,377.809477555486,65.37621407556986,116.83494835464302,63.957629329957754
-2.368956860549917,0.27426602531339483,600.0503945365873,64.58287873262132,301.8644739959429,64.2428910451541,93.07777574579183,61.6250347786954
-2.1051114860111477,0.27426602531339483,475.0578750978167,63.23975151786396,240.08107546640238,62.720917065249004,75.04254072071198,58.0899584161234
-1.8706522023821734,0.27426602531339483,377.6591878136882,61.540917429261285,190.71221090564057,60.6767982257666,59.43094219817776,52.28988129722839
-1.6623060990028473,0.27426602531339483,298.2379936203728,59.277654212540334,150.6980306328394,57.83666143274478,47.12119934158207,44.87152890580689
-1.4771647895120215,0.27426602531339483,235.39353464381753,56.32059998657148,118.84655762600576,53.90051391548728,37.12471536998593,36.63529961368555
-1.3126438125222553,0.27426602531339483,185.60238538723556,52.44690977265967,93.76414726350067,48.5651826041867,29.38650274698972,28.871685330617602
-1.166446554092426,0.27426602531339483,146.25349302667775,47.42234965723771,73.9202243269183,41.69432240838786,23.17042344300569,21.832275474902282
-1.0365321883776653,0.27426602531339483,115.39813543505171,41.13428033272166,58.34800577083677,33.7764523419363,18.29406854449512,15.913611839300332
-0.9210871889273549,0.27426602531339483,91.21818669086929,33.71921589769591,46.127114618461874,25.680616060857822,14.475112699416497,11.14739168469781
-0.8185000129460304,0.27426602531339483,72.4179685167948,25.78938026669994,36.62706431117941,18.306843815764804,11.495944778922224,7.4613085657016285
-0.7273386051246984,0.27426602531339483,57.85373497080257,18.194656025850314,29.25225451898983,12.159913481456364,9.192237821958075,4.7364209018466985
-0.6463304070095649,0.27426602531339483,46.59387157289842,11.66968221591102,23.573873475249904,7.446356346735236,7.400361625812567,2.791294223398976
-0.5743445928509872,0.27426602531339483,37.9211491245824,6.632808708768284,19.17559236481372,4.071767945019637,6.022293898062308,1.4871936648046382
-0.5103762839557767,0.27426602531339483,31.17579881869916,3.1206757538394605,15.766707780654839,1.8617381995255322,4.948810127540673,0.6644496172542596
-0.4535325211846986,0.27426602531339483,25.846691211490686,0.9937799308308943,13.072225506528227,0.579594475835527,4.1008634551317344,0.2026459822787712
-0.40301979977966995,0.27426602531339483,21.513992831761232,0.06572119739569364,10.880712170466012,0.037605224333362844,3.413081285455933,0.012855652122458247
-0.35813299251433084,0.27426602531339483,17.9378734715792,0.21097545022746322,9.070547467445433,0.11925820250204695,2.845400235145636,0.04092889480658437
-0.3182455065418344,0.27426602531339483,15.074377400415285,1.2632808153548847,7.619866853904183,0.70554047021301,2.391810302213604,0.2381611328054837
-0.2828005365353655,0.27426602531339483,12.949096804045897,2.8465442894112964,6.5454554601289345,1.572960293952191,2.0550590056698823,0.5270323844521827
-0.2513032920204875,0.27426602531339483,11.524794830864392,4.441464430136028,5.825741038354209,2.436977726601085,1.82927403036626,0.8127034686781741
-0.22331409039755062,0.27426602531339483,10.692750185358014,5.628270608962569,5.40395876831824,3.077761138311776,1.6999474712440747,1.0183208895794462
-0.19844221923690444,0.27426602531339483,10.322761607840087,6.227200347411956,5.215635171011953,3.401470390778529,1.644968671167523,1.116512057953669
-0.17634048216824733,0.27426602531339483,10.294548183851713,6.274821443144327,5.201796384644088,3.4262485405717085,1.642382328358574,1.1213016358283763
-0.15670035222800524,0.27426602531339483,10.509517157316509,5.91903193062753,5.312029295922237,3.232685778320182,1.6758386030156371,1.0605385277599917
-0.13924766500838334,0.27426602531339483,10.890184638720788,5.3273471496827085,5.506536555877572,2.9115986514155385,1.734203226923076,0.9605132850162714
-0.12373879148704055,0.27426602531339483,11.377793534528394,4.636104318192119,5.754478573391121,2.537603332837835,1.809550232873415,0.841905670574592
-0.10995723711238882,0.27426602531339483,11.928019223029171,3.938200307858767,6.033437559355808,2.1601149787656886,1.8956455364381606,0.7197337857455676
-0.09771061966979347,0.27426602531339483,12.508672282377754,3.2871269976583886,6.327123731094396,1.8076630249392593,1.9874013275182132,0.6038275706718066
-0.0868279837415025,0.27426602531339483,13.096513226072881,2.7086603542534635,6.624022109198975,1.4938417583073005,2.0808678673702636,0.4995585447412443
-0.07715741427178036,0.27426602531339483,13.675202322911561,2.2109136471636117,6.916182138895926,1.2229131021896706,2.1731795631813506,0.40903625080024947
-0.06856391592404971,0.27426602531339483,14.233697744146758,1.7918553154409502,7.1981605845335945,0.9939615139459212,2.2623032206349465,0.33239720211157575
-0.06092752862714207,0.27426602531339483,14.764824871117488,1.444422445518467,7.4663815372147235,0.8034222884786555,2.346967133990727,0.2686113791466515
-0.0541416530048151,0.27426602531339483,15.264225998958732,1.1595638372980204,7.718673736039918,0.6466142659279313,2.4264446625463454,0.21614990634080267
-0.04811156231253989,0.27426602531339483,15.729614890463056,0.9279223309746634,7.953889859579931,0.5186409535846672,2.500371585154814,0.17337403893890857
-0.04275308010908995,0.27426602531339483,16.16020948326595,0.7407111391521393,8.171617599534988,0.4148666338216527,2.568644312942459,0.1387161587872026
-0.0379914052040221,0.27426602531339483,16.556291882282395,0.5901126278983528,8.371970180065833,0.3311336005337002,2.6313415163552762,0.11076623149442305
-0.03376006747802295,0.27426602531339483,16.9188752601126,0.46940074195059445,8.55543089352778,0.2638354921963239,2.688658712495316,0.08830512757165405
-0.03,0.27426602531339483,17.249457128816115,0.3729149019939926,8.722734329461206,0.20991408262453087,2.7408618038768675,0.07030466072670752
0.03,0.27426602531339483,23.588829593968804,0.39183434042209325,11.928780605598497,0.2259510973995585,3.7404723083133877,0.07787225728504127
0.03376006747802295,0.27426602531339483,24.05232191875395,0.4964844408835988,12.162636440385011,0.28677309539241475,3.8137226713793835,0.09905626034948695
0.0379914052040221,0.27426602531339483,24.58311876781198,0.6289310447191288,12.430354274673471,0.36397138367241805,3.897611738866029,0.12603197248818043
0.04275308010908995,0.27426602531339483,25.192064756627406,0.796433461998125,12.737376738298252,0.46193245349552525,3.993836216924517,0.16038099588795332
0.04811156231253989,0.27426602531339483,25.891979959082615,1.0080617190177115,13.090148915880377,0.5861975635318866,4.104389198522022,0.20410839857751667
0.0541416530048151,0.27426602531339483,26.698058740132062,1.275094766327984,13.4963336479655,0.7437543747972807,4.231611319709313,0.2597477262430413
0.06092752862714207,0.27426602531339483,27.62835876534658,1.6114764445868142,13.965078819521464,0.9433948107956575,4.378250334521757,0.3304871406866813
0.06856391592404971,0.27426602531339483,28.704409747976012,2.034323463448147,14.507350413117445,1.1961497893093294,4.547546081953318,0.4203273797454944
0.07715741427178036,0.27426602531339483,29.95197654866107,2.56446833692005,15.136357185281103,1.5158147641890767,4.7433663767351755,0.5342931637202946
0.0868279837415025,0.27426602531339483,31.402005588198474,3.2269955189020143,15.86810831008537,1.919585566863876,4.97038969321764,0.6787104723559084
0.09771061966979347,0.27426602531339483,33.091812053962244,4.051705893404828,16.722121275294764,2.4288047005707316,5.234361500600662,0.8615820422951276
0.10995723711238882,0.27426602531339483,35.0667159187538,5.073475441498741,17.722220118119264,3.0697429997471626,5.542611488837735,1.0932279060557262
0.12373879148704055,0.27426602531339483,37.382404410429245,6.332468126158988,18.89742914973078,3.8743194004371846,5.904709800803226,1.3871825759831928
0.13924766500838334,0.27426602531339483,40.10791680136242,7.873854238907036,20.2830723057997,4.880676995251846,6.333088440833791,1.7612243106973735
0.15670035222800524,0.27426602531339483,43.32946111989689,9.746644368557163,21.921604605229717,6.133028310996652,6.843481872897859,2.2383232828845046
0.17634048216824733,0.27426602531339483,47.15528344109817,12.001034835904829,23.863302975922046,7.680446898261966,7.453678840725317,2.8457847324034615
0.19844221923690444,0.27426602531339483,51.71864388653821,14.681573645248344,26.167586041106237,9.574818833544143,8.180679819867335,3.6118702696733687
0.22331409039755062,0.27426602531339483,57.17823761864771,17.815116911795524,28.90607208327158,11.868546133897842,9.038128730584791,4.561434810623339
0.2513032920204875,0.27426602531339483,63.71225414934626,21.392638135653485,32.171125703203614,14.614632150793526,10.042615927962801,5.721174764903701
0.2828005365353655,0.27426602531339483,71.51696282643304,25.355443280980637,36.08880455129838,17.866633427198654,11.237216877186423,7.1474207604617375
0.3182455065418344,0.27426602531339483,80.83613204022444,29.60255114217175,40.82420256355665,21.665178561032953,12.709869157516719,8.950819876949662
0.35813299251433084,0.27426602531339483,92.05067665483499,34.0226309020521,46.555388834246735,25.992420658657913,14.536935919040303,11.22466598118927
0.40301979977966995,0.27426602531339483,105.75103514202453,38.5002223917161,53.43800214618983,30.72675509308435,16.68235087156874,13.90785452456366
0.4535325211846986,0.27426602531339483,122.54476628947789,42.85176766620093,61.70201169409489,35.70240418106543,19.172621612655732,16.999128768557892
0.5103762839557767,0.27426602531339483,142.70798107882817,46.83202170534854,71.88021625999332,40.799676024649514,22.38627588208478,20.900409524386117
0.5743445928509872,0.27426602531339483,166.8915091312948,50.36005334812703,84.51402386490402,45.73998236477204,26.3245918349834,25.48591580649338
0.6463304070095649,0.27426602531339483,197.3150283116633,53.54393850865347,99.59806053421124,50.07045156083173,30.862707825219953,30.442763971835
0.7273386051246984,0.27426602531339483,234.61150248550166,56.273146255541846,118.12588204583267,53.782420338871454,36.87370819253148,36.40217931850489
0.8185000129460304,0.27426602531339483,278.5694279659698,58.504243759367185,141.074778522565,56.86572975948569,43.48945733826021,42.115772020024664
0.9210871889273549,0.27426602531339483,335.6506814639164,60.484973122716966,168.41727658769273,59.28895102210759,52.630667341829,48.547715212521254
1.0365321883776653,0.27426602531339483,401.92083857031156,62.04514794015435,204.05800962034158,61.34161943691956,62.58322259197348,53.749263029326826
1.166446554092426,0.27426602531339483,488.5366599107862,63.419157165939666,244.31584935524972,62.852985081148645,76.15275359729013,58.38434761013009
1.3126438125222553,0.27426602531339483,587.7191240672046,64.47673868487999,298.04775521362023,64.16906876843458,91.64532842143076,61.42126990427097
1.4771647895120215,0.27426602531339483,720.1877446428209,65.4207313585081,360.9699920601003,65.16963854086816,111.05157993626416,63.52686855514495
1.6623060990028473,0.27426602531339483,869.6637868835901,66.1314497281162,437.44422524498964,65.97078223429878,136.29176868762943,65.03581502593813
1.8706522023821734,0.27426602531339483,1061.0861481283905,66.7427511601775,540.0470357954708,66.6688595985404,165.55187689048466,66.0383001331049
2.1051114860111477,0.27426602531339483,1305.835720573051,67.25854759800197,653.0745239176988,67.17199803273755,199.89601058731617,66.75347895762069
2.368956860549917,0.27426602531339483,1587.40865628933,67.65223622892304,801.6127969063542,67.60921951369448,242.0396172219896,67.3033813391076
2.6658714488230206,0.27426602531339483,1960.3776464478472,67.99746155437623,972.7063083399414,67.94216031956753,299.11227497427603,67.76662830717572
3.0,0.27426602531339483,2377.814014360228,68.25410222514763,1178.5101617130556,68.21126908942034,360.9448317965984,68.084843696196
-3.0,0.32413257537037565,1013.2723837230201,66.61220577091413,517.6234316263409,66.54134746547128,158.4132542260497,65.83860815468442
-2.6658714488230206,0.32413257537037565,814.9223316332971,65.90229450952546,409.7730828471679,65.71806267216903,126.70878053996248,64.56380553223528
-2.368956860549917,0.32413257537037565,651.0448318973997,64.9776229780335,327.50983897572144,64.69003115495389,100.97529293935163,62.59021637639224
-2.1051114860111477,0.32413257537037565,515.5821788070805,63.74963886145944,260.5576771084578,63.31495643674492,81.43833497420057,59.62413222656378
-1.8706522023821734,0.32413257537037565,409.99123035055226,62.198976956132206,207.03533751042693,61.476536399287035,64.5131844734937,54.5635687568482
-1.6623060990028473,0.32413257537037565,323.8336729072996,60.13554193019685,163.62908620453322,58.93275448906468,51.16198391701678,47.62600330624274
-1.4771647895120215,0.32413257537037565,255.62240829818836,57.44128297378395,129.05682906214818,55.410773791507715,40.31153916642637,39.4831961597164
-1.3126438125222553,0.32413257537037565,201.5412018259573,53.906942659290436,101.81395665200996,50.593880347291204,31.908458146524577,31.530643209060337
-1.166446554092426,0.32413257537037565,158.76910640948594,49.296085375641304,80.2446596750948,44.224144318105054,25.152081290090184,24.146329431367572
-1.0365321883776653,0.32413257537037565,125.19983878824253,43.44461540773348,63.30339250885104,36.5776847125815,19.847313798955177,17.82792153519286
-0.9210871889273549,0.32413257537037565,98.86743428333334,36.36785601107596,49.994699918175755,28.42427527478153,15.688843663683073,12.66574126707396
-0.8185000129460304,0.32413257537037565,78.371557838344,28.531204352859074,39.63834376383544,20.730828617029047,12.441172273865346,8.619117896053787
-0.7273386051246984,0.32413257537037565,62.47606704559583,20.732744277264516,31.588857568930504,14.126029217957312,9.927583309096338,5.58625014309963
-0.6463304070095649,0.32413257537037565,50.17448184517438,13.778523444957198,25.386133593495025,8.927199479162557,7.969721613482756,3.3854246528730987
-0.5743445928509872,0.32413257537037565,40.69460391833035,8.211725916846612,20.57766606457121,5.101380104651554,6.463500122242629,1.8801041482951981
-0.5103762839557767,0.32413257537037565,33.32215327233641,4.167928829980174,16.852122091416348,2.509555913373599,5.290128949613913,0.902111854405822
-0.4535325211846986,0.32413257537037565,27.507212119579407,1.566066360633634,13.912544600208985,0.9201185997470812,4.365191999236289,0.32391317135099207
-0.40301979977966995,0.32413257537037565,22.790774680186868,0.23745706605802241,11.526646698777657,0.1366839359684823,3.6159532521307485,0.04721040028405287
-0.35813299251433084,0.32413257537037565,18.89793089775291,0.06560308854855233,9.556354903969472,0.037290261296586094,2.9979388597281473,0.012870899213103526
-0.3182455065418344,0.32413257537037565,15.762838523353569,0.9125724556578447,7.968305740096465,0.5113434722122454,2.5011220649112578,0.17296828782621954
-0.2828005365353655,0.32413257537037565,13.40616113590149,2.433912674842167,6.776744082193103,1.3477509143757536,2.1276131319729146,0.4522417087239024
-0.2513032920204875,0.32413257537037565,11.7925339317015,4.102418522907091,5.961218964475557,2.2536789845673484,1.8717728193255865,0.7522541585684003
-0.22331409039755062,0.32413257537037565,10.812373450961324,5.444442821585962,5.4644971711351165,2.9788579174681966,1.7189432339906772,0.9859544821206283
-0.19844221923690444,0.32413257537037565,10.331019793825398,6.213315024845317,5.219798117591663,3.3940438757881672,1.6463438544096647,1.1139717658866295
-0.17634048216824733,0.32413257537037565,10.22210831716955,6.398398421231485,5.165115694557545,3.4926018246681947,1.6310156605668367,1.1425379469108228
-0.15670035222800524,0.32413257537037565,10.380948199620894,6.1298790049958765,5.246957140429801,3.345900076824222,1.6555907247903243,1.0970048568878716
-0.13924766500838334,0.32413257537037565,10.724622428933325,5.578835616718475,5.4227841077159455,3.046744038251662,1.7080676793182568,1.0043894997681888
-0.12373879148704055,0.32413257537037565,11.189840026083788,4.894069968118896,5.659426479795893,2.6765035143457396,1.7798269004786142,0.8873346330731423
-0.10995723711238882,0.32413257537037565,11.72858740457796,4.181620872321731,5.932598117245818,2.2915469723419863,1.864076142968577,0.7629562544195837
-0.09771061966979347,0.32413257537037565,12.305769317925412,3.5052154871686523,6.224530633027697,1.9258215052547263,1.955273556213473,0.642818345981746
-0.0868279837415025,0.32413257537037565,12.895876969004272,2.897477775102234,6.5225643697358615,1.5965325656485507,2.049107048978125,0.5335080691489222
-0.07715741427178036,0.32413257537037565,13.480823834272268,2.3705930802560835,6.817874213620021,1.3100962849587665,2.142428655276746,0.43788395496195426
-0.06856391592404971,0.32413257537037565,14.048242950401447,1.924667874011815,7.104350628165989,1.0667538362215343,2.2329863462684876,0.3564953720844902
-0.06092752862714207,0.32413257537037565,14.58996306004497,1.5535678891756908,7.377915374038058,0.8634631464626498,2.3193458812020973,0.28849728603434016
-0.0541416530048151,0.32413257537037565,15.10088457642233,1.2484683891476298,7.636023590973908,0.6956895867626957,2.4006614593025573,0.23241292961229737
-0.04811156231253989,0.32413257537037565,15.578177280964013,0.9998613924915662,7.877253657230363,0.5584778598698792,2.476482065294507,0.186585181383145
-0.04275308010908995,0.32413257537037565,16.020667763022136,0.7986305074380143,8.100995072759655,0.4470331520535133,2.546642393755351,0.14939349514775485
-0.0379914052040221,0.32413257537037565,16.42836330499257,0.6365650174264953,8.307221194348328,0.35699958159011447,2.611178527514508,0.11936159483301505
-0.03376006747802295,0.32413257537037565,16.80209047860266,0.5065450778828685,8.49631998302205,0.28456759947107635,2.6702575422962886,0.0952027869505517
-0.03,0.32413257537037565,17.143226508998595,0.4025467688269266,8.668964411252619,0.22648850000014412,2.7241272572417246,0.07582596820596732
0.03,0.32413257537037565,23.734297985860096,0.42353711632191066,12.002290999573207,0.24438633491544948,3.7634260419296237,0.08426669146479902
0.03376006747802295,0.32413257537037565,24.21878651548883,0.5366093198489797,12.246741845284888,0.3101733225695361,3.8399941518714757,0.10719822100094348
0.0379914052040221,0.32413257537037565,24.773944937231466,0.6796837136671003,12.526748887162249,0.39366878403451655,3.927732863688121,0.13640097844949742
0.04275308010908995,0.32413257537037565,25.411233577283376,0.8605757560320793,12.848064141199428,0.4996110693781186,4.0284354685048305,0.17358743665571114
0.04811156231253989,0.32413257537037565,26.144216025701564,1.0890383917541595,13.217506738594723,0.6339822769946961,4.144211132111101,0.22092817099328912
0.0541416530048151,0.32413257537037565,26.988986904229844,1.377181089750699,13.643193402160017,0.8043200391175133,4.2775400803722405,0.2811651553958552
0.06092752862714207,0.32413257537037565,27.96469680830661,1.7399452716334163,14.134824775377911,1.02009873035959,4.431338048467374,0.35774769212841
0.06856391592404971,0.32413257537037565,29.094206002499455,2.195626967675178,14.704042454561506,1.293190429622998,4.609047732979964,0.4550023459485671
0.07715741427178036,0.32413257537037565,30.404903971511082,2.7664240508943516,15.364884251584458,1.6384188712017569,4.814783944570413,0.5783598563919999
0.0868279837415025,0.32413257537037565,31.929726581210552,3.478957247669628,16.134381410780595,2.074224521629027,5.053528743347153,0.7346521677492256
0.09771061966979347,0.32413257537037565,33.70843293412874,4.364687259742087,17.033316807252845,2.623436764400045,5.331405323303422,0.9325140763655537
0.10995723711238882,0.32413257537037565,35.789360695196436,5.460179235569923,18.0870835651882,3.3140673150485087,5.6562254691389375,1.1830665176242219
0.12373879148704055,0.32413257537037565,38.23195210406702,6.807153876582384,19.326650411907355,4.180012757260341,6.038186311950245,1.500871206856593
0.13924766500838334,0.32413257537037565,41.109951471692774,8.451934201802334,20.789746980328832,5.261565134156767,6.490536156319082,1.9050208099185162
0.15670035222800524,0.32413257537037565,44.515498123406225,10.443850456616241,22.521779450628454,6.605093513661181,7.030051349954232,2.4201282254882934
0.17634048216824733,0.32413257537037565,48.56434071032126,12.831940246975254,24.576606051262395,8.261537963652225,7.675750498903666,3.0753777327605167
0.19844221923690444,0.32413257537037565,53.399116900032986,15.65716536404118,27.017975591751952,10.283923450693383,8.445922617749881,3.9008757963207548
0.22331409039755062,0.32413257537037565,59.189943986920106,18.939244156807206,29.922810891065794,12.724500228547608,9.35542892011449,4.922972897550258
0.2513032920204875,0.32413257537037565,66.12835298467274,22.65765805838131,33.39027882296713,15.634193014687849,10.422324948097007,6.169844577082317
0.2828005365353655,0.32413257537037565,74.42591713840794,26.738498555505874,37.555559077155834,19.061551908248646,11.69267773117735,7.700943957343788
0.3182455065418344,0.32413257537037565,84.34541024299622,31.064665384544952,42.595676814878004,23.03723711095067,13.260095607482183,9.632753173136079
0.35813299251433084,0.32413257537037565,96.29573883150947,35.51161832449121,48.70220857776497,27.525620203989543,15.20639041352843,12.062028773047379
0.40301979977966995,0.32413257537037565,110.90920873464485,39.956771566914306,56.043927354494684,32.37960984625158,17.49491236697111,14.921003223552967
0.4535325211846986,0.32413257537037565,128.8390757279485,44.220495483134094,64.86905469327981,37.40627310017345,20.155093993815942,18.20444332958137
0.5103762839557767,0.32413257537037565,150.3903008795954,48.07626016402201,75.74772704410353,42.4623055500959,23.58942638386797,22.32656599460451
0.5743445928509872,0.32413257537037565,176.26652524209484,51.463084463681206,89.26161148506583,47.26303359558015,27.8019921952525,27.140450737613264
0.6463304070095649,0.32413257537037565,208.83984064765752,54.497444433245036,105.41416406424254,51.3930815627874,32.662975328072115,32.30240976526927
0.7273386051246984,0.32413257537037565,248.80523738490348,57.0852280366926,125.2703876960276,54.88406572440703,39.10256046698675,38.427263471051845
0.8185000129460304,0.32413257537037565,295.96142103227197,59.193713556069426,149.88185719546937,57.75998536091291,46.20203237462741,44.199384503016304
0.9210871889273549,0.32413257537037565,357.21241648074334,61.059721878820135,179.23376663530698,60.0124380977355,56.009106366457964,50.51236742840457
1.0365321883776653,0.32413257537037565,428.4041927751856,62.52718122976753,217.5022551080068,61.91741942679053,66.70409218839984,55.41948635759648
1.166446554092426,0.32413257537037565,521.4684074101605,63.81683037626339,260.7834378174658,63.32092374993803,81.28306174321216,59.59119502034458
1.3126438125222553,0.32413257537037565,628.152348663838,64.80863019492989,318.54873759721437,64.54278146779797,97.94680901971424,62.24884876568066
1.4771647895120215,0.32413257537037565,770.6339917653438,65.69234728978188,386.25417647392743,65.47247630885877,118.82758706625155,64.0918525317606
1.6623060990028473,0.32413257537037565,931.5803897957805,66.35736484273427,468.5861689922721,66.21712959021728,145.9890096635507,65.42819469930741
1.8706522023821734,0.32413257537037565,1137.7221246644478,66.92862354079321,579.0381599281606,66.86580869669969,177.5019234026325,66.32694533110319
2.1051114860111477,0.32413257537037565,1401.3387650782468,67.4101124984946,700.8417108809645,67.3337060864825,214.513529601783,66.97377226279303
2.368956860549917,0.32413257537037565,1704.8407044397864,67.77745675084715,860.902420938301,67.74011118547477,259.94359704043666,67.47415636967621
2.6658714488230206,0.32413257537037565,2106.8168869748506,68.09920683252088,1045.3887614764071,68.04965490765834,321.4526067233882,67.89749320480625
3.0,0.32413257537037565,2557.056956163027,68.33834236630167,1267.376056104562,68.29980660791342,388.15062777566885,68.1894944170658
-3.0,0.37399912542735647,1089.8328707021146,66.81560401740336,556.7307110772871,66.75669592558049,170.36854133376627,66.1608952902381
-2.6658714488230206,0.37399912542735647,876.7589219145972,66.15900001549281,440.8580513521741,65.99960633509582,136.31094489057477,65.03666732300985
-2.368956860549917,0.37399912542735647,700.6579444396925,65.3047273224634,352.46041837088706,65.05706931298909,108.65879118328267,63.32822690803099
-2.1051114860111477,0.37399912542735647,555.0280307898006,64.17159624912799,280.48900543014753,63.80064980496536,87.66358632068537,60.7983034721718
-1.8706522023821734,0.37399912542735647,441.47995853056267,62.742827564661646,222.93248069901404,62.12759708534692,69.4627060831062,56.40028866692888
-1.6623060990028473,0.37399912542735647,348.77796103613105,60.84383631664679,176.23086644073936,59.82195002139207,55.09979462368547,50.004538365170376
-1.4771647895120215,0.37399912542735647,275.35151337516066,58.366516786347944,139.01472460501122,56.63722723519352,43.41956232555109,42.060098664631234
-1.3126438125222553,0.37399912542735647,217.10027102100509,55.11526411438667,109.67185547521647,52.263301231640895,34.37025566672974,34.00741256661523
-1.166446554092426,0.37399912542735647,170.99975146016854,50.85878136813589,86.4249849484895,46.37265311797055,27.088567998704036,26.346241888135964
-1.0365321883776653,0.37399912542735647,134.79082029510263,45.40437758795695,68.15214572141605,39.05850666543296,21.36712993742309,19.676691995682955
-0.9210871889273549,0.37399912542735647,106.36408374266,38.67942277038054,53.78504232961165,30.951347703613628,16.87832925207914,14.15250213955325
-0.8185000129460304,0.37399912542735647,84.2176096283725,31.012708520256844,42.59515658948156,23.036838525703917,13.369299848331876,9.768461717117635
-0.7273386051246984,0.37399912542735647,67.02549647093623,23.1188179602218,33.88856308784778,16.049215275563267,10.651305328219436,6.4426606186052915
-0.6463304070095649,0.37399912542735647,53.70842786280465,15.83577898534109,27.174722348028695,10.415025416198569,8.531643843818662,3.9952350506771053
-0.5743445928509872,0.37399912542735647,43.44051221017926,9.811806284154638,21.965807513756953,6.167578776918468,6.900312951933783,2.293311799628648
-0.5103762839557767,0.37399912542735647,35.454012950341756,5.279962753665574,17.93020662605739,3.2083784872472574,5.629142075943517,1.161444456261552
-0.4535325211846986,0.37399912542735647,29.160933661864863,2.2236475253620998,14.749426173522542,1.3159671850154127,4.628447524658266,0.4661564272215505
-0.40301979977966995,0.37399912542735647,24.06470920037928,0.4994249375426687,12.171136004612045,0.28910181304851607,3.8183866161731994,0.10048102007444325
-0.35813299251433084,0.37399912542735647,19.858376239110434,0.003764169710578809,10.042342908458043,0.0021706292724798406,3.150564621045878,0.0007644505553256496
-0.3182455065418344,0.37399912542735647,16.456565713810036,0.6261474743826957,8.319415299077251,0.35204221585251755,2.611306690344622,0.1193057959180322
-0.2828005365353655,0.37399912542735647,13.874414100424161,2.054817143670978,7.0137164860053645,1.140247878032346,2.201964600563386,0.3831714513648161
-0.2513032920204875,0.37399912542735647,12.076727738216764,3.76345196353162,6.105039014642082,2.070105640725445,1.916896372604109,0.6916268233440094
-0.22331409039755062,0.37399912542735647,10.952218179046428,5.235370629693223,5.535276526794265,2.8662768103750897,1.7411589817818613,0.9490796348735611
-0.19844221923690444,0.37399912542735647,10.361738415160795,6.161876675141824,5.235336059107471,3.3664354045090783,1.6512874953489385,1.104876085991856
-0.17634048216824733,0.37399912542735647,10.17312829473623,6.483031485043989,5.140318154019769,3.538021764379384,1.6233685099129775,1.156997780737909
-0.15670035222800524,0.37399912542735647,10.275928684884256,6.306404752841548,5.193812931161667,3.440606208289698,1.6390731258707445,1.1274527465684812
-0.13924766500838334,0.37399912542735647,10.582068683952297,5.802554956611463,5.350681988020278,3.166839938487906,1.6855771463324483,1.0433296727714234
-0.12373879148704055,0.37399912542735647,11.023937252448224,5.130533913702498,5.575536116626094,2.803677181656326,1.7535986540694626,0.9288825796434476
-0.10995723711238882,0.37399912542735647,11.549990922391856,4.408716232853099,5.842302256349182,2.41401400053313,1.8358102423969644,0.8031888504827168
-0.09771061966979347,0.37399912542735647,12.122342519073552,3.7109799391474545,6.13179177094454,2.0371653241137513,1.9262335525222312,0.6795231012192797
-0.0868279837415025,0.37399912542735647,12.713294845674074,3.076975990807234,6.430241057385796,1.6940368636685963,2.02020726790734,0.5657105490809692
-0.07715741427178036,0.37399912542735647,13.303070967955964,2.523189285376723,6.727978285413204,1.3933148723994335,2.1143104711619065,0.46539255964463455
-0.06856391592404971,0.37399912542735647,13.878016906856029,2.052062978227877,7.0182465048548215,1.136499331015199,2.20607895256553,0.37956266741235034
-0.06092752862714207,0.37399912542735647,14.428989780561015,1.6585444327757624,7.296477589676903,0.9211501666343791,2.2939202038569158,0.3075859980689385
-0.0541416530048151,0.37399912542735647,14.9501637643236,1.3341472998354933,7.559760837511922,0.7429379769370097,2.3768718236638593,0.24805690906993294
-0.04811156231253989,0.37399912542735647,15.438173548848864,1.0692931727108606,7.80640474058098,0.5968912839601352,2.45439741298781,0.199313902638806
-0.04275308010908995,0.37399912542735647,15.891458436596048,0.854593700098107,8.035602658868035,0.4780870663273989,2.526270539858992,0.15969376666577947
-0.0379914052040221,0.37399912542735647,16.309751561106392,0.6814866893834088,8.24718846578089,0.38199379422237734,2.592484717408182,0.12766153667458255
-0.03376006747802295,0.37399912542735647,16.693691244043485,0.5424888589503712,8.441454009862772,0.30461532977203426,2.6531782263856685,0.10186855385573898
-0.03,0.37399912542735647,17.044531226751914,0.43123535928977885,8.619009073873576,0.24252485625953757,2.7085802194450896,0.08116498324208106
0.03,0.37399912542735647,23.87092683346571,0.45427166178219036,12.071334788642478,0.2622757199749729,3.7849851714202907,0.09047635407420994
0.03376006747802295,0.37399912542735647,24.37521409383586,0.5755004647341151,12.32577658828388,0.332879172382873,3.864681840534161,0.11510520879665004
0.0379914052040221,0.37399912542735647,24.953363099540816,0.7288626098556518,12.617381526374006,0.42248211794653534,3.9560535958080214,0.14647097277633583
0.04275308010908995,0.37399912542735647,25.61742209566786,0.9227079849331934,12.952197070843937,0.5361629928214661,4.060985969272786,0.18641309901647143
0.04811156231253989,0.37399912542735647,26.381665398958823,1.167444089354397,13.33739993132846,0.6803294288995699,4.181699108158781,0.23726266481399252
0.0541416530048151,0.37399912542735647,27.26304911485924,1.4759737781222448,13.781541175990972,0.8630490603786094,4.320806865360524,0.30196363679834876
0.06092752862714207,0.37399912542735647,28.2817708100514,1.8641873469200743,14.294850938894276,1.0944525699348202,4.481385980358329,0.384218196084607
0.06856391592404971,0.37399912542735647,29.461966667414423,2.3514961663007945,14.889618607565334,1.3872188589076258,4.667073811761283,0.4886681269759156
0.07715741427178036,0.37399912542735647,30.83258562959002,2.9613793743971843,15.580677622049617,1.7571546876791417,4.882222418919839,0.6211365072648893
0.0868279837415025,0.37399912542735647,32.42847501126933,3.721883539059208,16.386040883762377,2.22388529245554,5.132105697824121,0.7889434981372101
0.09771061966979347,0.37399912542735647,34.29174412276397,4.665984585594742,17.327707503571023,2.8116474785795824,5.42321017385239,1.0013327576137754
0.10995723711238882,0.37399912542735647,36.47363489427851,5.831748294071291,18.43257984631412,3.5500883597102764,5.763811365256676,1.2701950702048403
0.12373879148704055,0.37399912542735647,39.03720556978602,7.262207704848329,19.733498357500135,4.474942534700436,6.164709371072667,1.6110769484183562
0.13924766500838334,0.37399912542735647,42.060733468569346,9.004525969572592,21.270510198140173,5.628466860067699,6.6399375234971,2.0443273538801314
0.15670035222800524,0.37399912542735647,45.642074576908634,11.107963281481373,23.091867270112736,7.058947072032259,7.2072744565867986,2.596123199070202
0.17634048216824733,0.37399912542735647,49.90421066519585,13.619935701350222,25.254885103561936,8.818882533974772,7.886924197593096,3.2974289223864828
0.19844221923690444,0.37399912542735647,54.99882585867753,16.577329296981794,27.827497249805702,10.962049406151195,8.6984228784966,4.180085096367034
0.22331409039755062,0.37399912542735647,61.10706752507591,19.992338716839836,30.891756580637644,13.540061636927515,9.65781780804872,5.271827057851817
0.2513032920204875,0.37399912542735647,68.4333736184164,23.832942190943072,34.55340626500968,16.601155207246208,10.784592133973836,6.602176627409316
0.2828005365353655,0.37399912542735647,77.20415094116797,28.010768189970033,38.95643639539859,20.188117607584182,12.127697504669584,8.23344410171465
0.3182455065418344,0.37399912542735647,87.70059540651393,32.394435322184556,44.289393520738315,24.32083562930632,13.786187654395338,10.28742594799149
0.35813299251433084,0.37399912542735647,100.35866856630902,36.849117757439316,50.756927470329074,28.945505326727574,15.847131503049564,12.863781466024832
0.40301979977966995,0.37399912542735647,115.85106237434381,41.248694143350015,58.540585228345364,33.89046875894755,18.27340907884452,15.88800871914249
0.4535325211846986,0.37399912542735647,134.8752317025563,45.42045266326146,67.90629194735725,38.93870605559026,21.09732692957027,19.35048650950564
0.5103762839557767,0.37399912542735647,157.76441762418315,49.156719983847715,79.46017052584378,43.92942659997983,24.744351960786783,23.67521738566664
0.5743445928509872,0.37399912542735647,185.27353254816902,52.41400992142199,93.82280016604113,48.58129875572699,29.22139978425202,28.693437113423922
0.6463304070095649,0.37399912542735647,219.92139508395178,55.31502579066252,111.0066161372083,52.52069913978906,34.39406769833417,34.03078391762565
0.7273386051246984,0.37399912542735647,262.46363753188723,57.778865501256014,132.14555814820733,55.8144126512903,41.24736372820366,40.27996045310458
0.8185000129460304,0.37399912542735647,312.7100814428689,59.781002429611846,158.36306292378194,58.51171548094958,48.81435040498043,46.065176323788386
0.9210871889273549,0.37399912542735647,377.99021517158866,61.54825656431899,189.65729409145132,60.619621138860026,59.26472287833445,52.20829180224705
1.0365321883776653,0.37399912542735647,453.9412802601398,62.93623256877192,230.46581105669466,62.40058158888884,70.67782122348514,56.8002222160266
1.166446554092426,0.37399912542735647,553.2410632137248,64.15383461264715,276.6719905601405,63.71366719631329,86.2328590839584,60.551873913183336
1.3126438125222553,0.37399912542735647,667.184280652958,65.089555131469,338.33877326967684,64.85659910324748,104.02990639171529,62.90373820818346
1.4771647895120215,0.37399912542735647,819.3538743053914,65.92201727477541,410.67360281497446,65.72686418988407,126.33774105481665,64.54347202363051
1.6623060990028473,0.37399912542735647,991.4063148369939,66.54820845008553,498.67671002600065,66.42410925754892,155.35845420277982,65.74574579557459
1.8706522023821734,0.37399912542735647,1211.799768950396,67.08550569857147,616.7260973035018,67.03132042036412,189.05267050871143,66.56267377069969
2.1051114860111477,0.37399912542735647,1493.684134499373,67.5379387239746,747.0305019583493,67.46959540244504,228.6480907138814,67.15483710186399
2.368956860549917,0.37399912542735647,1818.428739102678,67.8829860933817,918.2503189973311,67.85009955842509,277.2619368098433,67.61519204241719
2.6658714488230206,0.37399912542735647,2248.498435254977,68.1848963549298,1115.712727451409,68.13996706752079,343.0672865629601,68.00599567894012
3.0,0.37399912542735647,2730.525454191426,68.40924372441994,1353.3825880401562,68.37417566571165,414.48018956981235,68.2764733460856
-3.0,0.4238656754843373,1163.4119388312176,66.98533894053311,594.3128604059056,66.93555133026418,181.8575946479281,66.42026469980661
-2.6658714488230206,0.4238656754843373,936.2059753860199,66.3730123980817,470.7416669486377,66.23289457233005,145.5417993371067,65.41165521806808
-2.368956860549917,0.4238656754843373,748.3716826875824,65.57713568072109,376.4556949128428,65.36034691105294,116.04809414815513,63.90274894909605
-2.1051114860111477,0.4238656754843373,592.9810087307418,64.52259039644724,299.66563579278574,64.20061526650096,93.65289740024633,61.704086077247766
-1.8706522023821734,0.4238656754843373,471.79221776010854,63.19467058405361,238.23543452089913,62.66169614455586,74.22715468313707,57.86545303234716
-1.6623060990028473,0.4238656754843373,372.80498025243764,61.43171671718161,188.36903027285783,60.54878994363757,58.89266086041869,52.02393579072057
-1.4771647895120215,0.4238656754843373,294.368846574483,59.134173445067255,148.61322533649695,57.63883446446043,46.415393046920286,44.35692715478618
-1.3126438125222553,0.4238656754843373,232.11096116742485,56.11913414780969,117.25266236031337,53.63708633881993,36.74521058837786,36.28234312291372
-1.166446554092426,0.4238656754843373,182.8116905063977,52.16378896730912,92.39359975946934,48.18255883209644,28.958703959837212,28.408788716336236
-1.0365321883776653,0.4238656754843373,144.06528526316077,47.06139661929661,72.84075715472875,41.22591478424564,22.836745450600983,21.43680718642051
-0.9210871889273549,0.4238656754843373,113.62477780744133,40.67868093585023,57.45597428090992,33.24283244920021,18.03033406707826,15.586526725892524
-0.8185000129460304,0.4238656754843373,89.89071306394634,33.22745301290443,45.46439522691658,25.19430194091043,14.269932820912901,10.891033800144656
-0.7273386051246984,0.4238656754843373,71.45096211993665,25.323461054095112,36.125546555478614,17.896742530811895,11.355265607012578,7.290451282823588
-0.6463304070095649,0.4238656754843373,57.15611531822392,17.802652853720097,28.91957845630687,11.879911397404207,9.079820057925177,4.608656983555901
-0.5743445928509872,0.4238656754843373,46.12830782360567,11.39489021197014,23.324563382064447,7.24557891085108,7.327857397186249,2.7176037202357515
-0.5103762839557767,0.4238656754843373,37.547835850964745,6.424431574879624,18.989057563738797,3.939085745054511,5.962095697167525,1.4357285149259142
-0.4535325211846986,0.4238656754843373,30.789417143546984,2.9415200455465254,15.573536615637524,1.7531806476061422,4.887677876157458,0.6246453342131539
-0.40301979977966995,0.4238656754843373,25.320634028341953,0.8338204035258767,12.806516512664853,0.4853248517251426,4.017967231715354,0.16954501379763134
-0.35813299251433084,0.4238656754843373,20.805899337386776,0.015161241732432535,10.521782814872134,0.008602566485977205,3.3011558589339587,0.0029388982829163584
-0.3182455065418344,0.4238656754843373,17.14355890345347,0.4024520438072133,8.667121719544392,0.22706906603710486,2.7204532547176554,0.07706935543308968
-0.2828005365353655,0.4238656754843373,14.3433152363905,1.7162138172143253,7.2510368152113935,0.9543665249578723,2.2764386762899895,0.3211554219607504
-0.2513032920204875,0.4238656754843373,12.368496033045592,3.436741420728845,6.25270703672435,1.892852417692281,1.9632349441291566,0.6330000198996952
-0.22331409039755062,0.4238656754843373,11.105058496431456,5.013865822372334,5.612639699288719,2.746890571888909,1.7654492572500455,0.9099376698672982
-0.19844221923690444,0.4238656754843373,10.40918352045565,6.083082493369637,5.259346559851647,3.324113458946423,1.6588924740815687,1.0909944682733905
-0.17634048216824733,0.4238656754843373,10.143141441225827,6.535279347341442,5.125143069773678,3.5660430726229664,1.6187351431001586,1.1658271566139946
-0.15670035222800524,0.4238656754843373,10.191030994652085,6.4519957700173185,5.1508625360256,3.5186525087807414,1.6257442524584664,1.152490563872363
-0.13924766500838334,0.4238656754843373,10.459929068998136,5.999676367666089,5.288918231029008,3.272552899145751,1.66632141386982,1.077562557353779
-0.12373879148704055,0.4238656754843373,10.878149098335276,5.3453329008998125,5.501828775367399,2.9190734571645236,1.730559099209799,0.9665439138854071
-0.10995723711238882,0.4238656754843373,11.390807824869224,4.6186235855763,5.761831353686827,2.5270834254369205,1.8106226948185602,0.8402987008822855
-0.09771061966979347,0.4238656754843373,11.957367837505291,3.903261441345978,6.048389668114629,2.141094522757154,1.9001191771300932,0.7137515999984178
-0.0868279837415025,0.4238656754843373,12.548048131292235,3.2459345098035044,6.346688992550856,1.7857133766257887,1.9940547766999464,0.5959601976739742
-0.07715741427178036,0.4238656754843373,13.141457300558447,2.667544825923724,6.646248555925492,1.471954550565226,2.08874807935251,0.49136369440809097
-0.06856391592404971,0.4238656754843373,13.722708301759255,2.1730041880780404,6.9396909066072725,1.2026434824035204,2.1815318431467112,0.4014192972832723
-0.06092752862714207,0.4238656754843373,14.281724311909592,1.7584562186781298,7.221976883200077,0.9760007732841599,2.2706615681968443,0.32572056070156985
-0.0541416530048151,0.4238656754843373,14.811978969014625,1.4158441110969853,7.489842774140111,0.7879495167010512,2.3550624122983974,0.26294816291037343
-0.04811156231253989,0.4238656754843373,15.309588696013874,1.1355891783434373,7.741335600616471,0.6335388500017952,2.434115269184669,0.21144826592129146
-0.04275308010908995,0.4238656754843373,15.772615795214863,0.9080845631449783,7.975457775814613,0.5077458779604673,2.5075341633626542,0.16952438257321165
-0.0379914052040221,0.4238656754843373,16.200524790919697,0.7244573473540322,8.191906531200875,0.40588524023010814,2.5752708301450196,0.1355901584341156
-0.03376006747802295,0.4238656754843373,16.593767895090703,0.576892024621843,8.390878736780891,0.3237910823773561,2.637435002740478,0.10824063907296519
-0.03,0.4238656754843373,16.953475108859692,0.45870686789756554,8.572920899622169,0.2578715935973479,2.694237049557398,0.08627167086560096
0.03,0.4238656754843373,23.998234149233852,0.4837312538861007,12.135668441421783,0.27943847222302337,3.805073653466966,0.09643789944732914
0.03376006747802295,0.4238656754843373,24.521035507233076,0.6127702915877612,12.399453155020751,0.35466108233195237,3.887695928157912,0.12269641939255692
0.0379914052040221,0.4238656754843373,25.120698902546767,0.775978610676521,12.701911604373905,0.4501200211547119,3.9824675091773534,0.1561388715049831
0.04275308010908995,0.4238656754843373,25.809828553859134,0.9822139382436434,13.049370686139541,0.5712186865625601,4.091361171842392,0.19872648585949723
0.04811156231253989,0.4238656754843373,26.603371542272605,1.242504202379611,13.44934561750696,0.7247708054202099,4.2167021420842525,0.2529441850636579
0.0541416530048151,0.4238656754843373,27.51910023442751,1.5705018575881418,13.910799026882826,0.9193489994109145,4.361230929852894,0.3219294288303047
0.06092752862714207,0.4238656754843373,28.57820516119736,1.9829899388275645,14.444463210563105,1.1657080339223957,4.5281770519298155,0.40962645462945024
0.06856391592404971,0.4238656754843373,29.8060337389701,2.500423300233188,15.063242440175994,1.4772920825150764,4.721362780662854,0.5209785046139284
0.07715741427178036,0.4238656754843373,31.233016639135347,3.1474705867328194,15.782725977505578,1.8708373148143638,4.945365744151963,0.6621834504369721
0.0868279837415025,0.4238656754843373,32.89581891336946,3.953487508097391,16.621859948248023,2.3670844688321138,5.205737507291359,0.8410272135664607
0.09771061966979347,0.4238656754843373,34.838786685198684,4.9528177133245,17.603800447651242,2.9915882247441257,5.509310483225831,1.0673333905467013
0.10995723711238882,0.4238656754843373,37.115928002722164,6.184842633770684,18.75688649995363,3.775515618407427,5.864801662089273,1.353724562934971
0.12373879148704055,0.4238656754843373,39.79374695774202,7.693678003446953,20.115741516234703,4.756291205713433,6.28358502669763,1.7166810555853544
0.13924766500838334,0.4238656754843373,42.95484240086094,9.527047537939787,21.72262184060687,5.977948213036085,6.78044104008235,2.177739626213081
0.15670035222800524,0.4238656754843373,46.702522129852035,11.733813193207009,23.628494455943297,7.490453177040733,7.374102485705481,2.764550457956905
0.17634048216824733,0.4238656754843373,51.166667573929516,14.359410859386443,25.89397699745313,9.347576227548082,8.08590388243886,3.5097469102706054
0.19844221923690444,0.4238656754843373,56.50759710716907,17.436325179964197,28.591003935343092,11.603499471991439,8.936575269858812,4.4467829826632785
0.22331409039755062,0.4238656754843373,62.916995487369945,20.969078080301138,31.80653612156348,14.308794628867904,9.943306588407333,5.604663390294433
0.2513032920204875,0.4238656754843373,70.61165212176871,24.91443394899639,35.65260618615547,17.50853189105478,11.126956396062043,7.014121943100605
0.2828005365353655,0.4238656754843373,79.83219471575651,29.17060967388897,40.281622197144706,21.239197467789502,12.539228459701963,8.740054513016036
0.3182455065418344,0.4238656754843373,90.87748143691195,33.59393705425167,45.89313644836506,25.509447062783913,14.284350746226366,10.90904241212834
0.35813299251433084,0.4238656754843373,104.20934154750846,38.042044125543,52.70431409424528,30.24741835868766,16.454409611199388,13.623117813184123
0.40301979977966995,0.4238656754843373,120.53900483377593,42.388155084244985,60.90898801232972,35.25842692835309,19.011920519167322,16.801074827184827
0.4535325211846986,0.4238656754843373,140.60620919460482,46.46826766546012,70.79006640626352,40.30496952775762,21.991981196915265,20.42860276581429
0.5103762839557767,0.4238656754843373,164.77159473608552,50.092700810088274,82.98798153667155,45.21481923774005,25.841854768701644,24.937163934125074
0.5743445928509872,0.4238656754843373,193.83930102088334,53.2329021816501,98.16051124042579,49.71719534846596,30.571276112736587,30.13586011685482
0.6463304070095649,0.4238656754843373,230.46787380045913,56.01600168742555,116.32908615319312,53.48063672328668,36.04164309339492,35.62026458483268
0.7273386051246984,0.4238656754843373,275.47154833847577,58.371715688437966,138.69343523519277,56.60086966177358,43.2900366207443,41.95666335147138
0.8185000129460304,0.4238656754843373,328.6719254794444,60.28182655916005,166.44574644388348,59.14519137143431,51.30403306335601,47.7169750130611
0.9210871889273549,0.4238656754843373,397.80346394486133,61.96413579279629,199.59725716106098,61.13079612339638,62.36921789114584,53.65535161726059
1.0365321883776653,0.4238656754843373,478.30713124438495,63.28396717620709,242.83448684777034,62.807377639104615,74.46940226830591,57.932902692044266
1.166446554092426,0.4238656754843373,583.5713179521903,64.4399895386446,291.83983472465184,64.04442593505185,90.95800856969284,61.31986980546963
1.3126438125222553,0.4238656754843373,704.4630041220489,65.32784988729338,357.2394482344903,65.1210072146796,109.83977213724036,63.427902143040086
1.4771647895120215,0.4238656754843373,865.9037318247491,66.11666148913474,434.0058972304547,65.94125983634915,133.51364353853765,64.90872408611561
1.6623060990028473,0.4238656754843373,1048.5917723305163,66.70981298984432,527.4393259690513,66.59857863649165,164.31399574576236,66.00528672763036
1.8706522023821734,0.4238656754843373,1282.6327177391038,67.21825221223726,652.7616718807282,67.17085722071059,200.09708647024385,66.75677727414265
2.1051114860111477,0.4238656754843373,1582.0098671823516,67.64602557063317,791.2097485386047,67.58415158392003,242.16773761836538,67.30470902336154
2.368956860549917,0.4238656754843373,1927.1053586055623,67.97216116313781,973.1175988869875,67.94281519532161,293.8318652168768,67.73238421924869
2.6658714488230206,0.4238656754843373,2384.082911945808,68.25726440967796,1183.0133587034761,68.21608380460228,363.7519440370508,68.09644408317509
3.0,0.4238656754843373,2896.5706475309426,68.46908917637472,1435.7121918058986,68.43684255446684,439.68320088281115,68.34912324233112
-3.0,0.4737322255413181,1233.2510502137934,67.12734810948896,629.9823155525731,67.08459824956923,192.76200865097044,66.63093969622946
-2.6658714488230206,0.4737322255413181,992.6476507471672,66.55191886816917,499.1143647431024,66.42692407024172,154.3057650132006,65.71261668291092
-2.368956860549917,0.4737322255413181,793.6891229090481,65.80464926627565,399.2457737471077,65.61199383303835,123.06629562772495,64.35652619538769
-2.1051114860111477,0.4737322255413181,629.0436055763737,64.81544796594386,317.88669180864656,64.53154067544072,99.3435425453936,62.41032633302015
-1.8706522023821734,0.4737322255413181,500.6084811544416,63.571275289099376,252.7828726788968,63.10213970015803,78.75632044728985,59.026711874532495
-1.6623060990028473,0.4737322255413181,395.6597653125625,61.92125437287678,199.91474940189255,61.14615966274646,62.500335286569886,53.71297682411824
-1.4771647895120215,0.4737322255413181,312.47115311847324,59.77309342105864,157.74972732732033,58.46052815528975,49.26701766766402,46.37460232008425
-1.3126438125222553,0.4737322255413181,246.4116568120449,56.95524268243817,124.47473882219808,54.768626156494676,39.00774836630963,38.343186769103085
-1.166446554092426,0.4737322255413181,194.0768195644412,53.25453001634513,98.08575012131818,49.69851966545692,30.742201477851886,30.316055890504934
-1.0365321883776653,0.4737322255413181,152.92197717063002,48.45902141631151,77.31801258875159,43.09774632852708,24.24010787580474,23.08893184905382
-0.9210871889273549,0.4737322255413181,120.5698295937356,42.39538534482062,60.96718395934056,35.29124671288854,19.13220502235907,16.949340363112572
-0.8185000129460304,0.4737322255413181,95.32844393371256,35.18074627980127,48.21446299890013,27.181694209693113,15.133150657424657,11.970384866669585
-0.7273386051246984,0.4737322255413181,75.70384753842737,27.329621620544554,38.275220169298706,19.642190566085944,12.031714795017153,8.115666163696018
-0.6463304070095649,0.4737322255413181,60.479953864508566,19.64989909684557,30.601655911576703,13.295975743282177,9.608260825843239,5.214385408220401
-0.5743445928509872,0.4737322255413181,48.72904772708187,12.928944576368645,24.639302460313292,8.312873274302875,7.741516929467602,3.144155299940426
-0.5103762839557767,0.4737322255413181,39.581337107501255,7.572181676163449,20.017408418788943,4.683536197913324,6.285436276385851,1.7183409098105895
-0.4535325211846986,0.4737322255413181,32.3751214083256,3.69568274257092,16.375997414659263,2.2178491174375723,5.140074191898786,0.794524303373958
-0.40301979977966995,0.4737322255413181,26.54401208976587,1.2222349877570204,13.425440955473654,0.7151875309464224,4.212380440322316,0.25098584641750926
-0.35813299251433084,0.4737322255413181,21.727743741533033,0.08751976513943747,10.988226064488392,0.05005369268915482,3.4476789459145656,0.017265860289799616
-0.3182455065418344,0.4737322255413181,17.812413577838857,0.23672059923920644,9.00565300312676,0.13405660393682092,2.8267450982543334,0.04554090364869155
-0.2828005365353655,0.4737322255413181,14.802906340926095,1.4213148031278497,7.483664117696509,0.7920062466310467,2.3494527843203783,0.2668646057384625
-0.2513032920204875,0.4737322255413181,12.659455911719164,3.131336376612633,6.399980625491592,1.7268576585956874,2.0094575313897787,0.5780152079474553
-0.22331409039755062,0.4737322255413181,11.26405866775894,4.790964389130302,5.693127154045146,2.6266341938860998,1.7907301102753446,0.8704688309672656
-0.19844221923690444,0.4737322255413181,10.467913131972098,5.98663485549281,5.289075095953218,3.272281040176179,1.6682974499390015,1.0740109958034465
-0.17634048216824733,0.4737322255413181,10.127893457336665,6.561973845117438,5.117437228593487,3.580338328347241,1.6164430278202684,1.1702141809813682
-0.15670035222800524,0.4737322255413181,10.122978577453681,6.57059659366808,5.116448137833373,3.5821764471669,1.6150861708359245,1.1728171500551487
-0.13924766500838334,0.4737322255413181,10.355714210791435,6.17193793123187,5.236233790401934,3.3648455911584523,1.649906707103957,1.1074108414551314
-0.12373879148704055,0.4737322255413181,10.750610184317212,5.538773943676138,5.4373613450133025,3.022889010075439,1.7104129364948244,1.0003925230749657
-0.10995723711238882,0.4737322255413181,11.249661709113317,4.8108372235759385,5.690489669815987,2.630512217244592,1.7882955056255956,0.8742144389995004
-0.09771061966979347,0.4737322255413181,11.809848391775695,4.08116161742022,5.973820470146632,2.237148820633779,1.8767725432871236,0.7453593043395884
-0.0868279837415025,0.4737322255413181,12.39943198442513,3.4033201206024732,6.271551931880499,1.8710222581774851,1.9705379865015868,0.6240846567852392
-0.07715741427178036,0.4737322255413181,12.995500816059094,2.8026367493342477,6.57244139518237,1.5454745778476071,2.0656652137344564,0.5156233930171797
-0.06856391592404971,0.4737322255413181,13.5820035918808,2.2865522619330214,6.868525353447371,1.2646854548788653,2.1592954426413846,0.4219033782627415
-0.06092752862714207,0.4737322255413181,14.147979171111468,1.8524783530128417,7.154318501633436,1.0275719170913007,2.2495403507511353,0.3427572697263867
-0.0541416530048151,0.4737322255413181,14.686235863762265,1.4928547666698895,7.426221752092185,0.83034368821767,2.3352183279989447,0.2769629056836491
-0.04811156231253989,0.4737322255413181,15.192396167649774,1.198160046589589,7.682032863557648,0.6681002707695775,2.4156314376372037,0.222883793250799
-0.04275308010908995,0.4737322255413181,15.664161586378023,0.9586164628826703,7.920571480908057,0.5357438324376778,2.4904366872918398,0.17879842019344086
-0.0379914052040221,0.4737322255413181,16.100738206824442,0.7650791643374187,8.141403374942668,0.4284557133712382,2.5595455632806465,0.14307589961662656
-0.03376006747802295,0.4737322255413181,16.50239788551861,0.6094317457454539,8.344633397681838,0.34191709323064035,2.6230400720346028,0.11426059349727034
-0.03,0.4737322255413181,16.870149435814017,0.48470078538489936,8.530746114799518,0.2723847590724646,2.681112124628622,0.09109858053951973
0.03,0.4737322255413181,24.115767320340275,0.5116224181867762,12.195063264006043,0.295701128035683,3.823620076257819,0.10209041546456202
0.03376006747802295,0.4737322255413181,24.655715813512924,0.6480482580414666,12.467501303973405,0.3752988581876208,3.9089519992671935,0.12989415490896625
0.0379914052040221,0.4737322255413181,25.275317933940777,0.8205645773929056,12.780018697045294,0.4763031520677432,4.006874476682438,0.16530556290371487
0.04275308010908995,0.4737322255413181,25.98769796658782,1.0385058565227454,13.139203752516538,0.6044240832647337,4.119441905994458,0.21040118911360195
0.04811156231253989,0.4737322255413181,26.80843285711256,1.313481072260684,13.552888639746609,0.766858157803315,4.249077914539966,0.26781157033774733
0.0541416530048151,0.4737322255413181,27.756059851154923,1.6598425255872753,14.030421659881885,0.9726532688291943,4.398641737216192,0.3408571967806993
0.06092752862714207,0.4737322255413181,28.85270074544115,2.095203359876911,14.583006062893016,1.2331504215148152,4.57150624609609,0.43371111196758116
0.06856391592404971,0.4737322255413181,30.12483989409994,2.640983439682808,15.224123236094073,1.5625109297045925,4.771667393858015,0.5516012749961228
0.07715741427178036,0.4737322255413181,31.60429994993366,3.322943189352745,15.97007235476373,1.9783392475609967,5.003914847938787,0.7010791745027749
0.0868279837415025,0.4737322255413181,33.329454948942406,4.1716267544103305,16.840676662329646,2.5024141050230497,5.274061361257579,0.8903696319205922
0.09771061966979347,0.4737322255413181,35.346755583727806,5.222598078639557,17.860180319679756,3.1615099961078865,5.5892648703694565,1.1298419388976213
0.10995723711238882,0.4737322255413181,37.71281419642456,6.516376657376963,19.058274235880347,3.98819053909435,5.958657840762762,1.4328059688978618
0.12373879148704055,0.4737322255413181,40.4973807302564,8.09795081592044,20.471260658502477,5.021416624371087,6.39415420685282,1.8166170384799099
0.13924766500838334,0.4737322255413181,43.78712629632496,10.015363922042958,22.143477440693474,6.306808912223251,6.911237324716658,2.3039218263564902
0.15670035222800524,0.4737322255413181,47.690497542320614,12.316818888451484,24.128451853981186,7.895787884045582,7.529537815312624,2.923742373879757
0.17634048216824733,0.4737322255413181,52.34388076964409,15.045521294086196,26.48991853215455,9.843131029666035,8.271455711725002,3.7102590922264627
0.19844221923690444,0.4737322255413181,57.915738654721906,18.22939082919841,29.30359223581746,12.203131618492112,9.158850441142166,4.698410813715815
0.22331409039755062,0.4737322255413181,64.60770420361582,21.865348064659088,32.661074080584996,15.025001355953147,10.209999318943934,5.9183536342604
0.2513032920204875,0.4737322255413181,72.64824680424013,25.899486859262236,36.680340972169205,18.350310963091438,11.447070067566825,7.401900541974896
0.2828005365353655,0.4737322255413181,82.29146583594081,30.217869965608063,41.52174910197322,22.20893223902977,12.924361596705111,9.216260379092835
0.3182455065418344,0.4737322255413181,93.85295243147576,34.66654992921857,47.39523948591024,26.598174664485555,14.750961161448954,11.492270704111661
0.35813299251433084,0.4737322255413181,107.81897603661406,39.09801699707058,54.52981592869232,31.4286991913677,17.023686893184426,14.33384851594879
0.40301979977966995,0.4737322255413181,124.9371044988075,43.386981094765886,63.130986291053176,36.484808462031495,19.704787660117244,17.65322334798822
0.4535325211846986,0.4737322255413181,145.98704186502883,47.37896949113205,73.49775646573592,41.512327462640314,22.832038772536823,21.431217490728493
0.5103762839557767,0.4737322255413181,171.35564717151084,50.900826624561134,86.30287908003602,46.33303608111429,26.87313655625909,26.104661157978384
0.5743445928509872,0.4737322255413181,201.89375923084717,53.93650230502836,102.23926592533847,50.69152046942061,31.840580717387432,31.460671149087773
0.6463304070095649,0.4737322255413181,240.39139585101273,56.61613461455739,121.33723032059294,54.29620112246567,37.59197469669235,37.06584767262963
0.7273386051246984,0.4737322255413181,287.71872687463906,58.877982170887044,144.85853285479504,57.26559892965898,45.21326950802547,43.457242728931035
0.8185000129460304,0.4737322255413181,343.7095583114272,60.70871531624462,174.06034284041138,59.67948453659537,53.649651897563075,49.162879384303196
0.9210871889273549,0.4737322255413181,416.47918498408893,62.31810208307565,208.96688365794375,61.561707786632724,65.29548967134699,54.87734134615782
1.0365321883776653,0.4737322255413181,501.2862487434131,63.579589126796144,254.49890343450556,63.150367991239776,78.04530246347805,58.85769042061355
1.166446554092426,0.4737322255413181,612.1877591428727,64.68301920720828,306.1512443440496,64.32338488003849,95.41622763888716,61.93715448878988
1.3126438125222553,0.4737322255413181,739.6513319483487,65.53005629393462,375.07982071855827,65.34409362547103,115.32385515323755,63.851254239820925
1.4771647895120215,0.4737322255413181,909.8584392249168,66.28170007507359,456.03797462955436,66.12219200038635,140.28975395253966,65.20659690380322
1.6623060990028473,0.4737322255413181,1102.6098794261345,66.84673901623182,554.6090170319173,66.7458353269114,172.77312058190148,66.21882669902561
1.8706522023821734,0.4737322255413181,1349.5631537325064,67.33065353315024,686.8102445467313,67.28864280196015,210.53259698517584,66.91745574013034
2.1051114860111477,0.4737322255413181,1665.489814842958,67.73749172444498,832.9662112255669,67.68084423529727,254.94599765071823,67.42930310067977
2.368956860549917,0.4737322255413181,2029.8474330995173,68.04758095394945,1024.9877317234348,68.02106731411195,309.497363297325,67.83011990313173
2.6658714488230206,0.4737322255413181,2512.2864697402556,68.31843840782027,1246.6533537557757,68.28031647618491,383.31068651274967,68.17207379030133
3.0,0.4737322255413181,3053.6119378111594,68.51965306901334,1513.5811243520393,68.4897155361728,463.5197135074136,68.4099691991312
-3.0,0.5235987755982991,1298.6315468165394,67.2461934857936,663.3719052196429,67.20891881690196,202.96960939193426,66.80302288595942
-2.6658714488230206,0.5235987755982991,1045.5005157893254,66.70153944655122,525.6828695189686,66.58850398779389,162.5122954329378,65.95606623631228
-2.368956860549917,0.5235987755982991,836.139525308538,65.99477370450634,420.59392595109733,65.82114337902067,129.64054256892328,64.71868498832578
-2.1051114860111477,0.5235987755982991,662.8392965826282,65.05997609618912,334.9619001649715,64.80592106855147,104.67610946059463,62.966470101807786
-1.8706522023821734,0.5235987755982991,527.6261394557337,63.88544896495732,266.42200922935183,63.46629633412707,83.00265305914816,59.94534536378632
-1.6623060990028473,0.5235987755982991,417.10091093032065,62.3293131359145,210.7460456511649,61.638578074369285,65.88471168745308,55.107646160408784
-1.4771647895120215,0.5235987755982991,329.4660607813472,60.30540276233354,166.3271186796052,59.13641402913915,51.9441368158379,48.12205220762627
-1.3126438125222553,0.5235987755982991,259.84948100132874,57.65209910729964,131.26085897647718,55.70107041985747,41.13367709769844,40.18412670098374
-1.166446554092426,0.5235987755982991,204.67406106994423,54.16585274999647,103.44023227182338,50.962483605840035,32.419885304953084,32.05497453367559
-1.0365321883776653,0.5235987755982991,161.2653089257832,49.63471071466791,81.53556388642208,44.697942353467624,25.56206312442814,24.617324431790347
-0.9210871889273549,0.5235987755982991,127.12414646148342,43.86002052779747,64.28068269305705,37.09801595976381,20.172018035380066,18.22511757939495
-0.8185000129460304,0.5235987755982991,100.4721246904792,36.88528425426247,50.81565895503515,28.985396634901953,15.949627794110903,12.99199950300375
-0.7273386051246984,0.5235987755982991,79.73861004902527,29.130032759607314,40.31455154331996,21.26512445922551,12.673392732356016,8.905734739329796
-0.6463304070095649,0.5235987755982991,63.64487650745182,21.356887869316665,32.20318764651975,14.641509471902612,10.11137841098837,5.8020580292996815
-0.5743445928509872,0.5235987755982991,51.215828687042624,14.388134707447197,25.896427226295078,9.349609007046073,8.137000083274774,3.564726855558099
-0.5103762839557767,0.5235987755982991,41.53379092633512,8.697830601243048,21.004783754018874,5.42504287461771,6.595858941954141,2.0029470067666395
-0.4535325211846986,0.5235987755982991,33.90156807173626,4.463904795032424,17.14846948261433,2.6965950354163457,5.382997667542021,0.9709876628913958
-0.40301979977966995,0.5235987755982991,27.720961590604354,1.6464986272545552,14.020893502039895,0.9683657955916694,4.399416088792206,0.34125348786414494
-0.35813299251433084,0.5235987755982991,22.611662731686884,0.20756121618644802,11.435481591889982,0.11927710713635092,3.5881817157737292,0.04133108523052765
-0.3182455065418344,0.5235987755982991,18.452283512630046,0.12204519414335817,9.329519965517179,0.06939989711125359,2.928454373191608,0.023569974118330093
-0.2828005365353655,0.5235987755982991,15.243812874399294,1.170453154966372,7.706853121510922,0.6534990766348472,2.4195169211814984,0.22044979111871862
-0.2513032920204875,0.5235987755982991,12.941752891901292,2.853535939131023,6.542884904780379,1.5755955364498195,2.0543169007739994,0.5278369056904479
-0.22331409039755062,0.5235987755982991,11.422817246623838,4.5758357268476635,5.773499304145783,2.5104549710958564,1.8159861866160756,0.8322952555531659
-0.19844221923690444,0.5235987755982991,10.53282315983869,5.881420645929383,5.321938302609046,3.215706823315662,1.6786942041594386,1.0554704128872971
-0.17634048216824733,0.5235987755982991,10.12338455469719,6.5698840015187,5.115176242890294,3.584541211117647,1.615859543229426,1.1713329798952277
-0.15670035222800524,0.5235987755982991,10.06868225753462,6.6664522905520744,5.089006629838571,3.633468656615846,1.6066103347408711,1.1891784543510944
-0.13924766500838334,0.5235987755982991,10.26706989465547,6.321475095291632,5.1914378337363445,3.4448866335634762,1.6359604820167477,1.133262034296044
-0.12373879148704055,0.5235987755982991,10.639550441991638,5.711532058127512,5.381238753356055,3.1155130569679694,1.6928798600520838,1.0305637650781418
-0.10995723711238882,0.5235987755982991,11.125241437654582,4.985150690107314,5.627614326496591,2.724215344693811,1.7686209529646513,0.9049156893401029
-0.09771061966979347,0.5235987755982991,11.678830128402113,4.244012081917168,5.9076018682278155,2.3249905241024775,1.8560425001913692,0.7742415795056456
-0.0868279837415025,0.5235987755982991,12.266767792990224,3.5482724058951307,6.204486813527233,1.9495166551066252,1.9495494236223012,0.6499420511414942
-0.07715741427178036,0.5235987755982991,12.86473357856885,2.9275711960841977,6.506320234431792,1.6134043375188574,2.0449878052934096,0.5380208106952838
-0.06856391592404971,0.5235987755982991,13.455594539615468,2.391864679902713,6.8045940061031605,1.322177407363105,2.1393209892025205,0.44087058687953656
-0.06092752862714207,0.5235987755982991,14.027565955499256,1.9398588920705584,7.093407195616815,1.0754608251001652,2.2305267619522127,0.3585658220622496
-0.0541416530048151,0.5235987755982991,14.572834893786679,1.5645306603259685,7.3688474545263505,0.869770789453296,2.317323831311463,0.28998763994917853
-0.04811156231253989,0.5235987755982991,15.086561306240604,1.2564588810306039,7.628479038389467,0.700278988700448,2.3989404301416717,0.2335239504372791
-0.04275308010908995,0.5235987755982991,15.56610764514175,1.0057355054030377,7.870949802140237,0.561833551464918,2.474979960729552,0.18743512184590275
-0.0379914052040221,0.5235987755982991,16.01043608298751,0.8029796951315811,8.095701435556423,0.44950130453286896,2.5453158815924093,0.15005200450651726
-0.03376006747802295,0.5235987755982991,16.419647275394784,0.6398049592487111,8.302751452134025,0.3588267634392135,2.6100038327169393,0.11987372538513742
-0.03,0.5235987755982991,16.794634047188023,0.508972049963873,8.492525148981423,0.2859291445637724,2.6692180138999793,0.09560120776762801
0.03,0.5235987755982991,24.223105591676468,0.5376678148389712,12.249306654271786,0.31089933039716305,3.840558051144285,0.10737607404722153
0.03376006747802295,0.5235987755982991,24.77875732515804,0.6809844693014431,12.52966960700633,0.3945839404772176,3.9283715133253567,0.13662465583862987
0.0379914052040221,0.5235987755982991,25.41662947825542,0.8621798373155694,12.851404441131987,0.5007670547280946,4.029181262914485,0.1738769704790308
0.04275308010908995,0.5235987755982991,26.150326759982416,1.0910299651202426,13.221340983649462,0.6354441901925336,4.145117110644504,0.22131724626113178
0.04811156231253989,0.5235987755982991,26.996008423540996,1.3796807631768973,13.647604457036946,0.8061677215672776,4.278693677265116,0.28171192062157596
0.0541416530048151,0.5235987755982991,27.972919397999373,1.7431293414169975,14.139900019558594,1.0224267674524938,4.432880082287875,0.3585522080235566
0.06092752862714207,0.5235987755982991,29.10404378470897,2.1997507189553915,14.709867002198866,1.2961056013632835,4.61118200230949,0.45622443417294234
0.06856391592404971,0.5235987755982991,30.41691949933016,2.771845848708388,15.371521546824104,1.6420286076627049,4.817756433321336,0.5802217538952896
0.07715741427178036,0.5235987755982991,31.94466006837831,3.4861647511358527,16.141821066808934,2.078600739818978,5.057589803863212,0.7374247200826293
0.0868279837415025,0.5235987755982991,33.727225535432524,4.374317231987992,17.041402561183506,2.628554081719654,5.336737385181675,0.9364661216247806
0.09771061966979347,0.5235987755982991,35.8130210847989,5.472942605165617,18.09552019426617,3.3197778272096605,5.662659509326271,1.1882218111461325
0.10995723711238882,0.5235987755982991,38.26107912161941,6.823531201845874,19.335120449407224,4.186102879198831,6.044874586785913,1.5066385605189982
0.12373879148704055,0.5235987755982991,41.14416719784553,8.471756814477532,20.798065729808208,5.267869740699901,6.495797985130622,1.909880772771061
0.13924766500838334,0.5235987755982991,44.55274363445916,10.46578379474657,22.530629425961035,6.612100228466501,7.031565717912149,2.4216187963281275
0.15670035222800524,0.5235987755982991,48.60003541715846,12.85296543882129,24.58872143517211,8.271454868144179,7.672642198908651,3.0721357567801038
0.17634048216824733,0.5235987755982991,53.428480871906125,15.67413538836961,27.038979949359106,10.30148500203624,8.442418487147043,3.8970282243617547
0.19844221923690444,0.5235987755982991,59.2141234234346,18.9526397803618,29.960644513973786,12.75635623620555,9.363808155408899,4.932585164385513
0.22331409039755062,0.5235987755982991,66.1678638227558,22.678066799910802,33.44964553568222,15.68369637056746,10.456109433050715,6.209995448808454
0.2513032920204875,0.5235987755982991,74.52907004753781,26.786586640692324,37.629503729947984,19.1213909420447,11.742719613829872,7.762022337026675
0.2828005365353655,0.5235987755982991,84.56443442319116,31.1534841198732,42.66798024978394,23.092609009124278,13.280352614186032,9.657918477458074
0.3182455065418344,0.5235987755982991,96.60519114575231,35.61644152020905,48.784691837566704,27.583523070309052,15.1825986858927,12.032258048719063
0.35813299251433084,0.5235987755982991,111.16039487623725,40.02480813694466,56.21969181145256,32.488299008466726,17.55067854169024,14.990405874664726
0.40301979977966995,0.5235987755982991,129.01141924677302,44.25622618301955,65.18943560148098,37.57255407888053,20.346664886332313,18.438279425238957
0.4535325211846986,0.5235987755982991,150.9752380514206,48.16583853054435,76.00798524429726,42.5691652552685,23.610867765201746,22.35178991577733
0.5103762839557767,0.5235987755982991,177.4634648363241,51.59524085310912,89.37812980184943,47.298408603732476,27.82988063912838,27.171314078878556
0.5743445928509872,0.5235987755982991,209.37065130209206,54.53869593079014,106.02551794571764,51.52284285238125,33.01887467938368,32.66258221383846
0.6463304070095649,0.5235987755982991,249.60884584871212,57.12827486745633,125.98910981470074,54.98688556629497,39.03208018415616,38.36478110182127
0.7273386051246984,0.5235987755982991,299.10088688719924,59.30911606949836,150.58836298114457,57.8264154275393,47.00068858283667,44.78437649332056
0.8185000129460304,0.5235987755982991,357.6929827562955,61.07169858247817,181.1410342003984,60.12961613505536,55.83093254057937,50.41405871608609
0.9210871889273549,0.5235987755982991,433.8536911225103,62.618712434510925,217.68406126378204,61.924650000662965,68.01789307411362,55.899585322611046
1.0365321883776653,0.5235987755982991,522.6746786062836,63.830405207785304,265.3555440320292,63.43933068901436,81.37378572302731,59.610463450945325
1.166446554092426,0.5235987755982991,638.8334877325185,64.88903983058866,319.47774900378676,64.5584687373791,99.56749595035814,62.435561228970215
1.3126438125222553,0.5235987755982991,772.4300674208599,65.70134407466628,391.698074744563,65.53215547942949,120.43241008616752,64.19525337270031
1.4771647895120215,0.5235987755982991,950.81553107127,66.42140932227439,476.56810614684844,66.27474779717741,146.60402556271106,65.45071788844301
1.6623060990028473,0.5235987755982991,1152.961785812123,66.96257940456312,579.9348842219282,66.87000997982454,180.65771070449347,66.3951240431704
1.8706522023821734,0.5235987755982991,1411.968220674262,67.42569204527788,718.5549765069034,67.38797291811322,220.26208567774995,67.05077867132478
2.1051114860111477,0.5235987755982991,1743.341716460374,67.81478825469947,871.9085987658751,67.7623814184526,266.8631181350263,67.53304820105357
2.368956860549917,0.5235987755982991,2125.686123295015,68.11128589820406,1073.371610137804,68.08704910845057,324.1106926283614,67.9117134770201
2.6658714488230206,0.5235987755982991,2631.8933865256477,68.37008698998375,1306.0292091964043,68.33446958997814,401.55802114742147,68.23534786618981
3.0,0.5235987755982991,3200.1525178263582,68.56232583298238,1586.2471659996525,68.5342842517636,485.762505260813,68.46094296878442
-3.0,0.5734653256552797,1358.8819288286418,67.34540960342056,694.138568198729,67.31241572560853,212.37559061513772,66.94384555393344
-2.6658714488230206,0.5734653256552797,1094.2194784171945,66.82637704829776,550.1731768715848,66.72284307938659,170.07679714158792,66.15372347434166
-2.368956860549917,0.5734653256552797,875.2831423179116,66.15330736809597,440.2790063670317,65.99475097638198,135.70277950528384,65.00947414750561
-2.1051114860111477,0.5734653256552797,694.0164096080329,65.26374032460863,350.71354590666107,65.03322425288897,109.59510981463622,63.40751920834316
-1.8706522023821734,0.5734653256552797,552.5626360249908,64.14706004769957,279.01018098531506,63.76726441415461,86.92175436752126,60.672130996857156
-1.6623060990028473,0.5734653256552797,436.90309950272757,62.66888601227874,220.74906774990433,62.044504614782866,69.01022392974399,56.24647597808753
-1.4771647895120215,0.5734653256552797,345.1741228828724,60.7481908859791,174.25481057592785,59.69241757756677,54.41848724243456,49.61401365003829
-1.3126438125222553,0.5734653256552797,272.2819501095304,58.231913624456,137.53904521343443,56.468588621462146,43.10044933164397,41.80464514436374
-1.166446554092426,0.5734653256552797,214.49070909630765,54.92552587380714,108.40007245718397,52.011384923172834,33.97390565270257,33.6167382872387
-1.0365321883776653,0.5734653256552797,169.0064632461627,50.619919539781286,85.44848541531601,46.05276135532737,26.78852992109714,26.00956461033282
-0.9210871889273549,0.5734653256552797,133.21813706209483,45.10131754319185,67.36126385558616,38.670879931877685,21.138722060121008,19.400593967376874
-0.8185000129460304,0.5734653256552797,105.26757923102446,38.35770911416192,53.240560104456776,30.598364347984923,16.710753643096993,13.943320672200432
-0.7273386051246984,0.5734653256552797,83.5134130095151,30.724681939201965,42.222384147274205,22.75056066511369,13.273629225921491,9.649565584121872
-0.6463304070095649,0.5734653256552797,66.6188657481512,22.910380573113528,33.70795273186841,15.898911487423408,10.584070732990224,6.36239027567963
-0.5743445928509872,0.5734653256552797,53.56420633658491,15.752536931404526,27.083586760093453,10.338786959079858,8.510407455230796,3.971816684966927
-0.5103762839557767,0.5734653256552797,43.38632085289119,9.780004656071963,21.941647046076653,6.148689699530757,6.890354026193301,2.2836505702413072
-0.4535325211846986,0.5734653256552797,35.35347929327519,5.226190127705399,17.88322351246811,3.176911483398285,5.614001955430957,1.1494130340036435
-0.40301979977966995,0.5734653256552797,28.838263315417517,2.089249724098648,14.586193340479808,1.2347181973902066,4.5769699244146365,0.4367855080901366
-0.35813299251433084,0.5734653256552797,23.445877512586517,0.36172244505631096,11.857594313886846,0.2087084391752491,3.7207872003245877,0.07256876513625299
-0.3182455065418344,0.5734653256552797,19.052855483152843,0.05024601811439776,9.633503320552085,0.028721880584837108,3.023938442246157,0.009726230585059894
-0.2828005365353655,0.5734653256552797,15.65725103495141,0.9618924489165004,7.9161578656319795,0.5380343216987152,2.485234949295045,0.18167802953324572
-0.2513032920204875,0.5734653256552797,13.208091228011225,2.6073687502246194,6.677727894473434,1.4413242742147643,2.096654479298519,0.48323146243440196
-0.22331409039755062,0.5734653256552797,11.575407701017676,4.375860765751974,5.850757062466734,2.402351174433489,1.8402772533590779,0.7967323619292002
-0.19844221923690444,0.5734653256552797,10.59918933803554,5.775328412914599,5.355545197331764,3.1586283638561774,1.689334352873078,1.0367469239583296
-0.17634048216824733,0.5734653256552797,10.125908041019258,6.565456016865807,5.116484091742712,3.5821096177776326,1.6163981310787572,1.1703002386636554
-0.15670035222800524,0.5734653256552797,10.025273640298549,6.743880327991683,5.067086537802172,3.674852616675793,1.5998628955086063,1.2023292248193476
-0.13924766500838334,0.5734653256552797,10.19180497609326,6.450656655068349,5.153421879333131,3.5139636631499034,1.6241358564878625,1.155540504238061
-0.12373879148704055,0.5734653256552797,10.543317921997078,5.864544582637961,5.332625514528558,3.197470888365134,1.6776981769400445,1.057236078379089
-0.10995723711238882,0.5734653256552797,11.016319501072461,5.141593552862683,5.572584600216547,2.808231574935373,1.7514045011800972,0.9324217862693103
-0.09771061966979347,0.5734653256552797,11.563416450474985,4.391339059124901,5.849280500967645,2.4043850470360875,1.83778695321816,0.8003271732845139
-0.0868279837415025,0.5734653256552797,12.14941473556363,3.680085549795647,6.145169606187245,2.0208324132336792,1.9309875622036992,0.6734174706634161
-0.07715741427178036,0.5734653256552797,12.748710810429705,3.041575346836059,6.447660158711022,1.675338539483005,2.02664542007049,0.5584265217366537
-0.06856391592404971,0.5734653256552797,13.34318530091354,2.488193305562469,6.747747251836987,1.3747228510782479,2.1215616562839537,0.45819351259797053
-0.06092752862714207,0.5734653256552797,13.920300847346217,2.0199195352172223,7.039150004368738,1.11930507825937,2.213591716606521,0.37302925395409736
-0.0541416530048151,0.5734653256552797,14.471675528443665,1.6302807810916846,7.317669047952592,0.9059128729854133,2.3013630124433853,0.30191939637934595
-0.04811156231253989,0.5734653256552797,14.992044617659783,1.3099839505914008,7.5806541694456655,0.7298034777464283,2.3840359822954884,0.24328052289345753
-0.04275308010908995,0.5734653256552797,15.478458387038707,1.0490233005022904,7.82659499959939,0.5857874196634242,2.461164652267277,0.19536031210269555
-0.0379914052040221,0.5734653256552797,15.929653644368017,0.8378144580192081,8.054818561663968,0.4688337269516193,2.5325873150890597,0.15645692998708735
-0.03376006747802295,0.5734653256552797,16.34557215020632,0.6677306593290635,8.265261303456322,0.37436585404954054,2.5983351048164174,0.1250294735610841
-0.03,0.5734653256552797,16.726998396589927,0.5312930169161294,8.458293168822324,0.29837932617774166,2.6585656451353654,0.09973832239207678
0.03,0.5734653256552797,24.319862395573196,0.5616089407123079,12.2982032788035,0.3248795172546807,3.855826580150178,0.11224074799489042
0.03376006747802295,0.5734653256552797,24.889702473418946,0.7112530431326258,12.585726895968586,0.4123215386317435,3.9458822566073124,0.14281888925852046
0.0379914052040221,0.5734653256552797,25.5440900471283,0.9004143490301288,12.91579431689136,0.5232648486131529,4.049302081210482,0.18176505907435192
0.04275308010908995,0.5734653256552797,26.297067133502754,1.139271589461027,13.295455243536722,0.663966466405129,4.168284522175216,0.23136242251082864
0.04811156231253989,0.5734653256552797,27.165323401899816,1.440459279365542,13.73310187102893,0.8423044357462363,4.305427105518248,0.294502227716527
0.0541416530048151,0.5734653256552797,28.16874885581015,1.8195596797145117,14.238764672279153,1.0681711178320212,4.46379914911131,0.37483239929445017
0.06092752862714207,0.5734653256552797,29.331114173045933,2.2956366919746722,14.824480772674104,1.3539464595289545,4.64702753132917,0.4769349206678186
0.06856391592404971,0.5734653256552797,30.680918989730912,2.8917840419832817,15.50475442632421,1.7150585549469552,4.859416345553886,0.6065460604543069
0.07715741427178036,0.5734653256552797,32.2524560028452,3.6356360138502613,16.297144231054784,2.170639236557623,5.106131871548091,0.770847785621786
0.0868279837415025,0.5734653256552797,34.08713501412626,4.559744813883393,17.22303081052192,2.744283224686418,5.393451186209113,0.9788462006579142
0.09771061966979347,0.5734653256552797,36.23514897483279,5.701684568502104,18.308591737388852,3.464883569361189,5.729111309059107,1.2418801424726138
0.10995723711238882,0.5734653256552797,38.75774519784504,7.103761653085462,19.585921989865014,4.367404855168198,6.122983766010853,1.574477576067962
0.12373879148704055,0.5734653256552797,41.73045421824361,8.812173276135358,21.09431185768743,5.49340940946792,6.587942558344543,1.9955397510702466
0.13924766500838334,0.5734653256552797,45.24720309267441,10.875049978241762,22.881807205867233,6.891139032570613,7.140720523886371,2.5296670323963553
0.15670035222800524,0.5734653256552797,49.42559808065343,13.338775204131306,25.006501524592192,8.614296183543576,7.802544607499006,3.2082847343735836
0.17634048216824733,0.5734653256552797,54.41362244585605,16.241773934501726,27.537696638163677,10.719005532988659,8.59771352319842,4.068267141876946
0.19844221923690444,0.5734653256552797,60.3942680373075,19.602953553154244,30.557868759571278,13.259125138323835,9.550109717769509,5.147114118623687
0.22331409039755062,0.5734653256552797,67.58693746435077,23.405009994831907,34.16692616432392,16.280570962935684,10.679975369480303,6.476929648537955
0.2513032920204875,0.5734653256552797,76.24101311834151,27.575090543389752,38.493481237452464,19.81750488370125,12.01184523809281,8.091304140964379
0.2828005365353655,0.5734653256552797,86.63478038331209,31.97912253892094,43.71208844678301,23.886521257660867,13.604646487455915,10.061271865220322
0.3182455065418344,0.5734653256552797,99.11387638741222,36.44815089046391,50.05123762906071,28.463160715724023,15.576077552901957,12.524639334504549
0.35813299251433084,0.5734653256552797,114.20827358629514,40.82994367747606,57.7611373646234,33.42640123940794,18.031391897745856,15.587839675105858
0.40301979977966995,0.5734653256552797,132.73030880754456,45.005919695031295,67.06835419505722,38.52566140777723,20.932569186436215,19.15084509773007
0.4535325211846986,0.5734653256552797,155.53117466432968,48.84040291450955,78.30081874166879,43.484270799049895,24.32228389827653,23.184750027020343
0.5103762839557767,0.5734653256552797,183.04550818248575,52.18785605815342,92.18879745731239,48.124375023935116,28.704329516380387,28.131949539124093
0.5743445928509872,0.5734653256552797,216.20815893934565,55.05094502247499,109.48796846721362,52.22728417067801,34.09641863630831,33.73783085745161
0.6463304070095649,0.5734653256552797,258.0426585717176,57.56288595845448,130.24558669230368,55.568775207313934,40.3498443053487,39.51616216217164
0.7273386051246984,0.5734653256552797,309.52068821262367,59.67435966896706,155.83393369311557,58.297590154383116,48.63701124370326,45.94284287399991
0.8185000129460304,0.5734653256552797,370.5008384325669,61.378825807277764,187.6263770138365,60.50744510698401,57.82894802733469,51.48355378662659
0.9210871889273549,0.5734653256552797,449.77415268599844,62.872806846748695,225.67212364718333,62.2292718010782,70.51248508333262,56.746909367702905
1.0365321883776653,0.5734653256552797,542.2819695391361,64.04223988742933,275.3077489411375,63.681926716551224,84.4252178234967,60.221455743499696
1.166446554092426,0.5734653256552797,663.2685956003435,65.06291645618093,331.69937302061186,64.75588590384756,103.37444145663767,62.83886883088806
1.3126438125222553,0.5734653256552797,802.501092788256,65.84581843824319,406.94308592476284,65.69012968736465,125.11897880805796,64.47546471523627
1.4771647895120215,0.5734653256552797,988.399107095643,66.53918018393212,495.4078769743044,66.40291829366014,152.39850778329813,65.65104230656645
1.6623060990028473,0.5734653256552797,1199.1815279084724,67.06017959317933,603.1825710081681,66.97434520303176,187.8948041087498,66.54067582485611
1.8706522023821734,0.5734653256552797,1469.2660989105036,67.50572707059348,747.6999198094012,67.47143635700961,229.19484160681432,67.16130654173625
2.1051114860111477,0.5734653256552797,1814.8348449083028,67.87985223934925,907.671393354729,67.83089073711676,277.8072373550763,67.61930443412423
2.368956860549917,0.5734653256552797,2213.716369592359,68.16488702122183,1117.8123390294197,68.14248399955216,337.5338428016749,67.97969846400854
2.6658714488230206,0.5734653256552797,2741.7679927398244,68.41352653716427,1360.5771414524695,68.37996109644294,418.3206752808785,68.28816109803608
3.0,0.5734653256552797,3334.794080016451,68.59820347906302,1653.0169148406687,68.57171909250954,506.19931343581027,68.50353666713973
-3.0,0.6233318757122608,1413.3846766325355,67.42775014333006,721.9668369639933,67.39810669463255,220.8835786276836,67.05881583072721
-2.6658714488230206,0.6233318757122608,1138.3033500920874,66.92993561028544,572.3333495502284,66.83395585534834,176.9214933739156,66.31406946611136
-2.368956860549917,0.6233318757122608,910.7157337511399,66.28475650684118,458.0977240057637,66.13815687555675,141.19044772677617,65.24324563742745
-2.1051114860111477,0.6233318757122608,722.2517651084897,65.43261301892757,364.9783112035782,65.22068760751263,114.049553451279,63.75828338265969
-1.8706522023821734,0.6233318757122608,575.1584210698221,64.36376021223015,290.41633856208534,64.0150123821098,90.47284265289697,61.24681868837523
-1.6623060990028473,0.6233318757122608,454.8594898522071,62.95004449408,229.81929780068475,62.37795062803625,71.84422296882641,57.16671880222265
-1.4771647895120215,0.6233318757122608,359.43075644814354,61.114725255411805,181.44971536796535,60.1483116657397,56.66414716953627,50.86881674243212
-1.3126438125222553,0.6233318757122608,283.57855218563896,58.71203353410423,143.2433652079528,57.097945000424154,44.88741177489542,43.20830739374536
-1.166446554092426,0.6233318757122608,223.42372189817237,55.5555932738644,112.91318007678808,52.87642706309598,35.38794287097039,34.99614474654334
-1.0365321883776653,0.6233318757122608,176.06446046028273,51.44059014381216,89.01581400256809,47.18810558565543,27.906669096841362,27.256221933575468
-0.9210871889273549,0.6233318757122608,138.7886028305292,46.14502527409343,70.17695397045112,40.02155098421875,22.022280675403252,20.464933162262184
-0.8185000129460304,0.6233318757122608,109.66588592382973,39.61613336934628,55.46440287378023,32.01874402179997,17.40875235965127,14.813738175611247
-0.7273386051246984,0.6233318757122608,86.99076572982146,32.1185680329539,43.97976184803718,24.08831286844805,13.826446067614636,10.33760813208543
-0.6463304070095649,0.6233318757122608,69.3734895101932,24.303212418897324,35.10154872200624,17.05449329304927,11.02180693408017,6.88727921460192
-0.5743445928509872,0.6233318757122608,55.75261402615862,17.007628825339182,28.189889718346546,11.266331864082186,8.858298696348841,4.358781270560531
-0.5103762839557767,0.6233318757122608,45.12216540331856,10.801323377093967,22.819536134907526,6.841519869380085,7.166249694179474,2.5551078580901665
-0.4535325211846986,0.6233318757122608,36.716866241461524,5.964992675375266,18.57318525092372,3.6473757172527375,5.830847748219036,1.3254572543711252
-0.40301979977966995,0.6233318757122608,29.88332743236112,2.5342787877078914,15.114977653033353,1.5045145212808941,4.743038538216081,0.5340938679107653
-0.35813299251433084,0.6233318757122608,24.219032601771996,0.5366696057834808,12.248822180027219,0.3107621367006807,3.84368688246428,0.10836525038121561
-0.3182455065418344,0.6233318757122608,19.604338328222042,0.01256292780936709,9.912648058069188,0.007251113396564925,3.1116384961427737,0.002425671009327998
-0.2828005365353655,0.6233318757122608,16.035044157337545,0.7925432921351492,8.107440042496677,0.4440389944265519,2.5453073501123993,0.15005624518643568
-0.2513032920204875,0.6233318757122608,13.451766080414755,2.3951036714561083,6.801116807405746,1.3253527313018616,2.135405530890032,0.4446524081012615
-0.22331409039755062,0.6233318757122608,11.71641697200146,4.1968195112485684,5.922161341855693,2.305468496920749,1.8627443886264465,0.7648189208651102
-0.19844221923690444,0.6233318757122608,10.662705836435723,5.675176929077987,5.387716712710042,3.104713592503406,1.6995355299846602,1.0190314671844445
-0.17634048216824733,0.6233318757122608,10.132085564138551,6.554626203555463,5.11965096363555,3.576227010758575,1.6175239177882137,1.1681438137919238
-0.15670035222800524,0.6233318757122608,9.990135604329591,6.807077451246238,5.04936346317444,3.708582863974634,1.5944295519058607,1.2130006281341998
-0.13924766500838334,0.6233318757122608,10.127916902544378,6.561932733869703,5.121172721868196,3.5734029628138955,1.6141156636943343,1.174681692888135
-0.12373879148704055,0.6233318757122608,10.460399699859256,5.998907008667858,5.290756313979463,3.269368447376171,1.664628125688901,1.0806130076363742
-0.10995723711238882,0.6233318757122608,10.921768891018004,5.280366054797224,5.524830462673104,2.8826883650646256,1.7364674785686431,0.9567802601745227
-0.09771061966979347,0.6233318757122608,11.462781690845695,4.522825197366536,5.7984387724278506,2.4751801026814344,1.8218750013883693,0.8235713085722333
-0.0868279837415025,0.6233318757122608,12.046780452049875,3.7981876706271116,6.093300708194734,2.084676575181269,1.9147585161273122,0.6944190904978198
-0.07715741427178036,0.6233318757122608,12.647019287048172,3.143987441831558,6.396252154224326,1.7309314632153452,2.010572589259611,0.5767305250333823
-0.06856391592404971,0.6233318757122608,13.24449899129689,2.574880615882795,6.697845026572198,1.4219742842961716,2.105973592135086,0.47376078781601405
-0.06092752862714207,0.6233318757122608,13.826009721624054,2.092055270647327,6.99145884009809,1.1587821525332103,2.198707641874078,0.3860437119318437
-0.0541416530048151,0.6233318757122608,14.382660213169888,1.6895730924350691,7.2726371819196345,0.9384842870471807,2.28732041594981,0.31266584854956997
-0.04811156231253989,0.6233318757122608,14.908804811535058,1.3582808237711537,7.53853737489786,0.7564282482248686,2.370911533785772,0.2520738969560828
-0.04275308010908995,0.6233318757122608,15.401213132579638,1.0880993047761949,7.787506741752967,0.6073987473331044,2.448990617015921,0.2025067431588381
-0.0379914052040221,0.6233318757122608,15.85841883129229,0.869269199341532,8.018768904913417,0.4862814709053733,2.5213642374994234,0.1622346981779132
-0.03376006747802295,0.6233318757122608,16.280219949183664,0.6929519472072111,8.232186970911089,0.388393549788428,2.5880413395135626,0.12968173792714427
-0.03,0.6233318757122608,16.66730254145329,0.5514552427314898,8.428080578927796,0.30962060220849474,2.649164460745983,0.10347226363831702
0.03,0.6233318757122608,24.40568750960935,0.583208625419777,12.3415761630254,0.3375004920102809,3.8693703963925374,0.1166345875534564
0.03376006747802295,0.6233318757122608,24.98813646287455,0.7385552084853269,12.63546360351749,0.42833261281958224,3.9614187610467857,0.14841328499973544
0.0379914052040221,0.6233318757122608,25.657206653439182,0.9348925227345902,12.972939301499908,0.5435697212173137,4.067159110322523,0.1888887735961986
0.04275308010908995,0.6233318757122608,26.427331108038565,1.1827598230576333,13.361249590253912,0.6897039441159936,4.188851313293902,0.24043340561686216
0.04811156231253989,0.6233318757122608,27.31567404904556,1.4952282017623582,13.809025557919401,0.8749058297343029,4.329167089739128,0.30605089226668225
0.0541416530048151,0.6233318757122608,28.342702982032435,1.88840142985642,14.326588949249489,1.1094294713749442,4.491265493869196,0.3895302966458886
0.06092752862714207,0.6233318757122608,29.53289322532689,2.381955314038922,14.92633326547074,1.4060987845694126,4.678882037743867,0.4956297242911318
0.06856391592404971,0.6233318757122608,30.915606524769323,2.9996845749102734,15.623200301196894,1.7808815622965253,4.89645276435957,0.6303041523874461
0.07715741427178036,0.6233318757122608,32.52619331401026,3.770000365454778,16.435287846492415,2.253557853271449,5.1493053958176045,0.801006510994833
0.0868279837415025,0.6233318757122608,34.40736470831234,4.726274769918742,17.384643800715622,2.848489187190745,5.443916224279106,1.0170782189006002
0.09771061966979347,0.6233318757122608,36.61091939826963,5.906881824189422,18.49827470865052,3.595457067302676,5.788270876656049,1.2902735396817309
0.10995723711238882,0.6233318757122608,39.200095207835936,7.354802794581296,19.80930706483901,4.530423234273953,6.192558131501784,1.635641196834242
0.12373879148704055,0.6233318757122608,42.25290676247587,9.116622136458453,21.358314281682492,5.696014567917437,6.670063889315268,2.0727414536915627
0.13924766500838334,0.6233318757122608,45.86640063290472,11.240325471934948,23.194935914938178,7.14151850910965,7.238056834735777,2.627004577498813
0.15670035222800524,0.6233318757122608,50.16212214185783,13.771274173362723,25.379230350399673,8.921498847706461,7.9184485493221,3.33087221698728
0.17634048216824733,0.6233318757122608,55.29304250646722,16.745546150606593,27.982898737277786,11.092487450328033,8.736353861842614,4.222351699576141
0.19844221923690444,0.6233318757122608,61.44840640447772,20.177873729736852,31.091335806862045,13.70791441554214,9.716529581841828,5.340011338223843
0.22331409039755062,0.6233318757122608,68.855273834494,24.044644184026335,34.80803902921745,16.81195050538441,10.880075171111423,6.716754667762532
0.2513032920204875,0.6233318757122608,77.77206276868833,28.26499118578441,39.26621275039218,20.435137176733498,12.252559196400506,8.386883218171645
0.2828005365353655,0.6233318757122608,88.48754012113838,32.69689103522299,44.64653010752328,24.58782376924311,13.894900430904851,10.422960251093894
0.3182455065418344,0.6233318757122608,101.36036744046868,37.16626305147315,51.185468966267926,29.235684583433866,15.928475349350824,12.965540239145831
0.35813299251433084,0.6233318757122608,116.93937215644158,41.52043113881261,59.142402174651366,34.24406554287701,18.4621629892858,16.121806101611945
0.40301979977966995,0.6233318757122608,136.06472658446418,45.64494079412672,68.75307042237836,39.34869684856817,21.457926107524024,19.786263864050863
0.4535325211846986,0.6233318757122608,159.61846515636032,49.412515112784995,80.35795095292424,44.266278132180126,24.960607944758568,23.925423902413677
0.5103762839557767,0.6233318757122608,188.05627115106455,52.68861075522867,94.7119759406802,48.823072100036306,29.48935737180372,28.982473746394348
0.5743445928509872,0.6233318757122608,222.3494824400344,55.48265986622481,112.59786025561401,52.818538988362896,35.064264327823444,34.68392749942138
0.6463304070095649,0.6233318757122608,265.6215517835616,57.92846577146684,134.07069367338778,56.055003660877645,41.534133375276404,40.52051811043958
0.7273386051246984,0.6233318757122608,318.8886608362168,59.981166477889744,160.55021431338832,58.69052015324942,50.10819120641687,46.93881617321166
0.8185000129460304,0.6233318757122608,382.0215590662061,61.63655913540525,193.4598881236588,60.82234387031301,59.62629934796993,52.385166873093794
0.9210871889273549,0.6233318757122608,464.1000607940277,63.085858746940474,232.86058466259,62.4831689859279,72.75725412577077,57.4421718676855
1.0365321883776653,0.6233318757122608,559.9330036816353,64.21974336516297,284.26664464289956,63.88418108474284,87.17235135504619,60.71513323233155
1.166446554092426,0.6233318757122608,685.2724794248861,65.20852638515868,342.7057928417803,64.92051983297766,106.80270098822184,63.164756468221356
1.3126438125222553,0.6233318757122608,829.5902540491355,65.96674644991546,420.6758839228075,65.82190237949584,129.34084013604593,64.70330817726565
1.4771647895120215,0.6233318757122608,1022.2634800534865,66.63770802274612,512.3840151061638,66.50984710097615,157.61990879757823,65.81494665110695
1.6623060990028473,0.6233318757122608,1240.8405632858198,67.14179889048634,624.1365441761998,67.06139639317277,194.41730497886735,66.66036337882272
1.8706522023821734,0.6233318757122608,1520.921681023573,67.5726301270577,773.9729042812646,67.54107428146521,237.24744437924795,67.2525033653064
2.1051114860111477,0.6233318757122608,1879.2971503111492,67.93421891046161,939.9184243057005,67.88805000697192,287.67547851926264,67.69064490103291
2.368956860549917,0.6233318757122608,2293.105757304912,68.20966008939128,1157.8897112703257,68.18873125210989,349.6398838067116,68.03602719867484
2.6658714488230206,0.6233318757122608,2840.8658144112223,68.4497987186979,1409.778619544293,68.41790928887778,433.4392971808988,68.33198136109017
3.0,0.6233318757122608,3456.2505587232486,68.62815268027029,1713.2526024122978,68.60294299801808,524.6349216046976,68.5389101516373
-3.0,0.6731984257692414,1461.5825544451632,67.49536484094037,746.5720557828564,67.46833265434961,228.4066162514042,67.15196810034386
-2.6658714488230206,0.6731984257692414,1177.2999925605618,67.01494794218877,591.9361043015855,66.92494815386434,182.97622311894946,66.44332943129092
-2.368956860549917,0.6731984257692414,942.0727504945439,66.39263209558266,473.8667457436547,66.25547944134095,146.04713328885956,65.43033427563137
-2.1051114860111477,0.6731984257692414,747.254056741031,65.57116514811531,377.6089828678598,65.37387192897563,117.99348162564853,64.03647770041825
-1.8706522023821734,0.6731984257692414,595.1797034158964,64.5415003589947,300.5224350913904,64.21716972032038,93.61918510848048,61.69949459064813
-1.6623060990028473,0.6731984257692414,470.78395170577994,63.18061970470084,237.86267969067427,62.64960941711216,74.35732950042298,57.9017775017427
-1.4771647895120215,0.6731984257692414,372.08806568258234,61.415334196413596,187.83716673102333,60.519218651133095,58.65782361930178,51.90633855968536
-1.3126438125222553,0.6731984257692414,293.62224368761565,59.10602480259365,148.3146876788866,57.609970469185136,46.476042088998426,44.401541446866105
-1.166446554092426,0.6731984257692414,231.38096083581272,56.0735057605227,116.93297372811435,53.583253973978415,36.6474036572813,36.19090422673606
-1.0365321883776653,0.6731984257692414,182.36719650959876,52.117859265721435,92.20107385818835,48.12787019856278,28.905048194240216,28.350493046970698
-0.9210871889273549,0.6731984257692414,143.77961990055036,47.01347513950339,72.69945909808223,41.16377524249886,22.81381220052666,21.409568462966824
-0.8185000129460304,0.6731984257692414,113.62413714081987,40.67851411464414,57.46546804750095,33.24855933212304,18.036803712669503,15.594556539711666
-0.7273386051246984,0.6731984257692414,90.13817966570795,33.31987281994567,45.570262029245626,25.272298252001804,14.326661691265324,10.961895732202906
-0.6463304070095649,0.6731984257692414,71.88445202459184,25.533031738334174,36.37167186611252,18.098210995666484,11.42071540039348,7.369887404077775
-0.5743445928509872,0.6731984257692414,57.7627769826632,18.143669214768586,29.20611513927181,12.121073226295618,9.177758800126194,4.7199304929497385
-0.5103762839557767,0.6731984257692414,46.726899547068825,11.748201840213849,23.63117633404233,7.492619305199551,7.421247559918298,2.812609717345495
-0.4535325211846986,0.6731984257692414,37.97904033428045,6.665224990776736,19.211941464273917,4.097750592365214,6.031505137395939,1.4951165926315406
-0.40301979977966995,0.6731984257692414,30.84410420496386,2.9666851647193564,15.601156037934581,1.768567911358987,4.895705374666708,0.6298214502790422
-0.35813299251433084,0.6731984257692414,24.9201485455138,0.7196530850245288,12.603611846026373,0.4180495423582387,3.955133478852452,0.1461389718304221
-0.3182455065418344,0.6731984257692414,20.097469983055,0.00019896932105200845,10.162266954593854,0.00012696923978572315,3.1900809545594164,3.4909076191171056e-05
-0.2828005365353655,0.6731984257692414,16.36965142280558,0.6585761391859786,8.276883568709207,0.3695076861444761,2.5985359054618296,0.12493969443009598
-0.2513032920204875,0.6731984257692414,13.666699527359205,2.2177446095327134,6.909976285305025,1.2283008054107079,2.1696049304933442,0.4123244425712475
-0.22331409039755062,0.6731984257692414,11.840983082922184,4.04313814269006,5.985252071635009,2.222228339751509,1.882616009311921,0.7373575798463526
-0.19844221923690444,0.6731984257692414,10.71952106793276,5.5867255972270895,5.416503803462213,3.057065213476067,1.7086871186336146,1.003332644477615
-0.17634048216824733,0.6731984257692414,10.138899185232535,6.542697604059092,5.123149487930597,3.5697371221729592,1.618758831981909,1.1657818832852287
-0.15670035222800524,0.6731984257692414,9.96092987048052,6.859962776884366,5.034654042534902,3.73676228899899,1.5899399368215545,1.2218739504381542
-0.13924766500838334,0.6731984257692414,10.07361475476579,6.65769896111322,5.09378410076587,3.62449777292986,1.6056161128265154,1.1911091573667247
-0.12373879148704055,0.6731984257692414,10.389440761012613,6.115774295015353,5.2549455704568935,3.331839991312792,1.6534548748582003,1.1009062792384805
-0.10995723711238882,0.6731984257692414,10.840578363267719,5.401774580371264,5.483840307021852,2.94776735859498,1.7236495001877388,0.9780555691211024
-0.09771061966979347,0.6731984257692414,11.376183319718965,4.638270544047977,5.754701030412729,2.53728458695242,1.8081888745026866,0.8439487142061566
-0.0868279837415025,0.6731984257692414,11.95833072810821,3.902118927299795,6.048609848187183,2.1408153240163372,1.9007775749416993,0.7128741385748264
-0.07715741427178036,0.6731984257692414,12.559284968054724,3.234245640111602,6.351906969783173,1.7798906486197452,1.9967100186622004,0.5928400889807842
-0.06856391592404971,0.6731984257692414,13.159283663665557,2.651354959865574,6.654759839734121,1.4636303511849442,2.092516866486653,0.48747607551419636
-0.06092752862714207,0.6731984257692414,13.744532802955712,2.155733243571836,6.950252844549339,1.1936085705974004,2.1858492142037584,0.39751810502039164
-0.0541416530048151,0.6731984257692414,14.305697977725234,1.7419352986366239,7.233705814952759,0.9672319040066862,2.275181611312373,0.32214533094297465
-0.04811156231253989,0.6731984257692414,14.836801581094571,1.4009440216214217,7.50210825353623,0.7799346023139904,2.3595606677042724,0.2598332630033709
-0.04275308010908995,0.6731984257692414,15.334368235643325,1.122622786341563,7.753683182579717,0.6264827344844295,2.438457232797813,0.20881437719959342
-0.0379914052040221,0.6731984257692414,15.796753917634328,0.8970618598162723,7.987563738919325,0.5016907999155764,2.511650121771382,0.16733519836597452
-0.03376006747802295,0.6731984257692414,16.22363068548386,0.715237845172074,8.203548707225874,0.400783396299854,2.579128811740523,0.1337891691851062
-0.03,0.6731984257692414,16.615598054013457,0.5692710825861301,8.401913482885847,0.31954983006812787,2.6410225615534912,0.10676920237241092
0.03,0.6731984257692414,24.480269025129104,0.6022533017291173,12.379267685762178,0.3486348612533591,3.8811402746739603,0.12051255058994585
0.03376006747802295,0.6731984257692414,25.073689694603566,0.7626221157459412,12.678692987144261,0.4424556853924062,3.974922686615116,0.15335041207087202
0.0379914052040221,0.6731984257692414,25.755539801867236,0.9652766721169626,13.022617379352429,0.5614772018670693,4.082682966385597,0.19517490074367752
0.04275308010908995,0.6731984257692414,26.540594225625266,1.221071725175564,13.418459143945219,0.7123980691507457,4.206734676965671,0.24843690143185054
0.04811156231253989,0.6731984257692414,27.446432305629727,1.5434597252741535,13.87505838398303,0.9036455495822392,4.349814459578142,0.31623911281314476
0.0541416530048151,0.6731984257692414,28.49402701015774,1.9489989337505906,14.40299182268846,1.1457908511416788,4.515159944371616,0.402494770517972
0.06092752862714207,0.6731984257692414,29.70847077172197,2.457896808084218,15.014965097959212,1.4520465608145605,4.706601839358408,0.5121168591889318
0.06856391592404971,0.6731984257692414,31.119880834006775,3.094554622663395,15.726303432530486,1.838852137917679,4.928691905951148,0.6512525887034089
0.07715741427178036,0.6731984257692414,32.76453516036542,3.888051805592563,16.555577364412017,2.3265528946261167,5.18689954760509,0.827592912212046
0.0868279837415025,0.6731984257692414,34.68628673343958,4.872459393041025,17.52542011185093,2.9401771170131337,5.487875986831863,1.0507735954349868
0.09771061966979347,0.6731984257692414,36.93834414349143,6.086822808986234,18.663565680931583,3.710275809171513,5.839825236507136,1.332913261082709
0.10995723711238882,0.6731984257692414,39.585693954637065,7.57467106223686,20.004046169330678,4.673669526435231,6.253214726802317,1.6895168108272616
0.12373879148704055,0.6731984257692414,42.708534071178505,9.382865178937084,21.588562066635458,5.873894077515687,6.741691971332377,2.1407208240583837
0.13924766500838334,0.6731984257692414,46.40665357993202,11.559176621690085,23.468153635606967,7.361116044559477,7.3229958821926875,2.7126797976744905
0.15670035222800524,0.6731984257692414,50.80506129116711,14.147956080169218,25.704607690497138,9.190598084409645,8.019638798225921,3.438719981774729
0.17634048216824733,0.6731984257692414,56.061114314136766,17.18308539679149,28.371738354329228,11.419147317134371,8.857452745241147,4.357832018108588
0.19844221923690444,0.6731984257692414,62.36955739425791,20.675498143953234,31.557513564585133,14.09970317884532,9.861966024197208,5.5095080696331475
0.22331409039755062,0.6731984257692414,69.96419242483891,24.5959729179704,35.3685976163144,17.274747875225547,11.05503991379793,6.927338534368109
0.2513032920204875,0.6731984257692414,79.11140851156217,28.856709024473744,39.94224410448152,20.971437764477926,12.463162646819017,8.646227846110273
0.2828005365353655,0.6731984257692414,90.10924152964083,33.30908319325785,45.46451328529862,25.194388984494296,14.149005023966836,10.740026787397506
0.3182455065418344,0.6731984257692414,103.32787374974804,37.775162749733695,52.17891155342737,29.900396424564008,16.23715960985389,13.351576074565342
0.35813299251433084,0.6731984257692414,119.33274830194449,42.102581824230754,60.35289759757685,34.942906145475945,18.839690145227493,16.588551543194104
0.40301979977966995,0.6731984257692414,138.98848811316714,46.18097520198728,70.2303583146924,40.046387611407226,21.91861202795085,20.34057919955548
0.4535325211846986,0.6731984257692414,163.20429799110522,49.89046599067433,82.16287414015764,44.92326097956376,25.520718556739517,24.569952046755557
0.5103762839557767,0.6731984257692414,192.45470694736852,53.105708595310425,96.92700360477578,49.40512304297718,30.178536752803787,29.71972235258754
0.5743445928509872,0.6731984257692414,227.743375001159,55.84150950662071,115.32924818148852,53.308021480452545,35.91433877835134,35.49939699262514
0.6463304070095649,0.6731984257692414,272.28120006295075,58.231880340048484,137.43197415375877,56.456187023222185,42.57490055111044,41.37938945555129
0.7273386051246984,0.6731984257692414,327.12405447941876,60.235525106479095,164.69656306840614,59.01426667518895,51.4015519189382,47.77920118626379
0.8185000129460304,0.6731984257692414,392.154436496239,61.85007188572267,198.59058342572342,61.08170848597102,61.20728145128773,53.13250946286983
0.9210871889273549,0.6731984257692414,476.7045725980645,63.26223845337711,239.18581334570015,62.692319887216286,74.732330884929,58.00539006716372
1.0365321883776653,0.6731984257692414,575.4696795385445,64.36662179378287,292.1519979284814,64.05083368224176,89.5905877040808,61.110749727413044
1.166446554092426,0.6731984257692414,704.645967878376,65.32895522118427,352.3974011479849,65.05621359608884,109.82125176209442,63.42636400135951
1.3126438125222553,0.6731984257692414,853.450013246613,66.06672501752794,432.7709970175173,65.93053387263281,133.05942331950195,64.88723844273312
1.4771647895120215,0.6731984257692414,1052.0965295745252,66.71913310190524,527.3400727772561,66.59801123654893,162.22011288059784,65.94794985573621
1.6623060990028473,0.6731984257692414,1277.5519401229633,67.2092296897993,642.6021911521678,67.13317799610567,200.16463669240642,66.7578834975274
1.8706522023821734,0.6731984257692414,1566.451790995449,67.6278847366882,797.1281921158549,67.59849641268548,244.34457805814336,67.32701691688466
2.1051114860111477,0.6731984257692414,1936.121828975286,67.97910429648859,968.3461545063076,67.93518259527993,296.37495583784835,67.74904984177743
2.368956860549917,0.6731984257692414,2363.10266972813,68.24661490284312,1193.2243238228132,68.22686308265465,360.3142098812756,68.08221007092403
2.6658714488230206,0.6731984257692414,2928.2438210081177,68.47972750547106,1453.165453804434,68.44919626513263,446.77002024177006,68.36794924638212
3.0,0.6731984257692414,3563.360769591424,68.6528585691957,1766.3783629221225,68.62868389452376,540.8930790552681,68.5679672254906
-3.0,0.7230649758262224,1502.9843413903207,67.54992767134199,767.7033054873127,67.52490670755861,234.86805741334553,67.22632783636323
-2.6658714488230206,0.7230649758262224,1210.8110055667637,67.08354058678421,608.7811679424551,66.9982205097264,188.179169061838,66.54610967356055
-2.368956860549917,0.7230649758262224,969.0331545777216,66.47966432494094,487.42461713853265,66.34989377647538,150.22315893470218,65.57826050019389
-2.1051114860111477,0.7230649758262224,768.7669491967679,65.68294910650906,388.47601676008594,65.49705176293634,121.38645557498779,64.2548433575364
-1.8706522023821734,0.7230649758262224,612.420983560875,64.68490313373492,309.22470436447924,64.37958265140307,96.3284959989567,62.05249132081913
-1.6623060990028473,0.7230649758262224,484.51313596508635,63.366695561443784,244.79666439488383,62.867654384445416,76.52376069370412,58.479912045666666
-1.4771647895120215,0.7230649758262224,383.01654630906654,61.65805197681075,193.35177963833,60.81670762855016,60.37912104760226,52.74627566730149
-1.3126438125222553,0.7230649758262224,302.3108650879821,59.42448238871676,152.70139715466863,58.02079200917494,47.850172867901826,45.392486831970146
-1.166446554092426,0.7230649758262224,238.28238070227786,56.493029419034414,120.41898271937983,54.15252399047383,37.73960961232006,37.20095860673711
-1.0365321883776653,0.7230649758262224,187.85246031257452,52.66878743667959,94.97279115067924,48.8930924592378,29.773802865243145,29.28783553199294
-0.9210871889273549,0.7230649758262224,148.14342413802498,47.72560197492874,74.904613017412,42.111858567672904,23.505730389295948,22.228039160590132
-0.8185000129460304,0.7230649758262224,117.10622014995508,41.561697739675694,59.225476829459396,34.29255410330151,18.58916746395762,16.27895786040694
-0.7273386051246984,0.7230649758262224,92.92885481441054,34.338585332235866,46.980344498480406,26.29987393002612,14.77000072103458,11.516082512856308
-0.6463304070095649,0.7230649758262224,74.13216651726043,26.601197984021564,37.508408780643855,19.0233750055748,11.777675362968129,7.804716040591711
-0.5743445928509872,0.7230649758262224,59.58011224193071,19.15505327012058,30.124916266684327,12.894668351340869,9.466462181688723,5.050602820057802
-0.5103762839557767,0.7230649758262224,48.18858079592093,12.610521619602167,24.37055526900646,8.093108300394277,7.653446314487396,3.052131784719231
-0.4535325211846986,0.7230649758262224,39.12851120822383,7.314089257802994,19.793688213308325,4.518979430602868,6.21413805416682,1.654750429251224
-0.40301979977966995,0.7230649758262224,31.708928320028754,3.3728823416036064,16.038831126034356,2.018285135503762,5.0331161653792424,0.7207720567421358
-0.35813299251433084,0.7230649758262224,25.538579195753044,0.898747694490078,12.916576651114546,0.5235406894831507,4.05343438595499,0.18340331006186966
-0.3182455065418344,0.7230649758262224,20.5235476207508,0.004749832157141705,10.377955832442145,0.0026489186577670107,3.2578824566397877,0.0009585075315477207
-0.2828005365353655,0.7230649758262224,16.65421117576505,0.5559350817623604,8.421016548004813,0.31228335579566324,2.6438306675782397,0.10562545419448299
-0.2513032920204875,0.7230649758262224,13.847481669957144,2.075482452849202,7.001569207756066,1.1503391046616662,2.198393732266877,0.3863212699459879
-0.22331409039755062,0.7230649758262224,11.944832502224457,3.9181571179353454,6.037867087936436,2.154467770818832,1.899213845569393,0.714959391214792
-0.19844221923690444,0.7230649758262224,10.766271024064842,5.514738131003516,5.440204298196456,3.0182531196250104,1.716255581191245,0.9904866272066327
-0.17634048216824733,0.7230649758262224,10.14372038306701,6.5342674905515015,5.125649407494615,3.5651053189883903,1.6196862315828031,1.1640105357903237
-0.15670035222800524,0.7230649758262224,9.935621622578724,6.9060548588413635,5.021928410562822,3.7612773036225446,1.5860715356586395,1.2295599821152827
-0.13924766500838334,0.7230649758262224,10.027339722449975,6.740178960818452,5.0704670678647314,3.668446338506098,1.5983900430408786,1.2052147574762448
-0.12373879148704055,0.7230649758262224,10.329260758545493,6.216270640129849,5.22459592086855,3.385500350760281,1.6439911844676027,1.1183203976772689
-0.10995723711238882,0.7230649758262224,10.771865983753903,5.506170467469193,5.449167805507834,3.0036717857482045,1.7128106185962861,0.9963184850004552
-0.09771061966979347,0.7230649758262224,11.302972788636097,4.73755450417423,5.717739055280288,2.590648095985483,1.79662565430934,0.8614468933564916
-0.0868279837415025,0.7230649758262224,11.883598108049988,3.991509610131467,6.0108604440986095,2.189062004510392,1.8889705702273252,0.7287249125422653
-0.07715741427178036,0.7230649758262224,12.485179792828824,3.3118764854160316,6.314458555844114,1.8219704388997433,1.985005666055005,0.6066775657239801
-0.06856391592404971,0.7230649758262224,13.087317638379439,2.717125315564631,6.618379471658376,1.4994327751546943,2.0811563149740966,0.4992569957226735
-0.06092752862714207,0.7230649758262224,13.675728823209047,2.210491126427437,6.915460493092439,1.2235388152642859,2.1749940175210067,0.4073736876891523
-0.0541416530048151,0.7230649758262224,14.240707661505118,1.7869551598682243,7.200833846880033,0.9919351251075558,2.2649337031940857,0.3302867896416496
-0.04811156231253989,0.7230649758262224,14.775998091032207,1.437618279294238,7.471348143912474,0.8001311907032438,2.349977503907347,0.2664967574314135
-0.04275308010908995,0.7230649758262224,15.277918990661961,1.1522944583470283,7.725121926847099,0.6428772635203225,2.4295637015501432,0.21423061525691706
-0.0379914052040221,0.7230649758262224,15.744676962679149,0.9209442649521129,7.96121219410245,0.5149266021551536,2.503447769431661,0.17171444318025858
-0.03376006747802295,0.7230649758262224,16.175838042475817,0.7343848832598621,8.179363553466713,0.411424116672476,2.5716027933199386,0.13731542005198263
-0.03,0.7230649758262224,16.571928841048614,0.5845751019294743,8.379814098169076,0.3280761635821841,2.6341468362300176,0.10959937132788923
0.03,0.7230649758262224,24.54333511052678,0.6185550333112744,12.41114047017756,0.35817032635483276,3.891093309732609,0.12383488079143155
0.03376006747802295,0.7230649758262224,25.14603993792924,0.7832173397604376,12.715252226283296,0.454548465823271,3.9863431640713394,0.15757958833127583
0.0379914052040221,0.7230649758262224,25.83870617065807,0.9912700782084785,13.06463489652787,0.5768071977300753,4.0958131262074895,0.20055884502289137
0.04275308010908995,0.7230649758262224,26.636398869035222,1.2538360300908695,13.466852763032964,0.7318212386393526,4.22186235041553,0.25529061944731457
0.04811156231253989,0.7230649758262224,27.55704991443472,1.5846910841585213,13.930923484574881,0.9282364996583338,4.367282633985556,0.32496213379420813
0.0541416530048151,0.7230649758262224,28.62206176951629,2.0007781619115512,14.4676404897063,1.1768940074797118,4.535378408149289,0.4135926102511295
0.06092752862714207,0.7230649758262224,29.857051534366988,2.5227534735201074,15.089974831122436,1.4913366471600793,4.730061373423824,0.5262271781298243
0.06856391592404971,0.7230649758262224,31.29277917250367,3.175528413004429,15.813577928990444,1.8884041019270432,4.955981823756047,0.6691769989280214
0.07715741427178036,0.7230649758262224,32.96631223787924,3.9887415364440377,16.657422701757437,2.3889204130279493,5.218729890691149,0.8503359440700283
0.0868279837415025,0.7230649758262224,34.92247643185657,4.997044015875192,17.64464078549244,3.018477138794878,5.525105947065224,1.079590586604645
0.09771061966979347,0.7230649758262224,37.21568221600394,6.240030723021923,18.803585896456994,3.808273132337776,5.883500280202129,1.3693698081210997
0.10995723711238882,0.7230649758262224,39.9124077835278,7.761664859004659,20.169061937738626,4.795848443535629,6.304617953810889,1.7355665441528219
0.12373879148704055,0.7230649758262224,43.094714146154644,9.60899736540475,21.783730470567043,6.025494531541581,6.8024146742635985,2.1988068396008433
0.13924766500838334,0.7230649758262224,46.864731370212006,11.829554917341605,23.699826938425165,7.54809879842873,7.395029866535937,2.785859051241445
0.15670035222800524,0.7230649758262224,51.350424933552,14.466746397778302,25.980614412308377,9.419478045841677,8.1054874670947,3.5307974153373776
0.17634048216824733,0.7230649758262224,56.71289595183459,17.552487401426376,28.701714144376307,11.696615190059688,8.96023126625044,4.473442123925968
0.19844221923690444,0.7230649758262224,63.151585966379706,21.094384592982372,31.95329793348648,14.431950132657484,9.98545078542823,5.6540632537081175
0.22331409039755062,0.7230649758262224,70.90606048426221,25.05839928602422,35.844744715633944,17.666415828721018,11.20366583751761,7.1068286367655364
0.2513032920204875,0.7230649758262224,80.24953954918033,29.350915081510937,40.51677659744182,21.424137914486614,12.642160872271601,8.867145350405075
0.2828005365353655,0.7230649758262224,91.48802596373365,33.817981360791585,46.160059140630686,25.70467044792308,14.365103298753139,11.009922024207835
0.3182455065418344,0.7230649758262224,105.00160823962212,38.278853833596344,53.02410205015086,30.457097565086098,16.499811844096538,13.67984753293496
0.35813299251433084,0.7230649758262224,121.36995013216357,42.58190247583239,61.38329415236151,35.52481143698255,19.16106436156334,16.98489317493888
0.40301979977966995,0.7230649758262224,141.47851356599654,46.620521469165745,71.48856005247363,40.62329396830668,22.310992339927193,20.81048998238459
0.4535325211846986,0.7230649758262224,166.25974232879938,50.28110967121175,83.70103260915157,45.46245271662899,25.998099976415613,25.11520529264492
0.5103762839557767,0.7230649758262224,196.20461249792427,53.44582851402476,98.81565678025545,49.87955825000797,30.766198776526977,30.341310243718645
0.5743445928509872,0.7230649758262224,232.34462508685783,56.133674934483125,117.65924341940351,53.70506453517724,36.63952029179215,36.18352567977096
0.6463304070095649,0.7230649758262224,277.9648430105656,58.478625907092244,140.3007891012051,56.78080312976637,43.463280857495356,42.094933426000196
0.7273386051246984,0.7230649758262224,334.1556053156247,60.44220827680941,168.23711304122818,59.275977410218545,52.50590696080767,48.47103486976086
0.8185000129460304,0.7230649758262224,400.8105808214775,62.02347530748008,202.97346397315783,61.29134208110461,62.55803305207471,53.73824724655841
0.9210871889273549,0.7230649758262224,487.4757250654487,63.40541179175473,244.59164298868686,62.86140729018117,76.42017851726258,58.4533703748949
1.0365321883776653,0.7230649758262224,588.7524304766463,64.48581000973911,298.8929865436349,64.18559673648204,91.6582134566693,61.42314786412917
1.166446554092426,0.7230649758262224,721.2132408888843,65.42664346460943,360.68626703322343,65.16597833171195,112.4027105056603,63.63345098536631
1.3126438125222553,0.7230649758262224,873.8618417439438,66.14780620132944,443.11766532650716,66.01842351182125,136.24068116529992,65.03354278866261
1.4771647895120215,0.7230649758262224,1077.62272844808,66.78514518662146,540.1379437822749,66.66935376054876,166.15664725702842,66.05419754962813
1.6623060990028473,0.7230649758262224,1308.9740600075222,67.26388609188012,658.4077128348127,67.1912708689946,205.08333111918935,66.83604211860455
1.8706522023821734,0.7230649758262224,1605.4298947412128,67.67266052236812,816.9488735826045,67.64496640378968,250.4197657417969,67.38687251621252
2.1051114860111477,0.7230649758262224,1984.7732522796337,68.01546650342809,992.6866468539987,67.97332751743954,303.82368268301263,67.7960425915987
2.368956860549917,0.7230649758262224,2423.043647701409,68.27654662151431,1223.4812932177285,68.2577213816304,369.4556624442253,68.11941403810096
2.6658714488230206,0.7230649758262224,3003.0696759210655,68.5039613598576,1490.32438987415,68.47451462131895,458.18587507043907,68.39694917801434
3.0,0.7230649758262224,3655.0998202575415,68.67286007526596,1811.885893653154,68.64951328050995,554.8182337833243,68.59141035717168
-3.0,0.772931525883203,1537.169945203506,67.59273027958788,785.1460118080194,67.56922153717598,240.20236541191468,67.2841585283983
-2.6658714488230206,0.772931525883203,1238.4959217810026,67.13735385705564,622.6973856768334,67.05561423095749,192.47750921465916,66.62581937983416
-2.368956860549917,0.772931525883203,991.3228513458358,66.54795863195724,498.6334881515503,66.42383098762815,153.67611624733993,65.69251320753747
-2.1051114860111477,0.772931525883203,786.5718773510381,65.77070435793681,397.46895097805753,65.59349331497006,124.19399791077038,64.42256861448972
-1.8706522023821734,0.772931525883203,626.707359021834,64.7975338733601,316.4348238258184,64.5067085126924,98.57329911293151,62.32216357811214
-1.6623060990028473,0.772931525883203,495.908378141127,63.512968394780465,250.55117081058262,63.03830682417497,78.32163060390401,58.923932611219385
-1.4771647895120215,0.772931525883203,392.10667389204826,61.84909271851561,197.93825174152448,61.049591931489275,61.810791814436385,53.40682080422664
-1.3126438125222553,0.772931525883203,309.55848387169283,59.67563707579073,156.36007207535806,58.34280522874555,48.99620416606863,46.18997392899966
-1.166446554092426,0.772931525883203,244.06118513586583,56.82496049600221,123.33743101892887,54.60060264731597,38.65398034286053,38.027850660975176
-1.0365321883776653,0.772931525883203,192.46894898301326,53.10702669611873,97.30500767298687,49.5016530863604,30.504798039733654,30.0656266666797
-0.9210871889273549,0.772931525883203,151.8413217495833,48.297203379954546,76.77283870758997,42.879648644707885,24.091889325227367,22.91584255645074
-0.8185000129460304,0.772931525883203,120.08364352919142,42.280956486138265,60.730010437589975,35.1572546002036,19.061315164594205,16.861975922396525
-0.7273386051246984,0.772931525883203,95.34241691445949,35.18556071345493,48.19972683884961,27.17126258693318,15.153211743973008,11.995486593742296
-0.6463304070095649,0.772931525883203,76.10235656568894,27.511898741934644,38.50454322587996,19.826380294869068,12.090413214448507,8.187675258018034
-0.5743445928509872,0.772931525883203,61.19409368861757,20.039699559448152,30.941006895112764,13.58148860572734,9.722731266266104,5.347221803143908
-0.5103762839557767,0.772931525883203,49.49776930862962,13.381197022105685,25.032933593387465,8.63604178354786,7.861345304237435,3.2703481399383723
-0.4535325211846986,0.772931525883203,40.15472716261818,7.900746591271581,20.313098844760624,4.903073275461997,6.377063805153749,1.8010653243346235
-0.40301979977966995,0.772931525883203,32.46629791096819,3.7404878696807478,16.42218591106652,2.245651487372955,5.153443941415145,0.8039185470236375
-0.35813299251433084,0.772931525883203,26.0639893664214,1.06302132856771,13.182484959897995,0.6206919123597191,4.136948280322914,0.21781936992226217
-0.3182455065418344,0.772931525883203,20.874487105823064,0.01855176991693267,10.55562372389065,0.010485870284800716,3.3137594167630606,0.003714151143663281
-0.2828005365353655,0.772931525883203,16.882600239629237,0.48076438832633284,8.536741330138753,0.2702941364889562,2.6802194354045525,0.09143226465445822
-0.2513032920204875,0.772931525883203,13.989417270127126,1.9680904913711013,7.073520296236366,1.0914001901153592,2.2210265996793015,0.3666346369803251
-0.22331409039755062,0.772931525883203,12.02431750445,3.824392247609781,6.078161022192503,2.1035763612989538,1.9119588988333585,0.6980875679045424
-0.19844221923690444,0.772931525883203,10.800110255596094,5.463074276063861,5.457378555991766,2.990361646548706,1.7217894041898227,0.9811718756108679
-0.17634048216824733,0.772931525883203,10.144336002393995,6.533191665544729,5.12603069996694,3.564399280245842,1.6199550410157437,1.1634974936496558
-0.15670035222800524,0.772931525883203,9.91250112639217,6.948378206390411,5.010321139837031,3.7837484971436663,1.582553127097614,1.2365833282848182
-0.13924766500838334,0.772931525883203,9.987782927302685,6.811325588607096,5.050559010425089,3.706299885281302,1.5922297564640282,1.2173420363525167
-0.12373879148704055,0.772931525883203,10.278868546092541,6.301409761044885,5.199205578492125,3.4309028232817997,1.6360797146189845,1.133039082966092
-0.10995723711238882,0.772931525883203,10.714890862321296,5.59389425302457,5.420437850134449,3.050596836290985,1.7038331873063626,1.0116364696530518
-0.09771061966979347,0.772931525883203,11.242604924460368,4.82060041112777,5.687276815454498,2.6352419180512534,1.7870987659311584,0.876059895432732
-0.0868279837415025,0.772931525883203,11.822189361204364,4.066059346643489,5.979853382460587,2.2292658098564795,1.8792750604557813,0.7419250333110873
-0.07715741427178036,0.772931525883203,12.424427577071416,3.376483714097942,6.283767049062665,1.8569657613300339,1.9754156763989108,0.6181782983829821
-0.06856391592404971,0.772931525883203,13.028414133163814,2.7717760038718025,6.588609316999427,1.529163309848576,2.071862272964129,0.5090340692656118
-0.06092752862714207,0.772931525883203,13.619478636857808,2.2559352675830024,6.887021424646076,1.2483641531742884,2.166123115862903,0.4155436219144237
-0.0541416530048151,0.772931525883203,14.187620721218545,1.8242805176152384,7.173986539974595,1.012405749671528,2.256565775867331,0.3370296947796684
-0.04811156231253989,0.772931525883203,14.726363145506538,1.4679995072821221,7.446241221726395,0.8168544211228647,2.3421570420035143,0.27201156048679137
-0.04275308010908995,0.772931525883203,15.231861296324645,1.1768578300852797,7.701820872255402,0.6564435485038573,2.422309312413646,0.2187104821340349
-0.0379914052040221,0.772931525883203,15.702203078955426,0.940703563565893,7.939721899461314,0.5258731114221407,2.4967595110045546,0.17533478411230724
-0.03376006747802295,0.772931525883203,16.13687033209827,0.7502184684304013,8.159645824160686,0.4202203137217514,2.565467704424852,0.1402293604238606
-0.03,0.772931525883203,16.536331861313315,0.5972253042893831,8.361801119302434,0.33512169266832453,2.6285430746655263,0.11193726423333279
0.03,0.772931525883203,24.594655554946875,0.6319532851938197,12.437078163840967,0.36601081711645017,3.899193159886208,0.1265675288929171
0.03376006747802295,0.772931525883203,25.20491423268522,0.8001390597548022,12.745003383388894,0.4644892750038428,3.995637095236212,0.16105741716355657
0.0379914052040221,0.772931525883203,25.90638096187499,1.0126196492619726,13.098827747948452,0.5894057754717211,4.1064982982960805,0.20498531128885208
0.04275308010908995,0.772931525883203,26.714357172613706,1.280736354171882,13.506234514194807,0.747779017173755,4.2341730746831745,0.2609241387939967
0.04811156231253989,0.772931525883203,27.647062033673816,1.618528357920062,13.976386088392974,0.9484335793761473,4.381498191667728,0.33213034094314814
0.0541416530048151,0.772931525883203,28.726248179894597,2.0432511330907404,14.520252640929064,1.202430766212621,4.551832581973399,0.4227099042769859
0.06092752862714207,0.772931525883203,29.977960728819365,2.5759246637452433,15.151021796129271,1.5235828240352618,4.749154080657834,0.5378161031920045
0.06856391592404971,0.772931525883203,31.433484313489004,3.2418725820255023,15.884611274639129,1.9290554006304381,4.978193511505246,0.683894240630714
0.07715741427178036,0.772931525883203,33.13053152241034,4.071183313496986,16.7403226510463,2.440061814196355,5.244639759878762,0.8690041709194025
0.0868279837415025,0.772931525883203,35.1147233168603,5.098971654141927,17.74169484504563,3.0826506885200655,5.555415287602567,1.103237564453261
0.09771061966979347,0.772931525883203,37.44145355353149,6.365266283381304,18.91758818599694,3.888545072193305,5.919062924302754,1.3992769097504858
0.10995723711238882,0.772931525883203,40.178421785568155,7.914363543659412,20.30343782625827,4.89586479468937,6.346482276497439,1.7733320455943218
0.12373879148704055,0.772931525883203,43.40921534638612,9.793439234091414,21.94269185065184,6.149506324398783,6.851881136092306,2.246428173209884
0.13924766500838334,0.772931525883203,47.23788268056649,12.049778757039002,23.888564592816174,7.700927447763674,7.453726217033241,2.8458332630207077
0.15670035222800524,0.772931525883203,51.79481229048947,14.725968048576007,26.205529720634747,9.60637079418759,8.175459368810824,3.6062289560322296
0.17634048216824733,0.772931525883203,57.244173222965436,17.852253330524118,28.97069301451088,11.922925043014658,9.044025124117166,4.568108071078757
0.19844221923690444,0.772931525883203,63.789257171880976,21.43346466347089,32.27604011777726,14.70256977846909,10.086157586270618,5.772371900457369
0.22331409039755062,0.772931525883203,71.67436103143746,25.43160684266657,36.2331867752759,17.984900934135666,11.32492506446499,7.253659560614561
0.2513032920204875,0.772931525883203,81.17833043146756,29.748383714335326,40.985710185386395,21.79147115388669,12.788276732015316,9.047788066138683
0.2828005365353655,0.772931525883203,92.61375603592363,34.22570083094344,46.72805626153194,26.11757801908017,14.541607607187402,11.230505749464282
0.3182455065418344,0.772931525883203,106.36892280156803,38.68083058076881,53.71465642744739,30.905907412112892,16.714448767369024,13.94793448624028
0.35813299251433084,0.772931525883203,123.03518638362904,42.96303468957155,62.22560756772564,35.99170784965152,19.423796127943184,17.308198150140182
0.40301979977966995,0.772931525883203,143.51504196593532,46.96892364439838,72.51769414070976,41.083555597144525,22.631955173763323,21.193305699705874
0.4535325211846986,0.772931525883203,168.76001796906903,50.58998341186279,84.9599585011517,45.890065181191034,26.388884166192447,25.55870266346643
0.5103762839557767,0.772931525883203,199.2749678455309,53.71430185729291,100.3623206090948,50.25381709529715,31.24748627645794,30.845487813753294
0.5743445928509872,0.772931525883203,236.11448213093976,56.3640514910269,119.5682289484108,54.01712602743247,37.23370551340433,36.73612415799103
0.6463304070095649,0.772931525883203,282.62382183882954,58.67303252747385,142.6525878098599,57.035506107852825,44.191675023846784,42.66956222469621
0.7273386051246984,0.772931525883203,339.9222122156545,60.60496319900287,171.1411125922543,59.48121195587805,53.4116662339953,49.0209742015131
0.8185000129460304,0.772931525883203,407.9137671275275,62.15999034237344,206.5699446443512,61.4557415475202,63.66666875173212,54.21354950753549
0.9210871889273549,0.772931525883203,496.3175051713323,63.518089630823134,249.02990820834208,62.99405625512051,77.80576037038098,58.79968878505248
1.0365321883776653,0.772931525883203,599.6615635606139,64.57960108963995,304.42887862113196,64.29134417334703,93.35660885605003,61.663553097590956
1.166446554092426,0.772931525883203,734.823521681068,65.50349616626103,367.4969826220547,65.25214641772189,114.5235971954113,63.793228025755866
1.3126438125222553,0.772931525883203,890.6383304131979,66.21159076628098,451.62091049358935,66.08743086220075,138.8554190560876,65.14688364336064
1.4771647895120215,0.772931525883203,1098.6058108890902,66.83706151368193,550.6592014230041,66.72538137508997,169.39309380854857,66.13679187112294
1.6623060990028473,0.772931525883203,1334.8139962537439,67.3068698799228,671.4057929237198,67.23690135131822,209.1275483005333,66.89695721707876
1.8706522023821734,0.772931525883203,1637.4902547119118,67.70786830761163,833.2489798034262,67.68146477311544,255.4160174508443,67.43360871317353
2.1051114860111477,0.772931525883203,2024.7921960452024,68.0440512388924,1012.7101809426639,68.00329113520328,309.9513727476423,67.83278580883174
2.368956860549917,0.772931525883203,2472.3598819576814,68.30007385887998,1248.3735332096485,68.28195956594392,376.9775208996704,68.14853295958123
2.6658714488230206,0.772931525883203,3064.6298970572057,68.52300452249989,1520.9011620965944,68.49440191166076,467.5780353782296,68.41966057220888
3.0,0.772931525883203,3730.589178439619,68.68857610923453,1849.3394501287792,68.66587470461354,566.2770617957744,68.60978024053098
-3.0,0.8227980759401841,1563.7948655435778,67.62475009923781,798.7242200904382,67.60232699352056,244.35580974780626,67.32713080540242
-2.6658714488230206,0.8227980759401841,1260.075886064698,67.17762931948084,633.5445701431212,67.09851663227637,195.82798876376594,66.68495414136537
-2.368956860549917,0.8227980759401841,1008.7177197582256,66.59910940084708,507.3806367459412,66.47912128346752,156.37133598066958,65.7770666023738
-2.1051114860111477,0.8227980759401841,800.4905408619893,65.8365073628211,404.49766477046404,65.66565337450116,126.38798590469251,64.54623549763927
-1.8706522023821734,0.8227980759401841,637.8966030246331,64.88209839071249,322.0809628939759,64.6018973617727,100.33125471884334,62.520303584927795
-1.6623060990028473,0.8227980759401841,504.85744269047046,63.623010369247176,255.0694659899291,63.16624200509495,79.73322550790749,59.251485153617956
-1.4771647895120215,0.8227980759401841,399.2703902411032,61.99320019385948,201.5521132958902,61.22450810183184,62.93897077542587,53.903756495931034
-1.3126438125222553,0.8227980759401841,315.2966852870098,59.86581110703542,159.25613656880947,58.58542239474173,49.90330783727824,46.80267866123238
-1.166446554092426,0.8227980759401841,248.6649737105412,57.077684234849606,125.66181717914323,54.940233283609906,39.38221538223739,38.67418088778669
-1.0365321883776653,0.8227980759401841,196.17731334606688,53.443401806525586,99.17781015449322,49.96832095628534,31.091794085768267,30.682875713300817
-0.9210871889273549,0.8227980759401841,154.84466235054362,48.74131215308222,78.28964202381204,43.479922748410566,24.567738467409676,23.470324147918753
-0.8185000129460304,0.8227980759401841,122.53644639405027,42.84987304323683,61.96897239279689,35.85028851090503,19.450075401475114,17.340499439918762
-0.7273386051246984,0.8227980759401841,97.3657338699845,35.87196851846764,49.22180091231605,27.88911641919057,15.474197907978068,12.397152597022934
-0.6463304070095649,0.8227980759401841,77.78668861676323,28.271512212850173,39.35587944588737,20.506491086964978,12.357603986068678,8.516157313643856
-0.5743445928509872,0.8227980759401841,62.598539171648156,20.798494088593202,31.651308309144678,14.178475241391457,9.945582734744834,5.607329712855674
-0.5103762839557767,0.8227980759401841,50.6473418023354,14.055633789660623,25.614750538875352,9.116201865754649,8.043815276573772,3.46459744678884
-0.4535325211846986,0.8227980759401841,41.04761074927476,8.415830775576717,20.765087503275353,5.2428856287361345,6.5186802270058335,1.9310553480443855
-0.40301979977966995,0.8227980759401841,33.10461006905152,4.0581411276930055,16.74534883201706,2.4431732061848748,5.254847054398223,0.8763965168573554
-0.35813299251433084,0.8227980759401841,26.486377203334772,1.2026749772644327,13.396271278590334,0.703561948376475,4.204088714824904,0.24724596924989448
-0.3182455065418344,0.8227980759401841,21.14291773465283,0.034976606793930935,10.691540977715228,0.019859452700663225,3.356543087179294,0.006999779072123183
-0.2828005365353655,0.8227980759401841,17.049509359823695,0.4297613490456738,8.621372725380828,0.24175212634881488,2.7068597545252655,0.08176831742548339
-0.2513032920204875,0.8227980759401841,14.088577492650476,1.895257815101423,7.123842293806677,1.0513578467929052,2.236880027711108,0.3532332479835561
-0.22331409039755062,0.8227980759401841,12.076453301258239,3.7637692478584617,6.1046240717850155,2.070619487552371,1.920377346033896,0.6870970635070545
-0.19844221923690444,0.8227980759401841,10.81874038606816,5.434788637533631,5.466863871806879,2.97504070091204,1.7249236392660925,0.9759251922733919
-0.17634048216824733,0.8227980759401841,10.138971061202518,6.542571862240772,5.123395105263312,3.5692818390147814,1.619283384036585,1.1647797257376802
-0.15670035222800524,0.8227980759401841,9.890202258801787,6.989393572303576,4.999140613321699,3.805493807239283,1.5791677316826735,1.2433707045451856
-0.13924766500838334,0.8227980759401841,9.953900501273301,6.872740183812337,5.033531282874451,3.738920118607737,1.5869694153127332,1.2277726568475158
-0.12373879148704055,0.8227980759401841,10.237474394922934,6.372026958886974,5.178374518471785,3.4685033439518795,1.6295949667383087,1.1452137451773667
-0.10995723711238882,0.8227980759401841,10.66906298970291,5.6652270131215055,5.397351533529479,3.088703852442644,1.696623423458976,1.0240653061846552
-0.09771061966979347,0.8227980759401841,11.194645798226732,4.887344116544433,5.663094451550087,2.6710422236564426,1.7795392275786928,0.8877828201203224
-0.0868279837415025,0.8227980759401841,11.773791737026567,4.125518439635853,5.955430185211832,2.2613016613909678,1.8716413240380698,0.7524361028224905
-0.07715741427178036,0.8227980759401841,12.376808955921572,3.427738082331008,6.259721274752986,1.8847065002320282,1.967905166217727,0.6272887344455886
-0.06856391592404971,0.8227980759401841,12.982425147696283,2.814961787405545,6.5653743512764855,1.552640934135298,2.064611191608946,0.5167497515786585
-0.06092752862714207,0.8227980759401841,13.57568825717641,2.2917388794944107,6.8648879787318045,1.2679115083173416,2.1592215345954275,0.42197256362914864
-0.0541416530048151,0.8227980759401841,14.146383590994192,1.8536191842686571,7.153136713754746,1.0284877922404827,2.250069267065363,0.3423239421514524
-0.04811156231253989,0.8227980759401841,14.687873012181951,1.491835539835334,7.42677542325861,0.8299687671145758,2.3360954501497755,0.27633396607245775
-0.04275308010908995,0.8227980759401841,15.19619305652391,1.1961003231441079,7.683778918689894,0.6670666679056843,2.416693663453625,0.2222167765550582
-0.0379914052040221,0.8227980759401841,15.6693455006893,0.956163438236833,7.923099523505148,0.5344345117280259,2.491587375060304,0.1781650913233601
-0.03376006747802295,0.8227980759401841,16.1067513031193,0.7625940465375074,8.144407516505813,0.4270930645697705,2.5607272414342943,0.1425052589254469
-0.03,0.8227980759401841,16.50883773104693,0.6071041781073729,8.34789002442767,0.3406219876879079,2.62421606374187,0.11376180482946385
0.03,0.8227980759401841,24.634043079771214,0.6423164246134617,12.456986101543162,0.37207745728190644,3.905410254078124,0.12868251256690405
0.03376006747802295,0.8227980759401841,25.250090506108968,0.8132219030464015,12.767834220952537,0.47217825677085823,4.002769408282986,0.16374824569243795
0.0379914052040221,0.8227980759401841,25.95829990011218,1.0291181639158347,13.125062387122865,0.5991466744711249,4.114696738465481,0.20840888706489766
0.04275308010908995,0.8227980759401841,26.774153499117084,1.3015138905938293,13.536444923367256,0.7601120156326582,4.243616985748363,0.26527964643696095
0.04811156231253989,0.8227980759401841,27.716090313411513,1.6446496538623503,14.01125507093273,0.9640359982039464,4.3924013568872144,0.3376701941019429
0.0541416530048151,0.8227980759401841,28.806131080790003,2.0760195861675226,14.560598393596992,1.2221488531293152,4.5644505564637985,0.429753214141839
0.06092752862714207,0.8227980759401841,30.07064883956712,2.616920883706474,15.197828504504537,1.5484691956106476,4.763793159056918,0.5467650960790709
0.06856391592404971,0.8227980759401841,31.541330514247026,3.292990521653263,15.939067339195105,1.9604121357922104,4.995221844512158,0.6952542297834106
0.07715741427178036,0.8227980759401841,33.256383734026,4.134657685374229,16.803868646104473,2.4794885207609667,5.264501437874011,0.8834080288471093
0.0868279837415025,0.8227980759401841,35.26204042403087,5.177386499006496,17.81608401329621,3.132095739276152,5.5786483735209655,1.1214757886141962
0.09771061966979347,0.8227980759401841,37.61445075434241,6.4615294093166815,19.00496288632833,3.9503559399772588,5.946322955765389,1.4223348841569974
0.10995723711238882,0.8227980759401841,40.38225452055321,8.03162565143007,20.406425543886986,4.972828978756322,6.378574534992681,1.8024385134432155
0.12373879148704055,0.8227980759401841,43.6502148841471,9.934929192243516,22.064525004150745,6.2448682608613,6.889804667818004,2.283117943278676
0.13924766500838334,0.8227980759401841,47.52385867944859,12.21851634758768,24.03322931839911,7.818358560392743,7.498731243535566,2.892023417666808
0.15670035222800524,0.8227980759401841,52.13544164676792,14.924310382434207,26.377945949878242,9.749854260115695,8.229116613869312,3.664300276883654
0.17634048216824733,0.8227980759401841,57.65149646242968,18.081239576801813,29.176928748439128,12.09650495068012,9.10829042121265,4.640954629257265
0.19844221923690444,0.8227980759401841,64.27828251270167,21.691969551381458,32.52357007117427,14.909909865376271,10.163409437893323,5.863371882105463
0.22331409039755062,0.8227980759401841,72.26375126246572,25.715459985091794,36.531223402409076,18.228601358816512,11.417974802284528,7.366559256081135
0.2513032920204875,0.8227980759401841,81.89111463130959,30.049874027685476,41.34568058328202,22.07210244238697,12.900462213931036,9.186657651558425
0.2828005365353655,0.8227980759401841,93.47810820943145,34.534071124389975,47.16430731904888,26.43236853190409,14.677214107155557,11.400047396949219
0.3182455065418344,0.8227980759401841,107.41942466056682,38.983988716717356,54.24532867152234,31.247108993645174,16.879440531884104,14.153888925397094
0.35813299251433084,0.8227980759401841,124.3154725915772,43.24972531406871,62.87327266008954,36.345368048768364,19.625838458193897,17.556363129382333
0.40301979977966995,0.8227980759401841,145.08181505441854,47.2304146068432,73.30954825214725,41.43070232440034,22.878940339750468,21.486904121205093
0.4535325211846986,0.8227980759401841,170.68472694535552,50.82141364892638,85.92938828789657,46.211179478052564,26.689886950643952,25.89853527148869
0.5103762839557767,0.8227980759401841,201.64022718370853,53.9152562933019,101.55413553061173,50.53379212106772,31.61839937236762,31.231009862161677
0.5743445928509872,0.8227980759401841,239.02102140516115,56.536407124146535,121.04004424214588,54.249977028180076,37.69186690161443,37.15731456612619
0.6463304070095649,0.8227980759401841,286.21803904873866,58.818419880307616,144.46713983948783,57.22537701108309,44.75382130605671,43.1056272742823
0.7273386051246984,0.8227980759401841,344.37351579835814,60.726655481488294,173.38321686278363,59.63418820214674,54.11092688946259,49.434878980334204
0.8185000129460304,0.8227980759401841,413.4011603205872,62.262076545760436,209.3482210843385,61.57830992399109,64.52339215148314,54.56772243337328
0.9210871889273549,0.8227980759401841,503.15076572664793,63.602339592349324,252.46090460583858,63.09300881746781,78.87668351719984,59.054866313437074
1.0365321883776653,0.8227980759401841,608.0984052005301,64.64974285552992,308.7096140370701,64.37025031428492,94.67042621285765,61.840249131031506
1.166446554092426,0.8227980759401841,745.3525244447179,65.56096443271308,372.76738755645596,65.31648362770382,116.16456074429493,63.910941383968705
1.3126438125222553,0.8227980759401841,903.6249953314717,66.25929761785639,458.2024509951487,66.13896450613359,140.87957653343724,65.23066896420384
1.4771647895120215,0.8227980759401841,1114.8510556950184,66.87588458876655,558.8062435209614,66.76723599771219,171.89944146736931,66.19801787745848
1.6623060990028473,0.8227980759401841,1354.8303341049,67.33901937902468,681.4750268460849,67.27099930007967,212.25952125470013,66.9421999324762
1.8706522023821734,0.8227980759401841,1662.3314865339225,67.73420088646114,845.8752912213365,67.70873513042886,259.28638478697155,67.46837276737011
2.1051114860111477,0.8227980759401841,2055.8003175568115,68.06542546891853,1028.2274936070653,68.02568514970507,314.7001261459797,67.86014981127396
2.368956860549917,0.8227980759401841,2510.582772857588,68.31766682525001,1267.6645616257513,68.30007334827974,382.8083513796301,68.17023791163686
2.6658714488230206,0.8227980759401841,3112.3368455127297,68.53724011039307,1544.6039656526941,68.50926598819163,474.85688521040163,68.43659466381462
3.0,0.8227980759401841,3789.1052965595622,68.70032488258201,1878.3801260966038,68.67810470849527,575.1597774725477,68.62348439147532
-3.0,0.8726646259971651,1582.5939890073628,67.64669960809516,808.3025267873535,67.62498574634611,247.2870587917825,67.35643848651986
-2.6658714488230206,0.8726646259971651,1275.3368105479956,67.20527310199338,641.2150868923482,67.12793643591571,198.1974109304959,66.72528754328009
-2.368956860549917,0.8726646259971651,1021.0462408074305,66.63428235623023,513.5797903651275,66.51709636408071,158.2822967396456,65.83472382718547
-2.1051114860111477,0.8726646259971651,810.3871023610222,65.88188048858422,409.49348716045785,65.71532147643406,127.94699795460498,64.63044883904523
-1.8706522023821734,0.8726646259971651,645.8810319548348,64.94058715288467,326.10872432659886,64.66759315626314,101.58545352024531,62.65518453319984
-1.6623060990028473,0.8726646259971651,511.2761311876953,63.69946270257009,258.308976310011,63.25488014903411,80.74525782281394,59.475592281390924
-1.4771647895120215,0.8726646259971651,404.4425183940977,62.093907117898574,204.16044108377068,61.34633622882497,63.753398905209345,54.24991936196308
-1.3126438125222553,0.8726646259971651,319.4758491871241,59.99976254844394,161.3645053708283,58.75564002465438,50.56362981900941,47.23848081069981
-1.166446554092426,0.8726646259971651,252.05692705909735,57.25761411345346,127.37351384049583,55.181130132465476,39.91848237103741,39.14318563702622
-1.0365321883776653,0.8726646259971651,198.95128750967132,53.68641017663423,100.577902662918,50.304995028005585,31.53062661500686,31.140019373656408
-0.9210871889273549,0.8726646259971651,157.13593296376,49.068621152223116,79.44616753256074,43.92411863811225,24.930497284136244,23.890631008258815
-0.8185000129460304,0.8726646259971651,124.45424605022222,43.280475636302604,62.937122094364646,36.37998292148199,19.753801496879138,17.71332470232391
-0.7273386051246984,0.8726646259971651,98.99384736053162,36.40908136905399,50.04410915801387,28.458259873646192,15.732166178320764,12.719946775958135
-0.6463304070095649,0.8726646259971651,79.18342338994552,28.888213910631947,40.06157605644332,21.065701022437963,12.578976073725677,8.789114318799133
-0.5743445928509872,0.8726646259971651,63.791734258617595,21.434777451436226,32.255013222150694,14.684948021348095,10.134747808467752,5.829585012814087
-0.5103762839557767,0.8726646259971651,51.631978357059346,14.631042440660886,26.11336235842255,9.529745079964151,8.200017031468931,3.632782602960533
-0.4535325211846986,0.8726646259971651,41.796855117187334,8.850812886743627,21.144450517648878,5.531773310977359,6.637355010692747,2.0418965792832164
-0.40301979977966995,0.8726646259971651,33.61190634866577,4.315306929532525,17.002263767811108,2.603811775190091,5.33542865871429,0.9354955929835069
-0.35813299251433084,0.8726646259971651,26.79617108029876,1.3091957146114241,13.553085361373043,0.7669390054411706,4.253339430206116,0.2697941714496975
-0.3182455065418344,0.8726646259971651,21.322316009925277,0.04869674505988389,10.782407204975723,0.027711952526455103,3.3852007193065465,0.009755738138876115
-0.2828005365353655,0.8726646259971651,17.15053323639779,0.40046743338034757,8.672683586634514,0.22531926770485838,2.723053194174581,0.07618829433632447
-0.2513032920204875,0.8726646259971651,14.141855433282265,1.856859269652771,7.15096404944759,1.030172948580609,2.245461146642223,0.3461109005177332
-0.22331409039755062,0.8726646259971651,12.098954259775338,3.7378185403803856,6.116100305977532,2.0564409166839304,1.9241062815078218,0.6822675954081969
-0.19844221923690444,0.8726646259971651,10.820435826155798,5.432220038709201,5.467787462885958,2.9735520532031243,1.7253839872231633,0.9751563328443079
-0.17634048216824733,0.8726646259971651,10.12630823402806,6.564754011045199,5.117075967492445,3.5810096077856777,1.617461682838953,1.168262943651677
-0.15670035222800524,0.8726646259971651,9.867717823007295,7.030946126743833,4.98787676720738,3.8275011352105945,1.5757550482485823,1.2502422489448664
-0.13924766500838334,0.8726646259971651,9.924925820566264,6.925608454942084,5.01899539723922,3.7669455094409656,1.5824869872074483,1.236715654130881
-0.12373879148704055,0.8726646259971651,10.204499809866924,6.42872368821458,5.161809447467509,3.4986312867338465,1.6244448438142551,1.1549541019890484
-0.10995723711238882,0.8726646259971651,10.633951103429698,5.720350080620708,5.379690132403837,3.1180989946035202,1.6911126578894156,1.0336421891117331
-0.09771061966979347,0.8726646259971651,11.158779004810267,4.937707775068104,5.645031456671327,2.6980160574947534,1.773896648352607,0.8966072438305054
-0.0868279837415025,0.8726646259971651,11.738177954559143,4.169672218084576,5.93747553646774,2.2850617369725286,1.8660331519050402,0.7602249105188167
-0.07715741427178036,0.8726646259971651,12.342165328100307,3.4653688098037025,6.242240744201083,1.905052773817102,1.9624488499047985,0.6339648446767764
-0.06856391592404971,0.8726646259971651,12.949244565257395,2.8464037362319066,6.5486207015073825,1.5697194922737365,2.0593861301463567,0.5223576211379064
-0.06092752862714207,0.8726646259971651,13.544291282496964,2.317640500413618,6.849026424077981,1.2820425101872004,2.1542786453235614,0.42661631393739224
-0.0541416530048151,0.8726646259971651,14.116959569952538,1.8747388355532937,7.138265700803104,1.040057322621533,2.2454382672942286,0.3461297685022221
-0.04811156231253989,0.8726646259971651,14.66051288219986,1.5089267497774455,7.412943184666572,0.8393670206343128,2.3317902964661985,0.2794294380054006
-0.04275308010908995,0.8726646259971651,15.170915302432052,1.2098541958061164,7.670996536422879,0.6746560051832833,2.4127168394590406,0.22472019479787028
-0.0379914052040221,0.8726646259971651,15.646116440031209,0.9671851096286783,7.911351207843283,0.5405354383185391,2.4879332238578087,0.1801809022212187
-0.03376006747802295,0.8726646259971651,16.085500789094773,0.7713980667890419,8.13365863850272,0.4319804135875987,2.5573844795692637,0.1441229330835772
-0.03,0.8726646259971651,16.489471209485362,0.6141195655102886,8.338093321177746,0.344526550698551,2.6211696642362194,0.11505648671214153
0.03,0.8726646259971651,24.66135440711085,0.6495429421926661,12.47079184541334,0.3763093533594334,3.909721960624373,0.13015821126940783
0.03376006747802295,0.8726646259971651,25.281398890780785,0.8223384420047205,12.783658867600504,0.4775383665394897,4.007713265902093,0.16562453993209128
0.0379914052040221,0.8726646259971651,25.994260862545023,1.0406060877291339,13.143236649826155,0.6059325399231262,4.1203765073191825,0.21079451893538836
0.04275308010908995,0.8726646259971651,26.81554646094372,1.3159695843962842,13.557361996867174,0.7686974197158648,4.25015593381766,0.2683125405979839
0.04811156231253989,0.8726646259971651,27.763845407818874,1.6628076650417771,14.035384223364135,0.9748891554092681,4.399946396302483,0.34152498906001977
0.0541416530048151,0.8726646259971651,28.861362360834214,2.098777914647709,14.588501871748965,1.2358541820411524,4.573177310349345,0.43465053243819896
0.06092752862714207,0.8726646259971651,30.13469552603904,2.64536703819607,15.23018261993282,1.5657529378568409,4.773912180633603,0.5529828565972742
0.06856391592404971,0.8726646259971651,31.615808400190037,3.3284257832741986,15.976688842989002,1.982171807124705,5.006986350469963,0.7031414311082896
0.07715741427178036,0.8726646259971651,33.343249453704374,4.1786152403856915,16.84774784857394,2.5068257066435766,5.2782171199258086,0.8934016655057713
0.0868279837415025,0.8726646259971651,35.36367198206263,5.23163645731502,17.86742658287996,3.1663509564162062,5.594685960930052,1.1341216578521707
0.09771061966979347,0.8726646259971651,37.733748708016805,6.528060157490707,19.065242700111224,3.9931427096865892,5.965134547606226,1.4383133655600053
0.10995723711238882,0.8726646259971651,40.522770119677084,8.11258683321535,20.477451161586366,5.026061220879323,6.400715848122187,1.8225979563610895
0.12373879148704055,0.8726646259971651,43.816314045225084,10.032516414577394,22.148522855487972,6.3107709551696365,6.9159651441121675,2.308517552177978
0.13924766500838334,0.8726646259971651,47.72093217925358,12.3347707272911,24.13294746499689,7.899446002293951,7.529773144467356,2.9239849862434504
0.15670035222800524,0.8726646259971651,52.37017446352498,15.060802697270201,26.49678075978447,9.848849811928932,8.266122400874824,3.704463247176296
0.17634048216824733,0.8726646259971651,57.93221091055106,18.23861572828449,29.319077373881374,12.216167990583456,9.1526084456661,4.691310615032471
0.19844221923690444,0.8726646259971651,64.61535821956518,21.8693691710746,32.694215854871516,15.052731487204417,10.21668467692456,5.926249283335053
0.22331409039755062,0.8726646259971651,72.67011079981455,25.90992411285691,36.73677173158573,18.396330459714367,11.482164945177674,7.444553771385986
0.2513032920204875,0.8726646259971651,82.38274534026041,30.256037919239745,41.59408991827291,22.265068099302646,12.977907978208057,9.282608139633824
0.2828005365353655,0.8726646259971651,94.0746493131706,34.74454844841539,47.46556761659089,26.648554684872643,14.770914730472763,11.517225639189157
0.3182455065418344,0.8726646259971651,108.14507251899217,39.19056581439254,54.61205927931498,31.48102342660528,16.9935257860218,14.296228021392308
0.35813299251433084,0.8726646259971651,125.20075181257248,43.444815303254295,63.32120434093763,36.587261477219975,19.765605905860536,17.72779570502058
0.40301979977966995,0.8726646259971651,146.1662290594693,47.40815970147782,73.8577558522756,41.66751828316838,23.049963211214862,21.689693853230352
0.4535325211846986,0.8726646259971651,172.01804454733443,50.978603591426264,86.60135884991723,46.42968545633716,26.898637822576312,26.133299871974728
0.5103762839557767,0.8726646259971651,203.2805587115662,54.05172801444008,102.38111799955918,50.72388867446276,31.875833021513817,31.497022448314752
0.5743445928509872,0.8726646259971651,241.03944448341198,56.65350239378914,122.06213734016092,54.40785916681584,38.01010004689259,37.44734962821714
0.6463304070095649,0.8726646259971651,288.7163366488567,58.91721355371617,145.72872584508903,57.354115603203994,45.1448545822723,43.405157227576325
0.7273386051246984,0.8726646259971651,347.4703745007291,60.80937555035521,174.94372744876566,59.73796419660396,54.597548081163424,49.717489389458805
0.8185000129460304,0.8726646259971651,417.22391075966834,62.331526926973325,211.28357121903548,61.6615107805906,65.12058881941529,54.807988549714864
0.9210871889273549,0.8726646259971651,507.9139775295561,63.65966793983973,254.853766349694,63.160250260107546,79.62331664918712,59.226617521140824
1.0365321883776653,0.8726646259971651,613.9862418960226,64.69750847486398,311.6962817469442,64.42388994299881,95.58773644989107,61.95910302585631
1.166446554092426,0.8726646259971651,752.7036427562222,65.60010495924831,376.44916392579887,65.36027006417116,117.310564328255,63.99027658012564
1.3126438125222553,0.8726646259971651,912.7017604096056,66.29181447273808,462.8014536573449,66.1740461659655,142.29445856157736,65.28730395907185
1.4771647895120215,0.8726646259971651,1126.2071607758373,66.90234432522207,564.5032327291585,66.79574649420977,173.65237568802803,66.23949852006236
1.6623060990028473,0.8726646259971651,1368.8355036413463,67.36094505930839,688.5210956307996,67.29424007433413,214.44992135627106,66.97289228490003
1.8706522023821734,0.8726646259971651,1679.7194812490945,67.75216271492263,854.7088232355975,67.72731764047016,261.99441670564823,67.49198740409541
2.1051114860111477,0.8726646259971651,2077.50383448276,68.0800019141806,1039.091620483226,68.04095412128979,318.0249934938842,67.8787607206036
2.368956860549917,0.8726646259971651,2537.348500941766,68.32966780193517,1281.170807899495,68.31242303292282,386.89270485595847,68.18501285096133
2.6658714488230206,0.8726646259971651,3145.7344714654023,68.54694691137257,1561.2063123631788,68.51940336765476,479.9528967708118,68.44812074123516
3.0,0.8726646259971651,3830.0867059334246,68.70833794919297,1898.7293753178394,68.68644800955988,581.3812118709477,68.63281759149068
-3.0,0.9225311760541457,1593.3847181841427,67.65906114911556,813.7876682264483,67.6377123365547,248.96766875732456,67.37287707396769
-2.6658714488230206,0.9225311760541457,1284.1320167571657,67.22090079250896,645.6351819334517,67.14455677954219,199.56304877587414,66.74799931081591
-2.368956860549917,0.9225311760541457,1028.1917438309754,66.65427326165198,517.1722552543898,66.53866153339456,159.39097533809414,65.86734388520213
-2.1051114860111477,0.9225311760541457,816.1701177767779,65.90787011856602,412.410169517456,65.74372029570407,128.856617741583,64.6782499892389
-1.8706522023821734,0.9225311760541457,650.5891984171238,64.97437956514415,328.48199714805224,64.70547641305649,102.32468352133837,62.73229099209292
-1.6623060990028473,0.9225311760541457,515.1098004137838,63.74417721007842,260.242052812827,63.30659439940674,81.34910595318246,59.60522843309017
-1.4771647895120215,0.9225311760541457,407.58216208362325,62.153728610999046,205.74256467814598,61.41850546318488,64.24764493833987,54.454958040916665
-1.3126438125222553,0.9225311760541457,322.06647944326687,60.0809495820236,162.67025567336344,58.85846901406098,50.97250100549808,47.504041869074214
-1.166446554092426,0.9225311760541457,254.21710743471374,57.36954533135204,128.46242626070688,55.330486237084976,40.25962393458723,39.438469033620876
-1.0365321883776653,0.9225311760541457,200.7789894578986,53.84266215466897,101.49926652654385,50.521059742887154,31.81941394441586,31.438832933335988
-0.9210871889273549,0.9225311760541457,158.71006394706765,49.287944811193704,80.23986317632968,44.22235809870754,25.179364175397808,24.177757782957602
-0.8185000129460304,0.9225311760541457,125.83750435859915,43.583572393847305,63.6347210079072,36.755259244139694,19.97257467281567,17.98128144349202
-0.7273386051246984,0.9225311760541457,100.23105832758388,36.808364001159234,50.668900839076315,28.88564364652433,15.927801556327253,12.964697388938486
-0.6463304070095649,0.9225311760541457,80.29803619203383,29.37179836954465,40.62446529235146,21.50866818975139,12.75541127241014,9.007133554423124
-0.5743445928509872,0.9225311760541457,64.77623121771488,21.95380837964823,32.7534843109992,15.102312540020389,10.290640847956846,6.013694987794247
-0.5103762839557767,0.9225311760541457,52.447156119663454,15.105531464236222,26.526528542344,9.873643804365349,8.329241552264499,3.7731764994555252
-0.4535325211846986,0.9225311760541457,42.39099390841584,9.197244559086647,21.445392016648988,5.7631608897236175,6.731279147471904,2.1308019023476956
-0.40301979977966995,0.9225311760541457,33.975720680865216,4.50214319912481,17.18661191945948,2.7209593387188087,5.39321228763564,0.9786663708793018
-0.35813299251433084,0.9225311760541457,26.98442924088879,1.3755594472257295,13.648393723715284,0.8064984998695204,4.28328586707076,0.28389270869878014
-0.3182455065418344,0.9225311760541457,21.407177699948363,0.055935866014045425,10.82543866276007,0.03186549855824778,3.398862706452063,0.011223607917977439
-0.2828005365353655,0.9225311760541457,17.18227165639319,0.39150623235649434,8.688955978662586,0.22024353428991522,2.728261345445694,0.07444035191846322
-0.2513032920204875,0.9225311760541457,14.147023271640142,1.8531617614231797,7.153759408267573,1.0280051445205036,2.2464167636774173,0.34532340934544226
-0.22331409039755062,0.9225311760541457,12.090268123893756,3.7478212242069313,6.111804956471164,2.061739668922167,1.9228991253566066,0.6838284288907737
-0.19844221923690444,0.9225311760541457,10.80406616337694,5.4570587769604595,5.459577770244908,2.9868041383090893,1.7229903425705337,0.9791590441595011
-0.17634048216824733,0.9225311760541457,10.105503741843997,6.60132724641176,5.106646255538663,3.600432106442541,1.6143551809210346,1.1742213186967416
-0.15670035222800524,0.9225311760541457,9.844411493151187,7.074226192983696,4.976207125434296,3.8504076320151936,1.5722133533517983,1.257404975349522
-0.13924766500838334,0.9225311760541457,9.900378790019465,6.970651454927262,5.006707719261415,3.7907655529311515,1.5787057219298124,1.2442992417218444
-0.12373879148704055,0.9225311760541457,10.179584864525886,6.471825004608899,5.149327517349235,3.5214670761730056,1.6205718169912207,1.1623209909276155
-0.10995723711238882,0.9225311760541457,10.609288518663284,5.759314113824487,5.367318061256299,3.1388168736533837,1.687258262408096,1.0403804269403156
-0.09771061966979347,0.9225311760541457,11.134810300545261,4.971579772540416,5.6329890261367614,2.7161106183302213,1.7701399657285148,0.9025177215395912
-0.0868279837415025,0.9225311760541457,11.71520988233457,4.198329128744735,5.925919147022598,2.3004490240345974,1.8624284326343226,0.765261307568227
-0.07715741427178036,0.9225311760541457,12.320401764730015,3.4891571392928347,6.231277128427721,1.9178913750620377,1.9590315021732665,0.6381709303470773
-0.06856391592404971,0.9225311760541457,12.92881044154501,2.8658861814179533,6.538316805792009,1.580285948091866,2.0561771196890297,0.5258217765814029
-0.06092752862714207,0.9225311760541457,13.525250688107525,2.3334429269953927,6.839417866409148,1.29065282155065,2.151288450610886,0.42944156900597136
-0.0541416530048151,0.9225311760541457,14.099330217430126,1.8874670227680643,7.129364053573177,1.0470223919254154,2.2426697414563734,0.3484177011130347
-0.04811156231253989,0.9225311760541457,14.644277950099891,1.5191265965343534,7.404741989053263,0.8449705251572539,2.32924072053096,0.2812726648906584
-0.04275308010908995,0.9225311760541457,15.156033022886719,1.217997312116354,7.663476186774571,0.67914561765889,2.4103795437850093,0.22619943474403412
-0.0379914052040221,0.9225311760541457,15.632527720817796,0.9736681531508078,7.904482888247246,0.5441213858873981,2.4857988539578613,0.18136454256822687
-0.03376006747802295,0.9225311760541457,16.073135187883807,0.7765487568600069,8.127407451885643,0.43483776878606833,2.55544194901845,0.14506787000167096
-0.03,0.9225311760541457,16.478251557925507,0.6182053554713043,8.332420728595155,0.34679917547549466,2.6194068678318216,0.11580948478709532
0.03,0.9225311760541457,24.67649107647028,0.6535623855040724,12.478445597874536,0.3786641998682602,3.9121127162676834,0.13097959302755588
0.03376006747802295,0.9225311760541457,25.298722732470566,0.8274003360911346,12.792418327645171,0.4805161289258818,4.010450224582035,0.16666717310999601
0.0379914052040221,0.9225311760541457,26.014125126257756,1.0469729556421432,13.153280384615586,0.6096958665202391,4.123515667391489,0.21211787838447252
0.04275308010908995,0.9225311760541457,26.838370467993823,1.32396578288372,13.568902003662537,0.7734501579467289,4.253763727969529,0.26999189376304744
0.04811156231253989,0.9225311760541457,27.790128900804618,1.6728316039763835,14.048673225496543,0.9808860739787193,4.404101923303911,0.3436554416361924
0.0541416530048151,0.9225311760541457,28.891703358976788,2.1113153741745996,14.603842419160724,1.2434125967416925,4.577975089899579,0.43735201664024564
0.06092752862714207,0.9225311760541457,30.169812623172238,2.661004858679303,15.247938473569286,1.575266385843085,4.779465565412056,0.5564062400680737
0.06856391592404971,0.9225311760541457,31.656568721640973,3.3478645937524227,15.997299253689473,1.9941257680577378,5.013431802602013,0.707475998112049
0.07715741427178036,0.9225311760541457,33.390703834900165,4.202678960798009,16.87174552620353,2.5218151147788754,5.285719657169138,0.8988843465915716
0.0868279837415025,0.9225311760541457,35.41909933038033,5.26127490835675,17.895460403040218,3.185098816265541,5.603446129666605,1.1410484303052677
0.09771061966979347,0.9225311760541457,37.79871203682248,6.564339174383294,19.098106451895152,4.016518283675905,5.975397430383455,1.4470533864749555
0.10995723711238882,0.9225311760541457,40.59918765204776,8.1566579176433,20.516119841186384,5.05509467884846,6.412783086205973,1.833611682111181
0.12373879148704055,0.9225311760541457,43.90654998726698,10.085554931383514,22.19419841582086,6.3466592323647175,6.930210856839479,2.322379613810835
0.13924766500838334,0.9225311760541457,47.827912505981544,12.397867707928938,24.18711652857214,7.943541721519713,7.546664342405094,2.941411298751174
0.15670035222800524,0.9225311760541457,52.4975341266468,15.13479330367996,26.561286618035236,9.902619967889011,8.286243963671756,3.726339705701282
0.17634048216824733,0.9225311760541457,58.08448035998264,18.32383180888368,29.396209126236446,12.281104664275173,9.17668939429056,4.718712932341391
0.19844221923690444,0.9225311760541457,64.79819508436726,21.96532539946677,32.78681872359049,15.130192983882644,10.24562166788938,5.960442427688429
0.22331409039755062,0.9225311760541457,72.89057932619546,26.015005465534365,36.84838542997073,18.487287762591013,11.517044000989122,7.486970754867081
0.2513032920204875,0.9225311760541457,82.64964291224746,30.367352616256333,41.72913064717765,22.36972846147696,13.020050802482404,9.334848058635592
0.2828005365353655,0.9225311760541457,94.39889626049313,34.8581541275076,47.629575170983394,26.7658341664375,14.822006520134906,11.581127696115205
0.3182455065418344,0.9225311760541457,108.54025157663985,39.30210293027456,54.81201309068307,31.6079141736646,17.055823419991484,14.3739281537407
0.35813299251433084,0.9225311760541457,125.6839887643201,43.550238040728736,63.56584518008631,36.718444312239825,19.841989385807825,17.821399059359283
0.40301979977966995,0.9225311760541457,146.75945293161593,47.504294067686466,74.15785588193326,41.79594897731093,23.14363332280541,21.800583836013516
0.4535325211846986,0.9225311760541457,172.74886795360416,51.06370017866645,86.97028222213449,46.54825128776975,27.013403128695995,26.262045137240385
0.5103762839557767,0.9225311760541457,204.18203100026733,54.1257442362742,102.83625427230149,50.82708222661978,32.01760618875569,31.64297211227288
0.5743445928509872,0.9225311760541457,242.15231236892134,56.71717701875265,122.62568281435723,54.49360548385347,38.18566037508153,37.60646907377496
0.6463304070095649,0.9225311760541457,290.096789168388,58.97102796540908,146.42628540387494,57.4241792753036,45.361352136771124,43.56965450680152
0.7273386051246984,0.9225311760541457,349.18523287562607,60.854514044674545,175.808777831984,59.794566664902916,54.867208795238895,49.8721919072717
0.8185000129460304,0.9225311760541457,419.3476146084026,62.369534915357505,212.35858826395568,61.70697618607059,65.45289816468258,54.939368645510676
0.9210871889273549,0.9225311760541457,510.5638100626072,63.69107726070917,256.18675778433163,63.1970971138721,80.03888111289889,59.320091124928766
1.0365321883776653,0.9225311760541457,617.2710462618215,64.7237461403604,313.36148812161485,64.4533079714115,96.10014226038315,62.02394401503256
1.166446554092426,0.9225311760541457,756.808866256208,65.62162188329381,378.5082954069557,65.38435654693981,117.95102841542104,64.03362853489129
1.3126438125222553,0.9225311760541457,917.7841013305663,66.3097334760408,465.37511347464033,66.19335541565025,143.08691405106623,65.31835830985008
1.4771647895120215,0.9225311760541457,1132.567689257733,66.91692764951958,567.6968222484007,66.81146479097754,174.6355019694335,66.26229833162212
1.6623060990028473,0.9225311760541457,1376.697580852401,67.3730545519991,692.47767241985,67.30707387455936,215.67814046917206,66.98977317086874
1.8706522023821734,0.9225311760541457,1689.489662551028,67.76209077082575,859.6659734452174,67.73757242162378,263.5145116630555,67.50499625844539
2.1051114860111477,0.9225311760541457,2089.6963673103737,68.08805625443411,1045.199319448858,68.04939472895663,319.89441215190436,67.88903344347372
2.368956860549917,0.9225311760541457,2552.401560964127,68.33630552040796,1288.7633974577468,68.31924912637626,389.1916574829866,68.19317916783857
2.6658714488230206,0.9225311760541457,3164.502758119765,68.55231117483748,1570.549240927579,68.52501209800641,482.8173099110015,68.45448427888849
3.0,0.9225311760541457,3853.1395081521273,68.71277006327904,1910.1917394327716,68.69106814109256,584.8816481064323,68.63797605930581
-3.0,0.9723977261111267,1596.069465584038,67.6621103569365,815.1297813315233,67.64079923602205,249.38247395520827,67.37689448233934
-2.6658714488230206,0.9723977261111267,1286.3844046261033,67.22486791779538,646.7660713667844,67.14877088524665,199.9129844298204,66.75375770032105
-2.368956860549917,0.9723977261111267,1030.094319878432,66.65954824744915,518.1278784046211,66.54434465411163,159.6881468734307,65.87598655819454
-2.1051114860111477,0.9723977261111267,817.7942584110143,65.91510121382242,413.2247519413482,65.75157457894446,129.10970550796185,64.69138031798703
-1.8706522023821734,0.9723977261111267,651.9874800746979,64.98431829225703,329.18375647040756,64.71656356528686,102.54368103477755,62.7548038294406
-1.6623060990028473,0.9723977261111267,516.3348730670552,63.75831999586153,260.85673247030945,63.32285858809916,81.54105325466766,59.645814362564366
-1.4771647895120215,0.9723977261111267,408.67418630192407,62.174309070272095,206.29081406927105,61.443217654182405,64.41934055692916,54.52530775964797
-1.3126438125222553,0.9723977261111267,323.0606978226225,60.11174093563641,163.16938281290035,58.89726657590657,51.128674640407965,47.60461436657923
-1.166446554092426,0.9723977261111267,255.14400214174026,57.41695563629362,128.92777486643124,55.39341563462569,40.40540375441082,39.56392397567603
-1.0365321883776653,0.9723977261111267,201.66453224231245,53.91729549964228,101.94397915382997,50.62382475045866,31.95881472796721,31.582496034390946
-0.9210871889273549,0.9723977261111267,159.57608672795124,49.406735744358095,80.67532558127644,44.383742237187995,25.31578231052717,24.334722126326476
-0.8185000129460304,0.9723977261111267,126.69912356932073,43.76927618900389,64.06834857276384,36.98584947682992,20.108460657581954,18.147460262382094
-0.7273386051246984,0.9723977261111267,101.09219074574328,37.081833958703385,51.10378123664167,29.18053087775766,16.06347031726777,13.134388680770485
-0.6463304070095649,0.9723977261111267,81.14367053133903,29.733645178609258,41.051288765480884,21.842683772081116,12.889018471911012,9.172485263055755
-0.5743445928509872,0.9723977261111267,65.55803579440197,22.362061025250476,33.14984060812766,15.433553429636257,10.414230491976472,6.160230145981852
-0.5103762839557767,0.9723977261111267,53.08746105434024,15.476881147613081,26.851548825820455,10.144848354614604,8.4306415648982,3.884102668331659
-0.4535325211846986,0.9723977261111267,42.81636065162736,9.445963325744104,21.66099268282146,5.930069597713665,6.7983026379986455,2.19486033903664
-0.40301979977966995,0.9723977261111267,34.183154324671,4.609528324669687,17.291849036678013,2.7885168190171203,5.426153317540992,1.0035658510941232
-0.35813299251433084,0.9723977261111267,27.043158197977796,1.3965093247699882,13.678141758190977,0.8190041774045527,4.2926654495956384,0.2883680302560092
-0.3182455065418344,0.9723977261111267,21.393221136949105,0.0547125890880078,10.81847145942319,0.031174209503434018,3.396854595482071,0.011001670491491129
-0.2828005365353655,0.9723977261111267,17.14243626757025,0.4027720208804839,8.669035154818856,0.22646622790938545,2.7221226732984602,0.07650297720439146
-0.2513032920204875,0.9723977261111267,14.10278817855551,1.8849660106885304,7.131575449839646,1.045289312417334,2.2395421869751364,0.35101382073746695
-0.22331409039755062,0.9723977261111267,12.049606839194102,3.794899612025159,6.0913399824703935,2.087117483478599,1.916630477993445,0.6919736827981477
-0.19844221923690444,0.9723977261111267,10.769114551509546,5.510382516131298,5.4419737332193385,3.0153704818355407,1.7176596929072343,0.988116966008746
-0.17634048216824733,0.9723977261111267,10.076199311643606,6.653115978950018,5.091924592434016,3.6279873940223046,1.6099058370296964,1.1827961596504744
-0.15670035222800524,0.9723977261111267,9.820026207438302,7.119738356126654,4.9640010349891135,3.8744834755810977,1.5685008352835423,1.2649476801303872
-0.13924766500838334,0.9723977261111267,9.880072069720955,7.0080903548150495,4.9965726159155155,3.8105023194573517,1.575595142566933,1.2505649515677741
-0.12373879148704055,0.9723977261111267,10.162592983380515,6.501350126485176,5.140858746531043,3.5370267197630265,1.6179536870677558,1.1673214071016649
-0.10995723711238882,0.9723977261111267,10.594976870823356,5.78201825127694,5.360184769534733,3.1508095216625636,1.6850442458774681,1.0442658726485465
-0.09771061966979347,0.9723977261111267,11.122670557433349,4.988801529046435,5.626931555734746,2.725246201018061,1.7682579161585985,0.9054894816503151
-0.0868279837415025,0.9723977261111267,11.704840875517084,4.211313133143105,5.920736939793492,2.307373188641244,1.8608195248457557,0.7675168409847702
-0.07715741427178036,0.9723977261111267,12.31148885583773,3.4989323998107427,6.226815194742633,1.923133578356149,1.9576482523546197,0.6398788829294865
-0.06856391592404971,0.9723977261111267,12.921106458644111,2.873255005105582,6.534454150705286,1.5842593838473136,2.0549813949988436,0.5271164843504826
-0.06092752862714207,0.9723977261111267,13.518559965877644,2.3390127700983077,6.836058826352034,1.29367182677454,2.1502497656565533,0.43042579477594
-0.0541416530048151,0.9723977261111267,14.093496241329568,1.8916913946226275,7.126431994828915,1.0493230929901476,2.2417636704738,0.3491685574992186
-0.04811156231253989,0.9723977261111267,14.63917410196405,1.522342158284824,7.402174715371002,0.8467294172209767,2.328447543090188,0.28184762289355425
-0.04275308010908995,0.9723977261111267,15.151555693661376,1.2204537830773754,7.661222590460869,0.6804945491428978,2.409683182740205,0.22664128559598934
-0.0379914052040221,0.9723977261111267,15.62859118232769,0.9755511416511944,7.902500499367079,0.5451590319893804,2.485186060608542,0.18170522293691072
-0.03376006747802295,0.9723977261111267,16.069667766712083,0.7779967145022395,8.125660626809665,0.43563820534037095,2.5549016835992546,0.14533131891420015
-0.03,0.9723977261111267,16.475192767572285,0.6193220028970235,8.330879292678327,0.3474182175571975,2.6189298334787883,0.11601373888880015
0.03,0.9723977261111267,24.679400002787634,0.6543359991406975,12.479920484001898,0.37911869579793894,3.912574114465498,0.13113837086698008
0.03376006747802295,0.9723977261111267,25.301999279307797,0.8283591130101644,12.794080829751753,0.4810821582389121,4.010970343651144,0.1668656243057604
0.0379914052040221,0.9723977261111267,26.01781822199232,1.0481583150807277,13.155155884698068,0.6103996457310533,4.124102418233459,0.2123656135552696
0.04275308010908995,0.9723977261111267,26.84253678841575,1.3254273581406282,13.57102001185262,0.774323701507702,4.254426303988721,0.2703007709797599
0.04811156231253989,0.9723977261111267,27.79483462761213,1.6746285132238419,14.051068314042631,0.9819683809221642,4.404851107098841,0.34404008884479
0.0541416530048151,0.9723977261111267,28.89702651536065,2.1135175721878254,14.606555433901525,1.2447510598832898,4.578823670046732,0.4378304927571948
0.06092752862714207,0.9723977261111267,30.17584620855722,2.6636945315212563,15.2510181087453,1.576918455790326,4.780428908270689,0.5570008866625
0.06856391592404971,0.9723977261111267,31.663424947851894,3.3511375290390983,16.000804096915136,1.996160895633395,5.014528629576492,0.7082145549737648
0.07715741427178036,0.9723977261111267,33.39851986501735,4.206645764875759,16.87574670026534,2.524316968893786,5.286973071595779,0.8998014206039198
0.0868279837415025,0.9723977261111267,35.42804502661208,5.266061809630289,17.900044953987717,3.1881677160594126,5.604884931154925,1.1421874040896747
0.09771061966979347,0.9723977261111267,37.809000275695546,6.570087874179677,19.103381703973138,4.020273692423202,5.97705770819128,1.4484688081163812
0.10995723711238882,0.9723977261111267,40.611087664124426,8.16352340894788,20.52221913819882,5.059677518744817,6.4147098998644205,1.8353720094832462
0.12373879148704055,0.9723977261111267,43.92040400163657,10.093699354336655,22.20128895729617,6.352233699009098,6.932459813484738,2.3245699708301726
0.13924766500838334,0.9723977261111267,47.84415594207504,12.407447339615882,24.195410430315555,7.950296177406854,7.549303124650305,2.94413587258635
0.15670035222800524,0.9723977261111267,52.51671914953034,15.145934876930859,26.57105747825896,9.910766668550146,8.289354646709809,3.7297240715532465
0.17634048216824733,0.9723977261111267,58.10730384877848,18.336595566637875,29.407816893894225,12.290877462067233,9.180375000145514,4.72290937430562
0.19844221923690444,0.9723977261111267,64.82553956326372,21.97965997587866,32.80074379634148,15.14183854435662,10.250022128368977,5.965644674451191
0.22331409039755062,0.9723977261111267,72.9235832486388,26.030710340901113,36.86526816046458,18.501038542637453,11.522363288422492,7.493441886681409
0.2513032920204875,0.9723977261111267,82.68982851217717,30.384075787146806,41.74980251477405,22.38573474062941,13.026578858833064,9.342941886722137
0.2828005365353655,0.9723977261111267,94.44835841830216,34.875434857478865,47.655072046241735,26.78404038491378,14.830098250114457,11.591248785453034
0.3182455065418344,0.9723977261111267,108.60182673494792,39.31942147186827,54.84360610784517,31.62792132025221,17.065840889224443,14.38642058529863
0.35813299251433084,0.9723977261111267,125.76123651456669,43.56702100822722,63.6051990857401,36.73948578092903,19.854366664817732,17.836560930347677
0.40301979977966995,0.9723977261111267,146.8565119521501,47.51994959385715,74.20733494363687,41.817042427719244,23.159167511125897,21.818961432078456
0.4535325211846986,0.9723977261111267,172.8709210836259,51.07783950304641,87.03299830519286,46.56830951056699,27.033202416841103,26.284233077753132
0.5103762839557767,0.9723977261111267,204.33674409860367,54.138377852356165,102.91556636666513,50.844962280046545,32.04248235706247,31.668540880973108
0.5743445928509872,0.9723977261111267,242.34970902062958,56.72840654543241,122.72566448278401,54.50872276996048,38.21698887782561,37.63479752833372
0.6463304070095649,0.9723977261111267,290.3469085514917,58.98072027776205,146.5535203675759,57.43687435140565,45.40136567625641,43.59995285088388
0.7273386051246984,0.9723977261111267,349.5023783634881,60.862810653183814,175.97046267807036,59.80507419635954,54.91744816513785,49.90086428406954
0.8185000129460304,0.9723977261111267,419.7526341070361,62.376737688193124,212.56334279623144,61.715576151044445,65.51726347207244,54.9646261506809
0.9210871889273549,0.9723977261111267,511.0755345469559,63.69710374660293,256.4474759648561,63.20425368683751,80.11951412366626,59.3380555568763
1.0365321883776653,0.9723977261111267,617.9219804774036,64.72891119601124,313.68961229668105,64.45906417698794,96.20285666533199,62.03681109109901
1.166446554092426,0.9723977261111267,757.6294155252779,65.62589384982672,378.9253856067339,65.3892008912703,118.07992994465991,64.04227021466286
1.3126438125222553,0.9723977261111267,918.8238381928612,66.31337426277165,465.8990553525918,66.1972584766214,143.2494596969182,65.32467028763901
1.4771647895120215,0.9723977261111267,1133.872071150654,66.91989767433657,568.3566589639374,66.81468917291349,174.8395009925038,66.26698838613649
1.6623060990028473,0.9723977261111267,1378.341537055788,67.3755688727702,693.3070516962188,67.30974470464311,215.93248676107976,66.99324000309508
1.8706522023821734,0.9723977261111267,1691.5485543590737,67.76416809216819,860.6993179685321,67.739694678185,263.83216233639985,67.5076927296082
2.1051114860111477,0.9723977261111267,2092.260914437866,68.0897382967041,1046.4920605974382,68.05116824666555,320.29050999017187,67.89119272474527
2.368956860549917,0.9723977261111267,2555.597221514037,68.33770450398598,1290.3693939242,68.32068245777862,389.68318750638366,68.19491142613994
2.6658714488230206,0.9723977261111267,3168.460816530577,68.55343427168594,1572.5428583896598,68.52620010941492,483.42260622412425,68.45581859329621
3.0,0.9723977261111267,3858.041206309666,68.71370558831609,1912.6567537033275,68.69205436488801,585.6274052787239,68.63906658612314
-3.0,1.0222642761681073,1590.637585718662,67.65593027083094,812.3233720392325,67.63433233758451,248.52989003687617,67.36862011818437
-2.6658714488230206,1.0222642761681073,1282.0882318930085,67.21728879109266,644.6048351067951,67.1407038422195,199.2463891938782,66.74276706700986
-2.368956860549917,1.0222642761681073,1026.7524972193244,66.65026959113732,516.4458900648665,66.53432690019126,159.17364994390644,65.86099659532054
-2.1051114860111477,1.0222642761681073,815.2619339671238,65.9038137280206,411.9383782682257,65.73915595159673,128.70665374336778,64.67043522894345
-1.8706522023821734,1.0222642761681073,650.0816885041872,64.97076132997485,328.21687283954896,64.70127416907624,102.24338571282588,62.72389558661678
-1.6623060990028473,1.0222642761681073,514.9604840223939,63.74244863593504,260.157567616466,63.30435222128757,81.32254892300365,59.59958970848308
-1.4771647895120215,1.0222642761681073,407.73094309106773,62.156539382429905,205.81139201783463,61.421616135371025,64.27045552804472,54.46433031131993
-1.3126438125222553,1.0222642761681073,322.4740897072631,60.09359776659089,162.86973520654092,58.8740081501397,51.0346202965387,47.54410234992388
-1.166446554092426,1.0222642761681073,254.8565197643887,57.40229023193536,128.77910902256116,55.37336923510846,40.35882564933625,39.523887289170034
-1.0365321883776653,1.0222642761681073,201.63016967706082,53.914412312008125,101.92330638236093,50.619069359288204,31.952371925951628,31.575864541437852
-0.9210871889273549,1.0222642761681073,159.7593552207709,49.431706622589004,80.76543492306037,44.416940280437146,25.34379670371016,24.366918241329962
-0.8185000129460304,1.0222642761681073,127.06651166237201,43.847748300735184,64.25196024287854,37.08287183421639,20.16584251972997,18.217573991894028
-0.7273386051246984,1.0222642761681073,101.60399655951964,37.24266302929405,51.362435490401815,29.354910040716334,16.143446514743694,13.234402873779258
-0.6463304070095649,1.0222642761681073,81.74110943969067,29.986680161890103,41.35268900270977,22.07755441885905,12.983130573615353,9.289080988799887
-0.5743445928509872,1.0222642761681073,66.14471160529949,22.666108964016622,33.44799178809258,15.682317582434095,10.506738558807863,6.270231943010071
-0.5103762839557767,1.0222642761681073,53.544094337451895,15.740923124800535,27.083987291821696,10.339121939685663,8.502834857259609,3.9634726741322677
-0.4535325211846986,1.0222642761681073,43.05621989217878,9.586438812158235,21.78276539764881,6.024743091377342,6.835796750209656,2.2309142584963793
-0.40301979977966995,1.0222642761681073,34.22130314647947,4.629343378555166,17.311421960663477,2.8011354681530434,5.4322063266459875,1.0081637073700684
-0.35813299251433084,1.0222642761681073,26.965742627703758,1.368918008940312,13.638972759018406,0.8025536598675758,4.280435533344517,0.28253831285409514
-0.3182455065418344,1.0222642761681073,21.277607903625462,0.04507533045337521,10.760073495615524,0.025665855513773733,3.3787317778459287,0.009095233834789261
-0.2828005365353655,1.0222642761681073,17.02995592015926,0.4355676285613329,8.612382744874038,0.2446985805897458,2.7044691002679246,0.08261083307821329
-0.2513032920204875,1.0222642761681073,14.008843624923227,1.9536809843192855,7.084258373700295,1.082774887130508,2.2247893011663704,0.36342518997414613
-0.22331409039755062,1.0222642761681073,11.976972382625872,3.880047006549336,6.054707099586193,2.1330939641096722,1.9053001698544088,0.70686718355515
-0.19844221923690444,1.0222642761681073,10.715691329293136,5.592654437741054,5.415031647185926,3.0594884044230666,1.7094082531770882,1.0021033285476355
-0.17634048216824733,1.0222642761681073,10.038529827089409,6.720159997055271,5.07297910255798,3.6636915887330774,1.604133531326122,1.1939927269567925
-0.15670035222800524,1.0222642761681073,9.794688816155942,7.167276304623906,4.951322004711219,3.8996187674546676,1.564636332466027,1.2728368674110424
-0.13924766500838334,1.0222642761681073,9.864114138236973,7.037624297742989,4.988644001377325,3.825998917343649,1.573171534490191,1.2554639837799717
-0.12373879148704055,1.0222642761681073,10.153613107930804,6.516996374251528,5.136447117417943,3.5451533875617827,1.6166039310111626,1.1699058032563923
-0.10995723711238882,1.0222642761681073,10.591087728855637,5.788199909459235,5.358325561565395,3.1539409822352757,1.6844815125903454,1.0452551694190846
-0.09771061966979347,1.0222642761681073,11.122417004633299,4.989161701077789,5.626887273739879,2.7253130685212974,1.7682592341508434,0.905487398036282
-0.0868279837415025,1.0222642761681073,11.707116748101932,4.208460803933886,5.921951545005781,2.3057489636240085,1.8612134133435643,0.7669642118450507
-0.07715741427178036,1.0222642761681073,12.315463477115596,3.494570838644413,6.228873197279611,1.9207144499231967,1.9583047077713662,0.6390679401489889
-0.06856391592404971,1.0222642761681073,12.926162530189545,2.868417434448531,6.537047579435278,1.5815908317081833,2.0558034920196095,0.5262261050270693
-0.06092752862714207,1.0222642761681073,13.524243600329498,2.3342807345471472,6.838961481747812,1.2910627343153713,2.151166295128634,0.42955724384792887
-0.0541416530048151,1.0222642761681073,14.099477870461177,1.8873601869616308,7.129479607092892,1.0469317866767684,2.2427231114521065,0.3483735055610284
-0.04811156231253989,1.0222642761681073,14.645218204398374,1.5185346805027127,7.405249785420862,0.8446228941951993,2.329413312803224,0.281147652366313
-0.04275308010908995,1.0222642761681073,15.157497499667318,1.217194496785765,7.6642428406131025,0.6786870958490056,2.410629901568746,0.22604070654959907
-0.0379914052040221,1.0222642761681073,15.634318848250468,0.972812122035811,7.9054100606803,0.5436364803663359,2.4860966651398324,0.18119911221280477
-0.03376006747802295,1.0222642761681073,16.075108788958648,0.7757253185676578,8.128423306356996,0.43437267820859105,2.5557652413441403,0.14491035639722522
-0.03,1.0222642761681073,16.480303653121656,0.6174568739070798,8.33347343401277,0.34637677476591205,2.6197399026192256,0.1156670098192251
0.03,1.0222642761681073,24.670073771157956,0.6518570673941587,12.47521270091031,0.37766876875437555,3.9111049521702648,0.13063308730736095
0.03376006747802295,1.0222642761681073,25.2912200463294,0.8252065850711691,12.788642011714474,0.4792314377111273,4.009272243140787,0.16621808545223682
0.0379914052040221,1.0222642761681073,26.00533038677555,1.0441522263437122,13.14885811733662,0.6080377119768855,4.122135168251795,0.21153548452403056
0.04275308010908995,1.0222642761681073,26.828034112657058,1.3203422997949128,13.563710174516292,0.7713104907915459,4.252141813876785,0.2692364005129782
0.04811156231253989,1.0222642761681073,27.77794938019855,1.6681839540434826,14.042562640028342,0.9781268287677793,4.402191784622326,0.3426755036202477
0.0541416530048151,1.0222642761681073,28.877316256386074,2.1053672465638966,14.596632816683885,1.2398582841602015,4.575720494751956,0.43608172463583394
0.06092752862714207,1.0222642761681073,30.152777716426648,2.6534155439932743,15.239411845113775,1.5706953990130723,4.776799155520424,0.5547615578349855
0.06856391592404971,1.0222642761681073,31.636354673142236,3.3382203771982883,15.987191668068933,1.9882604753429756,5.010273138228958,0.7053506148692492
0.07715741427178036,1.0222642761681073,33.36667014484126,4.190487292540967,16.859737045996866,2.5143109869632054,5.281972837625793,0.896144836049284
0.0868279837415025,1.0222642761681073,35.390475103327994,5.245964243486778,17.88116248841421,3.1755330944148032,5.5989967450552225,1.1375285523675358
0.09771061966979347,1.0222642761681073,37.76457073934303,6.545268485976653,19.08104620615082,4.004379266934615,5.970108311088917,1.4425470936266853
0.10995723711238882,1.0222642761681073,40.55841582693208,8.133140635906827,20.4957208457193,5.039774028757922,6.406487294624838,1.8278631997785753
0.12373879148704055,1.0222642761681073,43.857806156587436,10.056902546702585,22.16975836056058,6.327451599177537,6.922700467621093,2.315068801362221
0.13924766500838334,1.0222642761681073,47.769571639065184,12.363459308789789,24.157782506744077,7.919658601692394,7.5376745726197845,2.93213370314401
0.15670035222800524,1.0222642761681073,52.42761070067322,15.094176594523274,26.52603258807061,9.87323039910764,8.275435088349942,3.714584809697562
0.17634048216824733,1.0222642761681073,58.000525237868096,18.27686031350377,29.35382106351713,12.245418006236134,9.163640039342566,4.703860222010454
0.19844221923690444,1.0222642761681073,64.6971859491011,21.912337356558208,32.73588621026927,15.087592135183444,10.229853045220107,5.941806051728564
0.22331409039755062,1.0222642761681073,72.76885114282217,25.9570233914029,36.78728137669858,18.437502844702863,11.498079365084044,7.463904353928175
0.2513032920204875,1.0222642761681073,82.50294365982884,30.306221795021738,41.655922396887114,22.313011075963658,12.997434774039833,9.306811029542517
0.2828005365353655,1.0222642761681073,94.22256224328963,34.79644188341736,47.54181674689645,26.70311567276958,14.795114267615348,11.54749202074312
0.3182455065418344,1.0222642761681073,108.32917351018983,39.24261131209262,54.706521062111044,31.541025828870072,17.02347904078745,14.333589272839847
0.35813299251433084,1.0222642761681073,125.43167512663607,43.4952869511667,63.43885080162269,36.650428354699315,19.80260842757254,17.773147659126032
0.40301979977966995,1.0222642761681073,146.45633596853227,47.45526913959361,74.0056516146134,41.73091800590818,23.09639747993983,21.744680291181872
0.4535325211846986,1.0222642761681073,172.38281472187882,51.0211703846852,86.78880506403354,46.49005053323634,26.95781779586019,26.199717343854374
0.5103762839557767,1.0222642761681073,203.7429041634784,54.08977560999582,102.61814958159054,50.77775640422155,31.950181187101983,31.573609458751225
0.5743445928509872,1.0222642761681073,241.62933371061027,56.687331506445,122.36092207488488,54.45343494252008,38.103726622150845,37.53228659143017
0.6463304070095649,1.0222642761681073,289.46375888640614,58.94641809711404,146.10895270445482,57.39240355962731,45.264439257974864,43.496136907975746
0.7273386051246984,1.0222642761681073,348.4180838567794,60.834379207968055,175.42690964981736,59.76966027108058,54.747687851642404,49.8037907384398
0.8185000129460304,1.0222642761681073,418.43427427902583,62.35323851419381,211.89547212302162,61.68745449280126,65.31295955540806,54.884243569648476
0.9210871889273549,1.0222642761681073,509.44324478490427,63.67783644464835,255.63296183252572,63.181841339853136,79.8643034449184,59.28100513169298
1.0365321883776653,1.0222642761681073,615.9316712849806,64.71308280648394,312.6769455537225,64.44125638973976,95.89474606632758,61.99808370489522
1.166446554092426,1.0222642761681073,755.1560875487227,65.6129880883417,377.69583183113474,65.37488681522413,117.69585648615393,64.01643949067167
1.3126438125222553,1.0222642761681073,915.8095672698959,66.30279601980763,464.3675529292965,66.18582325841001,142.78034766215052,65.30640043228445
1.4771647895120215,1.0222642761681073,1130.1061483352807,66.91130374843598,566.4756579209085,66.80547650483086,174.26221353210235,66.25367997294663
1.6623060990028473,1.0222642761681073,1373.7499215417133,67.36853097260564,691.0004936854508,67.3023003645094,215.21029187299374,66.98337039295518
1.8706522023821734,1.0222642761681073,1685.8746399808338,67.7584309379183,857.7980473130378,67.7337226842165,262.9440900549765,67.5001350918151
2.1051114860111477,1.0222642761681073,2085.1709365437987,68.0850778925394,1042.9565711805549,68.04630715724515,319.20927321465916,67.88528423943067
2.368956860549917,1.0222642761681073,2546.9028817689814,68.33389003447496,1285.972484902104,68.31674955512193,388.36238456211265,68.19024569617414
2.6658714488230206,1.0222642761681073,3157.5685961525896,68.55033677055238,1567.1671956849725,68.52298966586116,481.7627725796139,68.45215102332114
3.0,1.0222642761681073,3844.7428339180647,68.71116191812663,1906.1000100766655,68.68942536716042,583.6111647956004,68.63611139822804
-3.0,1.0721308262250884,1577.166885615055,67.6404175696835,805.408060339865,67.61819749045331,246.42215257775396,67.34787597399142
-2.6658714488230206,1.0721308262250884,1271.3106577711485,67.19804575619489,639.1851921521993,67.12022292429144,197.57376922950178,66.7147871902213
-2.368956860549917,1.0721308262250884,1018.224849504832,66.62630990897466,512.1557128610731,66.50845895992441,157.856644602483,65.82204002806849
-2.1051114860111477,1.0721308262250884,808.6250085274274,65.87388537528705,408.57715619421936,65.70630932296045,127.65565770428066,64.6149337864121
-1.8706522023821734,1.0721308262250884,644.9189137454703,64.93361876673647,325.605039966293,64.6594752045931,101.43123413950697,62.63887826920491
-1.6623060990028473,1.0721308262250884,511.03050788527645,63.69657398110376,258.16664790737775,63.25103820766112,80.70053007425182,59.465870369782806
-1.4771647895120215,1.0721308262250884,404.7945224814308,62.10066264422907,204.32551348243598,61.35392609197244,63.80765788424297,54.2726131946141
-1.3126438125222553,1.0721308262250884,320.34821814753815,60.02725684361956,161.79228988605087,58.78954274851715,50.6969253110128,47.32541531066894
-1.166446554092426,1.0721308262250884,253.39678800116016,57.32727876770246,128.03773035345014,55.272587531836294,40.12658194717716,39.323595346116804
-1.0365321883776653,1.0721308262250884,200.7193360340589,53.837609631538136,101.45925264366903,50.511765029020104,31.80700127435668,31.426022478716597
-0.9210871889273549,1.0721308262250884,159.30464288938458,49.369643407121025,80.53293997675227,44.33114728571747,25.2705531517141,24.28271452672209
-0.8185000129460304,1.0721308262250884,126.98425879517708,43.830216189537055,64.20826140359385,37.05981411678019,20.151852899231752,18.20048368051791
-0.7273386051246984,1.0721308262250884,101.8064854842249,37.30594459181842,51.4653172656077,29.42406068196148,16.174127346179663,13.272766776997553
-0.6463304070095649,1.0721308262250884,82.11759996808748,30.145030548930862,41.542617745461364,22.22513110689779,13.042118434074718,9.362210484159153
-0.5743445928509872,1.0721308262250884,66.54173822773484,22.870735922479305,33.650781616381316,15.851303090298249,10.569061283020607,6.344489066329131
-0.5103762839557767,1.0721308262250884,53.80172153425954,15.889589037272817,27.21605866209728,10.44961663103263,8.543402706751701,4.00821387432774
-0.4535325211846986,1.0721308262250884,43.09053707253819,9.606549317545127,21.800536026890164,6.038582768792038,6.840616304346736,2.2355599080381556
-0.40301979977966995,1.0721308262250884,34.0781056630166,4.55507002313796,17.23919971837359,2.754657191925485,5.409459459692928,0.9909213465772404
-0.35813299251433084,1.0721308262250884,26.74745000911626,1.2922197793674126,13.528485075476723,0.7568548338689933,4.245853221030886,0.2663152812294119
-0.3182455065418344,1.0721308262250884,21.059161573895548,0.029317840397451663,10.649655269156426,0.0166647629610648,3.3443138020980965,0.00595842633181684
-0.2828005365353655,1.0721308262250884,16.845072606051506,0.4926850324533126,8.519125108358589,0.27646330471595043,2.67534105997126,0.09326795370935555
-0.2513032920204875,1.0721308262250884,13.86591255587132,2.0613257515626824,7.012175240613202,1.141525064956496,2.202273335735747,0.3828998948964736
-0.22331409039755062,1.0721308262250884,11.873175932448351,4.004092007019552,6.002317429562678,2.2000869099930527,1.8890362455957748,0.7286360658652339
-0.19844221923690444,1.0721308262250884,10.644542065883057,5.703679888629293,5.3791291985771545,3.1190360621087048,1.6983527102568918,1.0210738357128777
-0.17634048216824733,1.0721308262250884,9.993126279491136,6.801680348194191,5.050128879646937,3.7071211217325466,1.5971365233367996,1.2076748194959128
-0.15670035222800524,1.0721308262250884,9.768910792290551,7.215902596649259,4.938428051046943,3.925313130302179,1.5606994464235624,1.280913556715382
-0.13924766500838334,1.0721308262250884,9.85290909588891,7.058421404739588,4.983125233135189,3.8368148969943205,1.5714979171423276,1.2588557713265243
-0.12373879148704055,1.0721308262250884,10.152959196609567,6.5181368866698275,5.136250324862177,3.5455162382813574,1.6165716256400071,1.1699677128259927
-0.10995723711238882,1.0721308262250884,10.597862051431612,5.777435639670582,5.361861325396915,3.147987730855479,1.685607778608786,1.0432758771814026
-0.09771061966979347,1.0721308262250884,11.134232740699398,4.972398104485871,5.6329479984038215,2.716172418094759,1.7701725772251125,0.9024662908881611
-0.0868279837415025,1.0721308262250884,11.722175369382716,4.1896233374066965,5.929632099695987,2.2954971675194398,1.8636316472976624,0.7635775929494325
-0.07715741427178036,1.0721308262250884,12.332428469286409,3.4759973572289837,6.237502717654218,1.9105937323032731,1.9610169049635964,0.6357249607932238
-0.06856391592404971,1.0721308262250884,12.944054551936537,2.8513434189143765,6.546135167743175,1.5722639797893776,2.0586552102394,0.5231453118870646
-0.06092752862714207,1.0721308262250884,13.542356876596994,2.319242667537213,6.84815357206471,1.2828231173214706,2.154046604418646,0.4268351223906645
-0.0541416530048151,1.0721308262250884,14.11731470720424,1.8744830042014249,7.1385267592439,1.0398535070946298,2.2455541757913005,0.3460341885708103
-0.04811156231253989,1.0721308262250884,14.662437991364847,1.5077201526611241,7.413981107434226,0.8386595149563147,2.332142289539275,0.2791755506572254
-0.04275308010908995,1.0721308262250884,15.173877247651152,1.2082375425444924,7.6725463592352074,0.6737330286541989,2.413222571631728,0.22440089556003553
-0.0379914052040221,1.0721308262250884,15.64972285888551,0.965468927234324,7.913217642668271,0.5395634252488105,2.4885325050461584,0.17984938861194805
-0.03376006747802295,1.0721308262250884,16.08946546105864,0.7697509590393912,8.135699080047058,0.43105014386619694,2.5580336967519757,0.14380792433863387
-0.03,1.0721308262250884,16.493587810782735,0.6126244160745421,8.34020492682902,0.3436827777248395,2.6218375930668385,0.11477190772423482
0.03,1.0721308262250884,24.64855066569846,0.6461509575787523,12.464341532883909,0.37432960495632983,3.9077112346993133,0.1294691260963355
0.03376006747802295,1.0721308262250884,25.266430852161037,0.8179748988296633,12.776124939698928,0.4749833553229908,4.005363109956204,0.16473147566790453
0.0379914052040221,1.0721308262250884,25.976716611273268,1.0349953186638823,13.134414748694363,0.6026347852675271,4.117622542643627,0.2096363808170497
0.04275308010908995,1.0721308262250884,26.794928615499032,1.3087617772420832,13.547005762236425,0.7644419860079359,4.246920636197074,0.26681019530213723
0.04811156231253989,1.0721308262250884,27.73955298956523,1.6535620740027528,14.023196311895537,0.9694013555342045,4.396136474194124,0.3395763212160649
0.0541416530048151,1.0721308262250884,28.832669105186522,2.0869443370615817,14.57412302857242,1.2287848033562585,4.568680695230059,0.43212444666175465
0.06092752862714207,1.0721308262250884,30.100724087205112,2.6302667568787985,15.21317835653912,1.5566608861575442,4.768594629439296,0.5497121772141782
0.06856391592404971,1.0721308262250884,31.57549982065682,3.309234207726412,15.956533138082278,1.970504301138086,5.000687546809229,0.6989146316985351
0.07715741427178036,1.0721308262250884,33.29532716731448,4.154349964057914,16.82380303668869,2.4918964999883717,5.27074592735304,0.8879532077157898
0.0868279837415025,1.0721308262250884,35.30659945019329,5.201156452890674,17.838918228149858,3.1473175719247717,5.585814340957334,1.1271206093019577
0.09771061966979347,1.0721308262250884,37.665679045999816,6.490084045828873,19.031228164096504,3.96898480326114,5.954589079193604,1.4293494206346404
0.10995723711238882,1.0721308262250884,40.441483652295894,8.065739665058913,20.436781359913518,4.995564806569856,6.388163745271299,1.8111616049616857
0.12373879148704055,1.0721308262250884,43.71913627270647,9.975415399720887,22.09979761083675,6.272527016086742,6.900991873765244,2.293970813860459
0.13924766500838334,1.0721308262250884,47.60462293835207,12.266162486357151,24.074466179745293,7.851877190110949,7.511850770431412,2.905521518261891
0.15670035222800524,1.0721308262250884,52.23077437908486,14.97976332319779,26.4264973883343,9.790290317050765,8.24457350008648,3.6810647586720453
0.17634048216824733,1.0721308262250884,57.76483557751601,18.14482358236751,29.234570717203827,12.145027008624083,9.126592702168317,4.661738657548434
0.19844221923690444,1.0721308262250884,64.41397949588448,21.763462675983178,32.59267269851037,14.967757097370534,10.185247163475948,5.889133759858258
0.22331409039755062,1.0721308262250884,72.42741783453931,25.793904822371395,36.61494637791593,18.296954407332464,11.444354663926614,7.398601430970079
0.2513032920204875,1.0721308262250884,82.09025549559576,30.133558308303243,41.44812694106708,22.151752335596406,12.932816445935076,9.226734426628767
0.2828005365353655,1.0721308262250884,93.72305797589516,34.6207275480579,47.29058756540985,26.52310744355855,14.71729552494099,11.450168931671817
0.3182455065418344,1.0721308262250884,107.72418640231191,39.07102806116366,54.401711599977276,31.347043720241622,16.92903340290103,14.215771096245172
0.35813299251433084,1.0721308262250884,124.69762195207022,43.33425257112287,63.067971064574245,36.45078039074795,19.68707986901745,17.631503769412852
0.40301979977966995,1.0721308262250884,145.56177187215698,47.3094068522663,73.554242691528,41.53675939845857,22.955771728886436,21.578058680982103
0.4535325211846986,1.0721308262250884,171.288061424988,50.89285596447558,86.23946596516846,46.31241880847896,26.787796230463943,26.008739411895277
0.5103762839557767,1.0721308262250884,202.40484097725394,53.97916050239327,101.946181252123,50.624331178434076,31.741381224534216,31.358249974051198
0.5743445928509872,1.0721308262250884,239.9965213617263,56.593260250899185,121.53416141488808,54.32668737817505,37.8467179039687,37.298702598415545
0.6463304070095649,1.0721308262250884,287.453979813422,58.867522336081095,145.09593624369234,57.28987164970388,44.95161294777556,43.257524218921944
0.7273386051246984,1.0721308262250884,345.94063447168145,60.768710420075294,174.18229293479385,59.687598743379326,54.359236238592246,49.57964158048168
0.8185000129460304,1.0721308262250884,415.40281391829495,62.29860941965923,210.3601958521703,61.62203358838009,64.8415976963114,54.69641328579434
0.9210871889273549,1.0721308262250884,505.67989284629317,63.6329196471836,253.7497185615725,63.129402607868485,79.27529307706484,59.147176058540744
1.0365321883776653,1.0721308262250884,611.3162526247245,64.67596620678266,310.331712747449,64.39952380655163,95.17833719932491,61.906504248604975
1.166446554092426,1.0721308262250884,749.4093065581895,65.58266239288407,374.82985171496955,65.3411268439479,116.80201459607903,63.955354173652246
1.3126438125222553,1.0721308262250884,908.7667252213928,66.27779932517772,460.79356111586185,66.15882172443472,141.68357610254205,65.26304108158587
1.4771647895120215,1.0721308262250884,1121.302254241745,66.89098303881062,562.0700438913585,66.7836442501704,172.90865387785638,66.22203068202819
1.6623060990028473,1.0721308262250884,1362.9629668185341,67.35180718194502,685.5782786761187,67.28459418592617,213.51792783816154,66.95992607191552
1.8706522023821734,1.0721308262250884,1672.5184997809495,67.74477005097361,850.9880351518443,67.7195391860106,260.85826698725265,67.48214929397899
2.1051114860111477,1.0721308262250884,2068.490534032803,68.07398600490023,1034.6249276013468,68.03471637448592,316.66057594554087,67.87117672118293
2.368956860549917,1.0721308262250884,2526.3983060336095,68.32478908382778,1275.6131017565308,68.30737366019437,385.24148865403845,68.17908119915353
2.6658714488230206,1.0721308262250884,3131.927187648816,68.54295921205099,1554.4723660758177,68.51531823561095,477.85335080959123,68.44340414789555
3.0,1.0721308262250884,3813.3693542826472,68.7050901490056,1890.5833645957105,68.68313000310461,578.8520353338897,68.62904914150634
-3.0,1.121997376282069,1555.8249660405736,67.61528200003603,794.4692262820976,67.5920792058348,243.08553117519241,67.31417175403206
-2.6658714488230206,1.121997376282069,1254.193324404215,67.16679051997077,630.5782951744173,67.08693834236723,194.91722073016211,66.66912814729778
-2.368956860549917,1.121997376282069,1004.6318371705614,66.58725751955058,505.31788931708417,66.46626586570548,155.7559116811886,65.75810030968891
-2.1051114860111477,1.121997376282069,797.9869460630947,65.82484544207227,403.19323188657495,65.65246637882522,125.97305417196117,64.52331969781703
-1.8706522023821734,1.121997376282069,636.5899814152544,64.8723822005818,321.39401129200365,64.59051218305956,100.121552406346,62.49723679808119
-1.6623060990028473,1.121997376282069,504.626395889043,63.62022053901548,254.92503170079755,63.162231141825515,79.68787351533604,59.24123671361873
-1.4771647895120215,1.121997376282069,399.9400138741491,62.006392955634745,201.8710592384908,61.239599641289104,63.04283746222788,53.94848426419962
-1.3126438125222553,1.121997376282069,316.75434971435624,59.91295792456867,159.97304607411695,58.643892156284394,50.1268911853094,46.9512004503096
-1.166446554092426,1.121997376282069,250.83433940992708,57.193356620756354,126.73882579089693,55.09269210633776,39.71972592505565,38.970046395994146
-1.0365321883776653,1.121997376282069,199.0011542593571,53.69071344127302,100.58686388752301,50.30711721726406,31.533717367815363,31.143225957017158
-0.9210871889273549,1.121997376282069,158.2805457698319,49.228538855329425,80.0127154369217,44.137547315273665,25.107009024969333,24.094382262173177
-0.8185000129460304,1.121997376282069,126.51745941038831,43.73031737039376,63.97041694101417,36.93395145916044,20.076911738402533,18.108895982678703
-0.7273386051246984,1.121997376282069,101.7535141814486,37.28940907893713,51.43996262312233,29.4070299986821,16.164131114751452,13.260267550148294
-0.6463304070095649,1.121997376282069,82.30326751870776,30.222807582112708,41.63651584932589,22.29796767091917,13.070820148989085,9.397806385800807
-0.5743445928509872,1.121997376282069,66.74645209965573,22.975885319137085,33.756898176613646,15.939658475272317,10.600806491523327,6.382358330033969
-0.5103762839557767,1.121997376282069,53.83541052706587,15.909012941218158,27.23505797743602,10.465518123572695,8.54840147641745,4.013733787942196
-0.4535325211846986,1.121997376282069,42.89692618160714,9.493129942114006,21.70292484366498,5.962637978582743,6.809247206821408,2.205368465967301
-0.40301979977966995,1.121997376282069,33.74356137085681,4.382692537538522,17.070093916929952,2.646736393162154,5.356328071422081,0.9510345212436274
-0.35813299251433084,1.121997376282069,26.385947371179054,1.1688769948903284,13.345495347832813,0.6835057529391231,4.1885571046699805,0.24030263524454537
-0.3182455065418344,1.121997376282069,20.738562738813332,0.012157191001984757,10.487568451324425,0.006883827979757437,3.293714866334642,0.002522908888137629
-0.2828005365353655,1.121997376282069,16.589420084750873,0.5784168908902175,8.390092847515723,0.3240943698360297,2.6349997715960254,0.10924599382828179
-0.2513032920204875,1.121997376282069,13.675779043200063,2.2104508272698875,6.916229857010479,1.222871734895923,2.17227779278656,0.40986415827547024
-0.22331409039755062,1.121997376282069,11.739848786626677,4.167593102709866,5.934996965819028,2.2883557094641427,1.8680966342034209,0.7573524762293448
-0.19844221923690444,1.121997376282069,10.557049262460913,5.842520420818103,5.33496628784442,3.1934873133967216,1.6847104587293116,1.0448525922406717
-0.17634048216824733,1.121997376282069,9.941113647116058,6.896031712803832,5.023942888180517,3.7573881220559784,1.589091104447664,1.223557258194357
-0.15670035222800524,1.121997376282069,9.743584828744439,7.263934550201065,4.9257699624785625,3.9506686299969807,1.556830002236379,1.2888911626906119
-0.13924766500838334,1.121997376282069,9.847153127886608,7.069123897887243,4.980367318247743,3.8422290898422,1.5706834862675678,1.260508911248796
-0.12373879148704055,1.121997376282069,10.16116702436244,6.503832692549292,5.140538158726167,3.537616785164099,1.617940943219043,1.1673457873101996
-0.10995723711238882,1.121997376282069,10.615707473529937,5.749153327862283,5.370997164396849,3.132645069100329,1.688487144143369,1.0382285251759509
-0.09771061966979347,1.121997376282069,11.158424513638531,4.938207472884567,5.645268019530729,2.697661500073666,1.7740461763124988,0.8963725748468939
-0.0868279837415025,1.121997376282069,11.750244885693613,4.154673515012789,5.9438933520843396,2.2765483713498713,1.868110060633057,0.7573338114150053
-0.07715741427178036,1.121997376282069,12.362551232396367,3.4431901497847095,6.252787956936987,1.8927583026417776,1.9658110891339482,0.629845218353767
-0.06856391592404971,1.121997376282069,12.974903300233624,2.822068578674229,6.561777669013832,1.5562967466885282,2.063555440267596,0.5178795999218015
-0.06092752862714207,1.121997376282069,13.57298502249582,2.293961361748926,6.863677966037309,1.2689858853572586,2.1589039856566323,0.42226990501882333
-0.0541416530048151,1.121997376282069,14.147065062312562,1.8531318802917738,7.153602771186826,1.0281265395912207,2.2502659255193924,0.34216291317847825
-0.04811156231253989,1.121997376282069,14.69087155029705,1.4899699034527263,7.42838781696083,0.8288775285596908,2.3366403644405267,0.27594367965238126
-0.04275308010908995,1.121997376282069,15.200717970486158,1.1936485216734711,7.686144697652622,0.6656677679847663,2.417464728951942,0.2217333470993586
-0.0379914052040221,1.121997376282069,15.674815167400398,0.9535793181540391,7.925929213637974,0.5329712338845936,2.492495386879464,0.17766626739599067
-0.03376006747802295,1.121997376282069,16.112741700142813,0.760123082173224,8.147489866662852,0.42569758914973854,2.5617076047955796,0.14203284006895775
-0.03,1.121997376282069,16.515043441201875,0.6048661508065417,8.35107280972014,0.3393589889140134,2.625222571608589,0.11333589237020217
0.03,1.121997376282069,24.61491443219372,0.6372748639465262,12.447349232060256,0.3691354849391334,3.90240613863504,0.1276586511002214
0.03376006747802295,1.121997376282069,25.22773152732377,0.8067362179976135,12.756579961688676,0.4683814960557901,3.99925865227233,0.16242136281819483
0.0379914052040221,1.121997376282069,25.93209628115833,1.020778401996667,13.111885963749522,0.5942462101030914,4.110583327312019,0.2066882210389005
0.04275308010908995,1.121997376282069,26.74336351507457,1.2907996714753847,13.52097894178784,0.7537883416124805,4.238785307093705,0.2630476250467378
0.04811156231253989,1.121997376282069,27.679817783640306,1.630905053798984,13.993056123582598,0.9558806828882871,4.386712290698523,0.3347750770425301
0.0541416530048151,1.121997376282069,28.763293015565647,2.0584253500189447,14.539130757059093,1.2116424828809087,4.557736985723054,0.42600015953169273
0.06092752862714207,1.121997376282069,30.019936949915763,2.5944657043841284,15.17244426136034,1.5349554212443592,4.755854900336096,0.5419055754876362
0.06856391592404971,1.121997376282069,31.48116564001986,3.264444648277992,15.90898205118708,1.9430679899819023,4.985819828167058,0.6889736845578937
0.07715741427178036,1.121997376282069,33.184862090573574,4.098554313542624,16.76813132885707,2.457291675325207,5.253350618669152,0.8753114310859704
0.0868279837415025,1.121997376282069,35.176870314670154,5.132019369306628,17.773539612516203,3.103790111052625,5.5654086440504225,1.1110706055984454
0.09771061966979347,1.121997376282069,37.512877288686944,6.4049783387861385,18.954205321685443,3.914418718531575,5.93058647701878,1.4090101313772385
0.10995723711238882,1.121997376282069,40.26096626608033,7.961823987049174,20.345740561076617,4.927446020586562,6.35984484808391,1.7854350301715023
0.12373879148704055,1.121997376282069,43.505221215147564,9.849788730040615,21.99182343482685,6.187930421843418,6.867463264239843,2.261484527237468
0.13924766500838334,1.121997376282069,47.350324080610704,12.116128649837993,23.945973296819346,7.747499231600212,7.4719902896934425,2.864556993258466
0.15670035222800524,1.121997376282069,51.92745621357227,14.803241890653986,26.2730814916899,9.662565401079519,8.196965038015623,3.629480317228113
0.17634048216824733,1.121997376282069,57.40176823429054,17.94093664698158,29.050841167341797,11.990377073984497,9.069473824161262,4.59692998916348
0.19844221923690444,1.121997376282069,63.97781046271954,21.533294860903062,32.372058575894094,14.783021467268444,10.116502042944171,5.808091545901089
0.22331409039755062,1.121997376282069,71.90161708288888,25.54130651157608,36.349440606229855,18.08002958081901,11.361556332679696,7.298082171834011
0.2513032920204875,1.121997376282069,81.45464773198806,29.865623217651585,41.12786798703222,21.902437795704742,12.833175610304853,9.10334880466679
0.2828005365353655,1.121997376282069,92.95340835821779,34.3473590483551,46.90317686687078,26.24418745084704,14.59719779566237,11.300000643467218
0.3182455065418344,1.121997376282069,106.7912646908608,38.80329922565558,53.93139507420048,31.04565027697988,16.783191932902117,14.033758572658034
0.35813299251433084,1.121997376282069,123.56451354837876,43.08222443663369,62.49530741147918,36.13954109895932,19.5086378094376,17.412457190152853
0.40301979977966995,1.121997376282069,144.17956030122787,47.080514324864296,72.85651135755404,41.23283117814093,22.738351842480245,21.319888457998797
0.4535325211846986,1.121997376282069,169.59504519083856,50.69105316506087,85.38919463930152,46.033110823684076,26.524444766205903,25.711942910041387
0.5103762839557767,1.121997376282069,200.33296830419687,53.80480831977029,100.90490071166083,50.38216931421056,31.417713645703788,31.02274862904238
0.5743445928509872,1.121997376282069,237.4641907489994,56.444645455679066,120.25192806109932,54.12611191418493,37.44800202557199,36.9336604492247
0.6463304070095649,1.121997376282069,284.3337183639,58.74268528144913,143.5226221916515,57.12724920921446,44.465412167534446,42.882709729345336
0.7273386051246984,1.121997376282069,342.0902380505192,60.66465231329372,172.24678824294747,59.55723197673407,53.755274368815805,49.22551608681859
0.8185000129460304,1.121997376282069,410.6833900352481,62.211874247150384,207.97025724323427,61.51798822977687,64.10710774294364,54.39703896005966
0.9210871889273549,1.121997376282069,499.81713825254354,63.56153848675224,250.81363641126467,63.04588037046898,78.3574597513851,58.93246978620487
1.0365321883776653,1.121997376282069,604.1151738944063,64.61688060507788,306.67397475345206,64.33303059506505,94.05978769455614,61.759093543593195
1.166446554092426,1.121997376282069,740.4388773039891,65.53435507340379,370.35236129238143,65.28724935969184,115.40619193855437,63.85715679069619
1.3126438125222553,1.121997376282069,897.75728181173,66.23791783731849,455.20856037775485,66.11571970351243,139.96884196458365,65.19338276866432
1.4771647895120215,1.121997376282069,1107.5388228897698,66.85855371129902,555.1791574688779,66.74876239329723,170.7909510332098,66.17122350689174
1.6623060990028473,1.121997376282069,1346.0781099192134,67.32508161594743,677.0894680933699,67.25627860702131,210.87073280649793,66.92233940802373
1.8706522023821734,1.121997376282069,1651.602219409102,67.72292608732141,840.3315359726503,67.69686630119065,257.5938249657078,67.45331968627974
2.1051114860111477,1.121997376282069,2042.3737078566633,68.05625098156895,1021.574189880748,68.01616914537668,312.6680703127109,67.84855530159209
2.368956860549917,1.121997376282069,2494.274725074314,68.31022726386198,1259.3879681179783,68.29237144403803,380.34975748708695,68.16117539438295
2.6658714488230206,1.121997376282069,3091.777705306624,68.53115962697692,1534.5780208806477,68.50303583602847,471.7312720509158,68.42939213541565
3.0,1.121997376282069,3764.218317239572,68.69537304504759,1866.254283465402,68.6730451394435,571.3953550090533,68.61773206394177
-3.0,1.17186392633905,1526.8708435647104,67.58004005130954,779.6387791331125,67.55545253150947,238.5605907727147,67.26668506317615
-2.6658714488230206,1.17186392633905,1230.9544636488583,67.12293950061778,618.8937902174542,67.04019645255137,191.31077287678482,66.6046230409003
-2.368956860549917,1.17186392633905,986.1584180071432,66.53241650756485,496.0253986903945,66.40694426302733,152.90028027689422,65.66743959522935
-2.1051114860111477,1.17186392633905,783.5059861026189,65.755886214931,395.8663816863213,65.57665340556498,123.68382388889265,64.39290586884383
-1.8706522023821734,1.17186392633905,625.233195471499,64.7861587343384,315.6534859861009,64.49324084205112,98.33615575787883,62.29458396513678
-1.6623060990028473,1.17186392633905,495.87158595524215,63.51250741706457,250.49497442352265,63.03668293513055,78.30409965421364,58.91975110737145
-1.4771647895120215,1.17186392633905,393.28063968197335,61.873087288315354,198.5051831897487,61.077517774839706,61.99393216211468,53.48888520971555
-1.3126438125222553,1.17186392633905,311.7993445611089,59.75078633406414,157.46602375499555,58.43669264867204,49.341478620862475,46.425111345176816
-1.166446554092426,1.17186392633905,247.27268007351492,57.002309212869505,124.93482054494679,54.83558750504853,39.1547294906809,38.47344696230927
-1.0365321883776653,1.17186392633905,196.5773111866022,53.47888799826395,99.35774532372746,50.01216345441089,31.14874325752749,30.742409947833774
-0.9210871889273549,1.17186392633905,156.78568923422728,49.019214828584914,79.25494965707769,43.8514686155979,24.868937231336332,23.819453010407063
-0.8185000129460304,1.17186392633905,125.75527727501003,43.56572697282216,63.583893614897214,36.72809642342305,19.95530540687682,17.960148159254167
-0.7273386051246984,1.17186392633905,101.51096081700423,37.21352156587825,51.32007317420376,29.326402000688645,16.12401032412745,13.210098310617596
-0.6463304070095649,1.17186392633905,82.32305955350809,30.231086343365984,41.64721163157841,22.30625917122473,13.073257197755206,9.400829210931205
-0.5743445928509872,1.17186392633905,66.73956686271919,22.97235277050475,33.756547921281246,15.939366926687477,10.598945964078585,6.380138053513026
-0.5103762839557767,1.17186392633905,53.609251451126376,15.778543640479128,27.122649580425698,10.371460087060381,8.51214001277806,3.973726228870782
-0.4535325211846986,1.17186392633905,42.4530925104556,9.233520677401508,21.478591465822436,5.788801953735176,6.738190195003317,2.1373837692407878
-0.40301979977966995,1.17186392633905,33.21112559442771,4.111802412623641,16.800769939141173,2.477561460385776,5.271776993658324,0.888704452232761
-0.35813299251433084,1.17186392633905,25.88175590978387,1.0048306477277071,13.090269825018371,0.5862422100273774,4.108639105855901,0.20587700918415291
-0.3182455065418344,1.17186392633905,20.31850006846936,0.0008496634693338754,10.275181947579284,0.00047089180252126914,3.22736729532859,0.0002083264444106048
-0.2828005365353655,1.17186392633905,16.266078332891095,0.6984821901671762,8.22684801641664,0.3906861513221055,2.5839356569105667,0.13156469334808624
-0.2513032920204875,1.17186392633905,13.441305492068714,2.4039685888789597,6.7978713282358525,1.3283209872882056,2.135257075589617,0.444796211210316
-0.22331409039755062,1.17186392633905,11.579443637854668,4.3706601735587185,5.853987152372229,2.3979062604361716,1.8428692884925257,0.7930029625349061
-0.19844221923690444,1.17186392633905,10.455227030864595,6.00736717790909,5.283562297730728,3.281845541323982,1.668798723312221,1.0731114609504309
-0.17634048216824733,1.17186392633905,9.884103379047037,7.000645181195198,4.99523613521226,3.8131109994525527,1.5802503954409535,1.2411969133489626
-0.15670035222800524,1.17186392633905,9.719977177273833,7.308939529455139,4.9139874101196135,3.974387720528327,1.5532268343899773,1.2963549718323129
-0.13924766500838334,1.17186392633905,9.847827570925647,7.067869184004199,4.980865401804168,3.841250830164847,1.5708825180332107,1.2601047574237028
-0.12373879148704055,1.17186392633905,10.178988267631276,6.472859860505231,5.149689513700849,3.5208031718623793,1.6208302168782183,1.1618283646233534
-0.10995723711238882,1.17186392633905,10.645193427817295,5.7026558629244235,5.386019934034115,3.1075395570793383,1.6932093227547114,1.0299906113458648
-0.09771061966979347,1.17186392633905,11.195418780326031,4.886262944274293,5.66406211007582,2.6696028344702807,1.779947213466004,0.8871472374298955
-0.0868279837415025,1.17186392633905,11.791640580629004,4.103517455465232,5.964894077544153,2.248849131880261,1.8746982767346176,0.7482143706604811
-0.07715741427178036,1.17186392633905,12.406061247504416,3.396188104354714,6.27484448527151,1.8672261323312855,1.972723323786794,0.6214336907085373
-0.06856391592404971,1.17186392633905,13.018872489237967,2.7806986187384277,6.584057533889294,1.533743669817428,2.070529858335574,0.5104460681044702
-0.06092752862714207,1.17186392633905,13.616241693724522,2.2585690402248613,6.885591897098894,1.2496206491098445,2.165756219903199,0.41588378561525763
-0.0541416530048151,1.17186392633905,14.188804779181542,1.8234425709535027,7.174745820297457,1.0118231460909841,2.256870188994121,0.3367828924030059
-0.04811156231253989,1.17186392633905,14.730566413343507,1.4654111835339285,7.448493818019452,0.8153452144519784,2.3429149176641295,0.2714740828299109
-0.04275308010908995,1.17186392633905,15.238046227678735,1.173540725525239,7.705051183290016,0.6545525008857647,2.423360464841854,0.21805789557774075
-0.0379914052040221,1.17186392633905,15.709607003779253,0.9372409435742672,7.943550369024886,0.5239129407781438,2.497987002517686,0.17466700319578576
-0.03376006747802295,1.17186392633905,16.144937725254007,0.7469240434314381,8.163795707829385,0.41835996320950075,2.566786937126823,0.1395997773610773
-0.03,1.17186392633905,16.544663039504286,0.5942504835092518,8.366073229138314,0.333442907854867,2.6298936056723923,0.11137124453598127
0.03,1.17186392633905,24.56929377634584,0.625317254043663,12.42430076558572,0.36213942651526965,3.895209933040624,0.12522047301908865
0.03376006747802295,1.17186392633905,25.175275296405577,0.7916020415281599,12.730084396260544,0.4594931923912111,3.990983002504917,0.1593117931337049
0.0379914052040221,1.17186392633905,25.871652415232226,1.0016416362491878,13.081364082656803,0.5829573926979599,4.101046349191141,0.20272173562373227
0.04275308010908995,1.17186392633905,26.67355813221016,1.2666315775938033,13.485740302665892,0.739457706756348,4.227770372508082,0.25798794013304804
0.04811156231253989,1.17186392633905,27.599007424771973,1.6004319329704666,13.952274969620749,0.9377014546247222,4.3739607629239625,0.3283218573615026
0.0541416530048151,1.17186392633905,28.669505934307143,2.020082013361653,14.491816192971797,1.1886034714911704,4.5429394375943035,0.4177726907001839
0.06092752862714207,1.17186392633905,29.910800843364807,2.5463471139242424,15.117403228003186,1.5057950861325258,4.738640507074965,0.5314229410083167
0.06856391592404971,1.17186392633905,31.353818505998003,3.204260354103312,15.844773218294671,1.9062215094447195,4.96574336399813,0.6756307966877207
0.07715741427178036,1.17186392633905,33.03584201377057,4.023593571404308,16.693007392797885,2.410831839362424,5.229876067613001,0.8583498464143967
0.0868279837415025,1.17186392633905,35.001978931479066,5.039139590326956,17.68537460353243,3.0453641840503103,5.5378882063863495,1.0895428546280148
0.09771061966979347,1.17186392633905,37.30700986623306,6.29063572541239,18.85040286354926,3.8411861777273812,5.8982329400062925,1.3817355203656247
0.10995723711238882,1.17186392633905,40.01789725326585,7.822171880103557,20.223119217799933,4.836027709946109,6.3216925133328274,1.7509413088743127
0.12373879148704055,1.17186392633905,43.217328520833775,9.680877165486073,21.846475087701233,6.074387519437302,6.822313050952,2.2179306319160697
0.13924766500838334,1.17186392633905,47.008232326538916,11.914250209336537,23.773090153113667,7.607371089973346,7.418336954143774,2.809636918281408
0.15670035222800524,1.17186392633905,51.519572915009434,14.565474248078731,26.06675375522881,9.491016496576222,8.132910271234666,3.5603194759553762
0.17634048216824733,1.17186392633905,56.91368681690375,17.66592473130858,28.803827848794786,11.78251817384408,8.99265498332686,4.510029666484259
0.19844221923690444,1.17186392633905,63.39159912917924,21.222274840890126,32.075520159109196,14.534468788027723,10.024077690878464,5.699397915901648
0.22331409039755062,1.17186392633905,71.19506293710624,25.19920727523508,35.992588223062256,17.787745953131253,11.250253287816436,7.163200165660764
0.2513032920204875,1.17186392633905,80.60059739179587,29.50176255754367,40.69740081827391,21.56586040188516,12.699214174370304,8.93764850656137
0.2828005365353655,1.17186392633905,91.91915951759454,33.97495064308836,46.38237638275844,25.86669397828183,14.435687097296693,11.098119612122309
0.3182455065418344,1.17186392633905,105.5372758547319,38.437340803543336,53.29903403929801,30.636434539249073,16.58702925434299,13.788804902726666
0.35813299251433084,1.17186392633905,122.04085948931082,42.73659344397577,61.72516077085999,35.71525907715318,19.268623374235197,17.117329890872025
0.40301979977966995,1.17186392633905,142.3202769231596,46.76571322741241,71.91779745021282,40.81652154352392,22.44580319465335,20.971454334997205
0.4535325211846986,1.17186392633905,167.31694634428402,50.41286981798815,84.24461699477102,45.64857796620194,26.169818753672114,25.310405587337584
0.5103762839557767,1.17186392633905,197.54368763943123,53.563997523483216,99.50256073508892,50.04732460365647,30.98174712610431,30.567657575927896
0.5743445928509872,1.17186392633905,234.0527211958036,56.23903313743365,118.52454471650977,53.84795191087706,36.910793794455785,36.43670279930503
0.6463304070095649,1.17186392633905,280.12846990318565,58.569762562503655,141.40187875219755,56.901292744691084,43.80982283438207,42.36967286667516
0.7273386051246984,1.17186392633905,336.89882003123273,60.52036707506215,169.63646958780308,59.375899390602044,52.940823718842,48.737052404584944
0.8185000129460304,1.17186392633905,404.31573625403877,62.09147093326551,204.74579057924447,61.373186543787824,63.115697448588044,53.979757893674446
0.9210871889273549,1.17186392633905,491.9050108495235,63.46238669685988,246.84982418972962,62.929570385902025,77.11866026650154,58.63028835374253
1.0365321883776653,1.17186392633905,594.3907735909668,64.53473184387998,301.73541180493476,64.240428439359,92.5488202290217,61.550952701315815
1.166446554092426,1.17186392633905,728.323439840739,65.46716212029958,364.3027041225626,65.21216873372282,113.52067307528932,63.71878245174382
1.3126438125222553,1.17186392633905,882.879059542201,66.18239920172272,447.6622119742301,66.05565331232512,137.65143587280528,65.09543340041711
1.4771647895120215,1.17186392633905,1088.9395246941644,66.81339918611454,545.8650245413214,66.70013460873709,167.92821742229103,66.0999165751388
1.6623060990028473,1.17186392633905,1323.2489265644722,67.28784311204436,665.6113708901286,67.21679006895639,207.29284518648686,66.86968108386463
1.8706522023821734,1.17186392633905,1623.3180648124728,67.69247886202281,825.9265096807518,67.66525350756797,253.18085053547682,67.4129667493278
2.1051114860111477,1.17186392633905,2007.0626992680116,68.03152975081859,1003.9255767822507,67.99029731047416,307.2689367604055,67.81690543268812
2.368956860549917,1.17186392633905,2450.8328001796403,68.28992156319043,1237.449075453511,68.27144516801997,373.73316206715185,68.13613206846928
2.6658714488230206,1.17186392633905,3037.498745554933,68.51470761176975,1507.6721018107287,68.4858986499732,463.4544758663901,68.4098119107446
3.0,1.17186392633905,3697.7567726370103,68.68182014548144,1833.3443287151888,68.65897043278189,561.3122315173424,68.60191916266712
-3.0,1.221730476396031,1490.6576725506227,67.53400451156733,761.0964544097361,67.50756957125634,232.90263082573009,67.20422756517769
-2.6658714488230206,1.221730476396031,1201.8924198135264,67.06566637604578,604.281590970909,66.97906867821773,186.80096179254397,66.51958114262169
-2.368956860549917,1.221730476396031,963.0584097910419,66.46080757024818,484.40586056144275,66.32935857536101,149.32934282352568,65.54753190482538
-2.1051114860111477,1.221730476396031,765.4004549895701,65.66588368970584,386.70667857689915,65.47750612936618,120.82243362948408,64.21977978889282
-1.8706522023821734,1.221730476396031,611.0406079616547,64.67373110256904,308.4802734560464,64.36608410122665,96.10535502138903,62.02459806246132
-1.6623060990028473,1.221730476396031,484.93889269840446,63.372289935215896,244.96366883561532,62.87273437095676,76.57655452836842,58.4933985956784
-1.4771647895120215,1.221730476396031,384.97633592833756,61.700043316802066,194.3086777451287,60.86634391571728,60.68631215855853,52.89087787310035
-1.3126438125222553,1.221730476396031,305.6354141125624,59.54125789861005,154.34823960441022,58.16795615207656,48.364876642625326,45.75389746736737
-1.166446554092426,1.221730476396031,242.85992986537153,56.757342223568806,122.70081834098876,54.50496868980339,38.45520023950071,37.84954145813971
-1.0365321883776653,1.221730476396031,193.59261527230413,53.21038060311262,97.84547216530193,49.638290277887364,30.675217716562205,30.2455053252405
-0.9210871889273549,1.221730476396031,154.9569858635926,48.75758546901451,78.32939523600615,43.49538289507083,24.578264929950628,23.48254997393837
-0.8185000129460304,1.221730476396031,124.81303203266644,43.35968644983786,63.10755897152833,36.47216285730284,19.80553114135751,17.776729261677517
-0.7273386051246984,1.221730476396031,101.14884800197343,37.099700140997356,51.141507369721275,29.206012064339244,16.064999202693027,13.136300762232281
-0.6463304070095649,1.221730476396031,82.1817888102622,30.171942999721956,41.577293526622576,22.252038566880124,13.05025051138973,9.372295023521747
-0.5743445928509872,1.221730476396031,66.47631296648237,22.837079129800475,33.6269300139304,15.831436743286922,10.556405048199556,6.329399710361951
-0.5103762839557767,1.221730476396031,53.07876110921923,15.471844016623814,26.856094148306454,10.148644907732068,8.427557538009296,3.8807192844363123
-0.4535325211846986,1.221730476396031,41.74051099457971,8.818024395180776,21.118111574498574,5.511613118120185,6.624541191768521,2.0298472948764124
-0.40301979977966995,1.221730476396031,32.47899136358833,3.746737140092735,16.430301104896408,2.250547570542812,5.15552519352729,0.805384376973818
-0.35813299251433084,1.221730476396031,25.238577627624295,0.809879756594549,12.764690068147758,0.4711162593409846,4.006695895113646,0.1652376851423852
-0.3182455065418344,1.221730476396031,19.80376231198243,0.0052146766158478386,10.014927815358138,0.0029931684936980014,3.146035632425493,0.0009091729279262652
-0.2828005365353655,1.221730476396031,15.879598796730441,0.8598442650803878,8.031696508019081,0.47998116579774847,2.522872117562492,0.16145127498075432
-0.2513032920204875,1.221730476396031,13.166433187630386,2.6448805280272643,6.659094169102668,1.4594034169680534,2.0918364730011807,0.488176412816242
-0.22331409039755062,1.221730476396031,11.395225115729865,4.61270138290918,5.760940028015281,2.528356981561252,1.8138706254855872,0.8354455199211881
-0.19844221923690444,1.221730476396031,10.341708211435623,6.195379409785956,5.226249536129736,3.3825595839977463,1.6510324857373615,1.1053438817151295
-0.17634048216824733,1.221730476396031,9.82418023380016,7.111968810830498,4.965062987237848,3.872384093537029,1.5709422512821245,1.259983482949445
-0.15670035222800524,1.221730476396031,9.699715628865839,7.34774491024827,4.90390285452775,3.99477894899306,1.5501458830149724,1.3027640646626042
-0.13924766500838334,1.221730476396031,9.856188557639861,7.052329472179658,4.985253525205162,3.832640886164006,1.572292731385621,1.257244089602431
-0.12373879148704055,1.221730476396031,10.207381883872968,6.423752482907803,5.1641880313592425,3.494292748526454,1.6253905774861017,1.1531606925920785
-0.10995723711238882,1.221730476396031,10.68704412396778,5.6371561817758655,5.407294695752264,3.072247438899147,1.6998885311336207,1.0184225354928593
-0.09771061966979347,1.221730476396031,11.245756072116697,4.816238922385846,5.689602681445514,2.6318173448696656,1.7879609311801021,0.8747300913237326
-0.0868279837415025,1.221730476396031,11.84676039949699,4.036110800283245,5.992834819247316,2.21237060775964,1.8834590015675934,0.7362082539934607
-0.07715741427178036,1.221730476396031,12.463246548511808,3.335100686038899,6.303817460665433,1.8340516030284137,1.981798934167751,0.6105068000776253
-0.06856391592404971,1.221730476396031,13.076166006077058,2.7274150119810585,6.613077514209887,1.504699004943705,2.0796104907560804,0.5008744424306169
-0.06092752862714207,1.221730476396031,13.672266817986179,2.2132703928466535,6.913965874598529,1.2248354096986547,2.1746252380072804,0.4077112423773899
-0.0541416530048151,1.221730476396031,14.242625560342928,1.785615994361161,7.20200209610194,0.9910503938723423,2.2653812979805688,0.3299285295939859
-0.04811156231253989,1.221730476396031,14.781578263947086,1.4342276845275181,7.474327129675982,0.7981612067659096,2.3509746154056357,0.2657986030058265
-0.04275308010908995,1.221730476396031,15.285891110191702,1.148075149727417,7.729280416876271,0.6404742234857952,2.4309142698848945,0.21340273899021914
-0.0379914052040221,1.221730476396031,15.75410811285727,0.9165910997243075,7.966085946412159,0.5124631436082016,2.5050088098101697,0.1708758636597866
-0.03376006747802295,1.221730476396031,16.186049477170783,0.7302687577798677,8.184614474887987,0.4091000067402458,2.573270991266255,0.13652921636507678
-0.03,1.221730476396031,16.582432956397206,0.5808723258421897,8.385199217664987,0.3259865791650051,2.635848494677495,0.10889500742055963
0.03,1.221730476396031,24.51186160162871,0.6103970212850023,12.395283431256358,0.35341263823408814,3.8861498596190405,0.12217984533852506
0.03376006747802295,1.221730476396031,25.10926783906897,0.7727221607402566,12.696742059191914,0.4484088368635692,3.980568569637701,0.1554350306393163
0.0379914052040221,1.221730476396031,25.79563050647502,0.9777732614017505,13.04297297666378,0.5688829408483801,4.089050293951366,0.19777813486158424
0.04275308010908995,1.221730476396031,26.58580645775299,1.2364932801239341,13.441438135311941,0.7215951564230019,4.21392216279745,0.2516837500010741
0.04811156231253989,1.221730476396031,27.49747513632533,1.562436813795803,13.901030952023822,0.9150469201005696,4.357937554555736,0.320283765914735
0.0541416530048151,1.221730476396031,28.551733603603974,1.9722792159378895,14.432393924128133,1.1598985980872056,4.52435513359215,0.40752752304639156
0.06092752862714207,1.221730476396031,29.77383049061764,2.486360630730266,15.04831460324751,1.469469617319175,4.717032528346676,0.5183729800647415
0.06856391592404971,1.221730476396031,31.19408253608317,3.1292306404309764,15.764221015001327,1.8603269162776115,4.9405564129726764,0.6590238930573366
0.07715741427178036,1.221730476396031,32.84902577776176,3.9301314431370633,16.59881339964952,2.352966890353995,5.200441648427114,0.8372429565183722
0.0868279837415025,1.221730476396031,34.78285030803854,4.9233077205434865,17.574889061703978,2.972594927793205,5.503398388030396,1.0627573925133311
0.09771061966979347,1.221730476396031,37.0492070076418,6.147980718101072,18.720390154788866,3.749966151107437,5.857705858553109,1.3478019614471926
0.10995723711238882,1.221730476396031,39.71366061640052,7.647838251184467,20.069614935249316,4.722131054035781,6.273923704588294,1.7080260896940225
0.12373879148704055,1.221730476396031,42.85715641224178,9.469844739418345,21.664609316311253,5.932877264234864,6.765807260249614,2.163739426141586
0.13924766500838334,1.221730476396031,46.58043555354118,11.661751571394785,23.55687122801022,7.432637862445782,7.351217894368917,2.7412943049007037
0.15670035222800524,1.221730476396031,51.00969646321776,14.267657093386523,25.808814488772505,9.276948994218726,8.052812760125303,3.4742386694843423
0.17634048216824733,1.221730476396031,56.30376600531609,17.320817498352298,28.49513662149848,11.52288541072051,8.896635480095606,4.401840044386626
0.19844221923690444,1.221730476396031,62.659271917397874,20.8310686634828,31.705042690160496,14.223593888803315,9.908592792279196,5.564023118118813
0.22331409039755062,1.221730476396031,70.31261994472926,24.76766765903499,35.54684505508848,17.42153001615955,11.111211511329554,6.995111251130275
0.2513032920204875,1.221730476396031,79.53413756881383,29.041190824136734,40.159765364470374,21.143170874740846,12.5318783541565,8.730984737508873
0.2828005365353655,1.221730476396031,90.62779433083962,33.50171694501778,45.73195367310476,25.391196422185303,14.233932369905094,10.84607167478903
0.3182455065418344,1.221730476396031,103.97149703578971,37.97038776402616,52.509306663827765,30.118984433918317,16.341997448983307,13.482630981290805
0.35813299251433084,1.221730476396031,120.13816862350583,42.29383097547273,60.76334812052651,35.176126867688524,18.968850325912733,16.74795336460103
0.40301979977966995,1.221730476396031,139.99823902372404,46.36105612282465,70.74533019684353,40.28441680099017,22.08038018277526,20.53456259329919
0.4535325211846986,1.221730476396031,164.4716225741316,50.05429932801215,82.81471124834948,45.15404148823797,25.726703215526843,24.805687690070357
0.5103762839557767,1.221730476396031,194.05923651347032,53.25293085403785,97.75035104221834,49.61435922341479,30.43696401087137,29.99387432153177
0.5743445928509872,1.221730476396031,229.78975915475104,55.97298174214963,116.36601310922785,53.48694676651903,36.23945295964429,35.80742275631494
0.6463304070095649,1.221730476396031,274.8728297802754,58.34573626539256,138.75116564999243,56.60741710242337,42.99025253830121,41.71594682371564
0.7273386051246984,1.221730476396031,330.40970442949225,60.33326158370378,166.37314871996963,59.139821559672896,51.92269608409334,48.108612283380495
0.8185000129460304,1.221730476396031,396.3537769321367,61.935190464092216,200.7141154420924,61.184593458582896,61.87578932939148,53.43600835717005
0.9210871889273549,1.221730476396031,482.01138899594366,63.33361427402869,241.89234815721312,62.77804340338682,75.56954993127769,58.23129683361143
1.0365321883776653,1.221730476396031,582.2276196547534,64.42796785018251,295.5589883720501,64.1197949930289,90.65862050891515,61.27493753505234
1.166446554092426,1.221730476396031,713.1696265567259,65.37979990379134,356.7342319350484,65.11433612177373,111.16210909548322,63.535733907789044
1.3126438125222553,1.221730476396031,864.264680359766,66.11017375722184,438.22182426461416,65.97739008615838,134.7520792214857,64.96628025593385
1.4771647895120215,1.221730476396031,1065.671928247137,66.75464228751932,534.2116889618349,66.63676716905196,164.34634517038577,66.00615767713913
1.6623060990028473,1.221730476396031,1294.6834770684943,67.23936371885215,651.2487149488182,67.16532403668593,202.81694619364475,66.80060546120012
1.8706522023821734,1.221730476396031,1587.9264227943652,67.65282960405091,807.9055725128505,67.62405777536249,247.66006629063872,67.36010958601028
2.1051114860111477,1.221730476396031,1962.885407181359,67.99933327719123,981.8431815489396,67.95657516393263,300.5134949217692,67.77548586502441
2.368956860549917,1.221730476396031,2396.4794502867126,68.26346832716871,1210.0020864828496,68.24416968579315,365.45391143700414,68.10338134864898
2.6658714488230206,1.221730476396031,2969.6024242382477,68.49327451833759,1474.0088928782088,68.46355842711026,453.1013155708567,68.38422837302284
3.0,1.221730476396031,3614.6164494086106,68.66415965087047,1792.1667898197381,68.64061965011456,548.6988229386944,68.58126472115781
-3.0,1.2715970264530116,1447.6381131581259,67.47627336232175,739.0724033761477,67.44744385946736,226.1825491629922,67.1251996215827
-2.6658714488230206,1.2715970264530116,1167.392279341286,66.99389842836189,586.9352219914695,66.9023429931361,181.44790786701165,66.41172781511176
-2.368956860549917,1.2715970264530116,935.6624809661017,66.37118207444836,470.62557590241386,66.23204942367408,145.09476264462936,65.39498417010769
-2.1051114860111477,1.2715970264530116,743.9583310254612,65.55345115343573,375.85930366597466,65.35331753751291,117.43435574995488,63.99871006627344
-1.8706522023821734,1.2715970264530116,594.2691973451736,64.53368713801277,300.00394532983466,64.20716432063881,93.46975381990605,61.67907954495854
-1.6623060990028473,1.2715970264530116,472.0635649627193,63.198441269489344,238.449865289205,62.66862979008663,74.54250264000942,57.953130859510566
-1.4771647895120215,1.2715970264530116,375.2487442233788,61.4870642544632,189.39361422762747,60.60521431747739,59.15520376896442,52.15427380126553
-1.3126438125222553,1.2715970264530116,298.4768377883207,59.286382006026074,150.72824632718581,57.83948133844076,47.231196901653405,44.950822837226596
-1.166446554092426,1.2715970264530116,237.80632823755707,56.464920894608376,120.143566862156,54.10893409132532,37.65471258276229,37.123317753274115
-1.0365321883776653,1.2715970264530116,190.25080475510308,52.899241989052236,96.15370585399042,49.20513639875438,30.14575663333687,29.684857593314284
-0.9210871889273549,1.2715970264530116,152.97876514732368,48.467461399872995,77.33008810641263,43.102547177067436,24.26455937875664,23.11745355701105
-0.8185000129460304,1.2715970264530116,123.82771512741388,43.14114322040972,62.61143688284862,36.202948846866306,19.649589269174367,17.58550891027109
-0.7273386051246984,1.2715970264530116,100.72091924073085,36.96437248683632,50.9318543074042,29.064203859223138,15.995759854604525,13.04970252578822
-0.6463304070095649,1.2715970264530116,81.84190358405988,30.029157446240564,41.40775842931557,22.12037820381379,12.995876151766169,9.304879011737354
-0.5743445928509872,1.2715970264530116,65.88261788280509,22.530523699575404,33.3302708401347,15.584139972660509,10.461446911379678,6.21634200692424
-0.5103762839557767,1.2715970264530116,52.19830090588799,14.960877104915404,26.412046833755046,9.77825374463865,8.287400557078033,3.7275979835994852
-0.4535325211846986,1.2715970264530116,40.748400011143936,8.242792790165616,20.616005001067396,5.130258748206767,6.466620578773174,1.88297531301073
-0.40301979977966995,1.2715970264530116,31.550980969820625,3.2975759150378563,15.960623618140318,1.9728703302287869,5.008188177393266,0.7039489425492211
-0.35813299251433084,1.2715970264530116,24.463453652370614,0.5979372554033175,12.372332451985333,0.34657456560890604,3.8838534430897256,0.1214143133199715
-0.3182455065418344,1.2715970264530116,19.20126350499512,0.0375316163243134,9.710313194012715,0.021342247287477127,3.0508201535709403,0.006952820079505217
-0.2828005365353655,1.2715970264530116,15.435997711218924,1.070394726562168,7.8076842670040145,0.5961838569129964,2.452764255383304,0.20027512468195957
-0.2513032920204875,1.2715970264530116,12.856164823098135,2.9358885581686125,6.502429296170532,1.6174634727691728,2.0428092911217277,0.540417736533732
-0.22331409039755062,1.2715970264530116,11.191248876871445,4.892097515602942,5.657907576001378,2.67876743811553,1.781742157641093,0.8843549137060662
-0.19844221923690444,1.2715970264530116,10.219723570167316,6.402498825155398,5.164662673118806,3.4934275025870156,1.631921161799464,1.1408349913723674
-0.17634048216824733,1.2715970264530116,9.76388331727478,7.225417033817266,4.934707554480023,3.9327521661184623,1.5615662501896697,1.2791318187067668
-0.15670035222800524,1.2715970264530116,9.68477309110715,7.376469778288702,4.8965132270034015,4.009774070456775,1.5478975943204512,1.3074568155342694
-0.13924766500838334,1.2715970264530116,9.87375325013388,7.019772939407707,4.994297660483062,3.814943656132684,1.5751531108119774,1.2514573469106256
-0.12373879148704055,1.2715970264530116,10.247502821287036,6.354862098413061,5.1846163928316304,3.4572032635410954,1.631804167814136,1.1410549096443416
-0.10995723711238882,1.2715970264530116,10.742129429341055,5.551823295673446,5.435260110088524,3.026318861960529,1.7086620464323616,1.003375405233032
-0.09771061966979347,1.2715970264530116,11.310083709497915,4.727842682452458,5.722216104272322,2.584141087665065,1.7981894801563028,0.8590651996621339
-0.0868279837415025,1.2715970264530116,11.916079176593993,3.952478771277529,6.027954973053691,2.1671192696884085,1.8944671113494262,0.7213154187491487
-0.07715741427178036,1.2715970264530116,12.534449177211252,3.2601198852569846,6.339879333709902,1.7933319629234186,1.9930917897485116,0.5970945349005997
-0.06856391592404971,1.2715970264530116,13.147024351487357,2.662481667311312,6.648958865199179,1.4693003887941471,2.0908351526959073,0.48920829271488486
-0.06092752862714207,1.2715970264530116,13.741223820513236,2.1583459811051524,6.948882282180325,1.19477847603225,2.1855366836782752,0.39779968630275253
-0.0541416530048151,1.2715970264530116,14.308632814316336,1.7399197058686977,7.235424712363965,0.9659510269147417,2.2758157489610107,0.3216457238365778
-0.04811156231253989,1.2715970264530116,14.843969273251577,1.3966599248011873,7.505919045380465,0.7774547652996089,2.36082914848363,0.2589589886768456
-0.04275308010908995,1.2715970264530116,15.344282961095411,1.1174603035340682,7.75884762590015,0.6235456864215321,2.440130833078745,0.20780443545807437
-0.0379914052040221,1.2715970264530116,15.808325775542698,0.891806265936053,7.993539530870103,0.4987177877230072,2.5135618790286878,0.16632407008960284
-0.03376006747802295,1.2715970264530116,16.236067874008487,0.7103041343443539,8.209941492693488,0.39799797111203267,2.581158273901957,0.1328473599921568
-0.03,1.2715970264530116,16.628332835967633,0.5648525233602563,8.408440409903518,0.31705629955370696,2.6430839819505425,0.1059288967083716
0.03,1.2715970264530116,24.442833992885586,0.5926623494940229,12.360406344738875,0.3430437882707975,3.875259972780407,0.11856819166521583
0.03376006747802295,1.2715970264530116,25.029966037556914,0.7502832613983776,12.656682631761345,0.43524096246686583,3.9680558421104113,0.1508312090644173
0.0379914052040221,1.2715970264530116,25.70433697558275,0.9494078938739754,12.996867288398505,0.5521655130617824,4.074643462587914,0.1919086654832423
0.04275308010908995,1.2715970264530116,26.480475239802608,1.2006787046281224,13.388257467039667,0.7003812604543654,4.197298491631063,0.2442004599320893
0.04811156231253989,1.2715970264530116,27.37566133323456,1.5172864427471768,13.839546186451324,0.8881451698826077,4.338712091159616,0.31074421122227347
0.0541416530048151,1.2715970264530116,28.41050662209546,1.915472222840374,14.361131455045197,1.1258152198829516,4.502067705194377,0.39537089726398444
0.06092752862714207,1.2715970264530116,29.609667149761037,2.415067725640005,14.965501574729485,1.4263398186510832,4.691132008308414,0.5028907930047553
0.06856391592404971,1.2715970264530116,31.002735055564557,3.0400422344598197,15.667717098609868,1.8058353038987316,4.91038139724751,0.6393244032402968
0.07715741427178036,1.2715970264530116,32.62535832613058,3.8189990072806097,16.486025382834814,2.284257789081374,5.1651960669090995,0.8122077049550465
0.0868279837415025,1.2715970264530116,34.52063620989213,4.785515947803753,17.442663214581057,2.886175255865003,5.462120255033569,1.0309878781045778
0.09771061966979347,1.2715970264530116,36.740876044419984,5.978177106637677,18.5648763454102,3.641607344696524,5.809226208138884,1.307553378219111
0.10995723711238882,1.2715970264530116,39.34997991528267,7.4401566553219745,19.88609668183334,4.586784510591039,6.216808735542102,1.657119835032737
0.12373879148704055,1.2715970264530116,42.426820282289476,9.218171769087622,21.447293541375423,5.76462889878521,6.698277414185564,2.099447321040298
0.13924766500838334,1.2715970264530116,46.069535434076,11.360203576861466,23.298630689810118,7.224742453365713,7.271040909297577,2.660194414697554
0.15670035222800524,1.2715970264530116,50.401033161548106,13.911347276316398,25.500884866237744,9.02201574494834,7.957175765576936,3.3720584152329574
0.17634048216824733,1.2715970264530116,55.57596545203895,16.90698913846849,28.126770569205718,11.213308493043629,8.782038226814391,4.273365835736623
0.19844221923690444,1.2715970264530116,61.78572883746584,20.36062511678948,31.263103873085342,13.852322822511933,9.770819572231346,5.4031847986565245
0.22331409039755062,1.2715970264530116,69.26036249173588,24.24690467176081,35.015278052118404,16.9832528166324,10.945387634871008,6.795270033427091
0.2513032920204875,1.2715970264530116,78.26280657839996,28.483075640541298,39.518760540798496,20.63593544551781,12.332350673775677,8.485063985894495
0.2828005365353655,1.2715970264530116,89.08866875309016,32.92555126258128,44.95662000179528,24.81858126182715,13.993395486562294,10.545818044279859
0.3182455065418344,1.2715970264530116,102.10553518515314,37.399043905601985,51.568066382463186,29.49300272604877,16.049913503809083,13.117433801507278
0.35813299251433084,1.2715970264530116,117.87084862191288,41.74949209323518,59.617151636839516,34.520114828254364,18.61158918070441,16.306688076565926
0.40301979977966995,1.2715970264530116,137.23137850111124,45.86147870480289,69.34816397217354,39.632415921499486,21.644906163493577,20.01157790633455
0.4535325211846986,1.2715970264530116,161.0814475381995,49.6101331347409,81.11072658201803,44.54353142923624,25.19858757488588,24.199894798540424
0.5103762839557767,1.2715970264530116,189.9074831322172,52.866626431706734,95.66229475015312,49.07627198310079,29.787728062421543,29.302745944699417
0.5743445928509872,1.2715970264530116,224.70995683294052,55.641947564775286,113.79388142975063,53.03617613958165,35.4394429220792,35.04562694378942
0.6463304070095649,1.2715970264530116,268.61015822652126,58.06660479196826,135.59236482634978,56.2395144213276,42.013478149777114,40.918848669360855
0.7273386051246984,1.2715970264530116,322.6771837808736,60.09988716027725,162.48415863152516,58.84393203186815,50.709426017647125,47.33355035033067
0.8185000129460304,1.2715970264530116,386.865079998827,61.740088337233594,195.90945938781704,60.94812922922962,60.39793551134932,52.755177641499536
0.9210871889273549,1.2715970264530116,470.2212959793681,63.17275130025234,235.98387984131588,62.588030505215016,73.72347258069065,57.7231458892971
1.0365321883776653,1.2715970264530116,567.7316190888998,64.29451360173286,288.1985008591441,63.96854312622599,88.40569952430369,60.92118719869841
1.166446554092426,1.2715970264530116,695.1109232383891,65.27055060719087,347.71373782544566,64.99166683181204,108.35134144532613,63.30173635192906
1.3126438125222553,1.2715970264530116,842.0801404217083,66.01980866450867,426.9716306022254,65.87927159423572,131.29670374952514,64.80187708020695
1.4771647895120215,1.2715970264530116,1037.9456876065044,66.68110730146557,520.3243084913321,66.55732303066337,160.07773015968328,65.88725322240784
1.6623060990028473,1.2715970264530116,1260.6420629171728,67.17866707971342,634.1325233241893,67.10079810562758,197.4839108772859,66.71326749633732
1.8706522023821734,1.2715970264530116,1545.7530056824312,67.6031748513426,786.434573486189,67.5724142318664,241.08239865971777,67.29340924490941
2.1051114860111477,1.2715970264530116,1910.2518812939104,67.95900515353878,955.5322282772923,67.91429561951048,292.46467565225265,67.72328801194907
2.368956860549917,1.2715970264530116,2331.7235425870194,68.23032555503738,1177.3041675825696,68.20997325387536,355.5898078955412,68.06214976344997
2.6658714488230206,1.2715970264530116,2888.728996242752,68.46641900397773,1433.9063762857904,68.43554683832599,440.7697519300355,68.35205233495498
3.0,1.2715970264530116,3515.5872131981528,68.64202646876166,1743.1134709002863,68.61760785800193,533.6753633295272,68.55530124268537
-3.0,1.3214635765099927,1398.3754098713298,67.40572617559056,713.8525920541235,67.37384046898316,218.48862058231566,67.02754176135656
-2.6658714488230206,1.3214635765099927,1127.9389803334577,66.90633165449661,567.0984373815447,66.80853385918248,175.327440809256,66.27815005957738
-2.368956860549917,1.3214635765099927,904.3935303193007,66.26207679165086,454.8973146072561,66.1132844023494,140.26278666948733,65.20548966806629
-2.1051114860111477,1.3214635765099927,719.5553223232486,65.41707669817342,363.51365804675874,65.20217592762558,113.5789459958376,63.72316162443774
-1.8706522023821734,1.3214635765099927,575.2617357514576,64.36471040149067,290.39740611814096,64.01461902918818,90.48360922058083,61.248453283630326
-1.6623060990028473,1.3214635765099927,457.5673502458757,62.99043870659197,231.11609492684556,62.423199655064565,72.25299232078575,57.29125785140014
-1.4771647895120215,1.3214635765099927,364.40834519582165,61.23557198203837,183.9171962677468,60.295139564424545,57.45008668735083,51.28626687315879
-1.3126438125222553,1.3214635765099927,290.6292326052986,58.99163926574854,146.76111124612206,57.45753151195597,45.989202260986524,44.04131504498761
-1.166446554092426,1.3214635765099927,232.41280482617475,56.13791187647607,117.41611627544029,53.66448009548229,36.80143875768174,36.33482247728092
-1.0365321883776653,1.3214635765099927,186.83604966771125,52.56925226979883,94.42726176191279,48.74617342346454,29.60594577151787,29.107817616041853
-0.9210871889273549,1.3214635765099927,151.08659934397437,48.18281396686435,76.37738720787324,42.71978008301668,23.96566932078367,22.76817624110814
-0.8185000129460304,1.3214635765099927,122.93478868881023,42.94032222186209,62.164909172301954,35.95832573840728,19.509274335271694,17.41323912575865
-0.7273386051246984,1.3214635765099927,100.22413968843715,36.8061521740903,50.68972765821574,28.89981459846951,15.915926494988826,12.949842701241089
-0.6463304070095649,1.3214635765099927,81.20129303497743,29.758144171005817,41.086653996778615,21.870285540494738,12.893918488135492,9.178553457212955
-0.5743445928509872,1.3214635765099927,64.86372959707468,21.999672912235077,32.81819833936757,15.156434819474597,10.299027708744854,6.023623154458698
-0.5103762839557767,1.3214635765099927,50.93207997823012,14.22226679257222,25.77219603490507,9.246596214606503,8.085976220819889,3.509824617518111
-0.4535325211846986,1.3214635765099927,39.47675210442795,7.512459065368205,19.97228099871408,4.65023337531469,6.264454801199659,1.6995557458640076
-0.40301979977966995,1.3214635765099927,30.436889211653302,2.7808640309940404,15.396710903839054,1.6557527015296636,4.83133244346766,0.5887532998435392
-0.35813299251433084,1.3214635765099927,23.566746637080566,0.38711477641930414,11.918457720709755,0.2234132989453118,3.7417635178189865,0.07822597462685929
-0.3182455065418344,1.3214635765099927,18.52000133088388,0.11226796345141071,9.365898326362704,0.06354056395597901,2.9431498338569653,0.021023422217668945
-0.2828005365353655,1.3214635765099927,14.94271706904754,1.3384726002797935,7.5585771552158905,0.7436864189682515,2.3747924868478676,0.249453824449863
-0.2513032920204875,1.3214635765099927,12.516528541119262,3.2788793057095313,6.330925678056707,1.8033832684892186,1.9891310646229798,0.6017754773356068
-0.22331409039755062,1.3214635765099927,10.97232892376721,5.205811894166002,5.547325122431593,2.8474343235804125,1.7472452678241863,0.939157933005556
-0.19844221923690444,1.3214635765099927,10.093072914553883,6.623256736053567,5.100724092752916,3.6114971453226925,1.6120640054673103,1.1786308837979331
-0.17634048216824733,1.3214635765099927,9.706181272879462,7.335343716822064,4.905671119732126,3.9911974315545176,1.5525897609584987,1.2976781846687202
-0.15670035222800524,1.3214635765099927,9.677446782313005,7.390586704480104,4.892979396066684,4.016960885378473,1.5468436291113676,1.309661308516011
-0.13924766500838334,1.3214635765099927,9.902282715401636,6.967149462351296,5.00888704785969,3.7865321906274376,1.5797411982370237,1.2422189178679792
-0.12373879148704055,1.3214635765099927,10.300688123495863,6.264433758017265,5.211649295159628,3.4085927848289352,1.640281944424556,1.1252028228835997
-0.10995723711238882,1.3214635765099927,10.811453715964415,5.445838493637789,5.47042280206321,2.969307483227552,1.7196884415275617,0.9847005888931626
-0.09771061966979347,1.3214635765099927,11.389146925176261,4.620851783332538,5.762278224796498,2.5264450970967456,1.8107505149729723,0.8401073237626531
-0.0868279837415025,1.3214635765099927,12.000141616878988,3.852739332632878,6.070529242778425,2.1131493095038802,1.9078085429670328,0.7035508562729412
-0.07715741427178036,1.3214635765099927,12.620059664946979,3.171533684172239,6.383227060196523,1.7452146395635069,2.0066634326359347,0.5812428637603388
-0.06856391592404971,1.3214635765099927,13.231720321682396,2.5862522203562537,6.691839163987049,1.4277328750219,2.1042467669187714,0.47550638280116536
-0.06092752862714207,1.3214635765099927,13.823296260039898,2.094155781081803,6.990433678021261,1.1596404887118141,2.1985193833599923,0.3862101542552458
-0.0541416530048151,1.3214635765099927,14.386943046179042,1.686689265300237,7.275072388399378,0.9367043042911868,2.2881917923610855,0.3119921724720793
-0.04811156231253989,1.3214635765099927,14.917806084991026,1.3530054173092907,7.5433031145015885,0.753385947382323,2.372488915423653,0.2510069740700306
-0.04275308010908995,1.3214635765099927,15.41325182686457,1.0819517649448624,7.793767881813127,0.6039052161360186,2.4510147984717894,0.20130786375238044
-0.0379914052040221,1.3214635765099927,15.872263624947212,0.8631013886142685,8.025912856545439,0.4827938236762007,2.523646706966415,0.16104969986983966
-0.03376006747802295,1.3214635765099927,16.294977911838394,0.6872082805931464,8.23976908500861,0.38515121887061193,2.590446359749072,0.12858601383425688
-0.03,1.3214635765099927,16.68233493743924,0.5463370812893743,8.43578269966888,0.30673221940123857,2.651595648347826,0.10249917775391174
0.03,1.3214635765099927,24.3624689538966,0.5722892971905673,12.319799802520086,0.33113809535585464,3.862580940911467,0.11442276731282702
0.03376006747802295,1.3214635765099927,24.937676420983482,0.7245071788403235,12.61006087592833,0.42012309872489245,3.9534931428858635,0.14554789980459965
0.0379914052040221,1.3214635765099927,25.59813724985398,0.9168243966226187,12.943231463010711,0.5329743859032302,4.057883468916987,0.1851740602040905
0.04275308010908995,1.3214635765099927,26.35800160692379,1.1595373508088935,13.326418863763202,0.6760303003003818,4.177968281694586,0.23561557160784152
0.04811156231253989,1.3214635765099927,27.234090676595784,1.465417169580289,13.7680853177635,0.8572669336734298,4.316367096318913,0.2998020209472225
0.0541416530048151,1.3214635765099927,28.246456789589757,1.850203157039711,14.278347365336716,1.0866945309863039,4.476176756982788,0.38142869544995284
0.06092752862714207,1.3214635765099927,29.419074072235333,2.333137759386661,14.869348883435295,1.3768343157149703,4.661059241519497,0.4851364746940585
0.06856391592404971,1.3214635765099927,30.780700949082238,2.937515092305781,15.555727563807539,1.7432829575647113,4.875364013503308,0.616735518810622
0.07715741427178036,1.3214635765099927,32.36596367510168,3.691190633928059,16.355209698346073,2.2053721131719586,5.124316254705986,0.7835013240270633
0.0868279837415025,1.3214635765099927,34.21670640654866,4.626954689840369,17.289387248545072,2.786930891571183,5.414269203742259,0.9945589615428063
0.09771061966979347,1.3214635765099927,36.3836905060408,5.7826263718056365,18.384704877401354,3.517122931513348,5.753056837390692,1.2613980641873885
0.10995723711238882,1.3214635765099927,38.92890468143181,7.200741099168062,19.673597941497494,4.431218693682883,6.1506691390715,1.598734033153307
0.12373879148704055,1.3214635765099927,41.92883576692816,8.927662452698994,21.195797317578005,5.5711177866497685,6.620117876557023,2.025692407725638
0.13924766500838334,1.3214635765099927,45.47862634140609,11.011540249488483,22.999931742273194,6.985423722523982,7.178291157450972,2.5671296893509297
0.15670035222800524,1.3214635765099927,49.69739734216856,13.498492041676851,25.144893632812206,8.728219689909272,7.846598118062991,3.2547576963407283
0.17634048216824733,1.3214635765099927,54.734996986948076,16.426207060115395,27.70111341168974,10.856022151197234,8.649604583405798,4.125808176854669
0.19844221923690444,1.3214635765099927,60.77680255097927,19.812247155412855,30.752653173528497,13.423035873445762,9.611677337069333,5.218342201955994
0.22331409039755062,1.3214635765099927,68.04552365417835,23.637386741695266,34.401539449402044,16.47527214225574,10.753920871458057,6.565424999280411
0.2513032920204875,1.3214635765099927,76.79558399119402,27.826649054795407,38.77891197402354,20.046205488108434,12.102039904552042,8.20194530030679
0.2828005365353655,1.3214635765099927,87.3129317575999,32.24413414740724,44.061989951916246,24.150157809362796,13.715818697199378,10.199736757249962
0.3182455065418344,1.3214635765099927,99.95322674234518,36.71935879571802,50.482291217934005,28.758453498723178,15.712943546478417,12.69589549582979
0.35813299251433084,1.3214635765099927,115.25607993186254,41.098233863602616,58.295254901884434,33.74514785635937,18.1995472861704,15.79644570809108
0.40301979977966995,1.3214635765099927,134.04108272918705,45.26074897853864,67.73709781778958,38.85589572023065,21.142748320423845,19.40546649869747
0.4535325211846986,1.3214635765099927,157.1731089353851,49.073852209985915,79.14608137648418,43.80996648393638,24.589634038259565,23.495752514118436
0.5103762839557767,1.3214635765099927,185.1216697564674,52.39877569343283,93.25511897590015,48.42443204952275,29.039244157193423,28.496194415540003
0.5743445928509872,1.3214635765099927,218.85464580511947,55.24013134201349,110.82907880757261,52.486866666175665,34.517279177954784,34.15153435854219
0.6463304070095649,1.3214635765099927,261.3921619997268,57.727233113179274,131.9515690542269,55.789712325794696,40.88758039590373,39.97576707358769
0.7273386051246984,1.3214635765099927,313.76598198720404,59.815801975483815,158.00208309494013,58.48164555614082,49.3111864353771,46.40457654013316
0.8185000129460304,1.3214635765099927,375.9301726680924,61.50236229413331,190.37261109424654,60.658471758179594,58.69471121619457,51.92487396639739
0.9210871889273549,1.3214635765099927,456.6360186503434,62.97660228363169,229.1752547756776,62.35526197273634,71.5963228011727,57.090216321222044
1.0365321883776653,1.3214635765099927,551.0289002257615,64.13168064210397,279.7180097782448,63.78329309204801,85.80972065628096,60.47649162218706
1.166446554092426,1.3214635765099927,674.3062361358393,65.13718612212028,337.3207431690336,64.84143794213553,105.11318037369615,63.00822937993572
1.3126438125222553,1.3214635765099927,816.5230132476308,65.90944381710864,414.01187899759157,65.75913254952125,127.31617382959861,64.5967273143028
1.4771647895120215,1.3214635765099927,1006.0102525432411,66.59126689083146,504.32801318445627,66.46005712983222,155.160923875426,65.73957464899972
1.6623060990028473,1.3214635765099927,1221.4343896253101,67.10448416101347,614.4186936615469,67.02180003476633,191.3423672941109,66.60520125262211
1.8706522023821734,1.3214635765099927,1497.1853138695135,67.54246987653869,761.7107931009647,67.50919486091335,233.50843175877412,67.21108655729915
2.1051114860111477,1.3214635765099927,1849.649882348051,67.90969159526522,925.2368661051651,67.86253667772762,283.19735428134334,67.65897744408487
2.368956860549917,1.3214635765099927,2257.170439526093,68.18978808547088,1139.6612480750093,68.16811055236218,344.23343368786686,68.01141737922522
2.6658714488230206,1.3214635765099927,2795.640052747481,68.43356677758646,1387.7428942416484,68.40125349700871,426.576337148702,68.312509092063
3.0,1.3214635765099927,3401.6088099804574,68.61494546415156,1686.6506425101672,68.58943344079937,516.3849378097013,68.52341522459525
-3.0,1.3713301265669733,1343.5666272917485,67.3210479947421,685.7902051108134,67.28529172338145,209.93022289767973,66.90870838346436
-2.6658714488230206,1.3713301265669733,1084.144038161753,66.80150016883753,545.0787312867753,66.69594907576653,168.535426838591,66.11530201095863
-2.368956860549917,1.3713301265669733,869.7974420804044,66.13197297510213,437.4959105453307,65.97122222460521,134.91926789705917,64.97393766383074
-2.1051114860111477,1.3713301265669733,692.6905005902063,65.25546046399683,349.92136053507045,65.02232528695765,109.33512889813467,63.38570874347289
-1.8706522023821734,1.3713301265669733,554.4874215519318,64.16623540952898,279.8975180794657,63.787343696157485,87.22138891851219,60.72350235583184
-1.6623060990028473,1.3713301265669733,441.9045788490786,62.749606114633124,223.19212330471285,62.13735497065541,69.78027575758118,56.50664056711615
-1.4771647895120215,1.3713301265669733,352.90495362672095,60.950831769221395,178.1075916568083,59.94187579132337,55.642898553848916,50.30967857160441
-1.3126438125222553,1.3713301265669733,282.5409882539094,58.66963555230022,142.67478950585314,57.03786358907978,44.710637000268996,43.07235720380971
-1.166446554092426,1.3713301265669733,227.11492636164874,55.80062951109414,114.74041721307685,53.2047492128205,35.96529089446116,35.54781218525646
-1.0365321883776653,1.3713301265669733,183.73368122191098,52.258319644243336,92.86285175480435,48.31487651302423,29.117729946271258,28.581255787800067
-0.9210871889273549,1.3713301265669733,149.54585522423895,47.945704765847694,75.60712705125691,42.404318756518315,23.724311903197812,22.485132208801748
-0.8185000129460304,1.3713301265669733,122.20475403204175,42.77414830413908,61.80434694181476,35.75918687313005,19.396015898324176,17.27404459443861
-0.7273386051246984,1.3713301265669733,99.54072358159154,36.58650865475281,50.3550809210209,28.67152485747576,15.806853821260527,12.81339150407237
-0.6463304070095649,1.3713301265669733,80.09079075511988,29.282455761850628,40.527754715348976,21.432759897602658,12.71744481678743,8.960185542003961
-0.5743445928509872,1.3713301265669733,63.328076164890646,21.1884577164264,32.04390437527305,14.507953810557618,10.054579796822598,5.735235321205203
-0.5103762839557767,1.3713301265669733,49.26451439051881,13.244061240781978,24.92857107199497,8.550219746958732,7.820810085776558,3.2275351762459703
-0.4535325211846986,1.3713301265669733,37.93755282655801,6.641991257493599,19.193055308532568,4.084245478943936,6.019970700975301,1.485197392660541
-0.40301979977966995,1.3713301265669733,29.15228288780442,2.2200082516229562,14.746469339358928,1.3144788921989496,4.62744248621901,0.46557605507513045
-0.35813299251433084,1.3713301265669733,22.561968327584676,0.1995882258918426,11.409921600916832,0.11459128667246239,3.582575563503978,0.040188001707559796
-0.3182455065418344,1.3713301265669733,17.770954893651513,0.24558860922290743,8.98724395982391,0.1384274624553217,2.8247657967542956,0.046045969853044814
-0.2828005365353655,1.3713301265669733,14.408554830200364,1.6721851357017048,7.288825311071822,0.9266918270113067,2.290351319174894,0.31032651491415686
-0.2513032920204875,1.3713301265669733,12.154523845583597,3.674275703392459,6.14812283728544,2.01723926254284,1.9319109101576777,0.6722360378166657
-0.22331409039755062,1.3713301265669733,10.743993226889355,5.548953456615457,5.431988825771144,3.0316644345041484,1.7112541426080843,0.9989617692109134
-0.19844221923690444,1.3713301265669733,9.966088173292649,6.850598486944983,5.036625184277947,3.7329763317250544,1.5921442490261046,1.217511033438902
-0.17634048216824733,1.3713301265669733,9.654441692098853,7.435057057221674,4.879656647214639,4.044148546541548,1.5445431005092551,1.314483359095415
-0.15670035222800524,1.3713301265669733,9.680333131605334,7.38502244434002,4.894613464830449,4.013636368472512,1.5473928941536703,1.3085120889041355
-0.13924766500838334,1.3713301265669733,9.943761540228458,6.891203358798801,5.0300238863249325,3.745667310561685,1.5863698698313216,1.2289658911015717
-0.12373879148704055,1.3713301265669733,10.368440524748737,6.150698250967759,5.246045159932792,3.347508115137779,1.6510610825802787,1.1052914154706441
-0.10995723711238882,1.3713301265669733,10.896142761124034,5.31846040286282,5.513350743147488,2.900804792582863,1.733145512130825,0.9622608069963493
-0.09771061966979347,1.3713301265669733,11.483778471832633,4.495156016106801,5.810209115491451,2.4586576962635265,1.825775549783468,0.8178291889808147
-0.0868279837415025,1.3713301265669733,12.099554096629614,3.737128490229505,6.120863498540441,2.050576249479373,1.9235789973926214,0.6829490600980375
-0.07715741427178036,1.3713301265669733,12.720510594463553,3.069740377385009,6.434078848749101,1.6899050642456976,2.0225820603972684,0.5630163318539377
-0.06856391592404971,1.3713301265669733,13.330553975245635,2.4991775167052452,6.741869766631008,1.3802331181234404,2.1198925694284942,0.4598440823011899
-0.06092752862714207,1.3713301265669733,13.91868391063973,2.021142596413168,7.038720814846648,1.1196564084234273,2.213604728502236,0.37301800102979316
-0.0541416530048151,1.3713301265669733,14.477680820270862,1.6263293341379694,7.321007913994859,0.9035267184410785,2.3025289541759273,0.30103764253797965
-0.04811156231253989,1.3713301265669733,15.00315747152622,1.3036185233833542,7.586513957524664,0.7261456284065152,2.385964653613185,0.24200431582874085
-0.04275308010908995,1.3713301265669733,15.492825657313375,1.0418514264498526,7.834055190082024,0.581716381576266,2.463570482125459,0.1939661377012212
-0.0379914052040221,1.3713301265669733,15.945920271655742,0.8307288831231892,8.063205111699766,0.4648287206212632,2.535263000923565,0.15509754489403554
-0.03376006747802295,1.3713301265669733,16.362757621545867,0.6611894603030167,8.274086047172087,0.37067369641403675,2.601131727734081,0.12378242643501572
-0.03,1.3713301265669733,16.744403349712474,0.5254961811875329,8.46720784293815,0.29510783443772615,2.661377788970213,0.09863650826382461
0.03,1.3713301265669733,24.271064909155736,0.549480111520949,12.273614525749494,0.3178162500236381,3.8481598104582595,0.10978625870268628
0.03376006747802295,1.3713301265669733,24.832753319228576,0.6956488165869392,12.557055702856452,0.40320841324671464,3.936936338713536,0.13963960038306306
0.0379914052040221,1.3713301265669733,25.477453483475255,0.8803433328910892,12.88227859825782,0.5115037508997318,4.038836880505814,0.17764388572328205
0.04275308010908995,1.3713301265669733,26.218890247432586,1.1134712145663248,13.25617700765328,0.6487881460728173,4.156011120366122,0.22601785414758926
0.04811156231253989,1.3713301265669733,27.073368577444377,1.4073312856970885,13.686953757637486,0.8227229536179993,4.290998040884508,0.28757039137767704
0.0541416530048151,1.3713301265669733,28.06031276691988,1.7770967376339102,14.18440912264014,1.042928343561839,4.44679718300096,0.36584511535724634
0.06092752862714207,1.3713301265669733,29.202931108042158,2.241343173663418,14.760300105984443,1.3214456605390308,4.6269529233638504,0.4652934501316199
0.06856391592404971,1.3713301265669733,30.52904594774518,2.8225972178895713,15.428789561722734,1.6732867179148376,4.835672176237343,0.5914901171696834
0.07715741427178036,1.3713301265669733,32.07213655358176,3.547858807918863,16.20701881472132,2.1170786607138017,5.07800605419368,0.7514187650071459
0.0868279837415025,1.3713301265669733,33.87263825406369,4.449008114801437,17.115856062289176,2.675814281396888,5.360093323460374,0.9538431331671188
0.09771061966979347,1.3713301265669733,35.9795771336199,5.5629650723779145,18.180846942396936,3.3776840001189843,5.689500429047305,1.2098048619395865
0.10995723711238882,1.3713301265669733,38.45279422576313,6.93148714848453,19.433308551411237,4.256859840327237,6.075875127178288,1.5334566275859296
0.12373879148704055,1.3713301265669733,41.366098553018055,8.60045248621176,20.91158214614705,5.354059790076015,6.531782686948778,1.9432090804639808
0.13924766500838334,1.3713301265669733,44.811270167022776,10.61807689324272,22.66257390622949,6.716713298120176,7.073527206984697,2.4630135597250495
0.15670035222800524,1.3713301265669733,48.903179952956776,13.031462885529624,24.743061224875753,8.397915571686028,7.7217692830207785,3.123467039869942
0.17634048216824733,1.3713301265669733,53.78628541651678,15.880687813850049,27.22090967786334,10.453676549259562,8.50018818523378,3.960557215655534
0.19844221923690444,1.3713301265669733,59.63920942202449,19.18767599112423,30.17708706844228,12.938592278647771,9.432224752931177,5.01118876338677
0.22331409039755062,1.3713301265669733,66.67643403444235,22.93994880271554,33.70983587423612,15.900479398591937,10.538123369768007,6.307611983329194
0.2513032920204875,1.3713301265669733,75.14281416233834,27.071347756943904,37.94543342551557,19.376596750083145,11.842569040727453,7.884036036479086
0.2828005365353655,1.3713301265669733,85.31342968633416,31.45507821996112,43.05453318581754,23.38778137181638,13.403209631513944,9.810622980730402
0.3182455065418344,1.3713301265669733,97.53051789860051,35.92694181271984,49.26002330486645,27.915737979076624,15.333584034294555,12.221192094992931
0.35813299251433084,1.3713301265669733,112.31366552275657,40.33386039370629,56.80766687048387,32.84932794475418,17.7358450783634,15.220712773364674
0.40301979977966995,1.3713301265669733,130.45200511235936,44.551422326232775,65.92457964484473,37.94993845014514,20.577787750211208,18.719843477509144
0.4535325211846986,1.3713301265669733,152.7773684243382,48.437500805704815,76.93624221374242,42.945297136450016,23.904640000797055,22.696689792868245
0.5103762839557767,1.3713301265669733,179.74010785853034,51.841565585658394,90.54810110781553,47.64854116778331,28.19751040157243,27.576858363234933
0.5743445928509872,1.3713301265669733,212.27144936375188,54.76027942087862,107.49571871597908,51.828169394154685,33.48046807929532,33.12600490078091
0.6463304070095649,1.3713301265669733,253.2783972518069,57.32115471204808,127.8588307085888,55.248063631201035,39.621866093451914,38.88450180119206
0.7273386051246984,1.3713301265669733,303.75061511574734,59.4753868198363,152.96443474611038,58.044547374613515,47.739688169981974,45.31421574958135
0.8185000129460304,1.3713301265669733,363.6417252677775,61.217187350363,184.15050658798623,60.30878646598606,56.78058770272864,50.93136496711283
0.9210871889273549,1.3713301265669733,441.3720530714195,62.741102804932176,221.52494457183073,62.07424535630389,69.20638112829332,56.31348696048318
1.0365321883776653,1.3713301265669733,532.2644711671335,63.93604385879564,270.1911580978075,63.55969587166929,82.89329225860298,59.923502404154206
1.166446554092426,1.3713301265669733,650.9381658351266,64.9768641003724,325.64663890709306,64.6601467039538,101.47613827197897,62.64363411269938
1.3126438125222553,1.3713301265669733,787.8202786467943,65.77670413989131,399.45773221111466,65.614188922309,122.84595132265498,64.34341739274943
1.4771647895120215,1.3713301265669733,970.1520932401206,66.4831693291402,486.3665226120035,66.34272692674502,149.6402123469064,65.55827508242578
1.6623060990028473,1.3713301265669733,1177.41612252663,67.01519252393436,592.2862748912246,66.92651595857029,184.44816227983912,66.47314421182156
1.8706522023821734,1.3713301265669733,1442.6683372946143,67.4693784946368,733.9607544227761,67.4329514826937,225.00774528599163,67.11080457483753
2.1051114860111477,1.3713301265669733,1781.6394831736827,67.85030024571944,891.2374904136076,67.80011518512079,272.79754328303426,67.58081090660747
2.368956860549917,1.3713301265669733,2173.515374053546,68.14095353707714,1097.4246945713946,68.11762552015138,331.49116829621374,67.94985744260475
2.6658714488230206,1.3713301265669733,2691.210266164779,68.39398280562719,1335.9531090433034,68.35989572516283,410.65498900552876,68.2645944309366
3.0,1.3713301265669733,3273.76087980756,68.58230849431439,1623.3141592274326,68.55545339979669,496.99201083136137,68.4848134187625
-3.0,1.4211966766239543,1284.0925951229858,67.22083123304242,655.3302786290483,67.18018986131459,200.64584639910072,66.76573748589523
-2.6658714488230206,1.4211966766239543,1036.802061938557,66.67798780459768,521.2759523628469,66.56291016563517,161.1969216788874,65.91922430666732
-2.368956860549917,1.4211966766239543,832.6073282749929,65.97971417571256,418.7908930693025,65.80436498051444,129.18016554054026,64.69502285923137
-2.1051114860111477,1.4211966766239543,664.0598795864994,65.06832582116459,335.43349220466024,64.81306548642549,104.81316816537705,62.97962276388592
-1.8706522023821734,1.4211966766239543,532.6245800358955,63.939933516301735,268.84717447329194,63.526727463532325,83.79115064888036,60.10020299900624
-1.6623060990028473,1.4211966766239543,425.75358413970736,62.48177142897995,215.0215751851657,61.81736397346249,67.23256789368705,55.61551344863499
-1.4771647895120215,1.4211966766239543,341.4229491119413,60.6463662195315,172.31275529282465,59.56173150761252,53.843553396808446,49.27770601990103
-1.3126438125222553,1.4211966766239543,274.89012845435497,58.34648857141878,138.81476657849456,56.61462293414101,43.504334572509876,42.12760924960749
-1.166446554092426,1.4211966766239543,222.5372540136592,55.495462085022844,112.43539176024001,52.788567876592204,35.24679698015629,34.860255665398356
-1.0365321883776653,1.4211966766239543,181.41820625982604,52.01901450990918,91.70320140808896,47.985352929255946,28.75755905519686,28.1899779147869
-0.9210871889273549,1.4211966766239543,148.55782821247877,47.79107098993075,75.12274714094336,42.20315719456702,23.573028819085877,22.307271041197474
-0.8185000129460304,1.4211966766239543,121.52374536164197,42.61749956586612,61.472053064758384,35.574382415709835,19.291734670422148,17.145772353787454
-0.7273386051246984,1.4211966766239543,98.39807540682114,36.21408952532501,49.78860958088534,28.282228293141966,15.62518275919346,12.586084912782457
-0.6463304070095649,1.4211966766239543,78.3129570828395,28.505279139683406,39.630332276165774,20.724475009100875,12.434954905419639,8.611454304658862
-0.5743445928509872,1.4211966766239543,61.217533559163606,20.052449126523413,30.977616689115113,13.61228058865241,9.718838611476055,5.342695778078409
-0.5103762839557767,1.4211966766239543,47.20552923499481,12.0306864836434,23.886249621462518,7.699050293721786,7.493499305830605,2.8866446559650862
-0.4535325211846986,1.4211966766239543,36.154111196504445,5.65762344487025,18.290200110197503,3.452292291265954,5.7368886331683795,1.248208921627696
-0.40301979977966995,1.4211966766239543,27.717888272713044,1.6453320129898914,14.020422996888025,0.9681542637456311,4.399821573985704,0.34146107618503085
-0.35813299251433084,1.4211966766239543,21.465490637521,0.061185423818858525,10.855026317696078,0.034881661043437776,3.408890172370065,0.012363574610078696
-0.3182455065418344,1.4211966766239543,16.966932155434257,0.45458574946777547,8.580833424418838,0.2551988919716078,2.697696900924199,0.08502382589355996
-0.2828005365353655,1.4211966766239543,13.843567438869465,2.0784971487063713,7.0035135845312935,1.148719962635234,2.2010337855505555,0.38399092110641886
-0.2513032920204875,1.4211966766239543,11.778050429223855,4.120261317078074,5.95801474337648,2.2578960354096824,1.8724001919164932,0.751386518993162
-0.22331409039755062,1.4211966766239543,10.512428083045604,5.914324140002694,5.315027480724262,3.227541213162119,1.6747469344344992,1.0624808672415327
-0.19844221923690444,1.4211966766239543,9.843588683948882,7.075758050812459,4.9748036978728365,3.853169752447036,1.5729220191573237,1.2559692016681652
-0.17634048216824733,1.4211966766239543,9.612394929939695,7.516896885366647,4.858550465525833,4.087522186718317,1.5380138117128883,1.3282458545181124
-0.15670035222800524,1.4211966766239543,9.696298545555727,7.354305765767102,4.9028639809986405,3.9968843260793276,1.549996922313692,1.3030745708928102
-0.13924766500838334,1.4211966766239543,10.000374329538454,6.788614317953641,5.058811450382314,3.6905714474236233,1.5953836207885823,1.2111214737568368
-0.12373879148704055,1.4211966766239543,10.45240966294204,6.011979020216517,5.288636638798931,3.2730409635742075,1.6644020044745163,1.0810208589592292
-0.10995723711238882,1.4211966766239543,10.997428811590586,5.16909697841176,5.564665705575742,2.820478172905168,1.7492279132516326,0.9359424562922122
-0.09771061966979347,1.4211966766239543,11.594886807647566,4.35080227894628,5.866467107081916,2.3807884489967406,1.843408088833567,0.7922293087374792
-0.0868279837415025,1.4211966766239543,12.214975360506259,3.606026577122245,6.179290077381139,1.9795911574431362,1.9418824683830263,0.659568714067874
-0.07715741427178036,1.4211966766239543,12.836269305466862,2.955262984998582,6.492670475612166,1.6276746112047504,2.0409213733670826,0.5425007137769358
-0.06856391592404971,1.4211966766239543,13.443846936623817,2.401812805727879,6.7992129297284505,1.327093451888265,2.137823210173586,0.44231475880150867
-0.06092752862714207,1.4211966766239543,14.02759833096796,1.939835045626828,7.09385040073736,1.0751073116846839,2.230825976794258,0.3583135398000286
-0.0541416530048151,1.4211966766239543,14.580975328281859,1.5593143258635447,7.373296414750055,0.8666724981704566,2.3188474952436504,0.2888641801961475
-0.04811156231253989,1.4211966766239543,15.100091687507717,1.2489098894957706,7.635585928308899,0.6959553147346306,2.401267022702386,0.23202276781794853
-0.04275308010908995,1.4211966766239543,15.583028275174183,0.9975063732907712,7.879721463717788,0.5571674739078998,2.477801552711086,0.18584046366160628
-0.0379914052040221,1.4211966766239543,16.029287754743013,0.7949773222867217,8.105412155598714,0.444979817657167,2.548409435193593,0.14851891987503701
-0.03376006747802295,1.4211966766239543,16.439376895020466,0.6324847897175832,8.31287705266386,0.3546952695546847,2.6132095765633205,0.1184790866378524
-0.03,1.4211966766239543,16.81449310898358,0.5025229818846063,8.502693011769916,0.2822893632539545,2.6724232745894825,0.09437574488249907
0.03,1.4211966766239543,24.16895898201787,0.5244612839258943,12.222020791109662,0.30321317610726284,3.8320497347357225,0.10470632481456506
0.03376006747802295,1.4211966766239543,24.71559674167316,0.6639937413933872,12.49786910246419,0.38466815060795845,3.9184485059878904,0.13316714870865148
0.0379914052040221,1.4211966766239543,25.34276193829974,0.840324016309662,12.814249123162826,0.48797075477783025,4.017578806042656,0.16939579574186836
0.04275308010908995,1.4211966766239543,26.063710168683976,1.0629312093153795,13.17781906278253,0.6189298093606908,4.131516749131755,0.21550639366066984
0.04811156231253989,1.4211966766239543,26.89417717969619,1.3435927459648462,13.596495659351774,0.7848609493898925,4.2627125100592345,0.2741756817207756
0.0541416530048151,1.4211966766239543,27.852895088477165,1.6968552665804781,14.079730568988136,0.9949553573596894,4.414058381008311,0.34878114677804706
0.06092752862714207,1.4211966766239543,28.962228504812728,2.140553778632535,14.638854530369409,1.2607257989026026,4.588969173359159,0.4435665584387406
0.06856391592404971,1.4211966766239543,30.248968910563796,2.6963584160050984,15.287507411951562,1.596538556778983,4.791494802563194,0.5638483665094934
0.07715741427178036,1.4211966766239543,31.745332786713284,3.390307728805565,16.042186469678665,2.020241090623854,5.026494705494605,0.7162897261306023
0.0868279837415025,1.4211966766239543,33.490204705935135,4.253248314892828,16.92296322813495,2.5538973472895843,5.299871511874473,0.909257067924493
0.09771061966979347,1.4211966766239543,35.53070092596177,5.321060846656286,17.954393947484096,3.2246116304293815,5.618897151780363,1.1532987140000228
0.10995723711238882,1.4211966766239543,37.92429898168856,6.634571783876913,19.166565296810887,4.065321698285121,5.992842664170651,1.4619466706842672
0.12373879148704055,1.4211966766239543,40.741861098680076,8.239015877762403,20.596289729413396,5.115403904429024,6.433781910654866,1.8528217117232604
0.13924766500838334,1.4211966766239543,44.07146727074345,10.182528382353254,22.28857834802008,6.420930587380269,6.957376479323055,2.348873111005971
0.15670035222800524,1.4211966766239543,48.023312302348714,12.5130915041882,24.29788144256884,8.033809996761805,7.583463666135674,2.979460236953442
0.17634048216824733,1.4211966766239543,52.735923264608324,15.273158451742344,26.68924181570463,10.00934659021097,8.334747818084503,3.7791831216143987
0.19844221923690444,1.4211966766239543,58.38049299462624,18.48918613224562,29.540220468467385,12.402355058306211,9.233650931297147,4.7836429204693545
0.22331409039755062,1.4211966766239543,65.16245114239102,22.15592675674708,32.94489268086172,15.26234894446241,10.299469079846558,6.024145703628657
0.2513032920204875,1.4211966766239543,73.31611797879866,26.216984048903157,37.024182277215736,18.630375287101856,11.55576142594129,7.5340856311717355
0.2828005365353655,1.4211966766239543,83.10459595339103,30.556115784232656,41.94151882668687,22.53399054567074,13.057824009103777,9.38168749383098
0.3182455065418344,1.4211966766239543,94.8553266831753,35.017125554959996,47.91029924282011,26.96589720424761,14.914640091450034,11.697000951528937
0.35813299251433084,1.4211966766239543,109.06585806122565,39.44941045345493,55.16563442763768,31.831203996997903,17.223988777320844,14.58357397947901
0.40301979977966995,1.4211966766239543,126.4918475011943,43.72481641430271,63.92459621743568,36.90963331353208,19.95438510828668,17.959021853509462
0.4535325211846986,1.4211966766239543,147.92878624640412,47.69154925996199,74.49858508146609,41.94073912695166,23.14899491562304,21.806927222203566
0.5103762839557767,1.4211966766239543,173.80582874110877,51.18546346081976,87.56289258870763,46.736658805962506,27.269263237191836,26.54824579638627
0.5743445928509872,1.4211966766239543,205.01383819576623,54.193431605986575,103.82087361827683,51.04692629858318,32.33743662668489,31.970789893781966
0.6463304070095649,1.4211966766239543,244.33569913316717,56.840313660810175,123.3478734432954,54.60216178384241,38.22677888449151,37.643645922104895
0.7273386051246984,1.4211966766239543,292.7146563438652,59.07160136488075,147.4132847822853,57.52198381446762,46.008064430404396,44.05536110225221
0.8185000129460304,1.4211966766239543,350.1036094530216,60.878495413067085,177.29575165447343,59.89036079202688,54.671785635125254,49.76021418062259
0.9210871889273549,1.4211966766239543,424.55988244279905,62.46112665931772,213.0984449531355,61.737961885835034,66.57412305045446,55.37066849172392
1.0365321883776653,1.4211966766239543,511.6006571720915,63.703274943231605,259.7003770201875,63.29219033734279,79.68172624145132,59.239846201763285
1.166446554092426,1.4211966766239543,625.2109855678581,64.7859869301229,312.793680364944,64.44331564825265,97.47211774997923,62.19231169818652
1.3126438125222553,1.4211966766239543,756.2257682290837,65.61858033373736,383.43797353083005,65.44088387218241,117.92570194037472,64.03192736212732
1.4771647895120215,1.4211966766239543,930.6914185522342,66.35433933560569,466.6005124240665,66.20246928027069,143.5651199102487,65.3368725060744
1.6623060990028473,1.4211966766239543,1128.9848035810326,66.9087335012324,567.9354263787889,66.81263167458137,176.86372965805145,66.31278220611921
1.8706522023821734,1.4211966766239543,1382.6994503323301,67.38220457438663,703.4376228635549,67.34183739102954,215.65813084391684,66.98950001376507
2.1051114860111477,1.4211966766239543,1706.8466465436998,67.77944393726489,853.8475629637753,67.72552338799865,261.361438300031,67.48651859471688
2.368956860549917,1.4211966766239543,2081.535578811332,68.08267583264058,1050.987366782089,68.05730043035724,317.4820308352748,67.8757515102633
2.6658714488230206,1.4211966766239543,2576.4175956739564,68.34673339915321,1279.0232306725425,68.31047720847228,393.15554951580947,68.20701322226091
3.0,1.4211966766239543,3133.25116721599,68.54334312761428,1553.7037227265678,68.51484964456549,475.68070725286134,68.43847603249897
-3.0,1.471063226680935,1221.130251300535,67.1038897308369,623.0653130011598,67.05709513435207,190.82112988213234,66.5956316244713
-2.6658714488230206,1.471063226680935,987.0167563038044,66.53501117753812,496.2462205931813,66.40838133959599,153.48660904290313,65.68641973842122
-2.368956860549917,1.471063226680935,793.8854476727107,65.80557673527338,399.3187262200531,65.612749628837,123.21479111077561,64.36532238174303
-2.1051114860111477,1.471063226680935,634.716810412199,64.8583807836578,320.5819848346121,64.57698496692586,100.18040520215307,62.50372566487071
-1.8706522023821734,1.471063226680935,510.7367129573047,63.69311491604075,257.78509382191095,63.240715251306696,80.36310922157143,59.39198992654164
-1.6623060990028473,1.471063226680935,410.2021820001536,62.2029125514368,207.1567486129473,61.481943700750904,64.78407916458745,54.67326465626172
-1.4771647895120215,1.471063226680935,331.055717917081,60.352236649018636,167.09009252763462,59.19261232999044,52.22846530636145,48.29944206575931
-1.3126438125222553,1.471063226680935,268.7072147581702,58.07103619384171,135.7074745966198,56.25327468195728,42.53626992906135,41.34790748887035
-1.166446554092426,1.471063226680935,219.50438737987983,55.285840267954924,110.92309117297253,52.5047974488605,34.77906825307161,34.40708720961689
-1.0365321883776653,1.471063226680935,180.31110629487256,51.90233123125863,91.16466348849694,47.82940316001884,28.593590388573556,28.01106125998149
-0.9210871889273549,1.471063226680935,148.03239196210325,47.70799876817176,74.87902098570648,42.101118235351336,23.497677840398783,22.218554199111473
-0.8185000129460304,1.471063226680935,120.46810148818145,42.371511340274665,60.951934165506266,35.28265020477233,19.128664014982593,16.944977540157176
-0.7273386051246984,1.471063226680935,96.41530407013553,35.55217836423132,48.79542095943004,27.591049346296124,15.310169632853258,12.191892083195574
-0.6463304070095649,1.471063226680935,75.71546943216008,27.334951298630227,38.31666417606257,19.675508298225388,12.022093438810884,8.103868594914358
-0.5743445928509872,1.471063226680935,58.52753891962044,18.571175041327194,29.6169146439906,12.466930914608742,9.291075326939609,4.84925743835628
-0.5103762839557767,1.471063226680935,44.78936046679728,10.605167047585839,22.662723585310502,6.716832130033129,7.109522782278628,2.498664171207143
-0.4535325211846986,1.471063226680935,34.15909337855986,4.597041178850166,17.28033133465742,2.7810991954002167,5.420407979560108,0.9992081398044376
-0.40301979977966995,1.471063226680935,26.15874876064429,1.0937770996368548,13.23128124199952,0.6392404777678019,4.152455853052933,0.2244793199967836
-0.35813299251433084,1.471063226680935,20.29618304232976,0.0006150334434905138,10.263335091139123,0.00033321228272721907,3.2237010603780205,0.00015476993768213603
-0.3182455065418344,1.471063226680935,16.122378841796014,0.7561578657534003,8.153975437064416,0.42277011935544984,2.5642293509315848,0.14082184181339893
-0.2828005365353655,1.471063226680935,13.258948591824726,2.562062767333014,6.708300062343506,1.4119866321363557,2.108612170639762,0.4711016810632275
-0.2513032920204875,1.471063226680935,11.395821476412468,4.611902279933752,5.765005893698955,2.522551336449656,1.8119787490546935,0.8382699680599217
-0.22331409039755062,1.471063226680935,10.28441194649184,6.291999634845518,5.1998690122972695,3.429710524167039,1.6387952703359114,1.127970393794509
-0.19844221923690444,1.471063226680935,9.730829114512051,7.288223830796518,4.917917381657017,3.966463801457122,1.5552260970674026,1.292209384058283
-0.17634048216824733,1.471063226680935,9.584092621091006,7.572395427829356,4.844401274922783,4.1168080626189125,1.5336401088414897,1.337528595757219
-0.15670035222800524,1.471063226680935,9.728446272466218,7.292768467087326,4.919299176717978,3.9636807202089903,1.5551446383910066,1.2923780886054577
-0.13924766500838334,1.471063226680935,10.074479278467978,6.656165694203563,5.096440729436397,3.6195168101455732,1.6071543883931225,1.18812297019205
-0.12373879148704055,1.471063226680935,10.554371069468296,5.84681104744616,5.340319996418523,3.1843904984123177,1.6805850560712512,1.0521246072579507
-0.10995723711238882,1.471063226680935,11.116633944075394,4.9973818327309685,5.625034856146312,2.728111377310364,1.7681445260786877,0.9056687531720093
-0.09771061966979347,1.471063226680935,11.723442969285166,4.188040443120849,5.931542157470884,2.2929527592588927,1.8638015492097768,0.763340053119313
-0.0868279837415025,1.471063226680935,12.347106204944494,3.459984219865544,6.246162571649078,1.9004747922093275,1.9628296107227192,0.6334973859643659
-0.07715741427178036,1.471063226680935,12.967829816999314,2.8287629240842755,6.559251203576086,1.5588682160372178,2.0617592980161596,0.5198055836367548
-0.06856391592404971,1.471063226680935,13.571936095227054,2.294824129802035,6.864038626467048,1.2686655905107374,2.158091758149305,0.4230310632450516
-0.06092752862714207,1.471063226680935,14.150257968254964,1.8508498134974294,7.1559326246782495,1.026321828188044,2.2502174798423016,0.3422025772980016
-0.0541416530048151,1.471063226680935,14.696956600527594,1.4861884267556584,7.432003436966744,0.8264337974181485,2.337167814133909,0.2755662257829457
-0.04811156231253989,1.471063226680935,15.2086735512293,1.189345362246481,7.690551638612296,0.6630666912578156,2.4184061449916463,0.22114397491257418
-0.04275308010908995,1.471063226680935,15.683877139145467,0.9493073362988618,7.930775392333623,0.5304707666000945,2.4937106794954143,0.17699993003562736
-0.0379914052040221,1.471063226680935,16.12234983736323,0.756169781208909,8.1525256567759,0.4234234955038374,2.5630833830143023,0.14137141443710013
-0.03376006747802295,1.471063226680935,16.524796195514664,0.6013586576082621,8.356122001073153,0.337360913195503,2.626673622010523,0.11272347484587882
-0.03,1.471063226680935,16.8925492311068,0.47763219942274115,8.542210305093288,0.2683950069660428,2.684723399620783,0.089755712236867
0.03,1.471063226680935,24.056525063186218,0.4974813619308244,12.165207455762735,0.2874766440245149,3.814309669663115,0.09923508556008104
0.03376006747802295,1.471063226680935,24.58664999828957,0.6298554704263414,12.432724942837499,0.3646898824119732,3.898099555958674,0.12619706923984794
0.0379914052040221,1.471063226680935,25.194590047083718,0.7971611732046776,12.739409316319858,0.46261329928919553,3.99419243260524,0.1605146965944768
0.04275308010908995,1.471063226680935,25.893091063909033,1.0084131003882295,13.091662842646944,0.586756690274218,4.104584491078746,0.20418953065231282
0.04811156231253989,1.471063226680935,26.6972708567981,1.2748222818400992,13.497091647148295,0.74406219503511,4.231629493757342,0.25975606452928124
0.0541416530048151,1.471063226680935,27.625110570726175,1.61025285913402,13.964769102441998,0.9432569375259341,4.378103371450801,0.33041286353432453
0.06092752862714207,1.471063226680935,28.698059954986455,2.031730108726883,14.505563652478108,1.1952809171083467,4.547280439896315,0.42017990088605395
0.06856391592404971,1.471063226680935,29.94179316810032,2.559982911258357,15.132548241754325,1.513799373800596,4.743040449209039,0.5340950295394937
0.07715741427178036,1.471063226680935,31.38715850784452,3.2199855537434976,15.861522236172688,1.9158105913344603,4.9700351489970584,0.6784752972982336
0.0868279837415025,1.471063226680935,33.0713608583431,4.041427896589663,16.711694214604428,2.4223630385035406,5.2339113599226925,0.8612574842352568
0.09771061966979347,1.471063226680935,35.039448350228284,5.059006636946004,17.706549055814055,3.0593675052846563,5.541622023668641,1.0924556020467961
0.10995723711238882,1.471063226680935,37.34633954843131,6.312451387762081,18.874841346126225,3.8583956589766957,5.90203017899243,1.384928212022875
0.12373879148704055,1.471063226680935,40.05970647133227,7.846170029523298,20.251728770974303,4.857322841028848,6.326677536744113,1.7554373780308545
0.13924766500838334,1.471063226680935,43.26362381911041,9.708026305007545,21.88017138399663,6.100675475394483,6.830530126619756,2.225840582290431
0.15670035222800524,1.471063226680935,47.06322528112804,11.946706015129665,23.812100836438535,7.6389590421705496,7.432534208832573,2.8241446496865676
0.17634048216824733,1.471063226680935,51.59061985432105,14.606921046201688,26.10950444133561,9.52653887986217,8.154339403425741,3.5834254094438984
0.19844221923690444,1.471063226680935,57.00896040002325,17.719688933298112,28.84625456807956,11.818214128482273,9.017265401282081,4.537836953653667
0.22331409039755062,1.471063226680935,63.51387996119515,21.287309576666416,32.111913837907714,14.564987285692922,10.039581231660767,5.717609056270087
0.2513032920204875,1.471063226680935,71.32829364714603,25.263948371604037,36.02160949717956,17.81154659218189,11.243625160501697,7.155176914907583
0.2828005365353655,1.471063226680935,80.70232717152732,29.545335432174113,40.73095300362625,21.592154331045194,12.68214622531301,8.91655259217494
0.3182455065418344,1.471063226680935,91.94738828190732,33.98519269768686,46.44307199258941,25.910837287333987,14.459201216323807,11.127505670108402
0.35813299251433084,1.471063226680935,105.53716638792505,38.437308548788394,53.38154448650436,30.690087708435776,16.667839816968396,13.889733542938192
0.40301979977966995,1.471063226680935,122.19111696919607,42.771026991892825,61.75255018282014,35.73046097998841,19.27734220815724,17.128060529420036
0.4535325211846986,1.471063226680935,142.66541388504314,46.82475878251961,71.85224045119449,40.78712707428035,22.3286321425898,20.83156615527295
0.5103762839557767,1.471063226680935,167.36619397247597,50.41896591755321,84.3233223885076,45.675338536777595,26.261916209076386,25.4148915933512
0.5743445928509872,1.471063226680935,197.14063487444312,53.52860703652202,99.83432362302304,50.12746148328771,31.097454148413544,30.6887954800844
0.6463304070095649,1.471063226680935,234.63754477950022,56.27473190852425,118.45577008806798,53.83668313572996,36.7137994906707,36.25299830819922
0.7273386051246984,1.471063226680935,280.7499124884531,58.59566328410827,141.39484795214372,56.9005303761693,44.13074131049856,42.62190748191799
0.8185000129460304,1.471063226680935,335.4298380862462,60.47868155733814,169.86608401521232,59.39211149297836,52.38610999863967,48.3971240405812
0.9210871889273549,1.471063226680935,406.3425926319995,62.13022650770614,203.96758238423087,61.33745089355328,63.72200265622725,54.23676700177512
1.0365321883776653,1.471063226680935,489.21531775331624,63.427917124048264,248.33597931316828,62.9736684665382,76.20276290001276,58.39730994431383
1.166446554092426,1.471063226680935,597.3483153594816,64.56001004850651,298.8738317683159,64.18522332121958,93.13605340034862,61.633115475958974
1.3126438125222553,1.471063226680935,722.0172058921041,65.43126629564544,366.0935070450807,65.23467465718133,112.59884029796542,63.64860453585444
1.4771647895120215,1.471063226680935,887.9783437414515,66.20164248245447,445.2057096140428,66.03563018784257,136.9898324792523,65.06662811186197
1.6623060990028473,1.471063226680935,1076.5750618632767,66.78249883153987,541.5850275501709,66.67719626805075,168.65735166061145,66.11837413912828
1.8706522023821734,1.471063226680935,1317.8224027220233,67.2787982257652,670.4181440203446,67.23349912794176,205.54467395078575,66.84313875957787
2.1051114860111477,1.471063226680935,1625.9556410496325,67.6953636010096,813.4098681465035,67.63684147866624,248.9943026791945,67.37313549595915
2.368956860549917,1.471063226680935,1982.0810004294756,68.01350153553443,1000.7789762153238,67.98558580919536,302.33633210059355,67.78686913966467
2.6658714488230206,1.471063226680935,2452.331745965837,68.29063430530496,1217.4854313357337,68.25173125072978,374.2421102750794,68.13809312290289
3.0,1.471063226680935,2981.4017280446697,68.49706990707318,1478.4762206608175,68.466582862347,452.6528356419521,68.38309147820766
-3.0,1.520929776737916,1156.4238574804385,66.97016600462061,589.869965188302,66.91565762757847,180.73249438387833,66.39670325860519
-2.6658714488230206,1.520929776737916,936.5029502304922,66.37401159865507,470.8555058871748,66.23372289399008,145.6779320164195,65.41670444295761
-2.368956860549917,1.520929776737916,755.3590697589941,65.61405052591132,379.9542141536095,65.40110111050456,117.30101099351023,63.98962465493496
-2.1051114860111477,1.520929776737916,606.4422188751903,64.63613347089489,306.2680109538148,64.32554267284067,95.72089143491837,61.976057933402046
-1.8706522023821734,1.520929776737916,490.65901258120385,63.44646778414868,247.64356000055392,62.95319675568355,77.2325779159446,58.6586883144707
-1.6623060990028473,1.520929776737916,397.11415561669,61.95040038267563,200.5464684014002,61.17656216274554,62.73456312406026,53.81523319425821
-1.4771647895120215,1.520929776737916,323.5735469566877,60.12754573156035,163.3447373048915,58.91083109797559,51.08458904074281,47.57627236146067
-1.3126438125222553,1.520929776737916,265.43057665786574,57.91952613521012,134.08969075077167,56.05733746427028,42.03890476252375,40.93984620629393
-1.166446554092426,1.520929776737916,218.79888295070506,55.23619505988761,110.60555195492447,52.44409526684889,34.68899443674595,34.319313794401886
-1.0365321883776653,1.520929776737916,180.343055696112,51.90571945601642,91.21343448463615,47.84360357617907,28.615258988513506,28.03473335291969
-0.9210871889273549,1.520929776737916,147.28834035875565,47.58935494690513,74.5283523352916,41.953336757030655,23.38915265726956,22.09063025186738
-0.8185000129460304,1.520929776737916,118.3414590984063,41.86400514435161,59.88815614703213,34.676554247979546,18.795118775310804,16.53351005090546
-0.7273386051246984,1.520929776737916,93.25931149999393,34.45639394551685,47.20493000608321,26.461576828020213,14.808561892587088,11.564311538358458
-0.6463304070095649,1.520929776737916,72.25319485312356,25.710394692502177,36.563791175084376,18.255195905923774,11.471621175923996,7.431736419943902
-0.5743445928509872,1.520929776737916,55.30726467235406,16.753669149170925,27.986843320540565,11.095799291382287,8.779146388119253,4.270133156066282
-0.5103762839557767,1.520929776737916,42.06884481873858,9.009254850113772,21.284950107001123,5.639564421206594,6.677322971388895,2.0796038085776054
-0.4535325211846986,1.520929776737916,31.992060864935517,3.509069847212114,16.183545582334588,2.1031992683734657,5.076813462648069,0.7505987800361255
-0.40301979977966995,1.520929776737916,24.503316458088637,0.6081898418281187,12.393473640249097,0.3528713578083449,3.889868387163917,0.12342388323120641
-0.35813299251433084,1.520929776737916,19.075013976770613,0.04822452890512485,9.645468964123948,0.02749725673629224,3.0303315964304227,0.009022929436660776
-0.3182455065418344,1.520929776737916,15.253160204577894,1.165459066071487,7.714693430824849,0.648927603343092,2.426872136454193,0.2158862525218921
-0.2828005365353655,1.520929776737916,12.666888536131001,3.1237924788401226,6.40934485491604,1.7166550667181486,2.0150157048350352,0.5716307056502058
-0.2513032920204875,1.520929776737916,11.017263335841472,5.140222297213666,5.573860544362185,2.80626203045051,1.7521389859389098,0.9312359469062483
-0.22331409039755062,1.520929776737916,10.067239708516597,6.669013994922171,5.090202155629406,3.6312221303374885,1.6045522619174533,1.1931777629428715
-0.19844221923690444,1.520929776737916,9.63344060250658,7.475842693519927,4.868814196035841,4.066383544196867,1.539944615193569,1.3241642410284975
-0.17634048216824733,1.520929776737916,9.573861294915213,7.5925400812095365,4.839396680675748,4.127206920066983,1.5321035538590324,1.3408019963975448
-0.15670035222800524,1.520929776737916,9.780079662277233,7.19480174342579,4.945588389204605,3.9110277997115133,1.5633565579902229,1.275457970056495
-0.13924766500838334,1.520929776737916,10.168579053224262,6.490936643359347,5.144175708838608,3.530926108460342,1.6220769507119577,1.1594537892238195
-0.12373879148704055,1.520929776737916,10.67620312575502,5.654067562477413,5.402043466966607,3.0809301779921214,1.6999068626990892,1.0183909207453186
-0.10995723711238882,1.520929776737916,11.255151876419932,4.803251658044016,5.6951615676920975,2.623645765568058,1.7901155797997421,0.8714131759208102
-0.09771061966979347,1.520929776737916,11.870466258017812,4.0073679964533,6.005948621155767,2.1953959791866526,1.8871169957551057,0.7312356016172985
-0.0868279837415025,1.520929776737916,12.496678249742864,3.2997465705426166,6.321850156674567,1.8136109448339104,1.986535964157974,0.6048559927900451
-0.07715741427178036,1.520929776737916,13.115704048812278,2.691052065348392,6.634079346603707,1.4839112155577485,2.0851765993976294,0.4950666558537582
-0.06856391592404971,1.520929776737916,13.715166766131896,2.178993382669936,6.936521090491712,1.2053636732360835,2.1807526213379735,0.40212601842147294
-0.06092752862714207,1.520929776737916,14.286882849823753,1.754892855465324,7.2250784735394395,0.9736770525921906,2.271813845631019,0.3248067892856489
-0.0541416530048151,1.520929776737916,14.825751402452468,1.4075648073201674,7.4971928733497455,0.7831404715733512,2.3575098002884403,0.26125060210363243
-0.04811156231253989,1.520929776737916,15.328961287051778,1.125444280479219,7.751440361769212,0.6277608472814172,2.4373911080708024,0.20945926690312652
-0.04275308010908995,1.520929776737916,15.795380926835529,0.8976866648431607,7.987221220100572,0.5018615247083369,2.511299151879584,0.16752121816070406
-0.0379914052040221,1.520929776737916,16.225080167779115,0.7146618111232828,8.20453216322744,0.40035415223369747,2.579280627270227,0.13371858323599564
-0.03376006747802295,1.520929776737916,16.618965168607442,0.5681008574417741,8.403795315784064,0.3188297475115877,2.6415158785106625,0.10656776534562476
-0.03,1.520929776737916,16.978505671616464,0.4510584627516224,8.585726222900721,0.2535540883313968,2.6982677186735606,0.08481893327236319
0.03,1.520929776737916,23.934171685191718,0.4688085338140755,12.103380884270429,0.27076574897627187,3.795004038889145,0.09342856254869861
0.03376006747802295,1.520929776737916,24.446397082718704,0.5935724691735405,12.361867649407321,0.3434755843809255,3.8759658223841384,0.118800857932405
0.0379914052040221,1.520929776737916,25.03351318381485,0.7512812365258454,12.65804967626993,0.4356876193919742,3.9687685167066102,0.1510918340745498
0.04275308010908995,1.520929776737916,25.707719317517597,0.9504529705716251,12.998054795149256,0.552593540319628,4.075322621335294,0.1921836958789457
0.04811156231253989,1.520929776737916,26.48347126088613,1.201691918511493,13.38915631972568,0.7007377314157099,4.197878606349733,0.24446004517810802
0.0541416530048151,1.520929776737916,27.377946165376244,1.5181289185217848,13.840022578511169,0.888352425285854,4.339087828814523,0.31092954656070704
0.06092752862714207,1.520929776737916,28.411614952131192,1.9159158238433158,14.36102732414142,1.1257656905828064,4.50207429602024,0.3953744711181504
0.06856391592404971,1.520929776737916,29.608957004796576,2.414760768701616,14.964637190929832,1.4258920286665968,4.690535813751928,0.5025364866537948
0.07715741427178036,1.520929776737916,30.999358294596384,3.0384751504405685,15.66590554606115,1.804817575984163,4.90890215843326,0.6383642440767645
0.0868279837415025,1.520929776737916,32.61822914930715,3.8154707450135343,16.4831189304811,2.2824956499719447,5.162546824914041,0.8103365404920796
0.09771061966979347,1.520929776737916,34.50840886644105,4.779112726123932,17.438617877217556,2.883542970621401,5.458082010780395,1.027896895861528
0.10995723711238882,1.520929776737916,36.72208362048217,5.967857201684069,18.559734620162054,3.638038959277656,5.803934945916208,1.3031834372136852
0.12373879148704055,1.520929776737916,39.323519534828,7.42507806906217,19.87986043828827,4.582201240911598,6.211078960639422,1.6520376401364285
0.13924766500838334,1.520929776737916,42.39251580000015,9.198133457488085,21.439766306585174,5.758818177241726,6.693737388338391,2.0951436824342333
0.15670035222800524,1.520929776737916,46.02880441963659,11.336165334337785,23.288695989521315,7.216762545276739,7.269905330481015,2.6590500505019543
0.17634048216824733,1.520929776737916,50.35764517842499,13.885917580701864,25.485375953854916,9.0091950119398,7.960107164677031,3.375180464993156
0.19844221923690444,1.520929776737916,55.533612255410354,16.882841364502355,28.09974140802381,11.190605683129398,8.784487057661064,4.276103657433596
0.22331409039755062,1.520929776737916,61.741885408568095,20.33690599964371,31.216537728517206,13.813179194470617,9.760218539171865,5.3908398391678745
0.2513032920204875,1.520929776737916,69.19320743174598,24.213442484401988,34.944704545790984,16.924943813189252,10.908335933392456,6.75071444234342
0.2828005365353655,1.520929776737916,78.12384688367983,28.42147245696176,39.43151015911406,20.56662365263935,12.278867999064575,8.41924461226336
0.3182455065418344,1.520929776737916,88.82808514648103,32.82668119281609,44.86912510608894,24.753570991140872,13.97061460443044,10.517397313874955
0.35813299251433084,1.520929776737916,101.75414337862658,37.28960556799413,51.46881668481516,29.42641066694865,16.071581339244315,13.144532571130028
0.40301979977966995,1.520929776737916,117.5828597618001,41.67901517842594,59.4251255735402,34.408765181360444,18.55186001755381,16.23280838049297
0.4535325211846986,1.520929776737916,137.02845856367722,45.824071031317224,69.01792413978592,39.47541686965172,21.449976364651672,19.7766743753941
0.5103762839557767,1.520929776737916,160.47247069284282,49.52831876302573,80.855182696044,44.449938312929284,25.183493178251084,24.18251310918298
0.5743445928509872,1.520929776737916,188.7154736460804,52.75242009748075,95.56828241829325,49.051459518452944,29.770546873883106,29.28434865461854
0.6463304070095649,1.520929776737916,224.26335763038398,55.61208312999098,113.22259072627074,52.93287347891306,35.095336697055565,34.713990942193284
0.7273386051246984,1.520929776737916,267.95552102664317,58.03662628546369,134.9590272237295,56.16331193931529,42.123295708760594,41.0094419539013
0.8185000129460304,1.520929776737916,319.74339519054325,60.00821164802636,161.92377937810423,58.79992135470584,49.9427678420127,46.828962714313285
0.9210871889273549,1.520929776737916,386.87433029536066,61.74028344779667,194.20974170491976,60.86123808266059,60.674211695108994,52.885211816402645
1.0365321883776653,1.520929776737916,465.29984052480154,63.10307850601603,236.19513825458694,62.59500997318668,72.4862616846634,57.361440300162215
1.166446554092426,1.520929776737916,567.5904725558225,64.29317932313401,284.0074513512167,63.87852865936327,88.50550462051791,60.93746513539386
1.3126438125222553,1.520929776737916,685.49279978129,65.20993548968603,347.5756297963332,64.9897347341184,106.91200768825067,63.17462357050911
1.4771647895120215,1.520929776737916,842.3884217938921,66.02109791894232,422.37067563112635,65.83752667027179,129.97252944802312,64.73560129303485
1.6623060990028473,1.520929776737916,1020.6529846551343,66.63317383164924,513.469873971965,66.51643150200707,159.9022948355492,65.8821885681992
1.8706522023821734,1.520929776737916,1248.6202100069588,67.15642586615105,635.1990172024639,67.10492518844087,194.75867522177808,66.66635447380888
2.1051114860111477,1.520929776737916,1539.700008927674,67.59582136184437,770.2920736957195,67.53161560212618,235.80915810277105,67.23675560895761
2.368956860549917,1.520929776737916,1876.0632384051253,67.93158163525786,947.2605773062985,67.90050284920517,286.1941001473373,67.68029472100392
2.6658714488230206,1.520929776737916,2320.100420670238,68.22417882248394,1151.9112610983175,68.18204203115789,354.091060384922,68.0556616061038
3.0,1.520929776737916,2819.632658351491,68.44224335109854,1398.337963136714,68.40932876159002,428.1256199796785,68.31696430576832
-3.0,1.5707963267948966,1093.0064074499865,66.82340671675686,557.2604958990246,66.7593941836977,170.86356729371997,66.17299242917599
-2.6658714488230206,1.5707963267948966,888.3780942376121,66.20314144405762,446.68333569495485,66.04770266489325,138.2723928199325,65.12212324178387
-2.368956860549917,1.5707963267948966,720.2741264108034,65.42123002974986,362.34756501918736,65.18732144089256,111.96622556329869,63.59944107391016
-2.1051114860111477,1.5707963267948966,582.6302285225144,64.43157592207415,294.21411918412207,64.0927845418441,91.9786774621518,61.469586967475664
-1.8706522023821734,1.5707963267948966,475.8152818105427,63.25011471500145,240.16804895837225,62.72368240466962,74.95360611561097,58.06581828773316
-1.6623060990028473,1.5707963267948966,389.7099101905159,61.79963273293912,196.8351503574595,60.99472358385741,61.60422877942802,53.31360478533524
-1.4771647895120215,1.5707963267948966,321.5314331141083,60.06429547526901,162.38738516732013,58.83635713243825,50.8280367624267,47.41058611012942
-1.3126438125222553,1.5707963267948966,266.39530996428346,57.964546376937825,134.64851007139336,56.12564335301002,42.229275995857094,41.09663505460313
-1.166446554092426,1.5707963267948966,220.25894059576146,55.338564186464794,111.40307516316467,52.595809619887106,34.95169521072907,34.57485128588375
-1.0365321883776653,1.5707963267948966,180.3067599088831,51.901870201700895,91.23360587422411,47.84947226385553,28.628753931341578,28.049471726545182
-0.9210871889273549,1.5707963267948966,145.06854993844735,47.22822407399821,73.42780004680938,41.48202712468557,23.045418862708182,21.684310858826585
-0.8185000129460304,1.5707963267948966,114.49222090024394,40.9030697075765,57.94751694474201,33.53799562506511,18.1863432870848,15.78007298207372
-0.7273386051246984,1.5707963267948966,88.80542373986721,32.818064844363214,44.953266080155,24.81609069378395,14.100367354032764,10.679310908400161
-0.6463304070095649,1.5707963267948966,67.99732022958626,23.613019708534058,34.40816426959432,16.48076594958007,10.79493091423797,6.614570908549329
-0.5743445928509872,1.5707963267948966,51.64451283456812,14.638352008487207,26.13217508019974,9.545381141636,8.197078807318208,3.629603405337799
-0.5103762839557767,1.5707963267948966,39.1084315535415,7.302674916987411,19.785755765217466,4.513169991598502,6.207180373728763,1.6485822713139653
-0.4535325211846986,1.5707963267948966,29.697134218220036,2.45297044801351,15.022225723336064,1.4558335726433242,4.713102335837607,0.5160123966139389
-0.40301979977966995,1.5707963267948966,22.78258813643816,0.2360514121210872,11.522709013354344,0.13590986227331087,3.6169810074697986,0.04743485372630217
-0.35813299251433084,1.5707963267948966,17.824644034494717,0.2341388805268864,9.012900142018799,0.1323569782213613,2.83237030586815,0.04412202917580865
-0.3182455065418344,1.5707963267948966,14.376325405618559,1.6938443952020665,7.271606345103367,0.9392384076470175,2.288319832633039,0.31189325882186514
-0.2828005365353655,1.5707963267948966,12.080418094748252,3.7591872915973976,6.113231264530057,2.0599791075087075,1.9223058882182404,0.6845963846414187
-0.2513032920204875,1.5707963267948966,10.65240363415743,5.691329904951744,5.389646138769612,3.101502525992406,1.6944681523771035,1.0278028772083976
-0.22331409039755062,1.5707963267948966,9.868638575279233,7.029240648407362,4.989933903886294,3.823474386748435,1.573239198074188,1.255327006223994
-0.19844221923690444,1.5707963267948966,9.557365825364899,7.625110224107344,4.830499466738282,4.145746429602985,1.5280148031083136,1.3495435500806732
-0.17634048216824733,1.5707963267948966,9.58625157752668,7.568150181438778,4.8458374995873505,4.113827690409253,1.534121040729229,1.3365053499386648
-0.15670035222800524,1.5707963267948966,9.854662181408793,7.055164346236102,4.983481843924419,3.836115259773607,1.5751784763209569,1.251406124292987
-0.13924766500838334,1.5707963267948966,10.285289257721058,6.290511375524193,5.203337432709182,3.423482427120061,1.6405639448075686,1.124678441850881
-0.12373879148704055,1.5707963267948966,10.819862205525965,5.43308897298375,5.474794694968748,2.962276008951805,1.7226763981248099,0.9796849338201704
-0.10995723711238882,1.5707963267948966,11.414428404767417,4.587020917522193,5.775775536851332,2.50722034241123,1.815369556148475,0.8332125895429621
-0.09771061966979347,1.5707963267948966,12.037008879763452,3.8095710534334777,6.0902174903201205,2.088515781823272,1.9135207104696073,0.696039385119702
-0.0868279837415025,1.5707963267948966,12.66444191091237,3.1262743389957333,6.406731514907188,1.7194982120399058,2.013120050937763,0.5738027936278044
-0.07715741427178036,1.5707963267948966,13.280412432369376,2.5431023016248036,6.717417525988931,1.4033149487643788,2.1112553970202805,0.46844774845275866
-0.06856391592404971,1.5707963267948966,13.87388538484153,2.05522152404411,7.016835124228128,1.1376663786397956,2.2058603929484,0.3797538216049766
-0.06092752862714207,1.5707963267948966,14.437688919885126,1.652759258635102,7.3013968696989675,0.9175987699637651,2.295649044895305,0.3062638835039942
-0.0541416530048151,1.5707963267948966,14.967478862267278,1.3241238565772793,7.568924752738263,0.7371593486293364,2.379892144661113,0.24603634507377337
-0.04811156231253989,1.5707963267948966,15.461003165289554,1.0577770526315042,7.818276333928805,0.5903471287085622,2.458229435450692,0.19706933484087624
-0.04275308010908995,1.5707963267948966,15.917536966380665,0.843115772225858,8.049057447158477,0.4715967354185075,2.5305664750279266,0.15748822481647695
-0.0379914052040221,1.5707963267948966,16.3374403285356,0.6708390199698546,8.261412116022928,0.375982969197392,2.5969950535230075,0.1256295690462006
-0.03376006747802295,1.5707963267948966,16.721821171645992,0.5330244235287043,8.45586520042045,0.29927391483006394,2.657726427874191,0.10006847737302568
-0.03,1.5707963267948966,17.07228422744809,0.4230544446541919,8.633201110946603,0.23790606896934935,2.7130438738904883,0.07961132011474076
0.03,1.5707963267948966,23.802339720052892,0.4387280053470418,12.036763786161162,0.2532492686983802,3.7742023710129113,0.08734607826710686
0.03376006747802295,1.5707963267948966,24.29535983890157,0.5555048817990084,12.285560774772108,0.321239558288796,3.8521296150231756,0.1110542135644096
0.0379914052040221,1.5707963267948966,24.86015116820772,0.703138294736058,12.57048315760181,0.407465661082855,3.9414048333822778,0.1412238109633122
0.04275308010908995,1.5707963267948966,25.50833368286622,0.8896222397665572,12.897367822185814,0.5167851659505812,4.043847685811636,0.17961215645454637
0.04811156231253989,1.5707963267948966,26.253661967147252,1.1249189148757126,13.273135549382589,0.6553242422299382,4.16159924251962,0.22844486486377805
0.0541416530048151,1.5707963267948966,27.112462310814152,1.4213808627451574,13.706025958367269,0.8307940113101087,4.297179033804543,0.2905316555592986
0.06092752862714207,1.5707963267948966,28.10417052367077,1.7942291415467881,14.20588958658795,1.0528769631591823,4.453552136844181,0.36940558826838166
0.06856391592404971,1.5707963267948966,29.252003364317634,2.262078061183339,14.784552224841361,1.333693631626376,4.63422411336426,0.46949750238892024
0.07715741427178036,1.5707963267948966,30.583802334649338,2.8474832359004565,15.456279224572725,1.6883624115839557,4.843390321134782,0.5963689574872196
0.0868279837415025,1.5707963267948966,32.13308334384785,3.577460725308468,16.23838365688837,2.1356698845564184,5.086135712667556,0.7570167970536432
0.09771061966979347,1.5707963267948966,33.94035493071758,4.483896171836799,17.151998391914137,2.6988464677458492,5.368712886776527,0.960283138814757
0.10995723711238882,1.5707963267948966,36.054921008689135,5.60378757018239,18.222955198948643,3.406360785118512,5.69908916587759,1.2175450787279556
0.12373879148704055,1.5707963267948966,38.53745574133269,6.979247350760822,19.48278261672081,4.292621206339734,6.087638091368915,1.5436693871682283
0.13924766500838334,1.5707963267948966,41.46325003107554,8.656854050292917,20.969943692394047,5.398485701935711,6.547799476898594,1.9580947096367465
0.15670035222800524,1.5707963267948966,44.9263411749957,10.685889322531523,22.73084889442324,6.770954187726575,7.096565279483884,2.485815943789203
0.17634048216824733,1.5707963267948966,49.04476904933284,13.114791905769245,24.82078776440909,8.461689768944801,7.753274052051256,3.1564871626564037
0.19844221923690444,1.5707963267948966,53.96406666749082,15.983155764351652,27.305545460636576,10.524525690842983,8.536832181770777,4.000960638062358
0.22331409039755062,1.5707963267948966,59.858397465538026,19.308521142638824,30.26478925433573,13.012427541966012,9.46326025233998,5.046914562994819
0.2513032920204875,1.5707963267948966,66.92567532709523,23.06773994612894,33.800935721243796,15.976310404304392,10.552218434732923,6.324409297381017
0.2828005365353655,1.5707963267948966,75.38755817349454,27.18425511372114,38.05245876488131,19.462880784146186,11.850865283748394,7.89418224035281
0.3182455065418344,1.5707963267948966,85.52026357623012,31.537781720832825,43.19998014354902,23.49846709895985,13.452456352509408,9.871870612214268
0.35813299251433084,1.5707963267948966,97.74515745239519,35.99833967836382,49.44178783037921,28.042113377011205,15.439682111379629,12.353960563669494
0.40301979977966995,1.5707963267948966,112.70237551154122,40.43680881954924,56.96014335215483,32.94230771115459,17.783493540181585,15.27994148891219
0.4535325211846986,1.5707963267948966,131.06192384612402,44.6745605230645,66.01775609850067,37.997358110798295,20.519887232017002,18.649363874313572
0.5103762839557767,1.5707963267948966,153.17937759321322,48.49722661666544,77.18599973503602,43.04517761849509,24.042556875747316,22.858157043510996
0.5743445928509872,1.5707963267948966,179.8062231253405,51.848622130534274,91.05710433261862,47.798030962208664,28.36740658505931,27.76345503980913
0.6463304070095649,1.5707963267948966,213.29776262208821,54.837151004862456,107.69102570661924,51.86802932544621,33.38461051320937,33.03011336493066
0.7273386051246984,1.5707963267948966,254.43697841348427,57.38082486110323,128.15892342958168,55.289155475277866,40.002302300978876,39.21595929661299
0.8185000129460304,1.5707963267948966,303.17496588593036,59.45509545413639,153.5350061609569,58.09574806114763,47.36217033152278,45.04491995104311
0.9210871889273549,1.5707963267948966,366.3186079816739,61.28102953037837,183.9070167779877,60.29454322546175,57.456414697625576,51.289583071664225
1.0365321883776653,1.5707963267948966,440.0569029427763,62.72001016081632,223.38074695235707,62.14442762680659,68.56385672317174,56.09208097792114
1.166446554092426,1.5707963267948966,536.1914614426752,63.978166684853306,268.3217992243973,63.51373951532877,83.62019422252266,60.06701594429005
1.3126438125222553,1.5707963267948966,646.9673048141091,64.94842896758448,328.0440335586122,64.69853064239827,100.91447116481183,62.58367324832964
1.4771647895120215,1.5707963267948966,794.317378045029,65.80761558071018,398.29420033311214,65.60210806882722,122.57460335761452,64.32718060946821
1.6623060990028473,1.5707963267948966,961.7093943215218,66.45651675162037,483.83733623151033,66.32546064506086,150.67578398498392,65.5936355450899
1.8706522023821734,1.5707963267948966,1175.7065560474366,67.0115870206715,598.0925022749318,66.95223050378807,183.39635745854957,66.45190075634734
2.1051114860111477,1.5707963267948966,1448.8515057059572,67.47794947085737,724.8813261234012,67.40668444125237,221.92521346684848,67.07216522563334
2.368956860549917,1.5707963267948966,1764.441951833193,67.83454697594459,890.9178294403447,67.79950491667284,269.203200010683,67.55217274796765
2.6658714488230206,1.5707963267948966,2180.9323748590546,68.14543633228254,1082.9036518838773,68.09933334197493,332.8887558604454,67.95686713104952
3.0,1.5707963267948966,2649.4422646668477,68.3772690345616,1314.035396080379,68.34138847807588,402.3290531618707,68.23788294250902
