eps,eta,N_LZ,Tstat_LZ,N_XNT,Tstat_XNT,N_PANDA,Tstat_PANDA
-3.0,-1.5707963267948966,891.7780135699902,66.21583451162377,448.2225913358588,66.06018811505044,138.66599126349206,65.13887032966456
-2.6658714488230206,-1.5707963267948966,720.7586184707216,65.42402465579143,360.8862523744583,65.16855890360941,112.25561660578332,63.622034024977665
-2.368956860549917,-1.5707963267948966,573.0321854423395,64.34412605260813,287.81256826160853,63.96037571346551,89.4864272947873,61.094403950046974
-2.1051114860111477,-1.5707963267948966,452.784601079642,62.91874998599744,228.28412786429055,62.323629094883444,70.80139223006611,56.839844188275734
-1.8706522023821734,-1.5707963267948966,358.7234040516024,61.097264583254436,181.13240586445596,60.12909248842493,56.10580813932651,50.5654803531759
-1.6623060990028473,-1.5707963267948966,282.4943002508488,58.66771996182956,142.56024050254746,57.02569096807174,44.511736569115484,42.918629235916924
-1.4771647895120215,-1.5707963267948966,222.11842204682276,55.46687474027463,112.05820895928271,52.718606485436325,35.048057750797994,34.66823946335248
-1.3126438125222553,-1.5707963267948966,174.1220743679809,51.22159815643426,87.91326774104257,46.84687789416271,27.54073555193352,26.850653697970408
-1.166446554092426,-1.5707963267948966,136.19766584284642,45.669795629121516,68.80598366099642,39.374070845240894,21.558571732967025,19.907599299512135
-1.0365321883776653,-1.5707963267948966,106.42262952058101,38.69644827128371,53.78887873744104,30.953822817721296,16.86833442891801,14.14002917513874
-0.9210871889273549,-1.5707963267948966,83.15144670624429,30.575484195539406,42.03275719436936,22.60442459230667,13.195195867314984,9.552154039785426
-0.8185000129460304,-1.5707963267948966,65.10518598799723,22.1260122510054,32.92811949003697,15.248330277277173,10.334141019156009,6.065214654213448
-0.7273386051246984,-1.5707963267948966,51.19357949880809,14.375135679092958,25.879104056559363,9.335238104233673,8.141996606896216,3.5701129253043153
-0.6463304070095649,-1.5707963267948966,40.56717298488307,8.138191094867956,20.527640128681824,5.063751456948686,6.448233470164655,1.8660748286262518
-0.5743445928509872,-1.5707963267948966,32.547037891618466,3.7802858274036932,16.45656266133319,2.266414773603427,5.172672355579351,0.8174962585458779
-0.5103762839557767,-1.5707963267948966,26.540171620732384,1.2209279214965452,13.423125600096984,0.7142619932603593,4.216298217905489,0.2527608872706399
-0.4535325211846986,-1.5707963267948966,22.12709273181084,0.13593832240186915,11.192244781923362,0.07821900858704686,3.514040847732779,0.02742625395851309
-0.40301979977966995,-1.5707963267948966,18.9455441801983,0.060654214725940264,9.581811577949347,0.03433356676639773,3.0058485196829383,0.011865613019535497
-0.35813299251433084,-1.5707963267948966,16.712909592834137,0.536012334059244,8.452620033686774,0.3004719956939606,2.6485379719037137,0.10372386348744142
-0.3182455065418344,-1.5707963267948966,15.206136958077195,1.1907163588373106,7.686692712100702,0.6653439791650427,2.4057062916464695,0.22917467703124314
-0.2828005365353655,-1.5707963267948966,14.247690099010722,1.782082809486968,7.1993796477941085,0.9930371120454723,2.2548326325139127,0.3384370096219938
-0.2513032920204875,-1.5707963267948966,13.701581144319606,2.189810039800749,6.925456497436933,1.2148902181853622,2.1692626165055495,0.4126402187783586
-0.22331409039755062,-1.5707963267948966,13.46267804245788,2.385879543001122,6.808596469244013,1.318528635281569,2.128340571651949,0.4515296752341492
-0.19844221923690444,-1.5707963267948966,13.447597365585091,2.398633861710342,6.802923343145879,1.3237024039166816,2.1219735056677647,0.4577868302482978
-0.17634048216824733,-1.5707963267948966,13.590652897330406,2.279461476707423,6.874557083378548,1.2593476723301937,2.143399095239181,0.43695401781987275
-0.15670035222800524,-1.5707963267948966,13.841543592271007,2.0800570186784313,6.999424546940745,1.1521267430032947,2.1849710112359912,0.39830966746681756
-0.13924766500838334,-1.5707963267948966,14.162685508087428,1.841984791161017,7.159999188628864,1.023176706836778,2.2390174444728994,0.351450594604428
-0.12373879148704055,-1.5707963267948966,14.52632289318691,1.5945479529815598,7.342978038844294,0.8879241501838956,2.2994941866017236,0.3033360627716628
-0.10995723711238882,-1.5707963267948966,14.912026081579862,1.356391447661181,7.538069779077101,0.7567271550426335,2.362425151477936,0.25786153870252226
-0.09771061966979347,-1.5707963267948966,15.304814269115228,1.1380980136243992,7.737396416894894,0.6358000260869212,2.425447714310467,0.21676554841738935
-0.0868279837415025,-1.5707963267948966,15.693823560467479,0.9446317548371177,7.93510670091235,0.5282418996480482,2.4871823216701636,0.1805968006939136
-0.07715741427178036,-1.5707963267948966,16.07135105631171,0.7772935906026792,8.12703204765007,0.4350097148699318,2.5467769499005497,0.14932679291617648
-0.06856391592404971,-1.5707963267948966,16.432137710421756,0.6351649752874925,8.310354688545198,0.3557218644842246,2.603663410989874,0.12265971543980321
-0.06092752862714207,-1.5707963267948966,16.77280718354725,0.5161148931555244,8.483303197128969,0.2892533502816974,2.657451188978458,0.10017689337833026
-0.0541416530048151,-1.5707963267948966,17.09141680947968,0.41746655634183794,8.644891509394284,0.23413903994068574,2.7078856484857714,0.08140825475079025
-0.04811156231253989,-1.5707963267948966,17.387097005627965,0.33641449739858,8.794707203142005,0.1888261767323399,2.75482781816902,0.0658736982639154
-0.04275308010908995,-1.5707963267948966,17.65976399232882,0.2702675442612344,8.932746309388676,0.1518199008440336,2.798237779259374,0.0531099495483658
-0.0379914052040221,-1.5707963267948966,17.909893878425834,0.21657586835489828,9.05928775959378,0.12175815687248986,2.8381569798573025,0.042687865323357894
-0.03376006747802295,-1.5707963267948966,18.13834757888159,0.17318441989866468,9.174799599651626,0.09744267382373487,2.8746899448594063,0.034222245539303
-0.03,-1.5707963267948966,18.34623712133972,0.13824207765853422,9.279869776383391,0.07784416236146519,2.907986949747468,0.02737580890845163
0.03,-1.5707963267948966,22.2864282001795,0.15796699493699523,11.272664834591378,0.09091157722449188,3.5398407670367145,0.031964827354223305
0.03376006747802295,-1.5707963267948966,22.57285209279094,0.2013223701067308,11.418005059366719,0.11606391690865334,3.5855715342681296,0.040797034786699944
0.0379914052040221,-1.5707963267948966,22.900881533543078,0.25672364384041,11.584534949513483,0.14829284812176954,3.6379376853632954,0.05211759495101324
0.04275308010908995,-1.5707963267948966,23.27729925073674,0.32756479223530327,11.77571556978495,0.1896291887626089,3.6980375673458745,0.06664968607364202
0.04811156231253989,-1.5707963267948966,23.710179689700865,0.4182076477005959,11.995657145262076,0.24269665151880634,3.767192565654148,0.08533740498437073
0.0541416530048151,-1.5707963267948966,24.209178825280617,0.5342578610628559,12.249254900266289,0.3108846734247042,3.8470030033131986,0.10941797441492683
0.06092752862714207,-1.5707963267948966,24.785896781930948,0.6829160894643229,12.542353475660649,0.39856859667896916,3.939417310953298,0.14051822747473386
0.06856391592404971,-1.5707963267948966,25.45433013090908,0.87342045899592,12.881945094606445,0.5113872724147831,4.046813106138701,0.1807812953083745
0.07715741427178036,-1.5707963267948966,26.231431055133072,1.1175947959456807,13.276408166246986,0.6565885751347952,4.172082764790907,0.23302682498688596
0.0868279837415025,-1.5707963267948966,27.13778691298081,1.4305093125747625,13.735797079736768,0.8434535637716306,4.318705583896438,0.3009397980419641
0.09771061966979347,-1.5707963267948966,28.198423437134377,1.8312406796979688,14.272204254515177,1.0838119980313787,4.490775907063206,0.3892663840215765
0.10995723711238882,-1.5707963267948966,29.443717480079886,2.3436796539137577,14.900238646709694,1.3926707434468693,4.692954383192569,0.503974373898563
0.12373879148704055,-1.5707963267948966,30.910391324535667,2.9972740020650894,15.63770907795958,1.7890016219723295,4.93035387222666,0.6523391866442414
0.13924766500838334,-1.5707963267948966,32.64259131608717,3.827531289687804,16.50666689079371,2.296784692373242,5.208529692040011,0.8430247806779267
0.15670035222800524,-1.5707963267948966,34.69323307816453,4.876113143891252,17.535017287988534,2.946458301440987,5.534072429172628,1.0865687816802274
0.17634048216824733,-1.5707963267948966,37.12630530457099,6.190579550001774,18.758834717921275,3.7768807422168966,5.916647574148007,1.3972394260029652
0.19844221923690444,-1.5707963267948966,40.021790460997536,7.824406143307526,20.22508763957329,4.837492205079212,6.372898367434797,1.7972806561496204
0.22331409039755062,-1.5707963267948966,43.485774114529534,9.838372827656555,21.993567136833718,6.189294920265801,6.929848455867096,2.3220267057851154
0.2513032920204875,-1.5707963267948966,47.666803418072085,12.302842495346137,24.13625468691456,7.9021372636417215,7.620316144320589,3.017678060949287
0.2828005365353655,-1.5707963267948966,52.771134577740796,15.29358121657954,26.73523425172702,10.047729707350161,8.464588253649637,3.92138374952488
0.3182455065418344,-1.5707963267948966,59.05515591287941,18.864518582124944,29.88992361903337,12.696808827413689,9.461296056785638,5.044652258135092
0.35813299251433084,-1.5707963267948966,66.78184174234696,22.99403798806112,33.75068167328811,15.934483845783742,10.645492463813852,6.43571547356722
0.40301979977966995,-1.5707963267948966,76.21769941362633,27.564473757842286,38.558066552057035,19.869310262165023,12.168351345059753,8.28337517425862
0.4535325211846986,-1.5707963267948966,87.8498366489118,32.45206740706226,44.58932891690266,24.54514889204357,14.137606586718343,10.725796712716365
0.5103762839557767,-1.5707963267948966,102.66269190706835,37.57135970349944,52.05447978655594,29.817751629217955,16.448388648096333,13.615594151567317
0.5743445928509872,-1.5707963267948966,121.62907241356058,42.6418313091272,61.38210812240283,35.52414845678341,19.392506990658834,17.269730138762277
0.6463304070095649,-1.5707963267948966,145.29934594769068,47.266280172338526,73.53614354004253,41.52893429770534,23.30187404575395,21.987624286598596
0.7273386051246984,-1.5707963267948966,176.19118262067462,51.45470340511884,89.21966129470478,47.25027486079763,28.106601044687956,27.476799026605065
0.8185000129460304,-1.5707963267948966,217.4474867775694,55.140146483563456,109.82438993449064,52.2930741986187,34.75718548635298,34.385778243828184
0.9210871889273549,-1.5707963267948966,270.9006180377482,58.170282978335145,137.17879637192172,56.42677201032089,43.11516871166612,41.81647405963909
1.0365321883776653,-1.5707963267948966,342.6159396468487,60.67900536365205,173.11795860579704,59.616331015698634,54.39878353843095,49.60259064003462
1.166446554092426,-1.5707963267948966,435.5001454452582,62.64589400622139,219.74862432490707,62.00580224315238,68.80589809218519,56.17613163677078
1.3126438125222553,-1.5707963267948966,551.457508480628,64.13598743874488,279.03529712591705,63.76783471385652,87.05086337002082,60.694334888730054
1.4771647895120215,-1.5707963267948966,698.7159409655554,65.29282588553268,352.4072720488562,65.05634765601556,109.04546655518942,63.36122261842799
1.6623060990028473,-1.5707963267948966,873.1932083266964,66.14521188373712,438.39500640769563,65.97885832734022,136.23640801413507,65.03335262315966
1.8706522023821734,-1.5707963267948966,1080.8907258604684,66.79336630454861,549.4193864714258,66.71889697277793,169.72152235808136,66.1449471329839
2.1051114860111477,-1.5707963267948966,1346.4428277313154,67.32566610529966,678.3166105827222,67.2604177204899,209.64518527417007,66.9045479417495
2.368956860549917,-1.5707963267948966,1656.7839828113772,67.72838981724698,834.4945387902762,67.68419297199377,257.2376898861257,67.45012295520148
2.6658714488230206,-1.5707963267948966,2029.3362552613535,68.04722484333051,1028.0782327568238,68.02547305737022,310.6117584197946,67.83664780975965
3.0,-1.5707963267948966,2503.0776997171174,68.31425524708041,1259.6541815111211,68.29262078605993,377.8934506928043,68.15199138480007
-3.0,-1.5209297767379157,827.9697643188684,65.95974128409084,416.1338811324688,65.7793547819006,128.7474969962742,64.67256616552461
-2.6658714488230206,-1.5209297767379157,668.9361483691388,65.10136875842079,334.9438586857934,64.80564731073628,104.18896488096829,62.919290408643455
-2.368956860549917,-1.5209297767379157,531.6889633752056,63.929816206526915,267.0433319913362,63.481895558294894,83.03362343793981,59.9515148301502
-2.1051114860111477,-1.5209297767379157,420.009889383357,62.38130507830513,211.74638373093913,61.681149178937034,65.6789932923755,55.02782019998737
-1.8706522023821734,-1.5209297767379157,332.6312196681405,60.39818607115128,167.943544028373,59.2547676997469,52.02878382603303,48.17502569367065
-1.6623060990028473,-1.5209297767379157,261.8609292725454,57.749877383256646,132.13879122598425,55.81355246003244,41.25951848522375,40.29019077534344
-1.4771647895120215,-1.5209297767379157,205.82685560256036,54.25903224544004,103.83353575693047,51.04972357876444,32.476453755783474,32.11265727599698
-1.3126438125222553,-1.5209297767379157,161.31087617097592,49.64079306556375,81.4400964455306,44.663372337922674,25.512934592469435,24.56103006853054
-1.166446554092426,-1.5209297767379157,126.16539373564403,43.654518937954506,63.73374780963115,36.80809941426237,19.96951888346206,17.977542149531352
-1.0365321883776653,-1.5209297767379157,98.60021899459969,36.280449361793245,49.83197717244224,28.312158642407823,15.627367543082698,12.588818702739598
-0.9210871889273549,-1.5209297767379157,77.08474393782976,27.95706404907445,38.96384254541716,20.1940325099865,12.231348966621892,8.360801164570342
-0.8185000129460304,-1.5209297767379157,60.42686753019519,19.62081855290389,30.55987572835494,13.260814217586024,9.590700448659705,5.194055814905352
-0.7273386051246984,-1.5209297767379157,47.61223410272191,12.270652415188994,24.068083682364566,7.846688014067241,7.570905554862273,2.966462831831988
-0.6463304070095649,-1.5209297767379157,37.84909458376639,6.592499420255317,19.150577709549488,4.053911182343903,6.015111656008059,1.4810247268421328
-0.5743445928509872,-1.5209297767379157,30.503321923588082,2.8109289985197266,15.423283781022691,1.6702728129069484,4.846876525348278,0.5985774742392164
-0.5103762839557767,-1.5209297767379157,25.026033113772918,0.7491773765368719,12.65706416779996,0.4353656031679931,3.974863812168082,0.15332873733083813
-0.4535325211846986,-1.5209297767379157,21.02372281299097,0.02706840766109364,10.633410984584515,0.015498741303647676,3.337523525628821,0.005415361723663856
-0.40301979977966995,-1.5209297767379157,18.1594342880714,0.16944504938470167,9.184294745215459,0.09557392982537788,2.880642699088732,0.032938019252441685
-0.35813299251433084,-1.5209297767379157,16.17084487201906,0.7364025667481797,8.178590921573901,0.4117667417621317,2.56201330929005,0.14188571314854162
-0.3182455065418344,-1.5209297767379157,14.850087286561282,1.3930097266817707,7.506536393353214,0.7770534923992054,2.3487976985007935,0.26732428325145124
-0.2828005365353655,-1.5209297767379157,14.032113610271223,1.9365111443642151,7.0903417755763485,1.0779079387865813,2.220521592966072,0.3670667566745811
-0.2513032920204875,-1.5209297767379157,13.59096233019617,2.2792080715523584,6.869630170327381,1.2637066394794865,2.1517305551814454,0.4290230882188564
-0.22331409039755062,-1.5209297767379157,13.429308424284683,2.4141625875193156,6.7918586517323,1.3338316564661166,2.123122395559924,0.4566536039114615
-0.19844221923690444,-1.5209297767379157,13.469931127234196,2.379761493990696,6.814325646703138,1.313317294995893,2.1256902130842055,0.4541274376043264
-0.17634048216824733,-1.5209297767379157,13.65207690198445,2.229524748064931,6.905723135318595,1.2320021776967789,2.1534016943255616,0.42744363800585927
-0.15670035222800524,-1.5209297767379157,13.929369708545712,2.013068760787462,7.043972491203197,1.1153623303657199,2.199179829766249,0.3856264453327626
-0.13924766500838334,-1.5209297767379157,14.267307286801525,1.7684397490069261,7.213077607159973,0.9826876827817126,2.255852560835783,0.3376083788228075
-0.12373879148704055,-1.5209297767379157,14.640531645642897,1.5214864489578515,7.400923415074207,0.8475875377645744,2.3177955713563763,0.2896395179325102
-0.10995723711238882,-1.5209297767379157,15.030473145514504,1.2880541297892592,7.598151710983272,0.7189145006580749,2.3813574144927716,0.24505971996027623
-0.09771061966979347,-1.5209297767379157,15.423593140722776,1.076687998386385,7.797619087277037,0.6017624060859106,2.4444136982278715,0.2052332737178471
-0.0868279837415025,-1.5209297767379157,15.81014412943341,0.8909821121413075,7.994048682771931,0.49846496552218655,2.5057579314737866,0.17047430007345032
-0.07715741427178036,-1.5209297767379157,16.183283632068438,0.731382289811442,8.183715871965516,0.40949719087017206,2.564666027090668,0.14061275170115226
-0.06856391592404971,-1.5209297767379157,16.538410791871005,0.596482168102342,8.364141496902612,0.3342014066912809,2.620666606190023,0.11527108686504006
-0.06092752862714207,-1.5209297767379157,16.872647576714854,0.4839095039305117,8.533808846168869,0.27131559347388823,2.6734434225209562,0.09398758674196868
-0.0541416530048151,-1.5209297767379157,17.184423653208306,0.3909027881520961,8.69192068620914,0.2193257679972477,2.7227987940588334,0.07627425527823474
-0.04811156231253989,-1.5209297767379157,17.47314311176093,0.3146650990423984,8.838202288413274,0.17668266755032183,2.768636869044551,0.06164903134827508
-0.04275308010908995,-1.5209297767379157,17.738919157530436,0.25256478509793545,8.972748061250952,0.14192343398698948,2.8109496537037013,0.04965627318271305
-0.0379914052040221,-1.5209297767379157,17.9823657739355,0.20223545305207533,9.095905327664882,0.1137313890397438,2.849801510826653,0.039879647625706664
-0.03376006747802295,-1.5209297767379157,18.20443660522264,0.16161288316915684,9.208187829015177,0.09095784504156011,2.885312733032755,0.03194898100520135
-0.03,-1.5209297767379157,18.40630227787,0.12893467120897933,9.310212170465658,0.07262205194151787,2.917643797544946,0.025542350230385296
0.03,-1.5209297767379157,22.204497067707813,0.1464503683818623,11.231191423728498,0.0842555028109877,3.52673271227777,0.0296184118295595
0.03376006747802295,-1.5209297767379157,22.479061041692034,0.18660139027313888,11.370517316593752,0.10753616975550966,3.5705720932934963,0.0377903873013089
0.0379914052040221,-1.5209297767379157,22.79331040066102,0.2378932134289529,11.530056700240225,0.1373558875911685,3.6207411954892765,0.04826020331160889
0.04275308010908995,-1.5209297767379157,23.153666965909697,0.3034606359255306,11.713087118866305,0.1755876179580964,3.6782803323997615,0.061694091000570314
0.04811156231253989,-1.5209297767379157,23.56776476469965,0.387331827160308,11.923495297365259,0.22465016881911176,3.7444395485510245,0.07896133405829843
0.0541416530048151,-1.5209297767379157,24.044719728583708,0.4946834665687807,12.165903257665141,0.2876671759209725,3.820730927772905,0.1012005517433914
0.06092752862714207,-1.5209297767379157,24.595466591211732,0.6321659735811218,12.445820510450867,0.36866970283081546,3.908993205233571,0.12990828051744566
0.06856391592404971,-1.5209297767379157,25.233178274073083,0.8083142431471915,12.769826820429158,0.4728518082610572,4.011467233355885,0.1670553059428689
0.07715741427178036,-1.5209297767379157,25.973783027559257,1.0340582841312247,13.145791322291496,0.6068888690181719,4.1308749992718035,0.2152337860769637
0.0868279837415025,-1.5209297767379157,26.836590613790978,1.3233415796259451,13.583137403419174,0.7793287623930483,4.270484781255178,0.277830531248689
0.09771061966979347,-1.5209297767379157,27.84502823961973,1.6938376153305872,14.093172285037959,1.0010679805722336,4.434132743314586,0.35920627337513006
0.10995723711238882,-1.5209297767379157,29.027469216041283,2.1677202476230493,14.689521876395258,1.285933207603534,4.6261689940964805,0.46484105485061666
0.12373879148704055,-1.5209297767379157,30.4181221113202,2.77238868569103,15.38875307065559,1.6514127612585876,4.851338287880661,0.6014083529687242
0.13924766500838334,-1.5209297767379157,32.05797435705717,3.5409899731011003,16.211328073307328,2.1196298462424963,5.114756462850372,0.7768402222394407
0.15670035222800524,-1.5209297767379157,33.99595082992279,4.5125890750517605,17.18308671168151,2.7187048093991057,5.422457672434923,1.0007620658609926
0.17634048216824733,-1.5209297767379157,36.29092840363646,5.732052502642821,18.337379898754342,3.4846172872417496,5.783319208695056,1.2862008504158895
0.19844221923690444,-1.5209297767379157,39.01616537424919,7.25026010387429,19.717560295048347,4.46329875794226,6.212764289866078,1.6535320215596085
0.22331409039755062,-1.5209297767379157,42.26858145323742,9.125770731944208,21.378646441157017,5.711678928318062,6.735983693117879,2.1352817751736057
0.2513032920204875,-1.5209297767379157,46.18390061790309,11.427701171477903,23.38639699790947,7.29529811770004,7.383482692440385,2.7740966585845124
0.2828005365353655,-1.5209297767379157,50.950599002186514,14.23309803086083,25.81472614507763,9.281850020060405,8.173320497525891,3.6039181915081544
0.3182455065418344,-1.5209297767379157,56.801509432348084,17.602571181794193,28.751737451812296,11.73869521703263,9.101857287478685,4.633653138757186
0.35813299251433084,-1.5209297767379157,63.96906335243711,21.52866806564922,32.33109352929656,14.748701294370296,10.199110720865955,5.905497075834378
0.40301979977966995,-1.5209297767379157,72.67580828938122,25.912643451166247,36.76919487446892,18.422761835695255,11.606317780085194,7.595653919416336
0.4535325211846986,-1.5209297767379157,83.33628207371846,30.651768531827003,42.31032465821136,22.818216097405866,13.421431246308147,9.833282636606555
0.5103762839557767,-1.5209297767379157,96.82559434043863,35.6907986588907,49.11206399727374,27.81259558877108,15.526165875523589,12.462183105276205
0.5743445928509872,-1.5209297767379157,113.9693274961491,40.76816238048186,57.51199149115322,33.27660863099629,18.183890823700693,15.777031826760318
0.6463304070095649,-1.5209297767379157,135.03427775612232,45.45068860288141,68.35956494320865,39.15909177576288,21.694775766883097,20.07159542269625
0.7273386051246984,-1.5209297767379157,162.12096257212556,49.7483422059325,82.1496014562651,44.91852654954036,25.903227026508237,25.007146356006537
0.8185000129460304,-1.5209297767379157,197.9822797861878,53.60233637402147,99.96229001878089,50.15821796351085,31.752758670221912,31.37000659048664
0.9210871889273549,-1.5209297767379157,243.33212096296526,56.784006314614174,123.43792915021263,54.61559509195592,38.84945375228659,38.20240533248362
1.0365321883776653,-1.5209297767379157,305.0514695863206,59.52094216790336,153.89720028597245,58.1280185004323,48.67364480945017,45.96816506640624
1.166446554092426,-1.5209297767379157,384.66444899364365,61.693390849924214,194.73766914244513,60.88841375430627,61.188564520113054,53.12390632545295
1.3126438125222553,-1.5209297767379157,489.3541843330375,63.42970645259905,247.3934601998193,62.94577070199877,77.52054801786831,58.72992077816123
1.4771647895120215,-1.5209297767379157,623.3147206391194,64.77127161228015,314.7105292222091,64.4768894293516,98.00628920918957,62.25587255787578
1.6623060990028473,-1.5209297767379157,787.9912997061962,65.77752453789252,396.4328179592457,65.5826223457897,123.53892584131273,64.38441674575223
1.8706522023821734,-1.5209297767379157,986.1941498268479,66.53252461351036,500.8083826784468,66.4377700268777,155.16302936118873,65.7396405371403
2.1051114860111477,-1.5209297767379157,1236.9973720569158,67.13450386923809,623.4906466907365,67.05880481155944,193.05800376686864,66.63624705692742
2.368956860549917,-1.5209297767379157,1531.0716164015769,67.58523705246708,771.4585660063558,67.53462331159997,238.1617359618598,67.26239705849045
2.6658714488230206,-1.5209297767379157,1882.7150749581551,67.93699627443951,953.7647376564756,67.91136911533891,288.75874038149294,67.69813668013464
3.0,-1.5209297767379157,2326.955777683892,68.22781169211581,1171.3001480873281,68.20348121926385,351.98054649539546,68.04642086831737
-3.0,-1.471063226680935,763.4301584531336,65.65582391823709,383.67293090088543,65.44353883147963,118.71671897488875,64.08455787228962
-2.6658714488230206,-1.471063226680935,616.4884963392477,64.71752176306177,308.68795932029536,64.3698572252348,96.02618283282818,62.01465224812823
-2.368956860549917,-1.471063226680935,489.8284842052139,63.43580992423383,246.01293850139336,62.904473510975436,76.50083667260694,58.474047287768784
-2.1051114860111477,-1.471063226680935,386.8092969633037,61.73891153310168,194.99199613676188,60.90144489643491,60.49039088398902,52.79883596110363
-1.8706522023821734,-1.471063226680935,306.1826923328423,59.56022338275878,154.57325535954263,58.18777802371554,47.896439285678525,45.425190805139756
-1.6623060990028473,-1.471063226680935,240.93342013244379,56.64740342647984,121.56817490162605,54.33194130194428,37.96093853958708,37.40267920649179
-1.4771647895120215,-1.471063226680935,189.29379267661483,52.80801695878186,95.48671801414658,49.029890723548284,29.866740215641556,29.387279583019037
-1.3126438125222553,-1.471063226680935,148.30412795807223,47.75103375504885,74.86809955608086,42.09653293198717,23.454207236300547,22.167334250975006
-1.166446554092426,-1.471063226680935,115.97758563141461,41.280515362117775,58.58299330270789,33.91551990525001,18.35588484486242,15.990200584555
-1.0365321883776653,-1.471063226680935,90.65686132047415,33.51247045764733,45.814092427154485,25.45149111616609,14.367287630703986,11.012651155809328
-0.9210871889273549,-1.471063226680935,70.92673607576816,25.068489781038224,35.84896297345515,17.669879500556934,11.253083595295706,7.166626524170913
-0.8185000129460304,-1.471063226680935,55.68227665550651,16.967571351860933,28.158318800247528,11.239809401800139,8.83681463879701,4.334685797672453
-0.7273386051246984,-1.471063226680935,43.985434329019874,10.131933777770172,22.234264017896695,6.378169642231185,6.992668097027322,2.383407004758791
-0.6463304070095649,-1.471063226680935,35.10254628796412,5.09250187177139,17.75929327332706,3.094327956506709,5.5775366763719445,1.1206008950753368
-0.5743445928509872,-1.471063226680935,28.444735887469566,1.9291884562874255,14.382605807547566,1.1360465402179694,4.5187820859766665,0.4044743714112479
-0.5103762839557767,-1.471063226680935,23.50758953386347,0.3745937595600951,11.888940796581295,0.2162266554271575,3.7328039715069368,0.07578636384068269
-0.4535325211846986,-1.471063226680935,19.924090249278965,0.0023347471227329014,10.076574077171626,0.001330429443066321,3.161666224039782,0.0004631929577865772
-0.40301979977966995,-1.471063226680935,17.382971379350966,0.33747784390014157,8.791713214599255,0.18967862150493298,2.757007488276583,0.06519656078067473
-0.35813299251433084,-1.471063226680935,15.642550884345443,0.9688836618348211,7.911569419778861,0.5404217425451874,2.4777215393905694,0.18588557276197085
-0.3182455065418344,-1.471063226680935,14.510520716903827,1.6048288548202203,7.334773506468989,0.8937307849084197,2.294559449977671,0.30709672694504614
-0.2828005365353655,-1.471063226680935,13.83463244200628,2.085389546892575,6.9905087463928846,1.1595776223270793,2.1891179156015568,0.394580770054984
-0.2513032920204875,-1.471063226680935,13.499192136313182,2.3551858847897194,6.823366233250748,1.3051214800754087,2.1372135488818236,0.44290348155764414
-0.22331409039755062,-1.471063226680935,13.414887424481917,2.4264544449664,6.784711655119383,1.3404015468605204,2.1209415891182206,0.45880624668546083
-0.19844221923690444,-1.471063226680935,13.510839100018382,2.3454511798125925,6.835119680492958,1.294516732833662,2.1323943388854727,0.4475751755975516
-0.17634048216824733,-1.471063226680935,13.731373232396205,2.166136261757425,6.945926618573837,1.1973039557650038,2.1662810673570405,0.41539723427515723
-0.15670035222800524,-1.471063226680935,14.034152362009745,1.935011542464448,7.0970994219665515,1.0725180759625814,2.2161125606261907,0.3708532215801132
-0.13924766500838334,-1.471063226680935,14.38784069705022,1.6860852358471357,7.274210609006777,0.9373339665821507,2.275235632848344,0.32210275098325863
-0.12373879148704055,-1.471063226680935,14.769540454474091,1.4415483255197028,7.466362830743193,0.8034347001072899,2.3384602195261133,0.2746426993830599
-0.10995723711238882,-1.471063226680935,15.162587700107265,1.2144066338758184,7.665154263587359,0.6781422364752779,2.402468321383012,0.23124995127289874
-0.09771061966979347,-1.471063226680935,15.55491893899145,1.0111995753939074,7.864193657333917,0.5654434207509237,2.465378603725338,0.19292224834752417
-0.0868279837415025,-1.471063226680935,15.937926296251685,0.8342064783363731,8.058791174170665,0.46693406895364353,2.526160211236164,0.1597506464581923
-0.07715741427178036,-1.471063226680935,16.305643385034678,0.6830748916955536,8.245674679652117,0.3826367789852094,2.584218435615203,0.1314345020981863
-0.06856391592404971,-1.471063226680935,16.65413738741947,0.5559603915648572,8.422708920599964,0.3116442318064094,2.639179566237004,0.10752367339501903
-0.06092752862714207,-1.471063226680935,16.981034011706168,0.4502899862627461,8.588634746083263,0.25257918916782157,2.690802122073246,0.08752064366834268
-0.0541416530048151,-1.471063226680935,17.285137415590988,0.3632491318648863,8.742844815897,0.2038960531100063,2.738945588075144,0.07092512404500963
-0.04811156231253989,-1.471063226680935,17.566125158064846,0.2920737443832874,8.885201905131876,0.16406236826761314,2.783557206086685,0.057257429954796504
-0.04275308010908995,-1.471063226680935,17.824305577572368,0.23421011496921715,9.01589776173019,0.13165743597433355,2.8246606808484453,0.04607287753248621
-0.0379914052040221,-1.471063226680935,18.060427583363452,0.18738918861464676,9.135346514685018,0.10541766048808496,2.8623429055778566,0.03697048907888605
-0.03376006747802295,-1.471063226680935,18.275533917177807,0.149648055694626,9.244105686694246,0.08424977149749212,2.896739441887734,0.02959706464804206
-0.03,-1.471063226680935,18.47084979523312,0.11932093721744265,9.342818454882375,0.06722597743799538,2.928020395315937,0.023647529742363137
0.03,-1.471063226680935,22.117640999812235,0.13467939296918421,11.187223745768852,0.07745595662249348,3.512835515884525,0.027222169303012522
0.03376006747802295,-1.471063226680935,22.379701682211717,0.17156096873639962,11.320208541292077,0.0988285423810409,3.5546806167534677,0.034721448466802245
0.0379914052040221,-1.471063226680935,22.679440878897676,0.21866176076385999,11.472386356900282,0.1261936002151342,3.6025358944952366,0.04432504742449911
0.04275308010908995,-1.471063226680935,23.022907419724444,0.2788531902067982,11.64684499227241,0.16126404721602564,3.6573816429735757,0.056641559220078616
0.04811156231253989,-1.471063226680935,23.41728117977161,0.35582442750288057,11.847240607525233,0.2062510767553875,3.7203942671911343,0.07246461173322108
0.0541416530048151,-1.471063226680935,23.87112251731942,0.454316338929472,12.077914064054353,0.2640091653548033,3.792994949068893,0.09283319155248541
0.06092752862714207,-1.471063226680935,24.39468335685256,0.5804202325889958,12.344030886295906,0.33822093435645145,3.8769096506983542,0.11911227844552431
0.06856391592404971,-1.471063226680935,25.00029368829637,0.7419561032391031,12.651748715820794,0.433630488074326,3.9742389346017912,0.15309876815485332
0.07715741427178036,-1.471063226680935,25.702836943250453,0.9489445578017104,13.008417196428132,0.5563343187529984,4.087530454359266,0.19715544894404136
0.0868279837415025,-1.471063226680935,26.52032350234363,1.2141812071110425,13.422818485787607,0.7141392633040057,4.219837274309418,0.25436872879219496
0.09771061966979347,-1.471063226680935,27.474560900327273,1.5539072726415208,13.905465364037896,0.916998980186751,4.374733393703612,0.32871144780547285
0.10995723711238882,-1.471063226680935,28.591901462587465,1.9885393644878508,14.468994130255108,1.1775485195929276,4.556255580540559,0.4251737192267843
0.12373879148704055,-1.471063226680935,29.90403210162441,2.543372107327476,15.128728570338895,1.5117792454479932,4.76878059281217,0.5498264370518925
0.13924766500838334,-1.471063226680935,31.448793453702898,3.2491149213395527,15.903550056964034,1.93994184316628,5.016990283767112,0.7098731232736359
0.15670035222800524,-1.471063226680935,33.27117022138601,4.142131858365095,16.817256858310678,2.4878198038463784,5.306375684028122,0.9140378361376365
0.17634048216824733,-1.471063226680935,35.425046738382555,5.264457300653186,17.900524836282674,3.188488997126936,5.645047171667354,1.1741268808611336
0.19844221923690444,-1.471063226680935,37.977191118810566,6.664189104243029,19.193180001287185,4.084334607913445,6.047232471314291,1.5086733602778202
0.22331409039755062,-1.471063226680935,41.015769482101085,8.397397152366349,20.74563204625372,5.228158109543447,6.536312178028522,1.947415500958233
0.2513032920204875,-1.471063226680935,44.66435653139788,10.53152229707753,22.617732797779155,6.681129441755311,7.140523870538798,2.5294713071269186
0.2828005365353655,-1.471063226680935,49.094720212626484,13.144182818423639,24.875855195663835,8.506906968760084,7.875882271844097,3.2857325698175615
0.3182455065418344,-1.471063226680935,54.51797349698434,16.301701191964035,27.597974644667133,10.76953480504826,8.736988269255372,4.2230593162892776
0.35813299251433084,-1.471063226680935,61.139672005091995,20.01008713757496,30.903007675516232,13.549525829815884,9.749576868797593,5.378452069438387
0.40301979977966995,-1.471063226680935,69.14601343286557,24.18991029098308,34.98605596479243,16.959112398484006,11.045312042163511,6.915609582556277
0.4535325211846986,-1.471063226680935,78.89214521210106,28.76059111405613,40.0635891021995,21.06729012307659,12.713404412534183,8.955190366574215
0.5103762839557767,-1.471063226680935,91.1615291449197,33.698427230352856,46.25335383216335,25.772726986887708,14.628102662617009,11.33863975199703
0.5743445928509872,-1.471063226680935,106.66447033533875,38.766615337037635,53.82433422317286,30.97668948914901,17.02872335410124,14.340130158807979
0.6463304070095649,-1.471063226680935,125.47001805251233,43.50365076040517,63.534656392964536,36.701756486372716,20.18840726241552,18.245135505532367
0.7273386051246984,-1.471063226680935,149.35081881827145,47.91534167062195,75.72563116600453,42.453204675331826,23.89564021713298,22.686143124021896
0.8185000129460304,-1.471063226680935,180.6947301747903,51.942932011321986,91.21763665456484,47.844826378364615,29.062861841925525,28.521802730974603
0.9210871889273549,-1.471063226680935,219.23811037243314,55.267142547368,111.39781560290805,52.59481714513971,35.10098020985804,34.71944912906462
1.0365321883776653,-1.471063226680935,271.7054462482418,58.20627281624628,136.89354938745538,56.39347794760293,43.55470874622956,42.16765635710413
1.166446554092426,-1.471063226680935,337.6596651356159,60.54180685459348,171.54450211004388,59.5090793367136,54.10076745246338,49.428931445339344
1.3126438125222553,-1.471063226680935,427.60695686187773,62.513585260702214,215.94929365117935,61.85508992734165,68.03245230773764,55.90477130718071
1.4771647895120215,-1.471063226680935,542.3829795900207,64.04328989959014,274.2526619173758,63.657137650482284,86.19185828129831,60.54462068738782
1.6623060990028473,-1.471063226680935,690.8275816294795,65.24377165970418,348.70822586748204,65.00553021149028,109.16964004234343,63.37174351156923
1.8706522023821734,-1.471063226680935,875.1008522046296,66.15260283712314,443.5203274134837,66.0217551756576,138.18889878665885,65.11855376767969
2.1051114860111477,-1.471063226680935,1107.9021138914918,66.85942027188165,558.9927489022549,66.76817907311381,173.75310441518212,66.24184967001486
2.368956860549917,-1.471063226680935,1386.1952016595671,67.38749679953273,698.9799918215011,67.32783570161357,216.4816450942064,67.00069173534473
2.6658714488230206,-1.471063226680935,1718.9702979679626,67.79135412036774,870.6387837354566,67.75984177997466,264.8553688833114,67.51632755996707
3.0,-1.471063226680935,2135.031081979422,68.11718808315945,1075.23000531664,68.08946165531037,324.3880842379829,67.91318237814461
-3.0,-1.421196676623954,699.3832033012305,65.29692285752269,351.4531388848557,65.04335132841884,108.76517086622381,63.337339952622926
-2.6658714488230206,-1.421196676623954,564.344707378611,64.26230513356637,282.5845098450465,63.84729219596938,87.91290900854578,60.8399544403444
-2.368956860549917,-1.421196676623954,448.1493821459598,62.84774202634616,225.07232489506748,62.207252572525775,69.99776195227787,56.57872242121752
-2.1051114860111477,-1.421196676623954,353.70507083678706,60.971270174229716,178.28391987293128,59.95299244950192,55.31757814403878,50.1275529869727
-1.8706522023821734,-1.421196676623954,279.7678205313353,58.55467522201147,141.21826464279164,56.88135370102303,43.77004125040175,42.33825875285959
-1.6623060990028473,-1.421196676623954,220.00273551342565,55.32070498175977,110.99526328449222,52.51853934723335,34.661920760059104,34.29289981813129
-1.4771647895120215,-1.421196676623954,172.7370178769817,51.062326298717416,87.12773913598583,46.59855646803499,27.253341297704836,26.530469219508067
-1.3126438125222553,-1.421196676623954,135.26562804229312,45.49454839998009,68.28010528820542,39.120611477376116,21.390512852524754,19.704920233192002
-1.166446554092426,-1.421196676623954,105.75831183272064,38.50235934675618,53.41652626035049,30.712811497556437,16.737354695415313,13.976534105600074
-1.0365321883776653,-1.421196676623954,82.6873646368416,30.383050727950337,41.783258189417516,22.411631094025296,13.103165345235242,9.437931141061174
-0.9210871889273549,-1.421196676623954,64.75051860399051,21.940322175776707,32.72516021639681,15.078619551348552,10.272039969370864,5.99168405098524
-0.8185000129460304,-1.421196676623954,50.92828206649514,14.220045406642253,25.752291799247768,9.230101766227303,8.08154320390939,3.505063269843383
-0.7273386051246984,-1.421196676623954,40.357751797457844,8.017518140644608,20.400220789874712,4.9681845693637365,6.414413461821111,1.835101154182799
-0.6463304070095649,-1.421196676623954,32.362669054257225,3.689574899186043,16.3716237786743,2.215222163808439,5.1411238124734835,0.7952604322435434
-0.5743445928509872,-1.421196676623954,26.39914037051496,1.173296047939565,13.34863041588593,0.6847374103803793,4.192842097141371,0.24221011889455335
-0.5103762839557767,-1.421196676623954,22.006934197290796,0.12033687938654869,11.129947096438906,0.06899864410782612,3.4936503120313227,0.024070201805698927
-0.4535325211846986,-1.421196676623954,18.84573768552811,0.07126374215433455,9.530629917137698,0.040408624910998885,2.989283357080953,0.01402007716473275
-0.40301979977966995,-1.421196676623954,16.630076654524377,0.5642490304056309,8.411111289196235,0.316039158935366,2.637164091922502,0.10835221930445801
-0.35813299251433084,-1.421196676623954,15.139042681673324,1.2273352587133797,7.657127734618593,0.682949790065713,2.397424781314796,0.23450504752039858
-0.3182455065418344,-1.421196676623954,14.196123785063273,1.818268498335163,7.17580456090916,1.0110111205790921,2.2443840957066032,0.3469998209029733
-0.2828005365353655,-1.421196676623954,13.66206917450455,2.2214704010452224,6.903337657878302,1.2340813638143378,2.1617111283984176,0.41964609620430215
-0.2513032920204875,-1.421196676623954,13.431600452957829,2.412212803691619,6.789362100813128,1.3361241931915446,2.1265608060251147,0.4532730464838304
-0.22331409039755062,-1.421196676623954,13.42355182359955,2.419064263904076,6.789246159251671,1.3362307233632753,2.122458597985718,0.457308127159835
-0.19844221923690444,-1.421196676623954,13.573508537222578,2.2935308388765394,6.866915108451562,1.2661129455450624,2.142596133572895,0.43772337473958156
-0.17634048216824733,-1.421196676623954,13.830977335335177,2.0882133915067547,6.996397453070833,1.1546529768716784,2.182427279655378,0.4006081622101946
-0.15670035222800524,-1.421196676623954,14.157734702321088,1.845513083152324,7.159736337481618,1.0233798122007403,2.2360638301543596,0.3539154833418739
-0.13924766500838334,-1.421196676623954,14.525664525005132,1.5949754481212546,7.344094718408553,0.887135675590117,2.297386411037743,0.3049388241209944
-0.12373879148704055,-1.421196676623954,14.914365911574349,1.3550200952528217,7.539809774786236,0.7556152463118683,2.361649724694917,0.25839438436480094
-0.10995723711238882,-1.421196676623954,15.309105457500248,1.135842952618732,7.73944890942503,0.6346212407932543,2.425874603429342,0.2165018040166211
-0.09771061966979347,-1.421196676623954,15.699310991996935,0.9420582121633947,7.937382188659146,0.5270731923464732,2.488424738199753,0.1799089770053806
-0.0868279837415025,-1.421196676623954,16.07752396366163,0.774718350824922,8.129512622025283,0.43387427981762294,2.548445202438864,0.14850124822699257
-0.07715741427178036,-1.421196676623954,16.43865887980013,0.6327503263377178,8.313023602666703,0.35463567693320586,2.6054703206655194,0.12186200986975693
-0.06856391592404971,-1.421196676623954,16.779452106066042,0.5139342614800008,8.486124662011665,0.2882339770769166,2.6592235098587667,0.09947994546944319
-0.06092752862714207,-1.421196676623954,17.09803158094674,0.4155444730187096,8.647813530364377,0.23320276234319437,2.7095374494288813,0.08083038419053605
-0.0541416530048151,-1.421196676623954,17.393572595859517,0.3347492700385674,8.797671025154653,0.18798442703181092,2.7563281365065704,0.06540719309472084
-0.04811156231253989,-1.421196676623954,17.666021611653516,0.26884379659255325,8.93569502447483,0.15107784063797153,2.799585194114288,0.05273784389298806
-0.04275308010908995,-1.421196676623954,17.915876813562335,0.21537153930017494,9.062171839383062,0.12111511962139403,2.8393632570749388,0.0423921421538548
-0.0379914052040221,-1.421196676623954,18.144016395099417,0.17217478357982963,9.177579458532572,0.09689354349271187,2.875770938268779,0.03398707182152093
-0.03376006747802295,-1.421196676623954,18.351566462127746,0.13740211426720667,9.282516210890186,0.07738095623505101,2.9089582354329515,0.02718833035271893
-0.03,-1.421196676623954,18.53980117896783,0.10949180135187275,9.37764893571613,0.06170669679022105,2.939104048585545,0.021709113549476463
0.03,-1.421196676623954,22.026158611593306,0.12277396129303514,11.14091289417869,0.07058253178674531,3.4981969018765415,0.02480070873549988
0.03376006747802295,-1.421196676623954,22.27512573083779,0.15635457230269817,11.267256726823152,0.09003036888715817,3.5379532903668167,0.03162182448946041
0.0379914052040221,-1.421196676623954,22.559688624569255,0.19922585166868617,11.411734311440576,0.11492077508997331,3.5833881542685417,0.04035277071017334
0.04275308010908995,-1.421196676623954,22.885513517356735,0.25399436089554817,11.577238733437168,0.14680611511031205,3.6354201768311025,0.051544424056356314
0.04811156231253989,-1.421196676623954,23.259315469666955,0.3240084108088026,11.767190081686966,0.18768943078167688,3.695150318666338,0.06591471668906977
0.0541416530048151,-1.421196676623954,23.689087557138823,0.41357064036029534,11.985642034183327,0.24015548260125816,3.7639068149986126,0.08440302630402786
0.06092752862714207,-1.421196676623954,24.184386227143136,0.5282099787463271,12.237409673852484,0.3075378801671644,3.8433005511704126,0.10824289707985507
0.06856391592404971,-1.421196676623954,24.756685154011045,0.6750268868323261,12.528221825205753,0.39413019136479605,3.935289243231138,0.139057598099389
0.07715741427178036,-1.421196676623954,25.41980936368517,0.8631257020625007,12.86490208464735,0.5054494170012452,4.042243471973579,0.17898101708590433
0.0868279837415025,-1.421196676623954,26.190457053575486,1.104143621410648,13.255585630139347,0.6485606926214632,4.166998378054408,0.23079994422229852
0.09771061966979347,-1.421196676623954,27.088805891633744,1.4128730643892464,13.70998697963268,0.8324740795384328,4.312863606102137,0.29810065445161826
0.10995723711238882,-1.421196676623954,28.139182915841218,1.807947265623347,14.239752721864841,1.06863205008868,4.483561883253146,0.38538571750860234
0.12373879148704055,-1.421196676623954,29.370760805523517,2.3125152712440293,14.85896988345373,1.3715277078012147,4.683104415895998,0.4981280253857015
0.13924766500838334,-1.421196676623954,30.818262692177807,2.954785780041763,15.58495576116733,1.7595369651718704,4.9157469820116715,0.6428115192503199
0.15670035222800524,-1.421196676623954,32.52280133862119,3.7683273562014437,16.43949980302687,2.2561014187680124,5.186453086400635,0.8272754218624059
0.17634048216824733,-1.421196676623954,34.53340295334384,4.7922037745320285,17.450659602400002,2.891380524400825,5.502589522416104,1.0621318251171514
0.19844221923690444,-1.421196676623954,36.91058604519416,6.071528013251715,18.654828889567153,3.7041831742925,5.877215014928879,1.3641047245040987
0.22331409039755062,-1.421196676623954,39.73416231399129,7.659569438940693,20.09796882886911,4.743122578046438,6.331924504179267,1.7601732556082812
0.2513032920204875,-1.421196676623954,43.116178261921824,9.621577487379616,21.834315871963433,6.064906801916539,6.892731448254192,2.285955958582548
0.2828005365353655,-1.421196676623954,47.21263487808288,12.034879671057027,23.92325727061243,7.729066572971599,7.573768831889195,2.9694251006719843
0.3182455065418344,-1.421196676623954,52.21446829337562,14.970280254989463,26.43365288647648,9.79625092662915,8.368320163228109,3.815848578432456
0.35813299251433084,-1.421196676623954,58.303362258668464,18.446139659255216,29.47127054747015,12.34430149916789,9.298459838087261,4.8577064377613945
0.40301979977966995,-1.421196676623954,65.63529090540817,22.40221267314038,33.212126663994226,15.485551998219448,10.4865139192044,6.246159949398923
0.4535325211846986,-1.421196676623954,74.51629000039412,26.780632364121892,37.848773517433706,19.298594864725665,12.013708730019012,8.093588677080731
0.5103762839557767,-1.421196676623954,85.651233833275,31.5900211175847,43.46886231619485,23.702538938841595,13.7515541844036,10.244263800349477
0.5743445928509872,-1.421196676623954,99.65895875330553,36.6246733035299,50.289956032206014,28.626951777933744,15.91846689768253,12.953020548510736
0.6463304070095649,-1.421196676623954,116.47855079184102,41.40591485990088,58.996270616139086,34.15858295201076,18.764211381622623,16.49533215444725
0.7273386051246984,-1.421196676623954,137.6362938765539,45.93580506692803,69.82397313548167,39.856668485027924,22.046473784207258,20.49393293003807
0.8185000129460304,-1.421196676623954,165.23335112292858,50.15153430950282,83.4077096166244,45.361066857744085,26.636727443989574,25.838631115640755
0.9210871889273549,-1.421196676623954,198.36186446666076,53.635373189211506,100.93031371289361,50.38814423489847,31.832113090641997,31.45193595734756
1.0365321883776653,-1.421196676623954,243.27375595101094,56.78071646502326,122.45950287338475,54.46841556908592,39.14714087945012,38.46673248378952
1.166446554092426,-1.421196676623954,297.77099385971195,59.260546273318425,151.75592199426745,57.93460479592896,48.015385231399975,45.509072266347715
1.3126438125222553,-1.421196676623954,373.20116031703327,61.440741518416345,188.31460006888773,60.54577254483301,59.635458735629676,52.38961833081794
1.4771647895120215,-1.421196676623954,466.80884724398135,63.124604891194544,236.4421004917224,62.603151114744506,75.06343531928798,58.09561779912963
1.6623060990028473,-1.421196676623954,592.482870643026,64.5182858916263,300.3749376982063,64.21432731791256,94.6083361541371,61.83207263424996
1.8706522023821734,-1.421196676623954,753.8215069542177,65.60598801662337,380.8497058553702,65.41140240110518,119.70222664756383,64.14870860868481
2.1051114860111477,-1.421196676623954,958.2345508700001,66.4454072891699,484.36165108638204,66.32905581453142,151.6158390041527,65.62517682866854
2.368956860549917,-1.421196676623954,1214.1847072129924,67.09023219969745,613.1479769081271,67.01652489565663,191.15731788104193,66.60181127219303
2.6658714488230206,-1.421196676623954,1526.25365474088,67.57927404550944,772.4534688897223,67.53718112777905,237.6759013348806,67.25715096924458
3.0,-1.421196676623954,1913.6002791752746,67.96163763013573,964.8023267208032,67.92946333805001,294.0902352043699,67.73409238291391
-3.0,-1.3713301265669733,637.575606269104,64.87971524409102,320.35085385594175,64.57312087990621,99.16774292302571,62.390392530805556
-2.6658714488230206,-1.3713301265669733,513.7532001644641,63.72843390956037,257.26155927478817,63.22649510351842,80.04595656493548,59.32166971251135
-2.368956860549917,-1.3713301265669733,407.54074012801095,62.15294568317121,204.66900937937444,61.36967460122844,63.664679564520846,54.212713979876824
-2.1051114860111477,-1.3713301265669733,321.3285202376269,60.057964144830386,161.94034896678923,58.801227808509125,50.2600818634786,47.039208502344394
-1.8706522023821734,-1.3713301265669733,253.83513807790484,57.3499006644136,128.10500991242128,55.28178964119056,39.72033189934086,38.9705754992177
-1.6623060990028473,-1.3713301265669733,199.3892043941502,53.72412291236741,100.58193086907926,50.3059490350109,31.413132408501948,31.017985400409962
-1.4771647895120215,-1.3713301265669733,156.38752925568016,48.96277734067837,78.87339034961437,43.70556691645582,24.67283407954311,23.592307506952466
-1.3126438125222553,-1.3713301265669733,122.36411171064034,42.810575946015916,61.761525741015085,35.735440857005614,19.348629922745094,17.215770000998226
-1.166446554092426,-1.3713301265669733,95.632763559783,35.285368715530275,48.29777656249371,27.24062651598149,15.133814076011536,11.971214973020981
-1.0365321883776653,-1.3713301265669733,74.78620166961123,26.90617148844317,37.78737293928565,19.249009820689718,11.850031886903265,7.893162948915431
-0.9210871889273549,-1.3713301265669733,58.628526665016096,18.62742428179159,29.62916021966736,12.477241730253187,9.299761512349985,4.8591960147226825
-0.8185000129460304,-1.3713301265669733,46.22122791064749,11.449732222594479,23.370381301178767,7.282415232500342,7.333866356569636,2.7236928160111034
-0.7273386051246984,-1.3713301265669733,36.77349149990165,5.996096103654738,18.58839619666582,3.6579419815762546,5.843230733870448,1.3357449855080508
-0.6463304070095649,-1.3713301265669733,29.664570633221505,2.438837355996603,15.005388781971764,1.447057031559325,4.711483322638317,0.515041142784662
-0.5743445928509872,-1.3713301265669733,24.394524861748327,0.5803801114247457,12.335521387311932,0.335726270978648,3.873529461050288,0.11799861109115838
-0.5103762839557767,-1.3713301265669733,20.546376893729462,0.005376685581118978,10.39138092142147,0.003062456088133521,3.2609677860786808,0.0010643707604770607
-0.4535325211846986,-1.3713301265669733,17.80645488561965,0.237984080268814,9.004596266082967,0.1343054264006975,2.8232274343400703,0.046440615922053216
-0.40301979977966995,-1.3713301265669733,15.914911287482047,0.8442672040925001,8.049652201560338,0.4713110487786855,2.5233707605684184,0.16119269316562918
-0.35813299251433084,-1.3713301265669733,14.671547432421821,1.5020189211671653,7.420943317304079,0.8339233125165838,2.32291783076466,0.28587618593745995
-0.3182455065418344,-1.3713301265669733,13.915758198269778,2.0233568548981733,7.034116759610193,1.1234297204278834,2.1996910329676287,0.385175027166723
-0.2828005365353655,-1.3713301265669733,13.521383015596037,2.3366615796861367,6.832353179455035,1.2970077345019029,2.139411741115664,0.440783181956459
-0.2513032920204875,-1.3713301265669733,13.393618289818859,2.4446597321235597,6.7703653384976725,1.3536538926266264,2.1206371009398914,0.459107330321879
-0.22331409039755062,-1.3713301265669733,13.45950925915838,2.388555737318253,6.807588105003313,1.3194472656596463,2.1283447027486613,0.45152563372285676
-0.19844221923690444,-1.3713301265669733,13.661173057404397,2.2221919355121518,6.911344679101863,1.2271114849725704,2.156812823087475,0.4242313860047706
-0.17634048216824733,-1.3713301265669733,13.953351945992377,1.9950253946151226,7.058379076903344,1.1036372458277646,2.202234404247279,0.3829341313641412
-0.15670035222800524,-1.3713301265669733,14.30197279462055,1.7444958477286021,7.23282052533805,0.9678920187077584,2.2593300774812346,0.334792719195004
-0.13924766500838334,-1.3713301265669733,14.682159999288093,1.4953941571847507,7.423427491974498,0.8322374471993792,2.322524878128494,0.2861638103139257
-0.12373879148704055,-1.3713301265669733,15.076019700206244,1.2623599316029461,7.621775095949143,0.7043725755815747,2.387524805447549,0.24097494488936377
-0.10995723711238882,-1.3713301265669733,15.470752295539404,1.0528824128283416,7.821402034288252,0.5886313381835886,2.4516913713754707,0.20090809285811348
-0.09771061966979347,-1.3713301265669733,15.857275701861287,0.8697796379724058,8.017440130649533,0.48693181578838574,2.513632316981667,0.16628688430880215
-0.0868279837415025,-1.3713301265669733,16.22927636884614,0.7129957579354362,8.206384010626916,0.3995466150382118,2.572666587375197,0.13681376326823422
-0.07715741427178036,-1.3713301265669733,16.58254324769543,0.5808335199800965,8.385869943005668,0.3257268562630354,2.6284553502079975,0.11197408703767611
-0.06856391592404971,-1.3713301265669733,16.9144740356213,0.47077117566662185,8.554448563115479,0.2641727526209489,2.6808171662063858,0.09120875886656205
-0.06092752862714207,-1.3713301265669733,17.223690227794833,0.37998450630264335,8.711370169220267,0.21335819886459503,2.729657136772002,0.07397574169906408
-0.0541416530048151,-1.3713301265669733,17.50972921410888,0.30566365703281084,8.856399121545737,0.17173496831367624,2.774946222908987,0.05977013435044302
-0.04811156231253989,-1.3713301265669733,17.772797310481554,0.24519068640918842,8.9896637313,0.13784854504947086,2.8167150114801136,0.048131647793459666
-0.04275308010908995,-1.3713301265669733,18.01357374346908,0.1962257886162613,9.11154031628441,0.11039470417242146,2.8550477436965718,0.038648213141798955
-0.0379914052040221,-1.3713301265669733,18.233057597684894,0.15673628792771283,9.222566388320796,0.08823926036416911,2.8900735054583513,0.030957369930849417
-0.03376006747802295,-1.3713301265669733,18.432450468013595,0.12499186960489453,9.323377026715397,0.07041657620389458,2.9219555571783986,0.024745560755091527
-0.03,-1.3713301265669733,18.613068166127483,0.09954159390846976,9.41465898641072,0.056116936281439586,2.9508804948335623,0.019745567468687837
0.03,-1.3713301265669733,21.930360398735832,0.11085454065971208,11.092415987258882,0.06370502951561319,3.482866504880126,0.022378684006881595
0.03376006747802295,-1.3713301265669733,22.165698283041237,0.14113627935492307,11.211846655868804,0.08123115464375576,3.5204484523480093,0.028523139096145025
0.0379914052040221,-1.3713301265669733,22.434484337706852,0.17978268072339,11.34831859634637,0.10365229565513175,3.563366768513298,0.036383985027118426
0.04275308010908995,-1.3713301265669733,22.741995043456853,0.2291366741759442,11.504526467651027,0.13236141930501574,3.61247733151941,0.046454906034176555
0.04811156231253989,-1.3713301265669733,23.094473051907705,0.29220732485718326,11.683650338624405,0.16915502871609406,3.6688043466669344,0.05937888702237379
0.0541416530048151,-1.3713301265669733,23.499336250437267,0.37286107054802525,11.889452609406863,0.21635038503441195,3.733581674175169,0.07599675423407076
0.06092752862714207,-1.3713301265669733,23.965437653936142,0.4760668417285927,12.126393849807194,0.2769350806046545,3.808303588886361,0.0974120933491727
0.06856391592404971,-1.3713301265669733,24.50338706516716,0.6082080658094007,12.399770310844218,0.3547561176745621,3.8947833640539287,0.12507658576561714
0.07715741427178036,-1.3713301265669733,25.125944699985507,0.7774748647598639,12.715876587072374,0.45475616549629444,3.995212960128907,0.1608980002509854
0.0868279837415025,-1.3713301265669733,25.848492568968048,0.9943464737995626,13.082199509957379,0.5832652160181111,4.112208346977824,0.20736726738568223
0.09771061966979347,-1.3713301265669733,26.689578947932887,1.2721632271647354,13.507656787452628,0.7483578636557104,4.248814383200491,0.2676891615405285
0.10995723711238882,-1.3713301265669733,27.671514012303923,1.6277643141335747,14.002911436948207,0.9602937885591285,4.408441095932366,0.34588562159961445
0.12373879148704055,-1.3713301265669733,28.82097840110058,2.0821293252626445,14.58082727737005,1.2320791245219622,4.594738825694218,0.4468413093622061
0.13924766500838334,-1.3713301265669733,30.169623386018518,2.660920513550253,15.257182302026958,1.5802270322880085,4.81154745454245,0.5763350933581496
0.15670035222800524,-1.3713301265669733,31.75477462316613,3.394831314240425,16.05179827246307,2.0258475755125023,5.063320643860898,0.7413435080415147
0.17634048216824733,-1.3713301265669733,33.62074852501501,4.319824520338812,16.990179098680656,2.5961864656215696,5.356706766792502,0.9513168758249473
0.19844221923690444,-1.3713301265669733,35.82206022645728,5.477820332125938,18.105385695023177,3.3264589235715745,5.703623966216377,1.2212110954638975
0.22331409039755062,-1.3713301265669733,38.4305538434806,6.918949387973549,19.43908860452674,4.261034093758075,6.123908372141639,1.575285900344197
0.2513032920204875,-1.3713301265669733,41.54732195979529,8.705692911714474,21.040179324537746,5.452051020094059,6.64139252274142,2.045697209182033
0.2828005365353655,-1.3713301265669733,45.31342824991724,10.914104272393125,22.961551021258106,6.954766229117736,7.268472711978784,2.657606521038426
0.3182455065418344,-1.3713301265669733,49.900929054390446,13.618009297120505,25.26380928367517,8.826242976633168,7.997493184268976,3.415053282717262
0.35813299251433084,-1.3713301265669733,55.470079373588156,16.846604660382592,28.0408707716772,11.14116465171749,8.847376374711047,4.3465281851019215
0.40301979977966995,-1.3713301265669733,62.15149273492969,20.558103746056126,31.451352190217012,14.010521214668604,9.931252439666396,5.590546163948752
0.4535325211846986,-1.3713301265669733,70.20992459673059,24.717138998213784,35.66675727845224,17.520167821296837,11.322898519121383,7.251202861470868
0.5103762839557767,-1.3713301265669733,80.2808466299652,29.364397954989183,40.75192906622283,21.60858758593123,12.89474027752524,9.179571190298716
0.5743445928509872,-1.3713301265669733,92.90812029398717,34.33117372366338,46.885411784615876,26.231358573637255,14.846354805627561,11.61158279902422
0.6463304070095649,-1.3713301265669733,107.94983675937169,39.13521189099491,54.68861742932977,31.52966121875483,17.406397813818273,14.810806271565967
0.7273386051246984,-1.3713301265669733,126.74360109770961,43.77879882926295,64.32735360505093,37.1226044525436,20.320217162330472,18.406021009719336
0.8185000129460304,-1.3713301265669733,151.16745580700947,48.195123688691034,76.30949450835271,42.69219126853662,24.411857403949003,23.289073803184756
0.9210871889273549,-1.3713301265669733,179.96904480208346,51.86597724090611,91.67281445052093,47.97660326654226,28.932660805663733,28.38050006772572
1.0365321883776653,-1.3713301265669733,218.92119459356516,55.24482621992497,110.14684344408332,52.35570710555228,35.330996245183,34.941367247041384
1.166446554092426,-1.3713301265669733,264.79353810751564,57.889606945473155,135.2776837335594,56.201757012445995,42.90698907259217,41.64876231696257
1.3126438125222553,-1.3713301265669733,328.570262766066,60.27879969484102,165.72910011997817,59.09194223639007,52.695214005655345,48.58726984558416
1.4771647895120215,-1.3713301265669733,404.6234205287038,62.0973804659525,205.271134170717,61.3971346051739,65.7152677721694,55.04194110433942
1.6623060990028473,-1.3713301265669733,507.93424778437094,63.65990950785095,258.6095230704661,63.26297737959379,81.92117434432673,59.725318364425796
1.8706522023821734,-1.3713301265669733,642.2420214817705,64.91411691497036,323.3997529912215,64.62360554683744,102.61495681730152,62.76209888685874
2.1051114860111477,-1.3713301265669733,809.6932807064787,65.87873669896135,410.2061856089873,65.72230093165626,129.58590685556683,64.71588929416389
2.368956860549917,-1.3713301265669733,1029.6838760554817,66.65841195886645,521.126792767576,66.56203587340809,164.1329068806325,66.0004030065802
2.6658714488230206,-1.3713301265669733,1307.5169248982093,67.26141066777464,660.755251509555,67.19965107794019,207.58836960412722,66.87411423174181
3.0,-1.3713301265669733,1653.1924404630065,67.72460653650899,835.3496095368423,67.68606098597309,260.3997084575838,67.47815029738295
-3.0,-1.3214635765099922,580.9748933768726,64.41670802199843,291.86069469609794,64.04485459936346,90.39597563605294,61.23513069848848
-2.6658714488230206,-1.3214635765099922,466.64774746483886,63.1223137074728,233.69736289568164,62.51157446407765,72.73298529843447,57.434976783012544
-2.368956860549917,-1.3214635765099922,369.26682676270485,61.35021303831382,185.4420209615507,60.38360999307909,57.70266722935208,51.41807811781306
-2.1051114860111477,-1.3214635765099922,290.50726572527793,58.98692491576291,146.3795387950147,57.4195085362724,45.449308092956734,43.63621208918737
-1.8706522023821734,-1.3214635765099922,228.92833803180397,55.91794269481209,115.50855885991439,53.33923049108784,35.83362742558844,35.42259697763252
-1.6623060990028473,-1.3214635765099922,179.45509365167015,51.81108382510009,90.51165927802151,47.63777313483904,28.272099295945864,27.658843394958573
-1.4771647895120215,-1.3214635765099922,140.4916691827648,46.448138474889454,70.84848428076744,40.331777867974495,22.164347302432784,20.63511278649009
-1.3126438125222553,-1.3214635765099922,109.77160532992521,39.64535019353764,55.399589693676965,31.978146754742387,17.355922632520752,14.747946434699791
-1.166446554092426,-1.3214635765099922,85.72477485895719,31.61930999815802,43.28957280815228,23.566543982113302,13.564967906532058,10.011874272888848
-1.0365321883776653,-1.3214635765099922,67.04531173053915,23.128950362046684,33.873098114211444,16.036351179671964,10.622534393924093,6.40829510880778
-0.9210871889273549,-1.3214635765099922,52.63090095186063,15.212222636822728,26.596547823987688,9.932022336619358,8.347436228114383,3.79303200725604
-0.8185000129460304,-1.3214635765099922,41.61582342622796,8.745507232297928,21.040353659091913,5.452184112245558,6.602507920955104,2.009174167648041
-0.7273386051246984,-1.3214635765099922,33.275973302668945,4.144560429648494,16.820732532093132,2.4899840595322433,5.286053543900434,0.8991286074218533
-0.6463304070095649,-1.3214635765099922,27.042869421416025,1.3964060272979397,13.678156702949266,0.8190104787495193,4.294146762068731,0.2890773923249403
-0.5743445928509872,-1.3214635765099922,22.458714989472142,0.18347486173920521,11.3573545154427,0.10522529847272674,3.565289331034688,0.03675683247033357
-0.5103762839557767,-1.3214635765099922,19.148249406305645,0.04185155524326477,9.684546298799672,0.023691089631219114,3.0383228865980714,0.008182291267034033
-0.4535325211846986,-1.3214635765099922,16.82414161881065,0.49940679675986765,8.507542069623812,0.28056290963705155,2.6663664230747015,0.0966989734872716
-0.40301979977966995,-1.3214635765099922,15.251773294597367,1.1661992325019328,7.714565297435683,0.6490021574903416,2.417905955977146,0.22145699975063865
-0.35813299251433084,-1.3214635765099922,14.251422792094079,1.7794816489822554,7.208757138044151,0.9859445497630275,2.256014772379685,0.3374767096411802
-0.3182455065418344,-1.3214635765099922,13.678393865322105,2.2083532279729474,6.914249675381643,1.2245891411141745,2.1619154884976197,0.4194554962327476
-0.2828005365353655,-1.3214635765099922,13.419613771176499,2.422421301664075,6.7811188804670826,1.3437122699076598,2.1233421371101766,0.45643706771536474
-0.2513032920204875,-1.3214635765099922,13.39073066314924,2.4471384247223926,6.7691496788815915,1.3547808173217037,2.1203151782532084,0.4594257942809262
-0.22331409039755062,-1.3214635765099922,13.52699875723482,2.3319891643606327,6.841878691518761,1.2884440468990332,2.1392756457031403,0.4409142623117562
-0.19844221923690444,-1.3214635765099922,13.77707982211009,2.130145463189252,6.970047622967319,1.1767948464690923,2.175563291293209,0.4068529686810397
-0.17634048216824733,-1.3214635765099922,14.100960020333758,1.8862879801420576,7.133114755738809,1.0440840375096634,2.226096139483969,0.36231470077196015
-0.15670035222800524,-1.3214635765099922,14.468713485207953,1.6322320414845897,7.317284361318551,0.9061880478461696,2.2862059859722845,0.3135287570725495
-0.13924766500838334,-1.3214635765099922,14.858692838483542,1.3878855225081623,7.512898430518203,0.7729256741435457,2.3508683697088655,0.26587294025949637
-0.12373879148704055,-1.3214635765099922,15.255494147585162,1.1642141404598818,7.712759689154326,0.6500533012948365,2.4162429979820548,0.22249962122613226
-0.10995723711238882,-1.3214635765099922,15.648232716569467,0.9661778157420933,7.911369096715162,0.5405261170746218,2.480030276939394,0.1845865862914391
-0.09771061966979347,-1.3214635765099922,16.029297389078035,0.794973244801468,8.104611689509387,0.4453515108988662,2.5410780064583367,0.15216711220025367
-0.0868279837415025,-1.3214635765099922,16.393500868094304,0.6495820429236453,8.289565214046682,0.36424868820101186,2.5988745411374654,0.12478837253312378
-0.07715741427178036,-1.3214635765099922,16.737488536884126,0.5277948055163472,8.464310317928366,0.29616890028807746,2.6532038156537174,0.10185837522599317
-0.06856391592404971,-1.3214635765099922,17.059302346680703,0.4268700712430242,8.627730385238717,0.23968057440618024,2.7039760746795154,0.08278518773487993
-0.06092752862714207,-1.3214635765099922,17.35804134842609,0.34394355092075535,8.77932025393312,0.19322990914814542,2.751165945125033,0.06702002850805067
-0.0541416530048151,-1.3214635765099922,17.6335902027943,0.2762680135931277,8.919020276888123,0.15530052942507688,2.7947968925218842,0.05406670561989678
-0.04811156231253989,-1.3214635765099922,17.88640147630865,0.22134050397982505,9.047082221432634,0.12450010224117738,2.834938333174612,0.04348239406534083
-0.04275308010908995,-1.3214635765099922,18.11732306174304,0.17695706037216935,9.163966051026739,0.09959874619931852,2.871702227662814,0.034876776563512527
-0.0379914052040221,-1.3214635765099922,18.32746375863206,0.14122300153367345,9.270263058800747,0.07953809682981289,2.9052364473182894,0.027910449105573252
-0.03376006747802295,-1.3214635765099922,18.51809061613078,0.11253783834137401,9.366639928952678,0.06342397943783955,2.935715998277637,0.02229231446272393
-0.03,-1.3214635765099922,18.690552124763176,0.08956727228004649,9.45379874491475,0.050510966467828336,2.9633338078343887,0.017775910611957504
0.03,-1.3214635765099922,21.830567150231353,0.09904086463347969,11.041895365382986,0.05689269111286731,3.466895616703496,0.019980520274428593
0.03376006747802295,-1.3214635765099922,22.051795877106983,0.12605909431762333,11.154168921034957,0.07251958320867959,3.502226284377789,0.025456679263720788
0.0379914052040221,-1.3214635765099922,22.30427139530106,0.16052789847369495,11.28236368717415,0.09250185413100206,3.5425425750997874,0.032458811385945655
0.04275308010908995,-1.3214635765099922,22.592875763980867,0.20453047436206717,11.428973435352018,0.11807585081624301,3.588636762012842,0.04142451668045466
0.04811156231253989,-1.3214635765099922,22.92337467323879,0.26074168847531204,11.596935811035795,0.15083525095435096,3.641455474602837,0.05292334542735497
0.0541416530048151,-1.3214635765099922,23.30260667585795,0.33259820522490313,11.789719749568938,0.19283474533760628,3.702137380313223,0.06769963144357839
0.06092752862714207,-1.3214635765099922,23.738718041379123,0.4245169622332579,12.0114295860997,0.24672239518731906,3.7720593703053336,0.08672979333359256
0.06856391592404971,-1.3214635765099922,24.24145286682668,0.5421740092700917,12.266928127358057,0.3159070810826231,3.8528896248560143,0.11129768696462279
0.07715741427178036,-1.3214635765099922,24.822507179658842,0.69285634182515,12.561981535836932,0.40476799061397517,3.9466411074953105,0.1430899920043279
0.0868279837415025,-1.3214635765099922,25.495951374097174,0.8858969700260197,12.90343119891481,0.5189136958141085,4.055710802916211,0.18430843729043414
0.09771061966979347,-1.3214635765099922,26.2787151649425,1.1331947246703427,13.299404576909128,0.6655003583478111,4.182880067752889,0.23778501983784994
0.10995723711238882,-1.3214635765099922,27.191112591694797,1.449800698438183,13.759593267538005,0.8536255239942112,4.331249549165506,0.3070724109019939
0.12373879148704055,-1.3214635765099922,28.257368659737313,1.8545203249971127,14.295658336941091,1.0948326387103775,4.504115559690085,0.3964819422919747
0.13924766500838334,-1.3214635765099922,29.506124090248033,2.3704445305279327,14.921870896328933,1.4037992587248291,4.70491441148025,0.5111074434381102
0.15670035222800524,-1.3214635765099922,30.971018095325793,3.0253325046655926,15.656134174509646,1.799331343703324,4.937609541837516,0.6570905874380745
0.17634048216824733,-1.3214635765099922,32.691818903130695,3.8519324637598586,16.52147057880403,2.3057819508094646,5.208157793410393,0.8427586254325814
0.19844221923690444,-1.3214635765099922,34.71729030945557,4.888772018994971,17.54771313527598,2.954773440155846,5.527367183036172,1.0813490215859218
0.22331409039755062,-1.3214635765099922,37.111685954370174,6.182497773239819,18.772399036018957,3.7863888493911464,5.913344875868929,1.3944548820729614
0.2513032920204875,-1.3214635765099922,39.96568095545278,7.792213713213858,20.23932899403641,4.848090659614094,6.38778698753493,1.8108186518772567
0.2828005365353655,-1.3214635765099922,43.40614299429921,9.791636296379107,21.99534093883283,6.190683029583864,6.961483739820797,2.352885503729322
0.3182455065418344,-1.3214635765099922,47.587352170073146,12.25597409081978,24.093521778996344,7.867372780943693,7.626161921003171,3.023750797742946
0.35813299251433084,-1.3214635765099922,52.6501287223721,15.22338141323306,26.616993153861014,9.949073653570771,8.39800638554749,3.848330064849748
0.40301979977966995,-1.3214635765099922,58.703567401762456,18.669190091143086,29.708254879040958,12.54384035708551,9.381037196807858,4.952359589264101
0.4535325211846986,-1.3214635765099922,65.97704645069352,22.579419030837244,33.51985602695244,15.742222620836795,10.641959943602773,6.431495340757414
0.5103762839557767,-1.3214635765099922,75.04292706063177,27.025160928754627,38.099194126466784,19.500531565483982,12.056888717910489,8.14654151423995
0.5743445928509872,-1.3214635765099922,86.38106214873508,31.879288163752342,43.594463024191,23.797619984904575,13.807824857708662,10.314395453113942
0.6463304070095649,-1.3214635765099922,99.80231718457563,36.67085461355139,50.570572503918186,28.818673381184944,16.103517316188732,13.184471259989646
0.7273386051246984,-1.3214635765099922,116.49162564266408,41.409175012742644,59.145699469407894,34.245991576323306,18.689659954330544,16.403209802772857
0.8185000129460304,-1.3214635765099922,138.14082333796864,46.02782672228531,69.73904369545178,39.816808901386324,22.33693483567613,20.841484799245592
0.9210871889273549,-1.3214635765099922,163.3551112126583,49.910098637083564,83.27946427345196,45.31652843282659,26.29716374087511,25.454842416937733
1.0365321883776653,-1.3214635765099922,197.45749637522115,53.55644218066076,99.32669894107411,50.00461100301037,31.933638599862007,31.556577996174266
1.166446554092426,-1.3214635765099922,236.82320510744242,56.40649247205635,121.19631109341024,54.27431539476492,38.50634736189292,37.89549853386009
1.3126438125222553,-1.3214635765099922,291.7652278091846,59.035347588541505,147.16079811082483,57.49711102385965,46.917985391411115,44.72439679893645
1.4771647895120215,-1.3214635765099922,355.2926705210903,61.01153636208479,180.46975785118346,60.08870293592686,58.09519751626192,51.620677413796
1.6623060990028473,-1.3214635765099922,441.6451457178775,62.74546620281451,225.5647130974314,62.22533843912063,71.74080651810544,57.13489435578677
1.8706522023821734,-1.3214635765099922,553.5671798835697,64.1570849639069,278.1380638937233,63.74739057952557,88.88016021636807,60.998054729479165
2.1051114860111477,-1.3214635765099922,688.7895537629383,65.23090929087167,349.60690256626606,65.01798401512008,111.30955800646952,63.547519338221065
2.368956860549917,-1.3214635765099922,870.3662775871352,66.13419806429152,441.46099290885036,66.00464757346028,140.44195775796277,65.2128352333214
2.6658714488230206,-1.3214635765099922,1104.7757946978277,66.85194398758034,557.5626658114506,66.76093074733461,179.21301237483078,66.36428912764275
3.0,-1.3214635765099922,1395.4970074200132,67.40144745580099,707.1539005664533,67.35336964004068,226.81266258652585,67.13284716277349
-3.0,-1.2715970264530114,535.5973729919205,63.97183550950369,269.03552324975414,63.53136989165087,83.41900804676693,60.027687046475826
-2.6658714488230206,-1.2715970264530114,426.5126367130305,62.49483594832793,213.6690966585899,61.76169351715072,66.5353966090651,55.35607562270617
-2.368956860549917,-1.2715970264530114,335.361735759536,60.47673963405722,168.42650178610722,59.2896144570443,52.43890528691846,48.42973098327913
-2.1051114860111477,-1.2715970264530114,262.43309286070917,57.77739981547505,132.20684027921124,55.822197957579334,41.076530693540455,40.135854113446115
-1.8706522023821734,-1.2715970264530114,205.7491661523696,54.25278729159744,103.7854455454832,51.03909563872601,32.22244188455013,31.853152556174777
-1.6623060990028473,-1.2715970264530114,160.6229755081019,49.54859744237636,80.99934782308124,44.50280502144552,25.30636880548734,24.323900583160494
-1.4771647895120215,-1.2715970264530114,125.31263024107139,43.46928938796657,63.186859392046934,36.514943343239125,19.769907826748735,17.733069062929747
-1.3126438125222553,-1.2715970264530114,97.65994789164641,35.97002358515148,49.28168097500133,27.93081515982911,15.439830797167652,12.354146625095536
-1.166446554092426,-1.2715970264530114,76.15287034059571,27.53493376923933,38.45217687718735,19.78435647961722,12.049727428423807,8.137757232739308
-1.0365321883776653,-1.2715970264530114,59.55102771811779,19.13899177376757,30.08431072997934,12.860480610965764,9.434451348590702,5.013750430640598
-0.9210871889273549,-1.2715970264530114,46.823434534681,11.805180416062253,23.660725089382435,7.516491615840447,7.4255699300905365,2.817025835929355
-0.8185000129460304,-1.2715970264530114,37.16388250189582,6.211361708733487,18.78851191250776,3.7976914295191397,5.895733132828303,1.3796349323683808
-0.7273386051246984,-1.2715970264530114,29.906794890787523,2.5445862795215994,15.118294071710165,1.506265496071419,4.749540886832822,0.5380518561028081
-0.6463304070095649,-1.2715970264530114,24.531270624445227,0.6154225922082691,12.407025984020649,0.35693323015129225,3.8944978322210924,0.12498031228048673
-0.5743445928509872,-1.2715970264530114,20.619122685485035,0.007628375101011755,10.427988549147843,0.0043398803441860425,3.272497975949438,0.0015083110931402863
-0.5103762839557767,-1.2715970264530114,17.834748413338644,0.23201773443366241,9.020671858748527,0.1305475123795381,2.8292575742455894,0.04490415001964571
-0.4535325211846986,-1.2715970264530114,15.916697789441958,0.8434836719322161,8.048530311787758,0.47185002730845854,2.5215652991412134,0.1621301074386672
-0.40301979977966995,-1.2715970264530114,14.655012194814747,1.5123777714003532,7.413102184217279,0.8392586135600226,2.323054296173394,0.2857763410105259
-0.35813299251433084,-1.2715970264530114,13.89008593303729,2.0428544367825943,7.026337352625384,1.1298240779824085,2.1985372572458153,0.3861943496960235
-0.3182455065418344,-1.2715970264530114,13.493047750313444,2.3603322915375986,6.820763875604684,1.3074772053946286,2.1324984098727766,0.44747395208729174
-0.2828005365353655,-1.2715970264530114,13.36382862443887,2.470311727065026,6.753209991701995,1.3696145097544385,2.114627911665183,0.46507585969652987
-0.2513032920204875,-1.2715970264530114,13.428430559919642,2.4149096486626442,6.7884916006082445,1.336924168830304,2.126468333649585,0.453363747985836
-0.22331409039755062,-1.2715970264530114,13.630251431541073,2.2471845389149547,6.894254474027068,1.2420192731883495,2.1559252894967007,0.4250656619730531
-0.19844221923690444,-1.2715970264530114,13.924456460371744,2.0167784240822275,7.044652933704927,1.1148067397718338,2.1993627274874936,0.38546489853127847
-0.17634048216824733,-1.2715970264530114,14.276237265139581,1.7622516121033707,7.221833697604626,0.976108133312147,2.2544013678816515,0.33878777167739743
-0.15670035222800524,-1.2715970264530114,14.65977185490005,1.5093913648533561,7.414043906745118,0.8386167194196218,2.3169808535189813,0.2902409041684156
-0.13924766500838334,-1.2715970264530114,15.056594938620707,1.2732786748786693,7.613179714417494,0.7096425514858251,2.382628640920473,0.24421434349689328
-0.12373879148704055,-1.2715970264530114,15.453747490099438,1.061428831822925,7.813247040837947,0.5931141851074678,2.447956305262446,0.2031209881779577
-0.10995723711238882,-1.2715970264530114,15.842218090936512,0.8765200736690852,8.009688681714245,0.49073591020879975,2.510997641579267,0.16768112069831528
-0.09771061966979347,-1.2715970264530114,16.21582898399451,0.7183430053758554,8.199125122087434,0.40271746040897544,2.5708334439062037,0.13767888777280796
-0.0868279837415025,-1.2715970264530114,16.570485618791036,0.5850849182436382,8.379201298001153,0.32831443534666604,2.627114567997596,0.11253774872822789
-0.07715741427178036,-1.2715970264530114,16.903659998097535,0.47414813986018767,8.548427773494963,0.26624519914206407,2.679741722825551,0.09161111460560166
-0.06856391592404971,-1.2715970264530114,17.214011860390197,0.3826593634582007,8.70600757100852,0.21499435231758451,2.7287118793948575,0.07429020770211957
-0.06092752862714207,-1.2715970264530114,17.50109437750143,0.30777494789068066,8.851668273312162,0.1730137847386948,2.774065120521843,0.060030596943381954
-0.0541416530048151,-1.2715970264530114,17.76511879573317,0.24685143860336223,8.985515709541081,0.13884175207821206,2.815874036201796,0.04835242392124871
-0.04811156231253989,-1.2715970264530114,18.006765734223375,0.19752832878763232,9.107915802350995,0.11116340887632634,2.8542440151469046,0.038835515321492556
-0.04275308010908995,-1.2715970264530114,18.22703579116462,0.1577555813022813,9.21940398793896,0.08883336952229083,2.889312284338724,0.031114796743171302
-0.0379914052040221,-1.2715970264530114,18.427133518736447,0.12578825934078683,9.320618192609068,0.07087574550750406,2.921243371407377,0.024876241872503032
-0.03376006747802295,-1.2715970264530114,18.608379231017484,0.10016323009423661,9.412250473454918,0.056472133719026256,2.9502221684632333,0.019852736202485646
-0.03,-1.2715970264530114,18.77214347097659,0.07966758473535279,9.495012819698696,0.04494414434884074,2.9764463048483045,0.015819557035170417
0.03,-1.2715970264530114,21.727108344764105,0.08745064267639685,10.989517779811594,0.0502134443141622,3.4503369301626106,0.017630146309259926
0.03376006747802295,-1.2715970264530114,21.933804542608453,0.1112732861119758,11.094418937456568,0.06398254294608222,3.483348499936486,0.02245304930543567
0.0379914052040221,-1.2715970264530114,22.169503471524717,0.14165346963121261,11.214099298162976,0.08158069267334105,3.5209880760886283,0.02861643224711882
0.04275308010908995,-1.2715970264530114,22.438690519332987,0.18042116030394303,11.350850520535412,0.10409196393225882,3.563983916639573,0.03650347822668328
0.04811156231253989,-1.2715970264530114,22.746652854604555,0.22992542262649127,11.507366945185968,0.1329129473216603,3.6132047380414947,0.04661254595539258
0.0541416530048151,-1.2715970264530114,23.09964923759659,0.29318388439856274,11.686823728817002,0.16984330970507333,3.669693797464251,0.05959449286411659
0.06092752862714207,-1.2715970264530114,23.505120421303946,0.37407503085410043,11.892969551145434,0.2172014432166148,3.734710575315409,0.07630261826443402
0.06856391592404971,-1.2715970264530114,23.97194854369743,0.4775842795422497,12.130235719899296,0.2779708891958891,3.80977843483786,0.09785836404777334
0.07715741427178036,-1.2715970264530114,24.51077289800039,0.6101156290554044,12.403863962797802,0.3559837479602476,3.896732109737135,0.12573450784072523
0.0868279837415025,-1.2715970264530114,25.134365145699654,0.7798790464020924,12.720057262288778,0.45614792462715126,3.997751181082542,0.1618530266495311
0.09771061966979347,-1.2715970264530114,25.858057284736322,0.9973567664997087,13.0861643259561,0.5847269980958708,4.1153564538868395,0.2086854025778878
0.10995723711238882,-1.2715970264530114,26.700199809266447,1.2758353515010592,13.510923265362136,0.7496879431726041,4.252344429166524,0.26933073248106015
0.12373879148704055,-1.2715970264530114,27.68261217905324,1.63196246381582,14.004819468063438,0.9611490747382048,4.411666295951837,0.34754694289951793
0.13924766500838334,-1.2715970264530114,28.83100094252303,2.086257048426959,14.580656920227295,1.2319953750918005,4.596369163388245,0.447768324216724
0.15670035222800524,-1.2715970264530114,30.175434810088937,2.6635111100211804,15.254477231165957,1.5787748145418545,4.809947693477297,0.5753352386595452
0.17634048216824733,-1.2715970264530114,31.751308515125537,3.3931705030958774,16.046901078370645,2.0229904521414848,5.057695776671694,0.7374971186728939
0.19844221923690444,-1.2715970264530114,33.60189324677549,4.3101925209383,16.98464468193547,2.592696552149385,5.349344012932655,0.9458322556781492
0.22331409039755062,-1.2715970264530114,35.784223312303446,5.457408750630911,18.101270750208936,3.3236717600930543,5.7013042308835065,1.2193353428974498
0.2513032920204875,-1.2715970264530114,38.37906543419328,6.8899374584652655,19.43573251999774,4.258610267117927,6.13318366826168,1.5834014713579303
0.2828005365353655,-1.2715970264530114,41.49976885509275,8.67806501945041,21.029210679883064,5.443678577808866,6.654286112250392,2.057847163895352
0.3182455065418344,-1.2715970264530114,45.283799711542216,10.896631272587477,22.927909472702215,6.927912212407181,7.25599427288371,2.6450411961034748
0.35813299251433084,-1.2715970264530114,49.85419601613041,13.590573457957468,25.20502700134808,8.77777314797378,7.952094265074145,3.3666479288387894
0.40301979977966995,-1.2715970264530114,55.30158402347676,16.75042473737203,27.98794247130143,11.096722137470362,8.837558988711239,4.33552020344788
0.4535325211846986,-1.2715970264530114,61.82442614645435,20.38155174171068,31.411799237135927,13.977288101681443,9.97230189795222,5.638643530374833
0.5103762839557767,-1.2715970264530114,69.93629557417661,24.582194348585126,35.51048435317231,17.39160323205839,11.238198287469874,7.14860853088815
0.5743445928509872,-1.2715970264530114,80.06025249928734,29.269268770789747,40.40782664977198,21.338513202138447,12.800431231348913,9.062826454175719
0.6463304070095649,-1.2715970264530114,91.98274707613442,33.99801553009216,46.615517894221746,26.03604116062908,14.84841040799852,11.61415402426915
0.7273386051246984,-1.2715970264530114,106.75716982608391,38.79344198052101,54.21838916128434,31.22986540495111,17.136618790671097,14.474670951491742
0.8185000129460304,-1.2715970264530114,125.90703722138808,43.598646018971706,63.5695122383363,36.72040570426187,20.37705727459208,18.475339452724967
0.9210871889273549,-1.2715970264530114,148.01665845287337,47.705502229335195,75.50516909145664,42.362155434702956,23.851002407440156,22.63381472800367
1.0365321883776653,-1.2715970264530114,177.9617897944679,51.64971781292336,89.51582371109103,47.34009360613189,28.822181056060195,28.260356233319484
1.166446554092426,-1.2715970264530114,212.1009885359393,54.74743558452992,108.66970654280979,52.065348775330314,34.56549355820543,34.19870315486306
1.3126438125222553,-1.2715970264530114,259.9697638409167,57.65799137548316,131.14270933443208,55.685798172822174,41.88197014686172,40.81003633874866
1.4771647895120215,-1.2715970264530114,314.3472501202666,59.8348532061926,159.81199283209756,58.63081054754815,51.61229000735455,47.913040940853385
1.6623060990028473,-1.2715970264530114,388.39273553297147,61.77217751457753,198.75012935247022,61.0895265129157,63.36132105865232,54.084570294107806
1.8706522023821734,-1.2715970264530114,484.09391230345807,63.36117698013707,243.00074637561048,62.81252761645888,77.96366197274709,58.83798295869107
2.1051114860111477,-1.2715970264530114,597.0829084117235,64.55775222383335,303.41080520731606,64.27221640344135,97.04967197406306,62.14126558868253
2.368956860549917,-1.2715970264530114,749.4597835634643,65.58293084688023,380.70955422495706,65.40979362924469,121.88342910783588,64.2853489836494
2.6658714488230206,-1.2715970264530114,947.2030975840926,66.40958485850649,477.86227419636873,66.28389665926412,155.86076871929725,65.76134579868258
3.0,-1.2715970264530114,1190.1650118542623,67.04174693534299,604.4717095330064,66.97988395642676,197.76162148116197,66.71795867232152
-3.0,-1.2217304763960306,514.1869245711223,63.73347669084422,258.4102649876511,63.25761139434515,80.32374341253272,59.383308085817006
-2.6658714488230206,-1.2217304763960306,399.992090243784,62.007417003665154,200.59900467214217,61.179080627055384,62.539760677843844,53.730250094696636
-2.368956860549917,-1.2217304763960306,309.2945643121148,59.66671028297476,155.40364182957677,58.26034451123503,48.43894862664902,45.80547268910136
-2.1051114860111477,-1.2217304763960306,238.9102987718926,56.5299229325789,120.34568701860884,54.14094606293546,37.435456668036046,36.92212203868961
-1.8706522023821734,-1.2217304763960306,185.23411106418817,52.41005783399517,93.4147197355376,48.468734188528785,29.038899926938008,28.49582109575318
-1.6623060990028473,-1.2217304763960306,143.38892022100362,46.947629446837965,72.29893071413335,40.98658251577318,22.596044882803128,21.150546381531413
-1.4771647895120215,-1.2217304763960306,111.12455973459247,40.01511773195063,56.02876739849212,32.37021871218335,17.53366631885004,14.969235654127784
-1.3126438125222553,-1.2217304763960306,86.19198117193815,31.80464417448116,43.490999608763246,23.71930847524512,13.626522287105772,10.08851106035429
-1.166446554092426,-1.2217304763960306,67.02328190035288,23.117685410627857,33.83977606286283,16.008629433622062,10.605112149121043,6.387496918208628
-1.0365321883776653,-1.2217304763960306,52.37955240727385,15.066252499015748,26.459809614343854,9.818042270279925,8.297972558303103,3.7391035251081086
-0.9210871889273549,-1.2217304763960306,41.264954850811094,8.541774517607307,20.851574178363038,5.308460695032974,6.543565981149145,1.9541571496400936
-0.8185000129460304,-1.2217304763960306,32.91292458639054,3.9620345994451096,16.638976491009505,2.377586466744803,5.221121937783338,0.8520536139587408
-0.7273386051246984,-1.2217304763960306,26.705126862383448,1.2775402048060585,13.50090179404499,0.7456102378141625,4.239961601352906,0.26359031468322297
-0.6463304070095649,-1.2217304763960306,22.162222158047715,0.14066457391703258,11.208444676093368,0.08070459660818181,3.5177150788232567,0.02805276671351621
-0.5743445928509872,-1.2217304763960306,18.9025728844563,0.06511160053344772,9.560974126206768,0.03674423861541891,2.9994333614800848,0.01267767863893442
-0.5103762839557767,-1.2217304763960306,16.62783669986589,0.5650242923776263,8.410858355961201,0.3161354020396915,2.6372722298374627,0.10830767260635751
-0.4535325211846986,-1.2217304763960306,15.101952723444914,1.247873771309155,7.6365805012376615,0.6953515472038428,2.3916736725439116,0.2382505326593655
-0.40301979977966995,-1.2217304763960306,14.138967807225036,1.8589273999786449,7.152505098818773,1.0289775020414205,2.241096299780188,0.34972225847616556
-0.35813299251433084,-1.2217304763960306,13.598956442712668,2.2726679010754767,6.879450016493586,1.2550285296149244,2.152304964661249,0.42847976782086405
-0.3182455065418344,-1.2217304763960306,13.368730109915244,2.4660786909876276,6.758213306059233,1.3649468371160174,2.1128775225201877,0.46682392739076806
-0.2828005365353655,-1.2217304763960306,13.361072475715499,2.472694141000083,6.752187995628024,1.370569245034295,2.1143897828893086,0.46531341968187295
-0.2513032920204875,-1.2217304763960306,13.512174362266709,2.344336864601125,6.831147672763626,1.2980941773935633,2.1399632362131804,0.44025226914143933
-0.22331409039755062,-1.2217304763960306,13.773451576850334,2.1329879504769163,6.966827681292087,1.1795193171845904,2.1789593468992017,0.4037554846529491
-0.19844221923690444,-1.2217304763960306,14.106477904580881,1.8822997435367133,7.136762618346251,1.0412313178562327,2.228717267831028,0.360093895996684
-0.17634048216824733,-1.2217304763960306,14.48156440552553,1.623777213401135,7.325737045082768,0.9001537743046812,2.2875296805056013,0.31250397969146626
-0.15670035222800524,-1.2217304763960306,14.876908387232607,1.377078036956253,7.523987369621227,0.7657634543750663,2.351934923258234,0.2651272803509386
-0.13924766500838334,-1.2217304763960306,15.27714581732036,1.152704173443075,7.724916822261476,0.6429959276018372,2.41800889848774,0.22139255515651682
-0.12373879148704055,-1.2217304763960306,15.671688956533147,0.9550557646934785,7.923695687056357,0.5341260265877508,2.48280881985047,0.1830304294697896
-0.10995723711238882,-1.2217304763960306,16.053334778187036,0.7848387862753117,8.116676496061114,0.43976863162214214,2.5446925674893075,0.15036201473599434
-0.09771061966979347,-1.2217304763960306,16.41728264571289,0.6406856065879745,8.301187995301765,0.3594671638663426,2.602963746896675,0.12296940337406938
-0.0868279837415025,-1.2217304763960306,16.76048222668332,0.5201736276533346,8.47541880561273,0.29211282295236385,2.657426333051116,0.10018668735221506
-0.07715741427178036,-1.2217304763960306,17.081190362620486,0.4204480424453093,8.638288895064104,0.23626245057574488,2.7080898822736876,0.08133668011972335
-0.06856391592404971,-1.2217304763960306,17.37864862654616,0.338594022767512,8.789303012033846,0.19036640607650143,2.7550316257394543,0.0658102190922523
-0.06092752862714207,-1.2217304763960306,17.652833395474858,0.27184928816033954,8.92840590136506,0.15291583427954134,2.7983518539604737,0.05307839082057668
-0.0541416530048151,-1.2217304763960306,17.90425594513416,0.21771413099468195,9.055855381003981,0.12252586498806203,2.8381679790714687,0.04268516378496921
-0.04811156231253989,-1.2217304763960306,18.1338021631566,0.1739962974676568,9.172119909603037,0.09797360549695966,2.8746177837506752,0.03423797550678922
-0.04275308010908995,-1.2217304763960306,18.342605826354546,0.13881599348822526,9.277800422332826,0.07820739495781674,2.9078607454685983,0.027400219497382177
-0.0379914052040221,-1.2217304763960306,18.53195051726249,0.11058809792485041,9.373572938121663,0.06233958138795843,2.938075481468177,0.02188529885681436
-0.03376006747802295,-1.2217304763960306,18.7031954995513,0.08799285469802741,9.460147583297852,0.049631029084942734,2.9654545717127827,0.01745135062762299
-0.03,-1.2217304763960306,18.857721113043866,0.06994218044519795,9.538240009439782,0.039472424201120966,2.9901984581833507,0.013896146236604026
0.03,-1.2217304763960306,21.620320542272445,0.07619830293608076,10.935453578906442,0.0437331729031916,3.4332442819983453,0.01535073602269081
0.03376006747802295,-1.2217304763960306,21.81211784771416,0.0969247702031627,11.032795954584083,0.05570418503218814,3.4638780322690486,0.01954183751597926
0.0379914052040221,-1.2217304763960306,22.030642162371176,0.1233455878064361,11.143759179753506,0.07099638653388034,3.4987770582192548,0.024894660903224144
0.04275308010908995,-1.2217304763960306,22.279982330161086,0.1570464937223614,11.270432785095977,0.09054740179682996,3.5386055747071086,0.03174016641631498
0.04811156231253989,-1.2217304763960306,22.564948360620313,0.20006237058344772,11.415268412266236,0.11556439672694367,3.5841545206238514,0.04050845178378671
0.0541416530048151,-1.2217304763960306,22.891222355852744,0.2550067065917578,11.581148951263325,0.1476020496031833,3.636372111232159,0.05176081442836495
0.06092752862714207,-1.2217304763960306,23.265545192686957,0.3252384452471481,11.771470242086574,0.18866216173544473,3.6964011158588943,0.06623266455824017
0.06856391592404971,-1.2217304763960306,23.69594620357252,0.41507604540664106,11.990236768372,0.2413198642795295,3.7656212570785534,0.08488999622870241
0.07715741427178036,-1.2217304763960306,24.19202200470137,0.530069560527851,12.24217313292213,0.30888189011654643,3.8456909158585284,0.10900091075662459
0.0868279837415025,-1.2217304763960306,24.765266424552706,0.6773405438604618,12.532854938675525,0.39558302984109855,3.938575203545454,0.14021973243537433
0.09771061966979347,-1.2217304763960306,25.4294442262786,0.865994129273471,12.868868375179703,0.5068287412623954,4.046538934540003,0.18067306698325225
0.10995723711238882,-1.2217304763960306,26.200986356362684,1.1075942889367951,13.258021544974117,0.6494977902255423,4.17208154160134,0.2330262881904277
0.12373879148704055,-1.2217304763960306,27.099369973660977,1.4166700203311287,13.709657574556942,0.8323343121944526,4.317819976667656,0.30050870792043605
0.13924766500838334,-1.2217304763960306,28.14745836173978,1.8111949539026357,14.235160139009073,1.0664902050817664,4.486428459404323,0.3869259353051644
0.15670035222800524,-1.2217304763960306,29.37188054297106,2.3129925563268876,14.84877371405788,1.3663216786277905,4.680956076098299,0.49685630378132745
0.17634048216824733,-1.2217304763960306,30.80384558970063,2.948153284359583,15.56880473143507,1.7505489780989627,4.9060640433933775,0.6365235114985442
0.19844221923690444,-1.2217304763960306,32.481398844865375,3.7479227145133684,16.418970697555636,2.243712605334616,5.170440773070158,0.8159164475331019
0.22331409039755062,-1.2217304763960306,34.45472477787205,4.7510231377594785,17.429022696859654,2.877302214481852,5.488840959391488,1.0515172883339743
0.2513032920204875,-1.2217304763960306,36.79517419863941,6.0080143172543465,18.633304373475255,3.689184144848905,5.8788352274728854,1.3654613590327687
0.2828005365353655,-1.2217304763960306,39.603215410434956,7.584683504380798,20.067707873851372,4.720719942216248,6.3483529074668406,1.775024935613674
0.3182455065418344,-1.2217304763960306,43.00036968287258,9.55371604241573,21.772115670891452,6.01645200994094,6.888665178104099,2.28201326159159
0.35813299251433084,-1.2217304763960306,47.09329989340756,11.964455090399671,23.810540016234885,7.637694848010554,7.511439699042953,2.90509835991377
0.40301979977966995,-1.2217304763960306,51.95662253967221,14.820226811776632,26.296048291698664,9.681677258212519,8.302669746775285,3.744217844922135
0.4535325211846986,-1.2217304763960306,57.761315266428966,18.142849538253223,29.347571275883787,12.24015637885639,9.315705926590267,4.877448491700444
0.5103762839557767,-1.2217304763960306,64.96526581738516,22.052841112485382,32.98840220354396,15.298708330098528,10.439710784050638,6.19050213075765
0.5743445928509872,-1.2217304763960306,73.93962576713218,26.510915054906317,37.32216717869303,18.872419716981266,11.823529729631035,7.860756002060002
0.6463304070095649,-1.2217304763960306,84.46177572476101,31.11188925921088,42.80902212718273,23.200477115751525,13.637513733702818,10.10219866857371
0.7273386051246984,-1.2217304763960306,97.4658722989793,35.90539204034354,49.5094300922011,28.08904924680221,15.65046118992176,12.617715229615072
0.8185000129460304,-1.2217304763960306,114.3150308498911,40.857474240208376,57.72341183163723,33.40376509079984,18.511505581399994,16.18287687665037
0.9210871889273549,-1.2217304763960306,133.64309973958268,45.183880677954775,68.20057307631347,39.08203067373549,21.54895257882865,19.896008333527092
1.0365321883776653,-1.2217304763960306,159.86636465335033,49.446260059895884,80.41788262917389,44.288523788246174,25.915946872564177,25.02164283781626
1.166446554092426,-1.2217304763960306,189.52240465026028,52.829896635111076,97.17296920799633,49.46802553254158,30.930986713142858,30.51443387388143
1.3126438125222553,-1.2217304763960306,231.28436737471006,56.06744532096964,116.69466602952676,53.54290464739213,37.306098637894046,36.80295995565055
1.4771647895120215,-1.2217304763960306,278.26266322487425,58.49126011156325,141.5496363286993,56.917293900000956,45.798105351519304,43.89860437807955
1.6623060990028473,-1.2217304763960306,342.42440674504434,60.67378140351995,175.42244325650154,59.7693682138915,55.998094960411066,50.506308640646665
1.8706522023821734,-1.2217304763960306,425.3530104364133,62.47485717205806,213.45119687659678,61.752648873771605,68.62433912466516,56.11315761584366
2.1051114860111477,-1.2217304763960306,522.2701952111771,63.82586062009609,265.567661982571,63.44471340044673,85.14014422503844,60.35478169326787
2.368956860549917,-1.2217304763960306,653.2516851556121,64.99326611705837,332.1180046725201,64.76236636355546,106.64830728600684,63.150766728002495
2.6658714488230206,-1.2217304763960306,823.4308871010468,65.939969360084,415.49477400311525,65.77328760291331,136.37812841444998,65.03965071148075
3.0,-1.2217304763960306,1031.3680058784971,66.66306847856856,524.4559615980434,66.5814243066914,173.03641348465058,66.22504502533373
-3.0,-1.1718639263390498,533.1923691049743,63.946055277860424,268.55040144543165,63.51939783040808,83.86171718366039,60.11383995114522
-2.6658714488230206,-1.1718639263390498,396.18913126907336,61.93188894891026,199.22998072337634,61.11295312944597,62.261542506223236,53.607822345333076
-2.368956860549917,-1.1718639263390498,295.8022541540509,59.187793535239024,148.83330280833337,57.66002541261306,46.48728937811018,44.409806934078176
-2.1051114860111477,-1.1718639263390498,222.27546767673905,55.477607258721925,112.00489030304225,52.7086735124486,34.91348109283576,34.53776512686335
-1.8706522023821734,-1.1718639263390498,168.49106801333534,50.55721074585508,84.96910641007115,45.893128226486894,26.46594383630275,25.645850877810915
-1.6623060990028473,-1.1718639263390498,128.27081676801183,44.10204577895755,64.6783125665865,37.306750505620116,20.22604966853953,18.29110101694819
-1.4771647895120215,-1.1718639263390498,98.17628190398888,36.14104209626818,49.50284948988862,28.084485308450613,15.49626844514109,12.42477084657951
-1.3126438125222553,-1.1718639263390498,75.49890032302838,27.2354982423344,38.095153173002124,19.497276765686657,11.937317233129047,7.999986444853547
-1.166446554092426,-1.1718639263390498,58.417063479441374,18.509586326030643,29.493936469003465,12.363385248830872,9.244191153854812,4.795674720865356
-1.0365321883776653,-1.1718639263390498,45.59020633575695,11.077362767150227,23.02986150591704,7.009345853022102,7.222611420206642,2.611498197044507
-0.9210871889273549,-1.1718639263390498,36.00406184473167,5.576224530752122,18.193776052796892,3.386482031575395,5.7091952292805255,1.225719774568581
-0.8185000129460304,-1.1718639263390498,28.904739140218105,2.1167096566041823,14.612937892821252,1.247901896897041,4.585332483354635,0.44150716645334986
-0.7273386051246984,-1.1718639263390498,23.707152906549844,0.4175408593706005,11.986836988561716,0.2404580661385692,3.763099819826156,0.08417423916508715
-0.6463304070095649,-1.1718639263390498,19.96673202362881,0.001590511431856846,10.098109433188952,0.0009075149753304717,3.1687392254662288,0.00031068556435780907
-0.5743445928509872,-1.1718639263390498,17.335256808939654,0.3499132862856278,8.769526124080823,0.1960624969728315,2.7502653551803085,0.06730363338637402
-0.5103762839557767,-1.1718639263390498,15.549230553102147,1.0139844377006528,7.866069477755957,0.5644397598583301,2.465822065130484,0.19266673544573026
-0.4535325211846986,-1.1718639263390498,14.397647969420994,1.6794949412554825,7.28065813197192,0.9326295420341495,2.2795217759280684,0.31873563015174206
-0.40301979977966995,-1.1718639263390498,13.717940091808991,2.176789650046348,6.939991058540081,1.2023861132381999,2.174303048543952,0.4080062994428766
-0.35813299251433084,-1.1718639263390498,13.389416194045145,2.448267301640824,6.773838460917277,1.350437701206002,2.119128756043758,0.4606007194013968
-0.3182455065418344,-1.1718639263390498,13.314399413406703,2.5132729697347584,6.73112211971443,1.3903471176783704,2.104479770331978,0.4752706000900122
-0.2828005365353655,-1.1718639263390498,13.418322359409064,2.423522858880526,6.781577324862826,1.3432895153949107,2.1237361655321276,0.45604895531181233
-0.2513032920204875,-1.1718639263390498,13.647338948234218,2.23335055943152,6.899832783673242,1.237140375697474,2.161653031661953,0.41970029136146325
-0.22331409039755062,-1.1718639263390498,13.960698278470218,1.9895194974514485,7.061666818613675,1.1009726384440837,2.2090292046029325,0.3769883654172202
-0.19844221923690444,-1.1718639263390498,14.326233241930455,1.727863485791489,7.247934971294176,0.9566611070718529,2.2641186501878785,0.3309397955238399
-0.17634048216824733,-1.1718639263390498,14.719239297960513,1.4723928721015858,7.445983800686658,0.8170270001347714,2.325846886250423,0.283737877458335
-0.15670035222800524,-1.1718639263390498,15.121805963743553,1.2368537912567392,7.647963487181148,0.6884642072664634,2.391335693929244,0.238471767195199
-0.13924766500838334,-1.1718639263390498,15.52155392558205,1.027600652351928,7.848719089537236,0.5737640544149788,2.4572008164618895,0.19767034812059922
-0.12373879148704055,-1.1718639263390498,15.910163773551693,0.8463515075797571,8.044531637504805,0.47377403751988584,2.5209343373420112,0.1624584618208216
-0.10995723711238882,-1.1718639263390498,16.282152219878654,0.6921983219336417,8.232619352900626,0.38820822479237216,2.5812050459173195,0.1328256999209361
-0.09771061966979347,-1.1718639263390498,16.63402039028006,0.5628855809846884,8.410982452667819,0.3160881801539565,2.6375260253712978,0.10820316422355783
-0.0868279837415025,-1.1718639263390498,16.963698428018194,0.4555741108984017,8.57832206229497,0.25604547319490173,2.6898425002384783,0.08787137652517626
-0.07715741427178036,-1.1718639263390498,17.270174170552437,0.3672852074743461,8.733940944087815,0.206548434812312,2.738263008202499,0.0711468730095219
-0.06856391592404971,-1.1718639263390498,17.553225559685284,0.2951517724700671,8.877622846394411,0.16606249505988338,2.78293706661748,0.05743640461199816
-0.06092752862714207,-1.1718639263390498,17.813213796222186,0.23655120377443362,9.009510315718908,0.13315049430386586,2.8240187513128663,0.046237385131034044
-0.0541416530048151,-1.1718639263390498,18.050917797757076,0.18916472617407584,9.129996722526542,0.1065252643237334,2.861665078853228,0.037124680195297986
-0.04811156231253989,-1.1718639263390498,18.26740140220682,0.15099141688581091,9.239639151481164,0.08506889944209826,2.8960419342807513,0.02973787033031597
-0.04275308010908995,-1.1718639263390498,18.463908528632373,0.12033557239535986,9.339092291710935,0.06783137343449132,2.9273274754692094,0.0237716413491355
-0.0379914052040221,-1.1718639263390498,18.641782363532435,0.09577981150099152,9.429060350749564,0.05401787308840966,2.9557114137276437,0.01896851728738648
-0.03376006747802295,-1.1718639263390498,18.802404731449624,0.07615195694695907,9.510263175839205,0.04297103778249803,2.98139148859407,0.015112840946728863
-0.03,-1.1718639263390498,18.947151932146742,0.06049067220417301,9.583413041186368,0.03415184034221122,3.0045688126514576,0.012025363581312275
0.03,-1.1718639263390498,21.510545781957482,0.06539378283647349,10.879875897448978,0.03751501819354539,3.4156723966894265,0.013164462239252725
0.03376006747802295,-1.1718639263390498,21.687134959180252,0.08315355339734229,10.969502074166343,0.047765024092846664,3.4438787242003657,0.01675129937340062
0.0379914052040221,-1.1718639263390498,21.888154631686515,0.1057826718776148,11.071579926617158,0.06085168397831556,3.4759842165829236,0.021329533184634188
0.04275308010908995,-1.1718639263390498,22.117299536526755,0.13463401244308074,11.187998019610529,0.07757339704591551,3.5125893891492166,0.027180583292445017
0.04811156231253989,-1.1718639263390498,22.378906718684174,0.17144295057928693,11.320967344237133,0.09895736514843745,3.5544079974951366,0.03466985302780492
0.0541416530048151,-1.1718639263390498,22.67808822870566,0.21843768628814217,11.473081801886565,0.12632564074035113,3.6022941508394215,0.0442738283244271
0.06092752862714207,-1.1718639263390498,23.02089496125843,0.2784816610361548,11.647389366448818,0.16137952520289456,3.6572753097974955,0.05661635350417327
0.06856391592404971,-1.1718639263390498,23.414517798066118,0.35525671200719455,11.84747499935459,0.2063065649632332,3.7205896018979856,0.07251638002259643
0.07715741427178036,-1.1718639263390498,23.867531074534114,0.45349666446815295,12.07755666838766,0.2639148743095215,3.7937220025419403,0.0930484511475255
0.0868279837415025,-1.1718639263390498,24.390179369072236,0.5792805510997522,12.342597440254243,0.3378001492255346,3.8784273892455885,0.11961380744949324
0.09771061966979347,-1.1718639263390498,24.994699920993394,0.7403905017899775,12.648441752002205,0.43255246264918273,3.9767206950758585,0.15401298258097137
0.10995723711238882,-1.1718639263390498,25.695659050651486,0.9467286484250608,13.001996468592,0.5540152538567185,4.090813131212582,0.1985014063388416
0.12373879148704055,-1.1718639263390498,26.5102674829232,1.2107683737123982,13.411501939375286,0.7096227282780542,4.223000194414188,0.25580920565405213
0.13924766500838334,-1.1718639263390498,27.45865015629927,1.5479945747597925,13.886975135518123,0.9088699520093537,4.375601386611068,0.3291493421323013
0.15670035222800524,-1.1718639263390498,28.56414174920009,1.9772972517825615,14.440935305932863,1.1640088092607546,4.551245107173303,0.422383067653662
0.17634048216824733,-1.1718639263390498,29.85396684583047,2.5214015374998393,15.089469999509287,1.4910709901840782,4.7539919139554305,0.5407674522668408
0.19844221923690444,-1.1718639263390498,31.361221231063634,3.207750008787875,15.85342399598431,1.9111722375338922,4.991526054073672,0.6927830220442556
0.22331409039755062,-1.1718639263390498,33.12961176610522,4.070720360050364,16.75890592957592,2.451571622993936,5.276988592125245,0.8925049698842804
0.2513032920204875,-1.1718639263390498,35.22155952375293,5.155812770369603,17.835887390579888,3.1452959504093974,5.625972009310523,1.1589219739728764
0.2828005365353655,-1.1718639263390498,37.725270769833415,6.523328201079036,19.1153219012873,4.028777068539876,6.0451384918193805,1.5068662636385182
0.3182455065418344,-1.1718639263390498,40.74713955211275,8.242064726206245,20.631277563521092,5.141772527421436,6.525846326781916,1.93769994760806
0.35813299251433084,-1.1718639263390498,44.37869617981015,10.363306824718467,22.439227764672786,6.539797391060496,7.0778810431883565,2.467318777919002
0.40301979977966995,-1.1718639263390498,48.68057921257968,12.900402429520213,24.6386288009177,8.312321478814525,7.778349580763974,3.182824980204009
0.4535325211846986,-1.1718639263390498,53.799008264568975,15.888024491567556,27.33318158057562,10.547666358861049,8.674254924436186,4.1531975947596775
0.5103762839557767,-1.1718639263390498,60.13862706684808,19.462672283455532,30.53779619628896,13.24223169559956,9.663147052442575,5.278010279204824
0.5743445928509872,-1.1718639263390498,68.02224546301937,23.625621246226082,34.33886999784295,16.423290848047447,10.877899200812447,6.714140781577217
0.6463304070095649,-1.1718639263390498,77.22856880973302,28.02173950301956,39.146054054372144,20.339414512599923,12.470028299429615,8.65469328635545
0.7273386051246984,-1.1718639263390498,88.58017488865248,32.73226177034586,45.001268764279196,24.851725644742054,14.226200593335557,10.83641596783994
0.8185000129460304,-1.1718639263390498,103.28376956523164,37.76171417941049,52.159339746818084,29.887408912126826,16.7299077006577,13.967236256169086
0.9210871889273549,-1.1718639263390498,120.06322911426804,42.276133523091964,61.28505868171973,35.46984555897441,19.366886336900233,17.238224059551023
1.0365321883776653,-1.1718639263390498,142.86335790965455,46.858496433761786,71.87277801371583,40.79634024073769,23.172528201903585,21.834764877230086
1.166446554092426,-1.1718639263390498,168.49909666622008,50.558190629356176,86.43054386964629,46.374454110324436,27.523483653638284,26.831474549594816
1.3126438125222553,-1.1718639263390498,204.72147447416805,54.169706975783946,103.31202821227537,50.933888056213526,33.04731668644065,32.69125833514742
1.4771647895120215,-1.1718639263390498,245.21933771768306,56.88948632769525,124.78741448592127,54.81419626228195,40.41461734459814,39.571838335926444
1.6623060990028473,-1.1718639263390498,300.67027945329755,59.36584644939121,154.12792079825368,58.14848214710409,49.2367836709054,46.35406233806481
1.8706522023821734,-1.1718639263390498,372.3735102841235,61.42186498494437,186.85787850698338,60.46426020165978,60.1387573078286,52.6320235583176
2.1051114860111477,-1.1718639263390498,455.78427136494804,62.96389635537077,231.8462762821017,62.44842522340407,74.41418509194554,57.91758468306489
2.368956860549917,-1.1718639263390498,568.7197460839503,64.30383522575448,289.2728211351666,63.99115149285191,93.0200042786107,61.61700845786602
2.6658714488230206,-1.1718639263390498,715.6026580028994,65.39408382967682,361.17114915554475,65.17222979091078,118.840420817981,64.09269565219047
3.0,-1.1718639263390498,894.7912049993798,66.22700104103617,455.2616909518267,66.11613506105859,150.6489603155185,65.59272782345153
-3.0,-1.121997376282069,572.3673197071906,64.3379554053983,289.2380943094901,63.990423602058414,90.78184249543526,61.29348760008664
-2.6658714488230206,-1.121997376282069,409.8833659640658,62.19696295085282,206.95352577062135,61.47288863325944,64.88529048982417,54.71396434088598
-2.368956860549917,-1.121997376282069,294.462688971071,59.13770080013887,148.55144318617275,57.63287227501836,46.535934653684244,44.44552626083998
-2.1051114860111477,-1.121997376282069,213.05907462894038,54.81934300631134,107.4855126110558,51.82608198367941,33.61110402152874,33.25639455842208
-1.8706522023821734,-1.121997376282069,155.96215040538976,48.90215975313479,78.68935171168842,43.63474625517979,24.58098194623741,23.48570533379614
-1.6623060990028473,-1.121997376282069,115.49277369089235,41.15825173039904,58.25865313910376,33.72340834216125,18.235292050438076,15.840761994332583
-1.4771647895120215,-1.121997376282069,86.56472811504577,31.9515953709256,43.66158227845626,23.84836560985808,13.674460357942328,10.148214609361315
-1.3126438125222553,-1.121997376282069,65.62684093108555,22.397822660534796,33.11884109803335,15.407668237540474,10.380069386976553,6.119677280186149
-1.166446554092426,-1.121997376282069,50.36721515348063,13.891526875997503,25.431851956621376,8.964962938647364,7.972369868373551,3.3882475597499813
-1.0365321883776653,-1.121997376282069,39.21592055690801,7.363807972877709,19.811286357363,4.531873929627581,6.213650653420967,1.6543181179123723
-0.9210871889273549,-1.121997376282069,31.075499502937035,3.0738686707123986,15.704913952092719,1.8267747825944718,4.927995073857315,0.6507971920177359
-0.8185000129460304,-1.121997376282069,25.174245411590544,0.7913060610138065,12.728045734441674,0.4588122278997235,3.993905934270508,0.16040715961144053
-0.7273386051246984,-1.121997376282069,20.945887513994503,0.022432808299788075,10.592730947694246,0.012758910477406304,3.3242177745584542,0.004424467529490409
-0.6463304070095649,-1.121997376282069,17.97448396485764,0.20376896482927948,9.091013150639467,0.11478654184981772,2.852286812987632,0.03929367412125127
-0.5743445928509872,-1.121997376282069,15.942884631692277,0.8320484454106728,8.066596662230637,0.46321484701397586,2.5290771635505944,0.15825080543985073
-0.5103762839557767,-1.121997376282069,14.620509437897354,1.53413809607085,7.397184446145181,0.8501548986402235,2.3183327828844953,0.289243396507975
-0.4535325211846986,-1.121997376282069,13.821490260585623,2.095554586129574,6.989699691253877,1.1602552860561781,2.187927491726038,0.3956488934148708
-0.40301979977966995,-1.121997376282069,13.406197107011486,2.433881899399955,6.782755475468581,1.34220348696037,2.1249369276564574,0.4548675539518874
-0.35813299251433084,-1.121997376282069,13.272788875988283,2.5498258377273557,6.7152127501489876,1.405408670604652,2.100806969835997,0.47899617827551205
-0.3182455065418344,-1.121997376282069,13.338926793947046,2.491892874739639,6.743966415767214,1.3782657880360774,2.1087152902446182,0.47099795898401126
-0.2828005365353655,-1.121997376282069,13.5424461177795,2.319168737525765,6.844844281165102,1.2857855107575908,2.143756446315828,0.4366119054579677
-0.2513032920204875,-1.121997376282069,13.839180468782192,2.081879356910396,6.997199264482867,1.1539834833266036,2.1923707320417036,0.39167158642462296
-0.22331409039755062,-1.121997376282069,14.195967533272253,1.8183788592285046,7.1807775581964695,1.0072025256728958,2.2467658441581717,0.3450360267723933
-0.19844221923690444,-1.121997376282069,14.58669261739825,1.5556573356854675,7.379667891844145,0.8622474112357166,2.3060388911610263,0.2983928973036855
-0.17634048216824733,-1.121997376282069,14.991448962892198,1.3103256866097377,7.5836767237573115,0.7279152993309566,2.369700520008057,0.2528948889231873
-0.15670035222800524,-1.121997376282069,15.396046783603515,1.0907440339371197,7.786769879674712,0.6078106963183936,2.435434226657016,0.2106460742539767
-0.13924766500838334,-1.121997376282069,15.790937932934085,0.8997103267347005,7.985150261290629,0.502894507806851,2.5003815531593534,0.17336864600429444
-0.12373879148704055,-1.121997376282069,16.169938196999404,0.7367692955018932,8.176140818109033,0.4128543493845529,2.5624539771677526,0.14167378802384367
-0.10995723711238882,-1.121997376282069,16.529171099023685,0.5997891258909246,8.357769193856003,0.33671055545713935,2.620614078031603,0.11529350811499274
-0.09771061966979347,-1.121997376282069,16.86634481162728,0.48590732057441727,8.528660530185837,0.27311418297667184,2.674567909706929,0.09356077513095044
-0.0868279837415025,-1.121997376282069,17.18029087764038,0.39206213164972603,8.687989535705917,0.22054317541374055,2.7243875880744333,0.07573829287593177
-0.07715741427178036,-1.121997376282069,17.470662208559187,0.31528078542248344,8.835409051116587,0.17744905399598754,2.7702688354455973,0.06115996284989445
-0.06856391592404971,-1.121997376282069,17.737718181680766,0.2528284172111672,8.970954310430901,0.142359362715401,2.8124239861244162,0.049263920667551454
-0.06092752862714207,-1.121997376282069,17.98215905424559,0.20227559204834866,9.094942566602489,0.1139386199687604,2.8510533194513443,0.03958391496808256
-0.0541416530048151,-1.121997376282069,18.204993261658434,0.1615172633644613,9.207883407602461,0.09101588353961707,2.88634733890413,0.031732057990232654
-0.04811156231253989,-1.121997376282069,18.40743083778892,0.12876313777670026,9.310406394574276,0.0725892495930532,2.918495042591143,0.025383979050696986
-0.04275308010908995,-1.121997376282069,18.590799391987577,0.10251229035307025,9.403206502907704,0.05781652887268729,2.947689159206808,0.020267946722475876
-0.0379914052040221,-1.121997376282069,18.756479670454883,0.08152040887270848,9.487004905515219,0.04599893554739484,2.9741270831814623,0.016156848564582434
-0.03376006747802295,-1.121997376282069,18.90585767333081,0.06476498847633591,9.562521816817773,0.03656223654857448,2.9980088672300007,0.012861813978869919
-0.03,-1.121997376282069,19.040290309184623,0.05141165980976513,9.630458331781352,0.02903796594395735,3.0195339104311203,0.010226752025532922
0.03,-1.121997376282069,21.398129997688027,0.05514138153202916,10.822959854607163,0.03161872049826077,3.3976766329160273,0.011092265577444074
0.03376006747802295,-1.121997376282069,21.559258728452168,0.07009225984073386,10.90474128123032,0.04024109212099789,3.42341502195314,0.014108061038932397
0.0379914052040221,-1.121997376282069,21.742511295004306,0.08913346831461899,10.99779980451475,0.05124341697269278,3.452684784113004,0.017954926394553445
0.04275308010908995,-1.121997376282069,21.951192990428254,0.11339858072611082,11.103825320699825,0.0652933660037816,3.486023437402843,0.02286786641882689
0.04811156231253989,-1.121997376282069,22.189174811922033,0.1443409837608009,11.224791606447468,0.08324928648969157,3.524068590141453,0.029151733110322126
0.0541416530048151,-1.121997376282069,22.461008694501412,0.18382613181492632,11.363008547478534,0.10621510190870839,3.5675817267319996,0.037203702602029036
0.06092752862714207,-1.121997376282069,22.772069513906438,0.2342508132804147,11.521183290876039,0.13561047051505187,3.6174770756202452,0.04754336555988683
0.06856391592404971,-1.121997376282069,23.12872902141579,0.2986968709553957,11.702491086576906,0.17325976697065887,3.6748540477450113,0.060852339698471446
0.07715741427178036,-1.121997376282069,23.538565709359904,0.38112787638811974,11.91065678764689,0.22150388844491486,3.7410281842222277,0.07802444753878765
0.0868279837415025,-1.121997376282069,24.010610803337418,0.4866371057677767,12.150049399284162,0.28333948299752654,3.81754960945992,0.10022466822280111
0.09771061966979347,-1.121997376282069,24.555622513025583,0.6217521088789435,12.425796675900347,0.3625917644414909,3.9061909631608263,0.12894917324435531
0.10995723711238882,-1.121997376282069,25.186367860648073,0.7947927712886382,12.743938046279457,0.4641317701667302,4.008885768455322,0.16607085987580902
0.12373879148704055,-1.121997376282069,25.917879064323014,1.0162645367672414,13.111656346005466,0.5941609568591,4.12762265347253,0.2138544314380086
0.13924766500838334,-1.121997376282069,26.76766111551074,1.2992519436054664,13.537661975720647,0.760610518610387,4.264386344290209,0.27496113395347604
0.15670035222800524,-1.121997376282069,27.75591388221772,1.659786951039557,14.032828133224298,0.9737372647311582,4.421411076055763,0.3525855704638647
0.17634048216824733,-1.121997376282069,28.906092172256653,2.1172698123448828,14.611126879008015,1.2470075580341589,4.602190541031523,0.4510843491070335
0.19844221923690444,-1.121997376282069,30.246629478035562,2.6953114817401076,15.29066495296804,1.5982402773111626,4.813445890007326,0.5775224472430724
0.22331409039755062,-1.121997376282069,31.81513409286316,3.4237897555889845,16.094086096052894,2.050573492237721,5.06675397924783,0.7436947439059188
0.2513032920204875,-1.121997376282069,33.665586397518176,4.342750920226038,17.04723148721335,2.6322449518284534,5.3757950366466325,0.965585309117286
0.2828005365353655,-1.121997376282069,35.87454928785776,5.506162569620801,18.176456229932864,3.3746976165429476,5.746069308487051,1.2556926772853172
0.3182455065418344,-1.121997376282069,38.534090199912804,6.977347744822114,19.51048619071737,4.312677767582842,6.169192977327638,1.6150243972742182
0.35813299251433084,-1.121997376282069,41.72175003147936,8.807109412647327,21.096847072337617,5.495347935412992,6.653273852719552,2.0568925803960596
0.40301979977966995,-1.121997376282069,45.48592418386639,11.015845082889495,23.022037396728088,7.003090966951751,7.266666719278882,2.6557870480225967
0.4535325211846986,-1.121997376282069,49.95034334404109,13.647014866359697,25.375406527955754,8.91834133797894,8.050253428076248,3.4714956372431836
0.5103762839557767,-1.121997376282069,55.46857905810479,16.84574874617504,28.165213405064545,11.24560128994917,8.910737791442035,4.417699214826897
0.5743445928509872,-1.121997376282069,62.318025244848705,20.647779030999082,31.462853764622228,14.020184421951772,9.96537680317811,5.630525036562066
0.6463304070095649,-1.121997376282069,70.28584638878215,24.75450057599667,35.628430604256664,17.488650376579688,11.347157732521973,7.2806174333291525
0.7273386051246984,-1.121997376282069,80.08858832552482,29.281504901326326,40.68933207414446,21.559535648778787,12.862815776136816,9.140040430891421
0.8185000129460304,-1.121997376282069,92.77989482639535,34.285287415015596,46.860347267825645,26.21325271905178,15.02887441906561,11.839914405056017
0.9210871889273549,-1.121997376282069,107.19671429383818,38.92012540542029,54.72252351335713,31.55118053473622,17.294314628155355,14.671202752078415
1.0365321883776653,-1.121997376282069,126.8074690559976,43.79246211306465,63.80499176966608,36.84604860853215,20.573291144118016,18.71437135457023
1.166446554092426,-1.121997376282069,148.75268552043096,47.82172970519082,76.3159305761952,42.69480841298411,24.30775065931057,23.167811756127094
1.3126438125222553,-1.121997376282069,179.83373302833004,51.85155669801732,90.76857671394609,47.713501742259275,29.043312554897504,28.500606452251105
1.4771647895120215,-1.121997376282069,214.42373911622877,54.92059222056241,109.14043938140465,52.1588415884413,35.36296262814042,34.972124046418976
1.6623060990028473,-1.121997376282069,261.8612619584554,57.749893423384506,134.2763084013778,56.08022239100115,42.91228633858828,41.65304086330113
1.8706522023821734,-1.121997376282069,323.20005427798327,60.11604082869523,162.19456817854507,58.821232882141416,52.22927726854075,48.299946410066454
2.1051114860111477,-1.121997376282069,394.34050811396907,61.89462065142285,200.6333131652497,61.18072447531417,64.43398221587076,54.531286127718374
2.368956860549917,-1.121997376282069,490.74526214888294,63.44757243221813,249.67427377978947,63.0128736754896,80.3422272961326,59.387386204538984
2.6658714488230206,-1.121997376282069,616.1547466085143,64.71486214075166,311.03721207413224,64.41215080229972,102.44902135369428,62.74509114109974
3.0,-1.121997376282069,768.995901366902,65.6841041187804,391.36672672856486,65.52857430792014,129.6495463935721,64.71914539177916
-3.0,-1.0721308262250882,561.2177951625539,64.23221018172805,284.2269978610753,63.88331721898497,89.48645206560286,61.094407844473
-2.6658714488230206,-1.0721308262250882,403.2696446341863,62.07130823670853,204.27051121899058,61.35139870912505,64.20531245028943,54.43754360725218
-2.368956860549917,-1.0721308262250882,287.60792902961833,58.873607170830546,145.4893402600467,57.329889263716744,45.69865861221184,43.8240446577502
-2.1051114860111477,-1.0721308262250882,204.0486840962587,54.114839132394366,103.11436805854916,50.88964717618992,32.3553964379522,31.989139149168636
-1.8706522023821734,-1.0721308262250882,145.01484793645005,47.219351957957066,73.24351078949398,41.401981937711795,22.95676326424467,21.579234508191448
-1.6623060990028473,-1.0721308262250882,104.11277496777063,38.01298269495895,52.56466754646302,30.1554896393898,16.473551694930002,13.647036536511873
-1.4771647895120215,-1.0721308262250882,75.9357737464401,27.435823141080835,38.326777137616915,19.6836363015083,12.012016958632017,8.091514658175015
-1.3126438125222553,-1.0721308262250882,56.43560860814144,17.395550408017648,28.491482907529736,11.519813376392404,8.93255965103834,4.442260507729428
-1.166446554092426,-1.0721308262250882,42.824789343504094,9.450897017313336,21.62873273864052,5.9050368277114185,6.781796439355642,2.1790375564139812
-1.0365321883776653,-1.0721308262250882,33.252607475698625,4.132749441703741,16.801873362926898,2.4782476180097923,5.2703653588100385,0.8876759764470332
-0.9210871889273549,-1.0721308262250882,26.497555113798658,1.2064592089131119,13.394060746491155,0.7026840162863627,4.202815787151674,0.24667386654759624
-0.8185000129460304,-1.0721308262250882,21.749485706018483,0.08990037963260222,10.99835812045845,0.05131320514493167,3.451245590977545,0.017755508522758492
-0.7273386051246984,-1.0721308262250882,18.45181497770264,0.12211437052946045,9.333867031625873,0.06868521237907764,2.928146524671652,0.02362497536822354
-0.6463304070095649,-1.0721308262250882,16.214469979662592,0.7188847166360766,8.201752789472877,0.40156794501574977,2.57294516333145,0.13668257004382903
-0.5743445928509872,-1.0721308262250882,14.751138906743098,1.4527843863535996,7.465100970306053,0.8042722119909682,2.339934328164811,0.2735916623556036
-0.5103762839557767,-1.0721308262250882,13.86339241108159,2.0632577164590287,7.0151353877647,1.1390728915764745,2.1982426913862785,0.3864548654198235
-0.4535325211846986,-1.0721308262250882,13.391292670936465,2.4466558742776887,6.772682586922371,1.3515075054312073,2.1197173496910255,0.4600175837317018
-0.40301979977966995,-1.0721308262250882,13.218027561583298,2.5984748461677594,6.687998648425954,1.4314234021390178,2.0952595259612754,0.4846597518479756
-0.35813299251433084,-1.0721308262250882,13.260340987694374,2.5608298889629193,6.709250205129004,1.4110812858882842,2.099125173740286,0.48070854459212015
-0.3182455065418344,-1.0721308262250882,13.451070181170806,2.395692737772838,6.801161007920004,1.325312336550559,2.126972964592326,0.4528689252093981
-0.2828005365353655,-1.0721308262250882,13.740165057528023,2.159182409896344,6.945378060127759,1.1977730558951876,2.175514928911859,0.40689718942241954
-0.2513032920204875,-1.0721308262250882,14.092794535400087,1.8921999115819943,7.125816783533548,1.0498062419483962,2.232922855627868,0.35654872214469036
-0.22331409039755062,-1.0721308262250882,14.483074733604488,1.6227853826885896,7.326083845115787,0.8999067395796304,2.2927738403720275,0.3084646277159347
-0.19844221923690444,-1.0721308262250882,14.89067415142983,1.3689457486146117,7.533382227578776,0.7597276679380468,2.3549249825843157,0.2630436870891499
-0.17634048216824733,-1.0721308262250882,15.300241577448281,1.1405040345552184,7.739848219791242,0.6343920636600979,2.4194153583262374,0.22051320855985165
-0.15670035222800524,-1.0721308262250882,15.70108929136827,0.9412251202988513,7.941141418109562,0.5251458101571914,2.4844614627182797,0.18210854955713196
-0.13924766500838334,-1.0721308262250882,16.08630808776965,0.771062508004965,8.134719090518855,0.43149678959606974,2.547710786065436,0.14886434976052826
-0.12373879148704055,-1.0721308262250882,16.451684672725438,0.627943261207542,8.318861584785243,0.35226645218387975,2.607473827475236,0.12098100587385521
-0.10995723711238882,-1.0721308262250882,16.794811662714203,0.5089141606498481,8.49233719751362,0.28599667589716227,2.662985823759751,0.09800958616768458
-0.09771061966979347,-1.0721308262250882,17.114489980402332,0.41078397171983405,8.654339564623688,0.23111931233932792,2.7141261083258668,0.07923715658516174
-0.0868279837415025,-1.0721308262250882,17.410358115517997,0.33045440146634264,8.804470287365113,0.18606128998266336,2.7610768546123685,0.06394272274743111
-0.07715741427178036,-1.0721308262250882,17.682656117303306,0.2650793751223471,8.942693495391538,0.1493246507148796,2.8041072640635276,0.05149948310048388
-0.06856391592404971,-1.0721308262250882,17.932060519963247,0.2121323420150336,9.069263669618516,0.11954181178216965,2.8434815484653937,0.0413909265841349
-0.06092752862714207,-1.0721308262250882,18.15955763102293,0.1694233072507359,9.184646016350547,0.09550517097522149,2.879437474891933,0.03319589809855167
-0.0541416530048151,-1.0721308262250882,18.366341695087257,0.1350878125342073,9.28944418626844,0.07617536591631241,2.9121920409807354,0.026569091776528345
-0.04811156231253989,-1.0721308262250882,18.55373289659475,0.10756071223744838,9.38434190280182,0.06067492418434913,2.9419516937763746,0.02122527115209667
-0.04275308010908995,-1.0721308262250882,18.723112799824527,0.08554274418059139,9.47005930508112,0.04827362011406015,2.968919104391862,0.0169279161119989
-0.0379914052040221,-1.0721308262250882,18.87587516538451,0.06796498624472164,9.547322048673486,0.03837023174312787,2.993295542316046,0.01348098737969443
-0.03376006747802295,-1.0721308262250882,19.013389888331822,0.05395432865208978,9.61684040754379,0.03047369736358965,3.015280224796206,0.010722553680679687
-0.03,-1.0721308262250882,19.136977706978378,0.04280172352765617,9.679295777242025,0.024185352854020976,3.035068224821671,0.008519516809564608
0.03,-1.0721308262250882,21.283421461350354,0.045538687498442226,10.76488176589389,0.026100008130397662,3.3793127343666494,0.009153641065562318
0.03376006747802295,-1.0721308262250882,21.42889381677626,0.05786475570447276,10.838718494597146,0.033203155577116734,3.4025516750396583,0.011636846587632201
0.0379914052040221,-1.0721308262250882,21.594183556918228,0.07355528263106681,10.92265760396751,0.04226149570731653,3.4289541694208516,0.014802209977897841
0.04275308010908995,-1.0721308262250882,21.782213320796146,0.09354010761510581,11.018193704680664,0.05382161378688293,3.458995783590525,0.018841840472861745
0.04811156231253989,-1.0721308262250882,21.99639756908313,0.11901073901888473,11.127068118787975,0.06858558948070473,3.493239436356703,0.024004691559486348
0.0541416530048151,-1.0721308262250882,22.24074122252503,0.1514957999895127,11.251313301788716,0.08745562486352122,3.53235598820844,0.030614795621054187
0.06092752862714207,-1.0721308262250882,22.519960960978,0.1929586854162068,11.393304573850696,0.11159106957229563,3.5771491533593536,0.039095673323477076
0.06856391592404971,-1.0721308262250882,22.83963342642432,0.24592367643055685,11.555819659967806,0.14248076039261845,3.628583295978417,0.05000246672587726
0.07715741427178036,-1.0721308262250882,23.206373417056376,0.31363775598171095,11.742106682896331,0.18203397437331315,3.6878094663860868,0.06406263391206123
0.0868279837415025,-1.0721308262250882,23.62804161209157,0.40027545747465076,11.955962487961632,0.23269383096474885,3.7561796974478154,0.08222371438159114
0.09771061966979347,-1.0721308262250882,24.113973984058163,0.5111918980694261,12.201827275671764,0.2975783555864022,3.835233325015826,0.10570182101522135
0.10995723711238882,-1.0721308262250882,24.675213432319964,0.6532227216527469,12.484911586737153,0.3806584483201634,3.9266383148339425,0.13601799679784912
0.12373879148704055,-1.0721308262250882,25.324713050003353,0.8350177533221498,12.811391480471192,0.486992249472473,4.032092719853337,0.17500921446775916
0.13924766500838334,-1.0721308262250882,26.0774891769575,1.0673822981232735,13.188737159740503,0.6230562499054102,4.153268109629706,0.22483043957726534
0.15670035222800524,-1.0721308262250882,26.95078019441291,1.36360873681913,13.626262033587867,0.7972432360001409,4.292032653268281,0.2880652144935587
0.17634048216824733,-1.0721308262250882,27.964499487143133,1.7398688871679897,14.13593418594989,1.0206074518587802,4.451348778823664,0.36824273608273456
0.19844221923690444,-1.0721308262250882,29.142717727616134,2.2159865930147857,14.733266345989636,1.3078406738616435,4.637018852460182,0.4711171719664754
0.22331409039755062,-1.0721308262250882,30.517333993998967,2.8172829383038076,15.43762499635662,1.6781271669520528,4.859111324226831,0.6063517753359393
0.2513032920204875,-1.0721308262250882,32.13438759048162,3.5780949416625605,16.27097030257752,2.155040324478042,5.129468393986851,0.7870994518846036
0.2828005365353655,-1.0721308262250882,34.059431352492645,4.545405391534423,17.255396872589174,2.7650608585593304,5.452533527788456,1.023654921884738
0.3182455065418344,-1.0721308262250882,36.37101666438588,5.7757113657593315,18.41473994409281,3.537794680564253,5.820328867163913,1.3167375836775796
0.35813299251433084,-1.0721308262250882,39.133788969967426,7.317089855647238,19.78914000373961,4.515648271379266,6.239466609869674,1.6772612670338742
0.40301979977966995,-1.0721308262250882,42.3854372151093,9.193999097032439,21.45278779388142,5.768870966633008,6.769734414076228,2.167494192473094
0.4535325211846986,-1.0721308262250882,46.22919454904115,11.454434275490176,23.481528877788627,7.371892203038458,7.4461472832026985,2.8380721802997018
0.5103762839557767,-1.0721308262250882,50.969722403895105,14.244281918832769,25.878384371565176,9.33464111512303,8.185064516785598,3.6166098909060755
0.5743445928509872,-1.0721308262250882,56.84171002169896,17.625281189706037,28.7015241685553,11.696455388369813,9.088537441204666,4.618541932228063
0.6463304070095649,-1.0721308262250882,63.645756662009646,21.357355037880247,32.262706413874724,14.691395518178574,10.27147815243741,5.991019416863178
0.7273386051246984,-1.0721308262250882,71.99726319722636,25.587381662721917,36.57777174180616,18.26661012848539,11.561941280799308,7.541608728935261
0.8185000129460304,-1.0721308262250882,82.8010707181584,30.43031859332868,41.825327974236686,22.444180334134025,13.409507298595104,9.818454183886368
0.9210871889273549,-1.0721308262250882,95.01973799394803,35.07411862956897,48.504346308377585,27.38641612121464,15.329146749001907,12.215639411673633
1.0365321883776653,-1.0721308262250882,111.64930307331875,40.156489043057235,56.1885810348925,32.46908643044155,18.113492397670722,15.689715810676931
1.166446554092426,-1.0721308262250882,130.17687531096317,44.4955193621317,66.78485924098095,38.38425210601204,21.272765846010053,19.562704199154815
1.3126438125222553,-1.0721308262250882,156.45572256730287,48.972464072344465,78.98190634197259,43.74718867616909,25.273359724608085,24.28594268905571
1.4771647895120215,-1.0721308262250882,185.58192658174832,52.44486653975619,94.47053435124636,48.75789217596348,30.611631691583067,30.17845450150471
1.6623060990028473,-1.0721308262250882,225.55518389761295,55.69812537322845,115.67166145694587,53.36752218907382,36.973249288288144,36.49478029389228
1.8706522023821734,-1.0721308262250882,277.2076476673994,58.44637407660802,139.13332431595967,56.65059830149174,44.81308862948301,43.151226133670896
2.1051114860111477,-1.0721308262250882,336.95694076843085,60.52200846755314,171.45659204966952,59.50301928956928,55.07965231976497,49.99311665478145
2.368956860549917,-1.0721308262250882,417.9266881939272,62.3441494856941,212.6556264589899,61.71944599285837,68.45370273729917,56.053568408802576
2.6658714488230206,-1.0721308262250882,523.202060441406,63.836319622588405,264.15562543548725,63.408699402157,87.03970367266245,60.6924197792171
3.0,-1.0721308262250882,651.3531639196469,64.97981516497555,331.5437975128155,64.75347301223385,109.87392050342605,63.43073615665
-3.0,-1.0222642761681073,481.1765799495042,63.32249533002654,243.86965189533944,62.83931355690914,76.8738618672504,58.56883129235441
-2.6658714488230206,-1.0222642761681073,352.04161472119523,60.92866829418387,178.5796534550598,59.97157968987351,56.19722760550363,50.61553509529236
-2.368956860549917,-1.0222642761681073,255.13034629588464,57.41625980211054,129.26251490942582,55.43835538148168,40.66448330272195,39.78580570812446
-2.1051114860111477,-1.0222642761681073,182.54289127688472,52.1360417356335,92.36724257308553,48.1750856887276,29.05315833792702,28.51128260349634
-1.8706522023821734,-1.0222642761681073,129.17829869873094,44.29073887098748,65.31762166768237,37.638774774968894,20.52888497910541,18.66031894798975
-1.6623060990028473,-1.0222642761681073,91.31031921259239,33.75298307079626,46.15181458729722,25.698651779878972,14.482079531272195,11.156099041980813
-1.4771647895120215,-1.0222642761681073,65.17106884972114,22.16042690101942,32.925435635549405,15.246087072705045,10.327372111196611,6.057193773177011
-1.3126438125222553,-1.0222642761681073,47.49744693627118,12.202934135327752,23.993979385813116,7.7864732507872825,7.525515297057327,2.919596095480227
-1.166446554092426,-1.0222642761681073,35.63391230587889,5.376480833226346,18.004442739522162,3.258273619693422,5.647071409617121,1.1757441236497388
-1.0365321883776653,-1.0222642761681073,27.656491029378575,1.6220876430613655,13.978751160321892,0.9494887961560172,4.385480018941952,0.3341492849971633
-0.9210871889273549,-1.0222642761681073,22.27457657236582,0.1562764213881624,11.2629403298115,0.08932989352289554,3.5341718819020556,0.030939834410290287
-0.8185000129460304,-1.0222642761681073,18.654548692411794,0.09413212141737798,9.435770892344433,0.05305426210277473,2.961060269381896,0.018127355322873552
-0.7273386051246984,-1.0222642761681073,16.255121903243797,0.7027846617568955,8.225292359946629,0.3913556466369073,2.579628943628863,0.13355671652112544
-0.6463304070095649,-1.0222642761681073,14.716463825199313,1.4741067831526014,7.4452640996986,0.8175096191988108,2.3354011580068588,0.2768317348623642
-0.5743445928509872,-1.0222642761681073,13.786559815537808,2.122730295274016,6.978364077466932,1.1697770113908799,2.1870226053449935,0.3964620560755655
-0.5103762839557767,-1.0222642761681073,13.3002313512079,2.5256790538725395,6.731155607752882,1.390315527847753,2.10907949439481,0.47063174713879685
-0.4535325211846986,-1.0222642761681073,13.125221132968656,2.6823486889106594,6.638749045437778,1.4793154177683474,2.0777643365983947,0.5028106831123945
-0.40301979977966995,-1.0222642761681073,13.167842525380284,2.6436055314453335,6.66297761068656,1.4556231351182118,2.0875474928795397,0.49260642731930765
-0.35813299251433084,-1.0222642761681073,13.363304546272026,2.4707646213798853,6.761607204279783,1.3617866192066113,2.1158594521177685,0.4638485311251533
-0.3182455065418344,-1.0222642761681073,13.659457259774765,2.2235738921415242,6.9070508375367385,1.230845942343335,2.160617439739065,0.4206670969288356
-0.2828005365353655,-1.0222642761681073,14.018019734064076,1.9468985743574658,7.086473474014644,1.0810010926219868,2.2200453256359145,0.36747458185280957
-0.2513032920204875,-1.0222642761681073,14.413077241310058,1.6691601853821567,7.288152729209878,0.9271799037245746,2.2840832313841433,0.3151765310543172
-0.22331409039755062,-1.0222642761681073,14.825637209192427,1.4076333292857515,7.499409066960211,0.7816940346237117,2.347625392626365,0.26814811067683786
-0.19844221923690444,-1.0222642761681073,15.24081076276286,1.172059915873608,7.7104050883798605,0.6514255996881881,2.411193593104733,0.2256835694656746
-0.17634048216824733,-1.0222642761681073,15.647498438351624,0.966527241501087,7.915446227242096,0.5384041808828169,2.475288946212403,0.1872601001688164
-0.15670035222800524,-1.0222642761681073,16.038245186402573,0.7911916960252529,8.111738643148534,0.4420485661656573,2.5386245650753794,0.15339952374603844
-0.13924766500838334,-1.0222642761681073,16.40854775311738,0.6439448549349426,8.297870033008472,0.3608284126086818,2.5993277811027777,0.12458600399077129
-0.12373879148704055,-1.0222642761681073,16.7559672321874,0.521665056407488,8.472977361564869,0.2930015341929292,2.6560826309680934,0.10071695435645092
-0.10995723711238882,-1.0222642761681073,17.079402306651687,0.42097058536357046,8.636488024132836,0.23684349044762032,2.708371794311573,0.08123794073161647
-0.09771061966979347,-1.0222642761681073,17.378612607699782,0.338603331908094,8.78809773809577,0.19071086802904974,2.7562250086651425,0.06543920065745133
-0.0868279837415025,-1.0222642761681073,17.653933785458612,0.2715978076830688,8.927780553136326,0.1530740899953975,2.7999152233506766,0.052646920665906795
-0.07715741427178036,-1.0222642761681073,17.90610322949361,0.2173408146590909,9.055767101752407,0.12254564483303021,2.839769541239642,0.042292791285641486
-0.06856391592404971,-1.0222642761681073,18.136141210816188,0.17357825113269473,9.172494253456993,0.09789934234837323,2.876091679973398,0.033917461247596634
-0.06092752862714207,-1.0222642761681073,18.345260060110537,0.13839637317429104,9.278544869401815,0.07807661812491108,2.909147081250516,0.02715195901019124
-0.0541416530048151,-1.0222642761681073,18.534790748953426,0.11019080170923432,9.374591797053546,0.0621810597720605,2.9391714027309552,0.021697602665112302
-0.04811156231253989,-1.0222642761681073,18.706123469109684,0.0876303661884,9.461352542408463,0.04946494724763384,2.966382231853408,0.01731037293118247
-0.04275308010908995,-1.0222642761681073,18.86066089185323,0.06961997071647838,9.539555718325476,0.039311734021717365,2.9909870616752827,0.013789809201090365
-0.0379914052040221,-1.0222642761681073,18.99978289340514,0.055265034098066115,9.609917795989611,0.031217432876923176,3.0131868546716087,0.010971045523073259
-0.03376006747802295,-1.0222642761681073,19.12482121299034,0.043838968462185796,9.673127911086493,0.024772754043226704,3.0331765614164214,0.008718765619384486
-0.03,-1.0222642761681073,19.237042316913147,0.0347543984471603,9.72983857466017,0.019646958182223114,3.0511441043306915,0.006922325070016332
0.03,-1.0222642761681073,21.16676926421719,0.03667559355286181,10.70581837422257,0.021010040795605263,3.36063658650681,0.007366444850929723
0.03376006747802295,-1.0222642761681073,21.296444871614742,0.04658488880586058,10.77163864316932,0.026716004687325347,3.381353444203722,0.009360232046864408
0.0379914052040221,-1.0222642761681073,21.443641616955325,0.059192361623026345,10.846391528336762,0.03398799888721769,3.404867605384878,0.011899931961982243
0.04275308010908995,-1.0222642761681073,21.610908289112476,0.07524146244009078,10.93138076673438,0.04326216622927792,3.4315940549325283,0.01513861654536421
0.04811156231253989,-1.0222642761681073,21.80121477330926,0.09568423428267224,11.028121236540565,0.05509819204678843,3.46202287887798,0.019274430337680924
0.0541416530048151,-1.0222642761681073,22.01803505829509,0.1217413819005521,11.138376068301831,0.07021462436305857,3.4967368053344776,0.02456499488400602
0.06092752862714207,-1.0222642761681073,22.26544907791771,0.1549801011708542,11.264199598478335,0.08953398939204707,3.5364323568197467,0.03134668612345771
0.06856391592404971,-1.0222642761681073,22.548266794805937,0.19741475323662175,11.407986442388342,0.114240019008366,3.581943265625199,0.040060005952031186
0.07715741427178036,-1.0222642761681073,22.872176811212995,0.2516363579409431,11.572527058522406,0.14584962615648714,3.634261949312359,0.051281698186100136
0.0868279837415025,-1.0222642761681073,23.243918534008024,0.3209771071322668,11.761071238138417,0.18630272462814376,3.6945501208104865,0.0657623938104695
0.09771061966979347,-1.0222642761681073,23.671470262576157,0.4097145970941306,11.977404549802877,0.23807415582674815,3.764124118144367,0.08446468005866206
0.10995723711238882,-1.0222642761681073,24.16423518828516,0.5233156862491889,12.225951635345975,0.3043153419258937,3.844399979019286,0.10859125115087026
0.12373879148704055,-1.0222642761681073,24.73319745176837,0.6687107952614804,12.511937658259601,0.389041756162663,3.9368030748277216,0.13959247260014304
0.13924766500838334,-1.0222642761681073,25.39102827899933,0.8545797209003635,12.841664914959768,0.4973995507196373,4.042715013875677,0.17916643666337068
0.15670035222800524,-1.0222642761681073,26.152191173022654,1.0916378812200684,13.222980137510824,0.6360695755640077,4.163667503662321,0.22934585434273652
0.17634048216824733,-1.0222642761681073,27.033300017145628,1.3929845702642267,13.665967041758064,0.8138770545763807,4.302129123174889,0.2929119991864339
0.19844221923690444,-1.0222642761681073,28.054375228636708,1.7747817316439793,14.183698138489207,1.0425996568940974,4.463031137536436,0.3744245895194948
0.22331409039755062,-1.0222642761681073,29.242009088830294,2.257850025691653,14.792461609091738,1.3376968192742607,4.654996066817445,0.4815860657079061
0.2513032920204875,-1.0222642761681073,30.634816041784607,2.870727864828583,15.510596535738987,1.7182854856928436,4.888111234014586,0.6249243673153382
0.2828005365353655,-1.0222642761681073,32.28799812997866,3.653006828379227,16.356278430549608,2.2060130333242043,5.165870008076706,0.8126839488512579
0.3182455065418344,-1.0222642761681073,34.26743116263794,4.653329977681966,17.348894375809046,2.825340457218834,5.480830063993151,1.0453486150424152
0.35813299251433084,-1.0222642761681073,36.62594689787963,5.915117537564463,18.52175355611351,3.6117085109075786,5.838275223199331,1.331625016126731
0.40301979977966995,-1.0222642761681073,39.39193948385588,7.46407654049833,19.937416024678445,4.6245415083459545,6.289667560146072,1.722136464959564
0.4535325211846986,-1.0222642761681073,42.64998508589783,9.348617297154863,21.659089460363894,5.9285921894272855,6.864447101769215,2.2585680787533433
0.5103762839557767,-1.0222642761681073,46.65814971812231,11.707622468320494,23.685761785218332,7.536727301949839,7.488917154135243,2.88193586297742
0.5743445928509872,-1.0222642761681073,51.611169219100915,14.618906544616637,26.06389368372393,9.488640431037163,8.250424334748875,3.6874147230663343
0.6463304070095649,-1.0222642761681073,57.32660105754552,17.89865159253941,29.05850694319918,11.996828900627461,9.2464399243323,4.798242406717232
0.7273386051246984,-1.0222642761681073,64.32370363084519,21.715911611915125,32.67630757740503,15.037747884971157,10.326896454759428,6.056630196029156
0.8185000129460304,-1.0222642761681073,73.36430986342197,26.239787748127224,37.06301486234529,18.66195347708223,11.875659702919473,7.924513041072938
0.9210871889273549,-1.0222642761681073,83.54245877960179,30.73662037253504,42.63827637442459,23.069867097025714,13.474275515380546,9.899013321583414
1.0365321883776653,-1.0222642761681073,97.3943504290801,35.881525186741825,49.02582701110625,27.752367898741397,15.796229059817053,12.800098869008584
1.166446554092426,-1.0222642761681073,112.75852253732366,40.45162887029858,57.83719707790636,33.47198953063403,18.420413901423906,16.07011840858436
1.3126438125222553,-1.0222642761681073,134.5650709961627,45.361291578527116,67.94194017567693,38.95611575216315,21.737528795581063,20.123022461615644
1.4771647895120215,-1.0222642761681073,158.63536081361192,49.27763619448505,80.75483478997793,44.41303847455175,26.160429901679223,25.29974572316709
1.6623060990028473,-1.0222642761681073,191.66883600996493,53.03265761873863,98.28781303577598,49.748925932726785,31.417072164093483,31.022081688644892
1.8706522023821734,-1.0222642761681073,234.29898396793902,56.25408855758729,117.62022936815141,53.69856505299162,37.883577973830704,37.33228592086709
2.1051114860111477,-1.0222642761681073,283.4780648093991,58.707941734163974,144.25070475215915,57.203024578423154,46.34401558264668,44.3043255592516
2.368956860549917,-1.0222642761681073,350.0815815429794,60.87792175949617,178.14531213674115,59.94425604293778,57.35259464443134,51.2350857905098
2.6658714488230206,-1.0222642761681073,436.58292646434614,62.66365257853609,220.45542984854063,62.03318669004525,72.63973057066043,57.4072654653331
3.0,-1.0222642761681073,541.724162848331,64.03643407345425,275.7641017893475,63.69258317485328,91.38733415463022,61.38349120661245
-3.0,-0.9723977261111264,373.7332110927241,61.452829646099886,189.42769650220816,60.607079102687926,59.73280766171155,52.4368412642056
-2.6658714488230206,-0.9723977261111264,275.8036585665048,58.38607484884594,139.95309275366063,56.742292214378296,44.05884844663647,42.56558430241742
-2.368956860549917,-0.9723977261111264,202.30720934625396,53.97102908707859,102.54953104129144,50.76219025292199,32.280518259052045,31.912595743875638
-2.1051114860111477,-0.9723977261111264,146.74289001108238,47.501620433173244,74.29322960941653,41.85360552949926,23.393477595666162,22.095731607909038
-1.8706522023821734,-0.9723977261111264,104.98061456922343,38.27261588908292,53.11665684075997,30.517566818118755,16.719235853416375,13.953911666314106
-1.6623060990028473,-0.9723977261111264,74.49924873627387,26.772691203338873,37.685777939666444,19.166903305787677,11.835893488337158,7.87587283965391
-1.4771647895120215,-0.9723977261111264,52.921099643340746,15.38051933612544,26.760200846338005,10.068570206844866,8.399059297308632,3.8494831489647523
-1.3126438125222553,-0.9723977261111264,38.24341131997932,6.813596307084056,19.332205407917634,4.184006662082116,6.065701880281127,1.5246403670544744
-1.166446554092426,-0.9723977261111264,28.590443474467893,1.9879483709435308,14.45287148336734,1.1697615647956778,4.53446220770629,0.4130871937343872
-1.0365321883776653,-0.9723977261111264,22.374245625532165,0.17075172090118837,11.313511034610794,0.09769485156558433,3.549911165283709,0.03382393359140552
-0.9210871889273549,-0.9723977261111264,18.413397348028813,0.12785831174866014,9.31419575623412,0.0719508533016925,2.922830731357731,0.02458547407876819
-0.8185000129460304,-0.9723977261111264,15.918609507956607,0.8426457040708275,8.05457135245349,0.468952090354331,2.5277923237559246,0.158910423775014
-0.7273386051246984,-0.9723977261111264,14.390687126289352,1.6841707890982138,7.284342406694736,0.9299480293294915,2.284104404612959,0.31516006880700875
-0.6463304070095649,-0.9723977261111264,13.513757116004037,2.3430164675755782,6.838201910385749,1.2917451511703173,2.144872866985474,0.4355442159480518
-0.5743445928509872,-0.9723977261111264,13.078009435563793,2.725712240639678,6.620865306387952,1.496967955293741,2.0748790023410693,0.5058467499264641
-0.5103762839557767,-0.9723977261111264,12.95476802190297,2.841153128147423,6.557163722557628,1.5609950425549588,2.0545796411561184,0.5275519731984469
-0.4535325211846986,-0.9723977261111264,13.04215815826872,2.7589579731602205,6.59739045494226,1.520353056371645,2.0650445690475885,0.5162864337271208
-0.40301979977966995,-0.9723977261111264,13.270326883041662,2.551999729230333,6.7150838151148395,1.4055311754475694,2.10411653269676,0.47563820401971413
-0.35813299251433084,-0.9723977261111264,13.592919311453363,2.277605865911364,6.877941237087789,1.2563593392051853,2.1527829247996277,0.4280280172146578
-0.3182455065418344,-0.9723977261111264,13.972575037274595,1.980639154802756,7.065905960239918,1.0975430743519492,2.2109872870150697,0.3752859747247592
-0.2828005365353655,-0.9723977261111264,14.38233730131937,1.6897906516665069,7.271314606710565,0.939451901786717,2.278345561166312,0.3196574378930773
-0.2513032920204875,-0.9723977261111264,14.804686093153524,1.42024058712588,7.486552621927991,0.7901081277234046,2.346586826959832,0.26887925523181455
-0.22331409039755062,-0.9723977261111264,15.2270363634259,1.1794495507391272,7.702457053296563,0.6560708606599319,2.4118543190685893,0.22526538869221083
-0.19844221923690444,-0.9723977261111264,15.639516720539365,0.9703304928828693,7.9119530412089105,0.5402218975558453,2.475225749734707,0.18729588926789079
-0.17634048216824733,-0.9723977261111264,16.034905881867388,0.7926017082532343,8.111320094397426,0.44224214005494694,2.5375871348035113,0.1539223934092667
-0.15670035222800524,-0.9723977261111264,16.408656582556283,0.6439041877998375,8.299136269429853,0.3603085663055991,2.5981032954675105,0.12513316302703154
-0.13924766500838334,-0.9723977261111264,16.75839521984137,0.5208627178553811,8.474974089930866,0.2922745892070159,2.6553485127885046,0.1010073313942111
-0.12373879148704055,-0.9723977261111264,17.083227231442084,0.41985323657268303,8.63870945778483,0.23612687455452228,2.7083495290120148,0.08124573668558939
-0.10995723711238882,-0.9723977261111264,17.383168523313238,0.33742698872628185,8.790334247822836,0.19007195891856252,2.756807104514017,0.06525865045555186
-0.09771061966979347,-0.9723977261111264,17.658783562797485,0.2704909924894017,8.92996980382046,0.15252045531221045,2.800875335613324,0.05238289785426311
-0.0868279837415025,-0.9723977261111264,17.91098018098812,0.21635692778410054,9.057900490340842,0.12206812552876702,2.840896261953439,0.042017929849123975
-0.07715741427178036,-0.9723977261111264,18.140891700009703,0.17273090527570745,9.17457278582247,0.09748755241867708,2.877237490212274,0.03366941302089731
-0.06856391592404971,-0.9723977261111264,18.34979985723571,0.13768024468172751,9.280564619314923,0.0777224003061357,2.9102284920750994,0.02694418187727321
-0.06092752862714207,-0.9723977261111264,18.539076250356455,0.10959278807084366,9.376542812626925,0.061878105890587336,2.940151521757287,0.021530465622240206
-0.0541416530048151,-0.9723977261111264,18.710134393881713,0.0871350969654234,9.463221972212931,0.049207862699383584,2.9672522648376085,0.0171787003185619
-0.04811156231253989,-0.9723977261111264,18.864390487955113,0.06921232526411822,9.541331065156085,0.039095453395210845,2.9917525343002764,0.013687000445112207
-0.04275308010908995,-0.9723977261111264,19.003232560014823,0.05493117872259181,9.611589027430167,0.03103702455912531,3.0138590654489454,0.010890927839734563
-0.0379914052040221,-0.9723977261111264,19.127997527670633,0.04356669934990126,9.67468838505485,0.024623448209227253,3.0337679855739177,0.008656214132076545
-0.03376006747802295,-0.9723977261111264,19.239955302684205,0.03453317334049596,9.731285123154704,0.01952425316667069,3.051666288252525,0.00687331526750706
-0.03,-0.9723977261111264,19.340298778700898,0.027359141766192672,9.781993081001252,0.01547356414105396,3.0677317284764523,0.005453102584170677
0.03,-0.9723977261111264,21.04852184586739,0.028633410433845204,10.645946104892753,0.016394913457880453,3.341703980842651,0.005746723060153883
0.03376006747802295,-0.9723977261111264,21.162314765968823,0.03635535792308672,10.70370577387804,0.020837822930461637,3.359884819280786,0.007298428920275334
0.0379914052040221,-0.9723977261111264,21.291352358048236,0.04617444616673604,10.769238123474222,0.026496370387701012,3.3804998107645154,0.009273544680068243
0.04275308010908995,-0.9723977261111264,21.43782025273129,0.058666614280350304,10.843661394279055,0.03370774283766901,3.403905035144244,0.011790243793452919
0.04811156231253989,-0.9723977261111264,21.604258010390097,0.07456883109584171,10.928271201426725,0.04290418242426334,3.430519976021586,0.01500130991769368
0.0541416530048151,-0.9723977261111264,21.793627548255795,0.09482537109344567,11.024570873300005,0.054640034878491714,3.460842179158825,0.019105148672950687
0.06092752862714207,-0.9723977261111264,22.009396875886626,0.12064781184982079,11.134306320512843,0.06962627673086536,3.495464861945101,0.02436051779450379
0.06856391592404971,-0.9723977261111264,22.255641797248337,0.15359274045287413,11.259505532184797,0.08877429392087949,3.5350962338919683,0.031105904639613397
0.07715741427178036,-0.9723977261111264,22.537167173525063,0.19566190688936824,11.402522852130495,0.11325093821818619,3.580576789162517,0.039784034685368584
0.0868279837415025,-0.9723977261111264,22.859646403009968,0.2494298425626542,11.56608908664338,0.14454726277749202,3.6328867248480843,0.05097054638948316
0.09771061966979347,-0.9723977261111264,23.229771877080985,0.31820296673287835,11.75337160078465,0.18456428311443795,3.693130910552479,0.06540284834205598
0.10995723711238882,-0.9723977261111264,23.65540007200389,0.406210735475596,11.968056237031387,0.23572179957987424,3.7624884760689747,0.08400110423373039
0.12373879148704055,-0.9723977261111264,24.14566640581666,0.5188226705473664,12.214477923470016,0.30110307014078747,3.8421314876015185,0.10787301713085465
0.13924766500838334,-0.9723977261111264,24.711052020224894,0.6627779652086959,12.497848894118938,0.384661883308767,3.933176249743508,0.13831250345496848
0.15670035222800524,-0.9723977261111264,25.36344478655768,0.8464211071324184,12.824648854365885,0.49153864468223124,4.036849033035478,0.17686558603622096
0.17634048216824733,-0.9723977261111264,26.116414269787374,1.079995060867975,13.203204701331106,0.6285411546820805,4.1551637680210405,0.22565077030101827
0.19844221923690444,-0.9723977261111264,26.986256747922802,1.3762096000854487,13.644312445456444,0.8047886227281223,4.292231720971197,0.28816046172311066
0.22331409039755062,-0.9723977261111264,27.994675096195806,1.751563730901859,14.161393001693078,1.0323077319076859,4.455298745941196,0.37032840363312985
0.2513032920204875,-0.9723977261111264,29.173396017539616,2.2288937324082845,14.769436718605082,1.3260551455183955,4.652789638793717,0.48029649227450183
0.2828005365353655,-0.9723977261111264,30.56796388175003,2.8402780509771746,15.483049043860099,1.7030874520550827,4.887356972616476,0.6244387379881394
0.3182455065418344,-0.9723977261111264,32.23246296435849,3.625874611715077,16.317610617581483,2.1828615583599786,5.152208460371245,0.8030488328541935
0.35813299251433084,-0.9723977261111264,34.209006719980586,4.6229542189263695,17.30015891899816,2.793872149662965,5.451457477504653,1.0228329198634052
0.40301979977966995,-0.9723977261111264,36.518033233212854,5.8560260942126945,18.48234696855909,3.5844433645596347,5.828540825270633,1.323543394624137
0.4535325211846986,-0.9723977261111264,39.227237693223316,7.370248809105901,19.915658668748332,4.6085252856787955,6.307657787697713,1.7383009151855306
0.5103762839557767,-0.9723977261111264,42.550650996351166,9.290535423886343,21.596118686278103,5.879750003479514,6.825169975770063,2.2206799327788973
0.5743445928509872,-0.9723977261111264,46.6459878779235,11.700443942785336,23.559857986135736,7.435047496195027,7.454327567521576,2.8464492823651324
0.6463304070095649,-0.9723977261111264,51.350287572591355,14.466666194120524,26.027237605151853,9.458192360978199,8.275981150816282,3.715178479882967
0.7273386051246984,-0.9723977261111264,57.09216736031851,17.766611493214388,28.997927201006082,11.945844292732476,9.161978053700551,4.701969155684044
0.8185000129460304,-0.9723977261111264,64.49793974798291,21.807645836018807,32.58787049853837,14.963737596563995,10.43274393260636,6.1822230906626015
0.9210871889273549,-0.9723977261111264,72.79450524759176,25.969250632860593,37.14131518164061,18.725594067398866,11.735390927650794,7.753074310371717
1.0365321883776653,-0.9723977261111264,84.07830041229508,30.95596265037504,42.3344821977814,22.836788349444134,13.628813175053198,10.091363821445245
1.166446554092426,-0.9723977261111264,96.53364328532254,35.59224959592596,49.49579677286278,28.079593402782113,15.759220328524059,12.75379611139923
1.3126438125222553,-0.9723977261111264,114.21066320265567,40.83056039980427,57.674348907898356,33.37430204326745,18.44604873572316,16.101857413827116
1.4771647895120215,-0.9723977261111264,133.63599149240068,45.18250378399501,68.02408388740471,38.99618243195013,22.023486166880215,20.46637834506106
1.6623060990028473,-0.9723977261111264,160.27574362596764,49.5017537496179,82.1718259261183,44.92645332561082,26.261956394638517,25.41493715312453
1.8706522023821734,-0.9723977261111264,194.58894332834313,53.30097404018506,97.71084709277442,49.6044059907388,31.464189971102915,31.071048404488735
2.1051114860111477,-0.9723977261111264,234.05279879250682,56.239037886651374,119.09866614924499,53.94143663608223,38.26043953993261,37.67405411893691
2.368956860549917,-0.9723977261111264,287.434805748237,58.866763997426034,146.26818870219688,57.40836872570468,47.088707308343494,44.84805974655232
2.6658714488230206,-0.9723977261111264,356.65133405757473,61.04569540755288,180.12095933190912,60.06730417656767,59.33108165542566,52.24092130206883
3.0,-0.9723977261111264,440.6271094131675,62.72917146255595,224.3092014842901,62.1790437909342,74.31210602086011,57.889179160980646
-3.0,-0.9225311760541456,269.9611935479282,58.12798585535573,136.81898882398588,56.38474834661751,43.14670130111483,41.84179961176623
-2.6658714488230206,-0.9225311760541456,199.0005660946056,53.690662698667595,100.97268767992416,50.398099619939764,31.79058475866347,31.409075287574126
-2.368956860549917,-0.9225311760541456,146.1116987868354,47.399284036062156,74.06265458218,41.75529875757421,23.31692116838658,22.005390865434467
-2.1051114860111477,-0.9225311760541456,106.40497507199656,38.69131585103147,53.87427121968281,31.008871537485284,16.967782862709424,14.264114986732919
-1.8706522023821734,-0.9225311760541456,76.65500550423873,27.76306045278747,38.79143581760462,20.056225307100497,12.214990742116973,8.340690380444176
-1.6623060990028473,-0.9225311760541456,54.86393526957859,16.50009605927808,27.761919302272776,10.907027706785529,8.722145761072296,4.206509985446648
-1.4771647895120215,-0.9225311760541456,39.278059154193635,7.39918256204373,19.870185960280256,4.575093182489977,6.238494731568725,1.676395879796827
-1.3126438125222553,-0.9225311760541456,28.60451248804002,1.993653713751155,14.465935327870234,1.1760697174952912,4.5398841582207385,0.4160816442891141
-1.166446554092426,-0.9225311760541456,21.68305786427214,0.08272097549125211,10.96531698201631,0.047260392222176206,3.440891082499851,0.016351957308711213
-1.0365321883776653,-0.9225311760541456,17.44060114461978,0.3227946972687801,8.822066576053887,0.18113529700799172,2.768493600727859,0.06169206873196815
-0.9210871889273549,-0.9225311760541456,14.965558570713263,1.325233158028867,7.572940027580635,0.734636133148603,2.3765929510320842,0.24824398022394548
-0.8185000129460304,-0.9225311760541456,13.595080257238244,2.275837540879351,6.881194810992066,1.2534906959057632,2.159689319032431,0.42153479427202195
-0.7273386051246984,-0.9225311760541456,12.90713555020093,2.8866512139579705,6.535262064028637,1.5834277416494769,2.04915050315957,0.5334605995158987
-0.6463304070095649,-0.9225311760541456,12.647568228466655,3.1434282882646327,6.401181697748668,1.725546741978623,2.0078123331191446,0.5799142152228328
-0.5743445928509872,-0.9225311760541456,12.658832200916349,3.131969999065812,6.409342927002879,1.71665716297672,2.0087358253162875,0.5788477339313237
-0.5103762839557767,-0.9225311760541456,12.853179742329552,2.9387898709451776,6.506297646842356,1.6134278815676937,2.0388547206076773,0.5447870609693415
-0.4535325211846986,-0.9225311760541456,13.162182584460128,2.6487284765528054,6.658692118073526,1.4597951622631484,2.0847128634020646,0.49554881439364273
-0.40301979977966995,-0.9225311760541456,13.540634151952645,2.3206701305294573,6.85194360179015,1.2794358896207774,2.1473526180835787,0.4331787837255482
-0.35813299251433084,-0.9225311760541456,13.960488778447475,1.9896763750060238,7.0639403780894945,1.0991324190592264,2.2116746330343404,0.374689550219111
-0.3182455065418344,-0.9225311760541456,14.398762066473314,1.6787473347458448,7.281918151304081,0.9317119177397616,2.279393708277516,0.3188359167959183
-0.2828005365353655,-0.9225311760541456,14.839198052060521,1.3995107455390143,7.502958219892128,0.7793810706173996,2.351372523916814,0.26552031053621616
-0.2513032920204875,-0.9225311760541456,15.271999569694728,1.155433525362403,7.7232199103873596,0.6439781937341105,2.421123400996906,0.21944814180246117
-0.22331409039755062,-0.9225311760541456,15.690378792997281,0.9462494801520204,7.936792594336388,0.5273758639329843,2.485949919634463,0.1812806163136659
-0.19844221923690444,-0.9225311760541456,16.088953697945733,0.7699634514655782,8.139115068282331,0.4294953772403511,2.5473614656118593,0.14903723813810726
-0.17634048216824733,-0.9225311760541456,16.46392713551384,0.6234448166044161,8.32820643207969,0.34849315430933886,2.6065396273597923,0.12139134570916438
-0.15670035222800524,-0.9225311760541456,16.8132733890473,0.5029177105991793,8.503811810310506,0.2818904914588454,2.6630464389548134,0.09798599849151167
-0.13924766500838334,-0.9225311760541456,17.136425905284487,0.4044875701010713,8.666319852237812,0.22732196683947029,2.7158628525760355,0.07863876735934894
-0.12373879148704055,-0.9225311760541456,17.433769547706895,0.3245161360714602,8.816210121653103,0.18276662182730746,2.7643218820894755,0.06295251775908467
-0.10995723711238882,-0.9225311760541456,17.70622231945509,0.2597966914264428,8.953931029300563,0.14653307928720316,2.80830880164891,0.05036331643540219
-0.09771061966979347,-0.9225311760541456,17.95497983636442,0.2075910894629382,9.079943039047764,0.11719375517219849,2.8480728818557126,0.040289986238874816
-0.0868279837415025,-0.9225311760541456,18.181382194466803,0.16560008340314022,9.19477112977514,0.09353473295142091,2.8840012258048966,0.032225101932974155
-0.07715741427178036,-0.9225311760541456,18.386845989803586,0.13191124548057054,9.29902127852898,0.07452547387044493,2.916482796000547,0.02575919687458704
-0.06856391592404971,-0.9225311760541456,18.572823690565397,0.10494435762585047,9.393366870010443,0.0592982983919871,2.945857752993096,0.02057098457805429
-0.06092752862714207,-0.9225311760541456,18.740773046016464,0.08340101003383374,9.47852178552943,0.047130415655692315,2.9724133129742576,0.01640849301740483
-0.0541416530048151,-0.9225311760541456,18.89213116217543,0.06621989786037365,9.555212551527793,0.03742594711185725,2.99639581262067,0.013072000851897749
-0.04811156231253989,-0.9225311760541456,19.02829268461208,0.05253773922220968,9.624155481587152,0.029697974458278,3.0180238151881356,0.010401366600539507
-0.04275308010908995,-0.9225311760541456,19.150592591649158,0.04165542983697842,9.686040349964701,0.02355141510635979,3.037497298240798,0.008267164656814065
-0.0379914052040221,-0.9225311760541456,19.26029380081908,0.033009026684637094,9.741519988707468,0.01866743731114425,3.0550027122609213,0.006564418690672742
-0.03376006747802295,-0.9225311760541456,19.358579276376325,0.026145142536279777,9.791204493091309,0.014789798849139422,3.070715171497424,0.005207963357432201
-0.03,-0.9225311760541456,19.44654798147524,0.020700306099393,9.835658712945081,0.011713198271858898,3.0847990766111404,0.0041288300920460635
0.03,-0.9225311760541456,20.92902557958126,0.021484088735076998,10.58544034903317,0.012295225892612229,3.32257038811678,0.004308564539824014
0.03376006747802295,-0.9225311760541456,21.02690291145177,0.027266724820013372,10.635122196795765,0.015619643558233576,3.338209748723875,0.00546909943721701
0.0379914052040221,-0.9225311760541456,21.137777330752854,0.03461551210025299,10.691431255626089,0.019850731364812885,3.3559246669605103,0.006945172707706641
0.04275308010908995,-0.9225311760541456,21.263483751804753,0.04395901933359481,10.755306542642492,0.025238883017453514,3.37601427738907,0.008824417326351473
0.04811156231253989,-0.9225311760541456,21.406147775693583,0.05584515572754061,10.827832672642126,0.032104703772349495,3.3988300374268228,0.011219980320555932
0.0541416530048151,-0.9225311760541456,21.568240666951432,0.07097536112713551,10.910264001010066,0.04085887729194461,3.4247876839782907,0.014278597621571201
0.06092752862714207,-0.9225311760541456,21.752646429060217,0.09024894647642524,11.00405214581929,0.05202750027141274,3.4543815358345484,0.0181913875796784
0.06856391592404971,-0.9225311760541456,21.962742976371754,0.11482056922391817,11.110876848619727,0.06628417921049622,3.488200027865108,0.02320803850867832
0.07715741427178036,-0.9225311760541456,22.202498418664756,0.1461744224763112,11.232680158671604,0.08449037337473903,3.5269392229825485,0.02965473112931378
0.0868279837415025,-0.9225311760541456,22.47658088558238,0.1862189894767998,11.371704671000352,0.10774575475545373,3.5714075548890403,0.03795505666527007
0.09771061966979347,-0.9225311760541456,22.79047521177083,0.23740558070324974,11.5305391736944,0.1374510811670481,3.622511076284866,0.04865094259186556
0.10995723711238882,-0.9225311760541456,23.1505920101362,0.30287145055619197,11.712181561860465,0.175388132151437,3.681208302130138,0.062417564999179526
0.12373879148704055,-0.9225311760541456,23.56434745230796,0.38660351124945747,11.92014156935057,0.22382639731343973,3.7484387232612555,0.08006601235913083
0.13924766500838334,-0.9225311760541456,24.040198256188173,0.49361363338066866,12.15862434556748,0.2856766927860357,3.8250793320664513,0.10254117159586684
0.15670035222800524,-0.9225311760541456,24.587667731787807,0.6301220025312938,12.432848360571333,0.3647273041633514,3.9120832998462722,0.1309694729743587
0.17634048216824733,-0.9225311760541456,25.217548993609956,0.8037894615846609,12.74951887467355,0.46600584791128513,4.011050826520079,0.1668963414614637
0.19844221923690444,-0.9225311760541456,25.942753834019783,1.0241671831013246,13.11732892687382,0.5962685392587783,4.125327659232685,0.21288331627593535
0.22331409039755062,-0.9225311760541456,26.78052910966875,1.3037365789066468,13.547055538185703,0.7644624170869624,4.26085897199827,0.27330696475186994
0.2513032920204875,-0.9225311760541456,27.756274413956206,1.6599242169774306,14.050626122632066,0.9817685268991236,4.424508552163077,0.354193121811485
0.2828005365353655,-0.9225311760541456,28.90660816163727,2.117483445159446,14.639435408981836,1.2610137686725142,4.6182007588204055,0.4602521739499525
0.3182455065418344,-0.9225311760541456,30.274758854583265,2.7079081741368416,15.325304280565664,1.6169496410122635,4.835895483143092,0.5916310694227958
0.35813299251433084,-0.9225311760541456,31.89324721291204,3.461368398096627,16.1295731293796,2.0713977365495553,5.08068829936422,0.7532641317792834
0.40301979977966995,-0.9225311760541456,33.77585678660332,4.399261880587749,17.093769124776955,2.661768090160224,5.388349414242782,0.9750082569402846
0.4535325211846986,-0.9225311760541456,35.97516925285627,5.5605787195581495,18.25863104512635,3.4307083657435653,5.778215128988717,1.2820070120273934
0.5103762839557767,-0.9225311760541456,38.664031110725325,7.050749365080602,19.618204345681182,4.390875476395004,6.196675286437403,1.6392819789868034
0.5743445928509872,-0.9225311760541456,41.966317295646995,8.949498614898046,21.19960784880599,5.574039855092952,6.70360400564136,2.1044995997761693
0.6463304070095649,-0.9225311760541456,45.74036409503997,11.1659551344963,23.18109032034993,7.130417610079052,7.3642295481074775,2.7545113944594037
0.7273386051246984,-0.9225311760541456,50.33030921223842,13.869893986727039,25.557212881968816,9.068596082175212,8.071945604806041,3.494759586782304
0.8185000129460304,-0.9225311760541456,56.236066389097076,17.282414860746016,28.417267523894086,11.457419002339241,9.086910521087235,4.616696820234982
0.9210871889273549,-0.9225311760541456,62.815585861549366,20.914816990827312,32.035123460986185,14.50058908579933,10.119569823171926,5.811704564010106
1.0365321883776653,-0.9225311760541456,71.75202664802387,25.469132680816486,36.14006382360919,17.908636667146105,11.620572523569441,7.613022994627387
1.166446554092426,-0.9225311760541456,81.56247712686299,29.911249365722508,41.79453959049899,22.4203610988273,13.300810877629127,9.683337626092111
1.3126438125222553,-0.9225311760541456,95.47466955213335,35.23107799247711,48.221355820692196,27.186572772327004,15.413718015007987,12.321469745299884
1.4771647895120215,-0.9225311760541456,110.68529893207717,39.895902784458805,56.33268520473222,32.55798555915209,18.220973164270912,15.823010627666962
1.6623060990028473,-0.9225311760541456,131.5152887822304,44.76539209195504,67.40077504073716,38.69039994294698,21.53438378274547,19.878450846370335
1.8706522023821734,-0.9225311760541456,158.27480329676646,49.227742407182575,79.50319619959363,43.94572543905128,25.589594175505425,24.648853709916686
2.1051114860111477,-0.9225311760541456,188.94038779685073,52.7740846371136,96.13644703155977,49.20063412822266,30.87616426302781,30.45689575082808
2.368956860549917,-0.9225311760541456,230.3461533057336,56.008299468032654,117.21285879798032,53.63040222364845,37.72761865151494,37.1900014307315
2.6658714488230206,-0.9225311760541456,283.91391194451865,58.72566696541458,143.41093928491398,57.11554571529644,47.20923618036675,44.9350114814238
3.0,-0.9225311760541456,348.75228333871945,60.8431622232935,177.53894679456252,59.905850209886374,58.7807781558037,51.96802900738844
-3.0,-0.8726646259971647,180.04274414955347,51.87382209240813,91.2355068786115,47.85002520803388,28.770424083459037,28.20399500554223
-2.6658714488230206,-0.8726646259971647,131.8627697090095,44.834609430762,66.88978317901953,38.43668753456811,21.059707762938142,19.304931489390796
-2.368956860549917,-0.8726646259971647,96.23715894133227,35.49171924559383,48.77025496782643,27.573393874225754,15.353021207192999,12.245515225672106
-2.1051114860111477,-0.8726646259971647,69.78256500074606,24.506180534322795,35.326676966566176,17.24020013095515,11.123213238882581,7.0096018281396875
-1.8706522023821734,-0.8726646259971647,50.236497019668604,13.81489232482911,25.42008971702863,8.955245705091768,8.001048326655296,3.4188502157087886
-1.6623060990028473,-0.8726646259971647,36.12406156912662,5.6413027975972705,18.277535061196616,3.4436287408836845,5.7415793824162344,1.252030895320285
-1.4771647895120215,-0.8726646259971647,26.18692960121222,1.1029885253355185,13.24634258508333,0.6450098163364382,4.158440287040126,0.2270715653146623
-1.3126438125222553,-0.8726646259971647,19.521251386149448,0.01658885652671266,9.872185626884733,0.009460124869533956,3.098111164217127,0.0032265084901719203
-1.166446554092426,-0.8726646259971647,15.390038757827895,1.0938245760627463,7.783327136989007,0.609737630100944,2.442260161071253,0.20652372378665823
-1.0365321883776653,-0.8726646259971647,13.12385533309018,2.6835965375190787,6.639450496400406,1.4786258922695352,2.0835866191007866,0.49672109474898757
-0.9210871889273549,-0.8726646259971647,12.094388286958514,3.7430741965001486,6.121206681172091,2.0501541619397825,1.921144275703468,0.6861018501418357
-0.8185000129460304,-0.8726646259971647,11.791624144584135,4.103537675833442,5.969615664118978,2.24265485918403,1.873656997136202,0.7496505197632058
-0.7273386051246984,-0.8726646259971647,11.88029598860611,3.995493077206035,6.016115792150245,2.1822994472408235,1.8866435287159127,0.7318778930817648
-0.6463304070095649,-0.8726646259971647,12.173190721616827,3.653103995920523,6.161924933742112,2.0005058608849633,1.932893268382798,0.6709806804419571
-0.5743445928509872,-0.8726646259971647,12.569692927649466,3.223445195153434,6.364252070569147,1.7661668032517168,1.9949760481227206,0.5948763721780276
-0.5103762839557767,-0.8726646259971647,13.025381053964715,2.7746101877726486,6.593583382015451,1.5241685490753447,2.0666002957025356,0.5146255070323769
-0.4535325211846986,-0.8726646259971647,13.507139367909653,2.3485405580156393,6.833625798244553,1.2958614570843088,2.1401933222364566,0.440030893360967
-0.40301979977966995,-0.8726646259971647,13.994607419989928,1.9642339381178398,7.081532829114743,1.0849599985562477,2.2197477679008415,0.3677295253160381
-0.35813299251433084,-0.8726646259971647,14.47743940561846,1.6264880655825737,7.325354896447015,0.9004260381837093,2.2943291659085205,0.3072729275689445
-0.3182455065418344,-0.8726646259971647,14.946197290622994,1.336450077722883,7.559196111785689,0.7432949949031583,2.3671188581844413,0.2546505433912951
-0.2828005365353655,-0.8726646259971647,15.394397902466086,1.0915889479322618,7.784315281624164,0.6091841791583954,2.440036260291713,0.2078614275790694
-0.2513032920204875,-0.8726646259971647,15.819073681659555,0.8869415151109441,8.000194329329993,0.4954193188517911,2.50833072448058,0.16909940207569704
-0.22331409039755062,-0.8726646259971647,16.218455661927376,0.7172966720099534,8.203821105861334,0.40066447693668633,2.5703505942367024,0.13790728741145397
-0.19844221923690444,-0.8726646259971647,16.590996071512002,0.5778638895315282,8.392835155628909,0.3230367779959493,2.6278942751487735,0.11220976491794316
-0.17634048216824733,-0.8726646259971647,16.93577407994817,0.4641601319821498,8.566714928984577,0.25997890716014294,2.682335531162272,0.09064239247289313
-0.15670035222800524,-0.8726646259971647,17.252830995247255,0.37199477963940475,8.726134363473935,0.20888974119813725,2.733568289341362,0.07268248081940464
-0.13924766500838334,-0.8726646259971647,17.543035056475144,0.29759611363787286,8.872104806187227,0.16752715686866723,2.780931844229804,0.05801722356904515
-0.12373879148704055,-0.8726646259971647,17.807749355728426,0.23770928503480532,9.005555891355955,0.1340794596169372,2.8240231858413516,0.046236247596697685
-0.10995723711238882,-0.8726646259971647,18.048552213620777,0.18960781751129566,9.127271084719276,0.10709198738279424,2.862874288202837,0.03684985306557264
-0.09771061966979347,-0.8726646259971647,18.267077043174627,0.15104513065354422,9.23795347236696,0.08537914823580522,2.897797324934561,0.029384192810162336
-0.0868279837415025,-0.8726646259971647,18.46494174645286,0.12018425009715973,9.338291571333865,0.0679618460349777,2.9291981785379155,0.023437364519079285
-0.07715741427178036,-0.8726646259971647,18.643722765205254,0.09552839060124096,9.428989060955029,0.054028159421050645,2.9574663576496243,0.01869031417391179
-0.06856391592404971,-0.8726646259971647,18.804944584478413,0.07586070896041418,9.51076514957519,0.04290688514415514,2.982936415857566,0.01489553081920568
-0.06092752862714207,-0.8726646259971647,18.95007208166046,0.060194225356635225,9.584340899399846,0.03404678255902534,3.0058877657063072,0.011860731423957776
-0.0541416530048151,-0.8726646259971647,19.08050263402608,0.04773052007904842,9.650422719451836,0.026998404638539687,3.026557336740557,0.00943481297013298
-0.04811156231253989,-0.8726646259971647,19.197558547117737,0.03782555560401317,9.709688535745434,0.021397684837992315,3.0451524604846174,0.007497571349155875
-0.04275308010908995,-0.8726646259971647,19.302480977227148,0.029961304786691872,9.76277828742267,0.016951283400593212,3.0618599814500524,0.005952543844453275
-0.0379914052040221,-0.8726646259971647,19.39642607069378,0.02372220515007293,9.810288496231783,0.013423818845231672,3.0768515555032367,0.0047219715814559825
-0.03376006747802295,-0.8726646259971647,19.480463470739767,0.018775684007053824,9.852770000062314,0.010627001717257844,3.090286293869844,0.0037431018453890513
-0.03,-0.8726646259971647,19.555576953860946,0.01485613273469822,9.890727891622527,0.008410561718287399,3.1023119109786697,0.002965341837695761
0.03,-0.8726646259971647,20.808623422471126,0.015289557493619831,10.524474779694401,0.00874572219864954,3.30329074176824,0.0030639788560265905
0.03376006747802295,-0.8726646259971647,20.890603655121527,0.019396580026137727,10.566087672499526,0.011104898735951824,3.3163913824108957,0.0038872052974603215
0.0379914052040221,-0.8726646259971647,20.983370845325314,0.024612714124378477,10.61320114375345,0.014105315240657803,3.3312149118792127,0.004933425313642866
0.04275308010908995,-0.8726646259971647,21.088423234451923,0.031240276759005307,10.666582080493889,0.017923235602883184,3.348005739155893,0.00626424536783974
0.04811156231253989,-0.8726646259971647,21.207490757426505,0.039665375712136415,10.727113346890699,0.022784056132199998,3.3670501877710812,0.007959091223348431
0.0541416530048151,-0.8726646259971647,21.34257776794792,0.05038181394072603,10.795812341717175,0.028976115140546675,3.3886859451107045,0.010120811902445724
0.06092752862714207,-0.8726646259971647,21.496014984201558,0.06402208543738648,10.873851950407138,0.03686827863598547,3.41331331058843,0.012883162223545358
0.06856391592404971,-0.8726646259971647,21.670522083431507,0.08139756517214747,10.962583756054041,0.046932191364072,3.441407272459863,0.016420626549202545
0.07715741427178036,-0.8726646259971647,21.869281498968494,0.10355043189284205,11.063563376935893,0.05977021368648193,3.473527663779779,0.02096080776257817
0.0868279837415025,-0.8726646259971647,22.096021759717786,0.1318200889198557,11.17857839915046,0.07615026784139223,3.5103217651803877,0.02679884244230443
0.09771061966979347,-0.8726646259971647,22.355104421468187,0.16792646055651755,11.309681528443562,0.09704933680053598,3.552510476785547,0.03431171856946174
0.10995723711238882,-0.8726646259971647,22.651602165692232,0.21407092948429116,11.459236930942165,0.12370883074985131,3.6008491368437117,0.04396823582022998
0.12373879148704055,-0.8726646259971647,22.991349746320676,0.27305244456073624,11.629998130033368,0.1577087175275975,3.6560666022287682,0.05633019436584203
0.13924766500838334,-0.8726646259971647,23.38095476801351,0.34839296202195114,11.825250824845352,0.20107483467634182,3.7188277341477516,0.0720500441073107
0.15670035222800524,-0.8726646259971647,23.82779787849188,0.4444705318016881,12.049063690971762,0.25644494222804615,3.7898461245424935,0.09190346390552051
0.17634048216824733,-0.8726646259971647,24.340175428437867,0.566690417200793,12.306662697014456,0.3273249221395374,3.870350766091326,0.11695549075108624
0.19844221923690444,-0.8726646259971647,24.927967413334116,0.7218167704842473,12.604820854739312,0.4184379471379722,3.962979613976761,0.14898040713657643
0.22331409039755062,-0.8726646259971647,25.6044142078573,0.9187377989368107,12.951906780486803,0.536059629553682,4.072459632513443,0.1910254269377785
0.2513032920204875,-0.8726646259971647,26.389173461851755,1.1699570039498706,13.35708443517037,0.6880630860039192,4.204203980709004,0.24729780095973694
0.2828005365353655,-0.8726646259971647,27.310709885240872,1.493408047122419,13.82890886145157,0.8835222117177753,4.359524946517413,0.3210765491220581
0.3182455065418344,-0.8726646259971647,28.4023871851451,1.9122235512291328,14.376096330812636,1.1329415366610323,4.533226474948448,0.41240588656647176
0.35813299251433084,-0.8726646259971647,29.68829824699666,2.4491329203044807,15.014885164583506,1.4520048882962076,4.727536462124461,0.5247016438260694
0.40301979977966995,-0.8726646259971647,31.176859514169166,3.1211718619475946,15.777519857919795,1.8678783714004603,4.97097314223156,0.6790975471452442
0.4535325211846986,-0.8726646259971647,32.9073318639157,3.959239584156882,16.69504382717164,2.4120876509657108,5.278429728250363,0.8935568781424684
0.5103762839557767,-0.8726646259971647,35.01453051389561,5.045792742975537,17.760452817671947,3.0950977992292166,5.606173314669873,1.1432076148667918
0.5743445928509872,-0.8726646259971647,37.591942780405354,6.448990493044309,18.993153656206605,3.9419873750251773,6.001531564375085,1.4693816718170833
0.6463304070095649,-0.8726646259971647,40.520499691077276,8.111277886653673,20.53227850812445,5.067237820017888,6.51527226334325,1.927897612412259
0.7273386051246984,-0.8726646259971647,44.06671865876043,10.179735457729413,22.36911687931784,6.484430288913088,7.061644513691657,2.4512732659177527
0.8185000129460304,-0.8726646259971647,48.61471616780171,12.86161237946112,24.569531351038687,8.255747736342903,7.844476335823656,3.2525159578100222
0.9210871889273549,-0.8726646259971647,53.649303729985796,15.801662046961336,27.343002112898766,10.555890159124806,8.634348534769595,4.10887462826495
1.0365321883776653,-0.8726646259971647,60.47222823269334,19.645667907817106,30.471075932602037,13.186075784349947,9.781480671164035,5.415604213156707
1.166446554092426,-0.8726646259971647,67.91487492229041,23.5713111982485,34.771337970845984,16.78158922512491,11.057837372524036,6.9307118878636285
1.3126438125222553,-0.8726646259971647,78.45157137445065,28.566568690474966,39.63119713695913,20.725160923601173,12.656828379940137,8.885266639336983
1.4771647895120215,-0.8726646259971647,89.90282075813873,33.23198278824147,45.743297779603076,25.39952788689651,14.774825155176897,11.522116320901919
1.6623060990028473,-0.8726646259971647,105.54882752779513,38.440744237358075,54.06091786274844,31.12890451280897,17.263067678952538,14.632271131978534
1.8706522023821734,-0.8726646259971647,125.57775372650482,43.527126092160906,63.10776042392458,36.47227162301475,20.297227667342742,18.377974243844903
2.1051114860111477,-0.8726646259971647,148.42941319498544,47.77082244002077,75.51329688536849,42.365520075702975,24.241180372314606,23.090183068403277
2.368956860549917,-0.8726646259971647,179.2050310702469,51.7842570133113,91.18060549495618,47.834046618606116,29.336816308239758,28.818096002008453
2.6658714488230206,-0.8726646259971647,218.90017615737466,55.24334373985962,110.59433017125134,52.44194284334584,36.36828459046177,35.92889124821663
3.0,-0.8726646259971647,266.80299994044975,57.98346764374099,135.81580565689652,56.26619960803384,44.920332823315135,43.233555265685446
-3.0,-0.8227980759401838,107.38179678906143,38.97321404072022,54.40328004082369,31.34804459966362,17.152130931521736,14.494009080736058
-2.6658714488230206,-0.8227980759401838,77.81780369161211,28.285380698163806,39.4542285197371,20.584677276338585,12.420134599564117,8.593188868396245
-2.368956860549917,-0.8227980759401838,56.21611896311184,17.27109604543119,28.474842299985685,11.505822322457998,8.960797375232536,4.474080461178811
-2.1051114860111477,-0.8227980759401838,40.4492360188183,8.07020608967515,20.470469380592878,5.0208230139322545,6.4399254664085674,1.858452554317036
-1.8706522023821734,-0.8227980759401838,29.085782435733517,2.1920980520673314,14.713982789365826,1.2981669658244794,4.624509369168458,0.46388385799836485
-1.6623060990028473,-0.8227980759401838,21.12200403211402,0.03351872815802978,10.682384282075565,0.019137984778643296,3.3532983392685276,0.0067155742569570305
-1.4771647895120215,-0.8227980759401838,15.754998980325535,0.9161805420125043,7.964603128874845,0.513211894836755,2.4987736064130353,0.1742398652735062
-1.3126438125222553,-0.8227980759401838,12.394673748513954,3.408445694767578,6.265062656023866,1.8785196839561267,1.9653623494446353,0.6303939760628935
-1.166446554092426,-0.8227980759401838,10.592303058565072,5.786267638186647,5.355065142756213,3.159438218479523,1.679706404717195,1.0536783576450455
-1.0365321883776653,-0.8227980759401838,9.963469295746386,6.855351476510482,5.039586114472274,3.727294980509496,1.581307705900258,1.2390768959797485
-0.9210871889273549,-0.8227980759401838,10.121313804043503,6.5735193279576745,5.121920537860779,3.5720158196873784,1.6076004438071043,1.1872581474631785
-0.8185000129460304,-0.8227980759401838,10.699137691456212,5.618336605992006,5.416303331721518,3.057395107507868,1.6999735362892345,1.0182759411995796
-0.7273386051246984,-0.8227980759401838,11.427909158515684,4.56905628521655,5.786381325795298,2.4921890396848827,1.8151348437038615,0.8335619522071667
-0.6463304070095649,-0.8227980759401838,12.166924046471664,3.66020187887095,6.158826606131662,2.004253710382825,1.9321319420155354,0.6719534388624432
-0.5743445928509872,-0.8227980759401838,12.861748930070139,2.9304664398590208,6.511401778174478,1.6081135359385572,2.0416459305457004,0.5417006598442544
-0.5103762839557767,-0.8227980759401838,13.506437069161839,2.349127302951738,6.836666349393666,1.2931254596085515,2.1433246168302182,0.4370253421687574
-0.4535325211846986,-0.8227980759401838,14.10123285870524,1.8860906483319457,7.134356681619319,1.0431122595651965,2.2352745807331615,0.35457598725199246
-0.40301979977966995,-0.8227980759401838,14.648993813277627,1.516159300720937,7.412289146013646,0.8398130410254429,2.323935257870847,0.28513230448306737
-0.35813299251433084,-0.8227980759401838,15.155366601147046,1.2183627480391506,7.668022651546815,0.6764292252379349,2.402564445400933,0.231188180468329
-0.3182455065418344,-0.8227980759401838,15.622877189036814,0.978288275978916,7.901755076055273,0.545549516918528,2.475412487645004,0.18719014856421293
-0.2828005365353655,-0.8227980759401838,16.05340272915504,0.7848102469921212,8.118128549599557,0.43909950071714615,2.5451929689280988,0.1501131065516934
-0.2513032920204875,-0.8227980759401838,16.449593627674194,0.6287134995506947,8.319327848826083,0.3520776248733854,2.608787069162543,0.12040552381909121
-0.22331409039755062,-0.8227980759401838,16.81369953496185,0.502779779936414,8.504767031048807,0.2815501925488062,2.665437090741954,0.09705826771754006
-0.19844221923690444,-0.8227980759401838,17.147195216257174,0.4014166024393501,8.673894380605164,0.22493935335826326,2.7170656379260874,0.07822583766260936
-0.17634048216824733,-0.8227980759401838,17.451378923371315,0.3200893286586459,8.827314127772658,0.1796804856690747,2.7651189161119887,0.0627106124706229
-0.15670035222800524,-0.8227980759401838,17.727828364934467,0.25500517466291817,8.966353608910458,0.14348081332831003,2.809745212142028,0.049978064272587414
-0.13924766500838334,-0.8227980759401838,17.978421093776863,0.20300214959006257,9.092426967475795,0.11448106276429132,2.8505850875087897,0.039694392614261866
-0.12373879148704055,-0.8227980759401838,18.205159616814957,0.16148869362859136,9.20674131003055,0.09123380449552841,2.887451103491203,0.03150150897939865
-0.10995723711238882,-0.8227980759401838,18.410013930210322,0.1283709880533094,9.310280008904458,0.0726105938628895,2.920479856802971,0.025016748581791627
-0.09771061966979347,-0.8227980759401838,18.59484256103569,0.10196945642030929,9.4038824338803,0.05771547017370299,2.9500111462139955,0.019887153377863377
-0.0868279837415025,-0.8227980759401838,18.761372772996513,0.08093919135006034,9.488316462238206,0.045825294908203716,2.9764412017566517,0.015820295087140578
-0.07715741427178036,-0.8227980759401838,18.911207273791707,0.06420258438850827,9.564316540261164,0.03635177813476262,3.0001377166279974,0.012587144045875926
-0.06856391592404971,-0.8227980759401838,19.04583646883455,0.05089542802726565,9.632594341110172,0.02881604823605731,3.0214122107205963,0.010011707876383025
-0.06092752862714207,-0.8227980759401838,19.166647968482255,0.04032451408715891,9.693835523854041,0.022829625845064278,3.0405226988835645,0.0079583581425792
-0.0541416530048151,-0.8227980759401838,19.274932196002894,0.03193414427857755,9.74869237972451,0.01807885128372733,3.057686037430346,0.006321306296092756
-0.04811156231253989,-0.8227980759401838,19.371885500103442,0.025279397832904435,9.79777729212194,0.014311635185226664,3.073089898906648,0.00501698495541853
-0.04275308010908995,-0.8227980759401838,19.458612398877925,0.020004593808428103,9.84165866760576,0.011326150218064495,3.086901294990535,0.003978761287034479
-0.0379914052040221,-0.8227980759401838,19.536128032658596,0.01582584777748805,9.88085936853052,0.0089612910660939,3.099271734664348,0.003153227391074597
-0.03376006747802295,-0.8227980759401838,19.60536131293591,0.012516924807650785,9.915857089116571,0.0070887431071995416,3.1103400350806014,0.0024974942833643904
-0.03,-0.8227980759401838,19.667158849990933,0.009897779339197627,9.947086035764965,0.005606473605163724,3.12023377511294,0.0019771291232895142
0.03,-0.8227980759401838,20.687653637888104,0.010101186103882675,10.463220704420731,0.005775003536342114,3.283919232874304,0.002022800562462905
0.03376006747802295,-0.8227980759401838,20.753804769186743,0.012808871241450644,10.496798646318576,0.007329065543401883,3.294491829206635,0.0025648911855542297
0.0379914052040221,-0.8227980759401838,20.828578182664852,0.016245544756026766,10.53477345187258,0.009304031174687206,3.306441852682419,0.003253255061055791
0.04275308010908995,-0.8227980759401838,20.913150933450915,0.020609069700297338,10.577747711807017,0.011815019301472534,3.3199614412144336,0.004128077844803582
0.04811156231253989,-0.8227980759401838,21.008877312240408,0.026151855594748936,10.626412675602177,0.01500902634796443,3.3352749610583325,0.0052410840475677475
0.0541416530048151,-0.8227980759401838,21.117320577815555,0.03319633373872412,10.681561862738283,0.019073815665189182,3.3526461553224034,0.006659138112887018
0.06092752862714207,-0.8227980759401838,21.24029137583726,0.0421550095436871,10.744106255015296,0.024249216828574248,3.372386605797375,0.00846904520762522
0.06856391592404971,-0.8227980759401838,21.379893797050862,0.053556454782926824,10.815090881449255,0.030841396893432158,3.394864699264733,0.010783843608544768
0.07715741427178036,-0.8227980759401838,21.53857928351292,0.0680788933761964,10.895712596264909,0.039240747763384716,3.420512871384868,0.013750722705465571
0.0868279837415025,-0.8227980759401838,21.719206778330314,0.08659319644663352,10.987339315334879,0.04994416386449414,3.449828621456438,0.017560201887240133
0.09771061966979347,-0.8227980759401838,21.925104059997334,0.11021687743035909,11.091532673735053,0.06358282379498137,3.483362257136035,0.02245517356017141
0.10995723711238882,-0.8227980759401838,22.160120052618552,0.14037967305207563,11.21008027912125,0.08095755669436035,3.52168438527675,0.028737024397056055
0.12373879148704055,-0.8227980759401838,22.42865329574201,0.17889925460360617,11.345051892660369,0.10308629653425416,3.565336227176545,0.03676594915337072
0.13924766500838334,-0.8227980759401838,22.735646137497298,0.2280635134563924,11.49890551666084,0.13127308570691798,3.6147987221084774,0.046958842421927896
0.15670035222800524,-0.8227980759401838,23.08656810936131,0.2907187215165332,11.674676534451498,0.1672154743032688,3.6705804288054202,0.05980976789251323
0.17634048216824733,-0.8227980759401838,23.487509144873123,0.37038416622559844,11.876260500353789,0.2131712140067592,3.7335831057699993,0.07599714176145733
0.19844221923690444,-0.8227980759401838,23.94568218216887,0.471475154549734,12.108702090430842,0.2721868909316951,3.8057976742134425,0.09665589840378865
0.22331409039755062,-0.8227980759401838,24.470786124236902,0.5998177170200485,12.378208451809996,0.3483198507402054,3.890821446257068,0.12374361136967894
0.2513032920204875,-0.8227980759401838,25.077345955511216,0.7636575958488896,12.691492771737655,0.446674036641035,3.992735639075022,0.15996820870752523
0.2828005365353655,-0.8227980759401838,25.78648495808974,0.9749169969434902,13.054653365332827,0.5731502739762215,4.112360124380216,0.20743073790121752
0.3182455065418344,-0.8227980759401838,26.62274788631047,1.249147637241316,13.473767116934157,0.7346131756608539,4.245426108369722,0.26611735218442983
0.35813299251433084,-0.8227980759401838,27.60300729525565,1.6019354334180487,13.960587921834328,0.941396397991572,4.393443172910286,0.33820143318705936
0.40301979977966995,-0.8227980759401838,28.731599396680583,2.045440748945451,14.538982371400362,1.211569977144575,4.5781441967521594,0.4374473524086963
0.4535325211846986,-0.8227980759401838,30.036299927322514,2.6017045876068856,15.231419044441381,1.5664147589823645,4.810438161761785,0.5756417147958142
0.5103762839557767,-0.8227980759401838,31.61733819849165,3.329154769126213,16.03073831771915,2.0135700703467916,5.056216520161984,0.7364867453466099
0.5743445928509872,-0.8227980759401838,33.541530107356074,4.279392900766176,16.949942110817133,2.570845993867771,5.3511915949740745,0.9472075472240105
0.6463304070095649,-0.8227980759401838,35.71330873703004,5.41919626541147,18.09244608926772,3.317696741074256,5.7329775418522155,1.245025015144542
0.7273386051246984,-0.8227980759401838,38.3290975014259,6.861801188532032,19.448056554137207,4.267512556041668,6.135727348435742,1.5856292534666458
0.8185000129460304,-0.8227980759401838,41.66910617576251,8.776488736970542,21.06255975686325,5.469142361855649,6.711519427742223,2.112013415325448
0.9210871889273549,-0.8227980759401838,45.33899171539089,10.929180538789264,23.087861131206513,7.055740698540342,7.287098565563036,2.6763892130861646
1.0365321883776653,-0.8227980759401838,50.295419383291005,13.84944031385351,25.355954453966525,8.902280683852375,8.121275999132495,3.547788177310352
1.166446554092426,-0.8227980759401838,55.66139767354758,16.95567686301263,28.463872218539652,11.496599220375144,9.042711013340181,4.566620668862671
1.3126438125222553,-0.8227980759401838,63.2359899152951,21.139395123415312,31.952032168727076,14.430888207853389,10.191380658236056,5.896372379456933
1.4771647895120215,-0.8227980759401838,71.4088698893806,25.303050346706755,36.31839328538361,18.05463269147804,11.706373681125887,7.717655639657413
1.6623060990028473,-0.8227980759401838,82.53681847327631,30.320349175639222,42.236833140621115,22.761681792202687,13.475785745523648,9.900892169312653
1.8706522023821734,-0.8227980759401838,96.71393726952302,35.65316037340908,48.63271570426846,27.476778296461525,15.623103432373767,12.583483076366425
2.1051114860111477,-0.8227980759401838,112.79988121278423,40.462537428302255,57.373198935275845,33.192856766871735,18.402996082363206,16.048550066869055
2.368956860549917,-0.8227980759401838,134.38366551431707,45.32656848732183,68.36272659669703,39.16062153510612,21.979485414668442,20.4136162048342
2.6658714488230206,-0.8227980759401838,162.10764169726724,49.7465825580803,81.92327134257212,44.83757533984176,26.894473882069125,26.128624407727624
3.0,-0.8227980759401838,195.4316075022175,53.37683800887157,99.47438861315227,50.040493072497554,32.84553221792148,32.48746909869209
-3.0,-0.772931525883203,53.649142451567364,15.801568966915513,27.167620447276644,10.409083107104493,8.559501567265531,4.025996494167276
-2.6658714488230206,-0.772931525883203,38.39636971619955,6.899685620445235,19.444196334407767,4.264723633800437,6.117602143771182,1.5697751998628844
-2.368956860549917,-0.772931525883203,27.511920382107085,1.567822491350306,13.919696883274408,0.9232745113822167,4.375526881429746,0.3291117458906398
-2.1051114860111477,-0.772931525883203,19.84599992517561,0.004071922687524499,10.036425340528684,0.0023368770577672465,3.1500368861037615,0.0007806615619044645
-1.8706522023821734,-0.772931525883203,14.621311769779851,1.5336298410048481,7.392754428837451,0.8532030560083487,2.314870526636778,0.2918022446323601
-1.6623060990028473,-0.772931525883203,11.22116257646634,4.850356777686747,5.669942462110432,2.660868112288788,1.7766535484643258,0.8922877733366715
-1.4771647895120215,-0.772931525883203,9.209234401307011,8.339702363721306,4.650269333314258,4.536128890594578,1.4569443865244873,1.508959746279913
-1.3126438125222553,-0.772931525883203,8.247230985678465,10.614004166255368,4.165474682884582,5.7414963763879925,1.3057666053434984,1.9003424997659655
-1.166446554092426,-0.772931525883203,8.095791515222604,11.017041646359601,4.090917095023386,5.949379810177391,1.2825049774798865,1.9676691916131743
-1.0365321883776653,-0.772931525883203,8.56727729544157,9.80462760629261,4.331786431834285,5.30048846468715,1.358929968372218,1.7539301947762749
-0.9210871889273549,-0.772931525883203,9.471026874800168,7.797451852196651,4.791066843601706,4.228726255714824,1.5037476825162677,1.402367767486255
-0.8185000129460304,-0.772931525883203,10.58906846140616,5.791411472014607,5.359016289116245,3.152777314711303,1.6819031576501728,1.0497970024793668
-0.7273386051246984,-0.772931525883203,11.716021018366687,4.197314657616506,5.930312442732322,2.2945906433197405,1.860903068412203,0.7673996049966019
-0.6463304070095649,-0.772931525883203,12.730898321385737,3.0593447309303916,6.443469582634074,1.6798239340563506,2.0216762307995713,0.5640429773730935
-0.5743445928509872,-0.772931525883203,13.59923664216376,2.2724388896288525,6.883299545122864,1.2516372598448229,2.1588773568988913,0.42229484539578616
-0.5103762839557767,-0.772931525883203,14.337765633994838,1.7199930172743916,7.2564409180139355,0.9503771859066472,2.275545710268054,0.3218584151458966
-0.4535325211846986,-0.772931525883203,14.97151918205417,1.321791763667662,7.57450161747462,0.7336562626677433,2.3741900615654443,0.24985943295319174
-0.40301979977966995,-0.772931525883203,15.521600481346761,1.0275776551822546,7.85319533420664,0.571349673878639,2.4627159732451744,0.19446064269323965
-0.35813299251433084,-0.772931525883203,16.006044330841956,0.8048508213973132,8.097876467766957,0.4484862288280832,2.5382240079473997,0.1536012831569542
-0.3182455065418344,-0.772931525883203,16.436570653742386,0.6335229656012009,8.313495450751457,0.35444384553124225,2.605485247642484,0.12185543243553892
-0.2828005365353655,-0.772931525883203,16.82128977333688,0.5003266970065778,8.506943775170441,0.28077559930191387,2.6676360361389935,0.09620933985235898
-0.2513032920204875,-0.772931525883203,17.166818483436273,0.3958549919734649,8.68225715821442,0.22232517924941161,2.7230026329903434,0.07620537448274356
-0.22331409039755062,-0.772931525883203,17.47813788649797,0.31342758881045985,8.840650572396155,0.1760124407096444,2.771525257615074,0.06078490140779491
-0.19844221923690444,-0.772931525883203,17.758742597559447,0.2482352335159132,8.98289239118923,0.13947190250730435,2.815059179748254,0.04856686932595365
-0.17634048216824733,-0.772931525883203,18.01136583894206,0.19664769826314168,9.110317183642596,0.11065378812717207,2.8549843877797776,0.03866295992806746
-0.15670035222800524,-0.772931525883203,18.23850668082,0.15581702587292395,9.224589088137073,0.08786038861482831,2.891612306912683,0.03064044043693994
-0.13924766500838334,-0.772931525883203,18.442569753471552,0.12348368381433401,9.327276922581666,0.06977021334663781,2.9248182547770987,0.024223969642186552
-0.12373879148704055,-0.772931525883203,18.625819426432102,0.09786153621327082,9.419673077324077,0.055381293063939095,2.9545756373893335,0.01914972420234656
-0.10995723711238882,-0.772931525883203,18.790321913267118,0.07754560655220465,9.50281201455159,0.04392924320625707,2.9810793565925677,0.015156946263419332
-0.09771061966979347,-0.772931525883203,18.937929405233493,0.061431957718757986,9.577553477972943,0.034819214460639944,3.0046586673123272,0.012014110266565757
-0.0868279837415025,-0.772931525883203,19.07029684882364,0.04865122432484766,9.644653796973898,0.02757980185879119,3.0256697061925255,0.009533067855561975
-0.07715741427178036,-0.772931525883203,19.188910257028127,0.03851633250623016,9.704806496917666,0.021833530553888064,3.044434570841058,0.00756808898061128
-0.06856391592404971,-0.772931525883203,19.295113189431472,0.030482538847944787,9.758658989872393,0.01727714731222324,3.0612233077141338,0.006008054405021475
-0.06092752862714207,-0.772931525883203,19.390126846948597,0.02411703544511027,9.806816558336985,0.013667258000300523,3.076258211917154,0.004767895084219992
-0.0541416530048151,-0.772931525883203,19.475064098221182,0.019075615229407795,9.849841680744785,0.010809038612268543,3.0897248764182708,0.0037816770840246976
-0.04811156231253989,-0.772931525883203,19.550939327054447,0.015084506011822502,9.8882528448419,0.008547006093163178,3.101782511459401,0.0029976350816794963
-0.04275308010908995,-0.772931525883203,19.618675914638853,0.011926052049356102,9.922524385771474,0.006757394182282124,3.1125713281997345,0.002374731692499529
-0.0379914052040221,-0.772931525883203,19.6791125896863,0.009427333037867594,9.953087572906023,0.005341879994467999,3.1222171479676204,0.0018802464671990153
-0.03376006747802295,-0.772931525883203,19.733009320390646,0.007451077527783944,9.980332671324103,0.004222465950751696,3.130834072590759,0.0014880245751328841
-0.03,-0.772931525883203,19.781053037677403,0.005888396907397205,10.004611606396612,0.0033373398281719958,3.138526008559372,0.0011771517713464836
0.03,-0.772931525883203,20.566448596879745,0.005959374485489956,10.40184645774385,0.0034053163077098357,3.2645091176696774,0.0011926203667835646
0.03376006747802295,-0.772931525883203,20.616886041747755,0.00755340088705909,10.427447533618832,0.004319411656045185,3.272571930600917,0.001511403815950242
0.0379914052040221,-0.772931525883203,20.673833933953205,0.009575217194963103,10.45636844642436,0.005480159711913818,3.2816750990168337,0.0019158635009125535
0.04275308010908995,-0.772931525883203,20.738164906296447,0.012140403902212426,10.489055980400058,0.006954659059553659,3.2919611525719774,0.00242939761183057
0.04811156231253989,-0.772931525883203,20.81087914745691,0.015396209847964677,10.526020686635219,0.008828453033948351,3.303595927804618,0.003082067666008729
0.0541416530048151,-0.772931525883203,20.893126450408396,0.019530473241629688,10.567846211094206,0.011210626137348696,3.3167736327236423,0.0039126582198659105
0.06092752862714207,-0.772931525883203,20.98623276792509,0.02478316581837515,10.615199564989812,0.014240267237775089,3.331722803096158,0.004971416752915445
0.06856391592404971,-0.772931525883203,21.091731849472872,0.03146134093490323,10.668842138330255,0.01809461386118229,3.3487125204735544,0.006323636631805517
0.07715741427178036,-0.772931525883203,21.211401943030587,0.039958435568035675,10.729641239731661,0.022999236597921604,3.368057204296872,0.008054153444485462
0.0868279837415025,-0.772931525883203,21.347306156610067,0.050778974252198315,10.798582282554465,0.02924069507905219,3.390116603740131,0.010272536301679796
0.09771061966979347,-0.772931525883203,21.501832472736297,0.06456960303782126,10.876782988954899,0.03718229103744948,3.4152857656225337,0.01311816108086652
0.10995723711238882,-0.772931525883203,21.67772557899539,0.08215681938178261,10.965514089117,0.0472841022633488,3.443969870578405,0.01676355433667873
0.12373879148704055,-0.772931525883203,21.87809931816312,0.10459061364630129,11.066236977224882,0.06012988409602435,3.476546392683064,0.021414341489344763
0.13924766500838334,-0.772931525883203,22.106421959383958,0.13319206571705453,11.180677234188055,0.07646630160482193,3.5133414087249615,0.027307739299261936
0.15670035222800524,-0.772931525883203,22.366491746339786,0.16960465471856634,11.3109578315023,0.09726425581105186,3.5546938358219555,0.03472395118956729
0.17634048216824733,-0.772931525883203,22.6624917595229,0.21586149869281715,11.459798532646618,0.12381449298130885,3.6012234220062247,0.04404729650515909
0.19844221923690444,-0.772931525883203,22.999343229158434,0.27451665185743396,11.630715193835629,0.15785931843137485,3.654337545593082,0.05592199021612433
0.22331409039755062,-0.772931525883203,23.383682635226535,0.3489486426285526,11.828010796316102,0.20172130937213043,3.7165979701240857,0.07146180187193828
0.2513032920204875,-0.772931525883203,23.825533987508116,0.44395858021806667,12.056272517718345,0.2583260173695091,3.7908801927823235,0.0922083278664389
0.2828005365353655,-0.772931525883203,24.33952886555663,0.5665283797112447,12.319536107546963,0.3310613693217573,3.8776345097250626,0.11935168999232652
0.3182455065418344,-0.772931525883203,24.94249028623499,0.725842628950297,12.621714462986533,0.4238809781047615,3.9735951131358256,0.15286198149302987
0.35813299251433084,-0.772931525883203,25.645319291532406,0.9312452831297275,12.970717093346705,0.5427742197207284,4.079702850080438,0.19396146593792635
0.40301979977966995,-0.772931525883203,26.449564576421118,1.1902439996525012,13.382995040677745,0.698295707063227,4.211418779494464,0.25055092501743437
0.4535325211846986,-0.772931525883203,27.37340148950101,1.5164533470620363,13.873628158665014,0.903019301236914,4.3761610785615,0.329431824114746
0.5103762839557767,-0.772931525883203,28.4861862012518,1.945843032012378,14.436171833574921,1.1617159134395203,4.549106613607466,0.4211941558057168
0.5743445928509872,-0.772931525883203,29.832018828387888,2.5117889448233264,15.078548339427027,1.4853277502088353,4.755374296940399,0.5416118835401922
0.6463304070095649,-0.772931525883203,31.339438539687485,3.1974847677186236,15.872209714007777,1.9219376271638733,5.0208562097363245,0.7124806103782187
0.7273386051246984,-0.772931525883203,33.14289987991624,4.077410166561611,16.807239722530685,2.4815854859072304,5.298445833068755,0.9082102820857083
0.8185000129460304,-0.772931525883203,35.431683895369765,5.268009262201402,17.912834037301746,3.1967330913418657,5.6935874092570415,1.2131020413376272
0.9210871889273549,-0.772931525883203,37.92484545117131,6.634877668350221,19.29082147260792,4.154275176628602,6.08459636295637,1.5410265875786853
1.0365321883776653,-0.772931525883203,41.27395277187828,8.546992879812876,20.82105304744743,5.285299635006146,6.648877112224288,2.052747749596081
1.166446554092426,-0.772931525883203,44.867681891415046,10.651318959130359,22.90688768590223,6.911140361815523,7.266796635240814,2.655917923489409
1.3126438125222553,-0.772931525883203,49.91527428266165,13.626430231415792,25.228245152939508,8.79691454346388,8.031995920977813,3.4519412663616826
1.4771647895120215,-0.772931525883203,55.31446518407105,16.757781426151208,28.115338147674173,11.203705741787862,9.034957526622922,4.557846525195343
1.6623060990028473,-0.772931525883203,62.62600882599402,20.813230170876494,32.00531955416135,14.475590359919796,10.197590217938897,5.903702086516132
1.8706522023821734,-0.772931525883203,71.87879764736961,25.530305533108084,36.17597690345574,17.938054780194268,11.599534010922628,7.587389502525533
2.1051114860111477,-0.772931525883203,82.30352970005418,30.22291726467709,41.84523032445858,22.459572933853536,13.40388976044073,9.811468710639746
2.368956860549917,-0.772931525883203,96.21358036062767,35.48370477920597,48.92911951078663,27.68472971477513,15.711334437387384,12.693882166845135
2.6658714488230206,-0.772931525883203,113.9749414581697,40.76961648437173,57.61983019587247,33.34153059016336,18.862923726014202,16.617235954986818
3.0,-0.772931525883203,135.20886726735566,45.48380092449254,68.80678672380328,39.37445572428671,22.65550836628606,21.221341265342122
-3.0,-0.7230649758262222,19.867905307242385,0.003535561158511388,10.045998077161835,0.002071041379485574,3.1561438904040178,0.0006035727847226616
-2.6658714488230206,-0.7230649758262222,14.473340386010998,1.629184701678508,7.3036286160577255,0.9159904481837244,2.29212752321801,0.30896068656296505
-2.368956860549917,-0.7230649758262222,10.898025519515436,5.315654539949182,5.49675709456785,2.9271421310609234,1.7210450453708666,0.9824210005738692
-2.1051114860111477,-0.7230649758262222,8.677598172424629,9.538342436022601,4.380948661716415,5.175855918007875,1.3664268252116007,1.7340839667343435
-1.8706522023821734,-0.7230649758262222,7.496177800660302,12.751565412917861,3.7866300359542535,6.869390403580323,1.1771151750290096,2.300105165333586
-1.6623060990028473,-0.7230649758262222,7.0351741479182355,14.253148658888101,3.551158691057722,7.669270474229154,1.1098185767185285,2.5385678320485363
-1.4771647895120215,-0.7230649758262222,7.1189383778017765,13.968440153920833,3.592370821321577,7.523222335146487,1.1241051938599929,2.4860782450271377
-1.3126438125222553,-0.7230649758262222,7.5938273973640005,12.453102886903132,3.8349506970599223,6.715166736548641,1.201674374206313,2.2183938985461356
-1.166446554092426,-0.7230649758262222,8.363042620844366,10.314627543757702,4.225943621681329,5.577602563503837,1.3246761753619416,1.8471016499156814
-1.0365321883776653,-0.7230649758262222,9.359348850678776,8.025095716938313,4.731713651239087,4.356163986944962,1.484271463103634,1.4459550279374787
-0.9210871889273549,-0.7230649758262222,10.518460721467934,5.904576872851974,5.319457097203177,3.219951923550723,1.6694656206900367,1.071915598509693
-0.8185000129460304,-0.7230649758262222,11.752902072127704,4.151376005493177,5.945960247827192,2.2738114341297884,1.8659851001353678,0.7602918919439634
-0.7273386051246984,-0.7230649758262222,12.94312089466719,2.8522326651012793,6.5488921483189015,1.5694417756349903,2.055438401569625,0.5266213952975793
-0.6463304070095649,-0.7230649758262222,13.990732347588178,1.9671128534200033,7.079488064607637,1.0866011783639498,2.2214459627874352,0.3662760462501313
-0.5743445928509872,-0.7230649758262222,14.859814316504453,1.3872186068018169,7.519350028333035,0.7687536406271287,2.3589523787780675,0.26025315413892547
-0.5103762839557767,-0.7230649758262222,15.567577365155161,1.0050190961095102,7.877295448110851,0.5584556538575832,2.470868178424744,0.18977345679708219
-0.4535325211846986,-0.7230649758262222,16.148103908914038,0.7456334392028026,8.169239555978693,0.4159268744437242,2.561652358575443,0.14205943796224868
-0.40301979977966995,-0.7230649758262222,16.631318887237487,0.5638193524670083,8.413796137234721,0.31501859040283975,2.6390641380733517,0.10757102719986048
-0.35813299251433084,-0.7230649758262222,17.041368812997092,0.432173236001975,8.620918335770877,0.24190056821245629,2.703169071803568,0.08307102289220061
-0.3182455065418344,-0.7230649758262222,17.39473923722815,0.33444975659319914,8.798164165610867,0.18784457432911694,2.758496695116039,0.06473614893454886
-0.2828005365353655,-0.7230649758262222,17.702670954611786,0.2605890032876849,8.953071887605736,0.1467454798141357,2.808084287168581,0.050423678460537524
-0.2513032920204875,-0.7230649758262222,17.97351689240384,0.20395755932525914,9.090371636088461,0.11492529805771427,2.8514095739145815,0.03949996962938361
-0.22331409039755062,-0.7230649758262222,18.213342615683825,0.16008673708705257,9.212262401998336,0.09018294149562003,2.888858192543054,0.031208910659350643
-0.19844221923690444,-0.7230649758262222,18.426431565302742,0.12589360354411241,9.32022822166775,0.07094077940980985,2.9219947547520317,0.02473837891196547
-0.17634048216824733,-0.7230649758262222,18.61602269087577,0.09915095826033006,9.415867664543104,0.05593913364611062,2.9519726938058253,0.019568445168359417
-0.15670035222800524,-0.7230649758262222,18.784828728216734,0.07818362765504548,9.500819857440591,0.04418731843215592,2.9791601979191618,0.015429613896321887
-0.13924766500838334,-0.7230649758262222,18.935239215941973,0.061707970532870526,9.576530369901164,0.03493643542841056,3.0035907693806787,0.01214820884290298
-0.12373879148704055,-0.7230649758262222,19.069363381302242,0.048735895945545935,9.644164717694473,0.027629388731552563,3.025337464677097,0.009569980924768818
-0.10995723711238882,-0.7230649758262222,19.189041790085927,0.03850577760155947,9.704646152351883,0.021847922743520435,3.044603011340452,0.007551512545861899
-0.09771061966979347,-0.7230649758262222,19.295870940043553,0.030428716653248734,9.75872972949157,0.01727152426907395,3.061665219886913,0.0059694965861806035
-0.0868279837415025,-0.7230649758262222,19.391239524069583,0.02404704887818491,9.807063077865687,0.013649898664367884,3.0768078564634087,0.004725346000623678
-0.07715741427178036,-0.7230649758262222,19.476365458346482,0.01900310180216879,9.850222832696552,0.010785254720267494,3.0902823834648143,0.0037433698302445466
-0.06856391592404971,-0.7230649758262222,19.552326857633414,0.01501599163106274,9.888732473698148,0.008520477316407454,3.102298058258059,0.002966184573174019
-0.06092752862714207,-0.7230649758262222,19.620085338607453,0.011864360611084866,9.92306990510305,0.006730641542263161,3.113026520686044,0.00235007499137694
-0.0541416530048151,-0.7230649758262222,19.680502834602915,0.009373378147243405,9.953670703996504,0.005316518397142578,3.1226104803804016,0.00186132738382901
-0.04811156231253989,-0.7230649758262222,19.73435385290834,0.007404800250388383,9.980930158219126,0.004199414786366419,3.131171582513609,0.0014736089664843805
-0.04275308010908995,-0.7230649758262222,19.782334851843473,0.005849261551479287,10.00520535130514,0.003317015836551931,3.138816064127647,0.001166150700242256
-0.0379914052040221,-0.7230649758262222,19.82507189012845,0.004620237338022786,10.026817602445233,0.002620031633515935,3.145638379533126,0.0009224724073651209
-0.03376006747802295,-0.7230649758262222,19.863127234863825,0.0036492834642528017,10.046055191671366,0.0020695040228144185,3.151723403813479,0.0007294581908099905
-0.03,-0.7230649758262222,19.897005294084323,0.0028822707324992316,10.063176205766325,0.001634654643548181,3.1571477787647884,0.0005766604374440342
0.03,-0.7230649758262222,20.445333664664865,0.0028932746068983774,10.340516836632439,0.001652416914715961,3.2451125386097535,0.0005787434389529695
0.03376006747802295,-0.7230649758262222,20.480217975731133,0.003665496840339166,10.3582220597694,0.0020948420603646486,3.2506910515842296,0.0007330467476272928
0.0379914052040221,-0.7230649758262222,20.519560477584683,0.004644277574534596,10.378200223056233,0.0026561822985184977,3.256982318119483,0.0009286541890548024
0.04275308010908995,-0.7230649758262222,20.56394724895149,0.005885151681542971,10.400751362330261,0.003368600616858965,3.2640821031128042,0.0011767745528052328
0.04811156231253989,-0.7230649758262222,20.61404722235013,0.007458764511846356,10.426216916836815,0.004273029905586155,3.272101357149726,0.00149177803948352
0.0541416530048151,-0.7230649758262222,20.67062589647317,0.009455090276342452,10.45498545559956,0.005421570740558608,3.281169422591159,0.0018921611028222794
0.06092752862714207,-0.7230649758262222,20.734561740293845,0.011988879018536498,10.487498884865838,0.006880524147804467,3.2914377757826365,0.002401825707485916
0.06856391592404971,-0.7230649758262222,20.80686558277835,0.01520669568147809,10.524258968793218,0.00873420309371732,3.30308387160327,0.003051746982400989
0.07715741427178036,-0.7230649758262222,20.888702868628897,0.019295994006728438,10.565833978245273,0.011089686288759556,3.3163139571363827,0.003882059643906002
0.0868279837415025,-0.7230649758262222,20.98141771885585,0.024496715198217632,10.612865499988425,0.014082710566414074,3.3313626152751517,0.0049444592583766725
0.09771061966979347,-0.7230649758262222,21.086555999676794,0.031115848944478827,10.666076257936709,0.017884987389978024,3.348485604334931,0.0063045391423074805
0.10995723711238882,-0.7230649758262222,21.205882081082304,0.039545139378626463,10.726281829170983,0.022713487884939435,3.367942687690824,0.008043315653440207
0.12373879148704055,-0.7230649758262222,21.34138180303768,0.05028159414617431,10.794413028397603,0.028842892626113777,3.389972191866154,0.010257171921776349
0.13924766500838334,-0.7230649758262222,21.495246513883846,0.06394992501998642,10.87156115861405,0.03662374018762444,3.414775046881912,0.013057119214152079
0.15670035222800524,-0.7230649758262222,21.669849743081922,0.08132686870233165,10.95906126540382,0.04651081151792649,3.4425565606574784,0.01657400837185742
0.17634048216824733,-0.7230649758262222,21.867774792129282,0.10337317911826213,11.058616760228018,0.05910743190277456,3.4737007055766864,0.02098668177542637
0.19844221923690444,-0.7230649758262222,22.09203528400404,0.13129593488879177,11.172420865559648,0.0752266070849829,3.5090971698123203,0.026593741000636134
0.22331409039755062,-0.7230649758262222,22.34669625040916,0.16669219617175818,11.303138630428261,0.09595100749044982,3.5503711508872393,0.03391001790037957
0.2513032920204875,-0.7230649758262222,22.637932028926187,0.21183265714862107,11.453566420333976,0.12264425993499978,3.5993252291942444,0.043647013507976305
0.2828005365353655,-0.7230649758262222,22.974765370037296,0.2700256733640215,11.626081265453202,0.15688722263856128,3.6561655971728175,0.05635360643508986
0.3182455065418344,-0.7230649758262222,23.367440153697235,0.34564565791356655,11.822916523271054,0.20052878458798998,3.718698530918769,0.0720158994206479
0.35813299251433084,-0.7230649758262222,23.822171251571106,0.44319860329640315,12.048797621731625,0.25637562884610177,3.7874463008185004,0.09119767155308639
0.40301979977966995,-0.7230649758262222,24.339019487453957,0.5664007362201111,12.313773348243403,0.32938650938280406,3.872152701804192,0.11754631832876504
0.4535325211846986,-0.7230649758262222,24.928491580339237,0.7219619156072873,12.626778027159611,0.4255181704948701,3.9772678861467297,0.15421486597325032
0.5103762839557767,-0.7230649758262222,25.633016144911196,0.9274763760584508,12.982934073310513,0.5471535082206013,4.086842802292403,0.19687398433850703
0.5743445928509872,-0.7230649758262222,26.478137206556234,1.199888237563186,13.386430185951953,0.69965681089196,4.216503161720459,0.2528538824708047
0.6463304070095649,-0.7230649758262222,27.41686217144471,1.53250414755613,13.88080444763536,0.9061632339000348,4.38195420479454,0.33236131185339757
0.7273386051246984,-0.7230649758262222,28.530312203283938,1.963626301841833,14.458158963538052,1.172313238565859,4.553494779576921,0.4236351800345773
0.8185000129460304,-0.7230649758262222,29.930703467130733,2.5551010991085876,15.134702248535719,1.5149389883498459,4.795485106511612,0.5663250912618251
0.9210871889273549,-0.7230649758262222,31.441913632443935,3.2458596877378514,15.970234445568039,1.9784331086879987,5.032721203874545,0.7205044142753741
1.0365321883776653,-0.7230649758262222,33.45332083322679,4.234485005532706,16.889279950443985,2.5327846269419934,5.371984599599782,0.9627313499638139
1.166446554092426,-0.7230649758262222,35.59075146244387,5.353290422667998,18.13042149213336,3.343430137368447,5.739882030804359,1.250647486895437
1.3126438125222553,-0.7230649758262222,38.564793192081815,6.994680419420214,19.49810011117064,4.303707825035248,6.191221175054481,1.6344594405600026
1.4771647895120215,-0.7230649758262222,41.71515216719331,8.803271141742975,21.183372741935372,5.561592276401285,6.777060002419148,2.1745028406593145
1.6623060990028473,-0.7230649758262222,45.94178966533377,11.284813743619374,23.43174031099594,7.331790589463342,7.449728101533786,2.8417384287989815
1.8706522023821734,-0.7230649758262222,51.23795840917172,14.401062745387353,25.82057632001613,9.28670031891512,8.25379491379009,3.691073880239243
2.1051114860111477,-0.7230649758262222,57.15265041736245,17.80070047868414,29.03807822026968,11.979635401839364,9.279327792822446,4.835821748086337
2.368956860549917,-0.7230649758262222,64.97248106504675,22.056617052741615,33.021891463178065,15.326689251054818,10.578786951434367,6.356087736966406
2.6658714488230206,-0.7230649758262222,74.86696875773502,26.943649950921596,37.86866418239009,19.314651833679072,12.335727373704069,8.489221023703593
3.0,-0.7230649758262222,86.6071078669678,31.968251975954974,44.054437206243556,24.14448012350975,14.431740015141042,11.093187062661388
-3.0,-0.6731984257692414,6.696112449081565,15.463794401820667,3.371261157699849,8.339333297987777,1.047223613074202,2.781364072934229
-2.6658714488230206,-0.6731984257692414,6.5897501809737,15.86384699588353,3.3068697643385816,8.592780544006233,1.030197135232045,2.8512358999375906
-2.368956860549917,-0.6731984257692414,6.829809371250434,14.9749508414898,3.436561067348575,8.089802677617513,1.0701218554234462,2.6900424139470966
-2.1051114860111477,-0.6731984257692414,7.335626579123924,13.256760888841125,3.701845290268937,7.147932750246794,1.1516406925000722,2.38779070756899
-1.8706522023821734,-0.6731984257692414,8.051448926182976,11.13760023912522,4.067748492464539,6.015318870561972,1.2658392032008259,2.0171868276452414
-1.6623060990028473,-0.6731984257692414,8.865524699366064,9.099005855632388,4.478373264325063,4.936225629626181,1.400817129494016,1.6454613238365536
-1.4771647895120215,-0.6731984257692414,9.749673848317629,7.252362958351551,4.925217076183073,3.9517790927844274,1.5425514635293711,1.318669304065809
-1.3126438125222553,-0.6731984257692414,10.664835149109473,5.671842738139116,5.389985734685492,3.100937610940603,1.6897205102792319,1.036072138423321
-1.166446554092426,-0.6731984257692414,11.595168848481446,4.350440225851496,5.861866782644485,2.3870880626712716,1.8382122083751535,0.7997124874187592
-1.0365321883776653,-0.6731984257692414,12.534520426665596,3.260045450841799,6.338078606511148,1.7953503365710581,1.9883581031371542,0.6026919004118036
-0.9210871889273549,-0.6731984257692414,13.477966797795185,2.372995568257712,6.816003496045144,1.3117936732185111,2.138928304851057,0.441248918940699
-0.8185000129460304,-0.6731984257692414,14.412088428458267,1.6698212832486943,7.289746801439955,0.9260233867233881,2.2875695462544066,0.3124731489544554
-0.7273386051246984,-0.6731984257692414,15.29742469110446,1.1419877559990905,7.737993945868643,0.6354567167913616,2.4286257991363205,0.21480666826931152
-0.6463304070095649,-0.6731984257692414,16.081080646263377,0.7732368655004933,8.135233171121012,0.4312624553391289,2.5528286957951996,0.14634475008755227
-0.5743445928509872,-0.6731984257692414,16.730549313538987,0.5301073751672203,8.463821063335393,0.2963482789620899,2.65566925144199,0.10088040636081591
-0.5103762839557767,-0.6731984257692414,17.249808835615305,0.37281892434912806,8.72658869817431,0.20875307457962,2.737819339869849,0.07129121346319188
-0.4535325211846986,-0.6731984257692414,17.663788992316057,0.26935128775047745,8.935142650571327,0.1512166960748839,2.8028007519450626,0.051855614388794546
-0.40301979977966995,-0.6731984257692414,17.99792643871992,0.1992265484791157,9.10410172179193,0.11197544918477881,2.856097716181547,0.03840426332996442
-0.35813299251433084,-0.6731984257692414,18.273202310635806,0.15003253500013236,9.243142917593982,0.08442597553526457,2.8992549326268766,0.029092233661846156
-0.3182455065418344,-0.6731984257692414,18.50440965235452,0.11448032892404805,9.359291983261755,0.06458415818819443,2.9355359047988268,0.02232354443266907
-0.2828005365353655,-0.6731984257692414,18.7015930880787,0.08819157340844372,9.458539574528471,0.04985312269399648,2.967166643189067,0.01719163498083535
-0.2513032920204875,-0.6731984257692414,18.871892016808722,0.06839623514486956,9.54477589761618,0.038677577096357774,2.994350365911588,0.013341095062350804
-0.22331409039755062,-0.6731984257692414,19.020375139441423,0.05328788108550394,9.620136118199365,0.030122912207728017,3.017597714777367,0.010450915725394175
-0.19844221923690444,-0.6731984257692414,19.15061792113489,0.0416533123772105,9.686080472207784,0.023547670113035865,3.0379223374304742,0.008223412427979289
-0.17634048216824733,-0.6731984257692414,19.265273078131376,0.03264132933634308,9.743925504017003,0.018468946539189363,3.0560663980858886,0.006467480863636172
-0.15670035222800524,-0.6731984257692414,19.366459266983895,0.025630625059466918,9.794874638128391,0.014521801143642092,3.0723319911982667,0.005077538049705472
-0.13924766500838334,-0.6731984257692414,19.45594643897064,0.02015727553073379,9.839941269673025,0.011436254437379074,3.0868236795996955,0.003984251286982241
-0.12373879148704055,-0.6731984257692414,19.535232143247416,0.015871275022396904,9.87993185371668,0.009013972320923125,3.0996464645459416,0.003129749909991247
-0.10995723711238882,-0.6731984257692414,19.60558392151333,0.012506925682431353,9.915483080356951,0.00710757046610256,3.1109564105997944,0.0024632667350803056
-0.09771061966979347,-0.6731984257692414,19.668076530419672,0.00986124892650221,9.947111704894096,0.005605328033360083,3.120936464876175,0.0019425212271885297
-0.0868279837415025,-0.6731984257692414,19.723627451141333,0.007778079281222297,9.975253874650916,0.0044209979537439045,3.1297641214163416,0.0015341950657892036
-0.07715741427178036,-0.6731984257692414,19.773027783067786,0.006136433550578681,10.000289647724879,0.00348718004409571,3.1375940954323664,0.0012128512872300811
-0.06856391592404971,-0.6731984257692414,19.816966731229222,0.004842032821321431,10.022556441538294,0.0027508661385976,3.1445548207976954,0.0009592454912138966
-0.06092752862714207,-0.6731984257692414,19.856049927287852,0.0038210814186106137,10.042356158877775,0.0021702639808139396,3.150751861894934,0.0007587402055074294
-0.0541416530048151,-0.6731984257692414,19.890812868293082,0.003015639461448767,10.059959326630977,0.0017124090874314503,3.1562730993851957,0.0006000741849974666
-0.04811156231253989,-0.6731984257692414,19.92173090306946,0.0023801263331876526,10.075608046775171,0.0013513082639873596,3.1611932949458326,0.00047448223251733544
-0.04275308010908995,-0.6731984257692414,19.949226921340937,0.0018786412105906381,10.089518545808412,0.0010664743237218258,3.1655773990433063,0.00037508007502241723
-0.0379914052040221,-0.6731984257692414,19.973677541648893,0.0014828874579858617,10.101883584283948,0.0008417646427306846,3.169482734518806,0.00029642921879732137
-0.03376006747802295,-0.6731984257692414,19.995418296939683,0.001170552882737867,10.112874767802873,0.0006644611817599505,3.1729603907246644,0.000234219928175159
-0.03,-0.6731984257692414,20.01474811330229,0.0009240398546924715,10.122644732738186,0.0005245433593976004,3.176056130829345,0.00018503270394577218
0.03,-0.6731984257692414,20.324626177247996,0.0009206445870781823,10.279392581504961,0.0005255131411647133,3.225780359809552,0.00018417472084049572
0.03376006747802295,-0.6731984257692414,20.344160602130014,0.0011658578214280876,10.289304657906982,0.0006658466690401994,3.228906889754708,0.00023317068436391313
0.0379914052040221,-0.6731984257692414,20.366166600690796,0.0014764485218699348,10.30047600654664,0.0008437443123222737,3.232429012988851,0.0002952325446794987
0.04275308010908995,-0.6731984257692414,20.39096249204021,0.0018699040898187962,10.313069450620302,0.001069302692839763,3.2363987253480566,0.0003738818192581222
0.04811156231253989,-0.6731984257692414,20.418909879001387,0.002368432219374372,10.327269460852195,0.0013553468597507013,3.2408759156153417,0.0004736207379585631
0.0541416530048151,-0.6731984257692414,20.450420401300658,0.0030002629687730627,10.343284974909434,0.0017181677736815744,3.245929945203373,0.0006002253455962397
0.06092752862714207,-0.6731984257692414,20.485963735364052,0.0038013241206381054,10.3613524156511,0.0021784529374633665,3.2516414760535457,0.0007611317954543474
0.06856391592404971,-0.6731984257692414,20.52607695423544,0.004817398740657732,10.381738813463148,0.002762453856041033,3.2581043261611944,0.0009659375537970616
0.07715741427178036,-0.6731984257692414,20.571375148423524,0.0061068979294418195,10.404744928056541,0.0035034403774889165,3.2654267876992358,0.0012270272132316633
0.0868279837415025,-0.6731984257692414,20.622562735823266,0.007744397506763741,10.430708371429457,0.0044435021988164305,3.273731302738812,0.0015602953892426775
0.09771061966979347,-0.6731984257692414,20.68044403004247,0.009825076147795124,10.460007135796786,0.005635784299814796,3.283150817609086,0.0019858630023846155
0.10995723711238882,-0.6731984257692414,20.745930404111814,0.012470125822155169,10.493064922971339,0.007147317570944244,3.2938202273605444,0.0025285820499551877
0.12373879148704055,-0.6731984257692414,20.82004035738096,0.01583306517221581,10.530361559455363,0.009062791140854735,3.305863832852421,0.0032181201186481483
0.13924766500838334,-0.6731984257692414,20.90389001163412,0.020106747505847903,10.572454376230505,0.011489991052165752,3.319387580894776,0.004088883307672537
0.15670035222800524,-0.6731984257692414,20.99867980695102,0.02553109844582557,10.620017730267902,0.01456819544901012,3.3344996170454473,0.005181632254094976
0.17634048216824733,-0.6731984257692414,21.10570590427975,0.03240327705203154,10.673901875398235,0.018481143650199643,3.3513951078761353,0.006551525217912371
0.19844221923690444,-0.6731984257692414,21.22646494283469,0.04109672120085308,10.735188900003479,0.023474874401954924,3.3705138296891017,0.00828834169507099
0.22331409039755062,-0.6731984257692414,21.36295070882247,0.05210360258475788,10.805179340137634,0.02987546458936562,3.392647501057756,0.010543597189744389
0.2513032920204875,-0.6731984257692414,21.51815505573921,0.0661175711426073,10.885222281249895,0.03809349086077246,3.418664065377213,0.013525363089434451
0.2828005365353655,-0.6731984257692414,21.696402230259444,0.08414073965606503,10.976447400325796,0.04860806472472996,3.448652976126143,0.017398935721195496
0.3182455065418344,-0.6731984257692414,21.902537024161877,0.10749861275953757,11.079899918655034,0.061983699011900616,3.4815556581802185,0.02217702604215437
0.35813299251433084,-0.6731984257692414,22.139402589279833,0.13758601672166762,11.19779818141947,0.07906701131007508,3.517626435681596,0.028037573797648985
0.40301979977966995,-0.6731984257692414,22.40687565883678,0.17561734225049128,11.334844422744366,0.10132690327047904,3.5614809353742682,0.03601997225383418
0.4535325211846986,-0.6731984257692414,22.70976518490218,0.22371221542308617,11.49511695225359,0.13054184465122687,3.615147663322678,0.04703480743844586
0.5103762839557767,-0.6731984257692414,23.067709785995433,0.2871810121432292,11.676140654580378,0.16753123709383574,3.6710800209475587,0.059931224408760295
0.5743445928509872,-0.6731984257692414,23.492019278785648,0.3713278618220719,11.879734536787252,0.21400640543127378,3.7365753875359546,0.07680907393867525
0.6463304070095649,-0.6731984257692414,23.960334308194817,0.4748788812720094,12.125811466392225,0.27677821047086615,3.8187698500262686,0.10059849017323465
0.7273386051246984,-0.6731984257692414,24.509489239378492,0.6097839167295236,12.410213148610413,0.357891351070102,3.9038951949111533,0.1281657078958679
0.8185000129460304,-0.6731984257692414,25.18918758334643,0.7956046740877657,12.739857394364106,0.4627634465099768,4.021119402938903,0.17075801385478256
0.9210871889273549,-0.6731984257692414,25.918674609574886,1.0165169117716197,13.140986758098867,0.6050908079333291,4.136240850507353,0.2175175366001565
1.0365321883776653,-0.6731984257692414,26.870293916187364,1.335180013295245,13.579159445156737,0.7776842861744387,4.296805274909442,0.29035224388349623
1.166446554092426,-0.6731984257692414,27.87654575988527,1.7059388465936363,14.15861108440839,1.0310267956967405,4.469820083686869,0.37803548073145343
1.3126438125222553,-0.6731984257692414,29.24485112977853,2.2590520752401035,14.792206245129309,1.3375675045603939,4.679072613048707,0.49574238236927337
1.4771647895120215,-0.6731984257692414,30.687060925294958,2.8945927002978893,15.561681325117549,1.7465897611655374,4.945752239329351,0.662437599250757
1.6623060990028473,-0.6731984257692414,32.5834146642916,3.7982534384175413,16.567726159001328,2.333965513698137,5.2489578886725035,0.8721288495555749
1.8706522023821734,-0.6731984257692414,34.92160003280116,4.996580417356519,17.631820560513297,3.010029013778782,5.607293727784259,1.1440950555527647
2.1051114860111477,-0.6731984257692414,37.513311387237245,6.405219835245109,19.036704821732673,3.972871954789011,6.056990544414445,1.5171030699916268
2.368956860549917,-0.6731984257692414,40.87636315062782,8.316745439719252,20.7514969693647,5.232596850997607,6.617869467971544,2.0235813331769132
2.6658714488230206,-0.6731984257692414,45.06592362876984,10.768166080189046,22.812586869918185,6.835986182335061,7.360756959932841,2.7509824744225013
3.0,-0.6731984257692414,49.99001687679662,13.670299445941843,25.403151537173223,8.941254374711779,8.236741746066354,3.672568466195847
-3.0,-0.6233318757122605,14.517051007673428,1.600575145019976,7.337269702555025,0.8919616209242709,2.293990824473178,0.3075319220486323
-2.6658714488230206,-0.6233318757122605,15.053808581506793,1.2748496929249682,7.610120788185904,0.7115238515698592,2.381057878895065,0.24525917271329223
-2.368956860549917,-0.6233318757122605,15.559407679079467,1.0090053106955268,7.866675418792006,0.5641157790067278,2.4630161561343304,0.19428684110867353
-2.1051114860111477,-0.6233318757122605,16.029404909158345,0.7949277405299491,8.104771275985698,0.4452773929644673,2.5390645027131944,0.15317810704899057
-1.8706522023821734,-0.6233318757122605,16.461960131920783,0.624166309105401,8.324248210719547,0.3500885500923066,2.608963312513108,0.1203284112434116
-1.6623060990028473,-0.6233318757122605,16.859217434692066,0.4881722198443025,8.525720871145273,0.27414420097159303,2.6730010304504286,0.09415580240383423
-1.4771647895120215,-0.6233318757122605,17.223295446266846,0.3800934061916275,8.710246780240778,0.21370036964234726,2.7316112690337824,0.07332800089562293
-1.3126438125222553,-0.6233318757122605,17.557226446180195,0.29419517721907174,8.879388095369807,0.16559544477923074,2.7852331840202056,0.05677527257790379
-1.166446554092426,-0.6233318757122605,17.864766387985206,0.2257789775798689,9.035114555237556,0.1272210184994149,2.8345419258475415,0.04358079855618001
-1.0365321883776653,-0.6233318757122605,18.150301067104355,0.17105921696093734,9.179679695776299,0.0964797771326355,2.880218931020209,0.0330285686330807
-0.9210871889273549,-0.6233318757122605,18.41825363602408,0.12712438690615582,9.315348692360667,0.07175721576380277,2.922997300052625,0.02455506800467515
-0.8185000129460304,-0.6233318757122605,18.671440777377097,0.091975339709896,9.44354884073257,0.051948866975500003,2.9633424553956313,0.017774580793248354
-0.7273386051246984,-0.6233318757122605,18.908027741703055,0.06453653718308756,9.563374853351027,0.036462125650960436,3.000953176049929,0.012482752279169005
-0.6463304070095649,-0.6233318757122605,19.119900918178306,0.04426247911070357,9.670650718852654,0.025010735976624357,3.0345687541897606,0.008571893847686406
-0.5743445928509872,-0.6233318757122605,19.298153081524717,0.030266916681386823,9.760859210121147,0.017102696216713405,3.062785727801297,0.0058723034044633575
-0.5103762839557767,-0.6233318757122605,19.440823293974795,0.021034718323521846,9.832981163760559,0.011888080280456811,3.0853271996926894,0.00409086151222998
-0.4535325211846986,-0.6233318757122605,19.55289505095726,0.014987981204527939,9.889586650414246,0.008473336429160086,3.1030178522936516,0.0029225576066849368
-0.40301979977966995,-0.6233318757122605,19.641568932926095,0.010944257594604236,9.934327919410066,0.006190627221442673,3.116997804804561,0.002140519754242608
-0.35813299251433084,-0.6233318757122605,19.713082870338443,0.008154151189237043,9.970392658692257,0.004615370985774815,3.1282861668290356,0.0015991504949388559
-0.3182455065418344,-0.6233318757122605,19.771986368304166,0.006169001980170609,10.000100454881022,0.0034938155777301644,3.137592724311059,0.0012129042102031653
-0.2828005365353655,-0.6233318757122605,19.821410881987795,0.004719766448055499,10.02502610277999,0.0026746442549290647,3.1454025054363353,0.0009304153980170363
-0.2513032920204875,-0.6233318757122605,19.863494619591147,0.0036404746734091773,10.046246314428245,0.0020643637527450846,3.1520642848259786,0.0007193221499917674
-0.22331409039755062,-0.6233318757122605,19.899727018858442,0.0028246169633139623,10.06451840962103,0.0016027521486494663,3.1578151480374363,0.0005591123714173453
-0.19844221923690444,-0.6233318757122605,19.93117955765279,0.0022010471630272807,10.080386994997015,0.0012496222164703672,3.1628157883051764,0.0004363232323750706
-0.17634048216824733,-0.6233318757122605,19.958649054349806,0.0017205496391722549,10.094253283225946,0.0009772676786731617,3.1671856769046545,0.0003415626153181917
-0.15670035222800524,-0.6233318757122605,19.982746711389368,0.0013480764873407922,10.106422622306587,0.0007659868182765612,3.1710204467778675,0.0002680137466559813
-0.13924766500838334,-0.6233318757122605,20.003954951641305,0.0010580702976914096,10.117135729752832,0.000601394641057767,3.1743977674714507,0.00021065758144542046
-0.12373879148704055,-0.6233318757122605,20.022664393498804,0.0008315386109632041,10.126588180909152,0.0004727747886016139,3.1773804670863814,0.00016576832575002778
-0.10995723711238882,-0.6233318757122605,20.039198181715886,0.0006541598012708432,10.134942453832235,0.0003720285543073567,3.180019696127302,0.0001305486295114107
-0.09771061966979347,-0.6233318757122605,20.05382823742919,0.0005150147302740582,10.142335660144111,0.00029297270983828056,3.182357877355395,0.00010287010890974117
-0.0868279837415025,-0.6233318757122605,20.06678637617899,0.0004057098034286269,10.148884820343543,0.00023085089198050034,3.1844309616866635,8.109433778697289e-05
-0.07715741427178036,-0.6233318757122605,20.07827216346597,0.0003197532581055181,10.154690673330695,0.00018198327849154163,3.186269949903165,6.394946607804693e-05
-0.06856391592404971,-0.6233318757122605,20.08845866457499,0.0002521011240426266,10.159840539218232,0.00014351012134277,3.1879018770198955,5.044299437187985e-05
-0.06092752862714207,-0.6233318757122605,20.097496796830615,0.00019882062376382593,10.164410526846696,0.00011320112524167086,3.189350470046857,3.9797990391065706e-05
-0.0541416530048151,-0.6233318757122605,20.10551872156856,0.0001568371312311352,10.168467267937876,8.931207927741523e-05,3.190636623354728,3.140511029810622e-05
-0.04811156231253989,-0.6233318757122605,20.11264055259841,0.0001237419100834808,10.172069301652156,7.047597607419801e-05,3.191778771495253,2.4785839722750133e-05
-0.04275308010908995,-0.6233318757122605,20.118964562313945,9.76448313555774e-05,10.17526819752522,5.5619653194813075e-05,3.1927931986889244,1.9564041821327777e-05
-0.0379914052040221,-0.6233318757122605,20.12458100822638,7.706082803422925e-05,10.178109480230741,4.389955027575526e-05,3.193694303448473,1.5443818469650945e-05
-0.03376006747802295,-0.6233318757122605,20.12956966578898,6.082192169621702e-05,10.18063340205477,3.465193341021763e-05,3.19449482764337,1.2192234650501854e-05
-0.03,-0.6233318757122605,20.134001129199046,4.800879449329172e-05,10.18287559634183,2.7354165524771193e-05,3.1952060556501287,9.625813149192554e-06
0.03,-0.6233318757122605,20.204634512422487,4.783470146280552e-05,10.21862990497089,2.7281122065956384e-05,3.206562017550189,9.630719378664406e-06
0.03376006747802295,-0.6233318757122605,20.20906241258029,6.057228687361636e-05,10.220871927065827,3.454722013039585e-05,3.2072753034769916,1.2198463556830241e-05
0.0379914052040221,-0.6233318757122605,20.21404627122825,7.670232448758018e-05,10.223395526925106,4.374920857857603e-05,3.20807832459731,1.5451363675338737e-05
0.04275308010908995,-0.6233318757122605,20.219656186591443,9.71290136770898e-05,10.226236235961137,5.540339455243772e-05,3.2089824264406506,1.957249113576587e-05
0.04811156231253989,-0.6233318757122605,20.225971211241166,0.00012299805324527565,10.229434140562809,7.016417560817556e-05,3.2100004039080634,2.479394150100351e-05
0.0541416530048151,-0.6233318757122605,20.233080540707228,0.0001557614710604572,10.233034496825987,8.886124089482854e-05,3.2111466913822855,3.141001469734596e-05
0.06092752862714207,-0.6233318757122605,20.241084877732515,0.0001972600641133089,10.237088441313965,0.00011254697026327004,3.212437581935168,3.97939827752373e-05
0.06856391592404971,-0.6233318757122605,20.250098006436293,0.0002498283688692655,10.241653817507453,0.0001425569347868416,3.2138914848540487,5.041947996830156e-05
0.07715741427178036,-0.6233318757122605,20.260248621996826,0.0003164285560979487,10.246796141981191,0.0001805872819826615,3.2155292369141906,6.388791946514545e-05
0.0868279837415025,-0.6233318757122605,20.271682478583543,0.0004008216372118732,10.252589738192263,0.0002287939442548396,3.2173744920508964,8.096389753126622e-05
0.09771061966979347,-0.6233318757122605,20.284564943393622,0.0005077871117463657,10.259119066871655,0.0002899200991590812,3.2194542240992785,0.00010262136686767138
0.10995723711238882,-0.6233318757122605,20.29908407810267,0.0006434060024094049,10.266480276672795,0.0003674601726199969,3.221799378407615,0.00013010445018086215
0.12373879148704055,-0.6233318757122605,20.31545440336641,0.0008154274945100031,10.274782983303803,0.00046587089940007336,3.2244456762592324,0.000165007809543689
0.13924766500838334,-0.6233318757122605,20.333921509628368,0.001033746328712409,10.284152263319157,0.0005908425353930405,3.2274344716491767,0.00020938143553842045
0.15670035222800524,-0.6233318757122605,20.35476759387947,0.0013110260999220137,10.294730848869943,0.0007496466241394137,3.2308133635654293,0.0002658616569820234
0.17634048216824733,-0.6233318757122605,20.378317728144577,0.0016635102649049278,10.306681615049962,0.0009515826156881311,3.2346361097357192,0.0003378235882929582
0.19844221923690444,-0.6233318757122605,20.404946170161864,0.0021120636762659846,10.32019080124749,0.001208559396024318,3.2389617872994543,0.0004295499133856565
0.22331409039755062,-0.6233318757122605,20.435081702988843,0.002683483476574036,10.33547303658525,0.0015358778489718249,3.2438549649184294,0.000546450999475837
0.2513032920204875,-0.6233318757122605,20.469212289397728,0.003412139860156832,10.352779533011736,0.001953324893044305,3.249391480730781,0.0006954899638894514
0.2828005365353655,-0.6233318757122605,20.507894652199386,0.004342154805776516,10.372408826629067,0.0024866942165603697,3.255672425361612,0.0008860449801089846
0.3182455065418344,-0.6233318757122605,20.551782575839294,0.005530712838304723,10.394713528323578,0.003169689870919331,3.2628317928671797,0.0011309788780368684
0.35813299251433084,-0.6233318757122605,20.60168169853581,0.0070533740355456336,10.42009395335718,0.004045917911178964,3.271006602427168,0.0014466088998588745
0.40301979977966995,-0.6233318757122605,20.658586972278293,0.00901090946073966,10.448994037696659,0.0051713207261246934,3.2803010752617845,0.0018517976907617183
0.4535325211846986,-0.6233318757122605,20.723607591245212,0.011533929729823365,10.481959653286118,0.006619949121748696,3.290885961214787,0.002372922811174143
0.5103762839557767,-0.6233318757122605,20.797876950715807,0.014786412478495499,10.519736186602689,0.008494500978199338,3.3030961355849753,0.003052471463030084
0.5743445928509872,-0.6233318757122605,20.882909156098645,0.01899096697223436,10.563147961749252,0.01092924537944227,3.317115944881449,0.003935520531558314
0.6463304070095649,-0.6233318757122605,20.980979634481223,0.024470733102747916,10.61295237355895,0.01408855957357273,3.333191351448623,0.005082064419497275
0.7273386051246984,-0.6233318757122605,21.093988979416853,0.03161258049014734,10.670427727301968,0.01821531775903317,3.3519078686134787,0.006595529356029105
0.8185000129460304,-0.6233318757122605,21.22417644947141,0.040922798699808076,10.736960400651812,0.023627742352663954,3.3733869353720842,0.008566336133742978
0.9210871889273549,-0.6233318757122605,21.376030553373532,0.05322351499035731,10.814009454668406,0.030735292418085664,3.398659987410799,0.011201106894121658
1.0365321883776653,-0.6233318757122605,21.551632943041174,0.06934658724237958,10.904183891273979,0.04017898927039408,3.42786109591353,0.014663971500019586
1.166446554092426,-0.6233318757122605,21.758249469684745,0.09086840326422443,11.008887958826003,0.052637787893170744,3.462285961653954,0.019312245802452496
1.3126438125222553,-0.6233318757122605,21.998643069426556,0.11929278778200138,11.132500744969873,0.06936599165673836,3.5027316830242974,0.025539523500924158
1.4771647895120215,-0.6233318757122605,22.28434405702084,0.15766910038179505,11.278136068228646,0.09180710489174347,3.5503282224347132,0.03390197972640458
1.6623060990028473,-0.6233318757122605,22.62093849615763,0.20906499945994045,11.449699058306543,0.1219206155015112,3.6071079772808234,0.045298872143998976
1.8706522023821734,-0.6233318757122605,23.020895326490162,0.27848172844338126,11.65549045859459,0.1631023971370915,3.675039679695351,0.06089781054818102
2.1051114860111477,-0.6233318757122605,23.501106690047944,0.3732324622807769,11.900250663030105,0.2189680732358123,3.7561539458419673,0.08221649403243324
2.368956860549917,-0.6233318757122605,24.074580855232302,0.5017735250778118,12.194314830372699,0.2954937293878089,3.853504164061027,0.11149472856196632
2.6658714488230206,-0.6233318757122605,24.765695203052683,0.6774562348654897,12.549779375101316,0.4009092797998992,3.9708893144233617,0.1518685477719345
3.0,-0.6233318757122605,25.60618935197436,0.9192792002002212,12.9799524291482,0.5460833852942582,4.113195145710611,0.20778007306201451
-3.0,-0.5734653256552796,43.4727941614501,9.830753757412278,22.015778374382272,6.206680704575275,6.91915155949124,2.3116162826709985
-2.6658714488230206,-0.5734653256552796,39.97780970799271,7.799171017714947,20.270183906725443,4.871070781984162,6.362647172712687,1.7879761689431604
-2.368956860549917,-0.5734653256552796,37.176893419846934,6.218560427916125,18.832571508844488,3.828641876329635,5.9141001115287075,1.3950914805373271
-2.1051114860111477,-0.5734653256552796,34.832020163628904,4.949245809148886,17.626521069457823,3.006538792180641,5.540334529104305,1.091450943465802
-1.8706522023821734,-0.5734653256552796,32.78693296919422,3.8991951353669254,16.585883147150934,2.345057738223835,5.215921511282915,0.8483208322601943
-1.6623060990028473,-0.5734653256552796,31.063815233500932,3.068429486646934,15.7170813480839,1.8336417282314132,4.933894841856732,0.6546564542288654
-1.4771647895120215,-0.5734653256552796,29.576051308064745,2.400551190664168,14.965614933496203,1.4263985473094616,4.696993792703111,0.5063793145707869
-1.3126438125222553,-0.5734653256552796,28.29479992377428,1.8693559866095257,14.314986137673236,1.1039454595564346,4.491919311214823,0.3898828463809935
-1.166446554092426,-0.5734653256552796,27.18110195864796,1.4461720078967046,13.750113550947782,0.8495676671799786,4.315036051209298,0.2991551808091047
-1.0365321883776653,-0.5734653256552796,26.201493020031116,1.107760436889637,13.253566191571297,0.6477842241499762,4.158903053361015,0.22727253105602402
-0.9210871889273549,-0.5734653256552796,25.32944996044407,0.8364090787169646,12.812176993170329,0.4872611414555504,4.019987896674545,0.17032217275258502
-0.8185000129460304,-0.5734653256552796,24.5406809951247,0.617865350573112,12.412104006672655,0.35846029447778643,3.894782384847156,0.1250762555490458
-0.7273386051246984,-0.5734653256552796,23.823680166803324,0.4435395487291595,12.049803309809105,0.2566376624331569,3.780131076057549,0.08906114534736088
-0.6463304070095649,-0.5734653256552796,23.18235223506446,0.3089811976708159,11.72394813969864,0.17798810000635762,3.678602361759425,0.06177347457619004
-0.5743445928509872,-0.5734653256552796,22.634682632941818,0.21130217646729263,11.447182300002941,0.12145073953875106,3.5917376480156107,0.04206378740079232
-0.5103762839557767,-0.5734653256552796,22.193617547586143,0.14495116131624147,11.223482231889427,0.08304410971682763,3.5217977952963477,0.02875668805085536
-0.4535325211846986,-0.5734653256552796,21.849063242509946,0.10118368509446221,11.049638719048009,0.057913357242694856,3.467583835192563,0.02008121476777982
-0.40301979977966995,-0.5734653256552796,21.581845316009524,0.07232288231898235,10.914432584610008,0.04132814168225883,3.424864202203032,0.014288132824548657
-0.35813299251433084,-0.5734653256552796,21.371772702685817,0.052857710239825384,10.808130243345515,0.030161509958965327,3.391946186073815,0.01046814646569592
-0.3182455065418344,-0.5734653256552796,21.202995517319287,0.03932982864384696,10.723373879707257,0.02246752746430953,3.3655182263806864,0.007815519050490128
-0.2828005365353655,-0.5734653256552796,21.064630382806726,0.02967266513748173,10.65378511534298,0.016967723761284925,3.343177464447459,0.005865792481490399
-0.2513032920204875,-0.5734653256552796,20.949124119159972,0.022617181350050305,10.59518139083226,0.01291663087500959,3.3246719832984613,0.004456687121256443
-0.22331409039755062,-0.5734653256552796,20.85125660393016,0.0173662097282303,10.545337155819603,0.009894199949876543,3.309481483290813,0.0034410856460985895
-0.19844221923690444,-0.5734653256552796,20.767475754710716,0.013407493110002992,10.502824375109158,0.007627088385799054,3.296566581144057,0.002678661009326119
-0.17634048216824733,-0.5734653256552796,20.695265034362844,0.010396744271710723,10.466403095694277,0.005914513288727569,3.2851843143979145,0.0020843408451125547
-0.15670035222800524,-0.5734653256552796,20.632706514840535,0.008091515474086968,10.434965131861512,0.004608090987521047,3.275065426652228,0.0016175040954467253
-0.13924766500838334,-0.5734653256552796,20.578264401148957,0.006316166556381451,10.407606772899666,0.003601671018478238,3.266151937432473,0.0012545569856023586
-0.12373879148704055,-0.5734653256552796,20.53069038646631,0.004941848603520231,10.383642248291098,0.0028204686305205538,3.2583842560736636,0.000975352339395602
-0.10995723711238882,-0.5734653256552796,20.48897011440695,0.003873365137689257,10.362561008967814,0.0022111666289645914,3.2516469664163172,0.000761295552623423
-0.09771061966979347,-0.5734653256552796,20.452278659888908,0.0030398260158064827,10.343972516559639,0.0017346955234723196,3.245794412974226,0.0005966366725236442
-0.0868279837415025,-0.5734653256552796,20.419940066196386,0.0023879214714965964,10.32756307897185,0.001361615465764543,3.240684665561172,0.00046912147981055904
-0.07715741427178036,-0.5734653256552796,20.39139317817935,0.0018771444602066196,10.31306908535231,0.0010692957668158544,3.236197436390128,0.0003696722505971866
-0.06856391592404971,-0.5734653256552796,20.366165162050994,0.0014764270294903275,10.30026243950769,0.0008401475857644426,3.232237443853442,0.0002916701597675335
-0.06092752862714207,-0.5734653256552796,20.34385214886526,0.0011617627834101315,10.288942990791238,0.0006604365748128882,3.2287306306954933,0.00023025592032918996
-0.0541416530048151,-0.5734653256552796,20.32410544646634,0.0009145010579313319,10.278934327868468,0.0005194241002897831,3.2256186590711606,0.0001817968424251619
-0.04811156231253989,-0.5734653256552796,20.30662167674254,0.0007200981795687223,10.270080969040945,0.0004087138796430657,3.2228541640769377,0.00014352239272774254
-0.04275308010908995,-0.5734653256552796,20.291135525339115,0.000567185092489525,10.26224607595577,0.00032174260540129905,3.220397392472903,0.00011328457034642504
-0.0379914052040221,-0.5734653256552796,20.27741419541385,0.0004468598514781306,10.255309382364883,0.0002533798689453982,3.2182140565352912,8.939934281962584e-05
-0.03376006747802295,-0.5734653256552796,20.26525298767498,0.00035214442894556313,10.24916526853051,0.00019961409131868713,3.21627403272322,7.053794083056464e-05
-0.03,-0.5734653256552796,20.25447165581896,0.00027756442255932754,10.243720988628692,0.00015730669882429063,3.2145505768105944,5.5648764819750405e-05
0.03,-0.5734653256552796,20.085657258515337,0.0002699027406398063,10.158380070011944,0.00015395581191053956,3.1875053864010088,5.35769033203639e-05
0.03376006747802295,-0.5734653256552796,20.07525941519232,0.0003413070892991909,10.153094152678227,0.00019484039829257313,3.1858501597351974,6.76834423560006e-05
0.0379914052040221,-0.5734653256552796,20.063577565227963,0.00043155836799826014,10.147150474145613,0.0002465793738386896,3.1839908589002093,8.550011984667525e-05
0.04275308010908995,-0.5734653256552796,20.050453684755237,0.0005456278173146637,10.140467486180077,0.0003120546171585116,3.181901391398578,0.00010801399904853067
0.04811156231253989,-0.5734653256552796,20.035709678128455,0.0006898063140008181,10.132953798479344,0.00039491120348876215,3.1795515328330053,0.00013648818465415797
0.0541416530048151,-0.5734653256552796,20.019144403114176,0.0008720634686684904,10.124507292883925,0.0004997551360675377,3.176905967029223,0.0001725482647668246
0.06092752862714207,-0.5734653256552796,20.000530176140728,0.0011025093543443735,10.115014409414192,0.0006323967993532601,3.1739232054903614,0.0002182979808890889
0.06856391592404971,-0.5734653256552796,19.979608814157167,0.001393987973324969,10.104349778906364,0.0008001457331315698,3.1705546413254204,0.0002764692585808723
0.07715741427178036,-0.5734653256552796,19.95608752806882,0.001762834999547804,10.092376402333654,0.0010121599287641586,3.166744344266951,0.0003506029283672706
0.0868279837415025,-0.5734653256552796,19.929635509350394,0.0022298277728775885,10.078946487099397,0.0012798506586605338,3.1624307431795895,0.00044523304188006404
0.09771061966979347,-0.5734653256552796,19.899882965262734,0.0028213314249561096,10.063902668238276,0.001617348112475915,3.1575518971229926,0.00056600170196384
0.10995723711238882,-0.5734653256552796,19.8664256281897,0.003570583930608476,10.04707838330583,0.0020420605074621075,3.152055914742195,0.0007195701746692687
0.12373879148704055,-0.5734653256552796,19.82883878457935,0.004518952659897301,10.028294359616062,0.002575442796844005,3.1459155029245536,0.0009131843889365902
0.13924766500838334,-0.5734653256552796,19.786703580623097,0.00571687505724765,10.007345760861522,0.003244272007300776,3.13913780883976,0.0011540089827783728
0.15670035222800524,-0.5734653256552796,19.739640096272172,0.007224276878167169,9.983973601344564,0.004082993392496612,3.131746408372476,0.0014492211891007846
0.17634048216824733,-0.5734653256552796,19.687319458963135,0.009111114323827585,9.957820478460413,0.005137810874150412,3.123701140268816,0.0018093761706914205
0.19844221923690444,-0.5734653256552796,19.629389324036662,0.01146122474480922,9.928394186419895,0.006472378982978029,3.1147504939776325,0.0022578802407379577
0.22331409039755062,-0.5734653256552796,19.56522216987255,0.01438689038433991,9.895105040214656,0.008172008416218483,3.10434052764402,0.002843250554652941
0.2513032920204875,-0.5734653256552796,19.493486994167956,0.01806229887629186,9.857458919162879,0.010338822055263246,3.0919004425375833,0.0036333214012692393
0.2828005365353655,-0.5734653256552796,19.411916998295293,0.02276555545774296,9.815341215716806,0.01307356460682553,3.077671364807232,0.004658895859869513
0.3182455065418344,-0.5734653256552796,19.318200577867284,0.02886479517652785,9.768908189692743,0.01647230040746932,3.0630318634360894,0.0058510636986120745
0.35813299251433084,-0.5734653256552796,19.212449093196632,0.036651430020956964,9.717437824019036,0.020715222314312536,3.0481515796712415,0.007206663290928324
0.40301979977966995,-0.5734653256552796,19.09806895562135,0.04616733964126389,9.658225832954711,0.026222266002704178,3.029260644158097,0.009138831690213794
0.4535325211846986,-0.5734653256552796,18.974480031920848,0.05774633376437918,9.589630100336441,0.033451143679381644,3.0052471822464697,0.01194054123487276
0.5103762839557767,-0.5734653256552796,18.82869545536918,0.07316574121189878,9.516414527816515,0.04218837043964864,2.9837672998056415,0.014779341384786754
0.5743445928509872,-0.5734653256552796,18.656941209959896,0.09382502549326113,9.439785814443175,0.05248212555065817,2.9591435345339576,0.01842646643096195
0.6463304070095649,-0.5734653256552796,18.48599181831051,0.11712356130794073,9.345939059728959,0.06672119552982568,2.926451271669775,0.023929076314445793
0.7273386051246984,-0.5734653256552796,18.292366712407702,0.14688818359307546,9.243254217235494,0.08440559558114011,2.8989714755496148,0.029148887972245817
0.8185000129460304,-0.5734653256552796,18.04619877098996,0.1900491970711566,9.131374894837181,0.10623933140200395,2.85409522470238,0.03887024340780237
0.9210871889273549,-0.5734653256552796,17.826612488636474,0.23372482039165043,8.99593921784148,0.1363533664014057,2.822115708375426,0.04672695662659725
1.0365321883776653,-0.5734653256552796,17.513217343376677,0.3048130841806562,8.872375252358621,0.16745520598719832,2.767859917735094,0.061882624106623985
1.166446554092426,-0.5734653256552796,17.255182589068593,0.3713542118866746,8.691442283542173,0.21947371853221628,2.72061586335051,0.07701408518036433
1.3126438125222553,-0.5734653256552796,16.850919427472174,0.49081674764096583,8.531585356072897,0.27209155130597357,2.6663467100776974,0.09670658700826049
1.4771647895120215,-0.5734653256552796,16.537532756777942,0.5967959654429917,8.34849132204141,0.34038317210704294,2.5960702170866212,0.12604469012062516
1.6623060990028473,-0.5734653256552796,16.093281284114894,0.768167665322302,8.09793814752334,0.44845746294200883,2.530796731210908,0.15737051795341808
1.8706522023821734,-0.5734653256552796,15.585782508445712,0.996170772722608,7.91671699813,0.5377438309428104,2.465311348836477,0.19296101677820404
2.1051114860111477,-0.5734653256552796,15.178529119111818,1.205701211781576,7.660737358259349,0.680785207907538,2.3873052165024555,0.241119665923258
2.368956860549917,-0.5734653256552796,14.646818994612081,1.5175272747954778,7.3911578673023755,0.8543032739905898,2.299071156276456,0.30365731487356445
2.6658714488230206,-0.5734653256552796,14.068419890538587,1.9099190171445075,7.132079572787226,1.0448944866431464,2.183524790825231,0.3996154166096072
3.0,-0.5734653256552796,13.58517235828289,2.2839527783688722,6.851128677875218,1.280163707668281,2.0834049713863125,0.496910339283454
-3.0,-0.5235987755982987,93.47875648960769,34.534300893607494,47.36375075427024,26.575600141869405,14.909193137241694,11.69018703484176
-2.6658714488230206,-0.5235987755982987,81.29377014208946,29.797420101844356,41.25238481947264,21.99948304049371,12.96409728741406,9.265492695154087
-2.368956860549917,-0.5235987755982987,71.62727514113894,25.408838294589835,36.3062192024069,18.044672498613885,11.414584188705067,7.362441965062346
-2.1051114860111477,-0.5235987755982987,63.69882495197024,21.385514679044235,32.24435369001972,14.67601420205775,10.148300824722467,5.845557991902765
-1.8706522023821734,-0.5235987755982987,56.9897538969169,17.708853607021236,28.83399429773,11.80789862084734,9.080844791489499,4.609818766928939
-1.6623060990028473,-0.5235987755982987,51.448392762052016,14.52393679903508,26.036674540116334,9.466030228089815,8.17854389022422,3.6095619203344196
-1.4771647895120215,-0.5235987755982987,46.78017292640567,11.779645948811492,23.67713290526501,7.529752193913921,7.434240896257658,2.8258898632292473
-1.3126438125222553,-0.5235987755982987,42.84997485664688,9.46564039885863,21.68267973704224,5.94690950844989,6.805345184827302,2.201620523444581
-1.166446554092426,-0.5235987755982987,39.51330965224133,7.533327466473351,19.99107371694178,4.664095255558959,6.274721521448003,1.7087403257852674
-1.0365321883776653,-0.5235987755982987,36.650676713881104,5.928675394544062,18.540580882121937,3.6247542821181904,5.818376671701944,1.3151212671609291
-0.9210871889273549,-0.5235987755982987,34.167574909772405,4.601441996883794,17.28395031406985,2.7834292623045176,5.422811481439749,1.0010303786900627
-0.8185000129460304,-0.5235987755982987,31.97902646227977,3.5027671707998005,16.174503686389727,2.0978607523137662,5.075313174962273,0.7495676800482038
-0.7273386051246984,-0.5235987755982987,30.02791804295286,2.597995701855856,15.188797704827948,1.5436567714441267,4.7635034384215915,0.54658745690855
-0.6463304070095649,-0.5235987755982987,28.289278779495522,1.867165150287125,14.305702781081822,1.099564977303121,4.4882254199821,0.3878926639609349
-0.5743445928509872,-0.5235987755982987,26.783580356009193,1.3048008147119676,13.54494713906704,0.7635971891646667,4.249415136174848,0.26796824098572636
-0.5103762839557767,-0.5235987755982987,25.550280795370394,0.9022880794751069,12.91959214170175,0.5246044698831591,4.05391198182388,0.18359305170374612
-0.4535325211846986,-0.5235987755982987,24.582059305849796,0.6286538020002559,12.430432528180486,0.3639950910283887,3.901171716010193,0.1272389630898207
-0.40301979977966995,-0.5235987755982987,23.836468448467897,0.44643360592878556,12.05343423747902,0.25758467875035507,3.7825027516518914,0.08975136985387873
-0.35813299251433084,-0.5235987755982987,23.258634054017858,0.32387399178830173,11.761122373020374,0.186314294267308,3.691699254063932,0.06504105142026322
-0.3182455065418344,-0.5235987755982987,22.801757584947683,0.23934872039609714,11.531294783381199,0.13760022548696316,3.6199738915197783,0.048091252901086956
-0.2828005365353655,-0.5235987755982987,22.43272330989816,0.1795156697488291,11.345551538440915,0.10317277444392461,3.5607143682112947,0.03587249070645836
-0.2513032920204875,-0.5235987755982987,22.128718786845905,0.1361554490555007,11.191546552806704,0.07811268990130099,3.512158323657476,0.02710782141711331
-0.22331409039755062,-0.5235987755982987,21.874122842312577,0.10412093564070848,11.062168030167289,0.05958290443828975,3.472457094407581,0.020801066205036887
-0.19844221923690444,-0.5235987755982987,21.6583070506173,0.08011765321486908,10.952787663907198,0.04576477951049952,3.438977631231529,0.016098602293406976
-0.17634048216824733,-0.5235987755982987,21.47379356300196,0.06195100254242807,10.859704332647956,0.03537042714279464,3.4098460002047495,0.01247498972880077
-0.15670035222800524,-0.5235987755982987,21.315006735540646,0.0480955703776564,10.779828368585727,0.027471854745912568,3.3842516912877008,0.009657445381941366
-0.13924766500838334,-0.5235987755982987,21.17760217955497,0.03745999118873282,10.710710148890291,0.021411434691255518,3.3618819350970024,0.007479788008149485
-0.12373879148704055,-0.5235987755982987,21.05812732434266,0.029250967818085206,10.65049515517902,0.01672616223488706,3.3424688599584598,0.005808383666043532
-0.10995723711238882,-0.5235987755982987,20.95381861411652,0.02288590022776156,10.597791414646336,0.01308565708433303,3.32566592244032,0.004527589799675409
-0.09771061966979347,-0.5235987755982987,20.862450021464717,0.017932716386762183,10.551527414233878,0.010248250175229498,3.3110903714355366,0.0035425884848345845
-0.0868279837415025,-0.5235987755982987,20.782210238045447,0.014067599289267634,10.51084431829598,0.008032744374421532,3.29838534344862,0.002780381939007086
-0.07715741427178036,-0.5235987755982987,20.71160546997172,0.01104532994699731,10.475027719965535,0.0063008014409086065,3.287251361392574,0.002186840633707869
-0.06856391592404971,-0.5235987755982987,20.649386064050425,0.008678497891776712,10.44346819116436,0.004945664210482712,3.277449785794468,0.0017222713059754844
-0.06092752862714207,-0.5235987755982987,20.594493019974667,0.006822814583215098,10.415638721090255,0.003884500984892454,3.2687928129784334,0.0013573597103799567
-0.0541416530048151,-0.5235987755982987,20.546019488865575,0.005366577287945845,10.391080824015981,0.003052889096352831,3.2611306697014832,0.0010701116615229821
-0.04811156231253989,-0.5235987755982987,20.50318281111405,0.004222967333811542,10.369394784805783,0.0024006696630154522,3.254340792336642,0.0008437424256875317
-0.04275308010908995,-0.5235987755982987,20.46530369902528,0.0033243179453401476,10.350231909345625,0.0018887628426891732,3.248320106425744,0.000665262982945788
-0.0379914052040221,-0.5235987755982987,20.431790227195343,0.0026177841336048695,10.33328790529143,0.0014866993955489289,3.2429799685154443,0.0005245244085653327
-0.03376006747802295,-0.5235987755982987,20.402125115206253,0.002062035319040697,10.318297076228243,0.0011707034970022102,3.238242963462214,0.00041355100593736124
-0.03,-0.5235987755982987,20.37585534644078,0.0016247095635667174,10.305027217393388,0.0009222043299038059,3.2340408563847696,0.0003260563097382392
0.03,-0.5235987755982987,19.96798248331503,0.0015708543500639665,10.09878901885308,0.0008954918604934948,3.168656661359233,0.0003122894826032104
0.03376006747802295,-0.5235987755982987,19.943074316427193,0.0019856596352145796,10.086134890877348,0.0011326327351178266,3.16468320214076,0.0003943995243410533
0.0379914052040221,-0.5235987755982987,19.91512175240539,0.0025095959564237543,10.071924032961629,0.001432437356038836,3.1602245391722747,0.0004980355444822679
0.04275308010908995,-0.5235987755982987,19.883759119192806,0.0031712780674603685,10.055968226387193,0.001811415490037084,3.1552204180526564,0.0006288767489378004
0.04811156231253989,-0.5235987755982987,19.848576966300435,0.0040068309562562585,10.038057717339072,0.002290397016063055,3.1496017390422084,0.0007941578351505482
0.0541416530048151,-0.5235987755982987,19.809116322896777,0.005061889970709836,10.017959530909547,0.0028956330717068487,3.1432886875218746,0.0010031367817074483
0.06092752862714207,-0.5235987755982987,19.7648621141657,0.006394152134990608,9.995416209188074,0.0036601479653506955,3.1361886633676357,0.0012677132351596168
0.06856391592404971,-0.5235987755982987,19.715235915976915,0.008076627676164988,9.97014534318193,0.004625373489797442,3.1281945257731527,0.0016032231306567204
0.07715741427178036,-0.5235987755982987,19.659588755962606,0.010201757007848004,9.941840321096123,0.0058430857261687775,3.119184360466625,0.0020293926698318177
0.0868279837415025,-0.5235987755982987,19.597195723756588,0.012886535130303283,9.910172541074425,0.007377653361691893,3.1090250263623664,0.002571322670337571
0.09771061966979347,-0.5235987755982987,19.527255957817783,0.016278666691900548,9.874794589412122,0.009308625378967227,3.0975827966714142,0.003260156106252985
0.10995723711238882,-0.5235987755982987,19.448904049210388,0.020563476824473008,9.835342019850362,0.011733813375873767,3.084744071998575,0.004132794908550944
0.12373879148704055,-0.5235987755982987,19.36124082469319,0.025970767307172432,9.791427880442534,0.014773414652952527,3.070444018964048,0.005230003320125554
0.13924766500838334,-0.5235987755982987,19.2633888006336,0.03278022317612796,9.74261957194824,0.018576569083783308,3.0546857206386018,0.006593451422061173
0.15670035222800524,-0.5235987755982987,19.154561318681257,0.04132434266172724,9.68838611283128,0.023332982521581884,3.037504887482311,0.008266382388216162
0.17634048216824733,-0.5235987755982987,19.034091347868927,0.051991887495611414,9.628016913436822,0.029292702292776626,3.0188146672402794,0.01030972723456098
0.19844221923690444,-0.5235987755982987,18.9012938960704,0.06524682375056741,9.560559073229834,0.03679312779294954,2.9981234021708567,0.01284695742562149
0.22331409039755062,-0.5235987755982987,18.75499240668427,0.08169750789400865,9.484900822537393,0.046278225078323194,2.9743686075016824,0.016121548364106446
0.2513032920204875,-0.5235987755982987,18.592722655903792,0.10225388183627374,9.400155438522606,0.05827386363223937,2.9464798740633396,0.020467776901387867
0.2828005365353655,-0.5235987755982987,18.410343118455188,0.12832105891672535,9.306211611160313,0.07329946721187539,2.9149657192905485,0.02604402272209021
0.3182455065418344,-0.5235987755982987,18.203808725963317,0.16172077417804043,9.203522456834348,0.09184949905036156,2.8824959869817093,0.03254358390305301
0.35813299251433084,-0.5235987755982987,17.973877178251637,0.20388728667707423,9.090940032326023,0.11480235234845723,2.8494212378027717,0.03996972097670077
0.40301979977966995,-0.5235987755982987,17.727641556689278,0.2550463908291725,8.963732459889954,0.14412189814357199,2.8087481475046565,0.05024531009721075
0.4535325211846986,-0.5235987755982987,17.464838716095905,0.31672865233185554,8.819421247947078,0.1818711504802981,2.7586622543910457,0.06468507517302008
0.5103762839557767,-0.5235987755982987,17.162798582549158,0.39699072246143885,8.667563003294761,0.2269299572007114,2.7135507943601844,0.07943593851706095
0.5743445928509872,-0.5235987755982987,16.816987429857036,0.5017163195143043,8.511115315059874,0.27929455700790146,2.6631470948266665,0.09794683656920267
0.6463304070095649,-0.5235987755982987,16.478427008938365,0.6181413407229163,8.326371057628968,0.3492323939722364,2.599095618572146,0.12468963935891098
0.7273386051246984,-0.5235987755982987,16.107900705248746,0.7621195632794934,8.13043530087577,0.43345238643144307,2.545661048014192,0.14988049380682686
0.8185000129460304,-0.5235987755982987,15.658921191853874,0.9611000815500778,7.924991765978468,0.5334557372994885,2.4639109545927806,0.19376931500525585
0.9210871889273549,-0.5235987755982987,15.274327454493099,1.1541984215547367,7.688898938933047,0.6640414242827625,2.407309955063879,0.22815104911227238
1.0365321883776653,-0.5235987755982987,14.759489398735752,1.447678732021538,7.486005940125126,0.7904671511400381,2.317613943140732,0.28977352035739096
1.166446554092426,-0.5235987755982987,14.37210599309122,1.6966932080169264,7.208890187759609,0.9858441516306573,2.245707327082824,0.3459079232467019
1.3126438125222553,-0.5235987755982987,13.807171324859274,2.1066668036848384,6.992322318175095,1.158059508971178,2.1709128246526554,0.4111193799393869
1.4771647895120215,-0.5235987755982987,13.452552723965285,2.394437908265082,6.7759032271077855,1.3485280774064805,2.0841103810520822,0.49617569545824974
1.6623060990028473,-0.5235987755982987,13.007097675164472,2.7917365002493595,6.516037601914948,1.6032970758506848,2.0212709589978517,0.5645027114401014
1.8706522023821734,-0.5235987755982987,12.623697703614448,3.1678067375056185,6.419340951309178,1.7058096329278647,1.9794689875952505,0.6132993768906206
2.1051114860111477,-0.5235987755982987,12.553504760280644,3.240254700628116,6.3223465705930115,1.8130504784089374,1.9519310044640048,0.646971588689045
2.368956860549917,-0.5235987755982987,12.601444403739464,3.190651589197157,6.34646480641389,1.7859638386973358,1.9561735129007507,0.6417032636142892
2.6658714488230206,-0.5235987755982987,12.98265614318699,2.8147437319975745,6.564075936498723,1.5539600264869138,2.0003379965138737,0.5885949238967081
3.0,-0.5235987755982987,13.935413456301845,2.0085116558521094,7.021231016039471,1.1340340376760616,2.149025891220577,0.43158737934935504
-3.0,-0.4737322255413179,164.23185122171097,50.023501286609566,83.22745813099945,45.2984304714984,26.215684772006753,25.362459262617207
-2.6658714488230206,-0.4737322255413179,138.76166644916873,46.140173001924076,70.43473978089305,40.14117422080487,22.147051131086027,20.614408500718866
-2.368956860549917,-0.4737322255413179,118.71897273532662,41.95528134581228,60.19036414193333,34.850031232602134,18.93387177249968,16.704799583109196
-2.1051114860111477,-0.4737322255413179,102.47621530839665,37.513850912644074,51.880408383244486,29.701842638265184,16.338428261892062,13.478169758953314
-1.8706522023821734,-0.4737322255413179,88.94693666931985,32.8718233378049,45.00601529329158,24.855247952862463,14.183997377626486,10.78371600836847
-1.6623060990028473,-0.4737322255413179,77.91260666768936,28.327599265237275,39.433630019589096,20.56830842682605,12.390956386636278,8.557237108672625
-1.4771647895120215,-0.4737322255413179,68.75275673712154,23.99330108331595,34.802747416612384,16.807573420390334,10.930138043898015,6.776927636811816
-1.3126438125222553,-0.4737322255413179,61.152117337991754,20.01686036374707,30.946635525202364,13.586222902177006,9.714255150516957,5.337367333018626
-1.166446554092426,-0.4737322255413179,54.798153437609805,16.462407065406545,27.725896950353846,10.876809774441334,8.703509917534982,4.185748836337653
-1.0365321883776653,-0.4737322255413179,49.43733939399242,13.34567725349366,25.009974474214204,8.617153013211182,7.848974858719649,3.257269217091163
-0.9210871889273549,-0.4737322255413179,44.87111223527948,10.653340496792264,22.69935375151061,6.74592385945555,7.121631343074683,2.5106856815714336
-0.8185000129460304,-0.4737322255413179,40.92427954008264,8.34445688163741,20.69905151048683,5.192933142580654,6.494972600902687,1.9091181985298498
-0.7273386051246984,-0.4737322255413179,37.46771207424264,6.379861049026786,18.953284033780843,3.913767201802331,5.94261031012082,1.41918778997172
-0.6463304070095649,-0.4737322255413179,34.4149957374531,4.730260371015185,17.402828253919644,2.8602852436641526,5.459336432389732,1.0288567373249824
-0.5743445928509872,-0.4737322255413179,31.75242952472005,3.3937076179344685,16.05805236943558,2.0294982469838505,5.037012899973294,0.7234145298658721
-0.5103762839557767,-0.4737322255413179,29.53466587248969,2.3827181909361186,14.933544158407205,1.4098174798070389,4.685456573409189,0.4995217975172718
-0.4535325211846986,-0.4737322255413179,27.773952188544886,1.6666596416703494,14.043220030082736,0.9784235333976886,4.407243070503543,0.3452693106620031
-0.40301979977966995,-0.4737322255413179,26.419564908133726,1.1801497961927674,13.358545140273684,0.6886383523903615,4.1921545185034015,0.24190362346025715
-0.35813299251433084,-0.4737322255413179,25.380847545043004,0.8515648496174524,12.833042255768634,0.4944260335747285,4.028667259140672,0.17367740103068507
-0.3182455065418344,-0.4737322255413179,24.57099550557054,0.6257616143102159,12.425246085354633,0.3624252472882227,3.9013705007538353,0.12730650692112316
-0.2828005365353655,-0.4737322255413179,23.92591640399871,0.4669000037977764,12.100435601648769,0.2699805396208485,3.7980403669678555,0.09433153741151039
-0.2513032920204875,-0.4737322255413179,23.401237881248697,0.35253395818798194,11.834814733241062,0.20331894265955017,3.7143538960364944,0.07087197279952001
-0.22331409039755062,-0.4737322255413179,22.966718152896576,0.2685623890706421,11.614200556509887,0.15440727389456643,3.646481298900796,0.05408428306546869
-0.19844221923690444,-0.4737322255413179,22.601876963799228,0.20598005440373907,11.429371006022587,0.11814907397230384,3.589757420017511,0.0416550280640037
-0.17634048216824733,-0.4737322255413179,22.292443789416637,0.1588282666749435,11.273252812591117,0.09100762256721502,3.5408810581090555,0.03215461113275242
-0.15670035222800524,-0.4737322255413179,22.02795633360025,0.12300301301457044,11.140157531512001,0.07047289028050638,3.4983071289692353,0.024818546390040334
-0.13924766500838334,-0.4737322255413179,21.800417486666085,0.09559381268044925,11.025661369715875,0.05478056667272539,3.461339451028112,0.019176358423503466
-0.12373879148704055,-0.4737322255413179,21.603576781527725,0.07450008979789288,10.926439278683043,0.04269394495911491,3.4294111665282894,0.014860188466427258
-0.10995723711238882,-0.4737322255413179,21.432495279071677,0.05818764440139999,10.840001965510474,0.03333382763643674,3.4018777773913844,0.01156082221973168
-0.09771061966979347,-0.4737322255413179,21.283234596723034,0.04552375869996142,10.764439939768497,0.026059968674429702,3.378069471567372,0.00902886754870534
-0.0868279837415025,-0.4737322255413179,21.152617548620043,0.03566287896383674,10.69823321724025,0.02039487983898915,3.3573770901987507,0.007073748811015694
-0.07715741427178036,-0.4737322255413179,21.038044999418084,0.027967072143537334,10.640129710855845,0.01597605121408009,3.339294051366159,0.005554535487672027
-0.06856391592404971,-0.4737322255413179,20.93735988907939,0.021950530218200204,10.589072898779909,0.012525215076007816,3.3234174312044282,0.00436797169581867
-0.06092752862714207,-0.4737322255413179,20.848748612858703,0.01724049009039994,10.544158749924954,0.009827488692287709,3.3094298836827494,0.0034378541409272865
-0.0541416530048151,-0.4737322255413179,20.77066995489125,0.013549280782626443,10.504608231510584,0.007716428925070946,3.2970781782002274,0.00270708627005914
-0.04811156231253989,-0.4737322255413179,20.701803326711698,0.010653959975034178,10.469747767918902,0.006062896095951382,3.2861553322385477,0.00213219043516696
-0.04275308010908995,-0.4737322255413179,20.641010183087168,0.008381217780705337,10.438993926487942,0.004766573797897945,3.2764878353493736,0.0016796146448948574
-0.0379914052040221,-0.4737322255413179,20.587304415819542,0.006596021531439385,10.411840675747793,0.003749448539045894,3.2679271741950995,0.001323223016004567
-0.03376006747802295,-0.4737322255413179,20.539828977793228,0.005192979935604279,10.387848508449597,0.0029507797183690875,3.260344356292549,0.0010425385416096525
-0.03,-0.4737322255413179,20.497836971186597,0.004089723405131479,10.366635098705924,0.0023232163841615822,3.2536263196316706,0.0008214671201625057
0.03,-0.4737322255413179,19.851887104703387,0.003924002253489284,10.039997053306392,0.00223579087074663,3.1500602562610482,0.0007799400358607498
0.03376006747802295,-0.4737322255413179,19.812815830665098,0.004957664873098053,10.020150617455025,0.0028261615591945676,3.143823939372236,0.0009844606425582897
0.0379914052040221,-0.4737322255413179,19.76902254191899,0.006262170240163671,9.997890498933387,0.0035717993414046086,3.1368344839744853,0.001242350384141738
0.04275308010908995,-0.4737322255413179,19.719954583094164,0.007908045025940346,9.972932320825413,0.004513293371132489,3.1290007841534293,0.001567572561693604
0.04811156231253989,-0.4737322255413179,19.66499710337151,0.00998410537781973,9.944961167059954,0.005701716818169394,3.120219040994513,0.0019778581168257117
0.0541416530048151,-0.4737322255413179,19.60346592751972,0.012602227411316707,9.913629786893585,0.007201240506875404,3.1103702224106677,0.0024958123599422323
0.06092752862714207,-0.4737322255413179,19.5345996326974,0.015903387567877757,9.878557648725865,0.009092315612041282,3.099317310227009,0.00315036721052749
0.06856391592404971,-0.4737322255413179,19.45755123463787,0.02006529590560475,9.839331446712206,0.011475482505598189,3.0869031271390783,0.003978631739844946
0.07715741427178036,-0.4737322255413179,19.37138070640396,0.0253119662177238,9.795507750259983,0.014475826139004543,3.0729505583069185,0.0050280895507673635
0.0868279837415025,-0.4737322255413179,19.27505115272132,0.031925485081142936,9.74661823661414,0.018248058377751595,3.0572685211190405,0.006358822689926817
0.09771061966979347,-0.4737322255413179,19.167434157952105,0.04025992150187532,9.69217685465673,0.022982231673775277,3.0396685551447247,0.008044924555878375
0.10995723711238882,-0.4737322255413179,19.04733346373197,0.05075655704041808,9.631685546831841,0.028910357540226167,3.019996316913626,0.010173590994168476
0.12373879148704055,-0.4737322255413179,18.913538868233005,0.06395827264470504,9.564630109428084,0.03631507282764216,2.9981746029099656,0.012840318981671348
0.13924766500838334,-0.4737322255413179,18.764918099810462,0.08051944488589839,9.490451304901159,0.04554339817232719,2.974232087955379,0.01614149650938576
0.15670035222800524,-0.4737322255413179,18.60053030889231,0.10120842800462193,9.408474634359614,0.05703137380959027,2.948252127213164,0.020175272075103553
0.17634048216824733,-0.4737322255413179,18.419682193033374,0.126908923659248,9.317802020361569,0.07134610378966573,2.9201477742345756,0.02507799199871967
0.19844221923690444,-0.4737322255413179,18.221745102565805,0.15865407967585027,9.217236120187861,0.08924188044138054,2.889257400279495,0.031126163774200234
0.22331409039755062,-0.4737322255413179,18.005495190381204,0.19777193776483126,9.105423494502672,0.11169367218442211,2.8541202585712,0.03886439926142589
0.2513032920204875,-0.4737322255413179,17.768015756669953,0.24622413915644176,8.981434658628002,0.139822743191688,2.813313497495489,0.04902802404741604
0.2828005365353655,-0.4737322255413179,17.50423551985744,0.30700597115390016,8.845572959810072,0.17466919577517126,2.767738226245109,0.061919255198133925
0.3182455065418344,-0.4737322255413179,17.209602503002575,0.3838815228996393,8.69907447964638,0.21712006940082967,2.7213969758016185,0.07674889566269667
0.35813299251433084,-0.4737322255413179,16.886846544541957,0.4794261083052282,8.54105619986137,0.2687951422483802,2.674966847198438,0.09340961759873893
0.40301979977966995,-0.4737322255413179,16.547994737796493,0.5930632537068351,8.365878303832737,0.33351940062300295,2.6188877739904965,0.11603175759005473
0.4535325211846986,-0.4737322255413179,16.19508549892692,0.7266378411146881,8.171570787395382,0.4148874895199859,2.5512213397183086,0.1471333694067495
0.5103762839557767,-0.4737322255413179,15.800206428280498,0.8954918871978148,7.973228744536804,0.5088654957219718,2.492474794246977,0.17767757096576245
0.5743445928509872,-0.4737322255413179,15.362565151542414,1.1079792366475825,7.776909135916034,0.613339701089924,2.429071813469355,0.21453261343713448
0.6463304070095649,-0.4737322255413179,14.95707995346255,1.3301379640176056,7.553674438209845,0.7467913575885773,2.35096580101012,0.26580476971553174
0.7273386051246984,-0.4737322255413179,14.538429876879364,1.5866995753197963,7.330925891920317,0.8964620780765218,2.2916638794294686,0.30931684707879287
0.8185000129460304,-0.4737322255413179,14.058946387476048,1.9168347361254705,7.116128487092493,1.0574336372031041,2.2023311075658536,0.38284909378596715
0.9210871889273549,-0.4737322255413179,13.714102476651158,2.179839476457765,6.890375784995188,1.245419055297129,2.1534722661248233,0.4273770214008548
1.0365321883776653,-0.4737322255413179,13.283151974355297,2.5406891042884365,6.741447079489277,1.3806299598164624,2.0759968748376725,0.5046690388333722
1.166446554092426,-0.4737322255413179,13.098853380394978,2.7065089988934337,6.556101691510152,1.5620778421116874,2.0359687908067032,0.5479905895698757
1.3126438125222553,-0.4737322255413179,12.853222474908973,2.9387483236399086,6.5076333202337056,1.6120360500999178,2.014213926734245,0.5725487232548703
1.4771647895120215,-0.4737322255413179,13.010249839739798,2.788778691174996,6.550702233525531,1.5675907295924398,2.01136870973756,0.5758144809046888
1.6623060990028473,-0.4737322255413179,13.336268889354596,2.4942037958481467,6.690671473270052,1.4288542907594521,2.074338406129553,0.5064169378288319
1.8706522023821734,-0.4737322255413179,14.099058530483498,1.8876636147883996,7.145650499207324,1.034301664085981,2.21188200720748,0.3745097261896913
2.1051114860111477,-0.4737322255413179,15.578841861163992,0.9995385583325599,7.861155408859493,0.5670713147301368,2.4424448138491877,0.20641288553471757
2.368956860549917,-0.4737322255413179,17.874961981027166,0.22368128917176472,9.028042837578157,0.1288439350211133,2.8145699473579433,0.048695869288035286
2.6658714488230206,-0.4737322255413179,21.422888304781235,0.057328226821431724,10.802865689696722,0.029652102759459724,3.4072289778468288,0.012171076951224071
3.0,-0.4737322255413179,26.543814668725886,1.2221677845905417,13.432869503261177,0.7181602072103462,4.291032319983138,0.2875867805220123
-3.0,-0.42386567548433707,255.21697879621908,57.42067282321819,129.34574771052493,55.4494873965196,40.756311838992794,39.86411905120276
-2.6658714488230206,-0.42386567548433707,211.9753799759388,54.73795728534804,107.61096336650832,51.85170911508417,33.846610637511645,33.490603108400414
-2.368956860549917,-0.42386567548433707,178.12940506951307,51.667970386787744,90.32134749024706,47.58139594268975,28.42045046462107,27.821606136137277
-2.1051114860111477,-0.42386567548433707,150.90696082216385,48.15541824268625,76.40438522629049,42.7307393864126,24.06964534547133,22.889836818546772
-1.8706522023821734,-0.42386567548433707,128.4531798761728,44.14016496737269,64.99801236973146,37.4733363532479,20.49258435727591,18.61611597274417
-1.6623060990028473,-0.42386567548433707,110.2914698774406,39.788335982373816,55.82438724502951,32.2433551599793,17.54485981832419,14.983165181491445
-1.4771647895120215,-0.42386567548433707,95.36011439416394,35.19165696237049,48.27472666606011,27.224329661067245,15.163401928247751,12.008237344528112
-1.3126438125222553,-0.42386567548433707,83.091239691349,30.55059181536055,42.0511401638871,22.618606339256637,13.201152991986323,9.559550535830708
-1.166446554092426,-0.42386567548433707,72.94285328223371,26.039876866978517,36.907583100830664,18.535494894585284,11.586637484298842,7.571680726052317
-1.0365321883776653,-0.42386567548433707,64.48012606320184,21.798274908304343,32.620516765867826,14.991061381440083,10.237748832572104,5.951136751708945
-0.9210871889273549,-0.42386567548433707,57.36494163639369,17.92022309393127,29.020271775214958,11.964649270226243,9.104483346314394,4.636633418555219
-0.8185000129460304,-0.42386567548433707,51.30388854923884,14.43957160325462,25.948895571322744,9.393148130521844,8.142184739388103,3.5703157590277534
-0.7273386051246984,-0.42386567548433707,46.074080902488305,11.362886211245652,23.308138951544645,7.232381101838275,7.306472989868078,2.695961074835367
-0.6463304070095649,-0.42386567548433707,41.50472694109631,8.680945200207262,20.98747099307683,5.411842683896776,6.583213744156729,1.9911186511751504
-0.5743445928509872,-0.42386567548433707,37.51545372802789,6.406411679894216,18.97341632195048,3.928010634551199,5.950431001782998,1.4258196144952613
-0.5103762839557767,-0.42386567548433707,34.14780414893796,4.591185094354149,17.265948135533918,2.7718443039958744,5.416594596508267,0.9963192432760225
-0.4535325211846986,-0.42386567548433707,31.435411586442655,3.2427840661169633,15.89348044855637,1.9341510961031239,4.987462763780794,0.6900697013093563
-0.40301979977966995,-0.42386567548433707,29.339790469945864,2.2993269676866084,14.834209365171283,1.3588975465877358,4.65519521106429,0.4817025221641255
-0.35813299251433084,-0.42386567548433707,27.742521664014436,1.654690958266891,14.026015545434111,0.9706697182264603,4.403488947770158,0.3433408530160306
-0.3182455065418344,-0.42386567548433707,26.511396088762716,1.2111512219405962,13.405588911024138,0.7072672966172981,4.209799515913396,0.2498192925895587
-0.2828005365353655,-0.42386567548433707,25.542964211348522,0.9000737618313747,12.917808167099077,0.5239750267756532,4.054951238917002,0.1840062182154501
-0.2513032920204875,-0.42386567548433707,24.764540306378706,0.6771446445035464,12.52390505345617,0.39277857994991855,3.9309159359581476,0.13751736938981562
-0.22331409039755062,-0.42386567548433707,24.126603054608413,0.514226964981946,12.200204976141038,0.29712764833610483,3.831162181272021,0.10442952793261305
-0.19844221923690444,-0.42386567548433707,23.59575719416498,0.3933199903393644,11.931349982745706,0.22658472028593382,3.74851466691733,0.0800870563082813
-0.17634048216824733,-0.42386567548433707,23.148943644860708,0.30255581843235246,11.705901758418984,0.1740075424615658,3.6779237585700875,0.06160624577239487
-0.15670035222800524,-0.42386567548433707,22.76949681241405,0.23381135195485983,11.514912609656268,0.13438312478145864,3.616901512015018,0.047417475152558494
-0.13924766500838334,-0.42386567548433707,22.444878204898863,0.18136229018628897,11.351534156379156,0.1042108237646854,3.5642316674618573,0.03655149918750943
-0.12373879148704055,-0.42386567548433707,22.165424408734562,0.14109908866361004,11.21065814697238,0.0810470167594698,3.5189538968686898,0.02826549553793479
-0.10995723711238882,-0.42386567548433707,21.923585575645376,0.11003298306442358,11.088477186329827,0.06316094692886506,3.4800574521758354,0.021947598592137334
-0.09771061966979347,-0.42386567548433707,21.71339656079128,0.08596521913186589,10.982085070658796,0.049297497037990745,3.4465351511575952,0.017110210025741247
-0.0868279837415025,-0.42386567548433707,21.530083696981766,0.06725978213069207,10.889184533400986,0.0385249155644587,3.417488323137378,0.013382971232812025
-0.07715741427178036,-0.42386567548433707,21.36977116435759,0.05268616630736586,10.807899562680461,0.03013910201928477,3.392175692641606,0.010492809218845236
-0.06856391592404971,-0.42386567548433707,21.22926584906251,0.0413100662992978,10.73666174199677,0.023601936813293645,3.3700094952039676,0.00823999983463984
-0.06092752862714207,-0.42386567548433707,21.10590215083003,0.032416600343916885,10.674140908368749,0.01849950171422166,3.350527404259694,0.006477385466038779
-0.0541416530048151,-0.42386567548433707,20.997430284286075,0.02545553083899367,10.619200028160666,0.014512287035929952,3.333361035281895,0.00509492551769583
-0.04811156231253989,-0.42386567548433707,20.90193492164146,0.020001469479086424,10.570862973635721,0.011393135936170593,3.318210054948301,0.0040090293344264465
-0.04275308010908995,-0.42386567548433707,20.81777460808523,0.015724468725292123,10.528289522952997,0.008950560445043314,3.304823654174155,0.003155362714836019
-0.0379914052040221,-0.42386567548433707,20.74353542393161,0.012367975467368411,10.490754919218501,0.007035990771941473,3.292988154587398,0.0024839492225715463
-0.03376006747802295,-0.42386567548433707,20.67799460215577,0.009732121441491545,10.457632737908263,0.005533990383939577,3.282518890056663,0.001955736968783835
-0.03,-0.42386567548433707,20.620091311818136,0.007660957014063125,10.42838040856664,0.004354735591057165,3.273254798355802,0.0015401081141180322
0.03,-0.42386567548433707,19.73763636359079,0.007292436668648522,9.98213856690395,0.00415299016687064,3.1317587185699156,0.001448701171677535
0.03376006747802295,-0.42386567548433707,19.684778117968893,0.00920844622635738,9.955290441746483,0.005246395101984079,3.1233195541400813,0.0018274671341380407
0.0379914052040221,-0.42386567548433707,19.625605488645203,0.011624315839925275,9.925214975777422,0.006625971120795176,3.113872910826136,0.0023045767109859693
0.04275308010908995,-0.42386567548433707,19.559399511020946,0.01466924008269085,9.891542156556058,0.00836591857567407,3.1033001466386185,0.0029055378019491817
0.04811156231253989,-0.42386567548433707,19.485365822386825,0.018505480633647146,9.853865079096176,0.010559334552617736,3.0914669351524315,0.00366264042899971
0.0541416530048151,-0.42386567548433707,19.402627498283536,0.023336792220664468,9.811738716144077,0.013322801861695616,3.0782202904170943,0.004616905363426634
0.06092752862714207,-0.42386567548433707,19.31021750392652,0.029419000351242345,9.764680131171282,0.01680191665295717,3.06338543503567,0.005820622474171314
0.06856391592404971,-0.42386567548433707,19.20707148597072,0.03707323284939838,9.712171008625143,0.0211778097357834,3.046763593886584,0.007340554557512977
0.07715741427178036,-0.42386567548433707,19.092022761971183,0.046702300959309176,9.653663502597267,0.026674627051105404,3.0281331418220474,0.009261684506008366
0.0868279837415025,-0.42386567548433707,18.963803525423575,0.05881051130331799,9.588590089011001,0.03356782885270501,3.007258538349331,0.011690886510787445
0.09771061966979347,-0.42386567548433707,18.821059866673714,0.07402651144427601,9.516376689964064,0.04219316158300676,2.9839134174712467,0.014758957900782233
0.10995723711238882,-0.42386567548433707,18.66239297153508,0.09312725169477508,9.436454814576804,0.05295656920393993,2.9579233107408323,0.01861823159707711
0.12373879148704055,-0.42386567548433707,18.4864423181725,0.11705852156165837,9.348261982150413,0.06634676252627059,2.9292232972383814,0.023432893163207683
0.13924766500838334,-0.42386567548433707,18.292021001670516,0.14694458606275826,9.251211574768385,0.08295538544874817,2.897896567134867,0.029364265063720012
0.15670035222800524,-0.42386567548433707,18.078281583945973,0.18408042507693462,9.144611736967207,0.10351425939717229,2.8641086968305176,0.03657043517063012
0.17634048216824733,-0.42386567548433707,17.844809887811582,0.22991617063450542,9.02753980372775,0.12895980688537156,2.8278182335839506,0.04526833481617478
0.19844221923690444,-0.42386567548433707,17.591414408008482,0.2860915513233441,8.898766860141402,0.16051598011852033,2.788262882836521,0.05590935137434791
0.22331409039755062,-0.42386567548433707,17.31731600350089,0.35465468693778784,8.756973891922634,0.19972643897410985,2.743693199336001,0.06939340690855478
0.2513032920204875,-0.42386567548433707,17.01981525669448,0.43859636111343475,8.601532451579663,0.24828164342398917,2.692479767794158,0.08690937443054088
0.2828005365353655,-0.42386567548433707,16.693843460156295,0.5424373856353581,8.433563196587997,0.30756296622896157,2.636038198659547,0.1088166440731257
0.3182455065418344,-0.42386567548433707,16.335551046118372,0.6715624067242608,8.255559988686132,0.3784493261394673,2.5797397875048977,0.13350522984771918
0.35813299251433084,-0.42386567548433707,15.950938525197303,0.8285502440024106,8.067583604246371,0.46274583235938493,2.5247299901753,0.1604890704467519
0.40301979977966995,-0.42386567548433707,15.558176141155773,1.009607044155783,7.864193395708393,0.5654435608088411,2.4595376225005765,0.19630654935444825
0.4535325211846986,-0.42386567548433707,15.163548541438097,1.2138808323261714,7.645252091949035,0.6901009443197454,2.38267133056686,0.24418598538057001
0.5103762839557767,-0.42386567548433707,14.738297976187,1.460657695706508,7.432105586929868,0.8263648214835981,2.320134588631341,0.287917257446039
0.5743445928509872,-0.42386567548433707,14.289799710580228,1.7528800331463277,7.235226713805504,0.9660985153555649,2.2563138085446393,0.33723406300786996
0.6463304070095649,-0.42386567548433707,13.91643367309623,2.0228454964054894,7.025077727619703,1.130861645471104,2.1811921197786024,0.40172731357383906
0.7273386051246984,-0.42386567548433707,13.576289165731666,2.291245033018639,6.840863153073816,1.289355267305566,2.135770718794994,0.44429879328245536
0.8185000129460304,-0.42386567548433707,13.235738858056694,2.5826725205086634,6.699492663697442,1.4203971918559246,2.067673938663754,0.5134813402739778
0.9210871889273549,-0.42386567548433707,13.131794580398772,2.676348435062326,6.593181986646224,1.5245712069522561,2.058348328093042,0.5234762658102573
1.0365321883776653,-0.42386567548433707,13.06507811844252,2.7376721345069424,6.629123232270195,1.4887993482394835,2.039933839784305,0.5435924215553759
1.166446554092426,-0.42386567548433707,13.410232594180387,2.430430952362004,6.72016241097428,1.4007112217039035,2.087310522722639,0.4928519617275868
1.3126438125222553,-0.42386567548433707,13.955156873423194,1.993671724714166,7.060466419019142,1.1019450421446306,2.1908165462834592,0.39305986118864383
1.4771647895120215,-0.42386567548433707,15.166334538847737,1.2123570462615785,7.650374585867326,0.687010742302503,2.3705552254378035,0.25231528254621294
1.6623060990028473,-0.42386567548433707,17.021909928783565,0.4379697591813516,8.591615065971652,0.25158243023028787,2.6803797293465466,0.09137229665860644
1.8706522023821734,-0.42386567548433707,19.933377498702914,0.0021604038695358153,10.056435374924868,0.0017996816985681654,3.1499544596927977,0.0007832090731528577
2.1051114860111477,-0.42386567548433707,24.152452574294422,0.5204628027045137,12.225259813809332,0.3041212377026433,3.8422347196336637,0.10790565636800749
2.368956860549917,-0.42386567548433707,30.33242066386744,2.7337865242779893,15.367286810996305,1.6397252048791482,4.852255334796936,0.6019908001259465
2.6658714488230206,-0.42386567548433707,39.21019956151716,7.36055233966724,19.758399139712527,4.493148464527287,6.374457042810598,1.7986965861082185
3.0,-0.42386567548433707,51.1767271107004,14.365288919303055,25.967235193953062,9.408371084040756,8.46991562310471,3.9272409049749077
-3.0,-0.37399912542735625,365.71378966734477,61.26669119883831,185.35345828748467,60.37851776597812,58.41595467752271,51.784214790847315
-2.6658714488230206,-0.37399912542735625,300.36841399645454,59.35498347861611,152.49336438613676,58.001936001932265,47.972248927627824,45.47868501991249
-2.368956860549917,-0.37399912542735625,249.40992532735615,57.11764675946799,126.47159999719159,55.05514662301786,39.80267898300405,39.04240636782517
-2.1051114860111477,-0.37399912542735625,208.63452499854068,54.481429018006196,105.63572149960368,51.440300611626334,33.285031980140815,32.930307333089026
-1.8706522023821734,-0.37399912542735625,175.22514567430528,51.34657983682732,88.66658456974584,47.08093480952953,27.961354064646006,27.31662488321067
-1.6623060990028473,-0.37399912542735625,148.3586474835269,47.75964915087787,75.09435300041855,42.19129798556607,23.60422263727261,22.343973236815213
-1.4771647895120215,-0.37399912542735625,126.4205549943771,43.70949324137425,64.001057615596,36.9502004379018,20.105119497149467,18.14337665881405
-1.3126438125222553,-0.37399912542735625,108.52016768014721,39.296450629266545,54.921683897359664,31.677317305647147,17.242641459849814,14.606818556143338
-1.166446554092426,-0.37399912542735625,93.8264737655931,34.657216487344115,47.47491534254213,26.65524695442928,14.904878907208769,11.684790146856308
-1.0365321883776653,-0.37399912542735625,81.67736720173636,29.959785908399034,41.32074054554498,22.05269747564416,12.968540521117303,9.270998920886154
-0.9210871889273549,-0.37399912542735625,71.56055162804329,25.376550677479184,36.20187042484736,17.959260242455795,11.357300260710383,7.2929192979420066
-0.8185000129460304,-0.37399912542735625,63.03727288230065,21.03336190369155,31.883193362641375,14.373128791985911,10.004126718449099,5.675975521513875
-0.7273386051246984,-0.37399912542735625,55.771068435986656,17.018135416845908,28.21477288436533,11.287237726957382,8.843024845394133,4.3416482787941035
-0.6463304070095649,-0.37399912542735625,49.48963044472965,13.376413471185408,25.024675083856714,8.629246855036527,7.848909028981943,3.2571996484593924
-0.5743445928509872,-0.37399912542735625,44.02283094689305,10.1539245145559,22.265729295833644,6.402935647533402,6.98175597128888,2.3727153185911987
-0.5103762839557767,-0.37399912542735625,39.367733875697134,7.450276308623929,19.90569530499975,4.601195263195407,6.243839508871545,1.6811566173567118
-0.4535325211846986,-0.37399912542735625,35.56305650726004,5.338421152143519,17.97956375200845,3.2415283067021043,5.641280597227116,1.171119509399558
-0.40301979977966995,-0.37399912542735625,32.5985423370777,3.805732182666681,16.48118994588964,2.281326370784212,5.1718500414749204,0.816913992437384
-0.35813299251433084,-0.37399912542735625,30.34377705290103,2.73889216062998,15.340152487504195,1.6249923208354562,4.816174936098162,0.5792308676449571
-0.3182455065418344,-0.37399912542735625,28.62115453800387,2.0004096437574863,14.471431093528839,1.1787271755674238,4.54496161618011,0.4188933845497084
-0.2828005365353655,-0.37399912542735625,27.28091811806357,1.4825015355409739,13.796183817328671,0.8693581532956607,4.33097500732254,0.30693766070066636
-0.2513032920204875,-0.37399912542735625,26.215266147112843,1.1122806487695787,13.257122807979156,0.6491519826537784,4.16130964015284,0.22831882316058466
-0.22331409039755062,-0.37399912542735625,25.35044598409533,0.8425871437208845,12.818501664283312,0.4894283988357611,4.025967215069145,0.17263066236607344
-0.19844221923690444,-0.37399912542735625,24.636858246753487,0.6430597729912468,12.457166656506928,0.3721326721342452,3.9147538484342963,0.13188959219069685
-0.17634048216824733,-0.37399912542735625,24.040526846965648,0.49369134878593335,12.15625519023427,0.2850301179048027,3.8205303876578904,0.1011389122462
-0.15670035222800524,-0.37399912542735625,23.53719785904272,0.380838310367263,11.902866180357126,0.21960422299209398,3.7396458805086494,0.07764623974243941
-0.13924766500838334,-0.37399912542735625,23.108870968256166,0.29492725128030006,11.68726048937692,0.1699381373873976,3.670221306990927,0.05972253032561527
-0.12373879148704055,-0.37399912542735625,22.741842138870652,0.22911080206911988,11.50222756967269,0.1319158112145859,3.6108059730802786,0.0460936259307247
-0.10995723711238882,-0.37399912542735625,22.425511942233527,0.1784241461314169,11.34241941168165,0.102631221257876,3.5599540765541464,0.035726493616283356
-0.09771061966979347,-0.37399912542735625,22.15157533500049,0.13922432961680692,11.203774872540485,0.07998439409323994,3.5162711028006215,0.02780575712591893
-0.0868279837415025,-0.37399912542735625,21.913434678194285,0.10880733188918269,11.083104750533415,0.062422354796743934,3.478532301974723,0.021715200307338256
-0.07715741427178036,-0.37399912542735625,21.70576980587474,0.08514415736565238,10.977824671206637,0.04877606847588449,3.445734811475073,0.017001695771321598
-0.06856391592404971,-0.37399912542735625,21.52422654762342,0.06669778459668531,10.88579133898134,0.03815530997736842,3.417086110631573,0.01333442524011795
-0.06092752862714207,-0.37399912542735625,21.365193259174593,0.052294808501905106,10.805201029124527,0.029877562254423378,3.3919640112901566,0.010470060963909775
-0.0541416530048151,-0.37399912542735625,21.225640330851895,0.04103401112511805,10.734522744883016,0.02341751330752275,3.369873751936941,0.00822701175637145
-0.04811156231253989,-0.37399912542735625,21.103003427850577,0.03222007208806108,10.672450405556926,0.018369857696545897,3.3504131157139185,0.006467650687999053
-0.04275308010908995,-0.37399912542735625,20.995096699312064,0.02531469180904728,10.617866050472848,0.014421303183505417,3.3332474681026114,0.005086316003910715
-0.0379914052040221,-0.37399912542735625,20.900046616190963,0.019900042037800478,10.569810142139435,0.011329278271238932,3.3180929531782954,0.004001130049550944
-0.03376006747802295,-0.37399912542735625,20.81624028007509,0.015651135500494677,10.527457016122398,0.008905660360333833,3.3047053729134435,0.0031482646813592342
-0.03,-0.37399912542735625,20.74228417107262,0.0123147702894433,10.490094392348377,0.007004315006026766,3.292872692505898,0.0024777865585428275
0.03,-0.37399912542735625,19.6254833988388,0.011629597794687401,9.925341828671224,0.00661980745899881,3.113792660500547,0.0023088711679270283
0.03376006747802295,-0.37399912542735625,19.559240349408594,0.014676997602330568,9.891695885136466,0.008357503849403747,3.103214832586197,0.0029106761157704692
0.0379914052040221,-0.37399912542735625,19.485177558925912,0.01851581995233733,9.854053153550526,0.010547735369932774,3.0913890654291243,0.0036679197117351035
0.04275308010908995,-0.37399912542735625,19.402430259019145,0.02334900026052202,9.811968428219584,0.013306837005641139,3.078172472839763,0.004620555440999134
0.04811156231253989,-0.37399912542735625,19.31005017515872,0.029430675201629647,9.764955847130883,0.01678031919997607,3.063404332090022,0.005818997810789455
0.0541416530048151,-0.37399912542735625,19.2069996418003,0.037078885094454825,9.712488882304195,0.021149740431331523,3.0469029042986793,0.007327058489597786
0.06092752862714207,-0.37399912542735625,19.09214609319058,0.046691356517332805,9.654002528147274,0.0266408735610989,3.0284622196793207,0.009225740065131393
0.06856391592404971,-0.37399912542735625,18.964258071973354,0.0587649961872045,9.588898869100309,0.03353316273492822,3.007850212693942,0.011617970443014401
0.07715741427178036,-0.37399912542735625,18.822005362166088,0.07391963546653671,9.516557380380542,0.042170284598384865,2.98481125296636,0.014634033416064089
0.0868279837415025,-0.37399912542735625,18.663968588074255,0.09292610453325037,9.436350942698787,0.05297140033868339,2.959078564692521,0.018436650403278763
0.09771061966979347,-0.37399912542735625,18.488668084843564,0.11673746679393963,9.347666832243963,0.0664425879239793,2.930404334824704,0.02322316944791335
0.10995723711238882,-0.37399912542735625,18.29462768698495,0.14651959599158532,9.249927674339013,0.08318845936033717,2.8986140660931032,0.029220407165204403
0.12373879148704055,-0.37399912542735625,18.080493169657455,0.1836728064539289,9.142599567208684,0.10392603164228532,2.863679044064772,0.0366675601720826
0.13924766500838334,-0.37399912542735625,17.845217754745537,0.22983120087395603,9.025165065212294,0.12950758792759987,2.825764921535176,0.04579064013612248
0.15670035222800524,-0.37399912542735625,17.58828796201871,0.28682737675650805,8.897037724522542,0.16096565970719198,2.7851528528200347,0.056798331688771325
0.17634048216824733,-0.37399912542735625,17.309865045262363,0.3566344066632295,8.757428980821883,0.19959293833943292,2.7418910777126944,0.06997263609881567
0.19844221923690444,-0.37399912542735625,17.01056400828826,0.44136990830798073,8.605285940465617,0.24703880664539357,2.695184459791974,0.0859289580994449
0.22331409039755062,-0.37399912542735625,16.690528396072327,0.5435590458011853,8.439593271582261,0.30530894821615845,2.643102670935902,0.10592129572283532
0.2513032920204875,-0.37399912542735625,16.347928799147148,0.6668314238829951,8.260358157271545,0.376426463760511,2.5839528983801574,0.131556753247878
0.2828005365353655,-0.37399912542735625,15.978609928296502,0.8165982405210294,8.069908860801652,0.46164193336711573,2.5197827356237688,0.16305876455059493
0.3182455065418344,-0.37399912542735625,15.580604862999763,0.9986824490240511,7.872456301514847,0.5610305082947238,2.457362892018392,0.19757557626251396
0.35813299251433084,-0.37399912542735625,15.164443615181378,1.2133911475313361,7.669665488360037,0.675449309491431,2.39844401198584,0.23384501307016806
0.40301979977966995,-0.37399912542735625,14.75559998914126,1.450055384483286,7.45737808398976,0.8094098141048424,2.3302913232502664,0.2805122206720054
0.4535325211846986,-0.37399912542735625,14.366491375307648,1.7004887775536748,7.238579560754577,0.9636029177693233,2.252417893560386,0.340403950051812
0.5103762839557767,-0.37399912542735625,13.97182112731505,1.9812020884919845,7.04154014583101,1.1173498344262522,2.195694833250845,0.3887129062741539
0.5743445928509872,-0.37399912542735625,13.591437507361483,2.2788189691425034,6.882420995749661,1.2524106950866043,2.1437227856209367,0.4366441233021679
0.6463304070095649,-0.37399912542735625,13.346675561261723,2.485163901478133,6.735621287501365,1.3861072434856703,2.088197739631315,0.491933095975754
0.7273386051246984,-0.37399912542735625,13.208331787387145,2.6071531855039587,6.653580162718908,1.4647822136629396,2.0758806355138444,0.5047914154300437
0.8185000129460304,-0.37399912542735625,13.171663123468319,2.6401512148349786,6.666202130193784,1.4524892474968547,2.0570875716055355,0.5248373821821032
0.9210871889273549,-0.37399912542735625,13.504245119104146,2.3509592255607745,6.785487900175983,1.339686949822008,2.1182111358914284,0.4615107967481447
1.0365321883776653,-0.37399912542735625,14.074403984033422,1.9055589556402943,7.133559198569821,1.0437362048386583,2.2044199895288457,0.3810151508784162
1.166446554092426,-0.37399912542735625,15.26615819582392,1.1585363602559142,7.680451021576326,0.6690375085725069,2.3931716170175608,0.237271506503526
1.3126438125222553,-0.37399912542735625,17.05953585959567,0.4268012647802001,8.623907957614321,0.24092485065967206,2.6921089238656153,0.08704428821052969
1.4771647895120215,-0.37399912542735625,19.851686472792604,0.003928997652338506,10.039724548152835,0.0022434235690579557,3.1502285748612415,0.000774753360948306
1.6623060990028473,-0.37399912542735625,23.972823848308934,0.47778843559126666,12.171990845798266,0.2893364742726599,3.8244306773863723,0.10234069787653013
1.8706522023821734,-0.37399912542735625,30.005929366179096,2.588273863423094,15.091319153711504,1.4920441492057823,4.774237698259867,0.5531833064678751
2.1051114860111477,-0.37399912542735625,38.118260113877916,6.743290427069086,19.335243486966846,4.1861913616273165,6.125819455748711,1.5769570272477904
2.368956860549917,-0.37399912542735625,49.768673937933194,13.540355273878397,25.25982920053654,8.82296022023818,8.035676540704408,3.4558814037936822
2.6658714488230206,-0.37399912542735625,66.0740146180118,22.629575554997462,33.294361527012605,15.554180676958067,10.856945598021257,6.688976774317272
3.0,-0.37399912542735625,87.48228257562562,32.309899575545394,44.44529697944509,24.437545884119455,14.62609783577811,11.336133113505918
-3.0,-0.32413257537037543,494.8045600683239,63.49910725284935,250.7854048230468,63.045066592905,79.04794587848568,59.094701452646994
-2.6658714488230206,-0.32413257537037543,403.2202688461572,62.0703538323803,204.71607835847254,61.37182787724109,64.40882797342896,54.521013327185905
-2.368956860549917,-0.32413257537037543,331.99105235319405,60.379571304172465,168.35228945044173,59.284275029332605,52.98962152678033,48.76667401392672
-2.1051114860111477,-0.32413257537037543,275.2073941164928,58.3602683897543,139.3457766880589,56.674483567252324,43.912509072185586,42.45061097515669
-1.8706522023821734,-0.32413257537037543,228.90503512341968,55.916447688630605,115.83066561934537,53.39501505086133,36.53316798342212,36.083860525028626
-1.6623060990028473,-0.32413257537037543,191.82940050740478,53.047634003608216,97.09938460756051,49.44924276303714,30.523720773955354,30.085626887150532
-1.4771647895120215,-0.32413257537037543,161.706745907127,49.693487029223526,81.86663400244781,44.817253317214856,25.719121077034206,24.79702290844584
-1.3126438125222553,-0.32413257537037543,137.25630946638512,45.86606728317048,69.4658474026578,39.68809501939687,21.80970020460285,20.209782250620265
-1.166446554092426,-0.32413257537037543,117.30102849072377,41.60974862023751,59.35300808575417,34.36683912869573,18.634718364380774,16.33528886416986
-1.0365321883776653,-0.32413257537037543,100.90741711196836,37.0234596859884,51.049097566570765,29.143567643887447,16.022030054469454,13.082560044821886
-0.9210871889273549,-0.32413257537037543,87.3556576312131,32.26074182958604,44.19238367023089,24.248088877094325,13.863843186421427,10.384233001733543
-0.8185000129460304,-0.32413257537037543,76.03548742066658,27.481381251892746,38.456921125734844,19.788164610446792,12.06666802597152,8.158538542517675
-0.7273386051246984,-0.32413257537037543,66.47800140573824,22.837948030018424,33.63227120396668,15.835885716038497,10.5394688147762,6.30921511138734
-0.6463304070095649,-0.32413257537037543,58.29495551862731,18.441446203577364,29.476538356573883,12.348736752547921,9.24454762968706,4.796081735214073
-0.5743445928509872,-0.32413257537037543,51.21096536350541,14.385293426278391,25.902692722986593,9.354807229625294,8.12089248842161,3.547375257570994
-0.5103762839557767,-0.32413257537037543,45.15338881965232,10.819732441603817,22.83194500392711,6.851402864935874,7.160674867519808,2.5495468930417524
-0.4535325211846986,-0.32413257537037543,40.13859787459552,7.891479049820045,20.29224927819479,4.887519515579092,6.365797000593282,1.7908336478042544
-0.40301979977966995,-0.32413257537037543,36.18859696252247,5.676365264336736,18.295873450364624,3.4561750553042763,5.7409767524750865,1.2515396731583803
-0.35813299251433084,-0.32413257537037543,33.1799156111012,4.096060391167047,16.773122653825066,2.4603881662567653,5.265976044944049,0.8844806366625445
-0.3182455065418344,-0.32413257537037543,30.89554179521254,2.9904134078415945,15.62040657424018,1.7793194337790932,4.906098660254624,0.6365459515872619
-0.2828005365353655,-0.32413257537037543,29.13490822918051,2.2127048821170114,14.733110102980291,1.3077621900270626,4.625337471664433,0.46436137662944393
-0.2513032920204875,-0.32413257537037543,27.748728932465166,1.657052250696039,14.032104732033908,0.973411360678123,4.404791122262481,0.3440092850761194
-0.22331409039755062,-0.32413257537037543,26.633972338657482,1.253002163728076,13.466935147160353,0.7318544797493514,4.230215316608286,0.2591075633176878
-0.19844221923690444,-0.32413257537037543,25.721407653627036,0.9546869936256233,13.00491842261647,0.5550701278027889,4.087871901877194,0.1972952701803503
-0.17634048216824733,-0.32413257537037543,24.96392593124743,0.7318013627597718,12.622664343052033,0.4241878995260084,3.9681782572751203,0.15087596258152378
-0.15670035222800524,-0.32413257537037543,24.328257651844474,0.5637067678931389,12.302603551094283,0.32615054410403466,3.866092656456741,0.11556448209132326
-0.13924766500838334,-0.32413257537037543,23.79000479667391,0.43595713679262726,12.031632449921178,0.25192126033444795,3.7789272406140997,0.0887117000498798
-0.12373879148704055,-0.32413257537037543,23.330793098695864,0.3382436716663108,11.800118127875159,0.19523039047276897,3.704643311430466,0.06834502950002215
-0.10995723711238882,-0.32413257537037543,22.936538942109852,0.2631061354540489,11.60095139586014,0.1516626976429871,3.6412918129675873,0.052885733644102165
-0.09771061966979347,-0.32413257537037543,22.596290484865108,0.2050798479077373,11.428760977505675,0.11803672958417243,3.5870420545022634,0.04109751346577702
-0.0868279837415025,-0.32413257537037543,22.301405215517516,0.16011526895455164,11.279354319339193,0.0920070591392814,3.540307834684449,0.03204997137816474
-0.07715741427178036,-0.32413257537037543,22.04495711114695,0.12517886528000532,11.149357295279271,0.071813652774081,3.4997988957752946,0.02506054565609585
-0.06856391592404971,-0.32413257537037543,21.821311362983412,0.09797658341999443,11.035991454953878,0.05612021696160098,3.4644989672574615,0.01963172998498828
-0.06092752862714207,-0.32413257537037543,21.62582087063293,0.07676009206693851,10.93693441351303,0.04390502493983112,3.4336118799139284,0.015398178169640678
-0.0541416530048151,-0.32413257537037543,21.454608845235864,0.060188883134334084,10.850227219034137,0.034383611493969436,3.406505895704243,0.012087738406577076
-0.04811156231253989,-0.32413257537037543,21.304410927485065,0.04723040260403528,10.774208083857337,0.026952056964872545,3.382668891862476,0.009494576587496247
-0.04275308010908995,-0.32413257537037543,21.172458079462455,0.03708652162965047,10.707461726775891,0.021144477860252517,3.361676300669649,0.0074610149364624
-0.0379914052040221,-0.32413257537037543,21.05638759537847,0.029138646197235173,10.64877890717124,0.0166008135583275,3.3431694215145327,0.0058651393330632
-0.03376006747802295,-0.32413257537037543,20.954173878901845,0.02290629852003399,10.597123334827309,0.01304229037346243,3.3268409519523865,0.004612113049414728
-0.03,-0.32413257537037543,20.86407349259466,0.01801561454768874,10.551604330036675,0.010252687492206309,3.3124251493786905,0.0036278911834349272
0.03,-0.32413257537037543,19.515668922952518,0.016879940018607098,9.869728817935348,0.009603935168018558,3.096200706291853,0.003349015335479076
0.03376006747802295,-0.32413257537037543,19.436466398190944,0.021291081907509408,9.82950072331181,0.0121173943828692,3.083552113847367,0.004219192704903513
0.0379914052040221,-0.32413257537037543,19.34802685334979,0.02684244432535221,9.7845511664514,0.015282077894271717,3.0694291760666785,0.005312917520902294
0.04275308010908995,-0.32413257537037543,19.249359880711758,0.03382395947138645,9.734370022228356,0.019263903179531854,3.053668003116696,0.006687109795275028
0.04811156231253989,-0.32413257537037543,19.139388390154693,0.042597574340645254,9.678405251940589,0.02426970984198549,3.036085531836702,0.008413351675989084
0.0541416530048151,-0.32413257537037543,19.016945266620983,0.05361457452071744,9.616064741443816,0.030556565380606634,3.0164763647090713,0.010581898186318333
0.06092752862714207,-0.32413257537037543,18.880771501649082,0.06743684081222634,9.546721246885646,0.0384426382788342,2.99460975878766,0.013306811010018642
0.06856391592404971,-0.32413257537037543,18.729517449378466,0.08476269083024647,9.469721969728623,0.04831949116042888,2.9702284637002125,0.016732278142351353
0.07715741427178036,-0.32413257537037543,18.561750672674275,0.10645769418632464,9.384404506801703,0.06066531698093645,2.9430530741673495,0.021039685259092878
0.0868279837415025,-0.32413257537037543,18.375977166251765,0.13358998974086095,9.290120500545587,0.07605821871556889,2.9127984271967358,0.026453822761114004
0.09771061966979347,-0.32413257537037543,18.170688081323632,0.16746754662048768,9.186266313660424,0.09518835520723495,2.879211209685565,0.03324443206070316
0.10995723711238882,-0.32413257537037543,17.94445094890894,0.20967059173179114,9.072315086472964,0.1188683109558464,2.8421362946778306,0.04171654968687972
0.12373879148704055,-0.32413257537037543,17.696069023432017,0.2620654560753043,8.947835579682584,0.14804368209390928,2.8016041622256336,0.05218296197967678
0.13924766500838334,-0.32413257537037543,17.424823339580474,0.32677819004110703,8.812472542070259,0.1838119837903253,2.7578896590005186,0.06492360574731415
0.15670035222800524,-0.32413257537037543,17.13076578248559,0.4061069386568521,8.66586325621759,0.2274660433774473,2.711421371601491,0.08017411995069207
0.17634048216824733,-0.32413257537037543,16.81491767966005,0.5023856231824777,8.50750633758176,0.2805756095588651,2.662379665345719,0.09824564233226672
0.19844221923690444,-0.32413257537037543,16.479055248818295,0.6179121539915496,8.336725356843102,0.34507381151839867,2.6100023003537953,0.11987439426984418
0.22331409039755062,-0.32413257537037543,16.124704444086806,0.7552028360503233,8.15306859670305,0.4231787380611339,2.5522831178865837,0.14661215102382422
0.2513032920204875,-0.32413257537037543,15.751535563858294,0.9177772856517326,7.957501134031648,0.51680709719797,2.487604965445512,0.18036264322817258
0.2828005365353655,-0.32413257537037543,15.357187367027517,1.1107629885536725,7.75393316662402,0.6263403743358843,2.418759355424647,0.22092309201668012
0.3182455065418344,-0.32413257537037543,14.942715114432497,1.3384737367365789,7.548732203776545,0.7499294057561058,2.353941509024122,0.26372789778926825
0.35813299251433084,-0.32413257537037543,14.524385230537172,1.5958063349864973,7.345803136508186,0.8859302328567109,2.295637926688255,0.30627237470358537
0.40301979977966995,-0.32413257537037543,14.136076295736169,1.8609998072009508,7.14331799574124,1.036117393372372,2.2304829069670853,0.3586028077571788
0.4535325211846986,-0.32413257537037543,13.798148806283272,2.1136885885415397,6.948627576005738,1.194995974188196,2.15953182192776,0.4216821528089803
0.5103762839557767,-0.32413257537037543,13.492938151881484,2.360424156869091,6.797555808832581,1.328609789266036,2.1178974482915,0.4618221760173558
0.5743445928509872,-0.32413257537037543,13.256905585112847,2.5638724447917207,6.713168642942432,1.4073516710823255,2.089612070569041,0.4904706571345354
0.6463304070095649,-0.32413257537037543,13.23377403251881,2.5844223628392826,6.67819723235174,1.440870845841647,2.069712267873434,0.5113137806827043
0.7273386051246984,-0.32413257537037543,13.416029848704998,2.4254791661107937,6.759659034146638,1.3636000588369392,2.109018268289884,0.4706932976613548
0.8185000129460304,-0.32413257537037543,13.84212260235665,2.079610671013214,7.003855719898048,1.1484352088481418,2.1665745050763747,0.41512536806734346
0.9210871889273549,-0.32413257537037543,14.799462293873615,1.423394997981006,7.450919559579487,0.8137219458058529,2.3278923778602776,0.28225048233374916
1.0365321883776653,-0.32413257537037543,16.268784342574826,0.6974219682540614,8.23350846986004,0.3878272987613604,2.5625647723931566,0.14162053354869525
1.166446554092426,-0.32413257537037543,18.611988267716075,0.09968457846388497,9.40881962474391,0.05698015577441991,2.9445792427695134,0.020783947846388602
1.3126438125222553,-0.32413257537037543,22.0938720377874,0.13153731738098917,11.161423396059593,0.07358999272919177,3.506380591163289,0.02614139118309891
1.4771647895120215,-0.32413257537037543,26.972979245914175,1.371488580851835,13.671197849881333,0.8160783666066473,4.334905525226545,0.30886908445454747
1.6623060990028473,-0.32413257537037543,34.06635644807693,4.548988801351687,17.36871675959581,2.838169178309365,5.4863279927677295,1.0495809348619742
1.8706522023821734,-0.32413257537037543,44.15492033091457,10.231618149642284,22.16934336881691,6.3271255442202285,7.058622668934951,2.448289905989154
2.1051114860111477,-0.32413257537037543,57.26773122904985,17.865517089136766,29.08496301556701,12.019095872845979,9.259104471956848,4.81270749822373
2.368956860549917,-0.32413257537037543,75.91042840110627,27.42423336137349,38.566588580510405,19.87614351960011,12.32007450022587,8.469952288343393
2.6658714488230206,-0.32413257537037543,101.65484075791973,37.25857130070811,51.22955726103915,29.26542071493156,16.794748962364707,14.048185301916295
3.0,-0.32413257537037543,134.99398485046703,45.44303505734737,68.6296364152692,39.28939352303048,22.680552648723,21.2511431247734
-3.0,-0.2742660253133946,641.3835383872433,64.90782693723258,325.081111198068,64.65100169126407,102.47556306488082,62.74781729235016
-2.6658714488230206,-0.2742660253133946,519.6638583576236,63.796400099115,263.83883025294097,63.40056029433141,83.01778298771616,59.948360226458675
-2.368956860549917,-0.2742660253133946,425.18841052468764,62.47201206619031,215.61632946836926,61.841592517773435,67.87199553311346,55.84745612594895
-2.1051114860111477,-0.2742660253133946,350.0838560608035,60.87798099630425,177.26024793546392,59.88809537250569,55.86560038799436,50.43323249144103
-1.8706522023821734,-0.2742660253133946,289.06442100255623,58.93083444437699,146.2734588842362,57.40889642082673,46.139611979360325,44.15311984212049
-1.6623060990028473,-0.2742660253133946,240.36365083292074,56.61453000332331,121.66733704003276,54.34723903721015,38.24922411858623,37.66392495882099
-1.4771647895120215,-0.2742660253133946,200.9481185922562,53.856969865939526,101.73446983282285,50.57553319873094,31.96236151304582,31.586146350788454
-1.3126438125222553,-0.2742660253133946,169.0834598505682,50.62925403096292,85.57420972682195,46.0943430020202,26.867970507710105,26.098858151949656
-1.166446554092426,-0.2742660253133946,143.19268396549,46.91442388142033,72.45390949840827,41.05532922099209,22.748538090170573,21.33199890393533
-1.0365321883776653,-0.2742660253133946,122.02920957930719,42.73392049272918,61.734230374118546,35.720293888028785,19.37582015336378,17.24921082447377
-0.9210871889273549,-0.2742660253133946,104.63406379549455,38.169352527714324,52.93303003192856,30.397501833463462,16.605674285188915,13.812093862156757
-0.8185000129460304,-0.2742660253133946,90.2005587912574,33.3431150269426,45.620520763042684,25.309284817597238,14.314258448304626,10.94640126494171
-0.7273386051246984,-0.2742660253133946,78.10930228120368,28.415017744125873,39.51728498475875,20.634763792535377,12.382243961380517,8.546504537623182
-0.6463304070095649,-0.2742660253133946,67.84294553450214,23.53488959095513,34.303684441789855,16.394097456469922,10.757790929253854,6.570060817136523
-0.5743445928509872,-0.2742660253133946,59.009771416420236,18.839338028116423,29.848734443930642,12.662126915981846,9.35672090294859,4.924454790175229
-0.5103762839557767,-0.2742660253133946,51.45045554565234,14.525140725079563,26.01712098829946,9.449790636903522,8.158485624670261,3.587899728839397
-0.4535325211846986,-0.2742660253133946,45.12995285092688,10.805914703937246,22.815310837348438,6.838155184569663,7.155939871369999,2.5448260489707026
-0.40301979977966995,-0.2742660253133946,40.09345344338554,7.865547498695338,20.269934919121805,4.870885243711014,6.359961456463883,1.7855407497849252
-0.35813299251433084,-0.2742660253133946,36.24079162569293,5.704755112463586,18.31983239635535,3.472585229956229,5.751283638403208,1.2599494613323865
-0.3182455065418344,-0.2742660253133946,33.32653984886744,4.170150305703759,16.84848875618154,2.507288084314445,5.291936219642557,0.903435868628394
-0.2828005365353655,-0.2742660253133946,31.09795707316836,3.084330942560305,15.725072600207444,1.8381564419897818,4.936932667419403,0.6566468097373928
-0.2513032920204875,-0.2742660253133946,29.35882744650774,2.307430700935784,14.845774036523563,1.3647914246401007,4.660393409563492,0.4847461033347138
-0.22331409039755062,-0.2742660253133946,27.971927147257272,1.7427449994973345,14.1428549625693,1.0237831297812618,4.443071023083962,0.3638868735673878
-0.19844221923690444,-0.2742660253133946,26.844938084719132,1.3262700219730816,13.572351835628282,0.7748731914973324,4.26715646962813,0.27626302163234945
-0.17634048216824733,-0.2742660253133946,25.915372524538093,1.0154695329452108,13.103227727257405,0.5910349757099318,4.120265844069475,0.21074793002888614
-0.15670035222800524,-0.2742660253133946,25.139508481525073,0.7813490263084738,12.712525572380915,0.45364188074139994,3.995736588042261,0.1610948226086306
-0.13924766500838334,-0.2742660253133946,24.485618635906395,0.6036290990682649,12.383306023727696,0.3498369548270479,3.8899257078182585,0.12344310276267581
-0.12373879148704055,-0.2742660253133946,23.930039400567498,0.4678527814830401,12.10319911151745,0.270717259827317,3.8001100680308957,0.0949492466888435
-0.10995723711238882,-0.2742660253133946,23.454780549815062,0.3635672978866168,11.863119995469157,0.21002518370584655,3.723771016203208,0.0733618645655174
-0.09771061966979347,-0.2742660253133946,23.045948206882468,0.2831224606227733,11.656237861755306,0.16326176269227957,3.6585948006815023,0.056929492773196116
-0.0868279837415025,-0.2742660253133946,22.692644382255693,0.2208544156987079,11.477250497176543,0.1271184467705479,3.602600171043692,0.04433867050939316
-0.07715741427178036,-0.2742660253133946,22.38618441179843,0.17252475650654223,11.321916979895809,0.09911869461583088,3.5541851582163515,0.03462770531299782
-0.06856391592404971,-0.2742660253133946,22.119540508269207,0.13493196642151914,11.186767052123715,0.07738672495934105,3.512091958052091,0.027096627319235737
-0.06092752862714207,-0.2742660253133946,21.88694664557379,0.1056391331571398,11.06891755795141,0.060491509377169884,3.475337268684431,0.021232132914605784
-0.0541416530048151,-0.2742660253133946,21.683616350286805,0.08278016807220319,10.965950045711283,0.04733656350054337,3.4431425491179364,0.016652473957527673
-0.04811156231253989,-0.2742660253133946,21.50553816965831,0.06491951618815404,10.875823265035166,0.03707933299387233,3.4148783684279675,0.013069457385749286
-0.04275308010908995,-0.2742660253133946,21.34932430182307,0.05094893969971106,10.796806661703455,0.029070958494723024,3.390024618391248,0.010262748448426205
-0.0379914052040221,-0.2742660253133946,21.212095915787785,0.04001054181468079,10.727427697908137,0.022810761514230574,3.3681434929580507,0.00806232440852869
-0.03376006747802295,-0.2742660253133946,21.091394288645645,0.03143875256735121,10.666429156294061,0.017911667944321256,3.348861344526602,0.006336177005324272
-0.03,-0.2742660253133946,20.985110586228494,0.024716262685917832,10.612734154627375,0.01407386960746228,3.331856259589857,0.004981423112661115
0.03,-0.2742660253133946,19.408420996444868,0.022979676476816813,9.815415109115788,0.013068477682200158,3.0790194553003034,0.004556121701060126
0.03376006747802295,-0.2742660253133946,19.316704653742388,0.028968230119594346,9.768830890828674,0.016478296296653667,3.064371259335023,0.005736178733779674
0.0379914052040221,-0.2742660253133946,19.21442248276427,0.0364972735662718,9.71684552832927,0.020766979589867434,3.0480364325785003,0.007217722399635021
0.04275308010908995,-0.2742660253133946,19.100478094380247,0.045955079446022506,9.658893997882283,0.026156354895463273,3.02983324413386,0.00907676731787647
0.04811156231253989,-0.2742660253133946,18.973689968481136,0.0578247330260978,9.594370507183253,0.03292198272010189,3.0095602374387234,0.011408570425026009
0.0541416530048151,-0.2742660253133946,18.832791856776716,0.07270614299545175,9.522632777075787,0.041404887345825786,2.986993301751475,0.014332745302853125
0.06092752862714207,-0.2742660253133946,18.676436079413275,0.09134263845838791,9.443010485828545,0.05202498048423543,2.9618831391305442,0.01799973665909288
0.06856391592404971,-0.2742660253133946,18.503201960813023,0.11465265927862733,9.354819769415133,0.0652957722489678,2.933955150253982,0.022598658631757248
0.07715741427178036,-0.2742660253133946,18.311613832988602,0.1437664972263294,9.257385952079288,0.08183942162775969,2.9029160242248153,0.028365790716946726
0.0868279837415025,-0.2742660253133946,18.10017695162616,0.18006659236467268,9.150076222366359,0.1024004699757342,2.868474575215354,0.035591381865986635
0.09771061966979347,-0.2742660253133946,17.867445870574606,0.22522664359942557,9.032341709440134,0.12785602949470762,2.8303872885217323,0.044619428170393154
0.10995723711238882,-0.2742660253133946,17.61214767574749,0.2812384988825726,8.90376281178307,0.1592206346339398,2.7885369414557553,0.05583138296719062
0.12373879148704055,-0.2742660253133946,17.333387546821676,0.3504056174008939,8.764081630577886,0.19764706903715154,2.743035060406238,0.06960463277248626
0.13924766500838334,-0.2742660253133946,17.03095331300338,0.43527038219900854,8.613193799199115,0.24443193071364513,2.6942909688389616,0.08625214572392709
0.15670035222800524,-0.2742660253133946,16.70568246831596,0.5384425720010326,8.451073155419715,0.3010440512318299,2.642910762959513,0.10599936126972746
0.17634048216824733,-0.2742660253133946,16.359726887904845,0.6623402828151214,8.277651602574895,0.3691879419627462,2.5892472329941847,0.12913166395051526
0.19844221923690444,-0.2742660253133946,15.996360902653285,0.8089856716436772,8.092820642261799,0.45084783803041206,2.532634098865293,0.15643310179946612
0.22331409039755062,-0.2742660253133946,15.618930199623398,0.9801816907638282,7.896940357439692,0.5480757111003003,2.4710906736946847,0.18964648442628362
0.2513032920204875,-0.2742660253133946,15.229205613011498,1.178283899588418,7.692240614894658,0.6620714649452338,2.4032090644989355,0.23077419626876305
0.2828005365353655,-0.2742660253133946,14.827461890140416,1.4065386753470317,7.484568399674523,0.791411713045505,2.3326300100916866,0.27882400047658057
0.3182455065418344,-0.2742660253133946,14.418864065300113,1.6652946024876951,7.282863500832817,0.9310238301930912,2.268992651123324,0.32704689284415955
0.35813299251433084,-0.2742660253133946,14.02655816775316,1.9406012826466281,7.0938753910672965,1.0750873808873977,2.2156426754462752,0.37125821849700974
0.40301979977966995,-0.2742660253133946,13.693859374647513,2.1959737699677486,6.919108770912634,1.2203776660815724,2.1591947613797866,0.4219976278659326
0.4535325211846986,-0.2742660253133946,13.450788073771822,2.3959315642412458,6.771462278471846,1.3526375541994755,2.1027594513134105,0.47701325443152265
0.5103762839557767,-0.2742660253133946,13.2913041620924,2.533517160259739,6.694893445122386,1.4248024066871194,2.0850747918465555,0.49517248122547
0.5743445928509872,-0.2742660253133946,13.272414205073133,2.550156584259875,6.720521915417258,1.4003704430530055,2.091775473993666,0.48823923228925914
0.6463304070095649,-0.2742660253133946,13.559610656793367,2.3049782644513592,6.843617356132251,1.2868849639017172,2.122794176256451,0.45697716074141287
0.7273386051246984,-0.2742660253133946,14.175646220644186,1.8327687469189726,7.147019984988573,1.0332365412758242,2.231362379967115,0.357861554874174
0.8185000129460304,-0.2742660253133946,15.215789681354082,1.1855043874194073,7.696649950837892,0.6594775657710147,2.3910306225855065,0.2386715683455285
0.9210871889273549,-0.2742660253133946,16.97691915874705,0.4515410582692662,8.56871454379043,0.25929885117319745,2.6808321458899504,0.09120316156798429
1.0365321883776653,-0.2742660253133946,19.594794604077663,0.012996268596702689,9.902155254693355,0.007795153199915465,3.1056595110208476,0.0027652742059403055
1.166446554092426,-0.2742660253133946,23.379044882819407,0.34800413816000675,11.86986713751133,0.21163796427762302,3.730237185035802,0.07509383066746304
1.3126438125222553,-0.2742660253133946,28.96733540160569,2.142676199233391,14.62721482827783,1.2549604482160137,4.618938815514581,0.46067649187187676
1.4771647895120215,-0.2742660253133946,36.41359501387998,5.798949166982439,18.485351588270046,3.5865203110986257,5.905217090319023,1.3876094845796785
1.6623060990028473,-0.2742660253133946,47.14961614920717,11.997690326121571,24.10314001904692,7.875195694594369,7.640913984907167,3.039088157422288
1.8706522023821734,-0.2742660253133946,62.179118982518396,20.57299036055796,31.189783258434673,13.790687478218201,9.97060590289036,5.636655100426894
2.1051114860111477,-0.2742660253133946,81.3419872568047,29.817877877108092,41.342626168831934,22.06972621683183,13.199731186156022,9.557785159636888
2.368956860549917,-0.2742660253133946,108.41902715960623,39.2679597619544,55.1151904863679,31.799439171525233,17.64994493235821,15.113898616598602
2.6658714488230206,-0.2742660253133946,145.50794750324806,47.3005739726487,73.3397669044492,41.44383082585206,24.113672888384503,22.941302628925314
3.0,-0.2742660253133946,193.13549281521625,53.168487167588616,98.226887206367,49.7337508699961,32.535624408982976,32.17292657438401
-3.0,-0.2243994752564138,804.1678906537732,65.85350122690242,407.590355141475,65.69655528980391,128.4937775783581,64.65929761102178
-2.6658714488230206,-0.2243994752564138,648.6941176075057,64.96083887593184,329.3513030652106,64.71920299258439,103.63849744105462,62.86515387426911
-2.368956860549917,-0.2243994752564138,528.2095480630959,63.8918636995609,267.8618350206991,63.50232187756642,84.32325991842585,60.20215138151892
-2.1051114860111477,-0.2243994752564138,432.6374159878017,62.598493319809194,219.06190953913176,61.97900307862568,69.04429638747052,56.25815230542058
-1.8706522023821734,-0.2243994752564138,355.2085347871348,61.00941197395595,179.74460382898718,60.04410641751504,56.7016802673295,50.88900510113728
-1.6623060990028473,-0.2243994752564138,293.56936786362564,59.1040254992756,148.59977448097985,57.63753690716906,46.71833467863173,44.57903334054285
-1.4771647895120215,-0.2243994752564138,243.83351166825776,56.81219918941809,123.44703468673633,54.616952066412296,38.785339627295066,38.145238612228084
-1.3126438125222553,-0.2243994752564138,203.75380670457324,54.0906706105128,103.12136055940303,50.89121544146726,32.37807290406267,32.01229834807655
-1.166446554092426,-0.2243994752564138,171.3031850853277,50.89464012263166,86.67731878819191,46.45417824034668,27.214843215435764,26.4874683900168
-1.0365321883776653,-0.2243994752564138,144.8831093241531,47.197559894995564,73.29539751539977,41.42455153187815,23.00456902728425,21.63590891256019
-0.9210871889273549,-0.2243994752564138,123.26591234886735,43.01510271208141,62.35813043422805,36.06444939343886,19.562193053259797,17.47823261454007
-0.8185000129460304,-0.2243994752564138,105.42513895693021,38.40427086555869,53.31971279645105,30.64988837672017,16.729868346459597,13.967187120392449
-0.7273386051246984,-0.2243994752564138,90.57385393242643,33.481748895977205,45.82369475718323,25.45853516067718,14.356920713219278,10.999698768017115
-0.6463304070095649,-0.2243994752564138,78.05322888331273,28.390120928889242,39.465452489613504,20.59359504786631,12.37589708013146,8.538686705198703
-0.5743445928509872,-0.2243994752564138,67.34637776659335,23.282613770371526,34.06689736992092,16.197476639336454,10.67768638146466,6.474192767391809
-0.5103762839557767,-0.2243994752564138,58.19687830115367,18.386665757545288,29.429727041370793,12.309324221616684,9.227432570050428,4.77654706908167
-0.4535325211846986,-0.2243994752564138,50.49384025105392,13.965728373994617,25.526837806553424,9.043474424440463,8.00487425979044,3.4229373820523303
-0.40301979977966995,-0.2243994752564138,44.28751341418037,10.309637549048364,22.390429553227,6.501252373061989,7.024747852427976,2.414909915774842
-0.35813299251433084,-0.2243994752564138,39.51048306757175,7.531713656306708,19.972255394745574,4.650214495804846,6.2695775697681935,1.7041367761328219
-0.3182455065418344,-0.2243994752564138,35.902588754295586,5.521315381184028,18.149860236548776,3.356623522090884,5.700643622533531,1.2188013376604827
-0.2828005365353655,-0.2243994752564138,33.160844429424415,4.0864487163330425,16.767425623512775,2.456853970223526,5.264301330797237,0.8832625079558828
-0.2513032920204875,-0.2243994752564138,31.03798612416701,3.0564157887685104,15.69430981758772,1.8207971113888257,4.9269169214129125,0.6500928191891024
-0.22331409039755062,-0.2243994752564138,29.358055820637503,2.307102051717502,14.843105636210577,1.363430681391052,4.663541497287526,0.4865928428355177
-0.19844221923690444,-0.2243994752564138,28.002287602180726,1.754518362426674,14.156862561874528,1.0302219919385391,4.451786035046259,0.36847338991961737
-0.17634048216824733,-0.2243994752564138,26.890606011993818,1.3423335804126042,13.595795419176044,0.7845705725680052,4.276114235027758,0.2804899466380234
-0.15670035222800524,-0.2243994752564138,25.96742826873458,1.032029596799696,13.130854418254629,0.6013059400756455,4.128016614050186,0.2140213183760261
-0.13924766500838334,-0.2243994752564138,25.192793089718666,0.7966433178702956,12.740807012691228,0.463081722595447,4.002752193142144,0.16374172807102474
-0.12373879148704055,-0.2243994752564138,24.537152946592162,0.6169490653832336,12.41024397096964,0.35790062217847685,3.896820357617371,0.12576433691428351
-0.10995723711238882,-0.2243994752564138,23.978209623826608,0.479045428341824,12.127900951256631,0.2773412108868376,3.8070697370870925,0.09703943620319684
-0.09771061966979347,-0.2243994752564138,23.498849416980146,0.3727589737587815,11.885346929009106,0.2153587267822283,3.7306594855068216,0.07520757391253534
-0.0868279837415025,-0.2243994752564138,23.085722407107415,0.2905596634510911,11.676070783562523,0.1675161621297202,3.665182082790098,0.05850450161567542
-0.07715741427178036,-0.2243994752564138,22.728243863559857,0.22681515208083286,11.494893423215144,0.13049875871323596,3.608701438430584,0.045640552380232915
-0.06856391592404971,-0.2243994752564138,22.417889752555684,0.177273727360014,11.337600672617505,0.1018006071574822,3.559701929822778,0.03567813540677196
-0.06092752862714207,-0.2243994752564138,22.147698890429776,0.13870163704280764,11.200710131636034,0.07951336257546589,3.517001143210452,0.027930511676800017
-0.0541416530048151,-0.2243994752564138,21.9119183940032,0.10862479818554108,11.081315219470246,0.062177237165008024,3.4796648279280338,0.02188766011841351
-0.04811156231253989,-0.2243994752564138,21.705747274531003,0.08514173721189405,10.97697380657613,0.04867224507517421,3.4469395693137064,0.017165167757739342
-0.04275308010908995,-0.2243994752564138,21.525147102798677,0.06678596506557415,10.8856239939692,0.0381371256452883,3.4182046902134107,0.013469643428574098
-0.0379914052040221,-0.2243994752564138,21.366698964492418,0.05242337579649954,10.805517868277432,0.02990821359478051,3.3929394831034476,0.010575086643984865
-0.03376006747802295,-0.2243994752564138,21.227492997801225,0.04117496682493754,10.735168208597623,0.023473091697492707,3.3707010900516776,0.008306325830640846
-0.03,-0.2243994752564138,21.105041452163192,0.032358186556579405,10.673305120399359,0.018435350441842423,3.3511092687730284,0.006527056965663591
0.03,-0.2243994752564138,19.3039548979233,0.029857591839399917,9.762509805012623,0.01697242446545197,3.0622834604479228,0.00591576850151024
0.03376006747802295,-0.2243994752564138,19.200187954832526,0.03761682394216696,9.709804446023744,0.021387392323865634,3.045709641112638,0.007443075476278702
0.0379914052040221,-0.2243994752564138,19.084614592391468,0.04736216584128748,9.65106314331576,0.026934260268389913,3.027250989100854,0.009358398399435806
0.04275308010908995,-0.2243994752564138,18.956051434391405,0.059589606278006024,9.585675662056769,0.033895949932020386,3.006710991725606,0.011758576606133444
0.04811156231253989,-0.2243994752564138,18.81323600943924,0.0749140335614846,9.512994421807473,0.042622592334388365,2.98387360538576,0.01476451024241026
0.0541416530048151,-0.2243994752564138,18.65483203139937,0.09409572501331905,9.432341780622265,0.05354552239866223,2.9585007625034323,0.018527351117050644
0.06092752862714207,-0.2243994752564138,18.47943929547919,0.11807175734447412,9.34302267179521,0.06719288169095436,2.9303305764106926,0.023236237831836357
0.06856391592404971,-0.2243994752564138,18.285611111493587,0.14799247838117996,9.244344887182883,0.0842060242135253,2.89907860044057,0.029127470083117977
0.07715741427178036,-0.2243994752564138,18.071884761251752,0.18526220513614244,9.135649643522799,0.10535508960470669,2.8644470441652623,0.03649404800377495
0.0868279837415025,-0.2243994752564138,17.83683498703879,0.23158104002464683,9.016354579419799,0.1315510084802469,2.82615047533275,0.045692317246479514
0.09771061966979347,-0.2243994752564138,17.579167567819233,0.2889799312553655,8.886008832919899,0.16385020810031387,2.783969696911554,0.057138553610273354
0.10995723711238882,-0.2243994752564138,17.297878827032054,0.3598321942381697,8.744353666204482,0.20344848016392666,2.7378428988495003,0.07128354483322169
0.12373879148704055,-0.2243994752564138,16.992512334638633,0.44681062621601664,8.591371187996556,0.25166391065359683,2.687983178459723,0.08855318843296027
0.13924766500838334,-0.2243994752564138,16.66353143101172,0.5527435544623336,8.427291506773454,0.30991739030416166,2.634957948587204,0.1092633062384575
0.15670035222800524,-0.2243994752564138,16.312766357588387,0.680322566869848,8.252531367715697,0.37972941195028787,2.579578852064326,0.1335799876806686
0.17634048216824733,-0.2243994752564138,15.943753437489418,0.8316706563085203,8.067593791714206,0.46274099253400847,2.522408916332703,0.16169169563201333
0.19844221923690444,-0.2243994752564138,15.561581186157925,1.0079438601589192,7.873118948843987,0.5606775009394084,2.462937642630045,0.19433229035666044
0.22331409039755062,-0.2243994752564138,15.171825966405803,1.2093570058371532,7.6705128411605,0.6749442215622796,2.3993064240604633,0.23328741199538347
0.2513032920204875,-0.2243994752564138,14.778925494851764,1.4358389176390847,7.463558748960088,0.8052965396162286,2.33044348052255,0.28040219201656086
0.2828005365353655,-0.2243994752564138,14.386585654557036,1.6869297927585298,7.260372464945928,0.9474815421896623,2.2609364254724147,0.33349710992586995
0.3182455065418344,-0.2243994752564138,14.005106200637536,1.9564478608910492,7.07285398283482,1.0919368541910968,2.2018818911482025,0.3832442216197524
0.35813299251433084,-0.2243994752564138,13.665581014373524,2.2186442366062162,6.911165228728526,1.227267408904998,2.157599617496525,0.4234926925576502
0.40301979977966995,-0.2243994752564138,13.421714535652496,2.4206300932869595,6.781090007396708,1.3437388981529836,2.115268499049627,0.46443719752799706
0.4535325211846986,-0.2243994752564138,13.31479363982544,2.512928357849732,6.702185342345312,1.4178223096152969,2.080536884707256,0.4999047095135509
0.5103762839557767,-0.2243994752564138,13.354176258994682,2.4786619836946375,6.727067656265179,1.3941752841082655,2.0951677441041054,0.4847538246428643
0.5743445928509872,-0.2243994752564138,13.62109911686777,2.2546175124763153,6.895980570598023,1.2405082540593315,2.147510473339682,0.43302848923878007
0.6463304070095649,-0.2243994752564138,14.302163195497727,1.7443649147802072,7.220706776225019,0.9769533566127807,2.2438613663864357,0.3474317638678706
0.7273386051246984,-0.2243994752564138,15.458471442693558,1.0590503948188437,7.801043269875868,0.5998610559785718,2.4382847633787628,0.20891862159741695
0.8185000129460304,-0.2243994752564138,17.25491881053355,0.3714260333641486,8.72553753463606,0.20906934704443564,2.724297476307596,0.07576863469757614
0.9210871889273549,-0.2243994752564138,19.98795643083553,0.001273562308186837,10.113930923841977,0.000648534025777797,3.1691453524087647,0.00030285653788911113
1.0365321883776653,-0.2243994752564138,23.98846593669805,0.48144303412446826,12.10738334839803,0.2718343911583777,3.8232662756231726,0.10198125997457023
1.166446554092426,-0.2243994752564138,29.485301333422136,2.3615031631849495,15.021297475828959,1.4553492221901547,4.7366411810659175,0.5302103960519506
1.3126438125222553,-0.2243994752564138,37.57167127219418,6.437701172414831,18.966685047052774,3.9232468493276196,6.012258844919738,1.478576542375173
1.4771647895120215,-0.2243994752564138,48.03480402980497,12.519866977640216,24.411458303191903,8.12650797745691,7.838107636357462,3.2457892738830934
1.6623060990028473,-0.2243994752564138,63.04102954953757,21.03536842876512,32.28184193125238,14.707431796670118,10.258295400404526,5.975427143250135
1.8706522023821734,-0.2243994752564138,83.83991455149958,30.858592086030956,42.03317781116306,22.604749117514185,13.47162398707577,9.895714652161322
2.1051114860111477,-0.2243994752564138,110.03445281084792,39.717786901118906,55.95214300500947,32.32271205887012,17.897513279143347,15.421610491611373
2.368956860549917,-0.2243994752564138,146.89391979242117,47.525977964027696,74.70173668932652,42.0265490957038,23.959610462868415,22.761081766397535
2.6658714488230206,-0.2243994752564138,197.1079280848009,53.525728502634124,99.36004858419273,50.012723550797794,32.72604035935839,32.366413147128156
3.0,-0.2243994752564138,261.22652790513223,57.71921134023376,132.89074579809426,55.90851097504759,44.07603508169676,42.57905847115369
-3.0,-0.17453292519943275,981.710254111253,66.51889571879875,497.57952923168637,66.41702951765065,156.87126041827918,65.79232903261234
-2.6658714488230206,-0.17453292519943275,789.1778338907101,65.78320633034474,400.67812805233194,65.62677889559141,126.08987374371927,64.52979320310683
-2.368956860549917,-0.17453292519943275,640.1616844171779,64.89884446109252,324.63604987700575,64.64378013344734,102.20085183977204,62.71949498291548
-2.1051114860111477,-0.17453292519943275,522.1629140458351,63.82465402699337,264.3937088974242,63.414801885765975,83.33603034928552,60.01137941964885
-1.8706522023821734,-0.17453292519943275,426.7810818499548,62.49944464331924,215.96261079953538,61.85562877721988,68.13054389199539,55.939635817961
-1.6623060990028473,-0.17453292519943275,351.0063547998906,60.90193936766616,177.6738851435669,59.91442331305231,55.86098865224994,50.43068314460554
-1.4771647895120215,-0.17453292519943275,290.01412493296334,58.96782076189991,146.8277474966987,57.4641478569199,46.132567515140174,44.14789367937921
-1.3126438125222553,-0.17453292519943275,240.9901981783243,56.65067024782172,121.96704570025386,54.393299803041174,38.295966715456515,37.70612336895125
-1.166446554092426,-0.17453292519943275,201.41153148225462,53.89604321131674,101.91143199106472,50.61633692006285,31.998527109549688,31.623353692470083
-1.0365321883776653,-0.17453292519943275,169.2920476196222,50.65449772640108,85.64304474645657,46.11705944141014,26.88016932372842,26.112560300085764
-0.9210871889273549,-0.17453292519943275,143.10828721164313,46.90011539433041,72.39540859158483,41.029406338227346,22.710730137975634,21.28704158153733
-0.8185000129460304,-0.17453292519943275,121.59256431583017,42.633401846785695,61.49551879877497,35.58747313438376,19.294994988914606,17.149784330600976
-0.7273386051246984,-0.17453292519943275,103.77457843604726,37.910862873395686,52.50238617439445,30.114418583531823,16.448130940382573,13.615272123074046
-0.6463304070095649,-0.17453292519943275,88.84243894115971,32.83213730230386,44.91969464428232,24.79115469080926,14.0856582139933,10.660951405010284
-0.5743445928509872,-0.17453292519943275,76.14641896049514,27.531992720015303,38.519496105867425,19.838375969301907,12.072004262668582,8.16508559145501
-0.5103762839557767,-0.17453292519943275,65.32673219212856,22.241640650859452,33.036325983219925,15.338748250457158,10.357067384047589,6.092392571425031
-0.4535325211846986,-0.17453292519943275,56.178970715628445,17.250012536474998,28.40085963771625,11.443626078369647,8.90450493188871,4.4106885583064654
-0.40301979977966995,-0.17453292519943275,48.73702685484665,12.933643045914952,24.640274523045562,8.313669500385764,7.729988141637283,3.132073598670341
-0.35813299251433084,-0.17453292519943275,42.96731680509151,9.534354121961478,21.719443910888995,5.975477541852241,6.817430227239249,2.2132338320484077
-0.3182455065418344,-0.17453292519943275,38.608480066744946,7.019354590656332,19.516856783939865,4.317293076037896,6.129817020464012,1.580454345935197
-0.2828005365353655,-0.17453292519943275,35.31204045036119,5.204060580482363,17.85435738711407,3.157621414575681,5.605620114935415,1.1427695259666129
-0.2513032920204875,-0.17453292519943275,32.77713239599465,3.894318128515299,16.573135114985877,2.3372681670478346,5.2029257669752935,0.8390173008991447
-0.22331409039755062,-0.17453292519943275,30.785107108695158,2.9395394481488846,15.56402788545279,1.747893654671794,4.89047701180245,0.6264484546852112
-0.19844221923690444,-0.17453292519943275,29.18761410499708,2.2348840040115414,14.755502506094526,1.3190275410287136,4.640832269351336,0.4733306129609808
-0.17634048216824733,-0.17453292519943275,27.884891601329226,1.7091483345957597,14.09797809523505,1.003256842974112,4.434970035110787,0.3596437183792048
-0.15670035222800524,-0.17453292519943275,26.80815845451149,1.3133851146008635,13.555642577536979,0.7679902605535219,4.262318722130224,0.27399102764156125
-0.13924766500838334,-0.17453292519943275,25.908366554689124,1.0132487172243683,13.102539161554622,0.590779897277572,4.1169039918450725,0.2093346417638703
-0.12373879148704055,-0.17453292519943275,25.149529323234002,0.7842162087088939,12.719937322514342,0.4561079716729137,3.9943604575645413,0.16057777893801942
-0.10995723711238882,-0.17453292519943275,24.504669579886375,0.608539127571875,12.394204776537043,0.35308998679602055,3.890845572400807,0.12375170976531058
-0.09771061966979347,-0.17453292519943275,23.953199426295992,0.47322013106300054,12.115181392485324,0.2739216923326896,3.802951136254059,0.09580007326084722
-0.0868279837415025,-0.17453292519943275,23.47913863758594,0.36863549010331464,11.875056938657732,0.2128822031311154,3.7278151263295727,0.0744429591418005
-0.07715741427178036,-0.17453292519943275,23.06987497925286,0.28758621765663334,11.667649773400523,0.16570375315653765,3.6631472398149594,0.058015890564131534
-0.06856391592404971,-0.17453292519943275,22.71529577604479,0.2246389014254734,11.487955140994668,0.12916459899394964,3.6071595339748956,0.04530990880657217
-0.06092752862714207,-0.17453292519943275,22.407176950758537,0.17566255885734355,11.33185719351501,0.10081464964221232,3.5584598748153327,0.035440370018315556
-0.0541416530048151,-0.17453292519943275,22.13874915981923,0.13749832473161067,11.19593595624926,0.07878217657211194,3.5159504558655543,0.027751045248919574
-0.04811156231253989,-0.17453292519943275,21.904384707710495,0.10771998662107074,11.077329667964973,0.061632947912444135,3.4787480312804355,0.02174800174573303
-0.04275308010908995,-0.17453292519943275,21.699366859698607,0.08445769620615233,10.973631131463165,0.04826537965298685,3.446126979517548,0.017054827031460867
-0.0379914052040221,-0.17453292519943275,21.519715998915554,0.06626651185994017,10.882806670793379,0.03783160345983026,3.417480415013651,0.013382015931304603
-0.03376006747802295,-0.17453292519943275,21.36205578843621,0.0520273921902597,10.803131341055852,0.029677708243371605,3.392293820759927,0.01050551411312362
-0.03,-0.17453292519943275,21.22350819618989,0.040872078857521754,10.733136517158082,0.023298364618887474,3.3701268037727035,0.008251232016940623
0.03,-0.17453292519943275,19.202473086134265,0.03743591067240082,9.711115516693868,0.02127115172939505,3.046025221427653,0.007412300929246603
0.03376006747802295,-0.17453292519943275,19.08713363680863,0.04713724441812163,9.652531593781827,0.026787481559951868,3.0276021485879974,0.009319836852612845
0.0379914052040221,-0.17453292519943275,18.958834527652026,0.05930928117934628,9.587321388350531,0.03371046020166564,3.007109989555084,0.011709230593569795
0.04275308010908995,-0.17453292519943275,18.816323578737816,0.07456311737991138,9.514838733303538,0.04238814482326446,2.984340382041149,0.014699480729278347
0.04811156231253989,-0.17453292519943275,18.658279755136977,0.09365344735025494,9.43440567376459,0.053249558135836275,2.959066331228074,0.01843856832160087
0.0541416530048151,-0.17453292519943275,18.483324377078258,0.11750906353056013,9.345323270576111,0.06682064341354649,2.93104034238529,0.023110644792096766
0.06092752862714207,-0.17453292519943275,18.290038947639562,0.14726818298678068,9.246889070186207,0.08374147553650832,2.8999936067650594,0.02894487261296951
0.06856391592404971,-0.17453292519943275,18.07699327036273,0.1843181023065662,9.138423961171087,0.10478335961596957,2.865638937008964,0.036225645936640585
0.07715741427178036,-0.17453292519943275,17.842790489997565,0.23033712120564606,9.019311546175928,0.13086324579480094,2.827682968820814,0.04530264206794064
0.0868279837415025,-0.17453292519943275,17.586140817219878,0.28733332880942497,8.889052648237792,0.1630512841071795,2.785857114035927,0.056596348389548634
0.09771061966979347,-0.17453292519943275,17.305983581186897,0.3576681745067812,8.747334857158334,0.20256578089422175,2.739980110518212,0.07058977330425109
0.10995723711238882,-0.17453292519943275,17.001686920838686,0.44404067464743574,8.594110313160828,0.2507496181414025,2.69006189277496,0.08779112100497354
0.12373879148704055,-0.17453292519943275,16.6733601073439,0.5493894635404915,8.429663218129136,0.3090258269977201,2.6364361466255404,0.10865236332959871
0.13924766500838334,-0.17453292519943275,16.32229897175704,0.6766493816596356,8.254635922135796,0.3788396282144718,2.5798501076352953,0.1334539978517002
0.15670035222800524,-0.17453292519943275,15.951518704689429,0.8282985837438959,8.06998701771078,0.46160485598556134,2.521346713740143,0.16224381578017433
0.17634048216824733,-0.17453292519943275,15.566175133253259,1.0057026017886743,7.8769189589306645,0.5586557243609086,2.4617342205778434,0.19502971039568198
0.19844221923690444,-0.17453292519943275,15.173463345066734,1.2084633735192318,7.676988937548988,0.6710915847750337,2.4007139544774336,0.23237909148331182
0.22331409039755062,-0.17453292519943275,14.781571177495941,1.434231987164484,7.472866738478626,0.7991265769519581,2.336640411290809,0.27594364611120953
0.2513032920204875,-0.17453292519943275,14.398129800424186,1.6791715860113812,7.270156671499716,0.9402995813312447,2.2688968218033634,0.3271231536812834
0.2828005365353655,-0.17453292519943275,14.03101696212853,1.9373180955715357,7.07954936838715,1.0865519511953907,2.2031066972576636,0.3821675039005523
0.3182455065418344,-0.17453292519943275,13.6966194059883,2.193769321897927,6.916261497206832,1.2228443062081475,2.151831756415222,0.4289273319144656
0.35813299251433084,-0.17453292519943275,13.434961658864992,2.409355397230269,6.794392963963004,1.3315071018629794,2.1204711175972135,0.4592715122756055
0.40301979977966995,-0.17453292519943275,13.31100176505855,2.5162443318497223,6.72488780648459,1.3962363574391743,2.0973185449942733,0.4825525041333551
0.4535325211846986,-0.17453292519943275,13.378773915644233,2.4574198352609944,6.734988895611874,1.3867026706493362,2.0910077594837575,0.4890303153647082
0.5103762839557767,-0.17453292519943275,13.666551002460631,2.217864055147646,6.886437387209014,1.2488773981112191,2.145748333729716,0.4347081522178402
0.5743445928509872,-0.17453292519943275,14.283200315875082,1.7574361644612477,7.229582157728973,0.9703091372966273,2.253647210386485,0.33940170415410464
0.6463304070095649,-0.17453292519943275,15.435735214027536,1.0705276669853179,7.796421126429227,0.6024284580228636,2.42872920950566,0.21474310872495708
0.7273386051246984,-0.17453292519943275,17.23111992075309,0.37793833002379124,8.704721117275822,0.21538789821691195,2.724398609392138,0.07573458231808508
0.8185000129460304,-0.17453292519943275,19.915735204398864,0.002497432865325041,10.068423985230478,0.0015117277241377119,3.1592267081396046,0.0005228976838882993
0.9210871889273549,-0.17453292519943275,23.776280556256967,0.4328830074555322,12.057704566000007,0.25870041108659825,3.783703386690505,0.09010168927897363
1.0365321883776653,-0.17453292519943275,29.375941526514445,2.314723808528818,14.81210584686694,1.3476579153143189,4.703326225390326,0.5101580746709672
1.166446554092426,-0.17453292519943275,36.83622115256623,6.03058877323982,18.814355149538958,3.8158376264771636,5.9482187834027815,1.423942735131036
1.3126438125222553,-0.17453292519943275,47.782311796721565,12.370973441119933,24.11699905018525,7.886469670183701,7.666165158149294,3.065382690612927
1.4771647895120215,-0.17453292519943275,61.677186766653726,20.301885718286407,31.368233098384795,13.940679246763146,10.107073574744025,5.796989432253666
1.6623060990028473,-0.17453292519943275,81.5322056539773,29.898447600564193,41.79760038131036,22.422729457265813,13.304152460218145,9.687489864488445
1.8706522023821734,-0.17453292519943275,108.86377000941434,39.39291306289442,54.56255781535195,31.449539242089436,17.517451493582563,14.949056091520665
2.1051114860111477,-0.17453292519943275,142.99400280756197,46.880713350297675,72.73473009241407,41.17930463774832,23.294953949494726,21.979452408232692
2.368956860549917,-0.17453292519943275,190.87677112712447,52.958392339049375,97.0928989543508,49.4475858210384,31.173896759770685,30.76868544442469
2.6658714488230206,-0.17453292519943275,255.85408445726296,57.45302914601343,128.9874546448077,55.401447782052976,42.53159359224844,41.34409443860383
3.0,-0.17453292519943275,338.4898345757639,60.56508380175724,172.22551722680683,59.55578024910453,57.17006793195589,51.13880667820477
-3.0,-0.12466637514245194,1172.4128393369535,67.00461027007637,594.2387874104222,66.9352222233386,187.35263585836495,66.53025859956938
-2.6658714488230206,-0.12466637514245194,939.8646674793556,66.3852772826817,477.184479409472,66.27911171863114,150.17209420172526,65.57651811964156
-2.368956860549917,-0.12466637514245194,760.0603735583352,65.63849416929051,385.4397390139784,65.46339118700023,121.34756983325796,64.25244113584799
-2.1051114860111477,-0.12466637514245194,617.8833474185941,64.72860496405605,312.86221969286345,64.44452392705166,98.61676708184591,62.32719637406676
-1.8706522023821734,-0.12466637514245194,503.1695975077284,63.60256847614935,254.6175701236979,63.15367607947158,80.32840569089642,59.38433700208657
-1.6623060990028473,-0.12466637514245194,412.1904530493773,62.239798471626706,208.6446083518273,61.54762275327684,65.60012525808645,54.997051641898516
-1.4771647895120215,-0.12466637514245194,339.1068029909216,60.582304759626595,171.68263784230157,59.51858703334547,53.94309251324045,49.336376480685544
-1.3126438125222553,-0.12466637514245194,280.4886822011141,58.58479048135839,141.95745107243206,56.961254376197175,44.57335314525931,42.96633829304753
-1.166446554092426,-0.12466637514245194,233.275899571344,56.191320541167656,118.0339130100887,53.76723015589044,37.06117614347443,36.576409290598676
-1.0365321883776653,-0.12466637514245194,195.0629094705746,53.343729346500595,98.67950481471658,49.846006547894774,30.971967569013415,30.55740726718894
-0.9210871889273549,-0.12466637514245194,164.0061083982222,49.9944209457026,82.96644050215102,45.20727623011632,26.026688101899,25.147737134660012
-0.8185000129460304,-0.12466637514245194,138.5772640525405,46.10690591582922,70.08446337087534,39.9784687255261,21.98972547946134,20.42589757139155
-0.7273386051246984,-0.12466637514245194,117.60836206807964,41.68526846593661,59.501204437346935,34.45293058597248,18.63955390365295,16.341267766888645
-0.6463304070095649,-0.12466637514245194,100.1238215949952,36.774054967085554,50.62256876546091,28.854100957608374,15.873335700384988,12.89656331008511
-0.5743445928509872,-0.12466637514245194,85.33418777002264,31.463389768668083,43.16819092238322,23.47429310779045,13.527683605189514,9.965468445626978
-0.5103762839557767,-0.12466637514245194,72.77236729472843,25.958699496366574,36.80263235900823,18.450012568742096,11.53667301031774,7.510853199582612
-0.4535325211846986,-0.12466637514245194,62.12899829163653,20.545979425426722,31.408848478580648,13.97480868823173,9.845940868746718,5.4907910725983475
-0.40301979977966995,-0.12466637514245194,53.401560069729776,15.65857742819492,26.99899615851728,10.268056654845179,8.469276521403094,3.9265381543181657
-0.35813299251433084,-0.12466637514245194,46.58424232942525,11.663998530865594,23.547718035582243,7.425254040773325,7.390565739986955,2.7813103008445577
-0.3182455065418344,-0.12466637514245194,41.425415784545166,8.634884710357245,20.939995484983303,5.3756790188722166,6.5764885179727,1.9848356849101623
-0.2828005365353655,-0.12466637514245194,37.53771976773397,6.418801243833229,18.978896146060283,3.93188983944179,5.958703595319273,1.4328448533122484
-0.2513032920204875,-0.12466637514245194,34.56571777157016,4.809141518713134,17.47692709892202,2.908498536018704,5.48675095171136,1.049906761856289
-0.22331409039755062,-0.12466637514245194,32.24486168820976,3.6319273182186467,16.301472805691922,2.1732223962667354,5.122575455433652,0.7822868897214599
-0.19844221923690444,-0.12466637514245194,30.394425626361848,2.761698540370543,15.364994965963716,1.6384790616388818,4.833264849383368,0.5899713825179126
-0.17634048216824733,-0.12466637514245194,28.89304855372688,2.1118718109221977,14.60716120519284,1.2450499878213317,4.59600985620915,0.44756395815043404
-0.15670035222800524,-0.12466637514245194,27.657528589605374,1.6224794744724937,13.984785223503192,0.9521830124001724,4.39797985136332,0.3405186066507402
-0.13924766500838334,-0.12466637514245194,26.62895586922063,1.2512789357158087,13.466794557148118,0.7317977535490353,4.231843481986649,0.25985425091467285
-0.12373879148704055,-0.12466637514245194,25.764404798714327,0.9680345531203027,13.030883514456931,0.5644798138127928,4.092291499018355,0.19910881399982844
-0.10995723711238882,-0.12466637514245194,25.03188823513025,0.7508239972665085,12.660883737363479,0.43661420697789577,3.9747378562937814,0.15328237083169158
-0.09771061966979347,-0.12466637514245194,24.40711915987002,0.5835718065999638,12.344791933152736,0.3384444290818962,3.875171439654041,0.11853902288038944
-0.0868279837415025,-0.12466637514245194,23.871330615347514,0.4543638524473634,12.073419561509438,0.2628244575466051,3.790251080677843,0.09202279980174725
-0.07715741427178036,-0.12466637514245194,23.409771972669425,0.35428263886415734,11.839526333930598,0.20442854861084533,3.7173148942186773,0.07165069997334188
-0.06856391592404971,-0.12466637514245194,23.010662122588627,0.27659592208383643,11.637276567813696,0.159240370384002,3.6542901715557212,0.055910824929225895
-0.06092752862714207,-0.12466637514245194,22.664456048016632,0.2161851991081899,11.461891632970964,0.12420866023009494,3.599566009302531,0.04369769514418749
-0.0541416530048151,-0.12466637514245194,22.363325408722392,0.1691372565506196,11.309416682641235,0.09700476637380188,3.551874391898258,0.03419205158848863
-0.04811156231253989,-0.12466637514245194,22.10078450414645,0.13244757011172636,11.17655453754572,0.07584609994809463,3.5101973174492893,0.026777965615865346
-0.04275308010908995,-0.12466637514245194,21.871415236887067,0.10380169182314106,11.060541086580377,0.059364854306883603,3.473700565994659,0.020986660898402953
-0.0379914052040221,-0.12466637514245194,21.670660327035588,0.0814121050348204,10.959048356773037,0.04650927061976263,3.4416883670990064,0.016458078325360573
-0.03376006747802295,-0.12466637514245194,21.49466453950004,0.06389530242286473,10.8701074342711,0.03646895897527122,3.4135725496524727,0.012913932185516348
-0.03,-0.12466637514245194,21.340150527151515,0.050178514548715636,10.792046425951083,0.028618247338920114,3.388851111910584,0.010138272826266045
0.03,-0.12466637514245194,19.10416524942887,0.04563120848316622,9.661328387691064,0.02591694532070795,3.0302751919442916,0.00902901456627104
0.03376006747802295,-0.12466637514245194,18.97774368704787,0.05742306861653344,9.59711476318262,0.0326176656423755,3.0100812125821172,0.011345169594516731
0.0379914052040221,-0.12466637514245194,18.83729513409611,0.07220266232445416,9.52572826375825,0.0410177452632197,2.987647614673644,0.01424304100819559
0.04275308010908995,-0.12466637514245194,18.6815158429512,0.09070162337581351,9.446495590436461,0.05153329584749961,2.9627569694159877,0.017864735077854417
0.04811156231253989,-0.12466637514245194,18.5090473417447,0.11381985002672118,9.358719188738489,0.06467506858554455,2.9351747684032463,0.022386238927766186
0.0541416530048151,-0.12466637514245194,18.31849453721708,0.1426593112684774,9.261692042381181,0.08106593826117603,2.9046483578577496,0.02802547858499054
0.06092752862714207,-0.12466637514245194,18.1084526925159,0.17856205815052026,9.154720558147625,0.10145897520100984,2.8709073297960273,0.035052043045677106
0.06856391592404971,-0.12466637514245194,17.877547770702137,0.22315099075935813,9.037158711143105,0.12675399159588344,2.833668411692875,0.0437980671499968
0.07715741427178036,-0.12466637514245194,17.624498001502566,0.2783696079536438,8.908457098121394,0.15800878442889377,2.79265097909651,0.05466813411433262
0.0868279837415025,-0.12466637514245194,17.348210266003147,0.3465122801182107,8.768230023855017,0.19643906984076173,2.747613601806466,0.06814255556920089
0.09771061966979347,-0.12466637514245194,17.04793359189571,0.430227617839486,8.616340838173004,0.2433988357277629,2.6984255539678057,0.0847623279429253
0.10995723711238882,-0.12466637514245194,16.72350254592625,0.5324617684909272,8.452998562374159,0.30033210576775654,2.645183530493985,0.10507693116492009
0.12373879148704055,-0.12466637514245194,16.37570916943054,0.6562847658639063,8.278846466867599,0.3686908213117533,2.588359150028088,0.1295366362284391
0.13924766500838334,-0.12466637514245194,16.00682566121409,0.804517742063607,8.095010413720102,0.4498240838457464,2.5288991317340463,0.15834210849068803
0.15670035222800524,-0.12466637514245194,15.621227726976745,0.9790792712778775,7.903081501609841,0.5448547940567549,2.4681009386564954,0.1913568764887775
0.17634048216824733,-0.12466637514245194,15.22590480286656,1.1800578795784264,7.70507927171351,0.6545360722900861,2.407049913815526,0.22831684672024588
0.19844221923690444,-0.12466637514245194,14.830424602189254,1.4047624380111134,7.503632369805915,0.7789422107173519,2.345710976240494,0.26949680088446154
0.22331409039755062,-0.12466637514245194,14.445933599175094,1.6472882291666968,7.30287394444461,0.9165341078352905,2.2827363351712857,0.31622485238747533
0.2513032920204875,-0.12466637514245194,14.083738303259796,1.8987708059337614,7.11047341365064,1.0619021315794737,2.218074057113177,0.3691656369387361
0.2828005365353655,-0.12466637514245194,13.756567588049421,2.1462482882100256,6.939973375141376,1.2024012751030302,2.1584630608464463,0.42268299620236705
0.3182455065418344,-0.12466637514245194,13.48776552183264,2.3647625650817825,6.810228777461495,1.317042479160688,2.117931638290229,0.4617882309255367
0.35813299251433084,-0.12466637514245194,13.327174950852823,2.5021214333569386,6.739755598785302,1.3822187713447023,2.1030530782735313,0.4767155179474649
0.40301979977966995,-0.12466637514245194,13.35177509063217,2.480742172103238,6.745465260309759,1.3768605309874362,2.1037482369574434,0.47601111792846945
0.4535325211846986,-0.12466637514245194,13.62968815473596,2.247641529499448,6.863220690374894,1.269392058377904,2.1320442749238224,0.44791577121708526
0.5103762839557767,-0.12466637514245194,14.211327809392937,1.807550547541426,7.164289690809086,1.019865069424581,2.2340465282637556,0.355605268042505
0.5743445928509872,-0.12466637514245194,15.236274090100203,1.1744905687967093,7.710009096367675,0.6516565631446004,2.4065828008184074,0.22861485251929795
0.6463304070095649,-0.12466637514245194,16.931228050249732,0.4655666170012751,8.55598517809461,0.2636452993650338,2.6726554000279794,0.09428734356988223
0.7273386051246984,-0.12466637514245194,19.45587991423555,0.0201610931062527,9.838836914721622,0.011507344933117346,3.083615476597072,0.004214576842141595
0.8185000129460304,-0.12466637514245194,23.14889208763761,0.3025459484926529,11.700398780968193,0.17280175145574456,3.6877555095651045,0.06404910900689777
0.9210871889273549,-0.12466637514245194,28.278548042925035,1.8629096392067694,14.36755030580335,1.1288698635130086,4.514229610806219,0.40198692392094837
1.0365321883776653,-0.12466637514245194,35.67424269791851,5.3981697003504845,17.9746500456773,3.238223865293179,5.732285664409889,1.2444620440405953
1.166446554092426,-0.12466637514245194,45.32573485386361,10.921362127676662,23.194331244156803,7.141033649446584,7.34749156788556,2.737511982264415
1.3126438125222553,-0.12466637514245194,59.459663610120685,19.088510295926767,30.007734282382795,12.796005432151556,9.558041012292778,5.1562808450983
1.4771647895120215,-0.12466637514245194,77.16227717534068,27.991945149177486,39.26467306630758,20.433911363321002,12.682438296824413,8.916913560439653
1.6623060990028473,-0.12466637514245194,102.39008241746903,37.48723212428816,52.53049673639162,30.132961374957176,16.740093933045383,13.979954088597957
1.8706522023821734,-0.12466637514245194,136.94503757923795,45.80866157993351,68.62485563739703,39.28709346771791,22.05865727160723,20.508534046378735
2.1051114860111477,-0.12466637514245194,179.82856791062008,51.8510057899733,91.49074772401173,47.924054330843546,29.327837821473032,28.808407373139076
2.368956860549917,-0.12466637514245194,239.85615921578398,56.58511005315856,122.02831227243541,54.40268326842826,39.20890482577811,38.521347561004035
2.6658714488230206,-0.12466637514245194,321.0765738286751,60.050091060568136,161.88413238861907,58.79679405650265,53.41852231211359,49.02507733619284
3.0,-0.12466637514245194,424.0591162974544,62.45242969228169,215.7901570968704,61.84864492734562,71.67091533901161,57.11331372267237
-3.0,-0.07479982508547112,1374.5429782182207,67.36974996577902,696.6899247274115,67.32056971077223,219.6609662883212,67.04295299117217
-2.6658714488230206,-0.07479982508547112,1099.399289096106,66.8389850068705,558.1822361380151,66.76407583119993,175.66856053703992,66.28590636822456
-2.368956860549917,-0.07479982508547112,886.8390327824351,66.19736274809244,449.7320202380534,66.07234286191694,141.5930952503837,65.25942306108303
-2.1051114860111477,-0.07479982508547112,718.9573635438986,65.41361509241148,364.0414353054626,65.20886512872367,114.7521988821149,63.80992643825287
-1.8706522023821734,-0.07479982508547112,583.7113231804299,64.44123881840794,295.37412480269677,64.11609831488934,93.18943839317372,61.640503741999936
-1.6623060990028473,-0.07479982508547112,476.59815222724444,63.2607901125571,241.24696730506113,62.75779961234838,75.85242025631561,58.305966600599966
-1.4771647895120215,-0.07479982508547112,390.6976395790561,61.820093083689635,197.80217000548174,61.04286136418559,62.15107033772925,53.55886428291767
-1.3126438125222553,-0.07479982508547112,321.9213077867166,60.07643669733088,162.92661968206292,58.878431190255625,51.15812015719637,47.62352337223494
-1.166446554092426,-0.07479982508547112,266.6357917058336,57.97571479401485,134.9129801204617,56.157738850046336,42.361410766207534,41.20502344556135
-1.0365321883776653,-0.07479982508547112,221.98813770845305,55.457958877316976,112.29980774362521,52.763480713609056,35.24701837243796,34.86046912586737
-0.9210871889273549,-0.07479982508547112,185.79325931528527,52.46594980522799,93.98722294099915,48.62636594178665,29.483719617624423,28.976406206073555
-0.8185000129460304,-0.07479982508547112,156.24544186572584,48.94256662869948,79.0189161801892,43.76136080993302,24.79284380403425,23.731387119615675
-0.7273386051246984,-0.07479982508547112,131.96629375421122,44.85516435314903,66.76507001274369,38.374349490465775,20.91395265853405,19.128266256697657
-0.6463304070095649,-0.07479982508547112,111.80706756084103,40.19877171267187,56.52844718653935,32.67837311977145,17.72463155963675,15.206771813106705
-0.5743445928509872,-0.07479982508547112,94.83244137898416,35.009181053898416,47.973884410079755,27.011092986837625,15.032495259028387,11.844444585791209
-0.5103762839557767,-0.07479982508547112,80.46533130405666,29.44372815375158,40.693979259625436,21.56317845523718,12.755409833966516,9.007131775357934
-0.4535325211846986,-0.07479982508547112,68.28476152984308,23.75811753056105,34.52085924439523,16.574186850148067,10.819847844908638,6.644453835002356
-0.40301979977966995,-0.07479982508547112,58.235665191444475,18.408335279177063,29.443579010738702,12.320986703486504,9.235414190280807,4.785655334194952
-0.35813299251433084,-0.07479982508547112,50.32949172718563,13.86941477589497,25.44100109064898,8.972522148646599,7.98396438805133,3.400612787688905
-0.3182455065418344,-0.07479982508547112,44.33123278450301,10.335368736340227,22.408087216290088,6.51519532588942,7.037161375243031,2.427128551978392
-0.2828005365353655,-0.07479982508547112,39.821863028359886,7.709779863178847,20.132960676871836,4.769057601827064,6.321020109077494,1.7503351095448245
-0.2513032920204875,-0.07479982508547112,36.39178711028973,5.787044842483464,18.399651676613132,3.5274060754606387,5.776501210433689,1.2805997064255363
-0.22331409039755062,-0.07479982508547112,33.728188753468565,4.3748109593836615,17.05083026055467,2.634524466875118,5.358391239478914,0.9525731555110675
-0.19844221923690444,-0.07479982508547112,31.615627598497,3.328339629908443,15.981758390238047,1.9851099496161346,5.0279589209737585,0.7172800601242504
-0.17634048216824733,-0.07479982508547112,29.90948903680071,2.545770461117451,15.120524520939565,1.5074435093470886,4.7583464581304975,0.543429087586429
-0.15670035222800524,-0.07479982508547112,28.511087758824413,1.955871857826808,14.41603603379525,1.1520419068651193,4.534292860193731,0.4129938002767518
-0.13924766500838334,-0.07479982508547112,27.350981469936116,1.5081971294315009,13.831766298176161,0.8847631381360184,4.347002101800173,0.31484355886042203
-0.12373879148704055,-0.07479982508547112,26.37887636007579,1.1665111329574027,13.341616722680843,0.6819831983742417,4.190152635236559,0.24101216966540595
-0.10995723711238882,-0.07479982508547112,25.55749374420192,0.9044731342340617,12.926739885019282,0.52712952777011,4.058370180791599,0.18536820743578786
-0.09771061966979347,-0.07479982508547112,24.858657841517225,0.7027292364850399,12.573193095725642,0.40832714167568185,3.9470107491296784,0.14322212806018939
-0.0868279837415025,-0.07479982508547112,24.260684195587796,0.5469142425711847,12.270343193931613,0.3168815682583013,3.8522335499184805,0.11108749592049415
-0.07715741427178036,-0.07479982508547112,23.74659185613541,0.4262648478209948,12.00984464857646,0.24631654640303266,3.7709908454621583,0.08642323119827462
-0.06856391592404971,-0.07479982508547112,23.30286570252726,0.3326498966851471,11.784997630558816,0.19175117973968728,3.7009150251342797,0.06738581743987505
-0.06092752862714207,-0.07479982508547112,22.918592521937796,0.25988511088113686,11.590336815009554,0.14947990777092024,3.6401690997884786,0.052628046952295705
-0.0541416530048151,-0.07479982508547112,22.584850722569808,0.20324199089431472,11.421355177072552,0.11667675431756393,3.587309505118816,0.04115227223780987
-0.04811156231253989,-0.07479982508547112,22.294271717001457,0.15909040080924056,11.274307572867144,0.0911800335035956,3.5411795664278567,0.03220916554648618
-0.04275308010908995,-0.07479982508547112,22.040718000702586,0.12463467207110604,11.146063896693224,0.07133232288210319,3.5008335942764077,0.025229045043051165
-0.0379914052040221,-0.07479982508547112,21.819041614573074,0.09771641367103022,11.033995340619432,0.05586016615152675,3.4654848411520245,0.01977485510949763
-0.03376006747802295,-0.07479982508547112,21.62489912583683,0.07666581217044235,10.935884358461253,0.043783132298699214,3.4344699736586923,0.01550919470431706
-0.03,-0.07479982508547112,21.454607326560566,0.0601887445967445,10.849852511199188,0.03434486803036308,3.40722431173032,0.0121705382815548
0.03,-0.07479982508547112,19.009208437391187,0.05435535256674037,9.613238159845915,0.030859537557355602,3.015061800152704,0.010748342990192462
0.03376006747802295,-0.07479982508547112,18.87220500183287,0.06836229663204146,9.543648736591134,0.03881404792515791,2.993176845690993,0.013496776941372409
0.0379914052040221,-0.07479982508547112,18.720191182712963,0.08589984338904962,9.466382607460636,0.04877482187692765,2.9688951491704842,0.01693150653774734
0.04275308010908995,-0.07479982508547112,18.551827829232465,0.10782369005370618,9.380747599953457,0.06122786293770857,2.941992829188039,0.021218324187332188
0.04811156231253989,-0.07479982508547112,18.365738743200335,0.1351818401981149,9.28603661669978,0.07676707528195481,2.9122310780034755,0.02656166310783455
0.0541416530048151,-0.07479982508547112,18.160536540403086,0.16925080498104997,9.181546839906089,0.09611273572385923,2.8793560575697454,0.033213357750517494
0.06092752862714207,-0.07479982508547112,17.934859872990987,0.21157478186195755,9.066608549156426,0.1201295312000467,2.843100699490731,0.04148297192458857
0.06856391592404971,-0.07479982508547112,17.687427381602227,0.26400506601584467,8.940627189952204,0.14984110940580772,2.8031917993286695,0.05174888115252046
0.07715741427178036,-0.07479982508547112,17.4171175267599,0.32873368172210865,8.803142882129478,0.1864358750808066,2.7593691291286873,0.06446726061825175
0.0868279837415025,-0.07479982508547112,17.123089794818704,0.4083089256700359,8.653911029403393,0.23125579999712959,2.7114278713221127,0.08017186095610587
0.09771061966979347,-0.07479982508547112,16.804972265622922,0.5056088844147246,8.493004610833854,0.2857569141926205,2.6592993184018003,0.0994501960136943
0.10995723711238882,-0.07479982508547112,16.463151796940256,0.6237291507907313,8.320931138647236,0.3514287726849421,2.6031804986132343,0.12287341592345272
0.12373879148704055,-0.07479982508547112,16.099209037467986,0.7657119118392753,8.13874433597008,0.4296639542037263,2.54369648364833,0.15085820016553672
0.13924766500838334,-0.07479982508547112,15.716522086417672,0.9340139059197272,7.948117739602416,0.5215801678537819,2.4820108895524773,0.18347652041318546
0.15670035222800524,-0.07479982508547112,15.320984549601134,1.1296147065819937,7.751356540935188,0.6278086447651682,2.4196962074098107,0.22033786882064066
0.17634048216824733,-0.07479982508547112,14.921610711105824,1.3507794867628227,7.551403315342274,0.7482323877707189,2.358143312448417,0.2608122822372499
0.19844221923690444,-0.07479982508547112,14.530578219798956,1.5917866202507425,7.352097275853436,0.881498030888516,2.297627753231641,0.30475503972255935
0.22331409039755062,-0.07479982508547112,14.162302536995398,1.8422575673953443,7.159214390065872,1.0237831978527623,2.23717689789526,0.3529853098541236
0.2513032920204875,-0.07479982508547112,13.832198252788018,2.087269861898196,6.982707432687294,1.166122698883115,2.177403386454806,0.40517275576557343
0.2828005365353655,-0.07479982508547112,13.558456762060144,2.3059304102692426,6.839216551717446,1.2908336265937201,2.1262307415358683,0.4535968445728998
0.3182455065418344,-0.07479982508547112,13.37215950015262,2.4631198857368295,6.751518636057197,1.3711947908623197,2.099149092223781,0.48068416309575895
0.35813299251433084,-0.07479982508547112,13.333751472621943,2.4963938968507695,6.742971792589601,1.3791988319263453,2.103989250700861,0.47576706028280796
0.40301979977966995,-0.07479982508547112,13.532896238166737,2.3270890387600605,6.837180175845813,1.2926634755714628,2.132768215943272,0.44721159776501607
0.4535325211846986,-0.07479982508547112,14.052991655231656,1.9211900478413675,7.079458581998539,1.0866248535222458,2.2012711829879303,0.38378181499407127
0.5103762839557767,-0.07479982508547112,14.969495815313653,1.3229593404823785,7.550935400899414,0.7485294930520957,2.3569807969614756,0.2616169591876262
0.5743445928509872,-0.07479982508547112,16.45543511499042,0.6265631659882404,8.324710905211866,0.3499018394414326,2.602320443269127,0.12325454106679788
0.6463304070095649,-0.07479982508547112,18.756450922865188,0.08152383011886026,9.483050765839199,0.046524533340775207,2.9703909563606232,0.016708082798245396
0.7273386051246984,-0.07479982508547112,22.091111875572167,0.1311746595720184,11.18216890900305,0.0766912817615457,3.5092100058817155,0.026612608483165646
0.8185000129460304,-0.07479982508547112,26.89998953920783,1.3456430720980586,13.59399758728094,0.7838252366040113,4.300992025860181,0.2923645136031364
0.9210871889273549,-0.07479982508547112,33.42502727134403,4.220105898405154,17.007702576281588,2.6072458070275055,5.349407311705296,0.9458793625418881
1.0365321883776653,-0.07479982508547112,42.79213382114653,9.431783375264477,21.549191968349067,5.843402897700633,6.895238066416977,2.2883872855888985
1.166446554092426,-0.07479982508547112,54.83734057293457,16.484860863742604,28.101132827640136,11.191774342669058,8.915257505851985,4.422784238842606
1.3126438125222553,-0.07479982508547112,72.45055436698208,25.804980825125597,36.56161093845827,18.253415766445872,11.663063562640156,7.664821614597134
1.4771647895120215,-0.07479982508547112,94.29440563659672,34.821605159879205,48.000998213444284,27.030351814470123,15.531659935650275,12.469058076897072
1.6623060990028473,-0.07479982508547112,125.35932884011619,43.4794930705297,64.34915362804168,37.13408166192559,20.52405397972893,18.654437151996426
1.8706522023821734,-0.07479982508547112,167.74910313258698,50.4662387098685,84.05247992125969,45.58304987495254,27.04111378077109,26.293096985867415
2.1051114860111477,-0.07479982508547112,220.10915666631655,55.32812859484286,112.00174901493524,52.70808797254702,35.92589082435944,35.51037845531384
2.368956860549917,-0.07479982508547112,293.27280986416986,59.09279807407386,149.22324092824812,57.69739160348969,47.97287099673934,45.47912349960471
2.6658714488230206,-0.07479982508547112,392.04324985477194,61.84779209254244,197.68077527069264,61.03684819502313,65.26460741278882,54.86512887832163
3.0,-0.07479982508547112,516.9878625954622,63.76582983722187,263.1027668734765,63.38156463389524,87.41817677649337,60.75693841801228
-3.0,-0.024933275028490298,1586.249985491774,67.6509069345341,803.9949231207808,67.61486489216311,253.50044710985267,67.41594429736091
-2.6658714488230206,-0.024933275028490298,1266.3345348409362,67.18904841494273,642.9366606123695,67.13443833529548,202.34799608674516,66.79315169004462
-2.368956860549917,-0.024933275028490298,1019.3592629265376,66.62952086642245,516.9355973360623,66.53725067977217,162.7556401397063,65.9627970176894
-2.1051114860111477,-0.024933275028490298,824.4873696830444,65.94459152330603,417.47687456048516,65.79203902688518,131.59903995947786,64.81674635716728
-1.8706522023821734,-0.024933275028490298,667.6995622586916,65.09303656284463,337.8746862049189,64.84970000652353,106.6007993763531,63.146449542348286
-1.6623060990028473,-0.024933275028490298,543.6715755732673,64.05664936837124,275.1985921139834,63.6793719201508,86.52907931473538,60.60395450170301
-1.4771647895120215,-0.024933275028490298,444.34587869224976,62.78831498954359,224.96321753824938,62.20323276901088,70.68638553793043,56.80297444701664
-1.3126438125222553,-0.024933275028490298,364.9391664192936,61.24825406035155,184.6979903584179,60.34065307311505,57.99482561970967,51.569131010512876
-1.166446554092426,-0.024933275028490298,301.214388192708,59.3853684749609,152.40859544935893,57.99423522997924,47.85525895097985,45.396084090361896
-1.0365321883776653,-0.024933275028490298,249.84752154251717,57.14100331812594,126.39258488028825,55.04400944254514,39.67036810736423,38.926924592599946
-0.9210871889273549,-0.024933275028490298,208.29389991595298,54.45478536866942,105.36883666565387,51.38339405214491,33.053935431068204,32.697929277589516
-0.8185000129460304,-0.024933275028490298,174.45596602758883,51.259601949190404,88.22754044153373,46.945004580643975,27.681971381970182,27.007469058899925
-0.7273386051246984,-0.024933275028490298,146.73415013742573,47.500209376260074,74.23622093270303,41.829346178305315,23.253250066488754,21.930189783110965
-0.6463304070095649,-0.024933275028490298,123.79839659408951,43.13459149421757,62.58995489211697,36.19123070140679,19.6247003757915,17.554966389127298
-0.5743445928509872,-0.024933275028490298,104.5622272251311,38.14787818568886,52.89662807365252,30.373654694097404,16.57394295276289,13.772458424648399
-0.5103762839557767,-0.024933275028490298,88.33663920995522,32.63916782101037,44.67545087835295,24.609387317655553,14.002357897914564,10.55700007510659
-0.4535325211846986,-0.024933275028490298,74.58573280831362,26.81297393123692,37.70626578122684,19.183467241310534,11.816676508256382,7.8523779754679515
-0.40301979977966995,-0.024933275028490298,63.19046509884465,21.11512273382605,31.949271246910392,14.428571892445543,10.020660543051587,5.6953851602482235
-0.35813299251433084,-0.024933275028490298,54.167425674859,16.100231622056896,27.381249939036174,10.58792284498678,8.591996287237809,4.061937115125382
-0.3182455065418344,-0.024933275028490298,47.300774293262954,12.086890809187672,23.908424147907972,7.717033714417606,7.507868373016425,2.9014226366283
-0.2828005365353655,-0.024933275028490298,42.14644529731465,9.054506970455497,21.30745488589378,5.656868822517341,6.689721355540173,2.0913387376728667
-0.2513032920204875,-0.024933275028490298,38.24209768587253,6.8128577242388655,19.334623362979524,4.185745404296142,6.070081731863067,1.5284341441870892
-0.22331409039755062,-0.024933275028490298,35.22513166784007,5.157715696608072,17.80707202757141,3.126093848042361,5.596348774179864,1.1354354211995723
-0.19844221923690444,-0.024933275028490298,32.843587518693404,3.9274193825089276,16.601938969650064,2.354879975851223,5.223705276532662,0.8539099783528427
-0.17634048216824733,-0.024933275028490298,30.92826767485309,3.005539219059563,15.635067104399702,1.7875220783431243,4.9210365534005085,0.6462559254589137
-0.15670035222800524,-0.024933275028490298,29.364142754336445,2.3096949994057,14.847026419987976,1.3654302406850383,4.670512546298772,0.49069162497513485
-0.13924766500838334,-0.024933275028490298,28.07069691468914,1.7811479768867966,14.195563365967425,1.0480899973678452,4.4617850103624885,0.373763271946739
-0.12373879148704055,-0.024933275028490298,26.989924644098636,1.3775148302221198,13.650612502841577,0.8074286633829474,4.287464664284633,0.2858830716715398
-0.10995723711238882,-0.024933275028490298,26.07903249639706,1.0678812888057039,13.190534075181327,0.6237364416901943,4.141353224819743,0.21970269144141666
-0.09771061966979347,-0.024933275028490298,25.30580703460604,0.8294738881065844,12.799370367006011,0.4828849116248638,4.018150305555638,0.16961536296211574
-0.0868279837415025,-0.024933275028490298,24.645544620654853,0.6453556514440504,12.464991904828485,0.37452901840308483,3.913499716005804,0.13145714262164582
-0.07715741427178036,-0.024933275028490298,24.07896321982463,0.5028176344963308,12.177911929832247,0.2909641236585694,3.8239570403289345,0.10219442425327324
-0.06856391592404971,-0.024933275028490298,23.590763788783633,0.3922488916399749,11.930541103185776,0.2263851617453996,3.746852168498847,0.07962694358051153
-0.06092752862714207,-0.024933275028490298,23.168629433458364,0.3063347458960485,11.716709407247626,0.1763865888387505,3.6801165964745963,0.06214736844265816
-0.0541416530048151,-0.024933275028490298,22.80252001307846,0.23948028707724184,11.531344844980683,0.13761010937332357,3.622127291640255,0.048566091381542435
-0.04811156231253989,-0.024933275028490298,22.48416606348239,0.18738962229258654,11.370245240388753,0.10748817078273948,3.571586072619477,0.03799028542563412
-0.04275308010908995,-0.024933275028490298,22.206697981026704,0.1467545161894049,11.229908118612967,0.08405328508639527,3.5274337458141964,0.029741787919145106
-0.0379914052040221,-0.024933275028490298,21.964368301658087,0.11502133173033253,11.107399419345752,0.0657946920988492,3.488791147759246,0.02330083068040949
-0.03376006747802295,-0.024933275028490298,21.752339399021686,0.09021505932710266,11.000249973079445,0.05155001506135374,3.4549187897975666,0.01826656539110963
-0.03,-0.024933275028490298,21.566518279345747,0.07080561276574443,10.906372843675207,0.040423137913294584,3.4251886534653506,0.014328597537636791
0.03,-0.024933275028490298,18.9177672687058,0.06351646003772375,9.566928277812774,0.03604665096721327,3.000411481347664,0.012552047127810658
0.03376006747802295,-0.024933275028490298,18.7706897370248,0.0798385916355748,9.492220826333691,0.045310436067035526,2.9769166977221837,0.015751602592157084
0.0379914052040221,-0.024933275028490298,18.607699910849366,0.10025346242882104,9.40937436787745,0.056897848612153065,2.9508810674945267,0.01974547437892378
0.04275308010908995,-0.024933275028490298,18.427438218335073,0.125742546948651,9.317685515979772,0.07136559823438507,2.9220766834654324,0.024723371383659036
0.04811156231253989,-0.024933275028490298,18.22852889152182,0.15750251440338653,9.216446898250354,0.0893908514612771,2.8902634069481397,0.03091816347435837
0.0541416530048151,-0.024933275028490298,18.00961434771372,0.19698274459175164,9.104971138321108,0.11179006254699564,2.8551898687405797,0.038615143040597405
0.06092752862714207,-0.024933275028490298,17.76940361766696,0.24592392859487638,8.982626056132695,0.1395359667428094,2.816596858957446,0.048162632369879145
0.06856391592404971,-0.024933275028490298,17.50674111827126,0.3063933520807339,8.848885207678231,0.17376854591532317,2.774226846623316,0.0599827423284872
0.07715741427178036,-0.024933275028490298,17.22070626771684,0.380808065085046,8.703398513100586,0.21579292411474835,2.727846941829629,0.07457860459674663
0.0868279837415025,-0.024933275028490298,16.910761391590487,0.47192898438003605,8.546087196150951,0.2670533452276146,2.6772974615416136,0.0925293038825139
0.09771061966979347,-0.024933275028490298,16.576975630864183,0.5827943635092403,8.37726402469861,0.32906835025348213,2.622581987284047,0.1144552248087768
0.10995723711238882,-0.024933275028490298,16.220364551479022,0.7165368340404252,8.19777187926359,0.40331020755598473,2.564009898002485,0.14092698879123883
0.12373879148704055,-0.024933275028490298,15.84339113473497,0.8759938462366316,8.009120301359287,0.4910155397254408,2.5023732809387043,0.1722930576819251
0.13924766500838334,-0.024933275028490298,15.450653464840078,1.062988392332166,7.813587013973033,0.5929268898829537,2.439067659823445,0.20844567201687028
0.15670035222800524,-0.024933275028490298,15.049700880019811,1.2771679148895667,7.614263112039911,0.7089769737015713,2.375958145064715,0.2486701365262589
0.17634048216824733,-0.024933275028490298,14.651739185752119,1.514433559694252,7.415107515890401,0.8378921140794293,2.3147659235815414,0.29187977107464885
0.19844221923690444,-0.024933275028490298,14.27176239512227,1.7653507821914851,7.221292557100549,0.9765139461924839,2.25611907428667,0.3373920635507927
0.22331409039755062,-0.024933275028490298,13.927725676671505,2.014309561570581,7.04039471746949,1.118286571300986,2.1994897337491293,0.3853527440948069
0.2513032920204875,-0.024933275028490298,13.63953133916864,2.2396645436726272,6.884840517058188,1.250281413034321,2.1462438670902273,0.4342353848233619
0.2828005365353655,-0.024933275028490298,13.431371165133728,2.4124078069081105,6.774579367275968,1.3497522595143334,2.1055477812610826,0.4741908345968964
0.3182455065418344,-0.024933275028490298,13.342746317443288,2.4885745008726827,6.736553091749238,1.3852302144962607,2.0943423914561614,0.485600320306612
0.35813299251433084,-0.024933275028490298,13.445376299980774,2.4005161446885106,6.799331884178318,1.3269846473606106,2.121787144751233,0.45797082379483245
0.40301979977966995,-0.024933275028490298,13.842161098250148,2.079580997503366,6.993849285201352,1.1567823076793071,2.182416870138548,0.40061758565051714
0.4535325211846986,-0.024933275028490298,14.632797325016108,1.5263657514451492,7.375593329385543,0.8650756201830279,2.2960924293745526,0.30592538141560877
0.5103762839557767,-0.024933275028490298,15.920341650181118,0.8418868807860518,8.035815423756194,0.4779840236660321,2.5111920391563456,0.16757801388522942
0.5743445928509872,-0.024933275028490298,17.913625277332315,0.21582432678779803,9.06003990859603,0.1215902779482457,2.836512801048793,0.04309273962579759
0.6463304070095649,-0.024933275028490298,20.876464904926667,0.01865446108243439,10.559871860683792,0.010735098377229553,3.316236688002774,0.0038769276817725035
0.7273386051246984,-0.024933275028490298,25.091689668671894,0.7677253128808512,12.711715660154844,0.453372738162713,3.993891511908828,0.16040174699754955
0.8185000129460304,-0.024933275028490298,31.110147951356623,3.0900146705527325,15.719492025203959,1.835003267508708,4.989309593421079,0.6913024783520033
0.9210871889273549,-0.024933275028490298,39.140328975170455,7.320808336936068,19.939491039193047,4.626069658233524,6.276998711105972,1.7107794260271334
1.0365321883776653,-0.024933275028490298,50.631074857730994,14.046108694133551,25.4862349283311,9.00990505002641,8.176080292358343,3.606899839570983
1.166446554092426,-0.024933275028490298,65.24531467977584,22.199180267487534,33.46990871373478,15.700589561088844,10.630791272833962,6.418155070701893
1.3126438125222553,-0.024933275028490298,86.58982052813101,31.961458755016302,43.69529347585069,23.873836069371755,13.954461754242166,10.497247307098732
1.4771647895120215,-0.024933275028490298,112.86271964844049,40.479098247448945,57.469682779539085,33.251101437473025,18.619668407361683,16.316679090670906
1.6623060990028473,-0.024933275028490298,150.16497490450283,48.04156714752799,77.11208951013207,43.0156781730714,24.610726301736428,23.520240796386435
1.8706522023821734,-0.024933275028490298,200.9158243279533,53.85423984851214,100.66503759423513,50.32561284502856,32.406553849243714,32.04137137477107
2.1051114860111477,-0.024933275028490298,263.37425023743435,57.82239531662421,134.03271852382983,56.05033606273854,43.01350092375217,41.73468035381069
2.368956860549917,-0.024933275028490298,350.5253115433136,60.88946273966061,178.37148891572534,59.95850375491975,57.36710555437961,51.24271443375402
2.6658714488230206,-0.024933275028490298,467.967126493315,63.141029496000066,235.98038828581636,62.587915033821716,77.9384681654761,58.83188871615777
3.0,-0.024933275028490298,616.2589754921055,64.71569305237409,313.6454959667102,64.45829102571184,104.23949165964565,62.92421545871881
-3.0,0.02493327502849052,1805.5831798536476,67.8717266790066,915.1650850930025,67.84454490873675,288.559287056665,67.69676210033181
-2.6658714488230206,0.02493327502849052,1439.145460715796,67.46446167229968,730.6735339468806,67.42352002432165,229.9666918313367,67.17037715074689
-2.368956860549917,0.02493327502849052,1156.4218696627981,66.97016166192529,586.4423488701476,66.90009311703582,184.64370713354504,66.47706019995626
-2.1051114860111477,0.02493327502849052,933.5281896705733,66.36397329178376,472.6899647030486,66.24701224197655,149.00640826235403,65.53630810541449
-1.8706522023821734,0.02493327502849052,754.3904627046334,65.60897539551902,381.7428658682117,65.42162476677603,120.44371360447084,64.19596744364435
-1.6623060990028473,0.02493327502849052,612.8237997452942,64.68815347596657,310.20241224969135,64.39720273159445,97.5366846598969,62.20005254717541
-1.4771647895120215,0.02493327502849052,499.5880797121819,63.5587141049856,252.93117164809937,63.10633661068728,79.475314015353,59.192964042262375
-1.3126438125222553,0.02493327502849052,409.1756454558192,62.18372095143565,207.08604396761004,61.4787956039506,65.02521421591898,54.76997737576663
-1.166446554092426,0.02493327502849052,336.72107517503576,60.51534364761077,170.37374364186658,59.42777401665753,53.49655766870592,49.07171607473074
-1.0365321883776653,0.02493327502849052,278.4101394633523,58.497505755640496,140.8410512924275,56.84019947625376,44.20536321234559,42.6802569831155
-0.9210871889273549,0.02493327502849052,231.32392757922813,56.06992804557336,117.01818475647315,53.59763572511558,36.70813592689834,36.24770517377919
-0.8185000129460304,0.02493327502849052,193.06141685266545,53.16167879327563,97.63582164233014,49.585479246297716,30.633732858510832,30.20176866958739
-0.7273386051246984,0.02493327502849052,161.79306479121612,49.70494196655095,81.85454940624084,44.81291389232953,25.63863431722292,24.704984711748452
-0.6463304070095649,0.02493327502849052,136.00085422440205,45.63298233933121,68.75811664212146,39.35111795122336,21.55819535771892,19.907145794171853
-0.5743445928509872,0.02493327502849052,114.44285164691715,40.89037806681452,57.89560201654686,33.506951347414315,18.139257178037358,15.721676437011373
-0.5103762839557767,0.02493327502849052,96.31678822259671,35.518764271240556,48.71188500351046,27.53241689578705,15.26651848669772,12.13726894568834
-0.4535325211846986,0.02493327502849052,80.97083253408312,29.66004023517387,40.934173096334014,21.75119672919805,12.82679061126787,9.095446144183601
-0.40301979977966995,0.02493327502849052,68.21497441678335,23.72293491329372,34.490255375801546,16.54882357709259,10.81694229755992,6.640968325337233
-0.35813299251433084,0.02493327502849052,58.05945514128475,18.309834003977905,29.348923828846125,12.241295076247377,9.208566885905928,4.755030541795908
-0.3182455065418344,0.02493327502849052,50.30637619518815,13.855863857258925,25.427025919630555,8.960975832341617,7.984248256044406,3.400915648249007
-0.2828005365353655,0.02493327502849052,44.491704169223745,10.429839562751805,22.49240296143923,6.581844683692175,7.061684632161995,2.451312879662448
-0.2513032920204875,0.02493327502849052,40.10228665312849,7.870620540946287,20.274589731281505,4.874354134689888,6.365220561142327,1.79031061328726
-0.22331409039755062,0.02493327502849052,36.72502227056362,5.969470741706345,18.564809504324156,3.641560950705944,5.834760454516559,1.3287052542011144
-0.19844221923690444,0.02493327502849052,34.07021668085401,4.550986585214017,17.221451897404748,2.743270814477015,5.419223195337772,0.9983102885812911
-0.17634048216824733,0.02493327502849052,31.943141445699293,3.485431612152306,16.14763752141304,2.0820242153809585,5.083090221518473,0.7549179848083499
-0.15670035222800524,0.02493327502849052,30.211802667643624,2.679740828177123,15.275288002421906,1.589958932861923,4.805862667000513,0.5727849817986144
-0.13924766500838334,0.02493327502849052,28.784222487633247,2.067015113498975,14.556227553949482,1.2200070666055465,4.57557638711219,0.4360005790774636
-0.12373879148704055,0.02493327502849052,27.594439529602408,1.5987155362998324,13.956300682711761,0.9394901147946728,4.383734069651196,0.33326342297992384
-0.10995723711238882,0.02493327502849052,26.593988789489238,1.2392919820965296,13.450995881226683,0.725434246083526,4.223287862774993,0.2559403819737221
-0.09771061966979347,0.02493327502849052,25.746515894835937,0.9624725146131041,13.022287864253405,0.5613576430371634,4.0882646488895436,0.19745614959850102
-0.0868279837415025,0.02493327502849052,25.024228436380493,0.7486701465518577,12.656515298873167,0.4351863026408215,3.9737822243425978,0.15293078168865384
-0.07715741427178036,0.02493327502849052,24.405495606658906,0.5831599506101951,12.343025787421091,0.33792586619496273,3.8759924134402297,0.11880962691386668
-0.06856391592404971,0.02493327502849052,23.873201439609964,0.45479109931082706,12.073323600735252,0.26279918852819284,3.791917743657674,0.09251466776099158
-0.06092752862714207,0.02493327502849052,23.41360247660395,0.35506875318666364,11.840522362704032,0.204663461256328,3.7192547852074913,0.0721629530943472
-0.0541416530048151,0.02493327502849052,23.01552425642136,0.27749122390251907,11.63897710779199,0.15959918664915326,3.6561986271613693,0.05636141893318007
-0.04811156231253989,0.02493327502849052,22.669785736406055,0.21706459088508143,11.464023238802405,0.12461066536755452,3.6013078927718167,0.044065148393763805
-0.04275308010908995,0.02493327502849052,22.368778155078278,0.16994252750316943,11.311782384723946,0.09740322028897391,3.5534087301355144,0.034481038016257085
-0.0379914052040221,0.02493327502849052,22.106150109804894,0.13315612052631476,11.179013037670861,0.07621566389959175,3.5115288060486396,0.027001725805421744
-0.03376006747802295,0.02493327502849052,21.876567234913605,0.10440953655188268,11.062993160102742,0.059693635313369436,3.4748520219421772,0.021159215354097045
-0.03,0.02493327502849052,21.67552555378036,0.0819245842592545,10.961426748303985,0.04679358559249194,3.442686787331197,0.016591430896685598
0.03,0.02493327502849052,18.82999420873864,0.07301986093769017,9.522476028915671,0.04142454222937126,2.9863487218623623,0.014421404065981087
0.03376006747802295,0.02493327502849052,18.673355744155387,0.09173251656631799,9.442911094718491,0.05203903901727313,2.9613261248665927,0.018086071853123553
0.0379914052040221,0.02493327502849052,18.499981668023675,0.11511285545170807,9.354784930090043,0.06530133216694768,2.933631136452485,0.022655270856161643
0.04275308010908995,0.02493327502849052,18.30850569055144,0.14426815136450188,9.257389945813237,0.08183870242344432,2.9030340476611776,0.028342535625451377
0.04811156231253989,0.02493327502849052,18.097568956386983,0.18054215445992364,9.150026911961055,0.10241049140209203,2.869296091784243,0.03540875630491628
0.0541416530048151,0.02493327502849052,17.865863596987193,0.22555271477097708,9.03203402721933,0.12792659852034066,2.832171675253386,0.044171714958608305
0.06092752862714207,0.02493327502849052,17.612193184554854,0.28122789745004784,8.902828878949482,0.15946234330354422,2.791413514516948,0.05501661481709743
0.06856391592404971,0.02493327502849052,17.335557356068552,0.3498341637950405,8.761967910566373,0.19826416837677818,2.746784769924521,0.06840595190690398
0.07715741427178036,0.02493327502849052,17.03527249842798,0.4339845004760374,8.60922871871612,0.24573709040762254,2.6980860656684533,0.08488410673996216
0.0868279837415025,0.02493327502849052,16.71114793400378,0.5366041341977766,8.44471998543283,0.3034000730373643,2.6452103786113748,0.10506606194237472
0.09771061966979347,0.02493327502849052,16.36374805338062,0.6608136308167267,8.269020483662905,0.3727904621026265,2.5882425589581812,0.12958985694201217
0.10995723711238882,0.02493327502849052,15.99478349909598,0.8096604246910686,8.083340314216853,0.4552958912442929,2.5276147009949503,0.15900173926573183
0.12373879148704055,0.02493327502849052,15.607680438014201,0.9855905161272165,7.889683815376532,0.5518963086851179,2.4642973974176696,0.19354606168395014
0.13924766500838334,0.02493327502849052,15.208354623738293,1.1895176849304026,7.69098128736145,0.6628134350305057,2.3999305552402928,0.23288437692839567
0.15670035222800524,0.02493327502849052,14.806128224693436,1.419370525317917,7.491171156455159,0.7870790265493032,2.336686425668243,0.2759107045971334
0.17634048216824733,0.02493327502849052,14.41453921356708,1.6681830506469741,7.295308559779862,0.9219954024379986,2.2766374052678566,0.3209991023500663
0.19844221923690444,0.02493327502849052,14.051571676513364,1.9222295741982514,7.110003864274246,1.0622737009763785,2.220800517034862,0.3668280493272995
0.22331409039755062,0.02493327502849052,13.738949154090239,2.1601432442176733,6.944768592655774,1.1982943827194157,2.169153858133254,0.4127405783844793
0.2513032920204875,0.02493327502849052,13.501384800327315,2.3533511694252396,6.8146637966708195,1.3130101339516722,2.1238937090425196,0.45589383766638303
0.2828005365353655,0.02493327502849052,13.36953024825749,2.465388135439334,6.743124000822239,1.3790560201002182,2.0954757290249084,0.48443819983829467
0.3182455065418344,0.02493327502849052,13.391884732977037,2.446147587668073,6.761455968756282,1.3619273384663413,2.1022741869477075,0.477505578852142
0.35813299251433084,0.02493327502849052,13.651996556071127,2.2295895897250184,6.903752360560595,1.2337197437377734,2.1548353467221744,0.42609165596601756
0.40301979977966995,0.02493327502849052,14.266437439906763,1.7690432664965736,7.208818150464741,0.9858985095258536,2.2505825819434597,0.341903727302325
0.4535325211846986,0.02493327502849052,15.352051577009227,1.1134254758141118,7.7429186835868435,0.6326315041280015,2.4137201167744613,0.22408703277559666
0.5103762839557767,0.02493327502849052,17.041675489851745,0.43208223398506845,8.607616310371258,0.24626896035099,2.6930804553630243,0.08669109268462609
0.5743445928509872,0.02493327502849052,19.581905815445904,0.013593448888457873,9.90139870051801,0.007835157527700419,3.1045091132521554,0.002833222296317857
0.6463304070095649,0.02493327502849052,23.253956394353903,0.32295191572934384,11.767494582913821,0.18775855923542686,3.7041044288605436,0.06820600848823218
0.7273386051246984,0.02493327502849052,28.409479096796424,1.9150609947856987,14.402940432248995,1.145766248524807,4.529881563981969,0.41056388473923444
0.8185000129460304,0.02493327502849052,35.71662899734673,5.420984130718423,18.04520340636943,3.285759917849118,5.7424486710785745,1.2527395858684096
0.9210871889273549,0.02493327502849052,45.34419643960265,10.932250133368111,23.121746676809302,7.0828687819622616,7.283973603144222,2.6732356745600545
1.0365321883776653,0.02493327502849052,59.08625016407579,18.881764797287843,29.733126412323635,12.56478264326797,9.557681174377088,5.155864898062968
1.166446554092426,0.02493327502849052,76.41601811692641,27.654678895256573,39.23172431816485,20.407674652041507,12.472060194617091,8.65719876666706
1.3126438125222553,0.02493327502849052,101.70201824678465,37.27332121325807,51.32025420168634,29.32652386762631,16.40379408096866,13.559866102478654
1.4771647895120215,0.02493327502849052,132.6433595224298,44.9888461021238,67.55656542508358,38.767207179036625,21.909228025557347,20.329315719678256
1.6623060990028473,0.02493327502849052,176.51524044977674,51.49069867666934,90.6691752276533,47.684253881768996,28.95203089945459,28.40154147727008
1.8706522023821734,0.02493327502849052,236.0632255206417,56.36097156008979,118.27118465355018,53.80636395134872,38.09316892309021,37.522717721698456
2.1051114860111477,0.02493327502849052,309.1345231128636,59.66128919031035,157.33447672085208,58.425606409070596,50.51049213743821,47.203727684157656
2.368956860549917,0.02493327502849052,410.9762509218906,62.21731749253201,209.14852435061607,61.569624461975465,67.28700023159253,55.63548002053587
2.6658714488230206,0.02493327502849052,548.0143874618954,64.10119171429004,276.3623287161963,63.70649321588723,91.30090023383814,61.37075879395203
3.0,0.02493327502849052,720.795096858512,65.42423491186725,366.8698005507025,65.24435661304503,121.95229052376423,64.28954747238441
-3.0,0.07479982508547134,2030.5108940504422,68.04804288159974,1029.1706687632252,68.02702389054961,324.5127466608353,67.91384159710209
-2.6658714488230206,0.07479982508547134,1616.2441650183314,67.68469489649044,820.5866812430558,67.65324238771436,258.27087518996944,67.45936870998658
-2.368956860549917,0.07479982508547134,1296.7784837428203,67.242993146149,657.6192207813727,67.18844206856957,207.05794502148999,66.86614636359498
-2.1051114860111477,0.07479982508547134,1045.0961885686336,66.7004535895997,529.1826614069208,66.60850800742176,166.8172820390241,66.07139326808843
-1.8706522023821734,0.07479982508547134,843.010164812834,66.02369514358716,426.58709219995643,65.87581965580941,134.5946149035673,64.95904399810088
-1.6623060990028473,0.07479982508547134,683.4444607311624,65.19679868867222,345.9494939264591,64.96685891616363,108.77808731465967,63.33844460394151
-1.4771647895120215,0.07479982508547134,555.9425079986754,64.180639778696,281.4621638340302,63.822406696572656,88.44122145632204,60.92698739779497
-1.3126438125222553,0.07479982508547134,454.2498615025037,62.94088084690362,229.89804082172452,62.38071472577845,72.18876300292752,57.27182081252168
-1.166446554092426,0.07479982508547134,372.8541197529782,61.43283719152276,188.655785151495,60.56465322276582,59.23737780856774,52.19482379665941
-1.0365321883776653,0.07479982508547134,307.4364280278689,59.60340067989268,155.52405200508207,58.270791488562374,48.81397854711197,46.06492046125892
-0.9210871889273549,0.07479982508547134,254.6925536610627,57.39391003366659,128.83878970868835,55.38142319532229,40.41606114273051,39.5730783827874
-0.8185000129460304,0.07479982508547134,211.90925173143697,54.732962538193185,107.16665609528869,51.760643462117734,33.62394070586509,33.269188814829086
-0.7273386051246984,0.07479982508547134,177.0203310216136,51.546529835892734,89.55800671977835,47.35283823426938,28.050685818719415,27.415182154191918
-0.6463304070095649,0.07479982508547134,148.31476952351542,47.75271587336082,74.98258650613997,42.144544564515854,23.509340250645288,22.232290841917344
-0.5743445928509872,0.07479982508547134,124.39200535560398,43.26669173263556,62.929174950056584,36.37567695715683,19.715414168969225,17.666255800353465
-0.5103762839557767,0.07479982508547134,104.3357327977141,38.080016124160814,52.76785553644466,30.289173990492348,16.53680932259932,13.726070361081188
-0.4535325211846986,0.07479982508547134,87.37883290657068,32.2697457315478,44.17362029974324,24.234007400861483,13.840530674056817,10.355167083015367
-0.40301979977966995,0.07479982508547134,73.25709644699377,26.18903645475113,37.040153933341045,18.643364526682035,11.616011179840562,7.607464654912504
-0.35813299251433084,0.07479982508547134,61.9649445247749,20.457474025520455,31.323443632128463,13.903038380348455,9.827259402312622,5.468984136891723
-0.3182455065418344,0.07479982508547134,53.31842949081618,15.610520003715482,26.948924773805025,10.226205008965268,8.461634150116774,3.918136630325099
-0.2828005365353655,0.07479982508547134,46.83647528629229,11.812877450637181,23.677118849954283,7.529740833145207,7.433565758481413,2.8251994543378323
-0.2513032920204875,0.07479982508547134,41.95708272860358,8.944118234310164,21.211838331763104,5.583420771486623,6.659502019964555,2.062767784305727
-0.22331409039755062,0.07479982508547134,38.2166219490135,6.798536756339992,19.318365022622253,4.1740575075325514,6.071848859968091,1.5299656051951267
-0.19844221923690444,0.07479982508547134,35.28706783198031,5.190734398822699,17.836030725395588,3.1453915490155078,5.613175769259564,1.1487576438001952
-0.17634048216824733,0.07479982508547134,32.94763912640281,3.9793950599469383,16.654968900827843,2.3874117562869377,5.243481808829764,0.8681669064578372
-0.15670035222800524,0.07479982508547134,31.049029316438755,3.061550521424719,15.698278037203524,1.823033276342306,4.939543869355735,0.6583593800284748
-0.13924766500838334,0.07479982508547134,29.48758245500595,2.3624821522641715,14.911752239331205,1.3985899013137226,4.687745302817523,0.5008793880418709
-0.12373879148704055,0.07479982508547134,28.189248071862394,1.8276261531791786,14.257079434379632,1.0767271088649821,4.4784574287235115,0.3826490042874306
-0.10995723711238882,0.07479982508547134,27.099806043416223,1.4168268333147827,13.706834282713514,0.8311367555662041,4.303768515426237,0.29370205251519704
-0.09771061966979347,0.07479982508547134,26.178707458662778,1.100297908742201,13.240896544924714,0.6429212810662405,4.157024192922143,0.2264570534566122
-0.0868279837415025,0.07479982508547134,25.395036119104713,0.8557677446776042,12.844054883116323,0.4982250303752344,4.032811181338669,0.1752890965911497
-0.07715741427178036,0.07479982508547134,24.724789383345534,0.6664556943038289,12.504479206806499,0.3867204852321012,3.926874450338396,0.13610058111313195
-0.06856391592404971,0.07479982508547134,24.149019272593744,0.5196327442351554,12.21275950103436,0.30062323333196994,3.835927193251633,0.10591933961669144
-0.06092752862714207,0.07479982508547134,23.652546141818124,0.40558983339818344,11.961288029404935,0.23402509198168314,3.7574297657469637,0.08257455386917889
-0.0541416530048151,0.07479982508547134,23.22305540927825,0.3168895738561731,11.743843883441684,0.18242316482708396,3.689394548224957,0.0644605286797727
-0.04811156231253989,0.07479982508547134,22.850451347413596,0.24781617027599911,11.555298488782439,0.1423762448983873,3.630236473372399,0.050373354262917974
-0.04275308010908995,0.07479982508547134,22.526384826977363,0.19396593245610336,11.39139700744851,0.11124898955896532,3.5786667912875076,0.039399771248693254
-0.0379914052040221,0.07479982508547134,22.24390061855655,0.15193931591309984,11.248590588277528,0.08701938312186147,3.533619954500476,0.030840872026706174
-0.03376006747802295,0.07479982508547134,21.99716863175053,0.11910755445020185,11.123904882831681,0.06813308703091052,3.4942033556202725,0.02415851184494891
-0.03,0.07479982508547134,21.781275517860127,0.09343487330670135,11.014835670361332,0.05339299370749728,3.4596620376195224,0.018936653268296313
0.03,0.07479982508547134,18.746029909771046,0.082769055031371,9.479952714787196,0.046938540078730495,2.9728961130463034,0.01633739320090995
0.03376006747802295,0.07479982508547134,18.580347082891347,0.10392275222336432,9.395792612820076,0.05893115011296326,2.946428271157858,0.020476327189513373
0.0379914052040221,0.07479982508547134,18.397180655084778,0.1303256112363569,9.302687489414838,0.07389899662460508,2.917168532851918,0.025630999927489885
0.04275308010908995,0.07479982508547134,18.195169961098774,0.16320917958878386,9.199931873615531,0.09253893378350474,2.884887395439679,0.03203839055871721
0.04811156231253989,0.07479982508547134,17.972987765309593,0.20406078801441788,9.086842193226348,0.11569033003507427,2.849349885122273,0.03998663418527422
0.0541416530048151,0.07479982508547134,17.729393520394062,0.25465999386280147,8.962791181961064,0.14435250079777548,2.8103191236639002,0.04982459044924012
0.06092752862714207,0.07479982508547134,17.46330651904673,0.3171102128048191,8.827256901111294,0.17969631581786796,2.7675633443384715,0.06197191841653174
0.06856391592404971,0.07479982508547134,17.173907210383845,0.3938567324474702,8.679891495489471,0.2230629344554394,2.720870795898739,0.07692747883297153
0.07715741427178036,0.07479982508547134,16.860779997218067,0.48767515896063657,8.52061558889666,0.2759382713797367,2.6700809849630183,0.09527038988989149
0.0868279837415025,0.07479982508547134,16.524118966506332,0.6016018327666741,8.349743721576333,0.3398860707612812,2.615146023788491,0.1176411791652768
0.09771061966979347,0.07479982508547134,16.165029729861793,0.7387565326855282,8.168142750258683,0.4164164149512992,2.556239653485938,0.14467939483704595
0.10995723711238882,0.07479982508547134,15.785973824555771,0.9019745871790031,7.9774165795398115,0.5067632043614688,2.493925314978769,0.176882400529545
0.12373879148704055,0.07479982508547134,15.391407952053274,1.093122070195696,7.780096629707891,0.6115491310854478,2.429361428955395,0.21435477098727887
0.13924766500838334,0.07479982508547134,14.98864603027367,1.3119345168774874,7.579805659853498,0.7303340798897511,2.36444211716998,0.2564787031824414
0.15670035222800524,0.07479982508547134,14.588878443708959,1.5542606400017254,7.381379968648686,0.861060766176001,2.3016580935622906,0.30169608695009514
0.17634048216824733,0.07479982508547134,14.20808874345913,1.8098304711998359,7.191036676899165,0.9993744470224181,2.243449802124104,0.347772087798877
0.19844221923690444,0.07479982508547134,13.867390561034087,2.060193251991553,7.0169105795729685,1.1376039662422084,2.191253843771268,0.3926689268848862
0.22331409039755062,0.07479982508547134,13.592460415404394,2.277981502845948,6.870558432982285,1.2628846267607081,2.145606565185265,0.4348434691415075
0.2513032920204875,0.07479982508547134,13.413086101397317,2.4279927540265605,6.769805568392773,1.3541727262430012,2.1095991477463825,0.47010955332924675
0.2828005365353655,0.07479982508547134,13.366756131421498,2.467782878587647,6.741709976526607,1.3803831288746515,2.095011074285267,0.4849144328942854
0.3182455065418344,0.07479982508547134,13.511436924273008,2.3449522344393716,6.822098476276333,1.3062687389874892,2.121626116833318,0.458129845152691
0.35813299251433084,0.07479982508547134,13.94293649638002,2.0028485624045165,7.050834134145903,1.1097678809183624,2.2014220427238484,0.38364897152541927
0.40301979977966995,0.07479982508547134,14.791812234606649,1.4280224581221188,7.475035934224278,0.7976929232098668,2.335027515846465,0.2770998441355732
0.4535325211846986,0.07479982508547134,16.19272244214555,0.7275863470908568,8.17222769029884,0.4145948829413178,2.5512054483464666,0.1471411785375373
0.5103762839557767,0.07479982508547134,18.310072657538367,0.14401512482875753,9.254393726047745,0.08237922568283809,2.898844923110747,0.02917420094152273
0.5743445928509872,0.07479982508547134,21.429769265108213,0.057943165579391664,10.833397596556592,0.03266403893248082,3.4014054750969556,0.011507682689419952
0.6463304070095649,0.07479982508547134,25.849635605860048,0.9947060342514396,13.085959889983705,0.5846515886596806,4.1275823162716,0.21383734711365573
0.7273386051246984,0.07479982508547134,31.9938480469466,3.50993427018285,16.230031635913576,2.1307142150673006,5.10899664583135,0.7728364581228224
0.8185000129460304,0.07479982508547134,40.65349683906602,8.187996206286396,20.537836770931463,5.0714162857419876,6.54962529390651,1.9597935703571931
0.9210871889273549,0.07479982508547134,51.95234626308772,14.817736680353434,26.511233685110486,9.860895326697218,8.356646150731425,3.80309077492949
1.0365321883776653,0.07479982508547134,68.04766187365593,23.638467300045804,34.234607420939405,16.33676642174287,11.022060581780988,6.887584857628674
1.166446554092426,0.07479982508547134,88.20928381657784,32.590350226498074,45.31427811354044,25.08350404089493,14.415953451558348,11.073459645886418
1.3126438125222553,0.07479982508547134,117.60323857888683,41.68401235462291,59.343689479099154,34.36141740184516,18.981243196110523,16.763240071088884
1.4771647895120215,0.07479982508547134,153.40176550999837,48.53013123235072,78.14202630828056,43.42239398767897,25.361321818838775,24.387052810476426
1.6623060990028473,0.07479982508547134,204.10453283067312,54.11940826869321,104.8631771584175,51.27469253611702,33.49760852005006,33.14313227145368
1.8706522023821734,0.07479982508547134,272.79141066598004,58.25447674926317,136.67058630357377,56.36733998714947,44.03624256549627,42.547852301080944
2.1051114860111477,0.07479982508547134,356.87784071892645,61.05136344325178,181.64622535711263,60.16017498793995,58.33294384439927,51.74206520610118
2.368956860549917,0.07479982508547134,473.9587058681294,63.22465053549063,241.214785779404,62.75678696558369,77.62309430494116,58.75509456292832
2.6658714488230206,0.07479982508547134,631.3128595750272,64.8327168313285,318.3865810397587,64.54003298239053,105.20629093565812,63.0170567208243
3.0,0.07479982508547134,829.4695319420498,65.9662255542677,422.20200585426124,65.8359777408062,140.36564689079134,65.20970982222383
-3.0,0.12466637514245216,2258.9402904503986,68.19078176388726,1144.9509312532607,68.17416385148765,361.02630552770177,68.08518320532367
-2.6658714488230206,0.12466637514245216,1795.9952362692654,67.86321624685976,911.8458144270767,67.83852551889285,286.9991788285774,67.68593485206503
-2.368956860549917,0.12466637514245216,1439.1436692314323,67.4644591657275,729.8143665035927,67.42104036678951,229.7930822848966,67.16834325268813
-2.1051114860111477,0.12466637514245216,1158.1787785404638,66.97399396543238,586.4422618931512,66.90009271965027,184.8700172859558,66.48157933010104
-1.8706522023821734,0.12466637514245216,932.7622463877069,66.36137799376651,472.0043777631104,66.24205854123554,148.92633474929463,65.53351499506994
-1.6623060990028473,0.12466637514245216,754.9055925489348,65.6116761502116,382.1219953927132,65.42594833231503,120.15333642273966,64.1775614864607
-1.4771647895120215,0.12466637514245216,612.913708431973,64.68887834837032,310.30538121801237,64.399051301687,97.50529090271097,62.19629079646849
-1.3126438125222553,0.12466637514245216,499.7702389853482,63.56096042045818,252.93583164533075,63.10646840054517,79.4232500789379,59.18107977716207
-1.166446554092426,0.12466637514245216,409.3034625241203,62.18611607056621,207.0978690232445,61.47932228172718,65.02846778946665,54.77127632014009
-1.0365321883776653,0.12466637514245216,336.6803489557495,60.5141918524011,170.31715806859427,59.42381124208172,53.45716140009792,49.048184870456694
-0.9210871889273549,0.12466637514245216,278.20396745670047,58.488772378562736,140.73163488208502,56.82821353687687,44.14665470905109,42.63436027389733
-0.8185000129460304,0.12466637514245216,230.84305539416437,56.039688171273355,116.74098280799375,53.55076164751287,36.62779343657942,36.17254743180288
-0.7273386051246984,0.12466637514245216,192.29029832022746,53.090477737813785,97.28305593512549,49.496069154630305,30.46951904341175,30.028320716932647
-0.6463304070095649,0.12466637514245216,160.63832705839866,49.550663701498046,81.21193575132806,44.58045086120395,25.46201955935925,24.502646656980346
-0.5743445928509872,0.12466637514245216,134.32601985045622,45.315515652661354,67.95503128469578,38.962505806034,21.289175855215607,19.582534813373243
-0.5103762839557767,0.12466637514245216,112.3229101640084,40.33631588314854,56.80768127180333,32.84933673916002,17.802067819799035,15.303025908637716
-0.4535325211846986,0.12466637514245216,93.74854334602368,34.62972505967312,47.393672267957065,26.59705136729538,14.84824325716444,11.613944945363814
-0.40301979977966995,0.12466637514245216,78.26432392308384,28.483747651774472,39.57238445029844,20.678502652087744,12.409554676106326,8.580151459868864
-0.35813299251433084,0.12466637514245216,65.84203413501619,22.50949347129766,33.28360980659939,15.54520944310734,10.441464446460433,6.192586331903817
-0.3182455065418344,0.12466637514245216,56.30598139878135,17.322073859160902,28.45847049622039,11.492057807484477,8.935148039438468,4.445175507879416
-0.2828005365353655,0.12466637514245216,49.1585799322854,13.181752179620279,24.85040227576835,8.486003420536012,7.801860256600276,3.207563983330208
-0.2513032920204875,0.12466637514245216,43.79055559265816,10.01737909806043,22.138322789122242,6.302761552062507,6.95040611582683,2.342067795731624
-0.22331409039755062,0.12466637514245216,39.688286204778144,7.633322281080077,20.061855112695817,4.716389848815321,6.305772654414635,1.7366050673413727
-0.19844221923690444,0.12466637514245216,36.48544682820397,5.838205327588998,18.44128384147711,3.5560905059681303,5.8041874139725005,1.3033918418647716
-0.17634048216824733,0.12466637514245216,33.935139049527464,4.481206554722865,17.153718213309645,2.6999439105221694,5.401162121602191,0.9846564686225273
-0.15670035222800524,0.12466637514245216,31.87069267382086,3.4505060366948666,16.113407375828505,2.061903033630382,5.070742400294063,0.7464294006104173
-0.13924766500838334,0.12466637514245216,30.17674539805961,2.6640954477285375,15.260102708419575,1.5817953701981526,4.797652072332807,0.5676717703516111
-0.12373879148704055,0.12466637514245216,28.771144377077533,2.0616462550743697,14.551330324174,1.217608963658335,4.571126126056188,0.4334975289588318
-0.10995723711238882,0.12466637514245216,27.593909267791737,1.5985163318932283,13.956748985247485,0.9396893797997186,4.382386698181594,0.33258042877829486
-0.09771061966979347,0.12466637514245216,26.600295761094266,1.241450853315311,13.454142834046324,0.7267000507958449,4.224097930685607,0.25630991901049194
-0.0868279837415025,0.12466637514245216,25.75626526273706,0.965502245846106,13.026750715713167,0.5629777910877637,4.0903162402288356,0.19829742607745618
-0.07715741427178036,0.12466637514245216,25.03544599622672,0.7518252511428379,12.661565721654188,0.43683730240009444,3.976380811242157,0.1538876410275489
-0.06856391592404971,0.12466637514245216,24.4170615067827,0.58609657607753,12.348265001600716,0.33946515726207677,3.8786965352734137,0.11970284113560986
-0.06092752862714207,0.12466637514245216,23.884500068047338,0.45737504367824783,12.078521355209725,0.2641694195260617,3.7944884598522446,0.0932756159222469
-0.0541416530048151,0.12466637514245216,23.42431145867313,0.3572705208882473,11.845540134404324,0.20584871723664414,3.721587054640813,0.07278098714836555
-0.04811156231253989,0.12466637514245216,23.025489965310523,0.2793302868390166,11.643731170747484,0.16060422724847265,3.6582642931163947,0.05685098360452596
-0.04275308010908995,0.12466637514245216,22.67895087490463,0.21858057679469226,11.468465617833905,0.12545036656545105,3.603117225007917,0.044448327434707516
-0.0379914052040221,0.12466637514245216,22.377139889933762,0.17118078426726804,11.315889736205076,0.0980968059785751,3.554987769356424,0.034779622285690856
-0.03376006747802295,0.12466637514245216,22.113735841723976,0.1341608169369069,11.182779261594225,0.0767834261094882,3.5129074781438625,0.02723433379699636
-0.03,0.12466637514245216,21.883420478748796,0.10522065530919611,11.066424053321715,0.060155088695082036,3.476058680468733,0.021340757476796868
0.03,0.12466637514245216,18.666003606366022,0.09266665181661715,9.439423850982063,0.052533571492083035,2.9600744141188184,0.018280877809736622
0.03376006747802295,0.12466637514245216,18.491794600248635,0.1162872829586083,9.350931753153853,0.06591780887067371,2.932244160678638,0.022898455702431576
0.0379914052040221,0.12466637514245216,18.29942574444267,0.1457390686012488,9.253147466166137,0.08260461621552531,2.901513974198654,0.028642828139595605
0.04275308010908995,0.12466637514245216,18.087552914290608,0.1823749206012899,9.145373234329703,0.10335865694791245,2.8676563395729415,0.0357737815344699
0.04811156231253989,0.12466637514245216,17.854893344589954,0.22782058866738963,9.026947714573213,0.1290962652771719,2.830442201529014,0.044605613549510405
0.0541416530048151,0.12466637514245216,17.60028901018494,0.2840086037957202,8.897285910474974,0.16090107366092823,2.7896459530924345,0.05551648443410306
0.06092752862714207,0.12466637514245216,17.322792994355282,0.35320341172230807,8.755935479420108,0.20003124472863135,2.7450544365084664,0.06895765651528868
0.06856391592404971,0.12466637514245216,17.021788142091474,0.4380061765481412,8.602655039434024,0.24790956787960697,2.6964847386361255,0.0854598473946866
0.07715741427178036,0.12466637514245216,16.6971527588644,0.5413190140040516,8.437520968093747,0.3060824951923607,2.643819775459442,0.1056298770376851
0.0868279837415025,0.12466637514245216,16.349496826418644,0.6662335002919804,8.261068702890318,0.37612744037687723,2.5870761779305087,0.13012297336745776
0.09771061966979347,0.12466637514245216,15.980504618765096,0.8157836664005689,8.07447097280522,0.45948062682418084,2.5265227904621645,0.15956376377240306
0.10995723711238882,0.12466637514245216,15.593433440960643,0.9924663337624171,7.879746610600476,0.557154130618336,2.4628612354070505,0.19437652642092723
0.12373879148704055,0.12466637514245216,15.19382387852208,1.1973852899531028,7.67997947130247,0.6693170562163816,2.397444843063307,0.2344920450288468
0.13924766500838334,0.12466637514245216,14.790450702024128,1.4288470286625576,7.479515840883196,0.7947371459497599,2.3324290534487586,0.27896881740894564
0.15670035222800524,0.12466637514245216,14.396445424751935,1.680302138999034,7.284129150541189,0.9301031098303804,2.2706310660228026,0.325744771226457
0.17634048216824733,0.12466637514245216,14.03032241579229,1.9378292796839554,7.101249645137718,1.069216476600184,2.2148720109248203,0.37192306922774143
0.19844221923690444,0.12466637514245216,13.716428911407137,2.1779902776346454,6.940603719574572,1.2018608904422183,2.1670326896807115,0.41470109610239
0.22331409039755062,0.12466637514245216,13.484533400090317,2.3674761214846267,6.815878312346258,1.311907309838495,2.1282506987906062,0.45161760499974657
0.2513032920204875,0.12466637514245216,13.369700582671673,2.465241145891949,6.747760629491654,1.374710325908775,2.1025637960399326,0.4772117160231845
0.2828005365353655,0.12466637514245216,13.4165473002339,2.4250375080431343,6.767031728760415,1.3567456537723677,2.103097295952621,0.4766706920159813
0.3182455065418344,0.12466637514245216,13.692862983935003,2.196769950706099,6.914147252667901,1.2246780148597625,2.1510142009047812,0.4297012973873444
0.35813299251433084,0.12466637514245216,14.307018807946095,1.7410279906895305,7.234923962055145,0.9663240617075378,2.2597545367666916,0.3344500616296785
0.40301979977966995,0.12466637514245216,15.403746891428826,1.0868036732531523,7.785134175042777,0.6087257546948881,2.4334126745989857,0.21187633249281934
0.4535325211846986,0.12466637514245216,17.135997717718034,0.40460994659082533,8.653914095352478,0.23125482333692463,2.7054712973194674,0.0822570489690861
0.5103762839557767,0.12466637514245216,19.701127970901243,0.008591474799652525,9.963702392449216,0.004889837785515966,3.1245244258355505,0.001770655993744533
0.5743445928509872,0.12466637514245216,23.425467608864768,0.3575085793581144,11.840020257539646,0.20454502517771794,3.722097711683484,0.07291662311672602
0.6463304070095649,0.12466637514245216,28.622655502884513,2.0010193493250363,14.494516619106227,1.189914049449481,4.580003375721672,0.43849600805567973
0.7273386051246984,0.12466637514245216,35.792202430642654,5.461711851905477,18.166176368699567,3.367708492394148,5.7227349609910885,1.2366989656000231
0.8185000129460304,0.12466637514245216,45.85231213612904,11.232011899073353,23.162831477621634,7.115782467472445,7.399644846025653,2.79056339304929
0.9210871889273549,0.12466637514245216,58.87735031202698,18.765810711754753,30.06310238926034,12.842624015147857,9.480818332051054,5.067145022718227
1.0365321883776653,0.12466637514245216,77.40127586830482,28.09923473766671,38.93338824603272,20.169707416597234,12.550577027351748,8.75405969004607
1.166446554092426,0.12466637514245216,100.47987013719704,36.887750979991665,51.64265195968106,29.5429729430061,16.43852208428121,13.603264855401052
1.3126438125222553,0.12466637514245216,134.10300763244527,45.272670253027506,67.66947878440975,38.82271692409323,21.655924251769818,20.02484083139385
1.4771647895120215,0.12466637514245216,174.89509195680364,51.30935483995555,89.1022186398177,47.2144919464697,28.935553529862844,28.38364282312538
1.6623060990028473,0.12466637514245216,232.61658204022658,56.15055963481137,119.53137086629528,54.011209667856164,38.19533766772836,37.61522179969573
1.8706522023821734,0.12466637514245216,310.6866537835779,59.71361492802704,155.6559661854645,58.28221478605045,50.16881268642152,46.97893844161574
2.1051114860111477,0.12466637514245216,406.07448264693966,62.12512332106032,206.6982076506925,61.46148337060697,66.39404701779496,55.30262952879539
2.368956860549917,0.12466637514245216,538.7830297562498,64.00561484284088,274.21913673349854,63.65634649728969,88.26218845581101,60.897678662711016
2.6658714488230206,0.12466637514245216,716.9608641385621,65.40201410550567,361.59822272151706,65.17772084500348,119.50409748068981,64.1359357111462
3.0,0.12466637514245216,941.1176589008019,66.38945516225525,479.04911587218294,66.29224051566196,159.28221122733825,65.86417011699798
-3.0,0.17453292519943298,2488.737788632287,68.30767898309965,1261.4244823297372,68.29427615211445,397.7589274917111,68.22269934225768
-2.6658714488230206,0.17453292519943298,1976.7316762448152,68.00958119792867,1003.6046162886944,67.98981812070048,315.8851854355326,67.8668338495499
-2.368956860549917,0.17453292519943298,1582.2074021125798,67.64625356925579,802.3634749250247,67.6110022940868,252.639919805776,67.40790706467314
-2.1051114860111477,0.17453292519943298,1271.744213750359,67.1988262724692,643.9463644587405,67.1382347521919,202.99991136089983,66.80350218899653
-1.8706522023821734,0.17453292519943298,1022.8353930662315,66.63931467207487,517.5842005592505,66.54111411310888,163.30932702123872,65.97801448159383
-1.6623060990028473,0.17453292519943298,826.567641724346,65.95365729699714,418.39621125472553,65.80067147119443,131.5606365791714,64.81486295647701
-1.4771647895120215,0.17453292519943298,669.9972165241819,65.10849294199593,339.205451577808,64.86942786549419,106.5872722336191,63.14521921523185
-1.3126438125222553,0.17453292519943298,545.3381971236627,64.07383052122344,275.9977234592588,63.698023366399354,86.6653405030602,60.62772291465314
-1.166446554092426,0.17453292519943298,445.75359673391415,62.810433511448814,225.54038955583601,62.224447122100216,70.81971095671372,56.845701704847556
-1.0365321883776653,0.17453292519943298,365.89162731298035,61.270912360014265,185.0937986510068,60.36355511501908,58.09518681014353,51.620671925099614
-0.9210871889273549,0.17453292519943298,301.65906150242284,59.40126738479958,152.59603706227716,58.01124976333237,47.868337555585576,45.40533187629617
-0.8185000129460304,0.17453292519943298,249.70384777663168,57.13334436866954,126.27844460306844,55.02789266790875,39.62008300642305,38.882941286257605
-0.7273386051246984,0.17453292519943298,207.4753301412561,54.390379019054635,104.96515584761288,51.29670839057667,32.87493415744673,32.51721294436904
-0.6463304070095649,0.17453292519943298,172.8682138998652,51.07752611141467,87.39397904498286,46.68321200783381,27.399880798311443,26.693909953822956
-0.5743445928509872,0.17453292519943298,144.16021884429875,47.07728068465917,72.93034689951396,41.26521452362117,22.847145041661353,21.449156719954022
-0.5103762839557767,0.17453292519943298,120.20733905697863,42.31014842782831,60.795472464577166,35.194300502923724,19.051066040936906,16.849341105172247
-0.4535325211846986,0.17453292519943298,100.01890613158241,36.740433896961214,50.563465608230686,28.81382874845512,15.840296062615272,12.855230056695238
-0.40301979977966995,0.17453292519943298,83.18421530286012,30.58902315957484,42.06040022625235,22.625748908120023,13.189271239799451,9.544798232393738
-0.35813299251433084,0.17453292519943298,69.64835586264859,24.43970238684234,35.20796576718351,17.14231224956759,11.04449274750435,6.914621863156516
-0.3182455065418344,0.17453292519943298,59.237344845495585,18.965501988673847,29.93963970042905,12.738670168807554,9.399796540441065,4.973905738228687
-0.2828005365353655,0.17453292519943298,51.435248583403094,14.516265058993085,26.00075310735296,9.43619875557141,8.162970230335112,3.592740541656756
-0.2513032920204875,0.17453292519943298,45.58639488055196,11.0751142032836,23.0458039509114,7.022093605723614,7.235352649981034,2.6242880819755054
-0.22331409039755062,0.17453292519943298,41.12814825904594,8.462475733438524,20.78928345544043,5.261213885289854,6.534655485422382,1.945876682079451
-0.19844221923690444,0.17453292519943298,37.656535651248056,6.484985897392182,19.03275672850696,3.9700696314250923,5.990863154108989,1.4602544157169814
-0.17634048216824733,0.17453292519943298,34.89895352398134,4.984604214515875,17.640508936392624,3.0157536419680713,5.555071656442432,1.1029685370361737
-0.15670035222800524,0.17453292519943298,32.67163023781624,3.8419203312198587,16.51807042107636,2.303714458061709,5.198639431367444,0.8359564856264075
-0.13924766500838334,0.17453292519943298,30.84766691969069,2.968326829712499,15.599237681125945,1.7674976997084961,4.904654979131654,0.6356103400913071
-0.12373879148704055,0.17453292519943298,29.33692094029233,2.2981062612747136,14.837434100497777,1.3605401035623867,4.661231296645515,0.4852373683461693
-0.10995723711238882,0.17453292519943298,28.07372845360252,1.782331298805912,14.199442205937261,1.0498871707539426,4.458734714891386,0.3721464129516491
-0.09771061966979347,0.17453292519943298,27.009203550494206,1.38438276540292,13.660977552329426,0.8117794506156522,4.289156233952797,0.28669036033014755
-0.0868279837415025,0.17453292519943298,26.106224159219686,1.0766876898508224,13.203748252902756,0.6287476012115136,4.146028748917325,0.22170903802685502
-0.07715741427178036,0.17453292519943298,25.336078490585983,0.8383575610615236,12.81358471913332,0.4877431791699476,4.024290996362858,0.1719821823785401
-0.06856391592404971,0.17453292519943298,24.67618418334077,0.653480790826036,12.479262266612114,0.37891583323688044,3.920043665977426,0.1337203744857184
-0.06092752862714207,0.17453292519943298,24.108515516654123,0.5098824429348195,12.191743154124243,0.29478157075884687,3.8302796386324083,0.10415461293895428
-0.0541416530048151,0.17453292519943298,23.61850155507981,0.3982146442632559,11.94366645776457,0.22963287398928617,3.7526499250986696,0.0812366588420469
-0.04811156231253989,0.17453292519943298,23.19423921105486,0.31128169052955756,11.72898679123082,0.17910667973560968,3.68528551436552,0.06343135815027576
-0.04275308010908995,0.17453292519943298,22.825919036319608,0.24353377928854988,11.542706823364675,0.13986167532856025,3.626670901949449,0.04957498832565947
-0.0379914052040221,0.17453292519943298,22.505397117857957,0.19068389849476997,11.380672755861418,0.10933479155910981,3.5755568870097436,0.03877779222954363
-0.03376006747802295,0.17453292519943298,22.225869518278735,0.14941608768569742,11.239414657398529,0.0855566257999061,3.5309004212515975,0.030355410044254096
-0.03,0.17453292519943298,21.981620431408686,0.11716234793597693,11.116020221351713,0.06701127488170897,3.491822223106652,0.02377937435709764
0.03,0.17453292519943298,18.590033557962062,0.10261528434151873,9.400949390563207,0.05815467110971241,2.9479026226323195,0.020232780355822624
0.03376006747802295,0.17453292519943298,18.407816566454606,0.12870453783828328,9.308388511123049,0.07293043503438967,2.9187927988955633,0.025328706399223196
0.0379914052040221,0.17453292519943298,18.206831368496356,0.16120174035575197,9.206222955081655,0.09133280332025673,2.886685860385456,0.03166125332937507
0.04275308010908995,0.17453292519943298,17.985759820123686,0.20157705159940187,9.093767529518741,0.11419182069657641,2.8513578260819963,0.03951215714376418
0.04811156231253989,0.17453292519943298,17.743374560260936,0.2515880882984598,8.97038871687357,0.14249696916405027,2.8125873795441843,0.049220542696392144
0.0541416530048151,0.17453292519943298,17.47861280627242,0.31331006439440134,8.835550262128539,0.1774102654284045,2.77016234477017,0.06119181048201324
0.06092752862714207,0.17453292519943298,17.190676301050758,0.3891524688187084,8.68887690965438,0.22026804067087583,2.7238907511691295,0.07590566879675029
0.06856391592404971,0.17453292519943298,16.879167746311357,0.4818477509591167,8.530242422491824,0.27256082155523625,2.67362160637909,0.09391988191127268
0.07715741427178036,0.17453292519943298,16.54427993323583,0.5943870897185299,8.35988896313017,0.33587467652135483,2.619284896560513,0.11586169020510799
0.0868279837415025,0.17453292519943298,16.187063051203644,0.7298609432107659,8.178584456095859,0.41176960959522385,2.560966031565532,0.14239010643297803
0.09771061966979347,0.17453292519943298,15.809808721986736,0.8911340983090726,7.987820891428277,0.5015626477404612,2.499033723807732,0.17409875340383443
0.10995723711238882,0.17453292519943298,15.416603662793056,1.0802439478018564,7.790047559404919,0.60597957693983,2.4343327703555118,0.21131585535436523
0.12373879148704055,0.17453292519943298,15.014111339106574,1.2973630580636413,7.588918999959869,0.7246476037069544,2.368416200342034,0.2537673603695142
0.13924766500838334,0.17453292519943298,14.612611818274097,1.5391467178778537,7.389527064511914,0.8554280043368239,2.303705090041773,0.3001498044268736
0.15670035222800524,0.17453292519943298,14.227227646079868,1.7963858019363623,7.198610016183859,0.9936206512976099,2.2433477798669985,0.3478564829587752
0.17634048216824733,0.17453292519943298,13.879060421934543,2.051265715195195,7.024847366698701,1.1310514629762718,2.1905544284087406,0.39329430851235553
0.19844221923690444,0.17453292519943298,13.595758811797513,2.275282460536503,6.879604566315873,1.2548922620497975,2.1476684822120298,0.43287808244582604
0.22331409039755062,0.17453292519943298,13.411275557116298,2.4295395957016144,6.778757795563332,1.3458909370206402,2.1164622181362316,0.46324860201633455
0.2513032920204875,0.17453292519943298,13.366091444702688,2.468356897906665,6.745920797841029,1.3764336254258103,2.1019583732701004,0.4778261669992617
0.2828005365353655,0.17453292519943298,13.512155284920166,2.344352782717115,6.815657681863131,1.312107604914185,2.118637394329695,0.4610878956705974
0.3182455065418344,0.17453292519943298,13.927319223709945,2.014616401039553,7.033114339179864,1.1242523538416427,2.189004849361908,0.3946821404983611
0.35813299251433084,0.17453292519943298,14.73269076135813,1.4641041302503557,7.450178318837603,0.8142177589385695,2.327979545400986,0.28218720508331346
0.40301979977966995,0.17453292519943298,16.087238653471037,0.7706758201503872,8.131508681391933,0.4329618884995756,2.5433239428187795,0.15104402140733278
0.4535325211846986,0.17453292519943298,18.16249091157149,0.16890669394086236,9.178077712450062,0.09679529621983492,2.873346038703628,0.03451583426444867
0.5103762839557767,0.17453292519943298,21.18971996480935,0.038346843651760845,10.722731042766645,0.0224133288239818,3.3660410717958364,0.007864377235350106
0.5743445928509872,0.17453292519943298,25.53635294823165,0.8980747531667894,12.904795629183715,0.5193931698567208,4.061336256076633,0.18655321051648735
0.6463304070095649,0.17453292519943298,31.531046495621982,3.2881061055405114,15.971842515662493,1.979364364771446,5.054516654409611,0.7353262921891635
0.7273386051246984,0.17453292519943298,39.75054198708865,7.668943744601336,20.18384403834506,4.806828059639683,6.362366430276545,1.7877215463384135
0.8185000129460304,0.17453292519943298,51.24285126511883,14.40392095858492,25.88472451660451,9.339900480748666,8.281019920699453,3.7206574780228583
0.9210871889273549,0.17453292519943298,66.02954930129648,22.6065827640395,33.73135829443239,15.918397915721014,10.641928493347041,6.4314577702827735
1.0365321883776653,0.17453292519943298,87.0302080695441,32.1339731242758,43.77074452281256,23.930801890779478,14.124121821914501,10.70896284978762
1.166446554092426,0.17453292519943298,113.07896488917393,40.53596798630282,58.14008738301626,33.65288212311053,18.515227275699438,16.187482374747074
1.3126438125222553,0.17453292519943298,151.00625173339873,48.170568640723495,76.19917657165156,42.647273544077734,24.39620375146624,23.270851474939146
1.4771647895120215,0.17453292519943298,196.8747033632892,53.50517316585347,100.31034192759498,50.24144195090378,32.59056314406748,32.228824088805
1.6623060990028473,0.17453292519943298,261.7276809681557,57.74344946079404,134.50720867157997,56.108434617433524,42.99186887336385,41.71724962344884
1.8706522023821734,0.17453292519943298,349.32562514641694,60.858188707132335,175.01522373764868,59.74266711617468,56.42235574855144,50.738150401256135
2.1051114860111477,0.17453292519943298,456.1825383474599,62.96984368393524,232.21445624568636,62.461076519972636,74.60498869656975,57.97037601178265
2.368956860549917,0.17453292519943298,604.7438583929335,64.62209719968854,307.80243358360235,64.35373042000808,99.0884951551753,62.38137052120448
2.6658714488230206,0.17453292519943298,804.0363571784386,65.85289613965637,405.5320358870862,65.67604524419178,134.04037332855043,64.9333851684278
3.0,0.17453292519943298,1054.5487096868067,66.72561645512332,536.8048121465619,66.65111959234409,178.50020761462403,66.34884260899068
-3.0,0.2243994752564138,2717.7499041349383,68.40433351909398,1377.4998464861403,68.39332583788769,434.3663915452111,68.3345604798332
-2.6658714488230206,0.2243994752564138,2156.7711417058276,68.13071876525927,1095.0089863038481,68.11461702494398,344.6600234653328,68.01339047694076
-2.368956860549917,0.2243994752564138,1724.6477967585133,67.7968732754348,874.5962240623152,67.76773151327166,275.38736318387623,67.60091190615785
-2.1051114860111477,0.2243994752564138,1384.7515780716733,67.38531458986527,701.1679256860045,67.33473135838996,221.04079739752453,67.06084039121932
-1.8706522023821734,0.2243994752564138,1112.4112182170509,66.87012775007857,562.9124610601299,66.78784677558235,177.6129166538726,66.32939537766276
-1.6623060990028473,0.2243994752564138,897.7855978524753,66.23802169920947,454.4456756090643,66.10974427270992,142.89732366157884,65.31097142283257
-1.4771647895120215,0.2243994752564138,726.6843596066207,65.45789411819462,367.9048740273699,65.2571970899512,115.60624599819022,63.871446378294515
-1.3126438125222553,0.2243994752564138,590.5519069822001,64.50152880093242,298.880380975735,64.18535100154884,93.85118337289244,61.73098647805687
-1.166446554092426,0.2243994752564138,481.8865023518337,63.33195345251564,243.82247079889103,62.8378646244817,76.56059172411051,58.48932371722209
-1.0365321883776653,0.2243994752564138,394.8180335164213,61.90428277289409,199.72641534272825,61.137052912573736,62.68801986489719,53.79498365856177
-0.9210871889273549,0.2243994752564138,324.8571932444336,60.16687299533011,164.33053746737096,58.98645679131812,51.549287408815715,47.8731183088418
-0.8185000129460304,0.2243994752564138,268.33142457253354,58.0538594442745,135.69806583169853,56.252150983386926,42.57540742996415,41.37980233228083
-0.7273386051246984,0.2243994752564138,222.44679554347076,55.48929750889544,112.53926219354183,52.807740556962244,35.246574051552145,34.860040722653125
-0.6463304070095649,0.2243994752564138,184.9003090942556,52.37652290998335,93.4761223207047,48.48573662055899,29.306443545386003,28.785314928963135
-0.5743445928509872,0.2243994752564138,153.8093295125627,48.59018616983123,77.81199557025117,43.29308502654392,24.37583018266803,23.247128975107135
-0.5103762839557767,0.2243994752564138,127.91778310899637,44.02796292006895,64.69521070546418,37.31558322766984,20.272536000624015,18.347844283249714
-0.4535325211846986,0.2243994752564138,106.12907410625643,38.61092626599455,53.652245571285285,30.865568431980893,16.807090184028564,14.063590319911455
-0.40301979977966995,0.2243994752564138,87.96472707314496,32.49634730698606,44.477857847539966,24.46188990047366,13.946922698493093,10.487843165534178
-0.35813299251433084,0.2243994752564138,73.34164608320485,26.22906535644668,37.0751087688803,18.6717859322819,11.629671660818651,7.62411223155462
-0.3182455065418344,0.2243994752564138,62.080696635415926,20.51993608277225,31.376339371377163,13.947491287123862,9.850564874481158,5.4961907811085275
-0.2828005365353655,0.2243994752564138,53.64356537027333,15.798350162735597,27.116596408850484,10.366396622091802,8.513274555963097,3.974976768560561
-0.2513032920204875,0.2243994752564138,47.328209681087976,12.103079749962557,23.926001472948254,7.731292999340744,7.511748582269707,2.9054163240465427
-0.22331409039755062,0.2243994752564138,42.52431631912665,9.275142157669372,21.49464078919575,5.801205377931818,6.756617036268121,2.154959401057799
-0.19844221923690444,0.2243994752564138,38.79152354562428,7.1228845332632895,19.605998358959155,4.38199767972825,6.171809176904896,1.6173290549547312
-0.17634048216824733,0.2243994752564138,35.83241792488329,5.483410700866214,18.111976093739386,3.330924113631314,5.704154557721657,1.221640263174836
-0.15670035222800524,0.2243994752564138,33.446709082521096,4.231123733439711,16.909676442669024,2.54556282478354,5.322420801975109,0.9258676081092252
-0.13924766500838334,0.2243994752564138,31.49633391124382,3.271634665970809,15.927131624338564,1.9535251574329107,5.008117244342956,0.7039012732635573
-0.12373879148704055,0.2243994752564138,29.883400907958755,2.5343110393753685,15.1137869482633,1.5038860363650848,4.748268914630014,0.5372767513049905
-0.10995723711238882,0.2243994752564138,28.536722523677888,1.966214315063008,14.433630740575548,1.1604934379400305,4.532409439718672,0.4119556616794459
-0.09771061966979347,0.2243994752564138,27.403380347023873,1.5275185461791305,13.860365017540255,0.8972197280921219,4.351873706951138,0.31726251617755014
-0.0868279837415025,0.2243994752564138,26.443245593124274,1.1881151020745437,13.374205304003034,0.6948177462228066,4.199683931629157,0.24526860103475268
-0.07715741427178036,0.2243994752564138,25.625322164272827,0.9251224813379857,12.959846813020672,0.5388897617593158,4.070388032449234,0.19018915937146513
-0.06856391592404971,0.2243994752564138,24.925263470231652,0.7210682200788511,12.60518361632568,0.418554517024677,3.9597896760941618,0.14782235987449113
-0.06092752862714207,0.2243994752564138,24.32366189705289,0.562557964808455,12.30048339876437,0.3255378685039561,3.864654958109087,0.11509646531214417
-0.0541416530048151,0.2243994752564138,23.804851176175305,0.43929308847039916,12.037831690797686,0.253526029869882,3.78245953766693,0.08973877222817334
-0.04811156231253989,0.2243994752564138,23.35605136949831,0.3433378639912703,11.810738257740715,0.1976906887977126,3.7111966372943144,0.07004584621347934
-0.04275308010908995,0.2243994752564138,22.966745200726667,0.2685673014680769,11.613845869612348,0.15433351119193148,3.649240792130414,0.05472658895237193
-0.0379914052040221,0.2243994752564138,22.62821327903834,0.21024780374794105,11.442707868796049,0.12061741249005158,3.5952538266522973,0.04279412615105522
-0.03376006747802295,0.2243994752564138,22.333180860902644,0.1647169253449226,11.29361475433639,0.09436257883717848,3.5481199033718167,0.03348967574493933
-0.03,0.2243994752564138,22.07554480219014,0.12913794460983083,11.163457259272924,0.0738914034335497,3.506899682306458,0.02622754630396767
0.03,0.2243994752564138,18.518227530487145,0.11251848860998129,9.364583967504217,0.0637474695397286,2.9363980512304253,0.022174250084334348
0.03376006747802295,0.2243994752564138,18.32851935697887,0.14105447697317333,9.268216849928269,0.07990142949970984,2.906091281443493,0.027743695496531825
0.0379914052040221,0.2243994752564138,18.119498462911963,0.1765646509868356,9.161965202643337,0.09999974506251294,2.87270042423232,0.03465735492977192
0.04275308010908995,0.2243994752564138,17.889880616314304,0.22063127901713728,9.045160476516326,0.12493485655448072,2.8360063389427337,0.043217872672626216
0.04811156231253989,0.2243994752564138,17.63850283749642,0.27513618095490877,8.917201580524807,0.15576497762406177,2.7957969563657894,0.053787667148103624
0.0541416530048151,0.2243994752564138,17.364407778345754,0.3422858259789281,8.77760618479114,0.19372398001275945,2.751875286856001,0.06679711686570185
0.06092752862714207,0.2243994752564138,17.066957451098045,0.4246177256771992,8.626081950660971,0.24021672657511872,2.70407260116564,0.08275103566968035
0.06856391592404971,0.2243994752564138,16.74598768063328,0.5249703334902359,8.462624322035904,0.2967873100629494,2.6522722308169087,0.10222930347987122
0.07715741427178036,0.2243994752564138,16.402020934794344,0.646386534577265,8.287648538269012,0.36504071563164786,2.5964540112366565,0.12587232497027417
0.0868279837415025,0.2243994752564138,16.036564996321616,0.7919009648042716,8.102163098239858,0.446489639627865,2.536775249133225,0.15433231315415158
0.09771061966979347,0.2243994752564138,15.652538627627074,0.9641302736808577,7.907988177239082,0.542289501726052,2.473707818994828,0.18815673718630818
0.10995723711238882,0.2243994752564138,15.254880204539884,1.164541538322759,7.7080133777247966,0.6528213304705548,2.408242818051367,0.22755687170706093
0.12373879148704055,0.2243994752564138,14.85140050674337,1.3922269995132437,7.506474973410755,0.7770934092858933,2.3421354423358247,0.2720268883398153
0.13924766500838334,0.2243994752564138,14.453910845261156,1.642005687644743,7.3092232654654055,0.9119664454906581,2.2780739061909463,0.31987057285087384
0.15670035222800524,0.2243994752564138,14.0795513890117,1.9018136889466715,7.123977325390029,1.0512516887312386,2.2195389432066173,0.36790851073936404
0.17634048216824733,0.2243994752564138,13.7520381866856,2.149814802675131,6.960686860777535,1.1847265696763802,2.1701337317022427,0.4118369433766747
0.19844221923690444,0.2243994752564138,13.502352467700549,2.3525417752865927,6.832383826817527,1.2969801218742338,2.132676528141701,0.4473007419815324
0.22331409039755062,0.2243994752564138,13.36867618709327,2.4661252334864585,6.757166444726128,1.3659225978876122,2.1095979762050567,0.470110730169373
0.2513032920204875,0.2243994752564138,13.396981418478864,2.4417749976593788,6.761606287242868,1.361787472447738,2.1069307059484057,0.4727950896330024
0.2828005365353655,0.2243994752564138,13.646663482030862,2.2338963399263783,6.884070417252033,1.2509588764168984,2.1405067693378856,0.43972942896321043
0.3182455065418344,0.2243994752564138,14.205759203155022,1.8114713423497892,7.174408533662799,1.0120819231817053,2.2341313104066454,0.3555341478718123
0.35813299251433084,0.2243994752564138,15.208153821319009,1.1896261902646423,7.690629017280699,0.6630210760866273,2.404204045427242,0.23013608594813256
0.40301979977966995,0.2243994752564138,16.826986368207386,0.498490156406055,8.506403638514886,0.2809676931730322,2.662298830984616,0.09827714595218327
0.4535325211846986,0.2243994752564138,19.252452700417752,0.03359239622024831,9.73463259030592,0.019241827336966378,3.0515982717216135,0.00687968879539505
0.5103762839557767,0.2243994752564138,22.75028207108162,0.230540831274485,11.518440904993472,0.1350730867449465,3.6192442314882043,0.047930842971800315
0.5743445928509872,0.2243994752564138,27.729226959590562,1.649637571235993,14.010974312110186,0.9639099852316773,4.4137824325937425,0.3486386823727889
0.6463304070095649,0.2243994752564138,34.53216216081707,4.791553693020168,17.496270841600452,2.921123156353241,5.544160133989385,1.0944370205579481
0.7273386051246984,0.2243994752564138,43.814029926745754,10.0311740678798,22.255077006843692,6.394549425186688,7.019024912305675,2.4092821298344655
0.8185000129460304,0.2243994752564138,56.753843038273324,17.575634617250884,28.667522654518816,11.667855331736156,9.182091014109266,4.724863458526306
0.9210871889273549,0.2243994752564138,73.31798827832671,26.217869313934386,37.46934230049622,18.991731141803914,11.825203436508758,7.862802232647944
1.0365321883776653,0.2243994752564138,96.81593856059085,35.68754634669836,48.687127283486596,27.51502509052669,15.723317745586112,12.708875702507392
1.166446554092426,0.2243994752564138,125.85572422576334,43.58752366217172,64.72877971912469,37.33312072769006,20.621194330911216,18.77265485317547
1.3126438125222553,0.2243994752564138,168.11530726332472,50.51124207273818,84.8330266849032,45.84749868200645,27.170025627775967,26.43737621676386
1.4771647895120215,0.2243994752564138,219.08872666489432,55.25663188246429,111.63794382900416,52.64002102693511,36.28445169486588,35.84988785917261
1.6623060990028473,0.2243994752564138,291.10999768112015,59.01018129020859,149.62202412927766,57.73536864928076,47.83317078390303,45.380457921430676
1.8706522023821734,0.2243994752564138,388.2797102687507,61.76981247261612,194.53359817909424,60.877929162555944,62.72748601359496,53.81215638822054
2.1051114860111477,0.2243994752564138,506.6534206982614,63.644605787586784,257.91560115900944,63.24424998555601,82.87585576612146,59.92001142919281
2.368956860549917,0.2243994752564138,671.1272689351227,65.11605467554105,341.60117075133877,64.90451995439848,109.98481399857555,63.4399210165549
2.6658714488230206,0.2243994752564138,891.6062666647333,66.21519570429196,449.71721855172797,66.07222409432023,148.6593273612318,65.52417209826038
3.0,0.2243994752564138,1168.5578041727674,66.99639355790922,594.8555815023626,66.937960014083,197.8154731516908,66.71886647405906
-3.0,0.27426602531339483,2943.824292469042,68.48487594896432,1492.0861291001784,68.47568304229439,470.50465562748496,68.42653732919575
-2.6658714488230206,0.27426602531339483,2334.4323443280537,68.2317491822295,1185.2053667536184,68.21841387100085,373.0549881986434,68.1335097742593
-2.368956860549917,0.27426602531339483,1865.1439543971262,67.92260844181182,945.8427966156545,67.89811373495856,297.82447456086004,67.75840411484512
-2.1051114860111477,0.27426602531339483,1496.160866605487,67.54114628859006,757.5803652026476,67.49821465874771,238.8266537162868,67.2695360446758
-1.8706522023821734,0.27426602531339483,1200.6721545484743,67.06319971456425,607.5754755828854,66.99311788503456,191.70655974839136,66.6118492811236
-1.6623060990028473,0.27426602531339483,967.9151786510135,66.47615404497381,489.94429280468904,66.36682787475212,154.06084935677157,65.70482288812323
-1.4771647895120215,0.27426602531339483,782.4670990596865,65.75083791237009,396.1464705177881,65.57960720245117,124.48139379696856,64.43912465803724
-1.3126438125222553,0.27426602531339483,635.0100790896827,64.86057853363346,321.3807435045546,64.5902917635878,100.91701377870646,62.583947025091234
-1.166446554092426,0.27426602531339483,517.3846025886684,63.770382972633044,261.7834624435374,63.3472178314915,82.20066529742496,59.7830469437979
-1.0365321883776653,0.27426602531339483,423.20768157431263,62.43759293000727,214.08762470924992,61.77900683659475,67.19568059160179,55.60195899266958
-0.9210871889273549,0.27426602531339483,347.5979584432599,60.8127500255017,175.83379871930734,59.796194188585275,55.157720164729774,50.037343193434985
-0.8185000129460304,0.27426602531339483,286.56570686373647,58.83227777799391,144.9189347044018,57.27178343747266,45.46838484787887,43.65062699781867
-0.7273386051246984,0.27426602531339483,237.07606997257017,56.421569753973344,119.94033351589019,54.0766199611394,37.56408283706758,37.040271998508416
-0.6463304070095649,0.27426602531339483,196.63038744572947,53.48358530166727,99.40571795411866,50.023823439981385,31.165210797327738,30.759613407772974
-0.5743445928509872,0.27426602531339483,163.18792188260298,49.88833194046776,82.55676984162541,45.06312319589358,25.861714681262875,24.959816966030097
-0.5103762839557767,0.27426602531339483,135.3829584964832,45.516737131561484,68.47085157865504,39.212875475925095,21.45520205961281,19.782978033671373
-0.4535325211846986,0.27426602531339483,112.01850394216598,40.25527984242138,56.6294109770183,32.740291788121816,17.73907479239817,15.224727892223978
-0.40301979977966995,0.27426602531339483,92.5544726584536,34.20440219706188,46.79874735101986,26.168726143903623,14.674375033171176,11.39649731432739
-0.35813299251433084,0.27426602531339483,76.88028004263488,27.86490136476552,38.863960701494335,20.114224731962196,12.190429297190805,8.310502482512076
-0.3182455065418344,0.27426602531339483,64.804655503819,21.968712476823043,32.752700157352415,15.101656637000305,10.282507661679526,6.004069344899971
-0.2828005365353655,0.27426602531339483,55.76092060662546,17.0123581541182,28.186511630648425,11.263493843379587,8.849200348167694,4.3485739382373
-0.2513032920204875,0.27426602531339483,48.999839100060704,13.088352419328196,24.77075104204703,8.420628282105952,7.777037153660788,3.181445259227131
-0.22331409039755062,0.27426602531339483,43.86507848473452,10.06117704839524,22.172008709262176,6.329219728775245,6.969805282567995,2.3610202507244833
-0.19844221923690444,0.27426602531339483,39.88174257980314,7.744087514474505,20.156629845278946,4.786618722099632,6.345654077417453,1.772582686121232
-0.17634048216824733,0.27426602531339483,36.72898218583688,5.971645166210899,18.56481251805996,3.6415630425182526,5.8473729494339155,1.3391918044689972
-0.15670035222800524,0.27426602531339483,34.190889180502865,4.613544279861998,17.28568153885977,2.7845441081083644,5.441286961228889,1.0150743578913808
-0.13924766500838334,0.27426602531339483,32.118809482342094,3.5705218003161416,16.24179740134828,2.137696489441328,5.107414099890273,0.7717376633355247
-0.12373879148704055,0.27426602531339483,30.40747068002549,2.767581959845696,15.37881691517082,1.645999376134065,4.831744935545546,0.5890132348853879
-0.10995723711238882,0.27426602531339483,28.98040345053053,2.1481104502124495,14.65805811554658,1.270258535854217,4.603016125510473,0.451555380395826
-0.09771061966979347,0.27426602531339483,27.780820576481908,1.6692791772182924,14.051292184131558,0.9820695677081084,4.411932052071667,0.3476839754828039
-0.0868279837415025,0.27426602531339483,26.76570066242168,1.2985692096000157,13.537298999798733,0.7604618307617783,4.251023074781466,0.2687157885366065
-0.07715741427178036,0.27426602531339483,25.90184522130377,1.0111832221144512,13.099679216945944,0.5897209107326171,4.11446015941122,0.20830976363278947
-0.06856391592404971,0.27426602531339483,25.163203953237403,0.7881356305515691,12.725475709720644,0.4579543731501949,3.9977601649626417,0.1618564111783171
-0.06092752862714207,0.27426602531339483,24.529033271961207,0.6148424059277688,12.404284502622845,0.3561099643359794,3.8974699916257878,0.12598401714563873
-0.0541416530048151,0.27426602531339483,23.982607267337265,0.48007283847489457,12.127655504880943,0.2772750509389513,3.8108956866716146,0.09819702992303789
-0.04811156231253989,0.27426602531339483,23.510297477144558,0.3751630214609602,11.888667941567592,0.21616070611492702,3.735897150287965,0.07662470112645196
-0.04275308010908995,0.27426602531339483,23.100901678917772,0.29342039078588655,11.681616290051242,0.1687145202290708,3.670742485696211,0.05984915351954722
-0.0379914052040221,0.27426602531339483,22.745143761434225,0.22966974156341824,11.501770570184409,0.1318273098301936,3.6140074093942287,0.04678678111153099
-0.03376006747802295,0.27426602531339483,22.43529373891259,0.17990546437351224,11.345189631408395,0.10311013281418598,3.5645056685730343,0.03660464223388567
-0.03,0.27426602531339483,22.164874172975704,0.14102438314688656,11.208573882727919,0.08072456615978539,3.521239859768651,0.028660010717733345
0.03,0.27426602531339483,18.45068330856694,0.12228154162469146,9.33037715564054,0.06925865692154946,2.9255764093505983,0.024086821720107093
0.03376006747802295,0.27426602531339483,18.253998169981468,0.15321961465437425,9.230465063491184,0.08676473783693225,2.8941549086356133,0.03012059837837037
0.0379914052040221,0.27426602531339483,18.037515451063705,0.1916825780987814,9.12041910535243,0.1085238835107673,2.8595718886836208,0.03760302431285739
0.04275308010908995,0.27426602531339483,17.799991238389925,0.23935883325418988,8.999590682062546,0.1354874925074525,2.8216141125659675,0.04685646374453157
0.04811156231253989,0.27426602531339483,17.540333936406874,0.2982459046418505,8.867414725386697,0.16877765259369362,2.780079951661475,0.05826495052315896
0.0541416530048151,0.27426602531339483,17.257699274526736,0.370669364907995,8.723466715860946,0.20969319652616927,2.734788950028499,0.07228145623724247
0.06092752862714207,0.27426602531339483,16.95161786091318,0.45927730863114946,8.56754138880926,0.2596977110498849,2.6855971454983547,0.08943249352439295
0.06856391592404971,0.27426602531339483,16.62216768782473,0.566989134283473,8.399760255180663,0.3203749075520153,2.632423911705589,0.1103151784419013
0.07715741427178036,0.27426602531339483,16.270210665899874,0.6968635130793803,8.220716168445833,0.3933289425894118,2.5753008244170834,0.13557610268097992
0.0868279837415025,0.27426602531339483,15.897722591203632,0.8518281754350098,8.031662769171342,0.4799975451577446,2.514459055682668,0.16585079580753034
0.09771061966979347,0.27426602531339483,15.508260221669559,1.0341801805230997,7.834752857724835,0.5813365377496147,2.45047545776627,0.2016268877611743
0.10995723711238882,0.27426602531339483,15.107624387418133,1.2447194030062336,7.633320506273826,0.6973317654225561,2.3844886782919437,0.2429806058805881
0.12373879148704055,0.27426602531339483,14.704782994971447,1.4813337329292362,7.432187543677073,0.826309483449865,2.3184562213953424,0.2891524246167974
0.13924766500838334,0.27426602531339483,14.313085983439798,1.7368642132338443,7.237966418614232,0.9640589870568124,2.2553321218556155,0.33803104438502574
0.15670035222800524,0.27426602531339483,13.951694354011261,1.996269093657316,7.059361221867419,1.1028408146328579,2.198927352496122,0.3858495204164178
0.17634048216824733,0.27426602531339483,13.646936558231237,2.2336756821831267,6.907597513166826,1.2303700735675829,2.1532377404897365,0.4275984290667955
0.19844221923690444,0.27426602531339483,13.43312074544147,2.4109201019592423,6.797381116406736,1.3287697069753666,2.121562203309526,0.4581929722784633
0.22331409039755062,0.27426602531339483,13.35265559153621,2.4799792374998737,6.74903873440646,1.373514016481336,2.107003627734018,0.4727215669505091
0.2513032920204875,0.27426602531339483,13.457015454762438,2.3906632881316447,6.792097599212904,1.3336123716770496,2.116615892161064,0.46309573273161886
0.2828005365353655,0.27426602531339483,13.813067263146973,2.1020865795335726,6.9687074923389245,1.177928266238544,2.1675663057485903,0.4142073291863797
0.3182455065418344,0.27426602531339483,14.519036381994587,1.5992833338121981,7.333387565388075,0.8947140142442108,2.2849103782355957,0.3145338216949837
0.35813299251433084,0.27426602531339483,15.721495300875992,0.9316972272850338,7.950249861531658,0.52049331837912,2.486516447816964,0.1809660800792146
0.40301979977966995,0.27426602531339483,17.607558821452226,0.28230863095733305,8.901997010920905,0.15967780738061257,2.787853628946408,0.05602589349865989
0.4535325211846986,0.27426602531339483,20.385985595091118,0.0017872419610829105,10.313416802897343,0.0010758990750173217,3.236972057025951,0.0003860015360651154
0.5103762839557767,0.27426602531339483,24.35707780756227,0.5709332401300236,12.337706212864676,0.33636602568774215,3.8799553168748924,0.1201196296230746
0.5743445928509872,0.27426602531339483,29.970695359751158,2.5727197714501164,15.141707458885918,1.518647280925875,4.774065540116804,0.5530772901921523
0.6463304070095649,0.27426602531339483,37.58313119716957,6.4440828410102355,19.04602013580518,3.9794858622516385,6.0419346449593885,1.5041026096214356
0.7273386051246984,0.27426602531339483,47.92757034049546,12.456638061960774,24.351785164530796,8.077787382254856,7.6838016684311725,3.083778801698692
0.8185000129460304,0.27426602531339483,62.313715137424545,20.645459979297065,31.475079483170585,14.03045571645183,10.091148785376982,5.77824498884424
0.9210871889273549,0.27426602531339483,80.65136419141376,29.52351482821316,41.23021705557242,21.9822164097719,13.015812452344145,9.329593371388109
1.0365321883776653,0.27426602531339483,106.63954090864883,38.759394407558204,53.62278066774236,30.846508480146213,17.328720178486755,14.714063567980425
1.166446554092426,0.27426602531339483,138.65883048535312,46.12163148571867,71.33068192833616,40.551766692760935,22.731469741441643,21.311705485755223
1.3126438125222553,0.27426602531339483,185.23195454653666,52.40984158782519,93.4709889164643,48.48431606349379,29.945241208709078,29.471150577786695
1.4771647895120215,0.27426602531339483,241.284633670655,56.667584902058486,122.95623733256524,54.54347671338928,39.97521102443658,39.19245402855603
1.6623060990028473,0.27426602531339483,320.43492608606687,60.029980936444325,164.70675612859287,59.01503905199832,52.66508254030903,48.56881501060844
1.8706522023821734,0.27426602531339483,427.1193780351149,62.50524388673499,213.99585724009202,61.7752173056569,69.01466277047513,56.24799800129762
2.1051114860111477,0.27426602531339483,556.9374418804426,64.19044387278281,283.5217094295534,63.86790479389978,91.11654895345296,61.343474403076804
2.368956860549917,0.27426602531339483,737.2180188571655,65.51671430921763,375.251166660808,65.34612478700777,120.83372019557677,64.22048610997007
2.6658714488230206,0.27426602531339483,978.7359331219237,66.50978464763755,493.6821481805681,66.39161052733363,163.20490026035364,65.97515470620485
3.0,0.27426602531339483,1281.9381170805948,67.21702302915507,652.5869114246403,67.17021945964467,217.0235197068942,67.00800009116712
-3.0,0.32413257537037565,3164.830789678231,68.55240436119195,1604.1036808808087,68.54460662512054,505.83321991226615,68.50280618264146
-2.6658714488230206,0.32413257537037565,2508.051446009285,68.31651846504693,1273.3490664742042,68.305303767966,400.8041620956482,68.23285891298418
-2.368956860549917,0.32413257537037565,2002.3888057514034,68.02819142560821,1015.4403925837157,68.00728238256224,319.7425235381644,67.88820384244366
-2.1051114860111477,0.32413257537037565,1604.943060337237,67.6721148894116,812.6626670193777,67.6351166489811,256.19321215997525,67.4406877978881
-1.8706522023821734,0.32413257537037565,1286.8093381176022,67.22561476590204,651.1639658805341,67.16501329595258,205.4611024806672,66.8418560992784
-1.6623060990028473,0.32413257537037565,1036.3190066602915,66.67666804668042,524.5694640267271,66.5820807273708,164.94976437935432,66.02232246136094
-1.4771647895120215,0.32413257537037565,836.8428634641742,65.99775678497876,423.67583278590087,65.84946742202654,133.13276723772944,64.89072166243493
-1.3126438125222553,0.32413257537037565,678.3157411795554,65.16354633304846,343.2979369030872,64.92905045450784,107.79975320670324,63.25363375281304
-1.166446554092426,0.32413257537037565,551.9337096069423,64.140764300695,279.2644302834892,63.77303225618472,87.6900256958145,60.8027381176015
-1.0365321883776653,0.32413257537037565,450.81131542683863,62.88870782815943,228.05137485437666,62.31532065893943,71.57860697062107,57.084720757783785
-0.9210871889273549,0.32413257537037565,369.68295143927276,61.35988415529581,187.00549518292127,60.47258728112732,58.6621691850838,51.90852336719198
-0.8185000129460304,0.32413257537037565,304.2480764724417,59.49285649525382,153.86087840045425,58.12479037833066,48.27386532927269,45.69037757410469
-0.7273386051246984,0.32413257537037565,251.23552155652212,57.21451545660046,127.10382967008522,55.14367802221672,39.80726205067757,39.04640006461176
-0.6463304070095649,0.32413257537037565,207.95481188796458,54.42817036389148,105.13041415210041,51.332284944921284,32.9597785205635,32.60294874371557
-0.5743445928509872,0.32413257537037565,172.21084796644823,51.00112596535805,87.12160182204848,46.596599020979944,27.2913261729437,26.572871337978643
-0.5103762839557767,0.32413257537037565,142.5317627647938,46.80192721869901,72.08643822491261,40.89194358612854,22.58781672055739,21.14074634879697
-0.4535325211846986,0.32413257537037565,117.62707724368236,41.68985598905871,59.46457338562307,34.43167363117999,18.626766199086923,16.32545598291167
-0.40301979977966995,0.32413257537037565,96.9029636225469,35.71684126748444,48.997513361007876,27.732575763731305,15.363636345714308,12.258798736275141
-0.35813299251433084,0.32413257537037565,80.2237623638847,29.339809269788,40.55401648908522,21.453381012844602,12.720371740735848,8.963804242039219
-0.3182455065418344,0.32413257537037565,67.37884019808442,23.299150563787354,34.05335947266684,16.1862269507399,10.690836565983707,6.489918148406831
-0.2828005365353655,0.32413257537037565,57.765461002743294,18.145174288961556,29.199460644646695,12.115471597678585,9.167294057095564,4.708018368378405
-0.2513032920204875,0.32413257537037565,50.58566448422268,14.019515649650462,25.57216245505517,9.08096270677257,8.028747273803496,3.4484643685167518
-0.22331409039755062,0.32413257537037565,45.13910889971545,10.811313005475274,22.815664108075627,6.838436490304917,7.172428946606187,2.5612752781483743
-0.19844221923690444,0.32413257537037565,40.918803639721276,8.34128947735774,20.680413315369723,5.178852885521007,6.511070172283961,1.9240060310127058
-0.17634048216824733,0.32413257537037565,37.582302250314434,6.443621189249207,18.995815096773907,3.943873002295783,5.983721261352238,1.4541538329432482
-0.15670035222800524,0.32413257537037565,34.89928648903145,4.984780250075448,17.643620480578633,3.017804542412915,5.554462873441499,1.1024919755236258
-0.13924766500838334,0.32413257537037565,32.711277604799605,3.8615891432000287,16.541308778164925,2.317856282048758,5.201939817196471,0.8383129069267145
-0.12373879148704055,0.32413257537037565,30.90611223896182,2.9952965518777193,15.631000201134338,1.785245355847332,4.911180395930275,0.6398432419847065
-0.10995723711238882,0.32413257537037565,29.40236013551577,2.3259966961483953,14.871506620046736,1.377938444419726,4.670172174789908,0.49049119552753306
-0.09771061966979347,0.32413257537037565,28.139581503414256,1.8081036443819736,14.23277768215419,1.0653797282271433,4.469022904109329,0.3776107779751771
-0.0868279837415025,0.32413257537037565,27.07201243316352,1.406844830698447,13.69223267752706,0.8249538533641029,4.29979568681072,0.29178894918786535
-0.07715741427178036,0.32413257537037565,26.16435928872591,1.0956086426714102,13.232431048918064,0.6396801857849895,4.156302495500427,0.22614413850440923
-0.06856391592404971,0.32413257537037565,25.388946814296926,0.8539629818003402,12.839603670470632,0.49668806345640415,4.0337865369867485,0.17566935620237545
-0.06092752862714207,0.32413257537037565,24.723754769416338,0.6661784196826327,12.502704555416404,0.3861690304136,3.9285852476212453,0.13669954833257397
-0.0541416530048151,0.32413257537037565,24.15104330456261,0.5201220205616492,12.212770960345175,0.30062643203304235,3.837842387383711,0.10652074591552148
-0.04811156231253989,0.32413257537037565,23.656371344954593,0.40642213917946735,11.962469707876147,0.23432093638987572,3.759290170118528,0.0830979202106198
-0.04275308010908995,0.32413257537037565,23.227880417492567,0.3178328543389215,11.745761528304305,0.18285321160659201,3.691094705055601,0.06488854670544726
-0.0379914052040221,0.32413257537037565,22.855760946337387,0.2487474007207629,11.557644931940317,0.14284707342587083,3.631749170061239,0.05071382250916678
-0.03376006747802295,0.32413257537037565,22.531846775712687,0.19482421792281415,11.39395681442643,0.11170814488415565,3.5799998192634845,0.03966777531021032
-0.03,0.32413257537037565,22.249301971466018,0.1526989319264575,11.251215291278426,0.08743990379699136,3.5347936121401404,0.031051489625336118
0.03,0.32413257537037565,18.387489229768033,0.1318122524238897,9.298373738833956,0.07463641886760668,2.9154518884992293,0.025952564337896982
0.03376006747802295,0.32413257537037565,18.184337768263152,0.16508597291193133,9.195176151860206,0.09345637324983848,2.882997303949191,0.03243732721564784
0.0379914052040221,0.32413257537037565,17.960959255746015,0.20641519062661623,9.081623721913644,0.11682653618170463,2.8473126284341235,0.040471174175744105
0.04275308010908995,0.32413257537037565,17.71615498018568,0.25758780990091035,8.957090331466567,0.14575347866971,2.8081913492199684,0.050394889273877023
0.04811156231253989,0.32413257537037565,17.448909761822783,0.3207079943260356,8.821049528097388,0.18141801399151056,2.7654431569105262,0.0626123503785073
0.0541416530048151,0.32413257537037565,17.158497508161417,0.39820793740648663,8.673137192816004,0.22517689613191058,2.7189050692907952,0.07759668908702216
0.06092752862714207,0.32413257537037565,16.844622477428103,0.4928290351854471,8.513237624486521,0.27854277574883646,2.6684588897906383,0.09589275240073969
0.06856391592404971,0.32413257537037565,16.50760966735881,0.6075476387743541,8.34160064627809,0.34312572062376595,2.6140610694621285,0.11811022269715893
0.07715741427178036,0.32413257537037565,16.148664795975886,0.7454049475600171,8.15899852114995,0.4205109294402674,2.555795930516853,0.1448954092764671
0.0868279837415025,0.32413257537037565,15.770235159736355,0.9091760775164538,7.966931097081813,0.5120366747535168,2.493969334130165,0.17685830234696923
0.09771061966979347,0.32413257537037565,15.376517474924116,1.100776928557802,7.767883780659252,0.6184268870662851,2.4292634551754877,0.21441492323490385
0.10995723711238882,0.32413257537037565,14.974174434841874,1.3202605349247913,7.5656336092074135,0.739231494003347,2.3629638783711333,0.25749174108367684
0.12373879148704055,0.32413257537037565,14.57332635299048,1.5642154228341678,7.365584607293931,0.8720474700156577,2.297228247770106,0.3050593044169533
0.13924766500838334,0.32413257537037565,14.188850741828414,1.8234100486368792,7.175105943073951,1.0115468949679882,2.2352723057735737,0.3545778922395927
0.15670035222800524,0.32413257537037565,13.841909430741817,2.0797749935707706,7.003879249534045,1.148415627189039,2.181231734436185,0.40169138839950247
0.17634048216824733,0.32413257537037565,13.561412185780316,2.303492240625667,6.864396421089751,1.2683478931210574,2.1394903093472712,0.44070752049271567
0.19844221923690444,0.32413257537037565,13.384951941459294,2.452103844329077,6.7730245585105395,1.3511909396940474,2.113827179161925,0.46587499595108967
0.22331409039755062,0.32413257537037565,13.359114504196341,2.474387547343387,6.752299109462406,1.3704654225944812,2.1080215821750303,0.47169600937117373
0.2513032920204875,0.32413257537037565,13.540823759747045,2.3205129914123472,6.834667589078008,1.2949235878991407,2.1301465208188026,0.44976514239535725
0.2828005365353655,0.32413257537037565,14.004354507349296,1.9570046599628044,7.066002471892271,1.0974650744042203,2.1986755248937944,0.38607210380949625
0.3182455065418344,0.32413257537037565,14.858007287330834,1.3882933021009034,7.5054105280606285,0.7777853952660572,2.339859181654848,0.27364518165693863
0.35813299251433084,0.32413257537037565,16.26082063634188,0.7005448859609334,8.22302361264513,0.39233322777273466,2.5730078696295298,0.1366530490436592
0.40301979977966995,0.32413257537037565,18.413563816694307,0.12783311589739677,9.310486319133366,0.07257575350321901,2.9175106766915984,0.025567164362373558
0.4535325211846986,0.32413257537037565,21.54325949822867,0.06853213938371538,10.904302682415858,0.0401922208345394,3.4262222912594273,0.014457873767871903
0.5103762839557767,0.32413257537037565,25.98447702187024,1.0374757031574644,13.167455239903438,0.6150230680912467,4.144012724222565,0.22084300193597128
0.5743445928509872,0.32413257537037565,32.22752359945556,3.6234641246131787,16.280226290685178,2.160552527756745,5.136840128637695,0.7922576511371047
0.6463304070095649,0.32413257537037565,40.64131082170282,8.180963203048975,20.599424693376356,5.117765380508759,6.5408780029873235,1.9516582058795593
0.7273386051246984,0.32413257537037565,52.03638728845344,14.866665667393914,26.446041336396,9.806571338619824,8.34783909085424,3.7934718860306953
0.8185000129460304,0.32413257537037565,67.85134246000881,23.53914297899448,34.271473433118764,16.36736661740038,10.99655661094069,6.85686104672147
0.9210871889273549,0.32413257537037565,87.93897569520632,32.4864290499421,44.967454406502824,24.826625922232246,14.199021704533926,10.802476219557837
1.0365321883776653,0.32413257537037565,116.38291400927815,41.382048693338916,58.51836092084081,33.87733235364787,18.921018623958304,16.688939628647926
1.166446554092426,0.32413257537037565,151.3380530011519,48.221052476921635,77.86830985388994,43.31521706649539,24.821278706052468,23.76430677301119
1.3126438125222553,0.32413257537037565,202.15945505080535,53.95870737494672,102.01376724999152,50.63986265439926,32.68993971584929,32.32978489486612
1.4771647895120215,0.32413257537037565,263.21182743808896,57.814654511103996,134.13741990523974,56.06319760088353,43.62115414858218,42.22040054698149
1.6623060990028473,0.32413257537037565,349.37644110045727,60.859518007286,179.5936751994247,60.03477171588872,57.43386686991284,51.27776360434748
1.8706522023821734,0.32413257537037565,465.4185539686391,63.10477728042795,233.18848859201898,62.49432762372467,75.21489842812119,58.13650408758819
2.1051114860111477,0.32413257537037565,606.4893955285798,64.63652220282341,308.7551279421058,64.37107631116521,99.23769786121119,62.398337891544024
2.368956860549917,0.32413257537037565,802.3067923799878,65.8449207092525,408.39125347986624,65.70447564830559,131.51875430689725,64.81280717923717
2.6658714488230206,0.32413257537037565,1064.498559132781,66.75160966202694,536.9591499059418,66.65196919739043,177.5223423252131,66.32739634659475
3.0,0.32413257537037565,1393.49305608994,67.39845798270397,709.3894911583,67.36024632923738,235.92159742518817,67.23799489471537
-3.0,0.37399912542735647,3378.682240055267,68.60927584155799,1712.4946544788409,68.60256399245299,540.018456123802,68.56645166386545
-2.6658714488230206,0.37399912542735647,2675.998286062225,68.38795657874506,1358.6124992378523,68.37838746544718,427.64700831374694,68.31559173470679
-2.368956860549917,0.37399912542735647,2135.1018193588984,68.11723256093438,1082.7396737834842,68.09912389819048,340.937016669446,67.99598460597953
-2.1051114860111477,0.37399912542735647,1710.090092583185,67.78264705419345,865.9044261344584,67.75030505573812,272.9795491755157,67.58223791904459
-1.8706522023821734,0.37399912542735647,1370.0304047465972,67.36279460841621,693.2770044769195,67.3096480608299,218.7500260316955,67.0309953138037
-1.6623060990028473,0.37399912542735647,1102.3727140381407,66.84616780817895,558.0051775403539,66.76317779277454,175.4646902676893,66.2812754221525
-1.4771647895120215,0.37399912542735647,889.3193218212933,66.2066653426526,450.2437390111879,66.07644371905715,141.48204737652048,65.254973990016
-1.3126438125222553,0.37399912542735647,720.0799648490205,65.4201089859414,364.43515972198753,65.21384159863523,114.4376018443002,63.78692074255317
-1.166446554092426,0.37399912542735647,585.2259253895774,64.45471406620071,296.10962402863856,64.13077568135401,92.9797666638039,61.61140883230033
-1.0365321883776653,0.37399912542735647,477.3845544495405,63.2714768047797,241.49408135361077,62.76556532367887,75.79801147579002,58.29166829535472
-0.9210871889273549,0.37399912542735647,390.9174866288682,61.824632297906525,197.74718368502627,61.040138725307074,62.03175844320058,53.50576711892863
-0.8185000129460304,0.37399912542735647,321.2226730358746,60.05465811482237,162.44511879404305,58.840877478922344,50.96713659118672,47.50057884743483
-0.7273386051246984,0.37399912542735647,264.79945903900926,57.889885732707114,133.96619083059565,56.04215153448397,41.95622077433004,40.87151640808001
-0.6463304070095649,0.37399912542735647,218.7711894240818,55.234239392792944,110.59848582421489,52.44273998682591,34.67393940680982,34.304627418227
-0.5743445928509872,0.37399912542735647,180.79365444435894,51.95337255550279,91.46377051471022,47.91624987338644,28.651301609405152,28.07408955622892
-0.5103762839557767,0.37399912542735647,149.29350312285771,47.90640376826643,75.50621464967844,42.362588295662306,23.659196353225045,22.408619017761907
-0.4535325211846986,0.37399912542735647,122.89525323347397,42.931369027406376,62.12763238795677,35.937804522142436,19.46077188701402,17.353645129053607
-0.40301979977966995,0.37399912542735647,100.9608767845785,37.04036586799386,51.04918939489426,29.143629743182878,16.006898923707187,13.063634912688848
-0.35813299251433084,0.37399912542735647,83.3332113817758,30.650502876203554,42.12558934538192,22.676008306101203,13.213359297638993,9.574707215676181
-0.3182455065418344,0.37399912542735647,69.77441330808806,24.502145843984984,35.26373732649282,17.188310970128917,11.071005697953163,6.946593729796844
-0.2828005365353655,0.37399912542735647,59.63652911748334,19.18619678652841,30.145010315951033,12.911586206956478,9.464290860847147,5.048101656915071
-0.2513032920204875,0.37399912542735647,52.07091412940212,14.88676167266703,26.32277388895605,9.703921010707532,8.264541717613323,3.7027458407129443
-0.22331409039755062,0.37399912542735647,46.3356686245358,11.517278330576229,23.42018093744022,7.322484945081646,7.36278912196952,2.7530474691491973
-0.19844221923690444,0.37399912542735647,41.89472873931456,8.907796588515808,21.173318919274312,5.553886760763243,6.666794239626957,2.0696525026656993
-0.17634048216824733,0.37399912542735647,38.386328967005525,6.894029011621448,19.40192972266087,4.234215976451853,6.112240158112228,1.5650941187602452
-0.15670035222800524,0.37399912542735647,35.56723425699646,5.34066359634725,17.981137656470274,3.2425869467214974,5.661207646615234,1.1870578784314905
-0.13924766500838334,0.37399912542735647,33.27008650546622,4.141583951810452,16.82382229927963,2.4919084989622315,5.291114540358439,0.902833821181299
-0.12373879148704055,0.37399912542735647,31.376434586456725,3.214925059316004,15.868876998756097,1.920026319806618,4.986116373018083,0.6891714663137123
-0.10995723711238882,0.37399912542735647,29.800281640983656,2.4979095974947336,15.072809013041967,1.4823127895252186,4.733510809127613,0.5283139686110223
-0.09771061966979347,0.37399912542735647,28.477800686997778,1.9424698201095958,14.403880616274096,1.1462163822018472,4.522850589510829,0.40670239598531344
-0.0868279837415025,0.37399912542735647,27.360669236195367,1.511762669289802,13.838242585853518,0.8875781304137687,4.345761601750541,0.3142287776880068
-0.07715741427178036,0.37399912542735647,26.411629660641125,1.1774852128177005,13.357478498578235,0.6882182603498008,4.1957186596202,0.24349410209887185
-0.06856391592404971,0.37399912542735647,25.60147779877495,0.9178424991294358,12.947055106665301,0.5343333080772873,4.0677072649186,0.189109268265608
-0.06092752862714207,0.37399912542735647,24.906988829265476,0.7160174105901372,12.595320475071178,0.41538994497365095,3.9578671613709213,0.14712629770714966
-0.0541416530048151,0.37399912542735647,24.309464225955214,0.5590151515182977,12.292826995112524,0.3233294575262525,3.8631886600161662,0.11461999240873305
-0.04811156231253989,0.37399912542735647,23.793693475614038,0.4367849602099762,12.031850892614598,0.2519777318847523,3.78128306548607,0.08939611155337382
-0.04275308010908995,0.37399912542735647,23.347196127767898,0.34154812078075564,11.806036517239558,0.1965997772000535,3.7102198035038483,0.06979113101635201
-0.0379914052040221,0.37399912542735647,22.959656720369704,0.26728126325345,11.610124870499073,0.15356062870080261,3.6484137579131524,0.05453372418568456
-0.03376006747802295,0.37399912542735647,22.622495375202057,0.2093178791487707,11.439742298750645,0.12006654164186886,3.594547139732589,0.04264687683228155
-0.03,0.37399912542735647,22.328536113357007,0.1640405758557427,11.291233997246595,0.09396741820243087,3.5475141134067205,0.03337698165179727
0.03,0.37399912542735647,18.328724732271095,0.14102170177446557,9.268613987991193,0.07983084263631071,2.9060372497194615,0.027754219728611206
0.03376006747802295,0.37399912542735647,18.119613234747693,0.17654396107382203,9.16238820353791,0.09991489689902396,2.8726305347277754,0.03467269362757194
0.0379914052040221,0.37399912542735647,17.889896324199526,0.22062807979503718,9.045612792249276,0.12483245516763244,2.8359333337450057,0.04323592652810335
0.04275308010908995,0.37399912542735647,17.638423867013895,0.27515435469846283,8.917685884296375,0.15564122417423923,2.795746438550333,0.0538017436744388
0.04811156231253989,0.37399912542735647,17.364260184563488,0.3423242062048976,8.778121245338546,0.19357544272313837,2.7518914266644603,0.06679204969684387
0.0541416530048151,0.37399912542735647,17.06679995421079,0.4246639972467732,8.62661646878251,0.24004280084002527,2.704223327404707,0.082697722974081
0.06092752862714207,0.37399912542735647,16.745922910981395,0.5249918249128956,8.463146262226735,0.2965957877310595,2.6526501879554165,0.10207872034452238
0.06856391592404971,0.37399912542735647,16.402201749876053,0.6463188187762654,8.288088896089365,0.36485865836373527,2.5971658983466415,0.12555297010444186
0.07715741427178036,0.37399912542735647,16.037185038302948,0.7916391786740744,8.1023951372944,0.4463817122428124,2.5379076607095015,0.1537607358515543
0.0868279837415025,0.37399912542735647,15.653788231275525,0.9635365559599112,7.907808659422763,0.5423832289006902,2.475255721120972,0.18727891552249165
0.09771061966979347,0.37399912542735647,15.256841211106243,1.1634959896489117,7.707143068601833,0.6533296682758647,2.409996473698932,0.22644243360272168
0.10995723711238882,0.37399912542735647,14.853856736670085,1.390763737472044,7.504611292920243,0.7783052214315541,2.3435599940388174,0.27101711654584815
0.12373879148704055,0.37399912542735647,14.456088513285387,1.640565515410482,7.306189131611433,0.9141473878518219,2.2782996290393984,0.31969346905285817
0.13924766500838334,0.37399912542735647,14.079912443650318,1.9015511641180036,7.119988071675085,1.0543908253676977,2.2176859723388325,0.3694991387422787
0.15670035222800524,0.37399912542735647,13.748448371516716,2.1526442469092926,6.95664832022683,1.1881592767408087,2.1661705721465934,0.4154996364684807
0.17634048216824733,0.37399912542735647,13.493127764059206,2.360265225576162,6.829903671076714,1.299215940716235,2.1285161985046304,0.45135787782636644
0.19844221923690444,0.37399912542735647,13.354750370660879,2.4781647908398514,6.757750293156515,1.3653783462274396,2.1089756201016803,0.47073617495563813
0.22331409039755062,0.37399912542735647,13.383983278835622,2.4529368369372544,6.764886918929719,1.3587373288027293,2.1119989171072797,0.46770299142977195
0.2513032920204875,0.37399912542735647,13.64308450421342,2.236789648304047,6.88661336425605,1.2487227371061655,2.1466628368316765,0.4338359245045383
0.2828005365353655,0.37399912542735647,14.213585695270075,1.8059623570416508,7.172425733010535,1.0136040447641654,2.2327056624796717,0.35673126399670896
0.3182455065418344,0.37399912542735647,15.213634089491233,1.1866670715816157,7.685890009414072,0.665818280679051,2.397511873921042,0.23444860392235461
0.35813299251433084,0.37399912542735647,16.814384864755798,0.5025580049245307,8.503008549085978,0.2821768359685229,2.6617932764317227,0.09847430581444017
0.40301979977966995,0.37399912542735647,19.229816189382543,0.035306355146570496,9.724173873198756,0.020131307763821563,3.0488254612694883,0.007142117301802953
0.4535325211846986,0.37399912542735647,22.704725851611773,0.2228693392735879,11.497306320207478,0.13096419405709084,3.6161498431885133,0.047253296434713626
0.5103762839557767,0.37399912542735647,27.607230251631005,1.6035233362130998,13.99481035999054,0.9566656476917619,4.407316464727779,0.3453070550442783
0.5743445928509872,0.37399912542735647,34.4669900248185,4.757437374332975,17.410020336980114,2.8649545865921846,5.496842865440779,1.0576908943064955
0.6463304070095649,0.37399912542735647,43.66473684058769,9.943458952696027,22.135163344475178,6.300281032340194,7.034138591440628,2.424151775834275
0.7273386051246984,0.37399912542735647,56.08659951765268,17.197562525386967,28.510374439744226,11.535697612510656,9.002423717760113,4.5210636058829525
0.8185000129460304,0.37399912542735647,73.29678961540225,26.207834134129723,37.02138283381505,18.628098404697692,11.886872167143347,7.938232834628089
0.9210871889273549,0.37399912542735647,95.09166539561218,35.09900735294863,48.635318927549974,27.478608888062524,15.360347376208265,12.254683003118
1.0365321883776653,0.37399912542735647,125.93000382935753,43.60362143394607,63.31555033714791,36.58422190472043,20.481236564832553,18.602294757403552
1.166446554092426,0.37399912542735647,163.7457959562237,49.96078548624583,84.26554072086893,45.655696860772096,26.86628048850268,26.096959658322007
1.3126438125222553,0.37399912542735647,218.7045712301794,55.229532786889536,110.36382935875659,52.39762147941454,35.37277594592861,34.981561911726935
1.4771647895120215,0.37399912542735647,284.6242064306609,58.75443001750165,145.05598127405153,57.28579309179831,47.181341882614184,44.91491404753775
1.6623060990028473,0.37399912542735647,377.61442452045947,61.53992395080239,194.11809464244817,60.85650305112246,62.08675832727525,53.53027225059904
1.8706522023821734,0.37399912542735647,502.75895469883386,63.59757341192783,251.9018719576957,63.07709253940179,81.26046036309681,59.5863844367264
2.1051114860111477,0.37399912542735647,654.7740891773449,65.00399396288293,333.34330092446186,64.78123169515396,107.15156787096358,63.196141327945064
2.368956860549917,0.37399912542735647,865.6973818203162,66.11584609820449,440.66693372067243,65.99800530273001,141.9256013258085,65.27268788826007
2.6658714488230206,0.37399912542735647,1147.9845732707608,66.95159075601006,579.089221738276,66.86604829673725,191.4597769672454,66.60734789874647
3.0,0.37399912542735647,1502.0483295074016,67.548727880258,764.6653566081447,67.51697348302397,254.31073939356358,67.42345430424348
-3.0,0.4238656754843373,3583.354902982922,68.65730568691384,1816.23334783107,68.65144763899188,572.7368696302436,68.61979123182955
-2.6658714488230206,0.4238656754843373,2836.6922777074656,68.44832266214996,1440.1932542281133,68.4400434943265,453.33091140598725,68.38480945407105
-2.368956860549917,0.4238656754843373,2262.041447616089,68.1925191112783,1147.111075396296,68.17661935347897,361.20968509486875,68.0859467448075
-2.1051114860111477,0.4238656754843373,1810.6246061080801,67.876164900842,916.8107892153661,67.84751263887769,289.02964350116156,67.70000020172995
-1.8706522023821734,0.4238656754843373,1449.5671188226727,67.47893663908748,733.5258752651952,67.43170881378506,231.4506647627174,67.18761443850337
-1.6623060990028473,0.4238656754843373,1165.4709116351821,66.98977408940229,589.94503030454,66.91599636168867,185.50926960184745,66.49426979846295
-1.4771647895120215,0.4238656754843373,939.4190455105153,66.3837886802846,475.6085142030705,66.26792989837614,149.4532864795588,65.55182238732263
-1.3126438125222553,0.4238656754843373,759.9254992419682,65.6377972559194,384.60152235196887,65.45399734495433,120.77061613161345,64.21653454909998
-1.166446554092426,0.4238656754843373,616.9624628221658,64.72129363276005,312.1679047947386,64.43225684712381,98.02242992235786,62.257776250200706
-1.0365321883776653,0.4238656754843373,502.6900680419748,63.59673463929229,254.29572734071846,63.1446959706549,79.81622636459507,59.27019501942411
-0.9210871889273549,0.4238656754843373,411.1122541288539,62.21984253770786,207.96314092956948,61.517674326104014,65.23646522697403,54.85398760781045
-0.8185000129460304,0.4238656754843373,337.33762725615003,60.53274466990475,170.59489584787855,59.44323219231359,53.52411957017227,49.08816117665076
-0.7273386051246984,0.4238656754843373,277.6450159764174,58.465026055443644,140.46528409307302,56.79894455932449,43.99151563819276,42.51273782536233
-0.6463304070095649,0.4238656754843373,228.97896479581172,55.92118955985105,115.75913378784323,53.38265744642154,36.291776713284456,35.85679656652599
-0.5743445928509872,0.4238656754843373,188.85294379506675,52.76566813683981,95.54108285906919,49.0442712076123,29.928444133301447,29.453214180700172
-0.5103762839557767,0.4238656754843373,155.59810589428798,48.85001651399498,78.69472935954889,43.63681979565395,24.658253917869146,23.57539491937456
-0.4535325211846986,0.4238656754843373,127.76425717821076,43.99562682250283,64.58886909511814,37.25994664934518,20.231820160051473,18.29814603644997
-0.40301979977966995,0.4238656754843373,104.68038473485309,38.18318683869157,52.92956441396451,30.39523213625323,16.596591341886345,13.80074878558707
-0.35813299251433084,0.4238656754843373,86.1718734535803,31.796693951592445,43.56007133882209,23.771600709847398,13.663587470138081,10.134671722484216
-0.3182455065418344,0.4238656754843373,71.96461819619087,25.571662040225426,36.370308630264,18.097096192530913,11.418795937778567,7.367556415486079
-0.2828005365353655,0.4238656754843373,61.35508445680223,20.12720895951245,31.013545739317955,13.64249795665002,9.737181154005919,5.364028171271753
-0.2513032920204875,0.4238656754843373,53.44195154353649,15.681919411547245,27.01569782274032,10.282019149790301,8.482262714480976,3.940822614978733
-0.22331409039755062,0.4238656754843373,47.4447947882081,12.171869617631481,23.980526016632123,7.775548325941872,7.539309054261033,2.9338200039386084
-0.19844221923690444,0.4238656754843373,42.80207558259853,9.43760208472222,21.63158789840948,5.907251527548066,6.8116470504473865,2.207674383768264
-0.17634048216824733,0.4238656754843373,39.13539195221928,7.318001244902564,19.78029369114051,4.509170785599715,6.232029685762699,1.6706425221550953
-0.15670035222800524,0.4238656754843373,36.19034103849938,5.677313443240632,18.29601635191816,3.4562728705677666,5.7608236478309855,1.2677492513286044
-0.13924766500838334,0.4238656754843373,33.79178986412834,4.4074421118511005,17.087598056182294,2.657847546275187,5.374390776020724,0.9645332112495327
-0.12373879148704055,0.4238656754843373,31.815703683626918,3.4240633563039022,16.091066580365133,2.0488047450242455,5.056118709628857,0.7364199552241346
-0.10995723711238882,0.4238656754843373,30.17197937765973,2.661970664818825,15.260859704706679,1.5822019854694205,4.792684574312782,0.5645864224271684
-0.09771061966979347,0.4238656754843373,28.79371269056791,2.0709139912502295,14.563708989428871,1.2236739304627693,4.5731347682652865,0.4346266069446019
-0.0868279837415025,0.4238656754843373,27.63023741917733,1.6121842793467327,13.974604315825989,0.9476389057084856,4.388692997164613,0.3357819222028563
-0.07715741427178036,0.4238656754843373,26.642485136925803,1.2559284634567678,13.474229790456926,0.7348001473994006,4.232522329907957,0.26016583356903633
-0.06856391592404971,0.4238656754843373,25.799834875863215,0.9790874301956918,13.047343976006232,0.5704783323396628,4.099369104877169,0.2020274763255629
-0.06092752862714207,0.4238656754843373,25.077941213704946,0.7638262310279966,12.681731040844728,0.4434554081503029,3.9851890495921953,0.15714997349299253
-0.0541416530048151,0.4238656754843373,24.45721117929092,0.5963382627440704,12.367490820651966,0.34513931877591525,3.8868292847437975,0.1224067389260453
-0.04811156231253989,0.4238656754843373,23.921714835680955,0.46592991872954004,12.096534206278704,0.26894195932800996,3.801788057667637,0.0954513558560034
-0.04275308010908995,0.4238656754843373,23.458389298937128,0.36431624924759853,11.86220919971503,0.20980789297770283,3.728044245561576,0.0745044208028868
-0.0379914052040221,0.4238656754843373,23.056444894255957,0.2850769146838179,11.659015367598743,0.16385461092303738,3.6639393226156107,0.05820586611219363
-0.03376006747802295,0.4238656754843373,22.706913672440606,0.2232350976695883,11.482381533835136,0.12809737002951715,3.608095407694453,0.04551046444229003
-0.03,0.4238656754843373,22.402300582490255,0.17493138455351467,11.328490623277757,0.1002387778501641,3.559357107447166,0.03561205247431326
0.03,0.4238656754843373,18.274460907410333,0.14982492745026246,9.241133940598177,0.08479429209481351,2.897343911878493,0.02947532982697437
0.03376006747802295,0.4238656754843373,18.05989073058242,0.18748917878375737,9.132134779197878,0.10608185455685748,2.8630652333493454,0.03680655611872615
0.0379914052040221,0.4238656754843373,17.824383652566574,0.23419368159928539,9.012415256301084,0.13247032474464954,2.8254431742225625,0.04587277935818394
0.04275308010908995,0.4238656754843373,17.566840023869336,0.2919036936681892,8.881398767643379,0.16506434683263807,2.784286176366965,0.05704743902867024
0.04811156231253989,0.4238656754843373,17.286404851809525,0.3629084195810151,8.738639931680517,0.20514625927199467,2.7394279681332088,0.0707686458179882
0.0541416530048151,0.4238656754843373,16.982593726855,0.44981629229129466,8.583898118690586,0.25416793397918513,2.6907417353948015,0.0875426911736205
0.06092752862714207,0.4238656754843373,16.655460539043492,0.5555066448283363,8.41723768616257,0.3137131553171157,2.6381617392743943,0.10794164117974768
0.06856391592404971,0.4238656754843373,16.305822328934052,0.6830056674562167,8.239163429394607,0.38540963281828317,2.581719012884967,0.1325878168295302
0.07715741427178036,0.4238656754843373,15.9355643665124,0.8352356447349503,8.050801081571747,0.4707594813168431,2.5216029206049546,0.1621105414359025
0.0868279837415025,0.4238656754843373,15.54806026859681,1.0145579516210794,7.854132401716142,0.5708450169385898,2.4582666896037804,0.19704758804951628
0.09771061966979347,0.4238656754843373,15.148757762434437,1.2219904138671236,7.6522905163195825,0.6858571160221466,2.3925984192581162,0.23764584783369935
0.10995723711238882,0.4238656754843373,14.745996962956138,1.4559339070244912,7.449911748468757,0.814396112820617,2.3261684461327774,0.2835037325400092
0.12373879148704055,0.4238656754843373,14.352132039601454,1.7102206634708665,7.253526379870492,0.9525273995434963,2.2615191771457797,0.333027869658646
0.13924766500838334,0.4238656754843373,13.984990468756008,1.9713837350775223,7.0719650872059825,1.092653055464278,2.2023665357054987,0.3828179425211735
0.15670035222800524,0.4238656754843373,13.669585119354402,2.21542482430529,6.916796506919711,1.2223805704452022,2.153465875317024,0.4273830537585707
0.17634048216824733,0.4238656754843373,13.439781826344747,2.4052616601307015,6.802957388973494,1.3236713149987076,2.1199458717095365,0.45979131124177086
0.19844221923690444,0.4238656754843373,13.339474366659916,2.4914169651882814,6.750021688211102,1.3725944387816804,2.1065202862123393,0.47320903166691064
0.22331409039755062,0.4238656754843373,13.423270312772956,2.419304137632721,6.784780961999744,1.3403377339758733,2.1182951683462687,0.46142740604610083
0.2513032920204875,0.4238656754843373,13.75858554029299,2.1446605805815233,6.945287676115457,1.1978503593244099,2.1653227444085967,0.41628590980837005
0.2828005365353655,0.4238656754843373,14.433972712165263,1.6552290615594312,7.284524609753054,0.9298155436697019,2.268552533669589,0.32739722982658803
0.3182455065418344,0.4238656754843373,15.577085493503505,1.000391889290491,7.870343362451039,0.5621570103862469,2.456436046512924,0.19811790481253488
0.35813299251433084,0.4238656754843373,17.370721903613802,0.34064617046348517,8.784403913733357,0.19176870909868965,2.7510322705471806,0.06706208203084027
0.40301979977966995,0.4238656754843373,20.041502969606768,0.0006311303957636589,10.13555055749009,0.00036516835501934554,3.179413252532062,0.00013826793243782324
0.4535325211846986,0.4238656754843373,23.851328101846747,0.4498065117675252,12.082695176803105,0.2652719685838971,3.8036360805841922,0.09600569790642782
0.5103762839557767,0.4238656754843373,29.200738303930002,2.2404180941119995,14.807225658410415,1.3451808318877911,4.665872013513788,0.48796168031924436
0.5743445928509872,0.4238656754843373,36.65723279930056,5.932270709472499,18.515012528079843,3.607040563109447,5.848948395550679,1.3405034840825343
0.6463304070095649,0.4238656754843373,46.612565694807486,11.68071646133822,23.632484146950507,7.49367564684165,7.515047624845958,2.9088128677948792
0.7273386051246984,0.4238656754843373,60.02578484216861,19.40064625943328,30.5180573545746,13.225618718213855,9.63907757248098,5.250093160404304
0.8185000129460304,0.4238656754843373,78.5820399154285,28.624149001830023,39.6904541548887,20.77214214897335,12.75096679139879,9.001636746694938
0.9210871889273549,0.4238656754843373,102.02274486751666,37.373312655532224,52.189342574431606,29.907316493786354,16.48570601158265,13.662223155562234
1.0365321883776653,0.4238656754843373,135.16800258815584,45.476057962029785,67.95765988843753,38.963788669891755,21.9909276188466,20.427339258971728
1.166446554092426,0.4238656754843373,175.73861756241087,51.40420355120382,90.44839677529276,47.619059128764235,28.84281902419377,28.28281646810113
1.3126438125222553,0.4238656754843373,234.67954858795636,56.277288632656244,118.42640705403528,53.83186738242374,37.96329182659958,37.40481863635728
1.4771647895120215,0.4238656754843373,305.28268061080394,59.52899597713075,155.5899866650882,58.2765040384257,50.616001434039234,47.2726787632768
1.6623060990028473,0.4238656754843373,404.8379281598901,62.10149481343273,208.12004929286766,61.52458990826561,66.5725011783462,55.37005777059319
1.8706522023821734,0.4238656754843373,538.7343401671177,64.00510169044931,269.9324101225262,63.553377177362165,87.08555948761165,60.700284113211914
2.1051114860111477,0.4238656754843373,701.2717716192657,65.30847495842524,357.0215339155531,65.11813230003386,114.77294984041987,63.81143732034758
2.368956860549917,0.4238656754843373,926.7137320648847,66.34072884947261,471.73396714664284,66.24010047067186,151.94324731966896,65.63604014143671
2.6658714488230206,0.4238656754843373,1228.310814944789,67.11784384997947,619.6266695827137,67.043182617784,204.86973427090547,66.83274323211843
3.0,0.4238656754843373,1606.4637830729253,67.6738181675523,817.8339177221582,67.64698690357324,271.99776706520487,67.57451417098383
-3.0,0.4737322255413181,3776.908234173651,68.69790620302342,1914.3362304882135,68.69272482658674,603.6782615921857,68.6645906668905
-2.6658714488230206,0.4737322255413181,2988.6178136565286,68.49937615915701,1517.3219172827792,68.49211619831665,477.6136395969561,68.44286279524358
-2.368956860549917,0.4737322255413181,2382.0171842285417,68.25622426378138,1207.9509204953765,68.24208030940582,380.3704101463875,68.16125205922437
-2.1051114860111477,0.4737322255413181,1905.6094008217951,67.95533978235864,964.907238692583,67.9296332742593,304.1938844829504,67.7983100552213
-1.8706522023821734,0.4737322255413181,1524.682754972535,67.57732152708411,771.537809154551,67.534827290842,243.4453849396497,67.31785904300767
-1.6623060990028473,0.4737322255413181,1225.032958597189,67.11149462253763,620.095148700858,67.04508758413553,194.99108449895434,66.67041845280133
-1.4771647895120215,0.4737322255413181,986.6840072983964,66.53400585959324,499.5383081640393,66.42964570134434,156.9736238858207,65.7954383375154
-1.3126438125222553,0.4737322255413181,797.490269096147,65.82252292647684,403.6138175921546,65.65672827027231,126.74126478234079,64.5655776302923
-1.166446554092426,0.4737322255413181,646.8563508525409,64.94762924035136,327.2941139904527,64.68659016670586,102.7724350181154,62.77816127727985
-1.0365321883776653,0.4737322255413181,526.4996475708446,63.87302095385351,266.34091169210745,63.464254257958494,83.59703267765425,60.062503312928555
-0.9210871889273549,0.4737322255413181,430.08488045665143,62.55567015771302,217.56115283064716,61.919763346384215,68.24736776327585,55.98098692909353
-0.8185000129460304,0.4737322255413181,352.4462021581956,60.93906907223743,178.23604438863978,59.949976659480456,55.92154936065969,50.464129809744314
-0.7273386051246984,0.4737322255413181,289.6529429798958,58.95378483916821,146.54080330911367,57.43560665217875,45.89427621982113,43.97051712377923
-0.6463304070095649,0.4737322255413181,238.47992380719592,56.504658369097136,120.56273801092458,54.175184550097576,37.797743708906566,37.25403917513386
-0.5743445928509872,0.4737322255413181,196.3066590731598,53.45489347129415,99.31201581096153,50.00103736010173,31.10976778402835,30.701671990831944
-0.5103762839557767,0.4737322255413181,161.3762940159478,49.64951896931463,81.6169225712117,44.72734483324159,25.57402658466088,24.631026837196657
-0.4535325211846986,0.4737322255413181,132.1763160898493,44.89677088730819,66.81906366776187,38.40135841307539,20.930797218628115,19.148696166837087
-0.40301979977966995,0.4737322255413181,108.01558727261244,39.15387220154271,54.615400714673015,31.48314765547461,17.125446545450487,14.460742368118915
-0.35813299251433084,0.4737322255413181,88.70569885829708,32.78011265960056,44.84022541098153,24.732080666074758,14.065677638866768,10.636014056669646
-0.3182455065418344,0.4737322255413181,73.92531403803866,26.504195126438226,37.36087454397612,18.903814052587443,11.73039897363323,7.746979931343343
-0.2828005365353655,0.4737322255413181,62.90409816184707,20.96218024256718,31.79647003403929,14.300345598320472,9.98327285920757,5.651508753809731
-0.2513032920204875,0.4737322255413181,54.68653852001941,16.398421599817397,27.644754166069077,10.808757446629613,8.679973543080164,4.159556676059617
-0.22331409039755062,0.4737322255413181,48.457471859168756,12.768982687519925,24.492145753193473,8.192445419142826,7.700561107891288,3.1012834334435055
-0.19844221923690444,0.4737322255413181,43.63405053356568,9.92543525477721,22.051789761813644,6.234887487398483,6.944551091427243,2.336355356385514
-0.17634048216824733,0.4737322255413181,39.82427609101843,7.711162017540651,20.128274361595253,4.765582368755724,6.342261273421409,1.769513799164788
-0.15670035222800524,0.4737322255413181,36.76454399317657,5.991179299414995,18.586205643004984,3.6564198209034773,5.852664884103046,1.3435993155024255
-0.13924766500838334,0.4737322255413181,34.27318493121686,4.656324008810195,17.331018901672902,2.813786335212203,5.451259401362884,1.022681631886989
-0.12373879148704055,0.4737322255413181,32.221370327227746,3.620461847090028,16.296281345670636,2.170124410182612,5.12078241513042,0.7810366963948201
-0.10995723711238882,0.4737322255413181,30.515407872707037,2.8164092563453726,15.434625223802762,1.6764832225762734,4.847368622401407,0.5988894585833728
-0.09771061966979347,0.4737322255413181,29.08566479062113,2.192048779854195,14.711427623198235,1.2968870893007478,4.61961291842814,0.4610641717167953
-0.0868279837415025,0.4737322255413181,27.87937337701781,1.707026000851299,14.100638868747554,1.0044694969650323,4.428376298583749,0.35620446789144616
-0.07715741427178036,0.4737322255413181,26.85582733077019,1.330093772664073,13.582129879831516,0.7789121267540344,4.266538718765579,0.2759724790318803
-0.06856391592404971,0.4737322255413181,25.983115500820258,1.0370403673531747,13.140014250472118,0.6047271184475966,4.128628248715203,0.2142805220221366
-0.06092752862714207,0.4737322255413181,25.23586671458175,0.8090935903176939,12.76155977366512,0.470059927950194,4.010432017299033,0.16666022794507002
-0.0541416530048151,0.4737322255413181,24.593666035393927,0.6316938308428107,12.436450199906403,0.3658201435443264,3.908665519806921,0.12979596671217158
-0.04811156231253989,0.4737322255413181,24.039920444636916,0.49354793186933743,12.156259545377502,0.285031305900572,3.8207227922674147,0.10119805083237715
-0.04275308010908995,0.4737322255413181,23.561029066514376,0.38589684594503704,11.914061976362266,0.2223364773092615,3.7444990644415337,0.07897772366376758
-0.0379914052040221,0.4737322255413181,23.145763506103442,0.3019472886607063,11.704133632826332,0.17361970836601373,3.6782678819328867,0.061691022759288186
-0.03376006747802295,0.4737322255413181,22.784796391335814,0.2364302085582945,11.521720360886711,0.13571582533227727,3.6205956910959727,0.04822814427682699
-0.03,0.4737322255413181,22.47033693555573,0.18525784559284383,11.362854661853822,0.10618810615353161,3.5702811486151114,0.03773311990912975
0.03,0.4737322255413181,18.224761048643806,0.1581415532144892,9.215965678496257,0.08948175068624253,2.88938203942152,0.031100352990047788
0.03376006747802295,0.4737322255413181,18.00522824510799,0.19782314168431275,9.10444529134229,0.11190216951712398,2.854310717136288,0.03881995234908161
0.0379914052040221,0.4737322255413181,17.764469796103644,0.24699209216168694,8.982055765684613,0.13967319871587788,2.8158499603660587,0.048358752523089174
0.04275308010908995,0.4737322255413181,17.501437021301886,0.30769101365660706,8.848246058146255,0.17394213916043041,2.773815979911146,0.060104358605398304
0.04811156231253989,0.4737322255413181,17.215354964538314,0.3822875283281625,8.702611340812416,0.2160341854403444,2.728054625558887,0.07450929960618205
0.0541416530048151,0.4737322255413181,16.905857910359607,0.47346066326100533,8.544971621808818,0.26743901649551677,2.6784570056329113,0.09209307583352828
0.06092752862714207,0.4737322255413181,16.57316954533574,0.5841370315676879,8.375478602771462,0.32976405240577256,2.624983075192723,0.11343715452407219
0.06856391592404971,0.4737322255413181,16.218344005099816,0.7173411320046404,8.194759698162077,0.40463143258778633,2.5677000802978323,0.13916495653038072
0.07715741427178036,0.4737322255413181,15.843592113748192,0.8759037060980814,8.004109533251732,0.49348481146400236,2.506848009138056,0.16989096277411275
0.0868279837415025,0.4737322255413181,15.452729240345358,1.0619419318129673,7.805738977364257,0.5972595728110428,2.4429506064148208,0.2061094649426032
0.09771061966979347,0.4737322255413181,15.051797420621686,1.2759843842928862,7.603087884229555,0.7158608338005974,2.3769938042328245,0.24797511005124462
0.10995723711238882,0.4737322255413181,14.649930909867882,1.5155701020095587,7.40119825794155,0.847399008608053,2.310682253842143,0.2949163719712744
0.12373879148704055,0.4737322255413181,14.260538025613345,1.773139900461667,7.207130959051601,0.9871721753668382,2.2467386587151608,0.3450584019204534
0.13924766500838334,0.4737322255413181,13.902834041693833,2.0331571993549002,7.030404328549705,1.126478263728882,2.1891121900800954,0.3945859029150969
0.15670035222800524,0.4737322255413181,13.603638546325008,2.2688431538252467,6.8834745388387715,1.251483240627591,2.1428468547727015,0.43748305187187614
0.17634048216824733,0.4737322255413181,13.399137773660309,2.4399265775717014,6.782428404177546,1.342504925633849,2.1134201708273292,0.46628153823500595
0.19844221923690444,0.4737322255413181,13.336173294596115,2.494286937739384,6.748348051376247,1.3741604118109856,2.105988477190859,0.4737457593302617
0.22331409039755062,0.4737322255413181,13.473109195960168,2.3770840657401937,6.810023387376018,1.3172294184664026,2.126289914668159,0.4535387837381287
0.2513032920204875,0.4737322255413181,13.88228447371489,2.0488037678989213,7.008129473804478,1.1448820825058106,2.1853115428979195,0.39800261131213105
0.2828005365353655,0.4737322255413181,14.658955525563698,1.5099032981418476,7.398962452673311,0.8489334259713032,2.305149049527351,0.2990620219220971
0.3182455065418344,0.4737322255413181,15.939834876941463,0.8333754046175383,8.054442575416203,0.4690137556094312,2.5152486933509075,0.1654349059736323
0.35813299251433084,0.4737322255413181,17.918770263553704,0.21479042939616871,9.061613554559557,0.12123945038740257,2.8389493053856256,0.04249349813575935
0.40301979977966995,0.4737322255413181,20.834343946637613,0.01652701775907431,10.537377281560296,0.00944785739534478,3.306974996719309,0.003285827524002718
0.4535325211846986,0.4737322255413181,24.96470626446519,0.7320186545062309,12.651092668195703,0.4334165362354978,3.985676425276356,0.15733133627981116
0.5103762839557767,0.4737322255413181,30.741314222608587,2.9194379719765897,15.592620650666587,1.7638078673074538,4.915832918094471,0.6428674251358261
0.5743445928509872,0.4737322255413181,38.767586963054256,7.109332533958967,19.579729312732216,4.362905962269475,6.188223614434959,1.6318107578473657
0.6463304070095649,0.4737322255413181,49.44550388781091,13.350476563305882,25.071422660865206,8.667717794046975,7.97718934508011,3.3933862000843096
0.7273386051246984,0.4737322255413181,63.80352835435622,21.44102752945412,32.44338653636794,14.842766730848787,10.249646885175933,5.9652010345955935
0.8185000129460304,0.4737322255413181,83.6417033745995,30.777374122980625,42.24565964957424,22.768474417844004,13.578141399817111,10.028273201739143
0.9210871889273549,0.4737322255413181,108.64889299422218,39.332648254222384,55.58678562027846,32.095270466554396,17.56156051948255,15.003946616973979
1.0365321883776653,0.4737322255413181,143.98851319020838,47.048536204897815,72.3902144137182,41.027103091775274,23.432366003296206,22.14158886908725
1.166446554092426,0.4737322255413181,187.17870518455638,52.60293423636106,96.3458061379062,49.25513401171142,30.728166243005322,30.30128036535481
1.3126438125222553,0.4737322255413181,249.9040399763482,57.14401363345959,126.11046759901797,55.00411218352479,40.43222860716886,39.58696134475206
1.4771647895120215,0.4737322255413181,324.95761417039466,60.169935728379436,165.62232260135065,59.08396213969173,53.88693275740883,49.30329770002993
1.6623060990028473,0.4737322255413181,430.74834153252107,62.56685209069734,221.4459250857536,62.07122726020499,70.84187153623907,56.85278208723276
1.8706522023821734,0.4737322255413181,572.9546410054851,64.34340712620991,287.0845975151427,63.944903486413104,92.62701864689159,61.56198904935016
2.1051114860111477,0.4737322255413181,745.4834009187106,65.56166823542644,379.53567657620164,65.39626841318238,122.02002370224461,64.29367047485982
2.368956860549917,0.4737322255413181,984.7067778240971,66.5280178039586,501.2618521686674,66.44066015552374,161.46510208247727,65.92679928230697
2.6658714488230206,0.4737322255413181,1304.6294485095787,67.2564887016022,658.143605814038,67.19032414688618,217.61063931956284,67.0158692009277
3.0,0.4737322255413181,1705.6448878649019,67.77825398437807,868.337808252017,67.75522022230423,288.7972364432341,67.69840173507407
-3.0,0.5235987755982991,3957.5038416920675,68.73218505700831,2005.871551773381,68.72754293099186,632.5487592620625,68.70221067895743
-2.6658714488230206,0.5235987755982991,3130.3390242884,68.5424982591089,1589.2695634676602,68.53604803655944,500.2657036271496,68.49155541517025
-2.368956860549917,0.5235987755982991,2493.901109348928,68.31005567306173,1264.6872748342712,68.29731467843436,398.23906716925546,68.224312514124
-2.1051114860111477,0.5235987755982991,1994.1564736457217,68.02227296986521,1009.7441704589841,67.99892997895928,318.3305153139727,67.8804488998828
-1.8706522023821734,0.5235987755982991,1594.679154009978,67.66053260863866,806.9595550159618,67.6218424236647,254.62271145659528,67.42633087364928
-1.6623060990028473,0.5235987755982991,1280.5084689606572,67.21448881170966,648.1769762388977,67.15400683063324,203.82253327735754,66.81644748511644
-1.4771647895120215,0.5235987755982991,1030.6798652920506,66.66116769144276,521.8132646653623,66.56605520709472,163.97396768410783,65.99610508729663
-1.3126438125222553,0.5235987755982991,832.430693441634,65.97895764283447,421.2982005294593,65.82765520948446,132.29495633022296,64.85061019594467
-1.166446554092426,0.5235987755982991,674.6349858695331,65.13935965934994,341.35036445098615,64.90087139945923,107.1864847553539,63.199265388740585
-1.0365321883776653,0.5235987755982991,548.5961414814263,64.10710276238122,277.51982800621784,63.7332179640374,87.10596751466097,60.70377990750566
-0.9210871889273549,0.5235987755982991,447.6613617963822,62.84017624652834,226.45323932470467,62.25774857983477,71.03687260652282,56.91482253758167
-0.8185000129460304,0.5235987755982991,366.4078101523888,61.283140004939106,185.29750791695878,60.375297788753116,58.13713638637018,51.642162677425915
-0.7273386051246984,0.5235987755982991,300.7082753238177,59.36721213419631,152.13460550158686,57.96927581730989,47.646310638375375,45.24787298266302
-0.6463304070095649,0.5235987755982991,247.17857459111752,56.99718203763182,124.96104872611438,54.83938752373199,39.17672366329877,38.492900959772435
-0.5743445928509872,0.5235987755982991,203.07426768694307,54.03469284743038,102.73580686121092,50.80439393264721,32.18252609750016,31.812259274468893
-0.5103762839557767,0.5235987755982991,166.55972754080216,50.31867156739916,84.23819435421574,45.64639211321431,26.395697431395494,25.566411994853627
-0.4535325211846986,0.5235987755982991,136.07496724850907,45.64685708983397,68.78964986809066,39.36624121076385,21.5487956725278,19.89581925345702
-0.40301979977966995,0.5235987755982991,110.92308616858959,39.960537236090275,56.084724738169726,32.40486955577158,17.586592632925747,15.035092000495869
-0.35813299251433084,0.5235987755982991,90.90400355385027,33.60371245274925,45.950521253913834,25.55148098240908,14.414781287106539,11.071994907067955
-0.3182455065418344,0.5235987755982991,75.63550796110118,27.298264975208774,38.22483234585936,19.60166477943157,12.002500904200227,8.079849415102903
-0.2828005365353655,0.5235987755982991,64.26891155176516,21.687028551032256,32.486385738941316,14.87877551318113,10.200248022065734,5.906839738349716
-0.2513032920204875,0.5235987755982991,55.79406443071709,17.03122573914868,28.20458622860222,11.278679115334509,8.855994768980189,4.356196095649625
-0.22331409039755062,0.5235987755982991,49.36577935669671,13.303607759086987,24.95104088875178,8.568689337087399,7.845290024827975,3.2533756084429926
-0.19844221923690444,0.5235987755982991,44.38460653980175,10.366786043534738,22.430871812716944,6.533194328814259,7.064545939862591,2.454138608630009
-0.17634048216824733,0.5235987755982991,40.44828860316031,8.069660232231271,20.443503029970927,5.000602268912563,6.44218826725462,1.8605277200780856
-0.15670035222800524,0.5235987755982991,37.28615620895642,6.279074053920246,18.84984426559635,3.840793046010891,5.936144451548772,1.4137119471339505
-0.13924766500838334,0.5235987755982991,34.711346773879185,4.885643839303352,17.552607710598256,2.9579809401790165,5.521255066320578,1.0765981204298523
-0.12373879148704055,0.5235987755982991,32.591095451246346,3.8020501356062173,16.48333957285354,2.282629407211154,5.179735662297054,0.8225035544495258
-0.10995723711238882,0.5235987755982991,30.828683778979766,2.959582713230032,15.59315380015168,1.7641050695738745,4.897263717242761,0.6308280581814879
-0.09771061966979347,0.5235987755982991,29.352131453183635,2.3045792659221487,14.846265458083653,1.3650420763760323,4.662042626742036,0.4857132413635765
-0.0868279837415025,0.5235987755982991,28.10683469802651,1.795271707199297,14.215718279063886,1.057440848004005,4.4646139448277316,0.37526524063057104
-0.07715741427178036,0.5235987755982991,27.050639328515576,1.3991863574781442,13.680664822494968,0.8200682749631315,4.297605945980297,0.290736636414616
-0.06856391592404971,0.5235987755982991,26.150483394057282,1.0910810326968852,13.224643337623926,0.636704387460866,4.155351400333625,0.22573203376961842
-0.06092752862714207,0.5235987755982991,25.38007449450667,0.8513360954879546,12.834457631952828,0.4949136203526491,4.033485806969622,0.17555207416963575
-0.0541416530048151,0.5235987755982991,24.71825562010057,0.664705452139633,12.499415583378667,0.3851478952728739,3.9286057752346886,0.13670674213922568
-0.04811156231253989,0.5235987755982991,24.14783274503769,0.5193460108984971,12.210785693543224,0.3000724926360995,3.838010876400979,0.10657372606566867
-0.04275308010908995,0.5235987755982991,23.654715908676412,0.40606185141045825,11.961393066594091,0.23405138238713152,3.759520292302169,0.083162760234661
-0.0379914052040221,0.5235987755982991,23.227276988082345,0.3177148177007081,11.745310197281958,0.1827519564421453,3.6913456677918015,0.0649518354319818
-0.03376006747802295,0.5235987755982991,22.85586059298171,0.24876489225104512,11.55761589537881,0.14284124275965096,3.63200262758815,0.050770971635196484
-0.03,0.5235987755982991,22.532405718582172,0.19491214629659628,11.394205190317196,0.1117527424231495,3.5802478283177996,0.03971772985893259
0.03,0.5235987755982991,18.17968118873321,0.16589636070650732,9.193137599734964,0.09385113220770783,2.88216062827371,0.03261476911638994
0.03376006747802295,0.5235987755982991,17.955676327221965,0.2074539305363054,9.079345374589929,0.11732449253053998,2.8463751053268833,0.04069521657928255
0.0379914052040221,0.5235987755982991,17.710195851825603,0.25891177959343764,8.954555181437334,0.1463788799667763,2.807160300747056,0.050672513816567726
0.04275308010908995,0.5235987755982991,17.44224118203042,0.3223822018618582,8.818241144182915,0.18219995613154702,2.7643400968866043,0.06294698369758613
0.04811156231253989,0.5235987755982991,17.151115000543452,0.40030213877863796,8.670037799247043,0.22615069936201265,2.7177721559292496,0.07798384848243836
0.0541416530048151,0.5235987755982991,16.836565815963638,0.49541057513560965,8.509823506811285,0.27975271691360265,2.667364913128198,0.09631378192838645
0.06092752862714207,0.5235987755982991,16.49897985980672,0.6106692428468861,8.337833533348215,0.3446304414798434,2.613103030277902,0.11852528857090301
0.06856391592404971,0.5235987755982991,16.13963739859297,0.7490875321816581,8.154812117987348,0.4223933195959845,2.5550884318891693,0.14524022363457495
0.07715741427178036,0.5235987755982991,15.761058898941378,0.9133907605420574,7.962214289131771,0.5144195139554834,2.493609409712362,0.17705539908988968
0.0868279837415025,0.5235987755982991,15.367478967444281,1.1054393976100236,7.762467972536618,0.6214917623584146,2.4292567534770266,0.21441903819868743
0.09771061966979347,0.5235987755982991,14.965502593590914,1.325265503222691,7.559303042214796,0.7432273856773702,2.3631090629469163,0.2573921377787702
0.10995723711238882,0.5235987755982991,14.565014963634505,1.5695520412805655,7.358144506726737,0.8772528358705134,2.296997726081668,0.30523495659053285
0.12373879148704055,0.5235987755982991,14.180419498787536,1.8293821141517608,7.166553616610718,1.0181204128310402,2.2338149650257924,0.3557995626678255
0.13924766500838334,0.5235987755982991,13.832239379729376,2.0872380837181974,6.994696872593864,1.156073754245288,2.177728686049594,0.40487618689213617
0.15670035222800524,0.5235987755982991,13.548994364986235,2.3137482558613054,6.855866878462231,1.2759357674092588,2.134053463044539,0.44596322620444157
0.17634048216824733,0.5235987755982991,13.369051837057643,2.4658010103282333,6.767234374901458,1.3565575760809736,2.108594818307664,0.47111913625208757
0.19844221923690444,0.5235987755982991,13.342023189362338,2.489202521281504,6.751302647102912,1.3713966823625163,2.1069277552679067,0.4727980647863125
0.22331409039755062,0.5235987755982991,13.52980409112791,2.3296573999405226,6.838742695299671,1.2912592729225794,2.135390077598748,0.44466737571331405
0.2513032920204875,0.5235987755982991,14.009366459878564,1.9532941243908726,7.072693298832309,1.0920662981783136,2.2058512928830516,0.3797617819375841
0.2828005365353655,0.5235987755982991,14.882275929522534,1.3739035090138558,7.512556191943863,0.7731473789765931,2.341477253194625,0.27249421652328065
0.3182455065418344,0.5235987755982991,16.293754639041634,0.6876832971557963,8.23406221489242,0.3875901668836156,2.572631557484872,0.13683026548937563
0.35813299251433084,0.5235987755982991,18.447993868575416,0.12267932115449587,9.32930708833029,0.06943499695422883,2.923853113104959,0.024399160378083467
0.40301979977966995,0.5235987755982991,21.594745944873694,0.07361169007724694,10.922763240170948,0.042273547288908545,3.4293221958819258,0.014848892441571487
0.4535325211846986,0.5235987755982991,26.027393437851515,1.0512340481934754,13.193578631792716,0.6248895877439073,4.159412585354189,0.22749389061666858
0.5103762839557767,0.5235987755982991,32.20643490289536,3.6131774628822813,16.33950871250616,2.1959630230073333,5.1535417220122826,0.8039873933849471
0.5743445928509872,0.5235987755982991,40.76890812248893,8.254639703012376,20.589464031438908,5.110263121643899,6.509979789463557,1.922996577507266
0.6463304070095649,0.5235987755982991,52.12622034918454,14.918945200764563,26.433011547429295,9.795716672048869,8.414468425818953,3.8663663068142022
0.7273386051246984,0.5235987755982991,67.37194882210488,23.2956405262201,34.26195049552864,16.35946286128447,10.826387285361553,6.652299428977548
0.8185000129460304,0.5235987755982991,88.41369647393468,32.668660293940206,44.65564074138226,24.594617652578442,14.358237777735996,11.001344279774427
0.9210871889273549,0.5235987755982991,114.89101847801,41.00524333841541,58.78707918349277,34.0357917662826,18.575060353931914,16.261508653722082
1.0365321883776653,0.5235987755982991,152.28866710957624,48.36446874674534,76.56151444092416,42.79439219717871,24.788729381472564,23.726622701382517
1.166446554092426,0.5235987755982991,197.93529151712428,53.59823751724538,101.89033319646471,50.61148011789484,32.50075565481279,32.137418679423774
1.3126438125222553,0.5235987755982991,264.2069527768863,57.86192172414535,133.32964611954887,55.96335642774336,42.751826545903576,41.5231839948041
1.4771647895120215,0.5235987755982991,343.4311703914518,60.70117143375995,175.0418927629972,59.744420218030626,56.957898596843805,51.02614111629428
1.6623060990028473,0.5235987755982991,455.0624323670238,62.953089324485376,233.95002311209623,62.52010608007801,74.84817852294245,58.03709227405547
1.8706522023821734,0.5235987755982991,605.0499198369208,64.62463271491453,303.1730056832964,64.26772814699355,97.82491416583292,62.23441280646771
2.1051114860111477,0.5235987755982991,786.9357004909946,65.77245490570184,400.6446975597148,65.62643511827329,128.815187342665,64.67609359191287
2.368956860549917,0.5235987755982991,1039.061005463987,66.68414281702698,528.9371670031151,66.60711395769894,170.39007659861687,66.16142343267911
2.6658714488230206,0.5235987755982991,1376.1365177720638,67.37219504464309,694.2342665612032,67.3127227018147,229.5482404454138,67.165468617837
3.0,0.5235987755982991,1798.553764822437,67.86549623849267,915.6484995927983,67.84541780298255,304.5333056239376,67.80038349701341
-3.0,0.5734653256552797,4123.42342387476,68.7610159974403,2089.9684330376617,68.75680475293296,659.0736836074434,68.73370873790125
-2.6658714488230206,0.5734653256552797,3260.513736793808,68.57877933171116,1655.3548440227264,68.57297414646413,521.0725879363187,68.5322839554535
-2.368956860549917,0.5734653256552797,2596.6388020665395,68.35536256002946,1316.7854808967004,68.3437452210475,414.64726834580705,68.27698673940915
-2.1051114860111477,0.5734653256552797,2075.4355542833755,68.07862611822502,1050.901216461713,68.05718341744625,331.30699583334007,67.94892877126
-1.8706522023821734,0.5734653256552797,1658.9033756446258,67.73061455844979,839.4607467374454,67.69498723085773,264.87839018202607,67.51652094723583
-1.6623060990028473,0.5734653256552797,1331.3824918471569,67.30125950521614,673.9298961768387,67.24554892438076,211.921655204393,66.93739726717541
-1.4771647895120215,0.5734653256552797,1070.9999789737817,66.76832742354179,542.2275550927441,66.6806642738623,170.38963379837213,66.16141257493263
-1.3126438125222553,0.5734653256552797,864.4247795741776,66.11080857941985,437.4917547778296,65.97118685121002,137.3805309927671,65.08368494293964
-1.166446554092426,0.5734653256552797,700.0424888066051,65.30096292777606,354.2072333304157,65.08065751770286,111.22393977422556,63.54068168605412
-1.0365321883776653,0.5734653256552797,568.7752156748753,64.30435750711973,287.7291551849975,63.958607265047675,90.31060355932216,61.22211250303924
-0.9210871889273549,0.5734653256552797,463.6773325220238,63.079769341109014,234.55629572368264,62.540493269660985,73.5789158489724,57.68178252430744
-0.8185000129460304,0.5734653256552797,379.0888676766445,61.57251771400932,191.71177002589536,60.730303684297965,60.149701702386764,52.63724696148857
-0.7273386051246984,0.5734653256552797,310.7008367065848,59.71409050995823,157.1909638513371,58.413486891457914,49.23018509490524,46.349577072224506
-0.6463304070095649,0.5734653256552797,254.98237009094152,57.408714588640635,128.90729666668796,55.39065752295037,40.414064508039786,39.57136350528422
-0.5743445928509872,0.5734653256552797,209.07682065550586,54.51588847918672,105.77248095670645,51.469337500993376,33.13422083968344,32.77877917489148
-0.5103762839557767,0.5734653256552797,171.0811153143118,50.86840955189785,86.52445781427028,46.40484653690985,27.112612504615065,26.373154801916996
-0.4535325211846986,0.5734653256552797,139.4054865523661,46.2556510863751,70.47293055953163,40.1588396222067,22.077181877052222,20.530730758922985
-0.40301979977966995,0.5734653256552797,113.36275278855163,40.61031737675782,57.317216009791494,33.15901280459341,17.973674187823317,15.516190451413799
-0.35813299251433084,0.5734653256552797,92.74022969421891,34.271074925233954,46.8775216651104,26.225659715547675,14.706699820905618,11.436918674602667
-0.3182455065418344,0.5734653256552797,77.07787408392883,27.953971616940766,38.95343861923368,20.18572331492833,12.232363810732673,8.362048950881398
-0.2828005365353655,0.5734653256552797,65.43754633365344,22.299370659484246,33.07725160340943,15.372934295695291,10.386211759538682,6.126966175564855
-0.2513032920204875,0.5734653256552797,56.75573341397662,17.576703065389335,28.69075529998154,11.68739705012118,9.008933804148707,4.528419590304493
-0.22331409039755062,0.5734653256552797,50.16301103009705,13.771795538301046,25.353826741698263,8.900524119554788,7.972431692297658,3.3883134670999486
-0.19844221923690444,0.5734653256552797,45.04852310631157,10.757908251398998,22.766199549810253,6.799067042086315,7.170800837400036,2.5596499266259
-0.17634048216824733,0.5734653256552797,41.00331495072213,8.390188174984708,20.723903138936613,5.211720038621204,6.531154728596667,1.9426261103780669
-0.15670035222800524,0.5734653256552797,37.751906993459976,6.538197203734355,19.085280926904062,4.007391571787618,6.010740888569413,1.4772743808020756
-0.13924766500838334,0.5734653256552797,35.103657983806066,5.0930924515535585,17.75104235098109,3.088851581536723,5.5839608857293435,1.1256597178686465
-0.12373879148704055,0.5734653256552797,32.92277241792701,3.9669574011472895,16.651176653686797,2.3850807705969506,5.232643311636809,0.8603434274327313
-0.10995723711238882,0.5734653256552797,31.11010283145981,3.0899936287174325,15.735583914306188,1.844100509540835,4.9420989172497425,0.6600366717949796
-0.09771061966979347,0.5734653256552797,29.59172737376927,2.407317181484032,14.967522131174572,1.4273867519596575,4.700203653278614,0.5082934239633548
-0.0868279837415025,0.5734653256552797,28.311490281175175,1.8759842423406359,14.319270719472533,1.1059693745201047,4.497225991433954,0.3927488806643081
-0.07715741427178036,0.5734653256552797,27.225993597092636,1.462470366113594,13.769365765704272,0.8578165109329221,4.3255762934328015,0.3042926820462041
-0.06856391592404971,0.5734653256552797,26.301174759995522,1.1406334384725914,13.300845219711114,0.6660602447863092,4.179416763781855,0.23625449029102627
-0.06092752862714207,0.5734653256552797,25.509933004247962,0.89010385316839,12.900105493923643,0.5177457724474794,4.05424958093782,0.18372722456361176
-0.0541416530048151,0.5734653256552797,24.830455621373606,0.6950222051203178,12.556122081473394,0.4029131032820506,3.9465662353159585,0.14306323377491217
-0.04811156231253989,0.5734653256552797,24.245014720655202,0.5430506478313112,12.259891895587362,0.3139033656584719,3.8535823760679175,0.11151981685345418
-0.04275308010908995,0.5734653256552797,23.739084145066293,0.4245981642921821,12.004017770006277,0.2448269963272589,3.7730493592521386,0.0870142537748785
-0.0379914052040221,0.5734653256552797,23.300678176834694,0.3322134636182645,11.782389928436897,0.19115396581090796,3.7031234475912025,0.06795326213064491
-0.03376006747802295,0.5734653256552797,22.919847299348405,0.2601097450229797,11.589937346700761,0.14939803973569502,3.642274684226561,0.053111794769959385
-0.03,0.5734653256552797,22.588287783254273,0.20379338844985595,11.422431535370439,0.11687396570255779,3.589221985687026,0.0415448194830133
0.03,0.5734653256552797,18.139270617209085,0.17301980437915634,9.172674680486564,0.09786355971672749,2.875687588619286,0.03400517376787182
0.03376006747802295,0.5734653256552797,17.91127878803912,0.2162967658877637,9.056857241476292,0.12230151025687441,2.8392654314886965,0.04241608287361491
0.0379914052040221,0.5734653256552797,17.661596400737693,0.26985019790659437,8.929931051345841,0.15253024572683566,2.79937975275966,0.05279448650396389
0.04275308010908995,0.5734653256552797,17.389272831981113,0.3358544556477434,8.791394359949203,0.18976953146790404,2.7558618056365285,0.06555199622403787
0.04811156231253989,0.5734653256552797,17.09368436233148,0.41680709477599004,8.640919041984061,0.23541529594840185,2.7085804927074153,0.08116488761296804
0.0541416530048151,0.5734653256552797,16.7746871385309,0.5154974171421887,8.478438446031014,0.2910157756597633,2.6574606408060597,0.10017316921993567
0.06092752862714207,0.5734653256552797,16.432819966178165,0.634912098415901,8.304266239273476,0.3582069294820691,2.6025101919930935,0.1231703974199815
0.06856391592404971,0.5734653256552797,16.069574788280637,0.7780355633761903,8.119255916326212,0.43858040436515255,2.543863646603586,0.15077486362679035
0.07715741427178036,0.5734653256552797,15.687761326680832,0.9474798088819673,7.925012151393002,0.533445198655065,2.481854544974054,0.1835640018712087
0.0868279837415025,0.5734653256552797,15.29200517554338,1.1448456824753586,7.7241649815504045,0.6434310219532838,2.417136301645115,0.22193918118998646
0.09771061966979347,0.5734653256552797,14.889435581628117,1.3696762136147145,7.520713919893637,0.767873446406258,2.3508738056584852,0.2658691365620677
0.10995723711238882,0.5734653256552797,14.490636072761152,1.6178256675679061,7.320439645860237,0.903932557223309,2.285016073170229,0.31445175375714846
0.12373879148704055,0.5734653256552797,14.110934189635152,1.879082808533858,7.131367715114092,1.045452036671382,2.2226121789166076,0.3652800070186013
0.13924766500838334,0.5734653256552797,13.772066022530181,2.1340740981685045,6.964265801554193,1.1816899107625036,2.168031973997897,0.41377674652671426
0.15670035222800524,0.5734653256552797,13.50412598535832,2.351058818886556,6.833202265278459,1.2962428690972954,2.1268397640957386,0.45299950244910636
0.17634048216824733,0.5734653256552797,13.34749968244913,2.4844489594750914,6.756353227602688,1.3666809018000772,2.1051447006687125,0.47459816160013446
0.19844221923690444,0.5734653256552797,13.354360648315991,2.478502291340172,6.7575398307965155,1.3655745184113681,2.1089113874998033,0.470800757461101
0.22331409039755062,0.5734653256552797,13.589872871516329,2.280100349540663,6.869175602159308,1.264109305182714,2.1450368600792724,0.4353875243107496
0.2513032920204875,0.5734653256552797,14.135299119075876,1.861557081117382,7.136677212881744,1.0412980499624138,2.226209714595729,0.36221829204710426
0.2828005365353655,0.5734653256552797,15.098047582136532,1.2500485451288925,7.622312010345777,0.7040441837062328,2.3765797497836445,0.24825283791378672
0.3182455065418344,0.5734653256552797,16.631205770314207,0.5638584708036364,8.405324938872202,0.3182451257340353,2.62734569942343,0.1124404662524425
0.35813299251433084,0.5734653256552797,18.948496714957273,0.060354057730128,9.582477945259512,0.03425788919437486,3.0041551419002146,0.012077242316761086
0.40301979977966995,0.5734653256552797,22.30994919260219,0.16134673365746385,11.285240161990767,0.0929759440274399,3.5444005126459492,0.032800551234812694
0.4535325211846986,0.5734653256552797,27.023002209340106,1.3893061262285404,13.701784621790425,0.8289965047496889,4.32216312826755,0.3026252086563127
0.5103762839557767,0.5734653256552797,33.574979728369144,4.296453371366482,17.037118883353486,2.625842652024006,5.375568778002614,0.9654157661147433
0.5743445928509872,0.5734653256552797,42.63387941023524,9.339198127332033,21.53043185039339,5.8288844815910945,6.809821990212897,2.205920695282449
0.6463304070095649,0.5734653256552797,54.61973747487478,16.360104515948592,27.699479329433906,10.85465160729194,8.821173891041683,4.317159755298818
0.7273386051246984,0.5734653256552797,70.6861978637734,24.95093663089942,35.950884388176995,17.753534911719587,11.362044591716732,7.29867448564911
0.8185000129460304,0.5734653256552797,92.8398867462361,34.30676701062306,46.89103364848189,26.235418713213686,15.08174410905222,11.906063453886103
0.9210871889273549,0.5734653256552797,120.675077755673,42.42004729595445,61.7522448541936,35.73029155985279,19.514174449084,17.419258500584732
1.0365321883776653,0.5734653256552797,159.97218442118785,49.46063223024124,80.4231689598363,44.29048454969712,26.044272244058575,25.167740172826427
1.166446554092426,0.5734653256552797,207.8859975469462,54.422757934819636,107.0188711825965,51.730165784726715,34.14040384679775,33.78123325361891
1.3126438125222553,0.5734653256552797,277.4282004192663,58.45578756362908,140.00312975297422,56.7478481732837,44.89610908669507,43.21497969877555
1.4771647895120215,0.5734653256552797,360.49953515893895,61.14097033370292,183.74475193726062,60.28502700271355,59.79499431170463,52.46692267728085
1.6623060990028473,0.5734653256552797,477.5152295718292,63.273249027592264,245.49604253629587,62.88887625487318,78.54773944874059,58.977610413997276
1.8706522023821734,0.5734653256552797,634.6741269673367,64.85806073929803,318.0241658522335,64.53387906145551,102.62318414193788,62.76293994215989
2.1051114860111477,0.5734653256552797,825.1859528417527,65.94764117375387,420.1231257712265,65.81677720482219,135.0858424943129,64.98154072275332
2.368956860549917,0.5734653256552797,1089.2006740391523,66.81404410057912,554.4667372998042,66.74510388029515,178.62360457878768,66.35152779607579
2.6658714488230206,0.5734653256552797,1442.0800556884496,67.46855913816333,727.5191046989112,67.4143860356882,240.55696317074484,67.28789558440805
3.0,0.5734653256552797,1884.219636102726,67.9382156274417,959.2716227934249,67.92045040854428,319.04150509170626,67.88436341750993
-3.0,0.6233318757122608,4273.08550435671,68.78509033401784,2165.8253503935452,68.78122306728801,683.000224727246,68.75991103948344
-2.6658714488230206,0.6233318757122608,3377.9064894351914,68.60908264657905,1714.9505936603143,68.60379082712589,539.8368308803765,68.56613628240528
-2.368956860549917,0.6233318757122608,2689.259503810027,68.39321385632735,1363.7533121933118,68.38249532961464,429.4399859310515,68.32071652787532
-2.1051114860111477,0.6233318757122608,2148.682042949967,68.12571658036384,1087.9912646589635,68.10579933744033,343.00126989347103,68.00568752113158
-1.8706522023821734,0.6233318757122608,1716.7538713975744,67.7891894623731,868.7370276951823,67.75602388012257,274.11637370359716,67.59110175075467
-1.6623060990028473,0.6233318757122608,1377.1803015648102,67.37379347435291,697.113656853242,67.32191789873919,219.21289319638478,67.03708618233244
-1.4771647895120215,0.6233318757122608,1107.26910294267,66.85790997068446,560.5912490585439,66.776234820595,176.16093383474893,66.29703452936697
-1.3126438125222553,0.6233318757122608,893.1749441581812,66.22102098563397,452.04392072465623,66.0907912899903,141.95070920287557,65.27368608404171
-1.166446554092426,0.6233318757122608,722.8418233287948,65.43599685319235,365.7448341590417,65.23031147264706,114.84715517560873,63.8168335962229
-1.0365321883776653,0.6233318757122608,586.8468955549574,64.46905562749546,296.87283752589383,64.14592106267328,93.18079391368745,61.63930828946756
-0.9210871889273549,0.6233318757122608,477.9791242746555,63.27953220744331,241.79262790536242,62.774923428164605,75.84913102713405,58.305103074070416
-0.8185000129460304,0.6233318757122608,390.36344031085895,61.81318250831352,197.4151794573499,61.02366242573361,61.939278895457846,53.46445239049349
-0.7273386051246984,0.6233318757122608,319.52553068851887,60.001332623167265,161.65671248481837,58.77882075254275,50.62926962351418,47.281334179050425
-0.6463304070095649,0.6233318757122608,261.80172884911207,57.74702240253297,132.35620048351856,55.841137356820106,41.49558130336082,40.488276808828175
-0.5743445928509872,0.6233318757122608,214.23686800027457,54.906808235600884,108.38280390700872,52.00791856007372,33.9525877761533,33.59563708763645
-0.5103762839557767,0.6233318757122608,174.8743281946609,51.307008138664,88.4421927671173,47.011629402213494,27.71429806190677,27.043311865248718
-0.4535325211846986,0.6233318757122608,142.11551381937238,46.73054970722062,71.84239344043604,40.78270823199864,22.507694214837613,21.045268137210684
-0.40301979977966995,0.6233318757122608,115.2987431657936,41.10906777063427,58.29472200792894,33.744831454562274,18.281012816639155,15.897432355778022
-0.35813299251433084,0.6233318757122608,94.1928003246122,34.78600965961937,47.610317093045005,26.752078120474643,14.938019298392035,11.726247962316066
-0.3182455065418344,0.6233318757122608,78.23923781868241,28.47263554680035,39.54005470748454,20.652841865613716,12.4179019036121,8.590437432072001
-0.2828005365353655,0.6233318757122608,66.4009517931325,22.798280002845623,33.56450730290428,15.779432150751221,10.539731233778374,6.309527795955116
-0.2513032920204875,0.6233318757122608,57.564701733741636,18.03250801023321,29.099809917501418,12.031592204353357,9.137706562605363,4.67436763786217
-0.22331409039755062,0.6233318757122608,50.8437614926844,14.170601043692285,25.697776907787294,9.184940513709524,8.081126787694645,3.5046160831406232
-0.19844221923690444,0.6233318757122608,45.6214661153841,11.095804785121816,23.055586824652128,7.029917930009194,7.262624118469303,2.6517153821552344
-0.17634048216824733,0.6233318757122608,41.48586229701208,8.669987142850314,20.967712172723036,5.396785624983357,6.608602295381962,2.014886547096215
-0.15670035222800524,0.6233318757122608,38.158974335703995,6.766149065005784,19.291090656905315,4.154468398249268,6.076003308594388,1.5335678076815245
-0.13924766500838334,0.6233318757122608,35.447833330127416,5.276654009385025,17.925168105549563,3.2049997926886036,5.6390123405755705,1.169309638638941
-0.12373879148704055,0.6233318757122608,33.214545951318556,4.1135285510944035,16.798854638295893,2.4763705798152014,5.279209908762508,0.8941265196704172
-0.10995723711238882,0.6233318757122608,31.35815451082397,3.2063042190961126,15.861151693752138,1.9155982782970127,4.981633897675426,0.6861840213372506
-0.09771061966979347,0.6233318757122608,29.803218910637366,2.4991931023224785,15.074573745555375,1.4832396037273616,4.733899743295115,0.5285494533130725
-0.0868279837415025,0.6233318757122608,28.492329301167867,1.9483154630400596,14.410785026198582,1.1495240115265897,4.526051532763293,0.40845864237044144
-0.07715741427178036,0.6233318757122608,27.38105904827448,1.519276989560939,13.847812514585536,0.8917440834895838,4.3503173270702495,0.3164889059661682
-0.06856391592404971,0.6233318757122608,26.434503877920317,1.1851723514568189,13.36827327642663,0.6924744308747804,4.200714932438328,0.24573084868577386
-0.06092752862714207,0.6233318757122608,25.62487442523479,0.9249855725971239,12.95821640057649,0.5383081230923921,4.072632628913864,0.1910953320899154
-0.0541416530048151,0.6233318757122608,24.92979413257066,0.722322651805442,12.606331253430387,0.4189233886693039,3.96247142363975,0.14879565895287009
-0.04811156231253989,0.6233318757122608,24.33107273266159,0.5644109382456737,12.303379289397588,0.32637483816121265,3.867374268961122,0.1159823863695519
-0.04275308010908995,0.6233318757122608,23.813804214908103,0.44131007067728156,12.041769616495126,0.2545477352019743,3.785033457427589,0.09049048151013206
-0.0379914052040221,0.6233318757122608,23.365690149617386,0.3452906034157502,11.815232957107629,0.1987360686215682,3.713556817894447,0.07066299887685112
-0.03376006747802295,0.6233318757122608,22.97652297826918,0.27034574119965415,11.618566767852212,0.15531659682773927,3.6513743951628768,0.05522557722912351
-0.03,0.6233318757122608,22.63778549203557,0.2118087213570913,11.447433881490788,0.12149767229203516,3.5971719005853457,0.04319496414076532
0.03,0.6233318757122608,18.103572370575396,0.17944847042014078,9.15459872319905,0.10148361330464788,2.869969823347461,0.03525936159658664
0.03376006747802295,0.6233318757122608,17.872073365231575,0.22427451149276587,9.037000018890831,0.12679021429925136,2.8329877498313674,0.04396777483309212
0.0379914052040221,0.6233318757122608,17.61870039741972,0.27971431002939073,8.90819806064633,0.15807552282109294,2.7925129649790645,0.054706939871891375
0.04275308010908995,0.6233318757122608,17.34254748020508,0.34799677604754686,8.767713583535192,0.1965892303536336,2.748383603972558,0.06789835988935017
0.04811156231253989,0.6233318757122608,17.043058930167554,0.43167185353559845,8.615253000112595,0.2437556664107924,2.700478994411864,0.08402782401788689
0.0541416530048151,0.6233318757122608,16.720189987947286,0.5335706112371272,8.450800286186222,0.30114502643935875,2.6487391047591795,0.10364305006118724
0.06092752862714207,0.6233318757122608,16.374619545351518,0.656696575933226,8.274741063952792,0.3704004933276334,2.593193324189848,0.12734105554246655
0.06856391592404971,0.6233318757122608,16.00803353683864,0.8040029892587296,8.088028872073268,0.4530928582492683,2.5340061002883707,0.1557352502172025
0.07715741427178036,0.6233318757122608,15.623506409741445,0.9779866369424756,7.892405174431196,0.5504616378257623,2.4715524870080823,0.18938310064982364
0.0868279837415025,0.6233318757122608,15.226021188901571,1.1799953013232916,7.690684499852614,0.6629883699686395,2.406543226764647,0.22864011052851985
0.09771061966979347,0.6233318757122608,14.823185890958424,1.4091047544024873,7.487112221601825,0.7897407255604064,2.340221997780194,0.2733868437943146
0.10995723711238882,0.6233318757122608,14.426221124279063,1.6603883786971259,7.28779305145458,0.9274409799412473,2.2746449219062743,0.3225685430660174
0.12373879148704055,0.6233318757122608,14.051296533721338,1.9224310407583882,7.10117531742787,1.0692755485608185,2.2130035170917837,0.37353816577694593
0.13924766500838334,0.6233318757122608,13.721252174539895,2.1741597401510386,6.938573970072653,1.2036015293233735,2.159850687175174,0.42138384848941407
0.15670035222800524,0.6233318757122608,13.467614101967287,2.3817147874963185,6.814763617287672,1.3129194701987805,2.1209770973106097,0.45877114394187346
0.17634048216824733,0.6233318757122608,13.332601383099329,2.4973948810725206,6.748835771625921,1.3737039440493815,2.1027678886665915,0.4770046972828224
0.19844221923690444,0.6233318757122608,13.370714627745208,2.4643662005628393,6.765811122899486,1.3578788739424978,2.1115434510524613,0.46815912283222894
0.22331409039755062,0.6233318757122608,13.650087568669294,2.231130569470891,6.89968754075117,1.2372672487995835,2.154712251983726,0.4262076293727569
0.2513032920204875,0.6233318757122608,14.255883999444658,1.7763760273837206,7.197948968214881,0.9941220359727345,2.2457085260707155,0.3459069348580701
0.2828005365353655,0.6233318757122608,15.300821605432485,1.1401986672091777,7.725458753975719,0.6426824197241514,2.409570410851382,0.22671288997636993
0.3182455065418344,0.6233318757122608,16.945121706035806,0.46127575167748314,8.564644104109751,0.26068424648123323,2.6782451350269056,0.09217269608844804
0.35813299251433084,0.6233318757122608,19.41113016889764,0.022813656475610965,9.816497687352944,0.012994068298004494,3.0783868102281122,0.00460420590762549
0.40301979977966995,0.6233318757122608,22.96816425213865,0.2688250839342714,11.6188317705857,0.15537186467865638,3.650311853804443,0.05497682169377057
0.4535325211846986,0.6233318757122608,27.936399005789085,1.729003007007103,14.167983039779436,1.0353444965632204,4.471452076503224,0.37890551639883713
0.5103762839557767,0.6233318757122608,34.8274537446547,4.946835624054921,17.67550977634643,3.038846508836638,5.578748547592546,1.1215546353380825
0.5743445928509872,0.6233318757122608,44.33729853341263,10.338938988728916,22.389914650554267,6.500845870744478,7.083695316206083,2.473071091893747
0.6463304070095649,0.6233318757122608,56.89379680940651,17.654695564895235,28.854436264452765,11.825098134417939,9.192038889998953,4.736194265848996
0.7273386051246984,0.6233318757122608,73.70492677822794,26.40055525616963,37.48910810853843,19.007742845391405,11.849930371665124,7.89303879091562
0.8185000129460304,0.6233318757122608,96.86669560848395,35.70463723976358,48.92477392589043,27.68168794106726,15.73989367023274,12.729615267155925
0.9210871889273549,0.6233318757122608,125.93284001880028,43.604235740809266,64.44728716465373,37.185682901855145,20.36781556121225,18.46407134588052
1.0365321883776653,0.6233318757122608,166.95036527807824,50.3673766019304,83.93059376842741,45.541333458324175,27.184488076904312,26.453544595386195
1.166446554092426,0.6233318757122608,216.91808879938705,55.10217473211595,111.67328997245409,52.64665627870058,35.62851766699661,35.22683546566992
1.3126438125222553,0.6233318757122608,289.42034069075595,58.944725969665015,146.05648467767114,57.387134093180535,46.84114867844267,44.668548074348124
1.4771647895120215,0.6233318757122608,375.9749969080363,61.503366546766465,191.63516672714354,60.726226019699936,62.36699378940716,53.65437175791726
1.6623060990028473,0.6233318757122608,497.86271989734735,63.53735252209636,255.95846758286308,63.190817233329085,81.90032426838117,59.72098720068712
1.8706522023821734,0.6233318757122608,661.5086130553951,65.05083687062114,331.4783298124746,64.75245690234705,106.9701974226028,63.179863804740734
2.1051114860111477,0.6233318757122608,859.8264832540302,66.0924788168116,437.7633337139976,65.9734969854708,140.76512981681702,65.22601972411786
2.368956860549917,0.6233318757122608,1134.5956336304364,66.92154219013095,577.5805987182201,66.85895048150483,186.07859789764547,66.50548026287453
2.6658714488230206,0.6233318757122608,1501.7676685664128,67.54836782961134,757.6486178217847,67.49839711167701,250.52117635871943,67.38784282715216
3.0,0.6233318757122608,1961.748599293035,67.99848539571084,998.7519457798039,67.98253447214762,332.17039313625935,67.95327239208349
-3.0,0.6731984257692414,4405.060788509033,68.80495477362358,2232.717918932705,68.80136054425552,704.0998969867303,68.78146407899399
-2.6658714488230206,0.6731984257692414,3481.400461380571,68.6340912500898,1767.4898874079124,68.62920565062069,556.379931686733,68.59396144176696
-2.368956860549917,0.6731984257692414,2770.88542025321,68.42445574982538,1405.1456908443838,68.41445177519076,442.47703795402396,68.35662322435272
-2.1051114860111477,0.6731984257692414,2213.2042581895093,68.16458766541987,1120.664129878559,68.14588710035889,353.3029226368779,68.05222516104982
-1.8706522023821734,0.6731984257692414,1767.6861015230472,67.83754245817977,894.5128941407237,67.80634230540544,282.24971830257647,67.65212843609851
-1.6623060990028473,0.6731984257692414,1417.471732645413,67.43366515147213,717.5105668882693,67.3848507600024,225.62778413682918,67.11842432223935
-1.4771647895120215,0.6731984257692414,1139.1467010811698,66.93183697634137,576.7319930087344,66.85494073974992,181.23370258022348,66.40724492510819
-1.3126438125222553,0.6731984257692414,918.4105086676246,66.31192794311553,464.81775907680714,66.18919314312643,145.96248841788358,65.42721766637325
-1.166446554092426,0.6731984257692414,742.8166238677865,65.54727685499623,375.8537421212212,65.35325187252676,118.02177103741339,64.03837461874583
-1.0365321883776653,0.6731984257692414,602.6368373534635,64.604569399987,304.86272775237586,64.29945258829925,95.68887389205877,61.97198785762133
-0.9210871889273549,0.6731984257692414,490.424559751694,63.4434629595393,248.09035294487109,62.96642113154549,77.82497480963542,58.80436122143095
-0.8185000129460304,0.6731984257692414,400.11361821677946,62.009805681356276,202.34813814855508,61.26207140517299,63.48717294862263,54.137906766147466
-0.7273386051246984,0.6731984257692414,327.08235853460025,60.234271437049195,165.48125170716452,59.07340061545681,51.827740262705426,48.048983304230234
-0.6463304070095649,0.6731984257692414,267.5498046499507,58.01796861705778,135.26384600690633,56.2000919416997,42.40751858581141,41.24276077546849
-0.5743445928509872,0.6731984257692414,218.47822205140773,55.2135184006982,110.52815802551399,52.42924046703064,34.625558150022776,34.25740017932697
-0.5103762839557767,0.6731984257692414,177.87458129807843,51.640207053218646,89.9585343315266,47.47325029169655,28.190488716348806,27.56913525116356
-0.4535325211846986,0.6731984257692414,144.15599114921028,47.076573755117984,72.87318618788112,41.24014913982953,22.832590573787016,21.43187283148542
-0.40301979977966995,0.6731984257692414,116.70081106446365,41.46124700890232,59.00192474511701,34.161894939605986,18.50381493113602,16.173359543360426
-0.35813299251433084,0.6731984257692414,95.24603803078494,35.15233219763586,48.14099301433621,27.129661696756976,15.106255354475245,11.93673231986985
-0.3182455065418344,0.6731984257692414,79.11099164937428,28.856526564424403,39.98035718530529,21.00155756537609,12.55774693240558,8.762908908805228
-0.2828005365353655,0.6731984257692414,67.15317267019421,23.184063786158767,33.94515779637654,16.096282491213955,10.659862066603344,6.452885907091516
-0.2513032920204875,0.6731984257692414,58.21615876914907,18.397438271488262,29.429326502829205,12.308986994920733,9.241550174631644,4.792659511564435
-0.22331409039755062,0.6731984257692414,51.403977533458665,14.498011628228042,25.980849009988933,9.419672811419877,8.17072886391211,3.601118697615566
-0.19844221923690444,0.6731984257692414,46.100026115397995,11.378198620003136,23.29731505897137,7.223685613390102,7.33946927852628,2.7293734406684402
-0.17634048216824733,0.6731984257692414,41.89308972123691,8.906842037000455,21.173496836239984,5.554023102213558,6.6740749830904,2.076532573317669
-0.15670035222800524,0.6731984257692414,38.50500902741057,6.960936950698573,19.466086943326392,4.280544960646234,6.13155523280533,1.5819757551920357
-0.13924766500838334,0.6731984257692414,35.741939008270556,5.434616940249536,18.07400736862349,3.3052217540598976,5.686100333787896,1.2070639960596516
-0.12373879148704055,0.6731984257692414,33.464827465644014,4.240336335834514,16.92556996530815,2.555533467477837,5.319182115974504,0.92347565573592
-0.10995723711238882,0.6731984257692414,31.57153423415395,3.307347841400172,15.969197065262913,1.9778324231099254,5.015660884111518,0.7089772538669524
-0.09771061966979347,0.6731984257692414,29.985533778352448,2.579266615284067,15.166877764594973,1.5319974948076924,4.762960165366091,0.5462544123519985
-0.0868279837415025,0.6731984257692414,28.648468921785327,2.011514836223241,14.489814594349292,1.187632391039541,4.550949927085793,0.42221888339409114
-0.07715741427178036,0.6731984257692414,27.515107184491825,1.5690115347556135,13.915636636096995,0.9214824405381871,4.371712874257196,0.3271894275202117
-0.06856391592404971,0.6731984257692414,26.549868007461928,1.2242290055677385,13.426622762400541,0.7156601277735006,4.219149670194262,0.2540560151607558
-0.06092752862714207,0.6731984257692414,25.72439859312796,0.9556131203445841,13.008537537162725,0.5563778215903696,4.088554993654783,0.19757511764189095
-0.0541416530048151,0.6731984257692414,25.015854797856097,0.7463184363225036,12.649832695698285,0.4330057547612395,3.9762547053071113,0.15384114706770485
-0.04811156231253989,0.6731984257692414,24.405659047458773,0.5832014060922771,12.341072182361316,0.3373526588362888,3.8793308485170197,0.11991278642118469
-0.04275308010908995,0.6731984257692414,23.878584713855748,0.4560214514669699,12.074501394710646,0.2631094062000919,3.795425866867187,0.09355378035034101
-0.0379914052040221,0.6731984257692414,23.42206787007718,0.3568087488355698,11.843715508421933,0.20541736841247032,3.7226064679390807,0.07305186690785462
-0.03376006747802295,0.6731984257692414,23.025680877080816,0.2793655699925905,11.643399728802851,0.16053406620772442,3.6592685753106253,0.05708969451010345
-0.03,0.6731984257692414,22.68072380213721,0.21887437990230707,11.46912381823372,0.12557499846210105,3.6040694673574922,0.044650604896873
0.03,0.6731984257692414,18.072623688162206,0.1851254812056205,9.138928587394904,0.10467954779794598,2.865013301027935,0.036366399485480476
0.03376006747802295,0.6731984257692414,17.838092340008615,0.231318110490644,9.01979006056915,0.1307521333054687,2.8275472339689984,0.04533708276732441
0.0379914052040221,0.6731984257692414,17.581531995457933,0.2884210280492525,8.889368450263968,0.16296851774070464,2.78656380928321,0.05639406451515011
0.04275308010908995,0.6731984257692414,17.302076913056034,0.3587103597706366,8.747204791580469,0.20260424717096584,2.741907384310735,0.06996738291924345
0.04811156231253989,0.6731984257692414,16.999232501715007,0.44478073778711374,8.593036530931442,0.2511078114010931,2.6934666750696006,0.08655090864225723
0.0541416530048151,0.6731984257692414,16.673042771735343,0.549497571281466,8.426893003624006,0.3100673384564775,2.641195255693868,0.10669866121163918
0.06092752862714207,0.6731984257692414,16.324311924858257,0.6758752298434807,8.24922417626591,0.3811301130347036,2.5851417595303783,0.13100992231709416
0.06856391592404971,0.6731984257692414,15.954899264306373,0.8268331316222843,8.061072927269368,0.46584502210542234,2.5254974745851553,0.16009256952558348
0.07715741427178036,0.6731984257692414,15.568115666417503,1.0047567808898008,7.864302746307721,0.56538502316474,2.462674615248034,0.1944845956397914
0.0868279837415025,0.6731984257692414,15.169263205059522,1.2107565045660265,7.66189260373512,0.6800933294599272,2.397435158155531,0.23449832199101867
0.09771061966979347,0.6731984257692414,14.76637700783726,1.443476029475866,7.458306866951942,0.8087908703483174,2.331093051885062,0.27993277074787076
0.10995723711238882,0.6731984257692414,14.371245626400832,1.6972744767489556,7.259938731570037,0.9478007188929742,2.2657997182064014,0.3295938422192061
0.12373879148704055,0.6731984257692414,14.000788782348721,1.9596472932476035,7.075612819464739,1.0897159275861044,2.2048731276691087,0.38061805953417016
0.13924766500838334,0.6731984257692414,13.678828902154448,2.2080043710424184,6.91713119207298,1.2220905303921736,2.1530284387843,0.42779608653048384
0.15670035222800524,0.6731984257692414,13.438164809853497,2.406634462879407,6.7998971885026105,1.3264676587021942,2.116257003174529,0.463452793948855
0.17634048216824733,0.6731984257692414,13.322644503460992,2.506072164032224,6.743817359492481,1.3784055892399372,2.1011893528060486,0.47860740649565064
0.19844221923690444,0.6731984257692414,13.388835816293993,2.448765845899757,6.774980057535283,1.3493816610222087,2.114463548932917,0.4652398213218206
0.22331409039755062,0.6731984257692414,13.707511713479159,2.185083863723241,6.928791584806906,1.212013580773085,2.1639450353852463,0.4175656450470933
0.2513032920204875,0.6731984257692414,14.36730405548044,1.699939056543279,7.254570149952581,0.9517569997629944,2.2637311347921845,0.3312505504495342
0.2828005365353655,0.6731984257692414,15.485647066787491,1.0454310938151243,7.819478733925672,0.5896867388104527,2.4396442424278773,0.20809776808612565
0.3182455065418344,0.6731984257692414,17.229085590603464,0.3784979735490801,8.7087630242926,0.21415277519720596,2.724289401162857,0.07577135403645074
0.35813299251433084,0.6731984257692414,19.827591783563758,0.004552356067369849,10.02716603393272,0.00260947623467467,3.145215398181888,0.0009367406950889496
0.40301979977966995,0.6731984257692414,23.5586980817386,0.38540078624290697,11.918117732883251,0.22332993059374226,3.7453347025663515,0.07920800381995842
0.4535325211846986,0.6731984257692414,28.75386456912474,2.0545597079721416,14.585169171776776,1.2342143447364866,4.605035228427606,0.45270815368709616
0.5103762839557767,0.6731984257692414,35.946193046503836,5.544896760427891,18.245674410846988,3.4218604586386325,5.7602130103313645,1.26724955019271
0.5743445928509872,0.6731984257692414,45.8563419348123,11.234389860039165,23.156394370606176,7.110624012329665,7.327927443872584,2.717674681986795
0.6463304070095649,0.6731984257692414,58.91919559707525,18.789054538267635,29.88304541490833,12.691017290438628,9.522295713701965,5.114988992215915
0.7273386051246984,0.6731984257692414,76.3907162398469,27.64318382945485,38.85754544263261,20.109096044160168,12.283991496926548,8.425548055074966
0.8185000129460304,0.6731984257692414,100.4456532955556,36.876851580583164,50.73237682192857,28.928818653954394,16.324755684904833,13.461079690098149
0.9210871889273549,0.6731984257692414,130.60259158228067,44.58192558152628,66.84055492791755,38.412100306953505,21.125954758636755,19.385141813079805
1.0365321883776653,0.6731984257692414,173.14300283867937,51.1092848120262,87.04347036907681,46.5716559909974,28.19625868165784,27.575481668606514
1.166446554092426,0.6731984257692414,224.92963225988493,55.65659129695335,115.80103261127807,53.389897874022004,36.94828501558371,36.47157547371276
1.3126438125222553,0.6731984257692414,300.05008445591653,59.34350290310707,151.42241775460042,57.9039013788718,48.565311579239285,45.893204542114646
1.4771647895120215,0.6731984257692414,389.68786227081324,61.799174774194434,198.62659244307696,61.08347425499046,64.6456679948335,54.61735549062537
1.6623060990028473,0.6731984257692414,515.8843314631582,63.75312688758554,265.22384478618056,63.43598383981742,84.8695648880004,60.30473721443296
1.8706522023821734,0.6731984257692414,685.2653638423288,65.20848086036179,343.39109163370466,64.93038954835612,110.8192776071913,63.50814918578498
2.1051114860111477,0.6731984257692414,890.4887888879998,66.21103310316532,453.3776402370173,66.10134258206153,145.79260585699623,65.4209478576959
2.368956860549917,0.6731984257692414,1174.7666832015298,67.00960025223037,598.0347250204471,66.95197720762202,192.6763264340832,66.62939959206852
2.6658714488230206,0.6731984257692414,1554.5735194253405,67.61378634802732,784.3068731676165,67.567136525587,259.33635797854413,67.46881373934835
3.0,0.6731984257692414,2030.3326273502894,68.04791879531552,1033.6779563179734,68.03338679673317,343.78307991802626,68.00932843887759
-3.0,0.7230649758262224,4518.085975163256,68.82103940362677,2290.0058943077393,68.81765916749197,722.17074733115,68.79887198422911
-2.6658714488230206,0.7230649758262224,3570.0081848752648,68.65434266023092,1812.4714794015886,68.64977438110495,570.544062863024,68.61642002000889
-2.368956860549917,0.7230649758262224,2840.740052890274,68.44975430448707,1440.5689133159888,68.44031091373517,453.63441901131154,68.38557661919512
-2.1051114860111477,0.7230649758262224,2268.389904088845,68.19606070390529,1148.6098297329966,68.17831746275189,362.11421321375684,68.0897003937456
-1.8706522023821734,0.7230649758262224,1811.21751875193,67.87668522628933,916.54421852743,67.84703267424501,289.20137982897586,67.70117949693888
-1.6623060990028473,0.7230649758262224,1451.8749917287644,67.48211354521553,734.9274258470398,67.43570826176696,231.10556598305007,67.1836293818437
-1.4771647895120215,0.7230649758262224,1166.3298185442654,66.99161950207852,590.4964651611193,66.91848195321509,185.55975519358427,66.49526737530618
-1.3126438125222553,0.7230649758262224,939.889808623415,66.38536122367421,475.69101906709375,66.26851724703435,149.37747857796143,65.54919932438186
-1.166446554092426,0.7230649758262224,759.7726717444816,65.63700726789523,384.43574125569944,65.45213419790831,120.71694698057438,64.21316906956594
-1.0365321883776653,0.7230649758262224,615.987262677384,64.71352634976117,311.61905944303487,64.42251731154518,97.80980923100758,62.23262000605131
-0.9210871889273549,0.7230649758262224,500.88340847010403,63.574650517564635,253.38362815058036,63.11910717087905,79.4857988355151,59.19535445197833
-0.8185000129460304,0.7230649758262224,408.22954268065683,62.1659432207298,206.45511184436367,61.450593992655584,64.77596335907629,54.66999438910036
-0.7273386051246984,0.7230649758262224,333.2760850442264,60.41686093079124,168.6163734922874,59.30325033030242,52.81052509934601,48.65773475827482
-0.6463304070095649,0.7230649758262224,272.1419508688944,58.225697576614714,137.58740953949234,56.474183028464324,43.13646390698082,41.83357963214081
-0.5743445928509872,0.7230649758262224,221.72558574803398,55.43995768821522,112.17034865835194,52.73946248352736,35.14119856990934,34.758328250151074
-0.5103762839557767,0.7230649758262224,180.01881314745555,51.87127551426959,91.04146178215683,47.79346215852395,28.53118680693672,27.94284007309229
-0.4535325211846986,0.7230649758262224,145.48257476689085,47.29640792380163,73.54283281292389,41.53182674331484,23.044870237990537,21.683660966858003
-0.40301979977966995,0.7230649758262224,117.54594600925559,41.66995949491709,59.427172933431834,34.40995457269569,18.63843112229022,16.339879521315474
-0.35813299251433084,0.7230649758262224,95.89108302541136,35.373796280834426,48.465097283503674,27.358751631587843,15.209998207419368,12.066543260228784
-0.3182455065418344,0.7230649758262224,79.68939815587623,29.10867380771157,40.27249076993855,21.23200613882314,12.651295895874513,8.878431087639157
-0.2828005365353655,0.7230649758262224,67.6914217045925,23.458064564154057,34.21780919778319,16.32282102823368,10.746159653169682,6.556129355074306
-0.2513032920204875,0.7230649758262224,58.707347059965656,18.6712930496942,29.677919052930545,12.518297123695763,9.320026035212067,4.882396002183559
-0.22331409039755062,0.7230649758262224,51.840972834822296,14.752864986973169,26.20169185705652,9.603179019830034,8.240806676031314,3.6769778004351528
-0.19844221923690444,0.7230649758262224,46.48173462297141,11.603493111413258,23.490141296155528,7.378832301287874,7.400937611248366,2.7918815328262516
-0.17634048216824733,0.7230649758262224,42.2228249254423,9.099067011830204,21.34016138938915,5.682036383883969,6.727221884208863,2.1269404239859018
-0.15670035222800524,0.7230649758262224,38.788150238007454,7.120974451016792,19.60932954883225,4.38442013272943,6.1770970907665514,1.6219902122865892
-0.13924766500838334,0.7230649758262224,35.984406312395876,5.565579751621218,18.19676653282323,3.388517887571522,5.724973373661985,1.2385170369454936
-0.12373879148704055,0.7230649758262224,33.672306645429046,4.346189702000909,17.03065930597877,2.6217555370250816,5.3523505556559,0.9480705888117062
-0.10995723711238882,0.7230649758262224,31.749152956322,3.392137767188574,16.059168605043695,2.030150045726906,5.044006178914345,0.7281654052461956
-0.09771061966979347,0.7230649758262224,30.137768908243117,2.646734483975747,15.243976984198605,1.5731421250460005,4.787240961075335,0.5612124755447728
-0.0868279837415025,0.7230649758262224,28.77916068331315,2.064936572445893,14.55598060601994,1.2198860986625353,4.571801812927921,0.4338772138055992
-0.07715741427178036,0.7230649758262224,27.627517267603245,1.611159423013551,13.972524071032877,0.9467114329788573,4.389663847226633,0.33627586770849166
-0.06856391592404971,0.7230649758262224,26.64675156253312,1.257396021900163,13.47563291616392,0.7353672813532242,4.234638577317151,0.2611381398426985
-0.06092752862714207,0.7230649758262224,25.808076366121934,0.9816654877639583,13.0508519348167,0.5717600311782484,4.1019480090107345,0.20309536898876743
-0.0541416530048151,0.7230649758262224,25.088279531156765,0.7667574462342401,12.686445415324966,0.44500861533601743,3.9878587217628847,0.15814450836135374
-0.04811156231253989,0.7230649758262224,24.46847403362588,0.5992245014200849,12.372819160952428,0.34671898550795954,3.889404075616708,0.12326824815747572
-0.04275308010908995,0.7230649758262224,23.93317417181002,0.46857774395399165,12.102086049882418,0.27042042526154303,3.8041862403504725,0.0961710003614651
-0.0379914052040221,0.7230649758262224,23.46959962962691,0.3666470803929216,11.867730629697801,0.21112668072198776,3.7302384107230173,0.07509416068487003
-0.03376006747802295,0.7230649758262224,23.067142193818867,0.2870748317350588,11.664345907917168,0.1649950976425832,3.665928508211308,0.05868420117495769
-0.03,0.7230649758262224,22.716951219538576,0.22491661564298504,11.487424821987647,0.12906288065703608,3.609890347920513,0.045896253659037156
0.03,0.7230649758262224,18.046456427062214,0.1900008472657729,9.125680399789935,0.10742348166776561,2.8608231223633687,0.037316689882014246
0.03376006747802295,0.7230649758262224,17.809363098364326,0.23736695887703502,9.005241231396786,0.1341535308793081,2.8229482667896812,0.046512429295154756
0.0379914052040221,0.7230649758262224,17.550111298066007,0.29589757942602923,8.873452397186114,0.1671688066580294,2.7815355010284373,0.05784203417360213
0.04275308010908995,0.7230649758262224,17.267870189079087,0.36790890523358355,8.7298725636341,0.20776675717724355,2.7364345929416523,0.07174276548181731
0.04811156231253989,0.7230649758262224,16.962198101069177,0.45603309042478996,8.574266081854875,0.25741610262680065,2.687542413783656,0.08871525151356008
0.0541416530048151,0.7230649758262224,16.633215907076146,0.5631635557583528,8.406701573001927,0.3177195034750181,2.6348243530718842,0.10931861786701333
0.06092752862714207,0.7230649758262224,16.281836306722173,0.6923215015092667,8.227684701480152,0.39032635033979124,2.5783457564020327,0.13415358948612421
0.06856391592404971,0.7230649758262224,15.910068735046524,0.8463932638056455,8.038335653141964,0.4767644699417058,2.5183212198260443,0.1638224910329006
0.07715741427178036,0.7230649758262224,15.521428848368453,1.0276624383453434,7.840623482282896,0.5781462047398259,2.455195214967126,0.19884534705188214
0.0868279837415025,0.7230649758262224,15.12149509422623,1.237025879369534,7.637669388245124,0.6946908932839699,2.389774150470731,0.23949554459233804
0.09771061966979347,0.7230649758262224,14.718672562129838,1.4727427408212381,7.434127120833992,0.8250005354295372,2.3234328210078248,0.28549950621461867
0.10995723711238882,0.7230649758262224,14.32524160754594,1.728541320226199,7.236639334757979,0.9650465714530578,2.258405002708144,0.3355402794647829
0.12373879148704055,0.7230649758262224,13.95877110766513,1.9909629037399847,7.054356072486407,1.106903409126571,2.1981177244182737,0.3865654209216619
0.13924766500838334,0.7230649758262224,13.643933040551573,2.236103452311111,6.899500773815033,1.2374304066032997,2.1474259095159725,0.4331089985052443
0.15670035222800524,0.7230649758262224,13.414626064936403,2.4266776025130445,6.78802088904873,1.337356876886754,2.112493880740364,0.46720763584135566
0.17634048216824733,0.7230649758262224,13.316105059349779,2.511782212961917,6.740528474040395,1.381492657538635,2.1001643362761278,0.47965001758136216
0.19844221923690444,0.7230649758262224,13.406723285983423,2.433431751516027,6.784035654266428,1.3410240660052635,2.1173510880198894,0.46236484466077493
0.22331409039755062,0.7230649758262224,13.75953418883516,2.1439144595038093,6.955165604214247,1.189421187429893,2.172316228106645,0.40982884910107165
0.2513032920204875,0.7230649758262224,14.466166654826347,1.6339109692920906,7.304818042292828,0.9151340075123385,2.279729603818987,0.3185729272536633
0.2828005365353655,0.7230649758262224,15.648125718137184,0.9662287290197975,7.902135601207762,0.5453501604799031,2.4660863148325083,0.1925145763422893
0.3182455065418344,0.7230649758262224,17.477400152258905,0.31361019867128453,8.834790472336463,0.1776190238889207,2.764554919046145,0.06288173621480439
0.35813299251433084,0.7230649758262224,20.19051460805531,1.723799587567226e-05,10.21075607424043,8.546920811925374e-06,3.203458410928458,1.9846673397120168e-06
0.40301979977966995,0.7230649758262224,24.072067915386985,0.5011752243529811,12.178291428889844,0.29106857901215655,3.827942487873896,0.10342812130679799
0.4535325211846986,0.7230649758262224,29.463238882742484,2.352041397228713,14.947135277063035,1.416835927249175,4.720923930632247,0.520714225439227
0.5103762839557767,0.7230649758262224,36.9155502386599,6.074262763998476,18.739634876964224,3.7634329193635536,5.917421835648941,1.3978924604305887
0.5743445928509872,0.7230649758262224,47.170803325493644,12.010193718272044,23.819673420518004,7.645092916649762,7.53926705209652,2.933776667297395
0.6463304070095649,0.7230649758262224,60.67009072485051,19.75393778201128,30.77217714937564,13.439462711290197,9.807725486282951,5.446196695554256
0.7273386051246984,0.7230649758262224,78.71046444439621,28.68072543656865,40.03932203474922,21.048131338020056,12.65887298202351,8.887792906468865
0.8185000129460304,0.7230649758262224,103.53390023478826,37.83786527868192,52.292190590495316,29.975481021501707,16.829317414324656,14.091333976295175
0.9210871889273549,0.7230649758262224,134.62977246101,45.37365450560221,68.90406778510675,39.421030086829575,21.779724900532106,20.173756172847238
1.0365321883776653,0.7230649758262224,178.47920844969062,51.70594771685039,89.72616079366131,47.40352258899391,29.067989146569527,28.52736083745457
1.166446554092426,0.7230649758262224,231.83054238112348,56.101642755475545,119.35565458677634,53.98294612144482,38.08484733288583,37.51517392362335
1.3126438125222553,0.7230649758262224,309.199659737764,59.66349628831032,156.04146518370462,58.31546767635767,50.049479202735675,46.899888730156455
1.4771647895120215,0.7230649758262224,401.48818838038903,62.036717448851405,204.64255646413739,61.36846395375245,66.6060729861524,55.382691656386044
1.6623060990028473,0.7230649758262224,531.3851795132867,63.926523249727126,273.1919378245598,63.63200091169142,87.42332525695436,60.75780999686645
1.8706522023821734,0.7230649758262224,705.6899248795355,65.33525072498182,353.6348541317338,65.07295631879634,114.12917687475338,63.76418310161379
2.1051114860111477,0.7230649758262224,916.8472723963604,66.30644578178911,466.8002118485636,66.20394970045834,150.11485517389275,65.57456318075353
2.368956860549917,0.7230649758262224,1209.2904148959158,67.08051210289722,615.6134946427317,67.02673916084055,198.34721358377837,66.72779768885663
2.6658714488230206,0.7230649758262224,1599.944641280154,67.66649327846467,807.2146945376335,67.62244043154827,266.9101489045764,67.53343638603963
3.0,0.7230649758262224,2089.2577049885335,68.08776812499715,1063.686005234863,68.0743350026702,353.7586050292549,68.05421410717972
-3.0,0.772931525883203,4611.075866759122,68.83367842177924,2337.139312283939,68.83046196030564,737.0392917244122,68.81252367635378
-2.6658714488230206,0.772931525883203,3642.880911994542,68.67025457797834,1849.4645588345054,68.66592822924893,582.1935676529174,68.63402060789724
-2.368956860549917,0.772931525883203,2898.1554536732547,68.46962705107282,1469.6843303265362,68.46061277090656,462.80545913606966,68.40824451464646
-2.1051114860111477,0.772931525883203,2313.7116654724146,68.22077363625718,1171.5614194058103,68.20376514778235,369.3509683572878,68.11899948535526
-1.8706522023821734,0.772931525883203,1846.9318381918763,67.90740302334831,934.6204120655988,67.87893868044435,294.90489558690047,67.7394560309767
-1.6623060990028473,0.772931525883203,1480.0598718837014,67.52009914846471,749.197152772188,67.47554147532787,235.59368982433273,67.23437684245778
-1.4771647895120215,0.772931525883203,1188.5554395991371,67.03842644181451,601.7515703651603,66.968167719607,189.0972626320757,66.56351424990953
-1.3126438125222553,0.772931525883203,957.4018432519591,66.442732755567,484.5569741651693,66.33039300633897,152.16216453422362,65.64326902441124
-1.166446554092426,0.772931525883203,773.5389407653928,65.70687708195017,391.4043537015908,65.52898130560332,122.9055282396336,64.34696846140352
-1.0365321883776653,0.772931525883203,626.757468857899,64.79791956295793,317.07070441803853,64.51761512700767,99.52127673924701,62.4303678007793
-0.9210871889273549,0.772931525883203,509.23740603774894,63.675397603252556,257.6126582994433,63.236038749892884,80.81285193129307,59.49025281405686
-0.8185000129460304,0.772931525883203,414.60897680488074,62.28416518174851,209.68440862507964,61.592888990704424,65.78943432022642,55.07075240600034
-0.7273386051246984,0.772931525883203,338.01545212886526,60.55179750352731,171.01585578133427,59.47252758693664,53.56317812429427,49.111441228273534
-0.6463304070095649,0.772931525883203,275.49482787958095,58.37272340450629,139.28469852610232,56.66762553621322,43.66920425474716,42.25848630933031
-0.5743445928509872,0.772931525883203,223.90411550300274,55.587968653173206,113.2713770449244,52.941741598579945,35.48764037067084,35.09188757645279
-0.5103762839557767,0.772931525883203,181.2464834105362,52.001012976871614,91.66020105044932,47.972969604882145,28.726788224669903,28.156439291802
-0.4535325211846986,0.772931525883203,146.05771822367575,47.39049138147889,73.83229219148745,41.65658167363658,23.138601307100064,21.794629997160254
-0.40301979977966995,0.772931525883203,117.82030712615148,41.7371456214901,59.563465167655345,34.48902568293052,18.68266264860658,16.394560877534754
-0.35813299251433084,0.772931525883203,96.1267062816324,35.454150963412445,48.582054221227864,27.441138182186265,15.249041331973007,12.115399022696202
-0.3182455065418344,0.772931525883203,79.97573055867078,29.232741024372082,40.41713830933993,21.345835407117946,12.6987332096401,8.93705398594565
-0.2828005365353655,0.772931525883203,68.01604384332434,23.622486217333083,34.38264958262255,16.459605997537555,10.79867331162299,6.619058079771137
-0.2513032920204875,0.772931525883203,59.03751965918144,18.854734685175657,29.845217012942364,12.659165176727587,9.373012913279794,4.9431481312591075
-0.22331409039755062,0.772931525883203,52.153406548337024,14.934762126766016,26.35963425004422,9.734606941024657,8.29114082269656,3.7316676860360847
-0.19844221923690444,0.772931525883203,46.76505895132836,11.770725104194618,23.633295355645114,7.494330884173988,7.446777495224388,2.8387173458884596
-0.17634048216824733,0.772931525883203,42.473567710038004,9.245484296386286,21.466949282547663,5.77980775921861,6.767797809187172,2.165642380782725
-0.15670035222800524,0.772931525883203,39.0070326427579,7.245075033640674,19.720128064119912,4.465174193620167,6.212407404449067,1.6532155384369653
-0.13924766500838334,0.772931525883203,36.17403973579641,5.668452381041117,18.292840069499594,3.454098900348635,5.75543888564963,1.26334488367597
-0.12373879148704055,0.772931525883203,33.83595923939782,4.430138726498486,17.11360350388625,2.6743807565624578,5.378551059563825,0.9676512844830514
-0.10995723711238882,0.772931525883203,31.89014412978377,3.459873372149234,16.130627060632182,2.0720172354970727,5.066531272350849,0.7435421491524609
-0.09771061966979347,0.772931525883203,30.259196422680464,2.7009368727014462,15.305502556392458,1.6062451835309883,4.8066258978879075,0.5732611458423371
-0.0868279837415025,0.772931525883203,28.883795515879086,2.108045303348647,14.608974566914178,1.2459449768429074,4.588509909045635,0.44330628345081363
-0.07715741427178036,0.772931525883203,27.717780469231737,1.6452910967228545,14.018217233218135,0.9671628196869215,4.404088906051818,0.3436487597974492
-0.06856391592404971,0.772931525883203,26.724729519222972,1.2843315092272918,13.515088683191093,0.7513854081611988,4.247113635497579,0.2668997205315585
-0.06092752862714207,0.772931525883203,25.875552409724147,1.0028721421302458,13.0849798780991,0.5842901505184288,4.112754745838382,0.20759579917487803
-0.0541416530048151,0.772931525883203,25.146770785770393,0.7834265093509705,12.716018976817635,0.45480353835482645,3.997235754589491,0.16165889863397656
-0.04811156231253989,0.772931525883203,24.51926800955904,0.6123127471277202,12.398494024185064,0.35437374594971993,3.8975538749907135,0.12601239526419822
-0.04275308010908995,0.772931525883203,23.9773625569318,0.4788476375220894,12.12441744356447,0.2764028748466071,3.811280844834668,0.09831390021215361
-0.0379914052040221,0.772931525883203,23.50810827260665,0.37470277945632136,11.887188809272196,0.21580335313775045,3.7364241797743425,0.07676795226657375
-0.03376006747802295,0.772931525883203,23.10075707652661,0.2933930803108382,11.6813295966793,0.16865247322624377,3.6713301065877237,0.05999206501632613
-0.03,0.772931525883203,22.74634061551897,0.22987251045512508,11.502272668373658,0.1319245463797041,3.6146141029835563,0.046918673340585915
0.03,0.772931525883203,18.025097430181525,0.19403176898874425,9.11486774070803,0.10969155854393044,2.85740357916172,0.03810202483922201
0.03376006747802295,0.772931525883203,17.785908628973694,0.24236922102804584,8.993365159663199,0.13696557214184318,2.819194520210669,0.04748392439015784
0.0379914052040221,0.772931525883203,17.52445502418882,0.302081808083956,8.860458352048052,0.170641890559501,2.7774307057231424,0.05903905593773401
0.04275308010908995,0.772931525883203,17.239934522266925,0.3755188481505114,8.715720529957377,0.2120360309871589,2.7319663714558944,0.07321063487160157
0.04811156231253989,0.772931525883203,16.931949141511083,0.46534335758499834,8.558938280148256,0.2626333075380464,2.6827051409016387,0.09050482500129473
0.0541416530048151,0.772931525883203,16.600683342361553,0.5744714559399074,8.39021273931247,0.3240480910786313,2.629622208759307,0.11148485786109036
0.06092752862714207,0.772931525883203,16.24713974855529,0.7059289866675769,8.210095726832888,0.3979309092995163,2.5727968162823904,0.13675242388055212
0.06856391592404971,0.772931525883203,15.873452426245665,0.8625730094958521,8.019771554276764,0.4857910833434878,2.5124629668136502,0.16690484408171707
0.07715741427178036,0.772931525883203,15.483307258675987,1.0465994783854309,7.821296909931745,0.5886889951438017,2.4490920098633993,0.20244658904089918
0.0868279837415025,0.772931525883203,15.082512672420965,1.2587232217802442,7.617911137365486,0.7067386524820665,2.383527370710316,0.2436177533364447
0.09771061966979347,0.772931525883203,14.679781815936908,1.4968770997218777,7.4144253800790025,0.8383567879719626,2.3171944828210833,0.29008313833365473
0.10995723711238882,0.772931525883203,14.287804650201135,1.754256593072672,7.217689718834283,0.9792185241424091,2.2523955461196543,0.3404221868832485
0.12373879148704055,0.772931525883203,13.924690598941087,2.0166015404440714,7.0371249425481865,1.1209633977046993,2.192648040922716,0.3914242119242692
0.13924766500838334,0.772931525883203,13.615818679265306,2.258913380955449,6.885305326809157,1.2498726321713216,2.1429227042750134,0.43741036505448333
0.15670035222800524,0.772931525883203,13.39600232256105,2.4426145848563734,6.7786316837917,1.3460073710122877,2.109527349956874,0.47018167943248723
0.17634048216824733,0.772931525883203,13.311666143266732,2.5156631241567915,6.738304135654659,1.3835831003715797,2.099481351225264,0.4803455565665872
0.19844221923690444,0.772931525883203,13.422648152124607,2.4198343335436396,6.792104377017906,1.3336061519563511,2.1199290761576646,0.4598079389774154
0.22331409039755062,0.772931525883203,13.803899251527586,2.109211522711722,6.977667477256574,1.170363791530473,2.1794639103900875,0.40329658184935396
0.2513032920204875,0.772931525883203,14.549541676218539,1.5795179923405245,7.347204996187758,0.8849418637219206,2.2932308214608588,0.3081141874235546
0.2828005365353655,0.772931525883203,15.784460433031116,0.9026655664809292,7.971499009595986,0.5097353345962041,2.4882796628520323,0.17998921314592392
0.3182455065418344,0.772931525883203,17.685149468605047,0.26451766415592887,8.940232061117815,0.14993998095236932,2.798245038262865,0.05310794104120857
0.35813299251433084,0.772931525883203,20.49354606308812,0.003984297671136989,10.364054198711175,0.00225191625575555,3.252096265494654,0.0007747555201513195
0.40301979977966995,0.772931525883203,24.500101775266504,0.6073603584140319,12.395210941608303,0.35339095091208494,3.8968197998689798,0.12576414837753688
0.4535325211846986,0.772931525883203,30.0540490360541,2.6095638322440533,15.24853595656393,1.575586858767824,4.8174060544898385,0.5800021706469664
0.5103762839557767,0.772931525883203,37.72205803452744,6.521535170978726,19.150525845448506,4.053874179390099,6.04818900337956,1.5094990593651172
0.5743445928509872,0.772931525883203,48.263304106154756,12.65456449258353,24.37098091297278,8.093455771763077,7.714917727346363,3.116296412013608
0.6463304070095649,0.772931525883203,62.12426690681745,20.543428903117267,31.51054547573675,14.060250213732964,10.044702018038945,5.723626073231946
0.7273386051246984,0.772931525883203,80.63572970754062,29.516817519354177,41.019940130385365,21.818207380850417,12.969973460020357,9.272774719811357
0.8185000129460304,0.772931525883203,106.09462973813517,38.60086624964366,53.5856201720905,30.822456361906454,17.247556647008555,14.612943447479273
0.9210871889273549,0.772931525883203,137.96753869812974,45.99629462074854,70.61380465268937,40.22387564356972,22.32151205657139,20.823059535109714
1.0365321883776653,0.772931525883203,182.8981407800022,52.17269485981098,91.94807418367539,48.05564599830636,29.78972711019208,29.304886128691397
1.166446554092426,0.772931525883203,237.54350571913324,56.44935126966407,122.29730046025189,54.443751932967075,39.02545205958634,38.358899885227714
1.3126438125222553,0.772931525883203,316.76801759561425,59.913397823587665,159.86260132659146,58.634924572327066,51.27724380411158,47.699848573129714
1.4771647895120215,0.772931525883203,411.2473146813155,62.222348343983455,209.617439318395,61.58998908308265,68.22680453985046,55.97372183028148
1.6623060990028473,0.772931525883203,544.1980522170695,64.06208864003452,279.7767485198122,63.78461916798977,89.53402858115491,61.10188144439749
1.8706522023821734,0.772931525883203,722.5639873859863,65.43440424510213,362.10012561559694,65.18415601573028,116.86449495316342,63.95966888289067
2.1051114860111477,0.772931525883203,938.6225432304389,66.3811243506679,477.8887438309822,66.28408323017052,153.6860315776604,65.69283147894527
2.368956860549917,0.772931525883203,1237.8034969640769,67.13603785652869,630.131871385867,67.08518591167282,203.0315395733696,66.80400228322738
2.6658714488230206,0.772931525883203,1637.4065179529553,67.70777817257462,826.1324797091437,67.66571357984067,273.16328430293345,67.58367626589244
3.0,0.772931525883203,2137.9110210111394,68.118996505445,1088.4639688761254,68.1063969562198,361.9931548745943,68.0891992262446
-3.0,0.8227980759401841,4683.13362880113,68.84312540891048,2373.6636908414807,68.840028952323,748.5621559062874,68.82271258526943
-2.6658714488230206,0.8227980759401841,3699.316511586996,68.68214382597316,1878.112759997083,68.6779938643252,591.2162226745229,68.64714615213886
-2.368956860549917,0.8227980759401841,2942.578295553569,68.48446624147755,1492.2114266891347,68.47576603496576,469.9017936387978,68.42512833672309
-2.1051114860111477,0.8227980759401841,2348.7318353986034,68.23920938174462,1189.2973370040982,68.22273999450923,374.94332155357125,68.14078536583202
-1.8706522023821734,0.8227980759401841,1874.4825048515215,67.9302891833578,948.5661818526488,67.90269641456122,299.30493807248655,67.76785178122677
-1.6623060990028473,0.8227980759401841,1501.750283187528,67.54834552198577,760.1800690515988,67.50514011009757,239.04822317707254,67.27190453990988
-1.4771647895120215,0.8227980759401841,1205.6022432313707,67.07313419065531,610.3853303033937,67.00497666662362,191.81103127978602,66.61375053733826
-1.3126438125222553,0.8227980759401841,970.7673710090653,66.48509312053443,491.3249773717448,66.37602876672796,154.2880803771331,65.71205501438064
-1.166446554092426,0.8227980759401841,783.9681065717679,65.75812738654162,396.6850973024026,65.58527487106052,124.56412633975158,64.44387029450883
-1.0365321883776653,0.8227980759401841,634.8237940698507,64.85918276093187,321.1551534751769,64.58654094642932,100.80365800401857,62.5717205312059
-0.9210871889273549,0.8227980759401841,515.3796991796343,63.74729906551723,260.7234107406674,63.3193382425345,81.78919060528645,59.69784354386067
-0.8185000129460304,0.8227980759401841,419.1562735992605,62.36612706499359,211.98765026181027,61.69134785324212,66.51240834568719,55.347403023122816
-0.7273386051246984,0.8227980759401841,341.2118148672847,60.64056463457622,172.6347611863238,59.58363752764384,54.07166079968145,49.41188109106942
-0.6463304070095649,0.8227980759401841,277.5251235123355,58.45991934358725,140.31349383362817,56.78220606065834,43.99252048745953,42.513527167266034
-0.5743445928509872,0.8227980759401841,224.9390902768728,55.65722109463469,113.79326705658956,53.03606568212209,35.653025760296906,35.25027119317825
-0.5103762839557767,0.8227980759401841,181.50114594259446,52.027696284666106,91.78602347158888,48.00917075067444,28.768331364274886,28.20171508949927
-0.4535325211846986,0.8227980759401841,145.8536272785459,47.3571896875261,73.72746110711212,41.61149212231474,23.109385191385506,21.76005445821686
-0.40301979977966995,0.8227980759401841,117.52132367336263,41.663916342868845,59.40951882812307,34.3996970584469,18.636094801302242,16.336990779622447
-0.35813299251433084,0.8227980759401841,95.95987643094827,35.397286809798274,48.495453312906214,27.380149419834208,15.224471513854551,12.084654011760653
-0.3182455065418344,0.8227980759401841,79.97620401748063,29.232945759596593,40.41748402970378,21.34610724894179,12.701019939942823,8.939880639711715
-0.2828005365353655,0.8227980759401841,68.13036524921546,23.680240898664756,34.441371300201396,16.50830039000986,10.817922184622011,6.642143777025792
-0.2513032920204875,0.8227980759401841,59.20783662410764,18.94915710985497,29.931812285796642,12.73207945460288,9.400690420011443,4.974932806058485
-0.22331409039755062,0.8227980759401841,52.341228017958194,15.04397945355169,26.454656614006723,9.813748962223574,8.321715066023275,3.7649692641805745
-0.19844221923690444,0.8227980759401841,46.94937703253038,11.879513988297653,23.726466846177537,7.569643613780067,7.476880559935216,2.869575288043127
-0.17634048216824733,0.8227980759401841,42.64448100946331,9.345398232761937,21.553438501446347,5.846690253945465,6.795661991967285,2.1923269863363672
-0.15670035222800524,0.8227980759401841,39.160785492360795,7.332441195273641,19.79804139709415,4.5221682903776115,6.23734271607899,1.6753702611282335
-0.13924766500838334,0.8227980759401841,36.310019671393306,5.7424537848177195,18.361811891520727,3.5013885427730083,5.777363679432528,1.2813078229341464
-0.12373879148704055,0.8227980759401841,33.95505113071837,4.491476515405689,17.17402964245829,2.7129149478744212,5.3976653338556355,0.98202018679698
-0.10995723711238882,0.8227980759401841,31.993868032650123,3.509943937189529,16.183247549781484,2.1030232344967965,5.083133540008698,0.7549478235983319
-0.09771061966979347,0.8227980759401841,30.34926770959401,2.7413617171896014,15.351176057471337,1.6309721955570475,4.821027123021538,0.5822729728230194
-0.0868279837415025,0.8227980759401841,28.961907356308508,2.140420333062364,14.648560140208085,1.26554046018978,4.600999594431439,0.45040519304693083
-0.07715741427178036,0.8227980759401841,27.785502978532573,1.6710658339831097,14.05251658372445,0.9826230523209823,4.414924957263063,0.3492286847568161
-0.06856391592404971,0.8227980759401841,26.783470034957524,1.3047623305061717,13.544822041573909,0.7635458647235798,4.256521628432424,0.2712785037602481
-0.06092752862714207,0.8227980759401841,25.926547378011577,1.0190157417267498,13.110780008361328,0.593835632747059,4.120930362564823,0.21102775470885626
-0.0541416530048151,0.8227980759401841,25.191093357609752,0.7961536056564714,12.738434413885436,0.46228668753009006,4.004348015525098,0.16434637206236127
-0.04811156231253989,0.8227980759401841,24.557842727628763,0.6223305159725094,12.417996533781007,0.360235771190231,3.9037483740464807,0.12811567343386845
-0.04275308010908995,0.8227980759401841,24.010982494199023,0.48672448719136313,12.141410969417937,0.28099338992537637,3.816682757614844,0.09995947972196216
-0.0379914052040221,0.8227980759401841,23.537452195732012,0.3808921447720659,11.902018481485655,0.21939795528798528,3.7411409900763535,0.07805534825815164
-0.03376006747802295,0.8227980759401841,23.12640544297872,0.298254700677644,11.694290113831636,0.17146764337424314,3.6754540443456274,0.06099936534577774
-0.03,0.8227980759401841,22.768789899481288,0.2336906638236519,11.513615772150693,0.13412992991657158,3.618224300396636,0.047707030795275294
0.03,0.8227980759401841,18.008568842090657,0.1971828903553825,9.106501804100029,0.11146408274504083,2.8547582049766467,0.03871563127908657
0.03376006747802295,0.8227980759401841,17.767747950948216,0.246282091985394,8.984171453825775,0.13916446172346147,2.816289023731179,0.048243410860219646
0.0379914052040221,0.8227980759401841,17.504577081432657,0.30692241901810213,8.85039332954311,0.1733593204779963,2.7742516308122647,0.05997541056709189
0.04275308010908995,0.8227980759401841,17.21827604266644,0.3814795415614677,8.704751757182065,0.2153785203061795,2.728503678559393,0.07435957137827308
0.04811156231253989,0.8227980759401841,16.908480427984816,0.472641124757176,8.547050441391555,0.26672059088552663,2.6789539985422617,0.09190645990618511
0.0541416530048151,0.8227980759401841,16.575423870525007,0.5833415589799542,8.37741568423795,0.3290092940499378,2.6255853973365344,0.1131825834886516
0.06092752862714207,0.8227980759401841,16.220178875406454,0.716610721945665,8.19643517036313,0.40389621287278776,2.568487957948379,0.13879041688983587
0.06856391592404971,0.8227980759401841,15.844976749522305,0.875282841099478,8.00534319646962,0.49287618815783335,2.5079108829185697,0.1693233172180633
0.07715741427178036,0.8227980759401841,15.453636624189732,1.0614846902353485,7.806264927576979,0.5969686147485028,2.444346622960529,0.20527339370607345
0.0868279837415025,0.8227980759401841,15.05214740302011,1.2757868800929681,7.602532203401563,0.7162041959216318,2.3786676930798842,0.24685427682127292
0.09771061966979347,0.8227980759401841,14.649464420034525,1.5158633889910922,7.399079587684286,0.8488529939509586,2.31233930543603,0.2936818436567934
0.10995723711238882,0.8227980759401841,14.25859998737991,1.7744870326342679,7.202920043176301,0.9903555722605771,2.247717332610878,0.344253475751371
0.12373879148704055,0.8227980759401841,13.898089058789845,2.0367630856770496,7.023687260784167,1.132007703802261,2.1883900898541175,0.3952336008294634
0.13924766500838334,0.8227980759401841,13.593867111172747,2.2768301590046516,6.874231802148978,1.2596351527685465,2.139418959368219,0.44077623040260255
0.15670035222800524,0.8227980759401841,13.381467208219592,2.4551013952882244,6.771311995624835,1.3527767646338726,2.10722429519522,0.47249912694040613
0.17634048216824733,0.8227980759401841,13.308234029743957,2.5186665588568804,6.7365920360017455,1.3851935675647844,2.0989647684835653,0.4808720760375075
0.19844221923690444,0.8227980759401841,13.435174006997812,2.4091749532900577,6.798460461193489,1.3277818515772304,2.1219674004587232,0.4577928571347869
0.22331409039755062,0.8227980759401841,13.838732424129923,2.0822249876454406,6.995348208007779,1.1555294517838772,2.1850873864254385,0.3982047152558903
0.2513032920204875,0.8227980759401841,14.614994316460871,1.537634662123087,7.380495103907432,0.8616739405166024,2.303841812441242,0.30004670162954794
0.2828005365353655,0.8227980759401841,15.891496851543314,0.8545767241376683,8.025965816579976,0.4827680243853082,2.505712076189722,0.17049886461071292
0.3182455065418344,0.8227980759401841,17.848251992019584,0.22919963038015728,9.02301718190252,0.13000413435857913,2.824698658807278,0.0460631549071327
0.35813299251433084,0.8227980759401841,20.731415570206295,0.011857332205350325,10.484394337105632,0.006733874268851023,3.2902831701154183,0.0023415459977219606
0.40301979977966995,0.8227980759401841,24.836024572384833,0.6965413264876739,12.565442737332287,0.40586536325238626,3.950876283181654,0.14460707978202947
0.4535325211846986,0.8227980759401841,30.517618690548822,2.817412082683396,15.484944118361604,1.7041315035274294,4.89306395840056,0.6281165626804618
0.5103762839557767,0.8227980759401841,38.35456927833846,6.87614166380509,19.472666049347133,4.285302749400642,6.150705594970566,1.5987660457879784
0.5743445928509872,0.8227980759401841,49.119473475958365,13.158746135086162,24.803063601836953,8.44714211533797,7.852566994632269,3.2610658762421485
0.6463304070095649,0.8227980759401841,63.26336631501295,21.15398586207428,32.088824787280544,14.545626035009501,10.230229365048022,5.94225071275827
0.7273386051246984,0.8227980759401841,82.14302396898663,30.155693030816288,41.78742828964391,22.414858225102293,13.213492722843883,9.574872898832439
0.8185000129460304,0.8227980759401841,108.09746747208298,39.17708392666505,54.59731895127968,31.471651131647594,17.57450384645438,15.020051407348916
0.9210871889273549,0.8227980759401841,140.57724473123267,46.46318049234542,71.9499511426087,40.83092324968257,22.745033940169723,21.327832980269882
1.0365321883776653,0.8227980759401841,186.34963157101564,52.5212163997785,93.68398143893528,48.54312138984006,30.353265119251994,29.90522067291125
1.166446554092426,0.8227980759401841,242.00477497929273,56.70877118359568,124.59311310244584,54.785909626120976,39.75958354831103,39.00483182478486
1.3126438125222553,0.8227980759401841,322.6718678594747,60.09972264432845,162.84376166654525,58.87198737899496,52.235076565874984,48.303548231667065
1.4771647895120215,0.8227980759401841,418.85917916891975,62.36082922658911,213.49714578820002,61.75455789092289,69.49021687090021,56.40955376177614
1.6623060990028473,0.8227980759401841,554.1851170291021,64.16323292479657,284.90739396696665,63.898105381232966,91.17893843622686,61.3527277500936
1.8706522023821734,0.8227980759401841,735.7076098782258,65.50838686048101,368.6966342007846,65.26696635711048,118.9960391110894,64.10289790161193
2.1051114860111477,0.8227980759401841,955.5842542903454,66.43687833650866,486.5259046685095,66.34380859997965,156.46832316063342,65.78003762672016
2.368956860549917,0.8227980759401841,1260.0063533042016,67.17750180555626,641.4372778086799,67.1287776445192,206.680045649889,66.86043928280782
2.6658714488230206,0.8227980759401841,1666.5678775314843,67.73861212112462,840.8626206239072,67.69801034498919,278.0303934031863,67.6209820214705
3.0,0.8227980759401841,2175.7871457235087,68.1423298668017,1107.7543946789137,68.13033793124296,368.40110781275,68.11522645018546
-3.0,0.8726646259971651,4733.559053825755,68.84956438609562,2399.224221666568,68.8465487168007,756.627397364109,68.82965075736294
-2.6658714488230206,0.8726646259971651,3738.7657711932275,68.69024004113137,1898.137362958076,68.68620784788811,597.5242457495278,68.65607272729042
-2.368956860549917,0.8726646259971651,2973.5746461027284,68.49455562234601,1507.9302440203444,68.48606603227327,474.8541259108237,68.43658835054096
-2.1051114860111477,0.8726646259971651,2373.1058687790965,68.25171622389877,1201.6432059096353,68.23560926634568,378.83628086504,68.15553211477871
-1.8706522023821734,0.8726646259971651,1893.5952548529956,67.94576976454945,958.2428301812187,67.9187620284261,302.35772392634976,67.78700180283722
-1.6623060990028473,0.8726646259971651,1516.725992411236,67.5673687158797,767.7647814834703,67.52506657044019,241.4341274522335,67.29708430899564
-1.4771647895120215,0.8726646259971651,1217.2916410459982,67.09636123521634,616.3074105519584,67.02959847177192,193.67266835779054,66.64720417147585
-1.3126438125222553,0.8726646259971651,979.8393213999424,66.51317120519671,495.92067036255935,66.40626223088823,155.7318749855348,65.75735552301781
-1.166446554092426,0.8726646259971651,790.9363701157363,65.79159490796795,400.2153954909176,65.62201495211703,125.67309042292784,64.5066184158461
-1.0365321883776653,0.8726646259971651,640.0788629345582,64.89823431234981,323.81813164226645,64.63045180686848,101.63991819288704,62.66092496944122
-0.9210871889273549,0.8726646259971651,519.2135187526461,63.79127846944219,262.6669372632043,63.37026095795794,82.39946603715588,59.82373828878389
-0.8185000129460304,0.8726646259971651,421.7805391050727,62.4125829949879,213.31883270770876,61.7471443447367,66.93045071062184,55.50393386171026
-0.7273386051246984,0.8726646259971651,342.7770530261309,60.683394866358285,173.42836435116902,59.63722118466514,54.322007708679344,49.55801131615445
-0.6463304070095649,0.8726646259971651,278.1479226557995,58.48639596185104,140.63071140599072,56.81713850887974,44.09292545331643,42.59229449086496
-0.5743445928509872,0.8726646259971651,224.7560457228063,55.6450224015065,113.69812890439218,53.01894445738239,35.62552784420237,35.22397563564342
-0.5103762839557767,0.8726646259971651,180.73332347983268,51.947006594447195,91.39371040399075,47.89595965464106,28.64795278920097,28.07043385933095
-0.4535325211846986,0.8726646259971651,144.85620306221168,47.193104277108176,73.22118165438349,41.39226132109226,22.95497669637526,21.57711586944026
-0.40301979977966995,0.8726646259971651,116.65968994512266,41.45102381221171,58.970786590746734,34.143650828285814,18.500414252904665,16.169150982753433
-0.35813299251433084,0.8726646259971651,95.40591966124568,35.207427859296004,48.213130344230066,27.180750930805008,15.138694831299008,11.977322058854476
-0.3182455065418344,0.8726646259971651,79.70166495890392,29.11399922808082,40.27905344668894,21.237174557663113,12.659844913735483,8.88899382352272
-0.2828005365353655,0.8726646259971651,68.04042925964944,23.6348121579056,34.397035969871645,16.471537385478904,10.804853245585031,6.626468729151209
-0.2513032920204875,0.8726646259971651,59.2212064987835,18.956563330952378,29.939178384836342,12.738281739617019,9.40351377677127,4.978177080456256
-0.22331409039755062,0.8726646259971651,52.405591738782654,15.081383390845723,26.487347550123808,9.840988515759529,8.332702978273295,3.7769522369100432
-0.19844221923690444,0.8726646259971651,47.03493457294953,11.930009484113565,23.76978323826462,7.604694255833008,7.49127509702334,2.884358747227286
-0.17634048216824733,0.8726646259971651,42.73537073753367,9.398566428309593,21.599531262359125,5.882394913931201,6.810775054276452,2.206836442368833
-0.15670035222800524,0.8726646259971651,39.24902426856966,7.382650353132139,19.8428735279251,4.555040003390309,6.251836360028246,1.6882869231668183
-0.13924766500838334,0.8726646259971651,36.39190003474178,5.787106472250535,18.403454162807087,3.5300234017779886,5.790673621617743,1.292251215711581
-0.12373879148704055,0.8726646259971651,34.02913883770928,4.529738469838369,17.211711318619052,2.737027530452183,5.409621064000528,0.9910434962964347
-0.10995723711238882,0.8726646259971651,32.05991353246148,3.5419302782714013,16.216820470462185,2.1228829062519177,5.093746537032247,0.762270742269706
-0.09771061966979347,0.8726646259971651,30.407615620867272,2.7676473508637396,15.380810612636697,1.647085088781152,4.83038552197286,0.5881567488641488
-0.0868279837415025,0.8726646259971651,29.013175370807478,2.1617585106934922,14.674574278799522,1.2784779439772969,4.609219268635222,0.4551005216289394
-0.07715741427178036,0.8726646259971651,27.830408060033268,1.6882344847863346,14.075281676373976,0.9929353302227344,4.422127486861905,0.3529571230092705
-0.06856391592404971,0.8726646259971651,26.822736267874333,1.318486531884255,13.564712924737302,0.7717235655504379,4.2628244361201775,0.27422817501059915
-0.06092752862714207,0.8726646259971651,25.960859479589637,1.0299342036402495,13.128150116981047,0.6002973878267618,4.126442358474091,0.2133547663701246
-0.0541416530048151,0.8726646259971651,25.221075710979534,0.8048095805042406,12.753604900456308,0.4673799486214303,4.0091678608955235,0.1661783161048839
-0.04811156231253989,0.8726646259971651,24.584052484993823,0.6291754240464359,12.431252976070652,0.36424368998393286,3.9079640825147512,0.1295556912044188
-0.04275308010908995,0.8726646259971651,24.033910190043272,0.49212743251429036,12.153004020757542,0.2841438627679408,3.820372015833355,0.10109024559046151
-0.0379914052040221,0.8726646259971651,23.557526114715728,0.3851514826946429,11.912166414230313,0.22187283112995718,3.744371861994602,0.07894269624559537
-0.03376006747802295,0.8726646259971651,23.143997614920362,0.30160961255566093,11.703182125948095,0.1734111579790578,3.6782858590684793,0.06169545299196307
-0.03,0.8726646259971651,22.784222543219062,0.23633174651337227,11.521415452177479,0.13565600808883063,3.620708599844065,0.04825302065351081
0.03,0.8726646259971651,17.99688836807304,0.1994265068918175,9.100591528835398,0.11272563015678651,2.852889816678452,0.0391522079612866
0.03376006747802295,0.8726646259971651,17.754896465561437,0.2490720108905796,8.977667880799977,0.14073155576203075,2.814234220839294,0.048784501173944554
0.0379914052040221,0.8726646259971651,17.490489038302186,0.3103791743698827,8.843263147846143,0.17529879739220133,2.7720001013682225,0.0606434845160581
0.04275308010908995,0.8726646259971651,17.2029004247555,0.38574339390101586,8.69696906696696,0.21776792260776903,2.72604739074441,0.07518062749481928
0.04811156231253989,0.8726646259971651,16.891788987118087,0.47787112829492573,8.53860099049264,0.2696475056520122,2.6762884735290426,0.09290983865327218
0.0541416530048151,0.8726646259971651,16.557422218696054,0.5897113216248,8.368302578993244,0.33256878363212805,2.6227114305934696,0.1144002076525664
0.06092752862714207,0.8726646259971651,16.20092130279211,0.7242985459181992,8.18668650305646,0.40818502595579986,2.5654139453923066,0.14025505094498658
0.06856391592404971,0.8726646259971651,15.824585900908223,0.8844527616734097,7.995022145694785,0.4979817992345874,2.504655968525212,0.17106519573558868
0.07715741427178036,0.8726646259971651,15.43232949095454,1.072253393948479,7.79548302018101,0.6029503448335,2.4409449608084532,0.20731420748416157
0.0868279837415025,0.8726646259971651,15.030269487392223,1.2881697431843757,7.591466575590646,0.7230628746470634,2.375174195360333,0.24919703096659104
0.09771061966979347,0.8726646259971651,14.627534388645001,1.52969160641408,7.387995249451216,0.8564853085736968,2.3088372868359843,0.2962946846974555
0.10995723711238882,0.8726646259971651,14.237367599435213,1.7892888906416429,7.192198352924306,0.9984904974404443,2.2443283811652086,0.347045842900388
0.12373879148704055,0.8726646259971651,13.878609521017742,2.0516101861530265,7.013862124795205,1.1401272390794397,2.1852862146489915,0.39802544445998306
0.13924766500838334,0.8726646259971651,13.577595146288074,2.290171978961105,6.866035696303169,1.266892994871382,2.136836684139662,0.4432676584468963
0.15670035222800524,0.8726646259971651,13.370374096113038,2.464659997166915,6.765735050516159,1.3579495208742018,2.105480569814289,0.4742587381191239
0.17634048216824733,0.8726646259971651,13.304951603626051,2.5215412584639587,6.734959318854727,1.3867305227328954,2.098476975351147,0.48136960131199386
0.19844221923690444,0.8726646259971651,13.44317392833315,2.4023835598815597,6.802534508295917,1.324057502281074,2.1232855547561513,0.4564928182791107
0.22331409039755062,0.8726646259971651,13.862562004023415,2.063894573711352,7.007462820537955,1.1454358575092263,2.18895063992199,0.394730748338486
0.2513032920204875,0.8726646259971651,14.660612283672052,1.508864433150119,7.40371801604433,0.8456717960663859,2.311254138049074,0.2944899463989088
0.2828005365353655,0.8726646259971651,15.96675781861223,0.8217047758624959,8.064277610994692,0.4643180118233919,2.517981712335359,0.16400020341942584
0.3182455065418344,0.8726646259971651,17.96350429987079,0.20591579997965714,9.081521228271733,0.1168489124489516,2.8433973439342854,0.04141126797859285
0.35813299251433084,0.8726646259971651,20.8999902422184,0.01989701783891093,10.56968615276365,0.011321769403176035,3.317356084700385,0.003951597731134795
0.40301979977966995,0.8726646259971651,25.074528902432807,0.7628597354699598,12.686297583237838,0.44495987589115754,3.9892580640536175,0.1586668743260291
0.4535325211846986,0.8726646259971651,30.847158000044253,2.9680923077639383,15.65289695450118,1.7975150081493254,4.946789248138456,0.6631196811792015
0.5103762839557767,0.8726646259971651,38.80437191420472,7.130160443208178,19.70161698501316,4.4516583259664015,6.223558515984022,1.6631125747673035
0.5743445928509872,0.8726646259971651,49.72809632843891,13.516523722138254,25.110260568622806,8.699694163993783,7.950410168962244,3.3648552219033316
0.6463304070095649,0.8726646259971651,64.07307724062744,21.583658614638328,32.499745795603374,14.889962381573067,10.361972702312885,6.098209768588449
0.7273386051246984,0.8726646259971651,83.21405413673966,30.601346059948224,42.33246451095969,22.835237370466757,13.386470831565175,9.789809785859397
0.8185000129460304,0.8726646259971651,109.51878378849692,39.57540126156873,55.31534661313075,31.925307370321004,17.80629331811507,15.30827710653994
0.9210871889273549,0.8726646259971651,142.42884087773734,46.784316462494154,72.89710343651706,41.2506408533034,23.045404557398857,21.684293913043756
1.0365321883776653,0.8726646259971651,188.79470170871127,52.760057796000325,94.91427477119126,48.87741780732909,30.752225052083205,30.32660586454007
1.166446554092426,0.8726646259971651,245.16482458429977,56.88646368339657,126.21757146731272,55.01928339199612,40.27907112493203,39.45523007424042
1.3126438125222553,0.8726646259971651,326.84653453287564,60.22717455572944,164.95227476089303,59.03360940556087,52.912466427081185,48.7198178690155
1.4771647895120215,0.8726646259971651,424.2414062231529,62.45559807594718,216.2396594881942,61.866821762613135,70.38260330465565,56.70478741832204
1.6623060990028473,0.8726646259971651,561.2393310421872,64.23241864658505,288.5288312563894,63.975514593831356,92.34039103670466,61.52139189593367
1.8706522023821734,0.8726646259971651,744.9810540215411,65.55896542034304,373.3542488817209,65.3235257484319,120.50112166684877,64.19959104038847
2.1051114860111477,0.8726646259971651,967.5534464312951,66.47501647947865,492.62052976888344,66.3846124656857,158.43233658896818,65.83917345225275
2.368956860549917,0.8726646259971651,1275.6662038833847,67.20586233904939,649.4111431006087,67.15856734953844,209.25443324141807,66.89882210269911
2.6658714488230206,0.8726646259971651,1687.1246517358654,67.759698243721,851.251502739368,67.72009229291119,281.46065979727234,67.64638517197935
3.0,0.8726646259971651,2202.4931329970414,68.15829419717423,1121.35709903748,68.14671134980273,372.91589674693813,68.13297064709447
-3.0,0.9225311760541457,4761.854682803644,68.85311750321989,2413.5688768219425,68.85014638305924,761.1554850686543,68.83347858537736
-2.6658714488230206,0.9225311760541457,3760.836970236392,68.69469515824085,1909.3396171701122,68.69072661516577,601.0550275791452,68.66098240811829
-2.368956860549917,0.9225311760541457,2990.8333166600696,68.50008198006549,1516.6830818306146,68.49170707944468,477.61276282564177,68.44286081410792
-2.1051114860111477,0.9225311760541457,2386.584734612437,68.25852170484353,1208.4730298354787,68.24261283474893,380.99010505289976,68.1635481696789
-1.8706522023821734,0.9225311760541457,1904.0696380587358,67.95412009817022,963.5490293549875,67.92743029714725,304.03125689751573,67.79731474228709
-1.6623060990028473,0.9225311760541457,1524.82342800449,67.5774965404076,771.8685928483421,67.5356782885573,242.72538666881954,67.31046859846415
-1.4771647895120215,0.9225311760541457,1223.487935515846,67.10848987554701,619.4492024015153,67.04246019679924,194.660607244109,66.66463602738668
-1.3126438125222553,0.9225311760541457,984.502335264737,66.52739724287986,498.28575107907346,66.42159032962249,156.47523876911222,65.7802492881691
-1.166446554092426,0.9225311760541457,794.3423738614924,65.80773349885484,401.9440267376751,65.6397512039569,126.21633371045607,64.53678162396093
-1.0365321883776653,0.9225311760541457,642.4298533498119,64.91549080968915,325.0127156299711,64.64989331667647,102.01532828618946,62.70023397175529
-0.9210871889273549,0.9225311760541457,520.6497917551183,63.80758068543969,263.39815479215713,63.389202012597934,82.62954104680476,59.87045032507451
-0.8185000129460304,0.9225311760541457,422.3927146196642,62.4233327947272,213.63283412332675,61.760189785849576,67.02940015896577,55.54062037301702
-0.7273386051246984,0.9225311760541457,342.62061176538583,60.679132716079366,173.35063228197217,59.63199804329159,54.2998527039858,49.54512663853833
-0.6463304070095649,0.9225311760541457,277.27492364224895,58.44924719178602,140.191483275978,56.76872059204078,43.956377252047595,42.485122495246955
-0.5743445928509872,0.9225311760541457,223.2820529110805,55.54601751270106,112.94880648138333,52.88294441066724,35.3935525527851,35.00153722250269
-0.5103762839557767,0.9225311760541457,178.90536601945962,51.75200609550146,90.46403340101203,47.62368714307892,28.359657907383195,27.7549560329603
-0.4535325211846986,0.9225311760541457,143.06984887144588,46.89359312288484,72.31569008122224,40.99402802152015,22.676040530011647,21.245774506767855
-0.40301979977966995,0.9225311760541457,115.2608232923365,41.099438738967,58.26020134931621,33.724328205245804,18.279642195188696,15.895733718945447
-0.35813299251433084,0.9225311760541457,94.4881269958206,34.88931948309263,47.74696642389911,26.849599536142218,14.995375374088226,11.798003222438405
-0.3182455065418344,0.9225311760541457,79.16703111341245,28.881045444237177,40.00942637880695,21.02452180540983,12.577536521386195,8.787337134470286
-0.2828005365353655,0.9225311760541457,67.75463223409922,23.490129897962348,34.25388884722863,16.352771580365115,10.760783484516578,6.573645791259956
-0.2513032920204875,0.9225311760541457,59.08208261329068,18.879453563844336,29.86956676054529,12.6796680695907,9.382181457633536,4.953673379451621
-0.22331409039755062,0.9225311760541457,52.34874821705359,15.048350314117894,26.458848208141088,9.817241247209784,8.324450812793607,3.767952025260746
-0.19844221923690444,0.9225311760541457,47.022787599736446,11.922840543902737,23.763780561879532,7.599835639829888,7.4901171949372065,2.883168894482496
-0.17634048216824733,0.9225311760541457,42.74665606275405,9.405169713912004,21.60543888632984,5.886974148739707,6.813194480315078,2.2091615875731443
-0.15670035222800524,0.9225311760541457,39.2718357797814,7.395638574576417,19.85466596537341,4.563695660531989,6.2558962113949965,1.6919101848409899
-0.13924766500838334,0.9225311760541457,36.41960125759985,5.802228660807479,18.417723782145686,3.539850084798661,5.795352583913283,1.2961051316641559
-0.12373879148704055,0.9225311760541457,34.05806667773646,4.544699317224802,17.22656724028934,2.7465512089377597,5.414391495988887,0.9946515089273857
-0.10995723711238882,0.9225311760541457,32.08809740387708,3.555604430335481,16.231251181589048,2.131437602370043,5.098339907688553,0.7654478111978356
-0.09771061966979347,0.9225311760541457,30.43405485194358,2.77958350738424,15.394311105952355,1.654443521009736,4.834670790628765,0.5908581894291679
-0.0868279837415025,0.9225311760541457,29.03742480864623,2.171875783279322,14.686927668563339,1.2846382005340784,4.613140496259847,0.4573469694952211
-0.07715741427178036,0.9225311760541457,27.852337070023584,1.6966411533796224,14.086431678755908,0.9980009260185448,4.425670728965892,0.3547970186681741
-0.06856391592404971,0.9225311760541457,26.84238739653046,1.3253749400475532,13.574689741224837,0.7758381439384177,4.265999202794573,0.27571883332430785
-0.06092752862714207,0.9225311760541457,25.978365424490644,1.0355221206458192,13.1370276265513,0.6036107598747865,4.129270729044341,0.21455293792745495
-0.0541416530048151,0.9225311760541457,25.236610821611144,0.809309351316376,12.761476178295133,0.47003173181266006,4.0116779295638665,0.16713576427910665
-0.04811156231253989,0.9225311760541457,24.59780485550697,0.6327793316998592,12.438216532812234,0.3663565764783707,3.9101860119858554,0.1303174685890945
-0.04275308010908995,0.9225311760541457,24.046066057804744,0.49500221303557435,12.15915630720159,0.285821959638055,3.8223357184682687,0.10169440736836811
-0.0379914052040221,0.9225311760541457,23.56826159335893,0.38743776324640616,11.91759797668407,0.22320250778567347,3.7461057074324424,0.0794207383523531
-0.03376006747802295,0.9225311760541457,23.153474762753167,0.30342379355027954,11.707975872385788,0.17446298804851798,3.67981602433896,0.062073070136623366
-0.03,0.9225311760541457,22.792587953179492,0.23776891503902353,11.52564611968907,0.13648705228715188,3.6220588133195863,0.048550958592012895
0.03,0.9225311760541457,17.99006947252747,0.20074272976757837,9.097143699320398,0.11346513562592836,2.8518005463399585,0.039407954579449955
0.03376006747802295,0.9225311760541457,17.747366227015124,0.25071482939605183,8.973860503278951,0.14165345014555952,2.8130320124838133,0.04910260642551371
0.0379914052040221,0.9225311760541457,17.482200489437716,0.3124230478752117,8.839072613855391,0.17644425074583225,2.7706776186789406,0.06103779504448112
0.04275308010908995,0.9225311760541457,17.19381337554086,0.38827597687512694,8.692375283573867,0.21918523139350263,2.7245983805281964,0.07566734275284204
0.04811156231253989,0.9225311760541457,16.88187471453917,0.4809932616288878,8.533589790056094,0.2713919841231974,2.6747085010916476,0.0935074892640469
0.0541416530048151,0.9225311760541457,16.546669901167924,0.593535185259028,8.362869017058602,0.3347015916458124,2.6209988941277875,0.11512931008403228
0.06092752862714207,0.9225311760541457,16.189346754433952,0.7289425822800967,8.180839315944876,0.41077015094789987,2.5635714668067897,0.14113719179205284
0.06856391592404971,0.9225311760541457,15.81224331839616,0.8900312420448084,7.988789707629504,0.5010800122095916,2.502692290491171,0.172121150482637
0.07715741427178036,0.9225311760541457,15.41932711651236,1.0788575173258739,7.7889212193908985,0.6066084449541683,2.4388775167769654,0.20856047877211495
0.0868279837415025,0.9225311760541457,15.01679031169343,1.2958360186852327,7.584669121210913,0.7272960087381503,2.373032551491636,0.2506399048707984
0.09771061966979347,0.9225311760541457,14.613863251253667,1.5383523767502931,7.38110703206723,0.8612498706800582,2.306667661282407,0.2979206494450253
0.10995723711238882,0.9225311760541457,14.223926259538104,1.7987003398061143,7.1854326288460335,1.003645715311544,2.2421993965280826,0.3488073458915852
0.12373879148704055,0.9225311760541457,13.86600142544023,2.0612576450404494,7.007522518339084,1.145386260720293,2.1832959230970244,0.3998223064354306
0.13924766500838334,0.9225311760541457,13.566661709439975,2.29916570863237,6.8605443873736744,1.2717709824741523,2.1351208239106696,0.4449282198257795
0.15670035222800524,0.9225311760541457,13.362264494145348,2.471663571574643,6.761669113018498,1.3617290181103858,2.1042223453142612,0.47553110016776073
0.17634048216824733,0.9225311760541457,13.301208983901715,2.5248216815575604,6.7330979436112335,1.3884841048860468,2.097920080851437,0.48193802149422604
0.19844221923690444,0.9225311760541457,13.445843902004304,2.400119784709947,6.803920266767812,1.3227922633558036,2.123754790298546,0.45603061553029295
0.22331409039755062,0.9225311760541457,13.874335986111678,2.0548768849757555,7.013478926595937,1.140444676560972,2.19088505082523,0.3929986031424264
0.2513032920204875,0.9225311760541457,14.685027117293732,1.4936075688962531,7.416179768603054,0.8371620160116764,2.315247342970706,0.2915230734620665
0.2828005365353655,0.9225311760541457,16.008470281989908,0.8038169126667883,8.085534396809543,0.4542641633645812,2.5248014770557403,0.1604521143097912
0.3182455065418344,0.9225311760541457,18.028615136678066,0.19336471414768175,9.11458288513893,0.10975165821256302,2.8539708531333634,0.038899284945323305
0.35813299251433084,0.9225311760541457,20.99631807148612,0.0253883583210272,10.618436907372306,0.01446020448781934,3.3328416715978424,0.005055610441567726
0.40301979977966995,0.9225311760541457,25.211829805358214,0.802136263392387,12.755858330887154,0.46813847901613537,4.011356593215547,0.16701306249333403
0.4535325211846986,0.9225311760541457,31.03783303884267,3.0563446268712378,15.749931445791802,1.8522242278346386,4.977794180540016,0.6836286391303058
0.5103762839557767,0.9225311760541457,39.065277677033684,7.278152934940387,19.83422820832465,4.5486967705718735,6.265744951341418,1.7007091259997582
0.5743445928509872,0.9225311760541457,50.081227351618935,13.723820022165222,25.288560858018542,8.846660943930239,8.007168773068074,3.42538907331454
0.6463304070095649,0.9225311760541457,64.54327976846763,21.831488958219822,32.738169627031134,15.089502222536371,10.43828218274743,6.188804331369506
0.7273386051246984,0.9225311760541457,83.83590871193014,30.856952986740225,42.648471463503334,23.0776736323717,13.48681838409103,9.914618221110132
0.8185000129460304,0.9225311760541457,110.34193565465819,39.80215591137952,55.73129145228626,32.18541025385538,17.94020286441688,15.47462926870852
0.9210871889273549,0.9225311760541457,143.5011818578811,46.966585326178105,73.4444265257934,41.489232806741384,23.219184409987395,21.889930876014198
1.0365321883776653,0.9225311760541457,190.20596242206784,52.89498897252154,95.62516955168046,49.06647975248091,30.98212375893284,30.568052301915802
1.166446554092426,0.9225311760541457,246.98886128864092,56.986833213695725,127.15275356518477,55.15048604702478,40.57817323048118,39.71204081163947
1.3126438125222553,0.9225311760541457,329.24662254199546,60.2989001426451,166.1651989823734,59.12440981472598,53.30202830128415,48.95523831418956
1.4771647895120215,0.9225311760541457,427.3361556002686,62.508954929235216,217.8154755843238,61.92986787228885,70.8943371527267,56.86952067000516
1.6623060990028473,0.9225311760541457,565.2855418969214,64.27129243428351,290.6024228540569,64.01887556886479,93.00597642870476,61.61505715690969
1.8706522023821734,0.9225311760541457,750.2862172336961,65.58732080766234,376.0236986030315,65.35525759280169,121.3637921645761,64.25344356502859
2.1051114860111477,0.9225311760541457,974.4043785568106,66.49641413260879,496.10855310957066,66.40748557939976,159.5573969699341,65.87218914136014
2.368956860549917,0.9225311760541457,1284.6194370529477,67.22176048622585,653.9701106336336,67.17525746173858,210.72775327962464,66.92027668619197
2.6658714488230206,0.9225311760541457,1698.863063184704,67.77150677619858,857.1910643284095,67.7324679703577,283.41833584395283,67.66056703385807
3.0,0.9225311760541457,2217.752497728236,68.16724145682174,1129.1311923096687,68.15588700757439,375.49068071314144,68.14287919054205
-3.0,0.9723977261111267,4767.729622625552,68.8538499122062,2416.5503493151846,68.85088871409474,762.0999112674155,68.83427095509941
-2.6658714488230206,0.9723977261111267,3765.2985686385828,68.69558935376331,1911.6021091007217,68.69163272995428,601.7715623868007,68.66197131495562
-2.368956860549917,0.9723977261111267,2994.1676287983983,68.5011422492163,1518.3753970365221,68.49279009409953,478.1478974650087,68.44406853653571
-2.1051114860111477,0.9723977261111267,2389.0158991062794,68.25974094210636,1209.709696033951,68.24387229239892,381.3804612015374,68.16499030569078
-1.8706522023821734,0.9723977261111267,1905.7793190494874,67.9554742565086,964.4209797242444,67.92884531161825,304.3053754285736,67.79899170489654
-1.6623060990028473,0.9723977261111267,1525.935342801005,67.5788787359555,772.4373349820535,67.53713970343469,242.90495427562794,67.31231660307368
-1.4771647895120215,0.9723977261111267,1224.0973572700507,67.10967599708786,619.7633369701773,67.04373865776097,194.75995408973063,66.6663768692944
-1.3126438125222553,0.9723977261111267,984.6711476872106,66.5279096719029,498.3771543958943,66.42217961249011,156.50464582929732,65.7811490551008
-1.166446554092426,0.9723977261111267,794.1048706543497,65.80661276519544,401.82994020866244,65.63858571400222,126.18096045771388,64.5348288468581
-1.0365321883776653,0.9723977261111267,641.7953889965125,64.91084668024891,324.6977513424215,64.64478259714141,101.91696706336872,62.68997801883456
-0.9210871889273549,0.9723977261111267,519.6032667774455,63.79571154120061,262.8738667881476,63.37563311292992,82.4658684413442,59.83726170076625
-0.8185000129460304,0.9723977261111267,420.90121641602366,62.39708461506725,212.88318451946566,61.728972053716106,66.7946673964214,55.45336474668129
-0.7273386051246984,0.9723977261111267,340.64559763816885,60.62496845979248,172.35221857830507,59.5644213275075,53.98980345268097,49.363844521631904
-0.6463304070095649,0.9723977261111267,274.8130523932732,58.34313581810986,138.94843803235733,56.62974232507032,43.56805547431842,42.178258207229035
-0.5743445928509872,0.9723977261111267,220.44931737516802,55.35180623862524,111.51070803035543,52.61609653433332,34.94630920142321,34.56962602701973
-0.5103762839557767,0.9723977261111267,175.9989784302479,51.433289039456824,88.98760196646587,47.17947907764748,27.900515617596906,27.24942168494106
-0.4535325211846986,0.9723977261111267,140.52255800560695,46.453570010555715,71.02521075032237,40.41267205060565,22.27695337164681,20.769807907200306
-0.40301979977966995,0.9723977261111267,113.36524522518663,40.610968948489784,57.298374368873105,33.14761423633381,17.98019746020623,15.52428945132012
-0.35813299251433084,0.9723977261111267,93.23672555583131,34.44836078946244,47.11236205834844,26.394993206199818,14.799273227185006,11.552693766559907
-0.3182455065418344,0.9723977261111267,78.3905084752345,28.539583689354536,39.61783667902275,20.714564141360334,12.456939335372912,8.638554993382165
-0.2828005365353655,0.9723977261111267,67.28328301194178,23.250454652393685,34.017134738074986,16.15612070786681,10.687330069288143,6.485724488142493
-0.2513032920204875,0.9723977261111267,58.796227367327305,18.720725489222204,29.72588703266632,12.558686947900878,9.337597814033577,4.902528610867424
-0.22331409039755062,0.9723977261111267,52.17391757261487,14.946694062741638,26.370787977224733,9.743893907254195,8.297457681933018,3.7385430134328947
-0.19844221923690444,0.9723977261111267,46.91473395958852,11.859067345450114,23.70936855055009,7.555814482237729,7.473680153329568,2.866290860724973
-0.17634048216824733,0.9723977261111267,42.67933199347806,9.365782355357187,21.57166281190484,5.860802254009086,6.803068893510758,2.199434895396018
-0.15670035222800524,0.9723977261111267,39.22975770242025,7.371683114952523,19.8336874158958,4.548300049669644,6.249601567328607,1.6862934152934619
-0.13924766500838334,0.9723977261111267,36.393399195715226,5.787924668286648,18.40475681662691,3.5309201634118614,5.7914407514311685,1.2928828316122745
-0.12373879148704055,0.9723977261111267,34.04196088979057,4.53636828389359,17.21865829684647,2.7414798087403844,5.41199454000564,0.9928380796956018
-0.10995723711238882,0.9723977261111267,32.07846136082547,3.5509276065635644,16.226558535255318,2.1286545370463616,5.096918935370713,0.7644644822112796
-0.09771061966979347,0.9723977261111267,30.428580589111192,2.777110824553982,15.391673519039953,1.6530050256707653,4.833881234448321,0.5903601115696525
-0.0868279837415025,0.9723977261111267,29.03462653241834,2.1707074962211768,14.68560450546573,1.2839778694979807,4.612757942685908,0.4571276217002768
-0.07715741427178036,0.9723977261111267,27.851249454477756,1.6962238597209223,14.085945380264853,0.9977797916008463,4.425547673589283,0.3547330567969719
-0.06856391592404971,0.9723977261111267,26.842378850518394,1.3253719414765093,13.574729496839076,0.7758545568204135,4.266038380061728,0.2757372487775321
-0.06092752862714207,0.9723977261111267,25.979020755880242,1.0357315302696322,13.137389761945753,0.6037460767083088,4.129408023861227,0.21461117046441008
-0.0541416530048151,0.9723977261111267,25.237656537315864,0.8096126055979722,12.762026741387347,0.4702174458214142,4.011871204386999,0.16720958438500777
-0.04811156231253989,0.9723977261111267,24.599061041350247,0.6331089474144882,12.438867460230815,0.36655434640537715,3.910407735068074,0.13039359125279296
-0.04275308010908995,0.9723977261111267,24.04741504190695,0.4953216751259079,12.159850019359208,0.2860114450067363,3.8225680804287885,0.10176600172678314
-0.0379914052040221,0.9723977261111267,23.56962733280946,0.38772903695639555,11.918297286063455,0.22337395708654673,3.746337377820376,0.0794847102992418
-0.03376006747802295,0.9723977261111267,23.15480915843433,0.30367961717877723,11.70865729348387,0.17461273460045704,3.680039991510703,0.062128428673051794
-0.03,0.9723977261111267,22.79386168868655,0.23798808305697508,11.526295388857323,0.13661479414667022,3.6222709410435554,0.048597842986147145
0.03,0.9723977261111267,17.988121513681424,0.20111960757408504,9.096163013901986,0.11367595779887703,2.8514918629502524,0.039480593320954244
0.03376006747802295,0.9723977261111267,17.745166128328616,0.25119593811363206,8.972753774099079,0.1419220467874145,2.8126837869843757,0.04919495807023548
0.0379914052040221,0.9723977261111267,17.47971930882361,0.3130363432208633,8.837825651706224,0.17678589875278172,2.770285400928945,0.061155009516052294
0.04275308010908995,0.9723977261111267,17.191020975940297,0.3890561126036527,8.690973407103323,0.21961877736510887,2.7241575712306445,0.07581575601994095
0.04811156231253989,0.9723977261111267,16.878740831277337,0.48198259171571883,8.532018371947814,0.27194033775096244,2.6742145380226607,0.09369478305937579
0.0541416530048151,0.9723977261111267,16.543165825235487,0.5947844570226415,8.361114321512344,0.33539203311100885,2.620447544377726,0.11536460825575275
0.06092752862714207,0.9723977261111267,16.185447861474167,0.730510883424778,8.17888972545811,0.4116342168078624,2.5629592625240334,0.14143101360465596
0.06856391592404971,0.9723977261111267,15.80793273036099,0.8919844706421689,7.9866374592733616,0.5021525735916874,2.5020171499496655,0.17248508839675153
0.07715741427178036,0.9723977261111267,15.414600838100522,1.0812642223875106,7.786564797098872,0.6079253795232245,2.4381395900813607,0.20900639179666375
0.0868279837415025,0.9723977261111267,15.01166422356701,1.298758915674688,7.582116485872095,0.728889598166509,2.3722353161549696,0.2511783193317054
0.09771061966979347,0.9723977261111267,14.608382348733805,1.5418332779404569,7.378379926024098,0.8631407786134475,2.3058192674219393,0.29855795879907127
0.10995723711238882,0.9723977261111267,14.218176487135661,1.8027359848917015,7.1825722822268965,1.0058302769258307,2.241314243179131,0.3495413751647226
0.12373879148704055,0.9723977261111267,13.860124399212193,2.0657647705125637,7.004597223748224,1.1478182239651995,2.1823964946643737,0.4006360314022392
0.13924766500838334,0.9723977261111267,13.560872659329965,2.303937211948811,6.857659570171781,1.2743385251028403,2.1342400340748346,0.4457821974399031
0.15670035222800524,0.9723977261111267,13.356874157855128,2.4763261281058084,6.7589805730511,1.364231974462191,2.1034070924977293,0.47635671180173644
0.17634048216824733,0.9723977261111267,13.29665124673489,2.5288204358843904,6.730828582799041,1.3906240363886182,2.097237152844756,0.48263568775129984
0.19844221923690444,0.9723977261111267,13.442712538539539,2.4027749003781382,6.802379538098626,1.3241990443038625,2.1232996702245277,0.4564789098981979
0.22331409039755062,0.9723977261111267,13.873434247631609,2.0555666109740267,7.013082889701781,1.1407728095722223,2.1907913485947104,0.39308239497659575
0.2513032920204875,0.9723977261111267,14.687429441936496,1.4921116464937705,7.417470521605285,0.8362836679079749,2.3156914172179297,0.2911942857057936
0.2828005365353655,0.9723977261111267,16.015584401025567,0.8007895358366188,8.089204305724182,0.4525415401700811,2.5260021314648022,0.1598321649974592
0.3182455065418344,0.9723977261111267,18.042229423342256,0.19079490515641684,9.121516317140815,0.1082938987571496,2.8562010419471937,0.038380301829014266
0.35813299251433084,0.9723977261111267,21.018658188832948,0.026754009402804774,10.629766779397107,0.015242783528239014,3.336461167598446,0.005332677383746795
0.40301979977966995,0.9723977261111267,25.245702927286928,0.8119475551226508,12.772999280348232,0.47392500487079225,4.016814813728026,0.16910246207198948
0.4535325211846986,0.9723977261111267,31.08681400277719,3.0791384288121684,15.774609019001252,1.8662246479612747,4.985619590254705,0.6888401465363593
0.5103762839557767,0.9723977261111267,39.13368354355997,7.317029915150968,19.868668736157602,4.573978676523351,6.276682397488615,1.7104961423832805
0.5743445928509872,0.9723977261111267,50.17427008024444,13.778399242117015,25.335643430348167,8.88551412595676,8.022103320414306,3.4413559751820015
0.6463304070095649,0.9723977261111267,64.66814686161175,21.897093120010666,32.80113926985886,15.142169269298808,10.458209522215983,6.212492465123526
0.7273386051246984,0.9723977261111267,84.00118765864167,30.924502252443222,42.73168279443134,23.141352252938994,13.513337612785085,9.947615638851998
0.8185000129460304,0.9723977261111267,110.55743559945883,39.86105029657847,55.84035583149661,32.25328441844144,17.974681508287816,15.517441114519139
0.9210871889273549,0.9723977261111267,143.78224314308855,47.0139160516467,73.58576517628993,41.55038058189956,23.264415732549455,21.943381704921897
1.0365321883776653,0.9723977261111267,190.5678975588417,52.929256407788024,95.80884641827825,49.11484870106105,31.040419258235303,30.629115579506177
1.166446554092426,0.9723977261111267,247.45718484505042,57.01234961205609,127.3885220604136,55.183208946986646,40.6536368184082,39.77654416262207
1.3126438125222553,0.9723977261111267,329.8464894755389,60.31665431248965,166.46956083876597,59.14695164912298,53.39957964639298,49.01373860863232
1.4771647895120215,0.9723977261111267,428.11072468639145,62.52218264144728,218.20790761485915,61.945406891961426,71.01997146340827,56.909464019269336
1.6623060990028473,0.9723977261111267,566.2812691395255,64.28077027374749,291.106337408654,64.02930956555322,93.16866691568572,61.63763064516501
1.8706522023821734,0.9723977261111267,751.567648921139,65.59410800558955,376.6770827494531,65.36295016409633,121.57500206584025,64.26645947023893
2.1051114860111477,0.9723977261111267,976.0658265976623,66.50155701168359,496.95366826453716,66.41297616609363,159.8317605103815,65.88014820409676
2.368956860549917,0.9723977261111267,1286.7732919671378,67.2255514319639,655.0668940421085,67.17923641999819,211.08468203776204,66.92541965973759
2.6658714488230206,0.9723977261111267,1701.6618118436102,67.77429784942007,858.6199011933123,67.73541863659551,283.88310627749075,67.66390102052956
3.0,0.9723977261111267,2221.4080313081627,68.16936641199342,1130.9965118293246,68.15806935052171,376.0988189795867,68.14519762477381
-3.0,1.0222642761681073,4751.100862478334,68.851772144192,2408.126728372315,68.84878659079493,759.4474039348836,68.83204027054762
-2.6658714488230206,1.0222642761681073,3752.0798085224205,68.69293382035946,1904.8890714619522,68.68893781694453,599.662545212356,68.65905343750053
-2.368956860549917,1.0222642761681073,2983.5153809602607,68.49774659267688,1512.9757921375797,68.48932592468142,476.44960445236893,68.4402256344914
-2.1051114860111477,1.0222642761681073,2380.3426982918136,68.25537977959402,1205.3246649337098,68.23939448745479,379.99832523232254,68.15986943238491
-1.8706522023821734,1.0222642761681073,1898.670882873306,67.94982778298754,960.8318129388782,67.92300376145698,303.17156086613517,67.79203310550022
-1.6623060990028473,1.0222642761681073,1520.0090151774102,67.57148815141262,769.4444626843831,67.52942415401702,241.96446703535287,67.30260180309102
-1.4771647895120215,1.0222642761681073,1219.0656028858855,67.09984643592853,617.2224392503714,67.03335856641122,193.96209505039755,66.65233377320193
-1.3126438125222553,1.0222642761681073,980.2873603987938,66.51454411305953,496.16541511053464,66.40785562708413,155.81083884328382,65.75980111064564
-1.166446554092426,1.0222642761681073,790.1586067184434,65.78788955877744,399.84016272566305,65.61814310861237,125.55660670547363,64.5001020660967
-1.0365321883776653,1.0222642761681073,638.1004431454168,64.8836104527202,322.83525705444055,64.61433738706174,101.33290377263629,62.62844113046596
-0.9210871889273549,1.0222642761681073,515.9865304438339,63.754305700127915,261.04970585343494,63.32794689472675,81.89453024488229,59.71978300517297
-0.8185000129460304,1.0222642761681073,417.2057053073503,62.33119934578318,211.0188764878394,61.65023470744783,66.21023204898404,55.23269580896561
-0.7273386051246984,1.0222642761681073,336.744116318419,60.51599515324359,170.37806519672765,59.42807653538243,53.374693768824365,48.99883203473968
-0.6463304070095649,1.0222642761681073,270.66473394932586,58.159691748739746,136.8518224241004,56.38859390312226,42.91240121636558,41.6531336425088
-0.5743445928509872,1.0222642761681073,216.20291043575642,55.050564955431376,109.35574411367577,52.2013016006009,34.27503714909309,33.9138431816442
-0.5103762839557767,1.0222642761681073,172.02567686475896,50.97949615366419,86.97021352266029,46.54822930038492,27.272318714368748,26.55165667639153
-0.4535325211846986,1.0222642761681073,137.27006105913858,45.86859759360996,69.37807264254381,39.64657985075459,21.76646021574413,20.157810134773833
-0.40301979977966995,1.0222642761681073,111.02738150251267,39.988812471272645,56.112988752495255,32.42235808163974,17.61070889044078,15.065094195329586
-0.35813299251433084,1.0222642761681073,91.68723747551701,33.890638324106106,46.32739819032655,25.82667505147375,14.555985142510165,11.248478594311138
-0.3182455065418344,1.0222642761681073,77.39264628516733,28.095366915632358,39.11469013795779,20.314409364854967,12.30126520737712,8.446802858566459
-0.2828005365353655,1.0222642761681073,66.63811836318413,22.920271263322306,33.69269203136889,15.886204788492009,10.586333658662399,6.365089767711954
-0.2513032920204875,1.0222642761681073,58.37045982669291,18.483588215866945,29.51157895322312,12.378239622557182,9.270833131557492,4.826110421562894
-0.22331409039755062,1.0222642761681073,51.885153352363986,14.77860283700371,26.225215310237555,9.62274383194466,8.252354222563735,3.689509748993001
-0.19844221923690444,1.0222642761681073,46.71323757698683,11.740137938842627,23.60779217597597,7.473735226840407,7.442342771350132,2.8341781389688228
-0.17634048216824733,1.0222642761681073,42.534926286366016,9.28134369217031,21.498972771991525,5.804554159988901,6.780631447348165,2.1779219477883487
-0.15670035222800524,1.0222642761681073,39.123753661983336,7.311384577380359,19.78042122056182,4.509264150238129,6.233099330572558,1.6715940217113274
-0.13924766500838334,1.0222642761681073,36.313910556846395,5.74457407635718,18.364861190941134,3.5034832398228946,5.7790323853313215,1.282678234541117
-0.12373879148704055,1.0222642761681073,33.98122105631017,4.504982746636513,17.188183274052005,2.721964469363959,5.402491449698117,0.985659285473142
-0.10995723711238882,1.0222642761681073,32.031266996414864,3.52804663968932,16.202872357585203,2.1146247882381615,5.089523763235472,0.7593540830939693
-0.09771061966979347,1.0222642761681073,30.391365534812163,2.760318972343197,15.372983453869288,1.6428240406543773,4.828043311925402,0.5866821314080055
-0.0868279837415025,1.0222642761681073,29.004895287926892,2.1583075116279833,14.670661638145345,1.2765290568775145,4.60808911081334,0.45445384230437663
-0.07715741427178036,1.0222642761681073,27.827221764355045,1.687014218648573,14.073860705125243,0.9922904619093369,4.421769919080364,0.352771658184329
-0.06856391592404971,1.0222642761681073,26.82276177209525,1.3184954633678165,13.5648575292105,0.7717831413202468,4.262949648301331,0.27428690430895813
-0.06092752862714207,1.0222642761681073,25.962859577551146,1.0305720449283657,13.129253416759154,0.6007087740135554,4.126859308750139,0.21353122230195906
-0.0541416530048151,1.0222642761681073,25.22423546195862,0.805723993153652,12.755267779941136,0.46793964348063366,4.00975099800851,0.1664005414860699
-0.04811156231253989,1.0222642761681073,24.587835847078903,0.6301660343725439,12.433213077613836,0.3648379003167587,3.908631384536852,0.12978426930506373
-0.04275308010908995,1.0222642761681073,24.03796664172991,0.49308596845682007,12.15508984203863,0.284712311375511,3.8210704388711063,0.10130494407338297
-0.0379914052040221,1.0222642761681073,23.561629221040825,0.38602461019176193,11.914267233415341,0.22238670789150713,3.7450676739166786,0.07913438509721117
-0.03376006747802295,1.0222642761681073,23.148004236169978,0.3023760034520249,11.705228061793125,0.17385972304371494,3.678958200840887,0.06186124633610908
-0.03,1.0222642761681073,22.78804552549278,0.23698804750652447,11.523364109312931,0.13603850333181314,3.621345182705028,0.04839338431948965
0.03,1.0222642761681073,17.99104981240614,0.20055320681796907,9.09765211993952,0.11335592203657424,2.8519645836031353,0.03936938312016982
0.03376006747802295,1.0222642761681073,17.748301999487705,0.25051035322607984,8.974350586202595,0.14153459918051564,2.813190435922537,0.04906062287284033
0.0379914052040221,1.0222642761681073,17.48305178726881,0.3122127802205326,8.839525372685397,0.17632029272925925,2.770824405383222,0.06099395966601568
0.04275308010908995,1.0222642761681073,17.19452987068881,0.38807594678782636,8.692766709982239,0.21906426432000603,2.724725967531838,0.07562441657257035
0.04811156231253989,1.0222642761681073,16.882394143147593,0.4808293969211376,8.533890068970663,0.27128727204718034,2.6748076043176687,0.09346993822160601
0.0541416530048151,1.0222642761681073,16.546916642125883,0.5934472749470392,8.36304172303012,0.33463367927397136,2.6210583648500876,0.11510394633834446
0.06092752862714207,1.0222642761681073,16.189230633303936,0.7289892623420662,8.18084061203771,0.4107695768681692,2.5635782003374405,0.14113396206875012
0.06856391592404971,1.0222642761681073,15.81165878241762,0.8902959580964738,7.988567566372184,0.5011906519862012,2.50263118247193,0.17215407240642217
0.07715741427178036,1.0222642761681073,15.418152901168343,1.0794551423623036,7.788414684637466,0.606891386472724,2.4387314180530417,0.20864871769811777
0.0868279837415025,1.0222642761681073,15.014889619367915,1.2969193156307899,7.5838076431805925,0.7278335824740813,2.3727820982528685,0.2508089729848213
0.09771061966979347,1.0222642761681073,14.61108424984008,1.5401166870308576,7.379809961252973,0.8621489035972486,2.3062907742530627,0.29820366065973114
0.10995723711238882,1.0222642761681073,14.220102380010495,1.8013835909489262,7.183609079910289,1.0050380831427594,2.241670237595841,0.34924604302606743
0.12373879148704055,1.0222642761681073,13.860950608826268,2.065130755535323,7.005072008927169,1.147423281066801,2.1825833557539425,0.40046688804868763
0.13924766500838334,1.0222642761681073,13.56018378540428,2.3045054398126004,6.857358768070274,1.2746064403867292,2.134187158276982,0.4458334976424248
0.15670035222800524,1.0222642761681073,13.354136880402141,2.4786960888432406,6.757635857222738,1.365485009764692,2.1030241860431116,0.47674480911507705
0.17634048216824733,1.0222642761681073,13.291183183357507,2.5336234923641108,6.728103021055084,1.3931970428804963,2.0964129765536073,0.48347853742401453
0.19844221923690444,1.0222642761681073,13.433647004636255,2.410472732779732,6.7978451682788545,1.3283449305078983,2.12189901502331,0.45786036881769254
0.22331409039755062,1.0222642761681073,13.85967589730322,2.06610899440764,7.00618353585608,1.1464990182930688,2.1886407860917116,0.3950086579910699
0.2513032920204875,1.0222642761681073,14.667578031512916,1.504501529758008,7.407469145837632,0.8431045972140022,2.3125482527381025,0.2935264029118351
0.2828005365353655,1.0222642761681073,15.987784706376104,0.8126582909771013,8.075129256311042,0.45916925856512336,2.52153409899909,0.16214633492055602
0.3182455065418344,1.0222642761681073,18.003942021615995,0.19806995949960654,9.102118147919215,0.11239903404471258,2.850024093574393,0.03982697661474133
0.35813299251433084,1.0222642761681073,20.966497908390448,0.02361934763085774,10.603417491299684,0.013453630781580182,3.32813313089273,0.004705941299965446
0.40301979977966995,1.0222642761681073,25.175505701293698,0.791668264103781,12.737396929593345,0.46193921485681333,4.0055305915010555,0.1647950511333282
0.4535325211846986,1.0222642761681073,30.993301668208755,3.0356649969555107,15.726529092956788,1.8389796961084866,4.97013925515118,0.6785443496154838
0.5103762839557767,1.0222642761681073,39.008605254524014,7.245967837688132,19.804444202123225,4.526859527703505,6.256214159904374,1.692194036496603
0.5743445928509872,1.0222642761681073,50.00601998872019,13.679690910146075,25.25089897054626,8.81559508597839,7.995020317335899,3.4124127744117354
0.6463304070095649,1.0222642761681073,64.44619967726338,21.780422899983957,32.68790777540218,15.047453733988,10.421517120441303,6.168884962404999
0.7273386051246984,1.0222642761681073,83.70807401793961,30.80459582383835,42.58117975064964,23.026128802932313,13.465734071466684,9.88838742902463
0.8185000129460304,1.0222642761681073,110.16304578540817,39.75311925766531,55.641403836788655,32.12936823936711,17.909364979859905,15.436331099648452
0.9210871889273549,1.0222642761681073,143.2692428070263,46.927389209119376,73.31970643492994,41.43511652352324,23.180642389438294,21.844361323034875
1.0365321883776653,1.0222642761681073,189.8770240698413,52.86372685125644,95.46353220178429,49.02375241332031,30.92653702147463,30.509765902537993
1.166446554092426,1.0222642761681073,246.56539526445644,56.96367217781235,126.92263071071658,55.118409843438506,40.50473143484406,39.64915336488553
1.3126438125222553,1.0222642761681073,328.64051801473084,60.280891657724474,165.86249269753603,59.10189453432573,53.20418468153482,48.89638110284723
1.4771647895120215,1.0222642761681073,426.5578987927413,62.495613439460584,217.41326573503133,61.913875216188,70.75829675641027,56.82604766192223
1.6623060990028473,1.0222642761681073,564.2171594427037,64.26108433546655,290.0357825537996,64.0070947715676,92.82689159875166,61.5900640764726
1.8706522023821734,1.0222642761681073,748.8131418431403,65.5794889617018,375.3081687895146,65.34680005358564,121.13270054332084,64.23912687391203
2.1051114860111477,1.0222642761681073,972.5218406022105,66.49056513465428,495.1477132707506,66.40121894515133,159.25273813583476,65.86330910480673
2.368956860549917,1.0222642761681073,1282.1068369709444,67.21732172494262,652.690774554924,67.17059853508204,210.32168106792693,66.91439984891055
2.6658714488230206,1.0222642761681073,1695.4933417994343,67.76813389575332,855.5239072226902,67.72901224814439,282.85029771950735,67.6564752098043
3.0,1.0222642761681073,2213.4234302826567,68.16471580007192,1126.934450146358,68.1533074005952,374.73414322937464,68.1399834074702
-3.0,1.0721308262250884,4712.091816931435,68.84684010252559,2388.36077262426,68.84379502556376,753.2176965415557,68.8267365359834
-2.6658714488230206,1.0721308262250884,3721.2689360268128,68.68667046885719,1889.2454856903428,68.68258228348824,594.7420890335928,68.65216043817912
-2.368956860549917,1.0721308262250884,2958.9366879202844,68.4898174931727,1500.514926520238,68.4812344613394,472.52749550092,68.43123668565386
-2.1051114860111477,1.0721308262250884,2360.6017243853344,68.24533267285315,1195.3366566180314,68.22906940875086,376.8495651193493,68.14804833903504
-1.8706522023821734,1.0721308262250884,1882.7607093681188,67.93703328731088,952.7900201879429,67.90975044331773,300.6324360289808,67.7762334113378
-1.6623060990028473,1.0721308262250884,1507.042470871963,67.55511191588977,762.8891459648672,67.51230468139853,239.90364304396437,67.28100021886132
-1.4771647895120215,1.0721308262250884,1208.3732531034843,67.07868167983128,611.8168065587992,67.01097410502669,192.2639645484381,66.62196373093609
-1.3126438125222553,1.0721308262250884,971.3138601674515,66.48679973669644,491.6318340947601,66.37806619782015,154.38793716576785,65.7152242548754
-1.166446554092426,1.0721308262250884,782.4475447100648,65.75074275881326,395.9463502272504,65.57749720814273,124.3343538564461,64.43066786171933
-1.0365321883776653,1.0721308262250884,631.2682912058716,64.83237890770164,319.38631900815636,64.55692930022295,100.25090600643445,62.51148317088893
-0.9210871889273549,1.0721308262250884,509.7010330577034,63.680887901099496,257.87554418198164,63.24316548662434,80.89979521235274,59.50905432687509
-0.8185000129460304,1.0721308262250884,411.1886170035263,62.22125952648157,207.98002512205628,61.51841905501305,65.2572779036391,54.8622283197227
-0.7273386051246984,1.0721308262250884,330.79274229700917,60.344521852070635,167.36506500615215,59.21271906386204,52.43485540563328,48.427231628828466
-0.6463304070095649,1.0721308262250884,264.73236498983107,57.88672583158875,133.85176135736188,56.02805159382274,41.973826047670094,40.88607710966633
-0.5743445928509872,1.0721308262250884,210.5149250750342,54.62687465183891,106.46954191156362,51.61604857991763,33.37525198332688,33.02074179020316
-0.5103762839557767,1.0721308262250884,167.03919894827135,50.37841981217373,84.43920840037606,45.71465458565221,26.48355682872082,25.665755498524206
-0.4535325211846986,1.0721308262250884,133.39723546891184,45.136174526185165,67.41743097031713,38.69862370445603,21.157902385373696,19.42380397114262
-0.40301979977966995,1.0721308262250884,108.31253354929348,39.237913213165925,54.73725984950754,31.56052921177689,17.181536273091684,14.530663687998189
-0.35813299251433084,1.0721308262250884,89.87837883601472,33.22283763979957,45.41176207773796,25.155481410099505,14.27161179655908,10.893130866825588
-0.3182455065418344,1.0721308262250884,76.19531867564946,27.554278685380503,38.5110460424234,19.831597276969482,12.113932892994665,8.216544496803248
-0.2828005365353655,1.0721308262250884,65.83181147165634,22.504194651984143,33.286943756573365,15.547991340899587,10.459780780212544,6.214360788811732
-0.2513032920204875,1.0721308262250884,57.81240255792394,18.171491658105165,29.230484217962623,12.141586971040141,9.183083659355782,4.725993883241155
-0.22331409039755062,1.0721308262250884,51.48720402299836,14.546586854537383,26.024527491310728,9.455941578762571,8.189880927786355,3.621817683096703
-0.19844221923690444,1.0721308262250884,46.42134925056475,11.567850688826717,23.460591499470464,7.355024433387595,7.396577098603463,2.787436030502774
-0.17634048216824733,1.0721308262250884,42.31545269532785,9.153132088578248,21.388383160193165,5.719183334990875,6.746192642355557,2.1450118288749507
-0.15670035222800524,1.0721308262250884,38.95518497050386,7.21564933254005,19.695551125134017,4.447231447314487,6.206599667948448,1.6480677644989967
-0.13924766500838334,1.0721308262250884,36.18207548333902,5.672820101858862,18.29850795237997,3.4579784762712857,5.758273138250715,1.2656625100367471
-0.12373879148704055,1.0721308262250884,33.8765091915505,4.451000650497498,17.135473398077398,2.688308399379714,5.38598513425031,0.9732313674532015
-0.10995723711238882,1.0721308262250884,31.946988846556724,3.4872890891088093,16.160429986542965,2.08956004689212,5.076228319171926,0.7501965703770661
-0.09771061966979347,1.0721308262250884,30.322755439531644,2.729443519877263,15.338413904075768,1.6240498921014215,4.817210942376095,0.5798799066376876
-0.0868279837415025,1.0721308262250884,28.948486791003454,2.1348462148479017,14.64222711469792,1.2623980846057028,4.599173890835528,0.4493648139662465
-0.07715741427178036,1.0721308262250884,27.780445735132712,1.6691361788447805,14.050273753884833,0.9816092803665077,4.414367376461698,0.34894069964890767
-0.06856391592404971,1.0721308262250884,26.783681737381542,1.3048361807878066,13.545146869113182,0.7636791363182869,4.256755720719957,0.2713878261674655
-0.06092752862714207,1.0721308262250884,25.929993694661217,1.0201103570194396,13.112674723879199,0.5945391012739243,4.121642034789341,0.2113276066706546
-0.0541416530048151,1.0721308262250884,25.19643437342465,0.7976928199728287,12.741242889362544,0.46322784237415504,4.0053308646009675,0.1647192366292713
-0.04811156231253989,1.0721308262250884,24.564197282574384,0.6239872234316877,12.421287568724386,0.36122901544760844,3.9048675934468298,0.12849730105980997
-0.04275308010908995,1.0721308262250884,24.017774639107014,0.48832243368393,12.144902817945129,0.2819407152049488,3.81785121231392,0.1003170075413307
-0.0379914052040221,1.0721308262250884,23.544310144885774,0.38234497937629314,11.905529389616902,0.22025280911486605,3.7423033177578104,0.07837406124579774
-0.03376006747802295,1.0721308262250884,23.133094462254565,0.29952838180374775,11.697705517012283,0.17221298272189162,3.67657606217489,0.06127474041682638
-0.03,1.0721308262250884,22.775167365408656,0.2347804690188746,11.516866321002267,0.1347649770117294,3.619285924130485,0.04794000215271204
0.03,1.0721308262250884,17.998855653783426,0.1990476515852347,9.101611614861644,0.11250734169658438,2.8532188739450004,0.03907512671412579
0.03376006747802295,1.0721308262250884,17.75677661607519,0.24866276432949794,8.978652277298853,0.14049373786833985,2.8145523557307386,0.04870051129763335
0.0379914052040221,1.0721308262250884,17.492202651829967,0.30995755090833044,8.844174085369636,0.1750503466660974,2.7722953317035897,0.06055565126449582
0.04275308010908995,1.0721308262250884,17.20434730373473,0.38534101168031315,8.697758755172538,0.21752480191143597,2.72630466132787,0.07509439468516481
0.04811156231253989,1.0721308262250884,16.89284509919385,0.47753923278066246,8.539210044671755,0.26943592010779144,2.6764892926761212,0.09283403044718141
0.0541416530048151,1.0721308262250884,16.55793683798132,0.5895286676720127,8.368658406010766,0.33242938687227697,2.6228335807448007,0.11434830417734536
0.06092752862714207,1.0721308262250884,16.200714593590163,0.7243813295668311,8.186701688783044,0.4081783245602196,2.565431297189647,0.1402467585196179
0.06856391592404971,1.0721308262250884,15.823447234633848,0.8849665222173768,7.994592882577513,0.4981948243451825,2.5045383893096926,0.1711283153486682
0.07715741427178036,1.0721308262250884,15.430016738147291,1.073426266823242,7.794487612542291,0.6035044082498172,2.4406582200601346,0.20748678958309377
0.0868279837415025,1.0721308262250884,15.02650932953904,1.2903054839697448,7.589764087548333,0.7241216772274003,2.3746796213235646,0.24952978537006815
0.09771061966979347,1.0721308262250884,14.622023273074706,1.5331792126197334,7.3854244679205925,0.8582615760003329,2.3080907625655143,0.29685352246833596
0.10995723711238882,1.0721308262250884,14.229772307043287,1.7946031013287074,7.188577490462992,1.0012473500040433,2.243278255947068,0.34791400216715623
0.12373879148704055,1.0721308262250884,13.868565661746427,2.0592931396340264,7.008990078317143,1.1441674525543868,2.1838702195194037,0.39930328947595245
0.13924766500838334,1.0721308262250884,13.564701958183422,2.300780256239762,6.859695909339476,1.272525791514889,2.134979406731264,0.4450652601108664
0.15670035222800524,1.0721308262250884,13.354185930732433,2.4786536072105108,6.757702150631106,1.365423218278852,2.103095127947354,0.47667288977931505
0.17634048216824733,1.0721308262250884,13.28497106109629,2.539087566506123,6.725005039561232,1.396125460739993,2.0954743293066223,0.4844396339711008
0.19844221923690444,1.0721308262250884,13.418855133377749,2.423068369088945,6.790422106195901,1.3351504922312691,2.119586233009361,0.4601474426661293
0.22331409039755062,1.0721308262250884,13.833321746343415,2.0864018692316137,6.992913389086077,1.157565011051563,2.1844755269918004,0.39875671583233785
0.2513032920204875,1.0721308262250884,14.625802631673082,1.5307869741667035,7.386344630681748,0.8576255298541677,2.3058720858127675,0.2985182571676977
0.2828005365353655,1.0721308262250884,15.925493242798469,0.8396324697247923,8.043526524146952,0.47425838889418376,2.5114679604937087,0.1674317316472621
0.3182455065418344,1.0721308262250884,17.91430115943247,0.21568835091877397,9.056669181254065,0.12234360700035767,2.835531066099198,0.043335478963330815
0.35813299251433084,1.0721308262250884,20.840556421938434,0.01683292837770046,10.539754175490794,0.00958008763346879,3.30797404035544,0.0033472910636953065
0.40301979977966995,1.0721308262250884,25.00218134823761,0.7424847297101275,12.649532007210636,0.4329077471192575,3.9776573757750073,0.15435863501873925
0.4535325211846986,1.0721308262250884,30.758531821661627,2.9273361171503933,15.606331365916773,1.7714562060689791,4.93156065301694,0.6531285914508675
0.5103762839557767,1.0721308262250884,38.691682499270705,7.066384787230612,19.6423995582485,4.408486071800413,6.204610249789724,1.6463054897021248
0.5743445928509872,1.0721308262250884,49.57867106045791,13.428740405130124,25.035433268132188,8.63809858368177,7.926273394009661,3.3391849114716554
0.6463304070095649,1.0721308262250884,63.88031636348282,21.481701050039593,32.39994283389151,14.806379634615409,10.328679598034174,6.058742975104363
0.7273386051246984,1.0721308262250884,82.96034630274514,30.496399665851424,42.19889762984097,22.732479283069118,13.344618758732503,9.73778110337262
0.8185000129460304,1.0721308262250884,109.16379601172414,39.476727988797315,55.136970528417486,31.813157749949777,17.745078776001268,15.23219174900044
0.9210871889273549,1.0721308262250884,141.9686674527173,46.70527088921485,72.64959295752486,41.14179927028451,22.968914203261907,21.59364273512657
1.0365321883776653,1.0721308262250884,188.14192903148822,52.69692870927278,94.5935188344918,48.791136725117816,30.641876076134523,30.210356480655413
1.166446554092426,1.0721308262250884,244.3244447878201,56.83968494234397,125.76075067893855,54.95436510854221,40.13325766923936,39.32936808284481
1.3126438125222553,1.0721308262250884,325.64318688553755,60.190791532351945,164.35126881957925,58.98803579336179,52.71816589025024,48.60131568698582
1.4771647895120215,1.0721308262250884,422.696047081559,62.428647195287304,215.4409051343657,61.83446214140709,70.11235631071882,56.61645830301069
1.6623060990028473,1.0721308262250884,559.1171128329729,64.21179552566777,287.40306817368537,63.95168293463327,91.98455651496184,61.47043413073748
1.8706522023821734,1.0721308262250884,742.0538950047828,65.54314113537876,371.9324752705621,65.30642345111528,120.0418607448417,64.17046094690035
2.1051114860111477,1.0721308262250884,963.8119554912512,66.4631990187648,490.7107769942192,66.37194253050302,157.82672925113607,65.82114521131639
2.368956860549917,1.0721308262250884,1270.6712379964026,67.19689363986248,646.8677364329742,67.14914896996666,208.4470401235666,66.88690837147605
2.6658714488230206,1.0721308262250884,1680.4241799921015,67.75288271946792,847.9364464946268,67.7131069264366,280.33093247469105,67.63809769486434
3.0,1.0721308262250884,2193.883726702329,68.15319058045432,1116.988172435324,68.14149717980517,371.4110255473234,68.12710913143435
-3.0,1.121997376282069,4651.027675878809,68.83895256977102,2357.41757022074,68.8358106047458,743.4627882575734,68.81824439226615
-2.6658714488230206,1.121997376282069,3673.108577521664,68.676668357981,1864.7947417078235,68.67243162995155,587.0489872051345,68.64113722160982
-2.368956860549917,1.121997376282069,2920.6091599440765,68.47718447143025,1481.0830810691593,68.46833913680832,466.4099497397235,68.41688984148732
-2.1051114860111477,1.121997376282069,2329.917602429021,68.22937457388349,1179.8090192680957,68.21266166700498,371.9541067796337,68.12923049373377
-1.8706522023821734,1.121997376282069,1858.1291824109346,67.91678751489343,940.3365345967262,67.88876454471536,296.7008357414429,67.75116192732008
-1.6623060990028473,1.121997376282069,1487.0778471482906,67.52932995270872,752.7929147803702,67.48533092382121,236.729222963465,67.246855463936
-1.4771647895120215,1.121997376282069,1192.0280169403393,67.04557883134444,603.5504740098386,66.9759284261201,189.66680487350456,66.57420579317558
-1.3126438125222553,1.121997376282069,957.7256265874902,66.44377326598988,484.76380586113885,66.33180773645367,152.23196578101675,65.64556811713524
-1.166446554092426,1.121997376282069,770.9139822391078,65.69375264145773,390.1192442367637,65.51503270221613,122.50498165209721,64.32299784812062
-1.0365321883776653,1.121997376282069,621.2080123852238,64.75481399995658,314.3047098068118,64.46981906166535,98.65643013615704,62.331782577229845
-0.9210871889273549,1.121997376282069,500.62397954575925,63.571465662746036,253.28878228185965,63.11643439828974,79.46200924254266,59.18992932615711
-0.8185000129460304,1.121997376282069,402.70456322745594,62.06037083691156,203.6924282127373,61.32474057919958,63.91248294571761,54.31632710345198
-0.7273386051246984,1.121997376282069,322.6506655544741,60.09906642299816,163.24108479195186,58.90281719868507,51.14781485076957,47.61690754289185
-0.6463304070095649,1.121997376282069,256.93150046189714,57.50735927869052,129.90495987779192,55.52384714634159,40.73880807995008,39.849204824528236
-0.5743445928509872,1.121997376282069,203.406802400162,54.062135035584454,102.86282821584656,50.83307640809324,32.25028859743418,31.881662833856836
-0.5103762839557767,1.121997376282069,161.1466780179262,49.61885932752179,81.44919722582337,44.666671053961316,25.551198017311705,24.604877982338984
-0.4535325211846986,1.121997376282069,129.0149496573885,44.25695718150955,65.19965902558718,37.577841958551325,20.468727788372416,18.587057797515993
-0.40301979977966995,1.121997376282069,105.29223372947263,38.3650024010646,53.207568393179,30.57686748427817,16.704032060497504,13.934927814947756
-0.35813299251433084,1.121997376282069,87.84976131285337,32.45203834697931,44.385572589192286,24.392865072889975,13.95239325501887,10.494667049328719
-0.3182455065418344,1.121997376282069,74.82073409363619,26.922200536055687,37.81811414456469,19.273838915205154,11.89841225051203,7.95235588831856
-0.2828005365353655,1.121997376282069,64.87751005373799,22.006892323898136,32.806504294038334,15.146655853619807,10.309731104142465,6.036296960113589
-0.2513032920204875,1.121997376282069,57.13024253801184,17.78807299301871,28.886725672848748,11.852267041572707,9.075633972053335,4.603911591853519
-0.22331409039755062,1.121997376282069,50.98537898869848,14.253437685092099,25.771402832291916,9.245938840686733,8.110867222313786,3.5365848584925197
-0.19844221923690444,1.121997376282069,46.04262747639571,11.344323233354883,23.269561614830305,7.201396963947017,7.33693619114632,2.7268048678613117
-0.17634048216824733,1.121997376282069,42.023362459846524,8.982741783446011,21.24112854942799,5.605899615568283,6.700132862397987,2.101206845122566
-0.15670035222800524,1.121997376282069,38.72578009867239,7.085672649692517,19.579945927787882,4.36306331131793,6.170371310199624,1.6160622928801724
-0.13924766500838334,1.121997376282069,35.9991379193795,5.573557503621567,18.206321428548495,3.395024890168962,5.729357020119816,1.2420799343585167
-0.12373879148704055,1.121997376282069,33.72873687272582,4.375091921129902,17.060985897394417,2.6409603826198165,5.362618161766637,0.9557280357178205
-0.10995723711238882,1.121997376282069,31.82630580590408,3.429157168377717,16.099571981225004,2.053788232808693,5.057138980726935,0.7371167543277264
-0.09771061966979347,1.121997376282069,30.223263281303076,2.6848616440345583,15.288222345427675,1.5969238073113594,4.801464600029043,0.5700439539840179
-0.0868279837415025,1.121997376282069,28.86579371947973,2.100607476458015,14.60049817784962,1.2417634370007569,4.586073936766552,0.4419267410500676
-0.07715741427178036,1.121997376282069,27.711225486460314,1.6428038652831476,14.01533740138595,0.9658689750334468,4.4033878343373685,0.34328897094822275
-0.06856391592404971,1.121997376282069,26.7253767729572,1.2845559782537899,13.515717246495047,0.7516416872429494,4.247494035588981,0.2670762097553935
-0.06092752862714207,1.121997376282069,25.880611190937554,1.0044691370744059,13.087748341843788,0.5853114208783292,4.113785817775169,0.20802733129264414
-0.0541416530048151,1.121997376282069,25.154403190785693,0.7856122553756899,12.720027551839138,0.45613802768922407,3.9986344398866964,0.16218592386518316
-0.04811156231253989,1.121997376282069,24.52826580496017,0.6146434399002356,12.403151601082367,0.35576999069751714,3.899135377740822,0.12654794334117672
-0.04275308010908995,1.121997376282069,23.986936536152935,0.48108518604049577,12.129338065238121,0.2777287217606267,3.812925813573459,0.0988137303254984
-0.0379914052040221,1.121997376282069,23.517749569136363,0.37673152707482227,11.892123793850448,0.21699664522132964,3.7380568874423887,0.07721249603796042
-0.03376006747802295,1.121997376282069,23.110145017115105,0.2951684682454874,11.686122506167624,0.16969111271442133,3.6729039056451405,0.06037557943084254
-0.03,1.121997376282069,22.75528099409795,0.23138970777150508,11.506829132427852,0.13280844170484743,3.6161016996938917,0.047242789877488624
0.03,1.121997376282069,18.011536220951314,0.19661512220800442,9.108040012970166,0.11113701770737697,2.855254237807582,0.03860017048012176
0.03376006747802295,1.121997376282069,17.770589617713032,0.24566754344454828,8.985658588887675,0.1388074758219961,2.816769434873993,0.048117379343330755
0.0379914052040221,1.121997376282069,17.507174966244904,0.30628734571962984,8.851773245521251,0.1729853521649154,2.7746986062516728,0.05984326922528288
0.04275308010908995,1.121997376282069,17.220480997850686,0.3808702794765668,8.705953335463233,0.21501093564938228,2.7288948126859083,0.07422929187236756
0.04811156231253989,1.121997376282069,16.910107647477428,0.4721330270622115,8.54798522042667,0.2663978955879664,2.679261745596277,0.09179101097753505
0.0541416530048151,1.121997376282069,16.576248562635797,0.5830507115398639,8.377975421704868,0.32879138520535495,2.625776631625275,0.11310182682928628
0.06092752862714207,1.121997376282069,16.219932578585798,0.7167087402076571,8.196489398681706,0.4038724298169939,2.568523686775201,0.13877344606930517
0.06856391592404971,1.121997376282069,15.843344725425611,0.8760146618463316,8.004736828521477,0.49317528185549037,2.5077460991497973,0.16941124945114283
0.07715741427178036,1.121997376282069,15.450256692977204,1.0631884885803886,7.804815968657053,0.59777039244489,2.4439301523842207,0.2055226039791548
0.0868279837415025,1.121997376282069,15.046610296821713,1.2789138427501543,7.6000296675171155,0.7177517981678863,2.377941670070667,0.24734004054612846
0.09771061966979347,1.121997376282069,14.641315107916233,1.520992742723837,7.395281879417084,0.851463159682267,2.3112376609276737,0.2945022272093159
0.10995723711238882,1.121997376282069,14.247338455289396,1.782327981754269,7.197554448307795,0.99442134397363,2.2461626562315486,0.34553269991074614
0.12373879148704055,1.121997376282069,13.883168051479332,2.0481293892820887,7.016451784763482,1.1379834895929952,2.186288989270543,0.39712209703161594
0.13924766500838334,1.121997376282069,13.574684427932933,2.2925640172439268,6.864800965442107,1.2679887479898104,2.13665823386761,0.44344016895606775
0.15670035222800524,1.121997376282069,13.357353137126072,2.475911579754551,6.7593469277793545,1.3638907292314033,2.1036733893632142,0.4760869275880092
0.17634048216824733,1.121997376282069,13.278441388610146,2.5448395019414445,6.721749786521852,1.399206944478824,2.094489771599127,0.4854490932176505
0.19844221923690444,1.121997376282069,13.398883719803615,2.440144302911243,6.780386532310415,1.3443877871787568,2.1164490367356,0.46326171593157034
0.22331409039755062,1.121997376282069,13.795071915029359,2.1160866972982966,6.973627438516319,1.1737706800084495,2.1784082486476897,0.4042570952373577
0.2513032920204875,1.121997376282069,14.563000561697736,1.5708471972711189,7.354554323080194,0.8797716162107324,2.2958089281221854,0.3061417936783445
0.2828005365353655,1.121997376282069,15.829864721800991,0.8820733261136722,7.994986235365693,0.4979996179347882,2.4959936408212053,0.1757521961874224
0.3182455065418344,1.121997376282069,17.77480154394609,0.24475821987835938,8.985930876343353,0.13874216786923546,2.8129667586765184,0.04911990493984286
0.35813299251433084,1.121997376282069,20.642775159621902,0.008443438736591357,10.439760486336393,0.0047970264162166334,3.276296748973492,0.0016712037753822816
0.40301979977966995,1.121997376282069,24.728245689765924,0.6673823210495126,12.510682782896815,0.3886507946617776,3.933602087357339,0.13846252579634447
0.4535325211846986,1.121997376282069,30.385757607002787,2.757791323812308,15.415686815634222,1.6661172197029983,4.870422100218022,0.6135713793357487
0.5103762839557767,1.121997376282069,38.1871556399815,6.781978736475807,19.384707259699287,4.221800269454288,6.122563660046404,1.574110344650406
0.5743445928509872,1.121997376282069,48.897785619625274,13.028287632264588,24.692052059029677,8.35609448593846,7.8167585302999605,3.2232629095845224
0.6463304070095649,1.121997376282069,62.97769401399114,21.00152908853356,31.940907563656047,14.42155493327431,10.180877700229773,5.883977802857654
0.7273386051246984,1.121997376282069,81.76733124121922,29.997736606190934,41.589601847561696,22.26158680649845,13.151500611169562,9.497911594083448
0.8185000129460304,1.121997376282069,107.57192513944464,39.027593377548854,54.33323253385181,31.303317330572973,17.48382871611888,14.907207067118861
0.9210871889273549,1.121997376282069,139.89620167539601,46.34297349881541,71.58348689544522,40.66618263492965,22.631775632614495,21.193091960403372
1.0365321883776653,1.121997376282069,185.3831827359945,52.42499335043942,93.2091200088303,48.41163444180892,30.18979485375054,29.731691738975275
1.166446554092426,1.121997376282069,240.76053429113756,56.637446066338455,123.91641657529547,54.68658897015241,39.54352992685677,38.81588238918401
1.3126438125222553,1.121997376282069,320.8889403685966,60.044219184516095,161.95323972001484,58.80224398235825,51.94708280459304,48.12389817949746
1.4771647895120215,1.121997376282069,416.5689646644046,62.31972317569601,212.31314487466844,61.70506492819399,69.08941905399831,56.27359176867901
1.6623060990028473,1.121997376282069,551.0380810348224,64.13177296697157,283.23750061504984,63.86166996851317,90.65101049285765,61.27378928872322
1.8706522023821734,1.121997376282069,731.3642497345676,65.48424253698752,366.58714100331315,65.24083642899751,118.31443672866779,64.05792093701749
2.1051114860111477,1.121997376282069,950.0308578575252,66.41884871180645,483.69102810029676,66.32445594559655,155.56916590435313,65.75230591932072
2.368956860549917,1.121997376282069,1252.5893198316844,67.16381709023716,637.6602418084311,67.11439430876979,205.48080334199935,66.84215858404517
2.6658714488230206,1.121997376282069,1656.6143498089154,67.72821150268882,835.9380582905009,67.68734422801231,276.3516267662992,67.60828531991956
3.0,1.121997376282069,2162.9945229090104,68.1345414654788,1101.2622241712338,68.12237684801813,366.16424217886623,68.10625555546427
-3.0,1.17186392633905,4568.426854411003,68.82794586395055,2315.5602304571057,68.82466598624416,730.2655818749802,68.8063766704493
-2.6658714488230206,1.17186392633905,3607.987473747486,68.66271626531886,1831.7344510480957,68.65826874274586,576.6453936294616,68.62573253859244
-2.368956860549917,1.17186392633905,2868.8194981859338,68.45957345354155,1454.8259082372842,68.45035580035966,458.14277062346105,68.39684262204564
-2.1051114860111477,1.17186392633905,2288.494066672568,68.20714513074304,1158.8452281699797,68.18979380445703,365.3445073666767,68.10293756758776
-1.8706522023821734,1.17186392633905,1824.9109421372762,67.88860691153357,923.5398138975091,67.85953354113056,291.3982404564101,67.71612517311598
-1.6623060990028473,1.17186392633905,1460.1903486365832,67.493475413167,739.1940680093368,67.4477862552703,232.4532051825941,67.19911165541902
-1.4771647895120215,1.17186392633905,1170.0519467445108,66.99958476555179,592.4347202646062,66.92717999844106,186.17411800198792,66.50735271486812
-1.3126438125222553,1.17186392633905,939.4947515700445,66.38404167883448,475.5471936562323,66.26749321928713,149.33845367637517,65.54784761474177
-1.166446554092426,1.17186392633905,755.4811569429799,65.61468926404581,382.3197983131657,65.42820037877276,120.0561705404913,64.17137349750851
-1.0365321883776653,1.17186392633905,607.7952802002119,64.64725773844529,307.52706751273763,64.34869470427006,96.52952789259793,62.0774473954029
-0.9210871889273549,1.17186392633905,488.5899507949693,63.41984595236911,247.20492749458808,62.94016153138926,77.55463385731304,58.738299554671045
-0.8185000129460304,1.17186392633905,391.5693644761814,61.83806016328141,198.0619193688698,61.05569925340073,62.14624574585497,53.55672167179466
-0.7273386051246984,1.17186392633905,312.16649048909625,59.76298985572014,157.9284037062369,58.475488172650614,49.48936701944828,46.52510253294018
-0.6463304070095649,1.17186392633905,247.21930159722962,56.99940148754563,124.98919235152998,54.84346299246888,39.20041606518759,38.513845964819254
-0.5743445928509872,1.17186392633905,194.97838622318787,53.33612071505056,98.58625347675176,49.822969328321726,30.91591585407124,30.498622185554275
-0.5103762839557767,1.17186392633905,154.5129238651348,48.69311094943069,78.08425973784801,43.39982941718532,24.501381953390634,23.393214984904063
-0.4535325211846986,1.17186392633905,124.25150271951946,43.23552921999496,62.78997873239992,36.300144245487004,19.71914707115376,17.670833591968815
-0.40301979977966995,1.17186392633905,102.03870811432733,37.378276583477856,51.5606338198349,29.488019671812538,16.18965806585483,13.29218579874481
-0.35813299251433084,1.17186392633905,85.6397106565328,31.58542896098623,43.26826606344589,23.550361243861985,13.604362720257129,10.060918548867969
-0.3182455065418344,1.17186392633905,73.29056727349145,26.204888031117218,37.04681540113184,18.648781557548713,11.658088055700324,7.658754366419792
-0.2828005365353655,1.17186392633905,63.78843523343381,21.433029051105315,32.258017511734494,14.68746587259415,10.138254550999232,5.833717286428477
-0.2513032920204875,1.17186392633905,56.3325183802712,17.337121525095423,28.484600120687098,11.514026415825992,8.949823601425953,4.461709570980403
-0.22331409039755062,1.17186392633905,50.385424825101616,13.90219967779727,25.46873818716073,8.995443187629489,8.016212173562094,3.4350556754567556
-0.19844221923690444,1.17186392633905,45.581062276900376,11.071968255103446,23.036714193020927,7.014824882258287,7.264042334033937,2.6531436194618543
-0.17634048216824733,1.17186392633905,41.66149570973072,8.772062928069914,21.058639210435203,5.466147550764104,6.6428948884315195,2.047111920668021
-0.15670035222800524,1.17186392633905,38.437602869214196,6.92292279981874,19.434643501191847,4.257823829483715,6.124736645079399,1.5760101106521942
-0.13924766500838334,1.17186392633905,35.76662436002727,5.447920238915666,18.08906857742875,3.315410669935399,5.692523106647547,1.2122431393926585
-0.12373879148704055,1.17186392633905,33.53905078286127,4.278129036327086,16.96529676727929,2.580507204028201,5.332570511229627,0.9333772167354563
-0.10995723711238882,1.17186392633905,31.67009112799314,3.3543206146047337,16.02073711864775,2.0077480886029004,5.032393016078092,0.7202820472044191
-0.09771061966979347,1.17186392633905,30.09356224083502,2.6270867672033957,15.222747219490845,1.561775030791294,4.780910217469271,0.5572980742099627
-0.0868279837415025,1.17186392633905,28.75734070615206,2.0559846319307193,14.54573875649752,1.2148729535457736,4.568871884632849,0.432231737247353
-0.07715741427178036,1.17186392633905,27.619973904861567,1.6083185690664108,13.9692594827445,0.9452566186734138,4.388896394138162,0.3358853819718746
-0.06856391592404971,1.17186392633905,26.64817470972641,1.2578856966391923,13.476733762223152,0.7358123565276944,4.235216343153526,0.2614038498781809
-0.06092752862714207,1.17186392633905,25.814974470569947,0.9838253467131173,13.054606471151159,0.5731331156870394,4.10333213250169,0.20366948587432931
-0.0541416530048151,1.17186392633905,25.098353509927158,0.7696180677371127,12.69172840020801,0.44675184775892446,3.9896952124087055,0.15883020960723945
-0.04811156231253989,1.17186392633905,24.480213212783624,0.6022389549338752,12.378891769799656,0.34852305195844774,3.891461963405292,0.1239586910817455
-0.04275308010908995,1.17186392633905,23.945592712715168,0.47145440251066895,12.108466353619761,0.2721238638987694,3.8063165179484835,0.09681225325056879
-0.0379914052040221,1.17186392633905,23.482062889272974,0.36924598539850734,11.874108627853364,0.21265460770008554,3.7323467157584873,0.07566278527598548
-0.03376006747802295,1.17186392633905,23.07925129424251,0.2893438606428468,11.670527131390589,0.1663220363658702,3.667956903104648,0.05917379365115329
-0.03,1.17186392633905,22.7284656904129,0.2268525175802653,11.493292523969101,0.1301903692411356,3.6118051309872987,0.04630944789558688
0.03,1.17186392633905,18.029084461641357,0.19327581212854036,9.1169336782014,0.10925621598704177,2.858069496093096,0.037948396902831465
0.03376006747802295,1.17186392633905,17.78973733676544,0.24154871398057773,8.995367579875472,0.1364891930516674,2.8198410266986738,0.04731582359470315
0.0379914052040221,1.17186392633905,17.527969912855067,0.30123034796276726,8.862323345989255,0.17014097775103623,2.7780343474590667,0.05886217782668647
0.04275308010908995,1.17186392633905,17.24293887895991,0.3746962035241719,8.717354334109922,0.2115406727192941,2.732497605984747,0.07303525030574513
0.04811156231253989,1.17186392633905,16.93419888872945,0.46464720043449415,8.56022410008031,0.26219336311626373,2.6831276001562188,0.090347731334656
0.0541416530048151,1.17186392633905,16.601881196729508,0.5740527799394471,8.391007468647715,0.3237414182275224,2.6298921022346065,0.11137187372926104
0.06092752862714207,1.17186392633905,16.246930198326325,0.7060116441490922,8.210226640768667,0.3978739924114666,2.5728625331729433,0.13672147648123642
0.06856391592404971,1.17186392633905,15.871418102881458,0.8634773106608732,8.019033051240486,0.486152250630624,2.5122648605265723,0.16700966977364679
0.07715741427178036,1.17186392633905,15.478967192455414,1.0487688015298982,7.8194473751953915,0.5897039561924095,2.448562174259806,0.20276104673743287
0.0868279837415025,1.17186392633905,15.075322549011938,1.2627507929690933,7.614670060559211,0.7087270667525973,2.382588923330278,0.24424072911951825
0.09771061966979347,1.17186392633905,14.669135538323408,1.5035270989308613,7.409471079120808,0.8417365093713609,2.3157595367499852,0.2911438710909262
0.10995723711238882,1.17186392633905,14.273035236378183,1.7644688911390665,7.210658538478134,0.9845103871845702,2.250361015736993,0.3420850680306055
0.12373879148704055,1.17186392633905,13.90506715455147,2.0314616222778707,7.027613606686802,1.12877344063041,2.1898894269034597,0.3938895117531786
0.13924766500838334,1.17186392633905,13.590536285571648,2.279556978917703,6.872878658417607,1.2608315097566343,2.139288917597107,0.440901478363757
0.15670035222800524,1.17186392633905,13.3641656381503,2.470020518273996,6.762836303829184,1.3606433428871665,2.1048438743872286,0.4749023070760363
0.17634048216824733,1.17186392633905,13.272276718984763,2.550277959476975,6.7186816507580485,1.4021154333953632,2.093568959826994,0.4863944502069607
0.19844221923690444,1.17186392633905,13.374613051353515,2.461004475668056,6.768183082664026,1.3556773013708827,2.112628553158049,0.46707291643651866
0.22331409039755062,1.17186392633905,13.746058644926967,2.1545291577635735,6.948899472269033,1.1947637980363188,2.1706209713860605,0.4113880891988368
0.2513032920204875,1.17186392633905,14.480627191060972,1.6243928753774848,7.312839045278645,0.9093717008503971,2.2825950012702694,0.3163349821810801
0.2828005365353655,1.17186392633905,15.702773807470447,0.940436374460147,7.930464845015975,0.5306307879781063,2.475418306115009,0.18718685441413485
0.3182455065418344,1.17186392633905,17.58786731360301,0.2869264589756121,8.891136652471433,0.16250553104323495,2.7827269199728395,0.0574971234518514
0.35813299251433084,1.17186392633905,20.37629499191047,0.001631603942882163,10.305027045227474,0.0009222012964175905,3.233606818387041,0.00031760659017161905
0.40301979977966995,1.17186392633905,24.357756962305842,0.5711039968485851,12.322909749502612,0.33204355561614174,3.874020263793155,0.11816003250588136
0.4535325211846986,1.17186392633905,29.88020997737967,2.5329105193681434,15.15727750548208,1.5269007678065414,4.787586301879583,0.5614262959630204
0.5103762839557767,1.17186392633905,37.50181414314326,6.398824269641057,19.034841017107144,3.9715489797752026,6.011182047539678,1.4776527884403952
0.5743445928509872,1.17186392633905,47.97222756170018,12.482970778912772,24.225227396328627,7.974585071899138,7.667903398820519,3.06719467251127
0.6463304070095649,1.17186392633905,61.749763878617586,20.341168970120272,31.3166175657439,13.897301431431014,9.979984587165463,5.647652256289824
0.7273386051246984,1.17186392633905,80.14379695055173,29.305331360489035,40.760833670992774,21.61556252100965,12.888769384138074,9.172176799345927
0.8185000129460304,1.17186392633905,105.40674608978904,38.398841245840416,53.23994006349966,30.59796045372437,17.12877902788136,14.464897083844678
0.9210871889273549,1.17186392633905,137.07656137731524,45.83294831033949,70.13408452321916,40.00159303850096,22.17323885791367,20.645754796515114
1.0365321883776653,1.17186392633905,181.63312855752838,52.04149463418864,91.32656594901923,47.87648405008343,29.575576904989084,29.075192489007833
1.166446554092426,1.17186392633905,235.91485545733377,56.35204822050764,121.4108929213624,54.30761800604602,38.74233374056586,38.106845697052876
1.3126438125222553,1.17186392633905,314.4318586740297,59.83762005119483,158.69566602384614,58.53927955357837,50.89967843050467,47.456982973087406
1.4771647895120215,1.17186392633905,408.2454645379823,62.16624311697551,208.06505898037918,61.52216762591526,67.70091060504241,55.78595403232723
1.6623060990028473,1.17186392633905,540.0695433169443,64.01913883736194,277.58511048975146,63.734717837194395,88.8409575225687,60.991752735030445
1.8706522023821734,1.17186392633905,716.8610063279003,65.40143211361621,359.33058415591415,65.14840249705054,115.96925217109091,63.89718927272973
2.1051114860111477,1.17186392633905,931.3275187134717,66.35650482902646,474.16427151698616,66.2576131105091,152.5043687907509,65.65451365894837
2.368956860549917,1.17186392633905,1228.0544328738067,67.11734848205622,625.1666511089084,67.06551793762027,201.45458046917972,66.77883348277112
2.6658714488230206,1.17186392633905,1624.315874830641,67.69357129318874,819.6557025916343,67.65113167462096,270.9543354671239,67.56623459729747
3.0,1.17186392633905,2121.0800490647466,68.10835739294103,1079.921537941357,68.09551416692739,359.0486353994584,68.07689375868812
-3.0,1.221730476396031,4464.987270494566,68.81358489464095,2263.142966792217,68.81012068156157,713.7376963749409,68.7908635475172
-2.6658714488230206,1.221730476396031,3526.427128077879,68.64451021409101,1790.3296803820685,68.63978094033578,563.6146890547444,68.60558311444407
-2.368956860549917,1.221730476396031,2803.94982159519,68.43658883760095,1421.9375130224719,68.42687392686307,447.78699864933594,68.37059778534842
-2.1051114860111477,1.221730476396031,2236.599337599573,68.17812187023871,1132.5815031570007,68.15991792082039,357.0636140453771,68.0684709631619
-1.8706522023821734,1.221730476396031,1783.2788059139132,67.85178581955762,902.487719988617,67.82130845148664,284.7521883540741,67.6701018548884
-1.6623060990028473,1.221730476396031,1426.469951496554,67.44656638418823,722.1383990791069,67.3986136254374,227.08991683606388,67.13619609075404
-1.4771647895120215,1.221730476396031,1142.460258038276,66.93927976306674,578.4772926493501,66.86317397622841,181.78826561301042,66.41882345648911
-1.3126438125222553,1.221730476396031,916.5658237865392,66.30545672332764,463.95378121416866,66.18271993689557,145.69847951773426,65.41746545119878
-1.166446554092426,1.221730476396031,736.0253532916706,65.51014162692377,372.4849280169116,65.31308563883039,116.96800693351071,63.96680216539701
-1.0365321883776653,1.221730476396031,590.843358699928,64.50406533515718,298.958045874369,64.18686464917272,93.8401679812006,61.72949678904281
-0.9210871889273549,1.221730476396031,473.3673240596272,63.2164954563518,239.50548427475516,62.70255880696938,75.14044037608001,58.11643500239318
-0.8185000129460304,1.221730476396031,377.55498986574173,61.53860447169613,190.9717122556894,60.69075136801496,59.92185451035116,52.52808420942742
-0.7273386051246984,1.221730476396031,299.2055538075638,59.31291922359918,151.3576381756841,57.897919124564204,47.437914672841174,45.09918053703598
-0.6463304070095649,1.221730476396031,235.64411783379856,56.33573464427191,119.12858825171718,53.94628037525236,37.366196205312555,36.85836303527963
-0.5743445928509872,1.221730476396031,185.43506665338006,52.43018572343522,93.74426707306937,48.55971533583668,29.40466120616575,28.891258727734325
-0.5103762839557767,1.221730476396031,147.35159524210204,47.599487643017824,74.45342259185543,41.92161032310142,23.36803297853225,22.065715174118033
-0.4535325211846986,1.221730476396031,119.2397698664562,42.08035491864972,60.25589491674606,34.88751253783346,18.930105609679014,16.700152534491195
-0.40301979977966995,1.221730476396031,98.6194966028855,36.28676709621257,49.83076402787717,28.311321670310683,15.64912475416531,12.616042991666605
-0.35813299251433084,1.221730476396031,83.28348794387766,30.63000039968456,42.077689555574,22.639082525507963,13.233064381324374,9.59917819251249
-0.3182455065418344,1.221730476396031,71.62528510860201,25.407875708594297,36.2074426995525,17.963823082859157,11.39615473505785,7.340067121868088
-0.2828005365353655,1.221730476396031,62.577562935582186,20.787238644540736,31.64799727488633,14.17569487030265,9.947381657094558,5.609437143118863
-0.2513032920204875,1.221730476396031,55.42794244600974,16.822562622858193,28.02848904374484,11.130767348956498,8.807019280881944,4.301310570953175
-0.22331409039755062,1.221730476396031,49.69341589427739,13.496153335959212,25.11959388708491,8.707380524703677,7.906867486261778,3.31857752018127
-0.19844221923690444,1.221730476396031,45.041004346823996,10.753475942146515,22.764241794942137,6.797509616942331,7.178576086611745,2.5674143242886354
-0.17634048216824733,1.221730476396031,41.23303416462296,8.523264810536107,20.842517323704605,5.301585648065954,6.57497660103063,1.9834239441804598
-0.15670035222800524,1.221730476396031,38.09302022517652,6.729126204951818,19.260834617137327,4.132764368561811,6.070066734682015,1.528421149009469
-0.13924766500838334,1.221730476396031,35.486321522657995,5.297268970225348,17.947647800313085,3.2200817119656024,5.648052073815319,1.1765278699754917
-0.12373879148704055,1.221730476396031,33.30881701324425,4.1611768563398055,16.849092910776484,2.5076651378704846,5.296057126923243,0.9064573200388455
-0.10995723711238882,1.221730476396031,31.479401236521056,3.263608586550988,15.92445679140565,1.9519828529814236,5.002156836326624,0.6998997855624941
-0.09771061966979347,1.221730476396031,29.934477622215887,2.5567621951599295,15.14240388544984,1.5190161152343222,4.75567792177627,0.5417974187858109
-0.0868279837415025,1.221730476396031,28.623778433102657,2.0014755349466054,14.478276503837447,1.182040319015331,4.547670427948901,0.4203964208554973
-0.07715741427178036,1.221730476396031,27.50720827751342,1.566064927873276,13.912300601417577,0.9200110091187478,4.370974786281758,0.32681793607487425
-0.06856391592404971,1.221730476396031,26.552489920744854,1.2251221983411242,13.428405248963061,0.716373165793558,4.2199881944634345,0.2544373863742562
-0.06092752862714207,1.221730476396031,25.733417797237774,0.9584079912930642,13.013417616811333,0.5581431237879785,4.090333926887713,0.1983046851778957
-0.0541416530048151,1.221730476396031,25.028556730447868,0.7498869075010657,12.656482275569683,0.43517551581147584,3.9785562295880763,0.1546906397355251
-0.04811156231253989,1.221730476396031,24.420261208685474,0.5869100755692258,12.348619874124749,0.3395695275772276,3.881882560686501,0.12075897005305991
-0.04275308010908995,1.221730476396031,23.893925315110046,0.45953532305634365,12.08237954481988,0.2651885219037495,3.7980522884628716,0.09433509031790394
-0.0379914052040221,1.221730476396031,23.437400566289785,0.3599696745490115,11.851559780203157,0.20727462770239302,3.7251967539676256,0.07374219137525385
-0.03376006747802295,1.221730476396031,23.04053822221782,0.2821174579452849,11.650982408417272,0.16214264833476894,3.661754961258851,0.057682645935562195
-0.03,1.221730476396031,22.694825691860835,0.22121760258148476,11.476309078594262,0.12693920962361846,3.6064128424655553,0.04515018626330654
0.03,1.221730476396031,18.05148888870732,0.18905784154177407,9.12828672350479,0.10688062189758815,2.861662755121442,0.03712520939059776
0.03376006747802295,1.221730476396031,17.814212538872614,0.2363398773153042,9.007775495582893,0.13355759913608778,2.823765908202479,0.04630226903811024
0.0379914052040221,1.221730476396031,17.5545864579082,0.29482619285963924,8.875823747581077,0.16653925048726018,2.782302312571931,0.05761991533484915
0.04275308010908995,1.221730476396031,17.27172864745534,0.36686474157756593,8.731965507987697,0.20713950042392473,2.737114181612238,0.0715209603200588
0.04811156231253989,1.221730476396031,16.96513853061563,0.45513380398837056,8.575936493557222,0.2568511213361117,2.6880899009312427,0.0885139731371635
0.0541416530048151,1.221730476396031,16.634870660500205,0.5625918719185427,8.407772542120492,0.31731093456763276,2.6351856120073482,0.10916908510809674
0.06092752862714207,1.221730476396031,16.281764964817196,0.692349320643113,8.227942327341802,0.3902156020114694,2.578456891187214,0.13410183437722584
0.06856391592404971,1.221730476396031,15.907753328650406,0.8474109445818474,8.03752486661815,0.4771566129298413,2.5181082657456986,0.16393394685119622
0.07715741427178036,1.221730476396031,15.51627137097984,1.030212114101367,7.838443988183169,0.5793293952548485,2.454573826174067,0.1992102370193268
0.0868279837415025,1.221730476396031,15.112817474900561,1.2418355422565317,7.633771893852022,0.6970573733093954,2.3886486749223863,0.2402350807241179
0.09771061966979347,1.221730476396031,14.705718280184692,1.4807542485204952,7.4281102969976125,0.8290652851903102,2.321693744379432,0.28677275413155
0.10995723711238882,1.221730476396031,14.307176568390675,1.7409196418069117,7.228048610335992,0.9714551128201476,2.2559236865168573,0.3375506412137882
0.12373879148704055,1.221730476396031,13.934679802164355,2.0090644855418516,7.042686402243247,1.1164129274875094,2.1947385901296883,0.389562554774222
0.13924766500838334,1.221730476396031,13.612806118238494,2.261366662275327,6.884206253898813,1.2508393623068859,2.142959845513677,0.43737477535567515
0.15670035222800524,1.221730476396031,13.375340347249697,2.460377647754779,6.768532229684879,1.355353434504793,2.1067220132926554,0.4730055435462209
0.17634048216824733,1.221730476396031,13.267408556215328,2.5545781720668113,6.716270671644512,1.4044037773745344,2.092861491205399,0.48712160248377057
0.19844221923690444,1.221730476396031,13.347247764926445,2.4846674884239115,6.754420214667644,1.3684845053474464,2.10831784215699,0.4713978117621985
0.22331409039755062,1.221730476396031,13.687834442942693,2.200790992066526,6.919516041938514,1.2200251061640073,2.1613631342249766,0.41997078799236565
0.2513032920204875,1.221730476396031,14.380680460145886,1.6909072171656698,7.262215176694961,0.9461262817864244,2.2665542015162803,0.32899088307178465
0.2828005365353655,1.221730476396031,15.546794756592364,1.0151783551025957,7.851274711195474,0.5723848623022771,2.450163006343095,0.201811843277001
0.3182455065418344,1.221730476396031,17.356825107764184,0.3442607550449532,8.773978162614975,0.19477205912198522,2.7453538425375514,0.0688620170153992
0.35813299251433084,1.221730476396031,20.045420610089263,0.0005929372220965013,10.137733387633203,0.0003410715583193395,3.180596787333289,0.00012340973642377236
0.40301979977966995,1.221730476396031,23.896269023488813,0.4600731769820837,12.089031872604524,0.26694968056423163,3.7998085228994025,0.0948591386285017
0.4535325211846986,1.221730476396031,29.249036685703903,2.2608227500463385,14.834765414867206,1.3591807266174725,4.684230382885978,0.4987950352638252
0.5103762839557767,1.221730476396031,36.644917180251916,5.925517252854426,18.597535350240456,3.664294345234765,5.871974896020042,1.3597199135796287
0.5743445928509872,1.221730476396031,46.8140594674221,11.799646958438185,23.641045791952447,7.500591563802052,7.48165090339839,2.874472524316962
0.6463304070095649,1.221730476396031,60.21206033412941,19.5030020344578,30.534974502923816,13.239856872768435,9.728544597697846,5.353982156952701
0.7273386051246984,1.221730476396031,78.10978710861075,28.415232925371356,39.72282591939671,20.79779515595915,12.559669017516446,8.765281296483602
0.8185000129460304,1.221730476396031,102.69443518301335,37.58113282878402,51.870310742113254,29.69510837788163,16.684218100254157,13.910186205297244
0.9210871889273549,1.221730476396031,133.5432320518181,45.16452311204,68.31858220720979,39.139253021986214,21.59874146750918,19.955990488283856
1.0365321883776653,1.221730476396031,176.93555143382082,51.53718166319479,88.967837230842,47.173432282123926,28.806376791905294,28.24315123247396
1.166446554092426,1.221730476396031,229.8431816515903,55.976380667999386,118.27296255695023,53.806656502294196,37.738858104359956,37.200271975171766
1.3126438125222553,1.221730476396031,306.3451338331356,59.56583882971795,154.61545417366526,58.19148781519736,49.58779405187599,46.59141161611692
1.4771647895120215,1.221730476396031,397.8187263727816,61.96443935064035,202.744143309429,61.2806319959966,65.9623035543472,55.13759350207703
1.6623060990028473,1.221730476396031,526.3326699396675,63.87117405576875,270.50821908171514,63.56742018982203,86.57431717555542,60.61185857731944
1.8706522023821734,1.221730476396031,698.7023350604815,65.29274226155529,350.2419582179439,65.02674257474354,113.03182294676292,63.68177992526232
2.1051114860111477,1.221730476396031,907.9038106779257,66.27470927691054,462.2332415814204,66.16975213805358,148.66531785116558,65.5243822064741
2.368956860549917,1.221730476396031,1197.3286491558808,67.05641482915482,609.5203008240634,67.00133811477829,196.41124659837138,66.69499401986732
2.6658714488230206,1.221730476396031,1583.87040214983,67.64817074681804,799.2615606967871,67.60361307477224,264.19594747103815,67.51077159234259
3.0,1.221730476396031,2068.5800793657013,68.07404603261094,1053.1898569959408,68.06028525450873,350.13857838900736,68.03825460946393
-3.0,1.2715970264530116,4341.565031700585,68.79554921848435,2200.6003528356387,68.7918466816888,694.0160674820107,68.77133559373122
-2.6658714488230206,1.2715970264530116,3429.060613301783,68.62163370618224,1740.9022048392715,68.61653943768178,548.0580907558196,68.58018843487625
-2.368956860549917,1.2715970264530116,2726.455498698823,68.40768450103283,1382.6492259727843,68.3973262300079,435.4153603936365,68.33746424067564
-2.1051114860111477,1.2715970264530116,2174.541963360704,68.1415758458709,1101.1745993338793,68.12226873747977,347.16068912632676,68.02484808737636
-1.8706522023821734,1.2715970264530116,1733.4168059871577,67.8053256843058,877.2738844213812,67.77302803514654,276.791926884887,67.61163249931093
-1.6623060990028473,1.2715970264530116,1385.990445147422,67.38718756704229,701.6634790086575,67.3362869460508,220.65104697898178,67.05581509057757
-1.4771647895120215,1.2715970264530116,1109.225475065209,66.86257199151905,561.6641357191461,66.78161456663902,176.504700051868,66.30475726330303
-1.3126438125222553,1.2715970264530116,888.8148316581917,66.20477751499911,449.92028701905,66.07385277093329,141.292054806707,65.24733986425841
-1.166446554092426,1.2715970264530116,712.3312169661303,65.37485439850971,360.50464491111416,65.16363201794482,113.20576766616439,63.69500100880986
-1.0365321883776653,1.2715970264530116,570.0613223458178,64.31643739028512,288.4488861125871,63.973829013562195,90.54148468449681,61.25722946471528
-0.9210871889273549,1.2715970264530116,454.63463538149057,62.9466675839533,230.0257672341316,62.38519370829839,72.16768200180384,57.26543064060995
-0.8185000129460304,1.2715970264530116,360.40706855035256,61.13870620546395,182.29124473215504,60.198906032282416,57.198271192848445,51.15372227776129
-0.7273386051246984,1.2715970264530116,283.7160920634021,58.71762910449011,143.50153930862575,57.125041528384514,44.98498946537223,43.2830775894369
-0.6463304070095649,1.2715970264530116,222.41245249722422,55.48695570233976,112.42782668571749,52.78716992055317,35.26883486009535,34.88149916273379
-0.5743445928509872,1.2715970264530116,175.0954763582389,51.331972468103785,88.49910980924429,47.02924179484792,27.767070368511977,27.10178420457294
-0.5103762839557767,1.2715970264530116,139.90091442471294,46.343809238087324,70.67820352971437,40.25353999771954,22.189006529050157,20.664623966610705
-0.4535325211846986,1.2715970264530116,114.10314956676827,40.802790679206915,57.6600166143875,33.36569011074532,18.121057477711833,15.699100627961952
-0.40301979977966995,1.2715970264530116,95.09324670704267,35.09955422074846,48.047703260562415,27.06350738833506,15.09171695213866,11.918541558081852
-0.35813299251433084,1.2715970264530116,80.81210219747086,29.592283842339846,40.82949830702727,21.66932334665318,12.843365745244107,9.115962040414027
-0.3182455065418344,1.2715970264530116,69.84370377870403,24.53642842878253,35.309440267744776,17.22599201040613,11.11554788291468,7.0003464660637045
-0.2828005365353655,1.2715970264530116,61.25739824752646,20.074126013177086,30.982715469036833,13.616568934740494,9.739068798233074,5.366224272906554
-0.2513032920204875,1.2715970264530116,54.42526224719693,16.24846045444272,27.522789421420672,10.706511253346541,8.648593474573316,4.124685469968616
-0.22331409039755062,1.2715970264530116,48.9156618040779,13.038809897068113,24.72714732443913,8.384865464865303,7.783823157198894,3.1885806670046066
-0.19844221923690444,1.2715970264530116,44.427101078619515,10.391802606069035,22.454485733380725,6.551857569648263,7.081266388926618,2.470667635844295
-0.17634048216824733,1.2715970264530116,40.74145616244126,8.23878199099606,20.594514401648606,5.114066706690708,6.496924029267938,1.9109212639076218
-0.15670035222800524,1.2715970264530116,37.69467026653556,6.506253531078912,19.059846919804276,3.98930803887985,6.006776362983511,1.473875085733631
-0.13924766500838334,1.2715970264530116,35.16025340802225,5.123178414733992,17.78307745057798,3.1101295219673926,5.59626263018994,1.1353673481289883
-0.12373879148704055,1.2715970264530116,33.03960444163749,4.025481749716274,16.713163813752878,2.4232706129453274,5.253325324197514,0.8752930936577858
-0.10995723711238882,1.2715970264530116,31.255463562959637,3.1580006441327884,15.811348913560106,1.887133102480875,4.966624092516081,0.6762141757225235
-0.09771061966979347,1.2715970264530116,29.74697786677948,2.4746538093456167,15.047680113798823,1.4691374556098886,4.725920626315979,0.5237262329697574
-0.0868279837415025,1.2715970264530116,28.46587692948631,1.9376767337240537,14.398499433151844,1.143640902596398,4.522591266373464,0.40656024240339556
-0.07715741427178036,1.2715970264530116,27.373545248436574,1.5165063391421973,13.844771595091204,0.8904195088325887,4.349720578352281,0.31619248719235193
-0.06856391592404971,1.2715970264530116,26.438819493351236,1.186624785316901,13.370982346441394,0.6935441989318131,4.201888339960078,0.24625737780358567
-0.06092752862714207,1.2715970264530116,25.63634436616174,0.9284953399876407,12.964385115160002,0.5405101222730584,4.074855161535101,0.19199437683410986
-0.0541416530048151,1.2715970264530116,24.94534179967954,0.7266341593365271,12.614455091636973,0.4215384342319088,3.9652697425893395,0.14981418109947556
-0.04811156231253989,1.2715970264530116,24.348679649352103,0.5688234904038073,12.31247203614812,0.32900880611881955,3.870440088292876,0.11698474758225949
-0.04275308010908995,1.2715970264530116,23.832156889936908,0.4454569790227231,12.051189904416834,0.256999133449534,3.7881685603144692,0.09140983578476504
-0.0379914052040221,1.2715970264530116,23.383947053828525,0.34900252656490016,11.824570305776877,0.2009155766071097,3.716636402337696,0.07147192246625496
-0.03376006747802295,1.2715970264530116,22.994159417455023,0.27356671105077984,11.627565839646273,0.1571983592073952,3.654322587685537,0.05591846477205475
-0.03,1.2715970264530116,22.654489521934124,0.2145450423487123,11.455943642849164,0.12309004455488944,3.5999453549609313,0.04377759822220016
0.03,1.2715970264530116,18.078733316824234,0.18399712583921862,9.142090877943788,0.10403027059596501,2.8660313647900524,0.036137509043067145
0.03376006747802295,1.2715970264530116,17.84400407799669,0.23008409361312768,9.022876593505925,0.13003667175384293,2.828542225157851,0.045084948977755016
0.0379914052040221,1.2715970264530116,17.587020903533862,0.28712588562724795,8.892272452580208,0.16220851678738082,2.787501826301924,0.05612618196503613
0.04275308010908995,1.2715970264530116,17.306857200550212,0.35743535232430007,8.749790195317184,0.2018403923718275,2.742745543873671,0.06969766434749564
0.04811156231253989,1.2715970264530116,17.002948147571622,0.44366066003074683,8.595133141976293,0.25040869108488595,2.6941519818526394,0.08630248046234168
0.0541416530048151,1.2715970264530116,16.675258470355978,0.5487429995270303,8.428291455769346,0.3095413142232183,2.6416636642710176,0.10650746187441848
0.06092752862714207,1.2715970264530116,16.3245050947719,0.6758009669812696,8.249670776120395,0.38094078844021784,2.5853175146333203,0.13092919325102162
0.06856391592404971,1.2715970264530116,15.952453963842304,0.8278929993573683,8.060264489716973,0.46623070536593825,2.525292707869616,0.16019830068629481
0.07715741427178036,1.2715970264530116,15.562319160649084,1.007583618540186,7.861881525456088,0.5666820055455637,2.461988922396987,0.19488197861733997
0.0868279837415025,1.2715970264530116,15.15930541878829,1.2162038606678434,7.657441518973048,0.682761456297025,2.3961544449301706,0.23532927306851756
0.09771061966979347,1.2715970264530116,14.751351952878922,1.4526539849877163,7.451345566430528,0.8134370765057437,2.3290864335653017,0.28138444752307895
0.10995723711238882,1.2715970264530116,14.350152060131084,1.7115653682871719,7.2499218340856695,0.9551909278573526,2.2629131733425125,0.3319070894884176
0.12373879148704055,1.2715970264530116,13.97252546305391,1.9806761679517932,7.061932959166801,1.1007571217523635,2.2009200445328307,0.38409113312177806
0.13924766500838334,1.2715970264530116,13.642179909713336,2.2375213311204805,6.899130465339786,1.2377539461245584,2.1477815162597707,0.4327705075000536
0.15670035222800524,1.2715970264530116,13.391776200445328,2.4462407577958545,6.7768885661929135,1.347617404390216,2.1094524964900874,0.4702568829303854
0.17634048216824733,1.2715970264530116,13.265007461330411,2.5567009388665847,6.715107534186714,1.4055086387499198,2.092555296360287,0.48743653899455236
0.19844221923690444,1.2715970264530116,13.318304163270806,2.509861045279658,6.739863781900636,1.382117118422888,2.103759844620831,0.4759993617761409
0.22331409039755062,1.2715970264530116,13.62235573829706,2.253595994292197,6.886468149287042,1.2488503613294097,2.1509489458344784,0.42976311226875735
0.2513032920204875,1.2715970264530116,14.265679688318915,1.7695691180477113,7.203963822718378,0.9895658809260054,2.248094633326407,0.34394347581924173
0.2828005365353655,1.2715970264530116,15.365173732558638,1.1066304757053642,7.759069925811826,0.6234194510540239,2.4207581138159493,0.21967565897682065
0.3182455065418344,1.2715970264530116,17.085867661930422,0.4190828924125063,8.636586740999435,0.23681161920453886,2.701530407483271,0.08365312780954239
0.35813299251433084,1.2715970264530116,19.655572589493055,0.010364933866021855,9.94062366521735,0.005898676378634985,3.118138453272757,0.002082172358655983
0.40301979977966995,1.2715970264530116,23.350768551655705,0.3422696565960047,11.812594709002298,0.19812216646161532,3.7120944392985376,0.0702803214021918
0.4535325211846986,1.2715970264530116,28.501220501454313,1.951895826374067,14.452750640417765,1.1697032712762965,4.561832509700283,0.42828815804133574
0.5103762839557767,1.2715970264530116,35.628087158963424,5.3733497227476095,18.07873132793704,3.308416587052731,5.706836282007167,1.223810098697222
0.5743445928509872,1.2715970264530116,45.43840442945255,10.98781493465069,22.947138543942756,6.943259557433934,7.260437046250997,2.649513225686395
0.6463304070095649,1.2715970264530116,58.3840445083223,18.49116755492386,29.60587665880215,12.457636923907373,9.429744637845994,5.008335686243873
0.7273386051246984,1.2715970264530116,75.69039713405503,27.32345236782195,38.48838915946344,19.813419011881997,12.168261656931755,8.283264989849819
0.8185000129460304,1.2715970264530116,99.46774713279437,36.56291830871707,50.240885926649206,28.59333558178002,16.15551213488553,13.249490232453507
0.9210871889273549,1.2715970264530116,129.33811386531292,44.323712247651,66.15849469050264,38.0688080756028,20.915089056285357,19.12964464319709
1.0365321883776653,1.2715970264530116,171.34522784826078,50.89959825484254,86.16043911538088,46.2866838729412,27.89114664359183,27.23906667309784
1.166446554092426,1.2715970264530116,222.61531200472263,55.500777323613185,114.53863932592861,53.169080662040244,36.544603571433015,36.09458807927348
1.3126438125222553,1.2715970264530116,296.7203581914223,59.221848620630844,149.75879758458316,57.74833915156735,48.026253541349256,45.51672253864196
1.4771647895120215,1.2715970264530116,385.40541284739265,61.709176877441095,196.4098635925011,60.973379835672404,63.892968645124455,54.308202176633905
1.6623060990028473,1.2715970264530116,509.97918868930265,63.68417683673569,262.0848510606309,63.35509831347321,83.87603543767733,60.11660255521468
1.8706522023821734,1.2715970264530116,677.0863029046751,65.15549779457714,339.4204156062833,64.87259872964844,109.5341168392251,63.402416408119365
2.1051114860111477,1.2715970264530116,880.0126384141282,66.17148158877775,448.0266462060405,66.05860383245601,144.09334176861404,65.3571291850038
2.368956860549917,1.2715970264530116,1160.740325005199,66.97956019004906,590.8882570923362,66.92024498769197,190.40453588599362,66.587936339657
2.6658714488230206,1.2715970264530116,1535.7059917673364,67.59093698309835,774.971414117328,67.54362405840729,256.1477382582856,67.44027497769603
3.0,1.2715970264530116,2006.0457640797588,68.03080474568769,1021.3476035282285,68.01584281809936,339.52725087592927,67.98928232283022
-3.0,1.3214635765099927,4199.14068262196,68.77341145039614,2128.430305902875,68.76940621032527,671.2575598844745,68.7472975017044
-2.6658714488230206,1.3214635765099927,3316.597998453393,68.59352629884141,1683.8129622152908,68.58796670414768,530.0891140900659,68.54887066375845
-2.368956860549917,1.3214635765099927,2636.8279859078416,68.37211627201603,1337.2107625006283,68.36093886190108,421.1063055922869,68.29649305287703
-2.1051114860111477,1.3214635765099927,2102.6294027810477,68.09649649719393,1064.7808487002974,68.07578410934636,335.68475206251117,67.97069459450772
-1.8706522023821734,1.3214635765099927,1675.4732258598733,67.74781122734292,847.9739226537357,67.71318621109667,267.5408198656138,67.53862659608649
-1.6623060990028473,1.3214635765099927,1338.755140745225,67.31327737372371,677.7710454679873,67.25857948104562,213.13691446412543,66.95458577910232
-1.4771647895120215,1.3214635765099927,1070.2149592842136,66.76631984463347,541.9274943898871,66.67904579547404,170.30188636081263,66.15925952112579
-1.3126438125222553,1.3214635765099927,855.9796299713272,66.07698901368899,433.31279142844414,65.93524780350998,136.07690148486338,65.02624234701062
-1.166446554092426,1.3214635765099927,684.0217681909323,65.20050941878759,346.1861785013227,64.97020307725958,108.70859423150642,63.33249666714708
-1.0365321883776653,1.3214635765099927,545.0013873134063,64.0703671793219,275.7703333806506,63.69272841904693,86.5612458826306,60.609576068296896
-0.9210871889273549,1.3214635765099927,431.9775230889882,62.58747338877193,218.55316919179555,61.959025461418754,68.5695539721878,56.09406842947429
-0.8185000129460304,1.3214635765099927,339.92009423376027,60.60490449386469,171.91447664768725,59.53450409671462,53.94215928141232,49.335827281441354
-0.7273386051246984,1.3214635765099927,265.84875616482435,57.93908353748279,134.43611547006262,56.09976030755575,42.15426725280239,41.03494698887289
-0.6463304070095649,1.3214635765099927,207.94541986852116,54.42743187979083,105.10102909045878,51.325968043898676,32.975185611564406,32.61850253606463
-0.5743445928509872,1.3214635765099927,164.36105939503827,50.04010918622031,83.05536455228707,45.23839107551411,26.06692172090973,25.193497670110126
-0.5103762839557767,1.3214635765099927,132.38944629193452,44.93886497987125,66.87505546303076,38.42933439975873,21.000632889234897,19.233359741013142
-0.4535325211846986,1.3214635765099927,108.94412706488286,39.41539927084195,55.05422004079047,31.761006937234587,17.30814703124415,14.688435296729732
-0.40301979977966995,1.3214635765099927,91.50731605642635,33.82502645376371,46.23540625033048,25.759641771245583,14.524909615129225,11.209633020601515
-0.35813299251433084,1.3214635765099927,78.25177234592634,28.478188305258833,39.53688702260703,20.650327135784387,12.439373880796847,8.616901122026551
-0.3182455065418344,1.3214635765099927,67.96277863951663,23.595550281003607,34.3613020573289,16.441899441067445,10.818912691839687,6.643331995231542
-0.2828005365353655,1.3214635765099927,59.839842052354285,19.298300194242103,30.268136978975857,13.01524585000925,9.51517808301077,5.106773512546349
-0.2513032920204875,1.3214635765099927,53.33316148950144,15.619038147632327,26.971864747010976,10.245377696627784,8.475909212265051,3.9338326329716193
-0.22331409039755062,1.3214635765099927,48.05863249990891,12.53391577174206,24.294655555260942,8.031179149391676,7.6480959006751235,3.046561505876585
-0.19844221923690444,1.3214635765099927,43.74424027518348,9.99016454340747,22.109907878517433,6.280458999305169,6.972881849413764,2.364029588534722
-0.17634048216824733,1.3214635765099927,40.190494693720815,7.921302821793802,20.31651025509026,4.9056192319787835,6.409324847982085,1.8304534473257161
-0.15670035222800524,1.3214635765099927,37.245431075666694,6.256506461461379,18.83312930558172,3.8290341247925683,5.935319192690121,1.413013510933911
-0.13924766500838334,1.3214635765099927,34.79065813470939,4.927424430167271,17.596484228850066,2.9867785679008456,5.53750790584385,1.0892463242853876
-0.12373879148704055,1.3214635765099927,32.733167463411434,3.8724599937373565,16.558392891880917,2.328270141282671,5.20465208933036,0.8402511299557118
-0.10995723711238882,1.3214635765099927,30.99966360888124,3.0386168305593966,15.682111433589846,1.8139288381807612,4.926013648135308,0.6495029089016299
-0.09771061966979347,1.3214635765099927,29.53216480185028,2.3816418523605996,14.939131192636673,1.4127011302965873,4.69181250022717,0.5032953099959405
-0.0868279837415025,1.3214635765099927,28.284518174268,1.8652768136005733,14.306852202003377,1.1001069976772238,4.493773943353497,0.3908835703825748
-0.07715741427178036,1.3214635765099927,27.2196951701337,1.460179647110703,13.767030695969094,0.8568143845557676,4.325246286682745,0.304131299824831
-0.06856391592404971,1.3214635765099927,26.307738888506496,1.142811006168765,13.304755317626572,0.6675807979779387,4.181008046067514,0.2369572173402825
-0.06092752862714207,1.3214635765099927,25.524222947779638,0.8944116437023979,12.907745444317563,0.520430384649936,4.056970280738876,0.18481002438498884
-0.0541416530048151,1.3214635765099927,24.849092602201964,0.7001113882465917,12.565840520080705,0.4059915601915135,3.9498967944223775,0.1442556052033954
-0.04811156231253989,1.3214635765099927,24.265784503769037,0.5481742907582701,12.270607672239368,0.31695709079234424,3.857184850866494,0.11267806703677169
-0.04275308010908995,1.3214635765099927,23.76054877865371,0.4293706643528844,12.0150292928859,0.24764524457986573,3.7767069869822176,0.08806881207478658
-0.0379914052040221,1.3214635765099927,23.32191952940514,0.3364619064587261,11.793249786316853,0.1936465427549122,3.706700309269412,0.06887686569415329
-0.03376006747802295,1.3214635765099927,22.940296176574474,0.2637827147381942,11.600368906243155,0.15154254389808108,3.6456887311398245,0.053900441925788814
-0.03,1.3214635765099927,22.60760918608813,0.20690559270507736,11.43227292153957,0.11868416632097775,3.592426958132337,0.042206506394319165
0.03,1.3214635765099927,18.110796538400667,0.17813719640922385,9.15833532306127,0.10072945186148798,2.8711718670352266,0.03499366287128487
0.03376006747802295,1.3214635765099927,17.879096469753783,0.22283371259870188,9.040662927745682,0.12595556877230676,2.8341674241960475,0.04367387620358386
0.0379914052040221,1.3214635765099927,17.625266331061546,0.27819167146143803,8.911665823283379,0.15718337840830904,2.79363169213605,0.05439281979658377
0.04275308010908995,1.3214635765099927,17.348329911430355,0.34648095368840504,8.77083095090168,0.19568379600401428,2.7493924460426604,0.06757915509132754
0.04811156231253989,1.3214635765099927,17.04765025333593,0.43031148813747855,8.617825247906067,0.24291239875221762,2.7013173181609633,0.08372899137771085
0.0541416530048151,1.3214635765099927,16.723090552044027,0.5325996063262434,8.452587239889544,0.30048411680007553,2.649333456566891,0.10340445386524047
0.06092752862714207,1.3214635765099927,16.37522799783888,0.6564666000768068,8.275450942952379,0.3701045396868161,2.593456614346297,0.1272220957641323
0.06856391592404971,1.3214635765099927,16.005639250593752,0.8050235385359338,8.087312060010566,0.4534292616736656,2.5338370729925748,0.15582112526405448
0.07715741427178036,1.3214635765099927,15.617284863911387,0.9809716323690303,7.8898480320551645,0.5518096719522142,2.4708351605580803,0.18979230355741997
0.0868279837415025,1.3214635765099927,15.21503261547892,1.1859126538172096,7.685803451786762,0.6658694382260553,2.4051454850087906,0.22953329768191577
0.09771061966979347,1.3214635765099927,14.806376213253147,1.4192209434855163,7.479348755834331,0.7948472639079092,2.3379919229649047,0.2749771138111485
0.10995723711238882,1.3214635765099927,14.402422134951372,1.676292772487324,7.276511219146279,0.9356536133142502,2.271403340267169,0.32513214079057406
0.12373879148704055,1.3214635765099927,14.019220087099686,1.946012483810343,7.085664865624075,1.0816483884452077,2.2085328586201975,0.37742067915195004
0.13924766500838334,1.3214635765099927,13.679473252650173,2.207487732025524,6.918063503560346,1.2212828208066988,2.153885267035848,0.42698730219458714
0.15670035222800524,1.3214635765099927,13.414544278520156,2.4267474373209144,6.788446083861806,1.3369660066850555,2.1132076640790585,0.46649389417476606
0.17634048216824733,1.3214635765099927,13.266470483471648,2.555407364618823,6.715897212777435,1.4047584620635258,2.0928745997988605,0.4871081226497778
0.19844221923690444,1.3214635765099927,13.28959416249528,2.5350204129026617,6.725428904989341,1.3957245538031073,2.099244787607094,0.48058662340267283
0.22331409039755062,1.3214635765099927,13.551962286570573,2.31129426029396,6.850940773785697,1.2803315655597396,2.1397540481093937,0.4404536010855103
0.2513032920204875,1.3214635765099927,14.138638984892205,1.8591629985158922,7.139617230017905,1.0390024227970391,2.2277042620079808,0.3609511575133758
0.2828005365353655,1.3214635765099927,15.16179421076606,1.2148409615507956,7.65582861263019,0.6837298628025188,2.387837623988196,0.24076887171555336
0.3182455065418344,1.3214635765099927,16.780008468111337,0.5137519245092488,8.48151029606758,0.28990217954547226,2.6520726648268664,0.10230886406962633
0.35813299251433084,1.3214635765099927,19.213227811492978,0.036590558019017505,9.716976442712012,0.020755533977501132,3.0472732736920953,0.007291240449568675
0.40301979977966995,1.3214635765099927,22.729597056299383,0.2270431327839282,11.497830804905854,0.13106546407974307,3.612223962953012,0.04640005478621925
0.4535325211846986,1.3214635765099927,27.647477605468143,1.6186851704895746,14.01671944724717,0.9664898158045928,4.422155254987677,0.3529715275069638
0.5103762839557767,1.3214635765099927,34.465177252648985,4.756489238954702,17.485509033587405,2.9140975514704133,5.5180234147529035,1.0740889376582712
0.5743445928509872,1.3214635765099927,43.863273763001104,10.060116266416445,22.152594834909817,6.313968909892787,7.007163311607992,2.3976284521897555
0.6463304070095649,1.3214635765099927,56.28888381437649,17.312377203018936,28.54110711677917,11.561539490893292,9.08737840507081,4.617227440141943
0.7273386051246984,1.3214635765099927,72.91549377033469,26.026861592042817,37.07276912232925,18.66988385880598,11.719382564997455,7.733532360752218
0.8185000129460304,1.3214635765099927,95.76565745963615,35.330904316398644,48.37135040889287,27.292606067737427,15.54904700572461,12.490815227283598
0.9210871889273549,1.3214635765099927,124.5110759393013,43.29305019894975,63.67942697766848,36.77912736799027,20.13038314863737,18.1742511568717
1.0365321883776653,1.3214635765099927,164.92736110284577,50.11258509991528,82.93711832484894,45.19700262108364,26.840544017422914,26.06804231960604
1.166446554092426,1.3214635765099927,214.31437470511963,54.91252837109418,110.25080816004657,52.37581285655097,35.173267110455775,34.7893056559825
1.3126438125222553,1.3214635765099927,285.6666351341006,58.79636767555076,144.18072814482457,57.195780827681745,46.23271871468822,44.22209962637501
1.4771647895120215,1.3214635765099927,371.144568398621,61.39367218080674,189.13309213893615,60.590934341306244,61.51598916125627,53.27357197089597
1.6623060990028473,1.3214635765099927,491.18997645195935,63.45326171261681,252.40800440750942,63.09150608499603,80.77584929449058,59.48223198592945
1.8706522023821734,1.3214635765099927,652.2490466481975,64.98617256125925,326.9841944474179,64.68163798656023,105.51425505870765,63.04608318672551
2.1051114860111477,1.3214635765099927,847.9556244110465,66.04421455938095,431.69798299174766,65.92116056298882,138.83773261341238,65.14613673253713
2.368956860549917,1.3214635765099927,1118.6810854113749,66.88486988000452,569.4697723075503,66.82011069556947,183.49853722841064,66.45397791183447
2.6658714488230206,1.3214635765099927,1480.3331409104808,67.52046024592264,747.0426360139295,67.46962880267223,246.89468918494418,67.35256277887017
3.0,1.3214635765099927,1934.1344621834623,67.97757955608887,984.7292330610209,67.96107104697705,327.3257367585822,67.92856691246826
-3.0,1.3713301265669733,4038.7627222144874,68.74660274496435,2047.1656001019287,68.7422161805102,645.6299401713896,68.71808613302522
-2.6658714488230206,1.3713301265669733,3189.766613969585,68.55943153099638,1619.4317021559489,68.553282391137,509.8239853818096,68.51070838932918
-2.368956860549917,1.3713301265669733,2535.52884266477,68.32886002415901,1285.8567210533772,68.3166456358835,404.93339633649254,68.24636757863563
-2.1051114860111477,1.3713301265669733,2021.0929801113884,68.04145701530393,1023.5181228918991,68.01896266340073,322.6724821263163,67.90405202908782
-1.8706522023821734,1.3713301265669733,1609.4745400748204,67.6771807144848,814.6017664810387,67.6395860457896,257.0023940963858,67.44800523675056
-1.6623060990028473,1.3713301265669733,1284.597558284661,67.22172191151728,650.3763963320267,67.1621215382265,204.52044969397141,66.82733058754754
-1.4771647895120215,1.3713301265669733,1025.0791403468513,66.6456002146982,519.088725253356,66.55003647871473,163.12322045418222,65.97291454657727
-1.3126438125222553,1.3713301265669733,817.5429226311394,65.91398413465905,413.8667469735751,65.75774132158936,129.96951694645333,64.7354483405804
-1.166446554092426,1.3713301265669733,650.4578424422311,64.97344363808631,329.20230294906725,64.7168558801379,103.37317669275019,62.83874243307067
-1.0365321883776653,1.3713301265669733,515.0190567448557,63.74312683275599,260.59195817825685,63.31586330086567,81.79534203669367,59.699127141014316
-0.9210871889273549,1.3713301265669733,404.9638884188768,62.10390864825948,204.86534859441727,61.378649060552455,64.27618673929597,54.46668386248534
-0.8185000129460304,1.3713301265669733,316.1206948166733,59.8925195591406,159.85344129449302,58.634180168879574,50.157230244491274,46.971278202128616
-0.7273386051246984,1.3713301265669733,246.10526653487412,56.93840989638577,124.41678076351184,54.760149917196316,39.02526551534505,38.35873434920658
-0.6463304070095649,1.3713301265669733,192.87014329704994,53.14407331617529,97.46747292904885,49.54289656981628,30.584992842289868,30.150341277206905
-0.5743445928509872,1.3713301265669733,153.64599878069782,48.56615772360706,77.62421152791188,43.219082410743695,24.37010482733422,23.240461338826595
-0.5103762839557767,1.3713301265669733,125.00406326217761,43.40169059562831,63.13894352807185,36.489102250786004,19.832587200244784,17.809880533427837
-0.4535325211846986,1.3713301265669733,103.83815524231697,37.930100666649835,52.47653889807615,30.097360815136774,16.5032324160048,13.68412122632386
-0.40301979977966995,1.3713301265669733,87.89728131759476,32.47036221956609,44.411791272945756,24.412484180681375,13.954290830034823,10.497034094324533
-0.35813299251433084,1.3713301265669733,75.6239753446734,27.292970559969103,38.21062206586321,19.590232225232032,12.024445448038174,8.10675244879326
-0.3182455065418344,1.3713301265669733,65.9975984955643,22.590054077617214,33.370574114175746,15.617758839623683,10.508604652572691,6.2724536607511325
-0.2828005365353655,1.3713301265669733,58.33614001882268,18.464436234391776,29.509896378397567,12.376822946309172,9.27747025653752,4.833697872019354
-0.2513032920204875,1.3713301265669733,52.16019765935174,14.938712870025904,26.38001459159844,9.751576847781175,8.290310701791226,3.7307643698644797
-0.22331409039755062,1.3713301265669733,47.12890029942253,11.98546492380143,23.825426534607267,7.649753468083602,7.500720221861203,2.8940688339457483
-0.19844221923690444,1.3713301265669733,42.997501666040826,9.5520358838491,21.733066447866907,5.986069706047147,6.854223226084824,2.2486895504340354
-0.17634048216824733,1.3713301265669733,39.584098778203796,7.573759607797443,20.01049366454456,4.67842975407066,6.312802372750337,1.7429313473015597
-0.15670035222800524,1.3713301265669733,36.74839068063943,5.982304748319181,18.582236880222666,3.6536624517064973,5.856183083955022,1.3465320019851015
-0.13924766500838334,1.3713301265669733,34.37996484422606,4.711970645394166,17.389091611294155,2.851373120472639,5.47217184322963,1.0386948771856228
-0.12373879148704055,1.3713301265669733,32.391428309914,3.7036853788311,16.385748625763476,2.223709570630022,5.150341309561596,0.8017350751891401
-0.10995723711238882,1.3713301265669733,30.713531411221897,2.9067068513762586,15.537515543078873,1.7331808819282135,4.8805674547155595,0.6200734894053598
-0.09771061966979347,1.3713301265669733,29.291263257644967,2.278711832447896,14.81737471305109,1.350334108987985,4.653547336329372,0.48073919057429537
-0.0868279837415025,1.3713301265669733,28.08068810287207,1.7850489441764108,14.203832094309572,1.0519225138044694,4.461374588180977,0.3735455615516959
-0.07715741427178036,1.3713301265669733,27.046455924045926,1.3976891443499597,13.679480422212164,0.8195686896454619,4.297678402791935,0.2907714321522721
-0.06856391592404971,1.3713301265669733,26.159897141832918,1.094151890190846,13.230051633162898,0.638770386097101,4.157450338300863,0.22664190626946384
-0.06092752862714207,1.3713301265669733,25.39758414366368,0.8565233838890394,12.843766338692548,0.4981253390314334,4.036763621299793,0.17683217721135303
-0.0541416530048151,1.3713301265669733,24.740245025270152,0.6706034072949806,12.510858512161988,0.38870553383033085,3.932506756040786,0.13807678286845815
-0.04811156231253989,1.3713301265669733,24.171935542669967,0.5251836898479754,12.223208328732486,0.3035459669184454,3.8421741733101515,0.10788651269767223
-0.04275308010908995,1.3713301265669733,23.679399290238415,0.411448167611887,11.974048244594128,0.23722841428157332,3.763715150708541,0.08434866349702824
-0.0379914052040221,1.3713301265669733,23.25156644290836,0.32248124493647,11.757723598737845,0.1855459939566035,3.6954281410856598,0.06598527845461682
-0.03376006747802295,1.3713301265669733,22.879156318484256,0.2528691517484253,11.569496484366345,0.14523590114762985,3.6358865977284918,0.05165039749493568
-0.03,1.3713301265669733,22.554359244111016,0.1983798708237408,11.405385010007635,0.1137685875853465,3.5838855630679833,0.040453783750129806
0.03,1.3713301265669733,18.147651942586773,0.17152897099983536,9.177006500476908,0.09700658776321401,2.8770799352182226,0.0337034628924775
0.03376006747802295,1.3713301265669733,17.919469387869277,0.21465014927672338,9.06112409456061,0.1213485110197972,2.84063817262928,0.042080804408607404
0.0379914052040221,1.3713301265669733,17.66931194169278,0.26809684894061275,8.933998248610335,0.15150459882337874,2.800690087272804,0.05243378298541644
0.04275308010908995,1.3713301265669733,17.396149772664035,0.3340878290864331,8.795089112667968,0.18871759372642863,2.7570552537561905,0.0651817652925308
0.04811156231253989,1.3713301265669733,17.099267195418815,0.41518599457108407,8.644023915468217,0.23441744268335407,2.709589349945267,0.08081226452095162
0.0541416530048151,1.3713301265669733,16.77841582186387,0.5142739832295585,8.480684422219763,0.29020133269092635,2.658202653942364,0.09988105018797543
0.06092752862714207,1.3713301265669733,16.434018464529625,0.6344680198992498,8.305325502341248,0.35777385977860443,2.602887568218465,0.12300314896813427
0.06856391592404971,1.3713301265669733,16.067441807011296,0.7789270968035585,8.11873447059497,0.4388204593062883,2.5437623706876242,0.15082534997933061
0.07715741427178036,1.3713301265669733,15.681364230975824,0.9504908054565685,7.922442394423264,0.5347746669281176,2.4811436518981034,0.1839620887882411
0.0868279837415025,1.3713301265669733,15.280277493865453,1.1510452091689682,7.718998491966395,0.6464257408505408,2.415666182334446,0.22286195649523463
0.09771061966979347,1.3713301265669733,14.871177088025771,1.3804727710194673,7.512315193544472,0.7733035232552314,2.3484719446158118,0.2675530476000679
0.10995723711238882,1.3713301265669733,14.464512140896533,1.6350022522942582,7.308082618353589,0.912785960063854,2.281478453515211,0.3172058590218271
0.12373879148704055,1.3713301265669733,14.075468671340792,1.9047838935360584,7.114238733590209,1.0589255279086844,2.2176903920320057,0.3694953395857178
0.13924766500838334,1.3713301265669733,13.725621955076715,2.1706931909736134,6.941478313601134,1.2011113763519343,2.161421740786282,0.41991609445784117
0.15670035222800524,1.3713301265669733,13.44487591526839,2.400940341175545,6.803826444769286,1.3228779004709266,2.1181855691678897,0.4615361701798903
0.17634048216824733,1.3713301265669733,13.273406068123043,2.549281064878659,6.719451340818203,1.4013854160826509,2.094077472844186,0.48587223208206437
0.19844221923690444,1.3713301265669733,13.263206078966602,2.5582942905987482,6.712170244175725,1.4083013354574294,2.095107080000623,0.484816009579593
0.22331409039755062,1.3713301265669733,13.479352605262218,2.371830036978745,6.814300385234819,1.3133402433391654,2.128211537844445,0.45165592276808764
0.2513032920204875,1.3713301265669733,14.00303564846343,1.9579818230498607,7.070942643561211,1.093477232912353,2.205945746972707,0.37967916289130665
0.2828005365353655,1.3713301265669733,14.941135990409279,1.3393920716565335,7.543831952594707,0.7530488201871838,2.3521324005146638,0.26498935905437265
0.3182455065418344,1.3713301265669733,16.44502817300519,0.6303971091281992,8.311685987604633,0.3551798154923749,2.59792105603125,0.12521471436731435
0.35813299251433084,1.3713301265669733,18.725849097645316,0.0852090126665222,9.470569018702054,0.04820435265104933,2.9692010216293103,0.01688569227895175
0.40301979977966995,1.3713301265669733,22.04235874490169,0.12484517175000084,11.149612899088508,0.07185107234556015,3.501746544583894,0.025378157820045943
0.4535325211846986,1.3713301265669733,26.700137392568514,1.2758137596019516,13.532982789065409,0.7586946310036651,4.267225900891876,0.27629568450281405
0.5103762839557767,1.3713301265669733,33.17211431613011,4.092127918080973,16.826007455604117,2.493269782070038,5.308131171850487,0.9153296243283797
0.5743445928509872,1.3713301265669733,42.10936211471711,9.03287963654558,21.267858357889338,5.626429306856195,6.725163807707529,2.1249823783604835
0.6463304070095649,1.3713301265669733,53.95318898960332,15.976889312532697,27.354200367844268,10.565268141792197,8.705803715114415,4.188303158445927
0.7273386051246984,1.3713301265669733,69.81937977729135,24.524397044372492,35.49347622860899,17.37760193647661,11.218586208983822,7.124876940022502
0.8185000129460304,1.3713301265669733,91.63293439451165,33.87085441682038,46.28431655705463,25.79529323918076,14.872158694526751,11.643859883595313
0.9210871889273549,1.3713301265669733,119.11942260057994,42.051539323191896,60.91080131121608,35.259450115342084,19.253934926543696,17.099250556737005
1.0365321883776653,1.3713301265669733,157.7569063527242,49.15567127846291,79.33552454052423,43.882119695938265,25.66682183188715,24.73722991838602
1.166446554092426,1.3713301265669733,205.035996860639,54.19522681938362,105.458796402599,51.40261148563798,33.64060494657762,33.28579310853773
1.3126438125222553,1.3713301265669733,273.3095243748454,58.27733144577659,137.94458435415294,56.51535558527692,44.22751769953726,42.69755845968843
1.4771647895120215,1.3713301265669733,355.19632022012297,61.009103473446295,180.99544321429934,60.12077256371134,58.85794157910071,52.006610151409625
1.6623060990028473,1.3713301265669733,470.17340603307713,63.172080677938766,241.58479251410972,62.76841147665955,77.30800962695959,58.67742441011869
1.8706522023821734,1.3713301265669733,624.4626356285929,64.78019068124793,313.06955046829194,64.44817541345162,101.01616211633527,62.59460615027736
2.1051114860111477,1.3713301265669733,812.0804106932284,65.88952986857991,413.42415735961725,65.75349219216262,132.95529453693874,64.8822839603356
2.368956860549917,1.3713301265669733,1071.6023104140859,66.76986576402848,545.4944842933013,66.69816376764379,175.76710336510504,66.2881398869423
2.6658714488230206,1.3713301265669733,1418.3401441531635,67.43491749786368,715.7718453377289,67.37963194602492,236.53468706436786,67.24472773025605
3.0,1.3713301265669733,1853.603699144542,67.9130085387352,943.7201353767699,67.89452296715028,313.66195945014573,67.85424742821739
-3.0,1.4211966766239543,3861.445056301707,68.7143538318684,1957.322101837654,68.70948754757441,617.2954581812324,68.68279912883993
-2.6658714488230206,1.4211966766239543,3049.199413328314,68.51830401643424,1548.0801736066878,68.51140690631927,487.3636813221222,68.46441899874841
-2.368956860549917,1.4211966766239543,2422.8636229115787,68.27645896515648,1228.7424378565327,68.26292815494736,386.9449746779933,68.18519970971958
-2.1051114860111477,1.4211966766239543,1929.9425670509283,67.97435303875066,977.3920307682644,67.94958749557227,308.1247157408413,67.82200575123777
-1.8706522023821734,1.4211966766239543,1535.1585971921475,67.59026554977704,777.024838379861,67.54884623665706,245.1332068000608,67.33498375299423
-1.6623060990028473,1.4211966766239543,1222.9924866071322,67.10752469187864,619.2119047849573,67.04149354289947,194.71662604771325,66.6656179077121
-1.4771647895120215,1.4211966766239543,973.0499273101073,66.49220822624328,492.7549060407596,66.38550003031706,154.8443166037601,65.72963989002449
-1.3126438125222553,1.4211966766239543,772.5471472474741,65.7019290470709,391.0918333811659,65.52559831680972,122.81512972759654,64.34157832462081
-1.166446554092426,1.4211966766239543,610.6326512028048,64.67041928532322,309.0368665136858,64.3761834016803,97.03654892595081,62.139668683825676
-1.0365321883776653,1.4211966766239543,479.3376093670988,63.29785893776642,242.51464077076807,62.797447820872776,76.11801110917187,58.37532749197904
-0.9210871889273549,1.4211966766239543,373.4107733573926,61.445508237930305,188.86645343142484,60.57627184699743,59.25737962786884,52.20467636698426
-0.8185000129460304,1.4211966766239543,289.5672931167783,58.95045093885115,146.39148942885674,57.42070293081204,45.93229819354703,43.998896685057694
-0.7273386051246984,1.4211966766239543,225.408944897467,55.68843759382172,113.91470155832315,53.057871821879175,35.744717674971426,35.3378436542371
-0.6463304070095649,1.4211966766239543,177.90442876909165,51.643463240581134,89.8927326523623,47.45354217046864,28.212606846789917,27.593459849964606
-0.5743445928509872,1.4211966766239543,143.29479314877452,46.93171315774726,72.38125596619473,41.023130045279686,22.731455978981142,21.311689121210016
-0.5103762839557767,1.4211966766239543,117.87155906252391,41.7496655754948,59.53395348655419,34.47192200268261,18.70493118968576,16.422084162742106
-0.4535325211846986,1.4211966766239543,98.83334970191949,36.356726791273985,49.95103657640615,28.394220095405252,15.713836153143458,12.69701233058866
-0.40301979977966995,1.4211966766239543,84.28799499060011,31.041335391630916,42.58928923514653,23.032342907331177,13.383734893378765,9.78640812112023
-0.35813299251433084,1.4211966766239543,72.94593635495153,26.04134323626435,36.85929994279933,18.496177726196972,11.601267260980254,7.589500968331571
-0.3182455065418344,1.4211966766239543,63.96153670042692,21.524686490849458,32.34393622824407,14.759461366521151,10.186714835950932,5.890865757746985
-0.2828005365353655,1.4211966766239543,56.75689780875054,17.577361178495654,28.71330794778686,11.706367642891811,9.027607974241135,4.549532325701903
-0.2513032920204875,1.4211966766239543,50.91477054677311,14.212142294318003,25.751459791095698,9.229412351304234,8.093118794677473,3.517499121121796
-0.22331409039755062,1.4211966766239543,46.133097021622845,11.397716772731275,23.32279800991317,7.244160173451201,7.342741833532453,2.732692708899036
-0.19844221923690444,1.4211966766239543,42.192115765330406,9.081148880184148,21.326595527650447,5.671594790497018,6.726117023870069,2.125889204264421
-0.17634048216824733,1.4211966766239543,38.92639822009115,7.199319482770273,19.678544764585588,4.4348257335072265,6.20801005572808,1.6493174528654042
-0.15670035222800524,1.4211966766239543,36.206818346931136,5.6862730283136,18.30881658404567,3.4650375803548497,5.769885603172335,1.2751721369536906
-0.13924766500838334,1.4211966766239543,33.93077089028236,4.478954375823323,17.16220841562459,2.7053635735896058,5.400665622449008,0.9842820072296589
-0.12373879148704055,1.4211966766239543,32.01645914494192,3.520875907012475,16.19627557858055,2.1107226986336687,5.090720962636505,0.7601805881521314
-0.10995723711238882,1.4211966766239543,30.398727566942934,2.763638323836175,15.378398658905445,1.645771636377466,4.830548354750791,0.5882593161114111
-0.09771061966979347,1.4211966766239543,29.025610175500457,2.166944563169502,14.683085095017033,1.2827208835921275,4.611336836615819,0.45631314120366606
-0.0868279837415025,1.4211966766239543,27.85546811276554,1.6978426662726342,14.089984747807389,0.9996171722997209,4.42556457728997,0.35474184275419973
-0.07715741427178036,1.4211966766239543,26.85470628242224,1.329699928880015,13.582564236896019,0.7790917333455526,4.267156346024653,0.2762629634863884
-0.06856391592404971,1.4211966766239543,25.99601166159519,1.0411666484180007,13.14723335177479,0.6074289542464372,4.131329179539663,0.21542670155929367
-0.06092752862714207,1.4211966766239543,25.257016296692917,0.8152350880693164,12.772744728634125,0.4738388565608357,4.014328765723818,0.16814944001748244
-0.0541416530048151,1.4211966766239543,24.619283732151946,0.6384249974207581,12.449753672739213,0.3698685923071573,3.9131768154571542,0.13134589955666423
-0.04811156231253989,1.4211966766239543,24.06753378361572,0.5000964650720252,12.17047639415253,0.28892080065683157,3.825471995808059,0.10266261238921642
-0.04275308010908995,1.4211966766239543,23.589041670655178,0.39187978506242005,11.928414944163954,0.22586098675757166,3.7492462403007276,0.08028990135876113
-0.0379914052040221,1.4211966766239543,23.173165896762235,0.30720849876883644,11.71813209842258,0.1767008366257885,3.68286432474963,0.0628284417899126
-0.03376006747802295,1.4211966766239543,22.81097288727602,0.2409411016318407,11.535066191108585,0.13834573242659096,3.6249534447042406,0.04919251556522071
-0.03,1.4211966766239543,22.494935767488492,0.189057434445485,11.375378868336512,0.10839548843204905,3.574352536399051,0.038538151756099974
0.03,1.4211966766239543,18.18926708206899,0.16423047064850527,9.198087893092715,0.09289408139523808,2.883750305188538,0.032278075470154044
0.03376006747802295,1.4211966766239543,17.965097089618325,0.2056035990849189,9.084246942013348,0.11625463255728324,2.847950266952121,0.040319178741098444
0.0379914052040221,1.4211966766239543,17.719142301832022,0.2569255173565216,8.959261762494547,0.14521897458246846,2.808674442358831,0.050265096406182055
0.04275308010908995,1.4211966766239543,17.450316412951906,0.3203554659693365,8.8225643041277,0.18099702885392374,2.76573378821572,0.06252434607197752
0.04811156231253989,1.4211966766239543,17.15781988278099,0.3983998999927298,8.673739506028955,0.22498792869292936,2.7189712790858467,0.07757409598531473
0.0541416530048151,1.4211966766239543,16.841284549909588,0.493897642551026,8.512608198378947,0.2787656156280504,2.668279127473769,0.09596186436591071
0.06092752862714207,1.4211966766239543,16.50096657120536,0.609949775117896,8.339339784661925,0.34402833387725457,2.613624586076376,0.11829922348835438
0.06856391592404971,1.4211966766239543,16.138004957085784,0.7497546099968906,8.15460401243344,0.4224870216439104,2.5550913061330416,0.14523882184639356
0.07715741427178036,1.4211966766239543,15.754771068973156,0.916285564771414,7.959772617239315,0.5156555897291971,2.4929483765958507,0.17741772288042557
0.0868279837415025,1.4211966766239543,15.35534638308173,1.1117169385821484,7.757181539583622,0.6244922846286887,2.4277653677560607,0.2153359575051662
0.09771061966979347,1.4211966766239543,14.946181547814007,1.336459222317891,7.550460908143788,0.7488308496165218,2.3605947664764106,0.25912039574656914
0.10995723711238882,1.4211966766239543,14.53700550280451,1.5876216502980958,7.344931246492611,0.8865453010639883,2.2932320698688233,0.30811323041038924
0.12373879148704055,1.4211966766239543,14.14205662109856,1.8567152336113453,7.148051811891916,1.0324344973731012,2.228518888895913,0.36026167326638886
0.13924766500838334,1.4211966766239543,13.781671137600698,2.1265520509564433,6.96990304800853,1.1769170870969177,2.1705591089088068,0.41144506053549657
0.15670035222800524,1.4211966766239543,13.48414892151544,2.3677990520837957,6.823725232542029,1.304796723588904,2.1246077361279014,0.4551912381524967
0.17634048216824733,1.4211966766239543,13.287616618841387,2.536759611053331,6.7266793956701445,1.3945422410066273,2.0964530075727046,0.48343757699841045
0.19844221923690444,1.4211966766239543,13.241482496981254,2.577561913409602,6.701270796052488,1.4186964985341683,2.091721737473689,0.48829457695705464
0.22331409039755062,1.4211966766239543,13.407555771845674,2.4327196709502936,6.778080609455986,1.3465162341805357,2.116807399545182,0.4629052745267493
0.2513032920204875,1.4211966766239543,13.862774006590476,2.0637319720744074,6.999923834459245,1.1517104114708436,2.1834505279203746,0.3996825405832899
0.2828005365353655,1.4211966766239543,14.708228422748642,1.479199720846867,7.42564024476913,0.8307375724495754,2.3144624617954226,0.2921047537256261
0.3182455065418344,1.4211966766239543,16.08741352104156,0.7706031684363988,8.130409094721722,0.4334643658235504,2.540130406635599,0.1526424217779465
0.35813299251433084,1.4211966766239543,18.201805093497658,0.16206532789662026,9.205636792363396,0.09144482228494367,2.88526685903071,0.03195861765377381
0.40301979977966995,1.4211966766239543,21.299815533182308,0.046857507055923724,10.773400577771469,0.02687776486379801,3.3823981708012676,0.009466853033349626
0.4535325211846986,1.4211966766239543,25.673005211242707,0.9397484426308902,13.00860606538125,0.5564025949680063,4.099313923534993,0.20200465208243826
0.5103762839557767,1.4211966766239543,31.76671891797497,3.4005562706637376,16.109332672858898,2.0595120449843636,5.0800629055162725,0.7528337230753801
0.5743445928509872,1.4211966766239543,40.19981183737216,7.926658670227134,20.304608400745582,4.8967380824056015,6.418167464320974,1.8385320159065401
0.6463304070095649,1.4211966766239543,51.40671054392235,14.499607029776271,26.060288310720146,9.485645266518938,8.289893248928864,3.7303101255540714
0.7273386051246984,1.4211966766239543,66.44040564578759,22.81859665500361,33.77008821759042,15.950637312927277,10.672083847815003,6.467494608528802
0.8185000129460304,1.4211966766239543,87.1196424550127,32.1688704224983,44.005074005748284,24.10735776523289,14.133052698110832,10.720111711634553
0.9210871889273549,1.4211966766239543,113.22727442176047,40.574863512635794,57.885540788352536,33.50093135389827,18.29616526585818,15.916210106607021
1.0365321883776653,1.4211966766239543,149.91779019128768,48.003388727641806,75.39781907576503,42.31765902516709,24.383701208955674,23.25629458094635
1.166446554092426,1.4211966766239543,194.88734940244547,53.32791798651218,100.21788082437541,50.219394309259904,31.964274813528654,31.588115399523346
1.3126438125222553,1.4211966766239543,259.78983703488956,57.64917519110375,131.1214039084111,55.683040762886456,42.03344875773191,40.93534170405512
1.4771647895120215,1.4211966766239543,337.74040755391974,60.54407608924441,172.0885202366722,59.54642028901793,55.948646461408785,50.47907334667088
1.6623060990028473,1.4211966766239543,447.1634896962171,62.832439896715044,229.7354789230135,62.375005990292095,73.51096860980866,57.66225908189885
1.8706522023821734,1.4211966766239543,594.0326853371655,64.53165351607572,297.8295652057985,64.16478535467243,96.08917327500113,62.02256736682009
2.1051114860111477,1.4211966766239543,772.7776649905419,65.70308026189764,393.4039465621114,65.55048925527362,126.5098393467951,64.55292443785994
2.368956860549917,1.4211966766239543,1020.0112430418412,66.6313629890127,519.2204167223275,66.55081484726932,167.29319015867597,66.08367209178795
2.6658714488230206,1.4211966766239543,1350.3879407954553,67.33196792608231,681.4922989259665,67.27105688453332,225.17762368903172,67.11289722373812
3.0,1.4211966766239543,1765.3044378939996,67.83534444071537,898.7531726274281,67.81433411571928,298.67947740104705,67.76387335687355
-3.0,1.471063226680935,3667.9611794521998,68.67558368826349,1859.2947221182321,68.67011093634056,586.3778116515174,68.64016093606915
-2.6658714488230206,1.471063226680935,2895.2060446955743,68.46862556171138,1469.915388157204,68.46077060220875,462.75698797408444,68.40812726437687
-2.368956860549917,1.471063226680935,2298.7198958092454,68.21270796337845,1165.8104318654605,68.19748524371086,367.1217930712471,68.11011060273293
-2.1051114860111477,1.471063226680935,1828.6645635612458,67.89184327453444,926.1421699164912,67.86413407087092,291.9574109101535,67.71988835211614
-1.8706522023821734,1.471063226680935,1451.634044857287,67.48178234951237,734.7904479453723,67.43531808413249,231.78725975370108,67.19148771464502
-1.6623060990028473,1.471063226680935,1152.6897731659024,66.96198135950542,583.639565131267,66.88722283629312,183.5230101563263,66.45447497704563
-1.4771647895120215,1.471063226680935,912.59496351093,66.29143573837935,462.14099686783067,66.1690539731557,145.2167026869601,65.39954538299565
-1.3126438125222553,1.471063226680935,719.3680482783066,65.41599320060084,364.155002608781,65.21030175951354,114.35074752428706,63.78053613730971
-1.166446554092426,1.471063226680935,563.2141730077627,64.25146442204039,285.00549982076757,63.9002312088854,89.48258586592041,61.09379996570585
-1.0365321883776653,1.471063226680935,437.4474110292065,62.677764689347825,221.2742243191735,62.0646607962979,69.4458831319179,56.394618154965755
-0.9210871889273549,1.471063226680935,337.9345736371075,60.54952835595613,170.86859618569807,59.462298688117166,53.610860184503494,49.13982198240171
-0.8185000129460304,1.471063226680935,261.59394238064294,57.73699088857763,132.20840892122308,55.822397127478446,41.48060009705491,40.47573971442969
-0.7273386051246984,1.471063226680935,204.9492257491697,54.18819460506694,103.53745165323853,50.98411612912975,32.50201277290227,32.13869925334963
-0.6463304070095649,1.471063226680935,163.6709090343355,49.951088937395376,82.69364833634269,45.11143543476228,25.957316547711567,25.06877204843649
-0.5743445928509872,1.471063226680935,133.5275335249345,45.16147772035882,67.43843048559387,38.70898794911638,21.18594880773965,19.45773460661841
-0.5103762839557767,1.471063226680935,111.05768666784684,39.997019989452326,56.09286927924623,32.40990997428467,17.627952556177437,15.08654421503286
-0.4535325211846986,1.471063226680935,93.95456657646596,34.7023329647612,47.4899231977588,26.665989469787128,14.943797790863169,11.733476904550171
-0.40301979977966995,1.471063226680935,80.6955994037575,29.542455734775736,40.77588497744539,21.627350524671186,12.815729901963921,9.08175753219452
-0.35813299251433084,1.471063226680935,70.23138611476773,24.72770389017623,35.48974163869196,17.37452734595631,11.171979126437273,7.068516669634009
-0.3182455065418344,1.471063226680935,61.86650411083687,20.404297532761753,31.287334500023796,13.872689514898582,9.85511092316775,5.501500261433867
-0.2828005365353655,1.471063226680935,55.11214341063191,16.642157319740697,27.883399185359774,11.00896313199615,8.767166355363997,4.2567460902490515
-0.2513032920204875,1.471063226680935,49.60511463958224,13.444278078214861,25.090339605211554,8.683291004063559,7.885630155946606,3.2960577089683074
-0.22331409039755062,1.471063226680935,45.077883581952975,10.775216800617397,22.790122704320506,6.8181030731354255,7.175212991087788,2.564055203035406
-0.19844221923690444,1.471063226680935,41.33342917773473,8.581494872682603,20.893187854231222,5.340073586902168,6.589410064400459,1.9969123095234422
-0.17634048216824733,1.471063226680935,38.22167153588833,6.801374943339238,19.32281902727873,4.1772586320697265,6.0956264485017515,1.5506164530076927
-0.15670035222800524,1.471063226680935,35.624137252120484,5.371226805097543,18.01459350748986,3.2651126585704144,5.676969729290895,1.199713448597642
-0.13924766500838334,1.471063226680935,33.44581945025178,4.230671514928753,16.91721757152962,2.550292203738214,5.323424141761262,0.9266090537830318
-0.12373879148704055,1.471063226680935,31.610464088898127,3.325879447353519,15.991085369996561,1.9905192695076261,5.02614028883605,0.716050086347788
-0.10995723711238882,1.471063226680935,30.057028951727414,2.610884056602586,15.205657245802852,1.5526452555703079,4.776237832799922,0.5544155546247219
-0.09771061966979347,1.471063226680935,28.736643319693524,2.0475053492271647,14.53698790980138,1.2105955760723077,4.565408832816752,0.43028994409700766
-0.0868279837415025,1.471063226680935,27.610026158127837,1.6045749533007934,13.965899671995164,0.943760257497943,4.386529128882682,0.334682031537306
-0.07715741427178036,1.471063226680935,26.645398882575165,1.2569306596443095,13.476763010053627,0.7358241829543274,4.233831353511799,0.2607670880623689
-0.06856391592404971,1.471063226680935,25.81686267891784,0.9844168844156673,13.056694324393,0.5738972502316959,4.102768592141074,0.20343565489308688
-0.06092752862714207,1.471063226680935,25.10316109834134,0.770984750830284,12.695004526769335,0.44783430167984895,3.989767846541734,0.1588573554238836
-0.0541416530048151,1.471063226680935,24.48673867653551,0.603917312621465,12.382793503325198,0.3496842949751502,3.89199142509076,0.12413660181814913
-0.04811156231253989,1.471063226680935,23.953018717357352,0.4731781510181162,12.112633700893037,0.2732389888781567,3.807148433579879,0.09706318588513449
-0.04275308010908995,1.471063226680935,23.489841888997567,0.3708721371489988,11.878314110210246,0.2136647468860644,3.7333586993840617,0.07593640659076048
-0.0379914052040221,1.471063226680935,23.087023873175845,0.2908044566318104,11.674629725273103,0.16720538350463435,3.6690577659458334,0.05944028059681839
-0.03376006747802295,1.471063226680935,22.73600272793392,0.22812372839685538,11.497207666198307,0.1309451494427843,3.6129303537756225,0.0465530539911196
-0.03,1.471063226680935,22.42955519112276,0.17903576617708966,11.342363742198915,0.1026216077025063,3.563862517404507,0.03647995837397598
0.03,1.471063226680935,18.235603193111412,0.15630648014980245,9.221559782672008,0.08842813486524463,2.8911766988996543,0.030729980250142896
0.03376006747802295,1.471063226680935,18.015947777089725,0.19577268672219128,9.110015247178582,0.11071779509727304,2.8560985311193865,0.03840407431223297
0.0379914052040221,1.471063226680935,17.774736501616065,0.24477224785777585,8.987445618387866,0.13837916587826976,2.8175813073976372,0.04790480071489622
0.04275308010908995,1.471063226680935,17.510824997852946,0.3053963097207174,8.853253878162747,0.1725845868199107,2.7754271509045307,0.05962823056310962
0.04811156231253989,1.471063226680935,17.223326359940863,0.38008487806381575,8.706980916203644,0.2146968594019619,2.7294658417289814,0.07403932129447721
0.0541416530048151,1.471063226680935,16.91174652174554,0.47162160704357825,8.548383500305587,0.26626047271777914,2.6795706606660277,0.09167520619544714
0.06092752862714207,1.471063226680935,16.576165322472356,0.5830800643488959,8.377540580454687,0.32896066406480984,2.6256823326878616,0.11314164437299447
0.06856391592404971,1.471063226680935,16.21747972085017,0.7176853315031856,8.194996846559622,0.4045273211892686,2.5678477980173406,0.13909469019221218
0.07715741427178036,1.471063226680935,15.837733414347362,0.8785336498288753,8.001953879015428,0.49454936676098343,2.506285569295754,0.17019179615689628
0.0868279837415025,1.471063226680935,15.44056866065352,1.0680814091903925,7.800519128985217,0.6001518606927464,2.441495534598784,0.2069830721543214
0.09771061966979347,1.471063226680935,15.031851372603624,1.2872719024510544,7.594019509771719,0.7214769522699931,2.374434201218983,0.24969500706927117
0.10995723711238882,1.471063226680935,14.62053598002963,1.534121280656903,7.387377745769377,0.8569117591587337,2.3067657810481377,0.2978469969556442
0.12373879148704055,1.471063226680935,14.219839988740713,1.8015678079208306,7.187537031087972,1.0020404307329294,2.2411558899468584,0.3496727954093824
0.13924766500838334,1.471063226680935,13.84876293001473,2.074496264825852,7.003914831916899,1.14838601549308,2.1814810673745124,0.4014653243818789
0.15670035222800524,1.471063226680935,13.533872070314212,2.3262788965943377,6.848904104284814,1.2821518841603343,2.1327166375548257,0.4472617438485676
0.17634048216824733,1.471063226680935,13.311078909721713,2.516176839944632,6.73857879902838,1.3833248570621652,2.1003181437347207,0.47949347463507014
0.19844221923690444,1.471063226680935,13.22699548754888,2.5904653712833956,6.6940293517171225,1.4256310650774093,2.0895003802883467,0.49058604181488996
0.22331409039755062,1.471063226680935,13.3398999569954,2.491047115838569,6.743966236392769,1.3782659562673134,2.1060754092016722,0.4736579959224701
0.2513032920204875,1.471063226680935,13.722145209393073,2.1734509983080192,6.9287405592967914,1.2120575586893363,2.160912246236852,0.42039172547434533
0.2828005365353655,1.471063226680935,14.468598557810463,1.6323077804795556,7.304066358016635,0.9156751954348137,2.2757284209993993,0.3217144965542566
0.3182455065418344,1.471063226680935,15.714289784449912,0.9350549118054718,7.941298549802351,0.5250653394754642,2.4798588382935294,0.18468285864094486
0.35813299251433084,1.471063226680935,17.65028163170462,0.27243296004794265,8.926828295278495,0.15331524945522443,2.796947021854109,0.053467753643946125
0.40301979977966995,1.471063226680935,20.513770746262566,0.004493082882492312,10.375181159027868,0.0025671397827985347,3.2560825525533272,0.0008992795958807948
0.4535325211846986,1.471063226680935,24.581209900434196,0.6284315638588269,12.45133104857663,0.3703498649792619,3.9209059523757004,0.13401984084246635
0.5103762839557767,1.471063226680935,30.268504600963816,2.7051058688420784,15.345455393662888,1.6278680092603797,4.836997853326507,0.5923270700179016
0.5743445928509872,1.471063226680935,38.15994887875466,6.766696371317268,19.275626507923327,4.143371759368993,6.0902556417175795,1.545944716866388
0.6463304070095649,1.471063226680935,48.68199681782736,12.90123727035536,24.675926751301855,8.342879051998263,7.844979084310994,3.2530470983041084
0.7273386051246984,1.471063226680935,62.82053034604639,20.91746392859248,31.924026925686924,14.407391849420012,10.086672958826393,5.772978292499015
0.8185000129460304,1.471063226680935,82.28057971495248,30.213314662204752,41.56130591846184,22.2396340041141,13.340712790271526,9.732926156113734
0.9210871889273549,1.471063226680935,106.90486645659655,38.83610571404435,54.639710993739435,31.498598430353436,17.26849153586843,14.639029278617272
1.0365321883776653,1.471063226680935,141.50202930051287,46.6246005507888,71.17023305524395,40.47882240533127,23.00622805097732,21.637875117402942
1.166446554092426,1.471063226680935,183.9860761399182,52.284025077931595,94.58873518098659,48.789845321135566,30.163659180517495,29.703901154568186
1.3126438125222553,1.471063226680935,245.26229885036562,56.89186743078569,123.78925020371075,54.6677833608916,39.675562510822544,38.93146507182952
1.4771647895120215,1.471063226680935,318.97457351566175,59.98389183630482,162.51309209941104,58.846194733135476,52.820894768000336,48.664059045751685
1.6623060990028473,1.471063226680935,422.4178773167355,62.42377395140306,216.99243316935522,61.89706959841431,69.42704015360495,56.38826235988486
1.8706522023821734,1.471063226680935,561.295811098836,64.23296528804842,281.43287621194355,63.821754354985835,90.78761291083633,61.29435433410156
2.1051114860111477,1.471063226680935,730.4779254624912,65.47927914955477,371.8563759110375,65.30550406454827,119.57164813302322,64.14029748157037
2.368956860549917,1.471063226680935,964.4669044794585,66.46527445125952,490.9318716840679,66.37341471211234,158.168151579843,65.83133127506885
2.6658714488230206,1.471063226680935,1277.2046882683626,67.20861036468648,644.5711401563543,67.14057762344261,212.9444250980059,66.9518790512375
3.0,1.471063226680935,1670.1739627891566,67.74234914936366,850.3049982154339,67.71810360856426,282.53617341776743,67.65420433617224
-3.0,1.520929776737916,3458.3814235243276,68.62865920755218,1753.1229717974716,68.62240986890586,552.8876254260193,68.58823539169511
-2.6658714488230206,1.520929776737916,2727.2530447264317,68.40799041540686,1384.6639031799311,68.39888309498421,435.9163155241671,68.33884562469915
-2.368956860549917,1.520929776737916,2161.973767823481,68.13391599436386,1096.4870472032605,68.11645940271802,345.2806866310343,68.01625151039012
-2.1051114860111477,1.520929776737916,1715.5528719549193,67.78801414491052,868.9006066659537,67.75635295570179,273.89253151475884,67.58936315509152
-1.8706522023821734,1.520929776737916,1356.6670239850368,67.34192104182395,686.7611655040363,67.2884818035178,216.59913597162438,67.00228009747049
-1.6623060990028473,1.520929776737916,1071.0399179015067,66.76842948138605,542.304778178629,66.68108049617857,170.50983649768804,66.1643573658904
-1.4771647895120215,1.520929776737916,840.9604394005612,66.01511782243318,425.83340145749025,65.86903448221402,133.7928918212471,64.92183204519873
-1.3126438125222553,1.520929776737916,655.735161863068,65.01073975663218,331.8888497895231,64.7588212404786,104.20768910772684,62.921116392454735
-1.166446554092426,1.520929776737916,507.20937760763223,63.651258441449095,256.5943329612333,63.208277646813926,80.54871282860694,59.43274725408169
-1.0365321883776653,1.520929776737916,390.1110664470372,61.80795565540765,197.25579998797573,61.01573021235011,61.89965440085696,53.44670786300513
-0.9210871889273549,1.520929776737916,300.5225841780094,59.360534360566504,151.8851517180778,57.94645948605634,47.65437819351998,45.253611718234154
-0.8185000129460304,1.520929776737916,234.12612946992567,56.24352451322936,118.28678948002,53.808931352695666,37.11068215078801,36.62230021139242
-0.7273386051246984,1.520929776737916,185.80483626588423,52.467103312802244,93.83598066838931,48.58491750094528,29.46914089411807,28.960713357006362
-0.6463304070095649,1.520929776737916,150.55080640269196,48.100909587427154,76.0635064591326,42.591881841483406,23.879841496345005,22.66762593062139
-0.5743445928509872,1.520929776737916,124.43350565556865,43.27588384915149,62.840644856245994,36.32766212940835,19.74761130486912,17.705735581474904
-0.5103762839557767,1.520929776737916,104.57913692367623,38.152935189939626,52.823398967391945,30.325636179092946,16.60409474552716,13.810120955595638
-0.4535325211846986,1.520929776737916,89.20963409395523,32.97131694264655,45.09676994788263,24.92255041867024,14.194272298643344,10.79654573197405
-0.40301979977966995,1.520929776737916,77.12990380541451,27.97738532527913,38.976344171747236,20.204015891023698,12.251763238531865,8.385904308877665
-0.35813299251433084,1.520929776737916,67.49142196591066,23.356452926252572,34.10743837355627,16.23116004189765,10.738312557293002,6.546732581758417
-0.3182455065418344,1.520929776737916,59.72325137861343,19.23403902549039,30.206137877322817,12.963050263807553,9.515485593545469,5.107128409191523
-0.2828005365353655,1.520929776737916,53.411417459418864,15.664274446211962,27.024958009867778,10.28976116364695,8.497647743511164,3.957759179517656
-0.2513032920204875,1.520929776737916,48.23930786769535,12.640421403009665,24.400716983327175,8.117735358744099,7.669118925883782,3.0684619121065104
-0.22331409039755062,1.520929776737916,43.96992902750588,10.122816769157275,22.23075822604591,6.375411327832463,6.999189261424019,2.389802320790264
-0.19844221923690444,1.520929776737916,40.42687518283219,8.05732401344569,20.435580246704745,4.994664766397181,6.4449648429490916,1.8630749449573063
-0.17634048216824733,1.520929776737916,37.474316672622884,6.383532897895499,18.945532642594593,3.9082866623352626,5.976350571549168,1.4478659081432492
-0.15670035222800524,1.520929776737916,35.00389849032492,5.040156953464326,17.701357865512037,3.0559327218701684,5.577999748800344,1.1209653012521104
-0.13924766500838334,1.520929776737916,32.9279776327992,3.9695600663307102,16.655565130326476,2.3877783056098423,5.2409025644508835,0.8663029561407075
-0.12373879148704055,1.520929776737916,31.175761283324505,3.120658198230891,15.77134766171845,1.864372363268401,4.956966962827551,0.6698273127664491
-0.10995723711238882,1.520929776737916,29.690314246771916,2.450008314806932,15.020239535943938,1.454797268575294,4.717933732472956,0.518914835257926
-0.09771061966979347,1.520929776737916,28.42588969417989,1.92163232910793,14.379854049439928,1.1347335765736986,4.516005457844299,0.40295653099382983
-0.0868279837415025,1.520929776737916,27.345607518397706,1.5062205837896334,13.832205598985274,0.8849539767739898,4.344465844162518,0.31358712318374515
-0.07715741427178036,1.520929776737916,26.419552882281454,1.1801457562958781,13.36259131827963,0.690232846812088,4.197865318243956,0.24445409785465366
-0.06856391592404971,1.520929776737916,25.62328740503142,0.9245003609521956,12.958857249514848,0.5385367110068141,4.071901732509481,0.19080006132841598
-0.06092752862714207,1.520929776737916,24.9367089363187,0.7242389022678307,12.610894282757823,0.4203913778596544,3.963190808557853,0.14905721396945965
-0.0541416530048151,1.520929776737916,24.343181391945745,0.5674440066234737,12.3102665312669,0.32836908671160236,3.8690417126989667,0.1165270859859487
-0.04811156231253989,1.520929776737916,23.82886534205826,0.4447120131884938,12.049920029719855,0.25666808155620036,3.787279305562918,0.09114864767060109
-0.04275308010908995,1.520929776737916,23.38219626110142,0.3486458127350448,11.82394579692052,0.200769475575277,3.7161158483922634,0.07133489646064636
-0.0379914052040221,1.520929776737916,22.99347232475516,0.27344090984436564,11.627384040715784,0.15716024293609446,3.6540615450982337,0.055856955664619255
-0.03376006747802295,1.520929776737916,22.65452494761006,0.2145508622835048,11.456061795886498,0.12311222023580512,3.5998619859516037,0.043760032122131656
-0.03,1.520929776737916,22.358453069415205,0.16841917485639435,11.306458535393741,0.09650758628786169,3.5524532196931253,0.034300938812018886
0.03,1.520929776737916,18.28661467502566,0.14782814918616582,9.247398986922079,0.08364853478159151,2.8993517415677097,0.02907289805824976
0.03376006747802295,1.520929776737916,18.071982902031227,0.18524404293538096,9.138409364843152,0.10478636320599556,2.8650767058443707,0.0363521214679434
0.0379914052040221,1.520929776737916,17.83606723634634,0.2317416681065316,9.018535824801527,0.13104348038813146,2.8274062053876894,0.04537288176093767
0.04275308010908995,1.520929776737916,17.577665026590218,0.2893354153721709,8.887152308280857,0.163549821705528,2.7861335317657754,0.05651717939925195
0.04811156231253989,1.520929776737916,17.295800242566834,0.3603883761618321,8.743754785830518,0.20362606127326194,2.7410750587157473,0.0702357969474861
0.0541416530048151,1.520929776737916,16.98984901720623,0.44761656800371785,8.58803397221776,0.25278038647479323,2.69208462674101,0.0870531316618174
0.06092752862714207,1.520929776737916,16.659708054157807,0.5540515013795774,8.419974823617453,0.3126771364118555,2.6390755126417442,0.1075663603146017
0.06856391592404971,1.520929776737916,16.306021493505444,0.6829286257299518,8.23999131891766,0.38505642406402874,2.5820564468764298,0.13243177380223994
0.07715741427178036,1.520929776737916,15.930489304145048,0.8374495758732753,8.049106384712122,0.4715732246960983,2.5211930406371357,0.16232378469511233
0.0868279837415025,1.520929776737916,15.536291387114249,1.0203364267134145,7.849186702740268,0.5735115483506665,2.4569119753847257,0.19783931194526883
0.09771061966979347,1.520929776737916,15.128676364480947,1.233054328527109,7.6432387410256295,0.6913178457329084,2.3900685104412243,0.23930235282005896
0.10995723711238882,1.520929776737916,14.715779100591977,1.4745298080667746,7.43576383447745,0.8238969849477381,2.3221878257595865,0.28641066071995847
0.12373879148704055,1.520929776737916,14.309734681133014,1.7391633508360382,7.233157526708741,0.967640700522592,2.2557484784522326,0.3376928808739816
0.13924766500838334,1.520929776737916,13.928122886311828,2.0140097295933725,7.044132880564717,1.1152313541725298,2.1943846258782873,0.38987736354715596
0.15670035222800524,1.520929776737916,13.595668001657145,2.275356741061086,6.880182144928617,1.2543830930707058,2.142772915880756,0.437553915313045
0.17634048216824733,1.520929776737916,13.345922562881885,2.485817263773842,6.756224041510062,1.3668013901458012,2.1060141834782664,0.47371980607992364
0.19844221923690444,1.520929776737916,13.222519472532037,2.59446092244976,6.691846765841284,1.4277255763472674,2.0888868514309276,0.4912201846003898
0.22331409039755062,1.520929776737916,13.279978101217992,2.5434850353433576,6.713775778256514,1.4067743798699677,2.0965915746989503,0.4832958104189603
0.2513032920204875,1.520929776737916,13.585783545845771,2.2834516192693552,6.859746239983124,1.27248100899936,2.1390795929127644,0.4411031352897419
0.2828005365353655,1.520929776737916,14.228214998377823,1.7956939618507342,7.182146972924275,1.006155361265441,2.236902205544709,0.3532147218304034
0.3182455065418344,1.520929776737916,15.333347757470717,1.1231549669040848,7.748259681978663,0.6295761269559657,2.418355770933597,0.2211754875674979
0.35813299251433084,1.520929776737916,17.081186005871388,0.42044931521595513,8.639156609587614,0.23598277520022154,2.7058333426457564,0.08212945310339322
0.40301979977966995,1.520929776737916,19.696943344184877,0.008747306391005492,9.961405728449918,0.004985918786429188,3.1248507551461002,0.0017554261571759533
0.4535325211846986,1.520929776737916,23.44103836056033,0.3607214049440739,11.869491100546158,0.21154793592855403,3.734678555628819,0.07629393528469386
0.5103762839557767,1.520929776737916,28.69845892685382,2.0318930222066296,14.545099125553202,1.2145601185303312,4.582355554868951,0.439824112017824
0.5743445928509872,1.520929776737916,36.016992872734875,5.583229828763571,18.194650054137703,3.387076998891634,5.74581557381095,1.2554856531712477
0.6463304070095649,1.520929776737916,45.81401615133008,11.209414036527427,23.218903651563707,7.16074135082197,7.376791423317659,2.7672861678723555
0.7273386051246984,1.520929776737916,59.00483308469933,18.83659751000878,29.978310238153128,12.771230702916522,9.469658840380733,5.054285457376211
0.8185000129460304,1.520929776737916,77.1746502534439,27.997508201176714,38.98277256686324,20.209148898325726,12.50479945138964,8.69757667306335
0.9210871889273549,1.520929776737916,100.22776493759727,36.80731116312526,51.21212049887844,29.253662804395,16.18320146105812,13.284112779218283
1.0365321883776653,1.520929776737916,132.6087514176116,44.98204443831273,66.70257681332502,38.343050500837876,21.55061402188865,19.898010437493134
1.166446554092426,1.520929776737916,172.4591157930139,51.03005079700435,88.63682313743476,47.07176279188969,28.25967103266246,27.645189729674172
1.3126438125222553,1.520929776737916,229.89410307192492,55.9796189063324,116.03248402925068,53.429786335834876,37.18092606605967,36.68732915304467
1.4771647895120215,1.520929776737916,299.11286500011977,59.30955144668449,152.37822170265284,57.991473498782234,49.510156390779144,46.539124046576916
1.6623060990028473,1.520929776737916,396.21579237315035,61.9324237598804,203.49904850420032,61.31578406203522,65.10204552480485,54.800608858393026
1.8706522023821734,1.520929776737916,526.6170571390938,63.87431886092784,264.06239895034764,63.4063064944601,85.17036389265024,60.360339849607826
2.1051114860111477,1.520929776737916,685.6484974198682,65.21093072172653,349.0191127575157,65.0098463718233,112.21692908875258,63.61902377412071
2.368956860549917,1.520929776737916,905.576121915575,66.2663438215232,460.9373637197783,66.15991678724623,148.4910317047773,65.51826005460218
2.6658714488230206,1.520929776737916,1199.580463334228,67.06098861653004,605.4067039232156,66.98388562485698,199.9660589997913,66.75462891045463
3.0,1.520929776737916,1569.2288907317024,67.63114963530171,798.892401599205,67.60272971549904,265.40289210008433,67.52091642400455
-3.0,1.5707963267948966,3230.896493982516,68.57078354918579,1637.8931406564277,68.56351215441016,516.5321738945651,68.52369641118912
-2.6658714488230206,1.5707963267948966,2542.654824313334,68.33201670573769,1290.9506929022232,68.32120036005519,406.4047494907157,68.25110843180471
-2.368956860549917,1.5707963267948966,2009.0419685712025,68.03293870439998,1018.9399929746844,68.01236617051677,320.8385691143685,67.89417050936501
-2.1051114860111477,1.5707963267948966,1586.190592841401,67.65083874271699,803.4142145842835,67.61349188007512,253.20904372843668,67.41322976664281
-1.8706522023821734,1.5707963267948966,1245.2914333494375,67.15019003540154,630.4016909918843,67.08624539625416,198.75521851788073,66.7346107589687
-1.6623060990028473,1.5707963267948966,973.1006656402388,66.49236599754315,492.67492874632137,66.38497183673803,154.8731894664164,65.73054811376687
-1.4771647895120215,1.5707963267948966,754.2610110174418,65.60829610026812,381.83139347525906,65.42263516074436,119.93916359684277,64.16390252122449
-1.3126438125222553,1.5707963267948966,580.0455757937084,64.40832242614843,293.4621740241632,64.0775629325204,92.12281000769165,61.49030694717798
-1.166446554092426,1.5707963267948966,443.8888294319218,62.78110205157715,224.44568700948767,62.18410499428845,70.43650934954562,56.72229554188468
-1.0365321883776653,1.5707963267948966,340.51836180667385,60.62145626217768,172.0866772643923,59.54629425416792,53.99076115665286,49.364407262839535
-0.9210871889273549,1.5707963267948966,264.2891547929996,57.86580930360253,133.50720586932647,55.98542440210966,41.887401362403324,40.81453726116994
-0.8185000129460304,1.5707963267948966,208.94996717432144,54.5060210282487,105.53807237669449,51.419516460786504,33.109191068927046,32.753587034745976
-0.7273386051246984,1.5707963267948966,168.60108505210508,50.57062978201212,85.12872455124968,45.946472584595675,26.74571186619081,25.961390613403644
-0.6463304070095649,1.5707963267948966,138.6581834914215,46.1215147470165,70.05895848706346,39.96657336021279,21.99807391860004,20.435909190823043
-0.5743445928509872,1.5707963267948966,116.00224766410423,41.2867108989841,58.58170940523516,33.91476178516048,18.414493004732467,16.062786881631354
-0.5103762839557767,1.5707963267948966,98.42061704712891,36.2214996992631,49.71699923169329,28.232760139313832,15.630714318043346,12.593006468851325
-0.4535325211846986,1.5707963267948966,84.59577630433041,31.166170695531896,42.769811392234864,23.170508294713677,13.464758434980833,9.887173736808812
-0.40301979977966995,1.5707963267948966,73.59667110839771,26.349537154989367,37.19339145164409,18.76789636914946,11.692691123262888,7.700960296458242
-0.35813299251433084,1.5707963267948966,64.73534549011919,21.932362152223597,32.71698337593288,15.071779130653262,10.301724925170284,6.0268165502706115
-0.3182455065418344,1.5707963267948966,57.54167700143501,18.019574922279517,29.105296434621945,12.036210148525761,9.169405356555531,4.710421251930787
-0.2828005365353655,1.5707963267948966,51.663874497518385,14.649642091666923,26.14258497798398,9.554034227494093,8.220497961085792,3.6549594832879855
-0.2513032920204875,1.5707963267948966,46.82528953756417,11.806275295002958,23.68658827665493,7.537395440972178,7.444839729149255,2.836733712418722
-0.22331409039755062,1.5707963267948966,42.81589592980863,9.44569130894547,21.64806011890902,5.920031867937944,6.8157272360953165,2.2115963392847533
-0.19844221923690444,1.5707963267948966,39.4779483024877,7.513141770101152,19.956541021211333,4.638630577727525,6.29365546927274,1.7257159104338682
-0.17634048216824733,1.5707963267948966,36.68882402585619,5.94960105692523,18.548949040482917,3.6305567046932326,5.85089761397194,1.3421269063230357
-0.15670035222800524,1.5707963267948966,34.349756276263655,4.69621208645776,17.370952561358646,2.8396172178143337,5.473557319110677,1.0397586611728837
-0.13924766500838334,1.5707963267948966,32.38021510558029,3.6981819772105577,16.37874952391736,2.219502632413306,5.153572935650494,0.8040093710320462
-0.12373879148704055,1.5707963267948966,30.714765077540765,2.9072718076254493,15.538281194803012,1.7336051840216813,4.8835842779792795,0.6220117529087306
-0.10995723711238882,1.5707963267948966,29.300549369414917,2.2826520295949333,14.823138193155682,1.3532636983483042,4.6559479542140645,0.4821428106232922
-0.09771061966979347,1.5707963267948966,28.09495375524008,1.7906239903535646,14.212493788749576,1.0559427665483634,4.463381282357817,0.37461049292927845
-0.0868279837415025,1.5707963267948966,27.06352532002198,1.4038018670160128,13.68956570700577,0.8238264846355581,4.299583207629023,0.2916867721442039
-0.07715741427178036,1.5707963267948966,26.17824636250897,1.100147094044217,13.240593615106201,0.6428051883151453,4.159429585674295,0.22750127771823608
-0.06856391592404971,1.5707963267948966,25.416173949417825,0.8620443728735852,12.854170606863404,0.5017251812220761,4.038869926615629,0.17765683641991942
-0.06092752862714207,1.5707963267948966,24.758394025785275,0.6754873693644374,12.520784728197958,0.3918028043128929,3.934714635851428,0.13885480645438858
-0.0541416530048151,1.5707963267948966,24.18922109055266,0.5293871200359158,12.232480342348966,0.30614972803067075,3.8444248613268672,0.10859914079327918
-0.04811156231253989,1.5707963267948966,23.695581032593424,0.4149958347725544,11.98259153080446,0.23938379937007956,3.765945636328967,0.08498227310083759
-0.04275308010908995,1.5707963267948966,23.266528932118863,0.3254328672858915,11.76552412430267,0.18731142278304982,3.6975854836987896,0.06653436232721087
-0.0379914052040221,1.5707963267948966,22.89286714542893,0.2552987088934555,11.576574704200272,0.14667114348037716,3.637932594012401,0.052116432864302877
-0.03376006747802295,1.5707963267948966,22.56683927583705,0.20036349213610577,11.411779885756813,0.11492906450828247,3.585796320041814,0.04084290053311669
-0.03,1.5707963267948966,22.281882747266188,0.15731762687176043,11.267791139389809,0.09011727056325733,3.540165219137984,0.03202396211778438
0.03,1.5707963267948966,18.342248535920202,0.1388725315975088,9.275578579548682,0.07859840365433379,2.9082668734700996,0.02732170717766097
0.03376006747802295,1.5707963267948966,18.13315642288809,0.17411180389616115,9.169405852061171,0.09851293708156797,2.8748773302973256,0.03418141667897289
0.0379914052040221,1.5707963267948966,17.90309982161377,0.2179479504333242,9.052514647354219,0.1232756045664054,2.8381434754201016,0.04269118230138463
0.04275308010908995,1.5707963267948966,17.650819038410592,0.27230997969819637,8.924250534180613,0.15396911812613595,2.7978500030039934,0.0532173045972806
0.04811156231253989,1.5707963267948966,17.375249031329894,0.33947328912760627,8.784064644438594,0.19186603295171653,2.75379996666086,0.06619435589971119
0.0541416530048151,1.5707963267948966,17.075634627148617,0.42207286537466415,8.63158086469399,0.23843084261300126,2.7058276401674646,0.0821314619709887
0.06092752862714207,1.5707963267948966,16.75168562267146,0.5230816699577269,8.466688166650764,0.29529797822587234,2.6538184212636016,0.10161407733913921
0.06856391592404971,1.5707963267948966,16.403786445448258,0.6457255233862779,8.289666134145174,0.3642070126736494,2.597741959030604,0.12529488928154742
0.07715741427178036,1.5707963267948966,16.03328218573049,0.7932878498820936,8.101353035588001,0.4468665413012148,2.5377094412070558,0.15386069633806104
0.0868279837415025,1.5707963267948966,15.642873476130369,0.968729911922966,7.903365650773188,0.5447060382923269,2.4740718444781136,0.18795007746126455
0.09771061966979347,1.5707963267948966,15.237166968803619,1.1740119379000638,7.69837672879654,0.6584634375288198,2.4075792143379453,0.22797945101229594
0.10995723711238882,1.5707963267948966,14.823442848742724,1.4089504679559246,7.490447578277323,0.7875531139717308,2.3396115821116283,0.2738215675306503
0.12373879148704055,1.5707963267948966,14.412704733929397,1.6694092157167355,7.2854006910112314,0.92917868349274,2.2724513761758147,0.32430191109045575
0.13924766500838334,1.5707963267948966,14.021045245352433,1.9446656705413767,7.091211034088108,1.0772136498585856,2.209477711039031,0.3765979917135099
0.15670035222800524,1.5707963267948966,13.671254714907219,2.214083336471166,6.918426509504388,1.2209684242738346,2.155052377265162,0.4258872310382274
0.17634048216824733,1.5707963267948966,13.394406817920434,2.443983164768505,6.780754946727698,1.3440479340112539,2.1139030308489013,0.4657992568542476
0.19844221923690444,1.5707963267948966,13.23100204632341,2.586892410519981,6.696211195390973,1.42353931295808,2.090352505585733,0.48970618434289376
0.22331409039755062,1.5707963267948966,13.231611171122534,2.586349498040216,6.6894427998802515,1.4300349060337625,2.0889681832151807,0.49113608900479877
0.2513032920204875,1.5707963267948966,13.458619898246926,2.3893072068526506,6.79544417737645,1.3305436794834213,2.118748682010336,0.46097752637019207
0.2828005365353655,1.5707963267948966,13.9934283298006,1.9651096310207752,7.063112054388234,1.0998026347688097,2.1990171949041812,0.3857701311165583
0.3182455065418344,1.5707963267948966,14.952766525102108,1.3326375872476306,7.5554447815373535,0.745669261233641,2.356949206904336,0.2616388465908711
0.35813299251433084,1.5707963267948966,16.505045799305353,0.6084740750711551,8.347948001748946,0.3405989567951118,2.6136168698978546,0.11830256621394178
0.40301979977966995,1.5707963267948966,18.862834824734335,0.0693822057755076,9.538921408975506,0.03938916048504934,2.9908796078993936,0.013804273319827592
0.4535325211846986,1.5707963267948966,22.269759839458885,0.15559171611279618,11.271921018070756,0.0907901430157577,3.5434692700472668,0.032629054954263215
0.5103762839557767,1.5707963267948966,27.078809406726705,1.409283555505955,13.719620520323895,0.8365656289888483,4.319757757922507,0.30145229033685306
0.5743445928509872,1.5707963267948966,33.79974467104834,4.411527604608015,17.076214334769247,2.650619885119049,5.389490150943156,0.9758659707486279
0.6463304070095649,1.5707963267948966,42.839746026108195,9.459652318917296,21.70803054538066,5.966605860297523,6.891391979371832,2.28465699972873
0.7273386051246984,1.5707963267948966,55.04097788239914,16.601449829517275,27.95728014546168,11.07097934943854,8.828768699569935,4.325668347571928
0.8185000129460304,1.5707963267948966,71.86417223135021,25.52325311699916,36.30096242649164,18.0403713823267,11.63553813142046,7.631262659849113
0.9210871889273549,1.5707963267948966,93.27600146184986,34.46232830545607,47.64388000953787,26.776049504537603,15.05331402085939,11.870492114492896
1.0365321883776653,1.5707963267948966,123.34311891979871,43.03248622869444,62.04770075287649,35.89374952745741,20.03406220363663,18.056500955410577
1.166446554092426,1.5707963267948966,160.44142371471327,49.52413074463918,82.43174051704197,45.01886284701036,26.27454355265167,25.429206304535892
1.3126438125222553,1.5707963267948966,213.86337749124155,54.8791824520204,107.94099346014217,51.91880913226995,34.57837307269014,34.21129549961115
1.4771647895120215,1.5707963267948966,278.38390221064236,58.49639511757336,141.80037802543075,56.94435785345067,46.05428002270048,44.0897458961643
1.6623060990028473,1.5707963267948966,368.85602977339994,61.34064315772641,189.4086821473219,60.60603884283629,60.584962046496535,52.843344877773504
1.8706522023821734,1.5707963267948966,490.38751634012243,63.44298792434976,245.91415204526479,62.90149835708816,79.30045986367628,59.1529565953497
2.1051114860111477,1.5707963267948966,638.7907615809384,64.88872372874836,325.14705613070106,64.65206986812173,104.52732185657796,62.95213182701209
2.368956860549917,1.5707963267948966,843.9902051764656,66.02778110777457,429.56785745744344,65.90240399168817,138.3679253851232,65.12620009432214
2.6658714488230206,1.5707963267948966,1118.362818874993,66.88412561785864,564.4262406892179,66.79536523613942,186.38260564199336,66.51143129719334
3.0,1.5707963267948966,1463.5592674320594,67.49804125395983,745.0691350076661,67.46418164911007,247.46212183753036,67.35816305475682
