eps,eta,N_LZ,Tstat_LZ,N_XNT,Tstat_XNT,N_PANDA,Tstat_PANDA
-3.0,-1.5707963267948966,2939.4700995128014,68.48344268100425,1487.7370899998077,68.47279355379924,467.1304834582888,68.41860073695341
-2.6658714488230206,-1.5707963267948966,2309.4354282359536,68.21848377905532,1168.3529534774405,68.20026942276802,366.9475898931931,68.10941092766865
-2.368956860549917,-1.5707963267948966,1812.9461403078096,67.8782002532291,917.0880338341576,67.84801151621572,288.1142359166334,67.69368708214903
-2.1051114860111477,-1.5707963267948966,1421.5797543133128,67.43957564835813,718.9405191249525,67.3891230686752,226.07320188628887,67.12386731474211
-1.8706522023821734,-1.5707963267948966,1113.6419040978717,66.87303479509748,563.0411343785761,66.78848751374417,177.06617210683916,66.3172889429993
-1.6623060990028473,-1.5707963267948966,871.1013435237865,66.13706896961253,440.73171012657383,65.99854811482906,138.4640242704231,65.13029329317494
-1.4771647895120215,-1.5707963267948966,680.6136546622814,65.17850905743325,344.20554005733584,64.94206350349006,108.21170647599808,63.289629557794
-1.3126438125222553,-1.5707963267948966,531.225575574865,63.9247916021249,268.60494494646383,63.52074629035871,84.35450231348544,60.20807450439764
-1.166446554092426,-1.5707963267948966,414.03743035650007,62.27372958093377,209.30627607129682,61.57648717474994,65.78913755311845,55.07063728253813
-1.0365321883776653,-1.5707963267948966,322.34577604458224,60.08961983618869,162.9589206752038,58.88094113644752,51.200719468089495,47.65084944577754
-0.9210871889273549,-1.5707963267948966,250.74063336769694,57.18840408321882,126.783730252487,55.09898310978484,39.850101254674605,39.08370942044482
-0.8185000129460304,-1.5707963267948966,195.044168097455,53.34204287949865,98.59662297403052,49.825533366793024,30.98713927944034,30.573308505843322
-0.7273386051246984,-1.5707963267948966,151.8653071735109,48.300820047247484,76.70996273891751,42.854323985580876,24.12983555992429,22.96018841833583
-0.6463304070095649,-1.5707963267948966,118.38153430626288,41.87371920897009,59.81885038614219,34.63662569693153,18.803394461747867,16.543731062798653
-0.5743445928509872,-1.5707963267948966,92.66552355748912,34.24428362223178,46.79410114623423,26.16536605390663,14.725294820142693,11.460172485836958
-0.5103762839557767,-1.5707963267948966,72.91655585935285,26.027366927402685,36.81778793251981,18.462361464538624,11.575969197398893,7.558688659194848
-0.4535325211846986,-1.5707963267948966,57.827728007723366,18.18008157044556,29.183509822303733,12.10204464795219,9.1923150883889,4.736508929218349
-0.40301979977966995,-1.5707963267948966,46.35390014790124,11.528039280193035,23.420081365060252,7.322404794070015,7.369030949468658,2.7593924841227606
-0.35813299251433084,-1.5707963267948966,37.77355869191182,6.550288054826653,19.055192801318274,3.986001197056214,5.997916854254084,1.4662872214864755
-0.3182455065418344,-1.5707963267948966,31.34973014346939,3.202333566580789,15.795246071619804,1.8779595726996021,4.979790709428626,0.6849569308749374
-0.2828005365353655,-1.5707963267948966,26.557207926106635,1.226730072593119,13.406179600886592,0.7075024562605784,4.221922661511525,0.2553180961861831
-0.2513032920204875,-1.5707963267948966,23.105144230812645,0.29422216341427,11.643168106093515,0.16048504351075876,3.657032380055806,0.056558787433713446
-0.22331409039755062,-1.5707963267948966,20.605004157235996,0.00716120477069661,10.38799241717214,0.0029552893897188508,3.2636019288844476,0.0011590809466955376
-0.19844221923690444,-1.5707963267948966,18.857955639786358,0.06991644666439756,9.506966034349553,0.043393670469957096,2.991756177179803,0.013686512142434751
-0.17634048216824733,-1.5707963267948966,17.657456581409082,0.2707935862899511,8.91146614432809,0.15723467380225062,2.7937778832469733,0.05435184506517145
-0.15670035222800524,-1.5707963267948966,16.898141064695988,0.47587690983079634,8.510887420565243,0.2793753522517094,2.678849315329939,0.09194574966451263
-0.13924766500838334,-1.5707963267948966,16.44115756311776,0.6318265439637849,8.287972731615394,0.3649066791606185,2.6015871179200314,0.12358004322006003
-0.12373879148704055,-1.5707963267948966,16.201485817657513,0.7240724954671076,8.181347843028487,0.41054494457958657,2.564642583143298,0.14062397259522197
-0.10995723711238882,-1.5707963267948966,16.133006703610853,0.7517992768327307,8.146300602822933,0.4262356881007347,2.5603135333959526,0.14270489067021502
-0.09771061966979347,-1.5707963267948966,16.18502721425597,0.7306802048947724,8.169201808414936,0.4159437168183978,2.5642399135173606,0.14081678208712475
-0.0868279837415025,-1.5707963267948966,16.313737913185896,0.6799476634825748,8.236665529605123,0.3864764742241598,2.5818649378922314,0.13252032221266355
-0.07715741427178036,-1.5707963267948966,16.491993712094697,0.6132031401303782,8.331696940160285,0.34708977008519304,2.613559738150946,0.11832731794222058
-0.06856391592404971,-1.5707963267948966,16.703163527697523,0.5392911020082409,8.441364992557169,0.3046484917347737,2.6502215745486204,0.10304851060738571
-0.06092752862714207,-1.5707963267948966,16.93432655481746,0.46460771361158637,8.558360406615117,0.26283116384429384,2.686735615339302,0.08901233238201409
-0.0541416530048151,-1.5707963267948966,17.174354240026002,0.3937309103907713,8.678508551158195,0.22349485570763036,2.7230901434718535,0.07617581379230212
-0.04811156231253989,-1.5707963267948966,17.414327257757268,0.3294433794088115,8.798755065988564,0.18767707362929115,2.7599935275826466,0.06427519809571575
-0.04275308010908995,-1.5707963267948966,17.647878004162074,0.2729833849106906,8.916530099028371,0.15593665010797741,2.797035827530242,0.053443094097720585
-0.0379914052040221,-1.5707963267948966,17.870932138885006,0.2245091186128752,9.029772784382542,0.1284458833318121,2.833159006857266,0.043925042171754615
-0.03376006747802295,-1.5707963267948966,18.081147958980058,0.18355221650685047,9.137021672469661,0.10507213172239799,2.867419264006194,0.03582672393245704
-0.03,-1.5707963267948966,18.277363786913583,0.14934668631753625,9.237392787890357,0.0854824767400217,2.899286913245596,0.029085845427197266
0.03,-1.5707963267948966,22.64194298826775,0.21248829222167454,11.456971117463144,0.12328294817483101,3.595546045054279,0.04285508271797459
0.03376006747802295,-1.5707963267948966,22.991904041668114,0.2731538657325179,11.634258198727155,0.1586043853207123,3.6521291562745755,0.0554025876276323
0.0379914052040221,-1.5707963267948966,23.396664187013137,0.3515983339435682,11.839116294471898,0.2043318758643686,3.717410165570311,0.07167581932134483
0.04275308010908995,-1.5707963267948966,23.86605658005842,0.4531603235136171,12.076631062473428,0.2636707416256521,3.792485810956219,0.09268258178861646
0.04811156231253989,-1.5707963267948966,24.411769990224474,0.584752278724756,12.353018144377454,0.3408642250037681,3.878669370505698,0.11969385370403672
0.0541416530048151,-1.5707963267948966,25.04756835236778,0.7552408710017107,12.675730695838567,0.4414818001332641,3.97807714908992,0.15451364648149896
0.06092752862714207,-1.5707963267948966,25.789594037202857,0.9758876337541305,13.053371176923422,0.5726812043311416,4.094463735408771,0.2000027135428609
0.06856391592404971,-1.5707963267948966,26.65709589844332,1.2609569146699064,13.495456493416011,0.7433982285870357,4.23318981470219,0.26047234890673493
0.07715741427178036,-1.5707963267948966,27.674129695738095,1.6287534129380044,14.012624168067207,0.9646505793920147,4.398677172623405,0.3408753276415939
0.0868279837415025,-1.5707963267948966,28.87225824146276,2.1032774204140137,14.618541831880767,1.2506707792230438,4.591351443598826,0.4449175779581761
0.09771061966979347,-1.5707963267948966,30.292157991060392,2.7157088163085468,15.333841210653926,1.6215720813558292,4.813361805078039,0.5774698383376355
0.10995723711238882,-1.5707963267948966,31.980317489044772,3.5033912950873587,16.187458612001635,2.1055109509416416,5.081029037014346,0.75349867062789
0.12373879148704055,-1.5707963267948966,33.98425574902532,4.506549581088638,17.207818544865088,2.734533610416407,5.406916099842307,0.9889995889956152
0.13924766500838334,-1.5707963267948966,36.364986367135714,5.772421739589426,18.416145726901014,3.538763008414651,5.779734371109815,1.2832548715308851
0.15670035222800524,-1.5707963267948966,39.218600137297514,7.365332907771133,19.855047403864315,4.56397570062653,6.23702058234264,1.6750835038127379
0.17634048216824733,-1.5707963267948966,42.63773316683758,9.3414518715513,21.59577457284939,5.879483311777727,6.783613225460009,2.1807776327038617
0.19844221923690444,-1.5707963267948966,46.72161578336777,11.74508313054487,23.667313539232676,7.521815904648111,7.435660675567137,2.8273418884258743
0.22331409039755062,-1.5707963267948966,51.70086005021779,14.67120620820169,26.171415807962155,9.578003055192378,8.221160608741046,3.6556774755058967
0.2513032920204875,-1.5707963267948966,57.636771487656574,18.072974512573616,29.19877351787719,12.114893189388148,9.184720848033479,4.7278584188488715
0.2828005365353655,-1.5707963267948966,64.8869115082604,22.011817009837372,32.84896161107671,15.182157764693908,10.322033273698239,6.0508685264064
0.3182455065418344,-1.5707963267948966,73.5854567613558,26.344247999471754,37.256254353795086,18.8189350985713,11.70690628232061,7.718305589227373
0.35813299251433084,-1.5707963267948966,84.26600445938963,31.032394636387846,42.66293003379749,23.088743058905543,13.387193026694533,9.790707721035854
0.40301979977966995,-1.5707963267948966,97.13428920124768,35.79452221851089,49.1837270863386,27.86258222218291,15.445005863120373,12.360622562313548
0.4535325211846986,-1.5707963267948966,112.84906114131883,40.47549994902782,57.14449735132986,33.054372371625135,17.9614338368858,15.500992576989562
0.5103762839557767,-1.5707963267948966,132.02516171011828,44.866839075556804,66.85825773863279,38.42094497911606,21.03278981709452,19.272324515811047
0.5743445928509872,-1.5707963267948966,155.54487506885607,48.842371438213675,78.76147419573248,43.66253481732467,24.741882534916698,23.67235596388192
0.6463304070095649,-1.5707963267948966,184.36278542464188,52.3222547967386,93.29101816167427,48.43441066831228,29.295775893733612,28.773797368807244
0.7273386051246984,-1.5707963267948966,219.78498196780825,55.30549142582033,111.30921075747804,52.57808149270646,34.94145115313837,34.56491247272396
0.8185000129460304,-1.5707963267948966,264.02245863728166,57.85318707651716,133.57208121393487,55.99347026154111,41.93006358156974,40.84987096838526
0.9210871889273549,-1.5707963267948966,319.19254005369424,59.99079928822123,161.32865354633512,58.75278912595164,50.76537110870436,47.36992006894911
1.0365321883776653,-1.5707963267948966,387.8550862131714,61.76091428387121,195.96321377693423,60.95084883302968,61.72922267992777,53.37009423593548
1.166446554092426,-1.5707963267948966,473.50677367353654,63.218420368652005,239.74666463789197,62.71026328681289,75.47844320706577,58.2070708370221
1.3126438125222553,-1.5707963267948966,583.076706561446,64.43557108472177,294.64225536204503,64.10141287294506,92.71111735473968,61.57382526137501
1.4771647895120215,-1.5707963267948966,720.8058185817714,65.42429670613025,364.4033027410003,65.21343937748243,114.67245690233865,63.80411284727453
1.6623060990028473,-1.5707963267948966,894.9987002038513,66.22776715358897,453.21581333759246,66.10006587941436,142.32261900264427,65.28841557890763
1.8706522023821734,-1.5707963267948966,1118.2212351174242,66.88379438702559,565.9398114588114,66.80284024191043,177.35939812404513,66.32379354823475
2.1051114860111477,-1.5707963267948966,1399.8037016446158,67.40784267425333,708.3267281531926,67.35698291248445,222.36072795730624,67.07770225637731
2.368956860549917,-1.5707963267948966,1761.1643340436667,67.8315092299235,889.9475770484365,67.79764981955826,280.195822682225,67.63710141700088
2.6658714488230206,-1.5707963267948966,2216.124898966672,68.16629305630725,1120.6187962036686,68.14583314190769,352.3827866049191,68.04819154444135
3.0,-1.5707963267948966,2797.928101897034,68.43440069166886,1414.7930968284222,68.42162548488893,444.23021271704175,68.3612772735044
-3.0,-1.5209297767379157,2705.474175947648,68.39957133641316,1369.532846761612,68.387075937482,430.234933863784,68.32297381172039
-2.6658714488230206,-1.5209297767379157,2122.262806365064,68.1091106074797,1073.779061532698,68.08757879208457,337.38768080241954,67.9789907670174
-2.368956860549917,-1.5209297767379157,1663.4214352952374,67.73533799739775,841.5265909764391,67.69943854133888,264.4634634525076,67.51302942496994
-2.1051114860111477,-1.5209297767379157,1301.8980421434926,67.25181230581313,658.3783180758682,67.19116553941308,207.1533512540901,66.86758319058231
-1.8706522023821734,-1.5209297767379157,1017.9518306369376,66.62553603561327,514.6376248665847,66.52347959416883,161.9311161270464,65.93988439890056
-1.6623060990028473,-1.5209297767379157,794.5841791023068,65.80887382445948,402.0495067347921,65.64082813653809,126.35553574008374,64.54445109293654
-1.4771647895120215,-1.5209297767379157,619.5291428836347,64.74161557138383,313.32004888826043,64.45258006898109,98.5444458752031,62.31881906353867
-1.3126438125222553,-1.5209297767379157,482.53422712401783,63.34055754843844,243.97958149663256,62.842687044968216,76.63766990031137,58.50897628032901
-1.166446554092426,-1.5209297767379157,375.3008753205496,61.48823666480145,189.7082179060044,60.62239814999684,59.65176244439584,52.397538375714085
-1.0365321883776653,-1.5209297767379157,291.61436848866714,59.02956397268007,147.41385192258156,57.522039571427534,46.32708605325464,44.29183422233832
-0.9210871889273549,-1.5209297767379157,226.43300782647964,55.75599901775061,114.48894414118864,53.16027390523009,35.996312949132154,35.57726395264839
-0.8185000129460304,-1.5209297767379157,175.8916218827774,51.4213068195135,88.90675724548015,47.15472860401965,27.948900326903487,27.302873660415507
-0.7273386051246984,-1.5209297767379157,136.8411736044765,45.78945057473293,69.1077169855531,39.51821545361581,21.745564547435585,20.132685895764833
-0.6463304070095649,-1.5209297767379157,106.64721520760405,38.761617599743474,53.88200473763319,31.013852881375374,16.94103006500972,14.230738894547425
-0.5743445928509872,-1.5209297767379157,83.5473890838808,30.73864633435331,42.18196185504996,22.71943781669794,13.278691556166432,9.655854800659936
-0.5103762839557767,-1.5209297767379157,65.86846646028116,22.52319160927012,33.253092114108675,15.51974292275916,10.456919568345686,6.210958687295858
-0.4535325211846986,-1.5209297767379157,52.40948133487297,15.083643381825816,26.443654085014785,9.80458252923396,8.332441998648656,3.7766675321849648
-0.40301979977966995,-1.5209297767379157,42.21378404401249,9.093791527841852,21.327013514789222,5.671916456544129,6.71210641229608,2.1125709044294454
-0.35813299251433084,-1.5209297767379157,34.63099901979862,4.843400789450048,17.466290352365053,2.9015632502364217,5.499286116665092,1.059578259030285
-0.3182455065418344,-1.5209297767379157,28.981582367685675,2.1486009191665993,14.598245486781028,1.240653005379628,4.603943086587963,0.45208447446982647
-0.2828005365353655,-1.5209297767379157,24.78774956536474,0.683417736078159,12.512226291964419,0.3891317046424837,3.9409793127697434,0.14107262048985403
-0.2513032920204875,-1.5209297767379157,21.795924801231614,0.09508503548063416,10.981980714738867,0.04928469369863953,3.4493082454751502,0.017488733585468815
-0.22331409039755062,-1.5209297767379157,19.648428517735788,0.010658468333293807,9.905219655984508,0.007634187579181032,3.111980089544519,0.0024069535924770135
-0.19844221923690444,-1.5209297767379157,18.169924936686513,0.1676012464103284,9.159834609796514,0.10042770540021972,2.882561737821456,0.032529637040300444
-0.17634048216824733,-1.5209297767379157,17.17297396930019,0.3941194782699231,8.66725002217314,0.22702861539274946,2.7171184833382838,0.07820772310416903
-0.15670035222800524,-1.5209297767379157,16.566552638987687,0.5864755512941153,8.344314566280062,0.34204403966512203,2.6262966285793055,0.11288240300319406
-0.13924766500838334,-1.5209297767379157,16.224026266941944,0.7150806112267637,8.178981065432263,0.4115937108529091,2.5673617714314836,0.13932596079750864
-0.12373879148704055,-1.5209297767379157,16.069346572182894,0.7781309230531256,8.115009075403231,0.44053774701320275,2.5438372725033913,0.15078801024611285
-0.10995723711238882,-1.5209297767379157,16.0630144015552,0.7807795816921432,8.11142613259231,0.4421930939144838,2.549216681895047,0.14812037897071945
-0.09771061966979347,-1.5209297767379157,16.159840949541053,0.7408607052142842,8.157054821445705,0.4213842887015384,2.5603954105947815,0.14266536854463788
-0.0868279837415025,-1.5209297767379157,16.3203871442622,0.677385124834647,8.240527257570879,0.38482787309424893,2.5831398247348276,0.13193149404763096
-0.07715741427178036,-1.5209297767379157,16.520720198844483,0.6028231071120105,8.346575751685924,0.34114431022364805,2.6182284578007673,0.11631442465235634
-0.06856391592404971,-1.5209297767379157,16.746582062972678,0.5247731333432067,8.463589927439918,0.2964330434644445,2.657132085779201,0.10030267078836004
-0.06092752862714207,-1.5209297767379157,16.986891541947145,0.44851249754010114,8.585207683193048,0.25372811954326235,2.6951107465701054,0.08595559535565596
-0.0541416530048151,-1.5209297767379157,17.23197742136245,0.3777025722896407,8.707947925880887,0.21440153167207882,2.7323255790906744,0.07309201852673541
-0.04811156231253989,-1.5209297767379157,17.47405912910046,0.31443794117630924,8.829289580073423,0.17913450722117819,2.769600247280153,0.06136006575785166
-0.04275308010908995,-1.5209297767379157,17.707636261807302,0.2594816123571664,8.947082358348762,0.14823094087931132,2.8066452430501503,0.05081151292582207
-0.0379914052040221,-1.5209297767379157,17.929281096449174,0.21268673035818067,9.059592700915331,0.12169007903647243,2.842519319961551,0.041623696247743765
-0.03376006747802295,-1.5209297767379157,18.137128288308514,0.17340200001833514,9.165608752606717,0.09927017676582633,2.8763730652783965,0.03385645542288534
-0.03,-1.5209297767379157,18.330365176074796,0.14076005618065732,9.264432383993993,0.0805757565661327,2.907743425653841,0.027422922063967667
0.03,-1.5209297767379157,22.538668752659188,0.1958986222564814,11.404538468641649,0.11361536977036717,3.5790758116189654,0.0394819151850129
0.03376006747802295,-1.5209297767379157,22.87230016827998,0.25165812326577136,11.573559158304164,0.1460589048613345,3.6330269761012763,0.05100223936297909
0.0379914052040221,-1.5209297767379157,23.257792516756783,0.3237080201917544,11.768672404387278,0.18802605732895095,3.69520843650633,0.06592947473001681
0.04275308010908995,-1.5209297767379157,23.704379691104354,0.41693033202667606,11.994657305583344,0.24244243185038128,3.7666400341582444,0.08517995988703467
0.04811156231253989,-1.5209297767379157,24.223024860093876,0.5376480215695219,12.257351037540232,0.3131811503599335,3.848542824275479,0.1099083154161937
0.0541416530048151,-1.5209297767379157,24.82662003752634,0.6939767060578804,12.563745233561342,0.40532701413468974,3.9429010857549964,0.14175599280696197
0.06092752862714207,-1.5209297767379157,25.53026510061653,0.896235559423381,12.921894001443382,0.5254170971177466,4.053259775199522,0.18333396045882094
0.06856391592404971,-1.5209297767379157,26.351953416970044,1.1575197558374124,13.340683064827985,0.6816168925525428,4.184684047570379,0.23858385644186608
0.07715741427178036,-1.5209297767379157,27.314186771589757,1.4946827939970702,13.830026404630932,0.8840074583171925,4.341310300553641,0.3120266990086982
0.0868279837415025,-1.5209297767379157,28.446539865483945,1.9299122688728219,14.402696613828544,1.1456495257426695,4.523430414748159,0.4070203091636748
0.09771061966979347,-1.5209297767379157,29.787167371873746,2.4921815849958615,15.078075988145047,1.485079535526659,4.733005071874442,0.5280078225492291
0.10995723711238882,-1.5209297767379157,31.37962637194321,3.2164309851259487,15.883386920754479,1.9283523076699847,4.985534703210402,0.6887835384230856
0.12373879148704055,-1.5209297767379157,33.268338761885865,4.140700364295284,16.845232989166472,2.5052564540482267,5.2927909949367065,0.9040623097585261
0.13924766500838334,-1.5209297767379157,35.51053149293057,5.3102451346664665,17.983346421914547,3.244072768721651,5.643834333028502,1.1731582371284663
0.15670035222800524,-1.5209297767379157,38.196707592575684,6.787345538649373,19.33795615379185,4.188142291781319,6.074452168788686,1.5322225641774014
0.17634048216824733,-1.5209297767379157,41.4140006200458,8.628257366486224,20.976280701861867,5.403314139929833,6.588792823373267,1.996334972469995
0.19844221923690444,-1.5209297767379157,45.25640638992624,10.880477121287495,22.925416583259885,6.92592296037864,7.202495820001993,2.5913373131526485
0.22331409039755062,-1.5209297767379157,49.94236351218538,13.642331111269524,25.282343170131696,8.841531394182859,7.941555164930811,3.3554325926273587
0.2513032920204875,-1.5209297767379157,55.52983053978999,16.88068486551359,28.132442915588072,11.2180731487313,8.849075043690762,4.348433392006322
0.2828005365353655,-1.5209297767379157,62.36020351171765,20.67046775774365,31.571685214120873,14.111606319797868,9.92059984964838,5.578074924925902
0.3182455065418344,-1.5209297767379157,70.56097857491842,24.889601415922257,35.727475782293695,17.570080605243184,11.226384770103484,7.134312501479047
0.35813299251433084,-1.5209297767379157,80.6415607708141,29.519315532269548,40.83120642820975,21.670660177204283,12.812366332687311,9.077595102655776
0.40301979977966995,-1.5209297767379157,92.80039519362074,34.292629593282214,46.99358176024939,26.30941990216325,14.757350839536096,11.500261854732594
0.4535325211846986,-1.5209297767379157,107.66453536820482,39.05402383479279,54.52449646281341,31.425312220860796,17.1382832847153,14.476746043344962
0.5103762839557767,-1.5209297767379157,125.81559657253499,43.57881994047467,63.72020203538746,36.80087778255333,20.045565039730032,18.070568200175035
0.5743445928509872,-1.5209297767379157,148.08155405066515,47.71579623820558,74.98980258961437,42.147566647411985,23.558141198870537,22.289749351580646
0.6463304070095649,-1.5209297767379157,175.34676603200057,51.36026013713087,88.73736937745889,47.102725006857305,27.866325240949617,27.211625359825632
0.7273386051246984,-1.5209297767379157,208.81173617385602,54.49525414103523,105.76295085873464,51.467316769025246,33.200383807767885,32.84531191310277
0.8185000129460304,-1.5209297767379157,250.50586919508768,57.17597907254034,126.7446307596787,55.09350566073985,39.78805582058165,39.02966082669903
0.9210871889273549,-1.5209297767379157,302.3532497124015,59.42598830634498,152.8210254183816,58.03160775187927,48.094501390447135,45.5647085764398
1.0365321883776653,-1.5209297767379157,366.6271554707759,61.28832498613312,185.23506433368834,60.371701458292335,58.363241520576125,51.75746315755572
1.166446554092426,-1.5209297767379157,446.45299601180704,62.82136833181759,226.07315538546007,62.24391998244104,71.18815935778682,56.9626310616535
1.3126438125222553,-1.5209297767379157,548.344687249222,64.10454940469,277.0806971315658,63.72310842620105,87.20306709947751,60.72037715691774
1.4771647895120215,-1.5209297767379157,676.0051433041408,65.14839494763271,341.7470159457865,64.9066389190993,107.5679789069978,63.23319709881666
1.6623060990028473,-1.5209297767379157,837.0598643930772,65.9986761145062,423.9281651546909,65.85176687722893,133.13627306860732,64.89088802547647
1.8706522023821734,-1.5209297767379157,1043.4384833086783,66.69599267528383,528.1275218808267,66.60250662918665,165.50038715608272,66.03693968752575
2.1051114860111477,-1.5209297767379157,1303.3559564113439,67.2543108605847,659.5589039220622,67.19538817695413,207.07836043362684,66.86645395726002
2.368956860549917,-1.5209297767379157,1637.279192792112,67.70764110064228,827.2877356859493,67.66828965512565,260.56507538851207,67.47959431487476
2.6658714488230206,-1.5209297767379157,2057.4662430791327,68.06655535756164,1040.4028295187684,68.0427747608399,327.2172739419422,67.92800440438415
3.0,-1.5209297767379157,2595.3924933050666,68.35483463732994,1312.38148991372,68.33996626237752,412.11678425893814,68.26916240762901
-3.0,-1.471063226680935,2459.9786047550315,68.2942567009184,1245.5531707181842,68.27926316024855,391.57147618865173,68.20152170891573
-2.6658714488230206,-1.471063226680935,1925.6695746246653,67.9710494608734,974.4644293692447,67.94495569062668,306.3659900662664,67.81148900888815
-2.368956860549917,-1.471063226680935,1506.3236653239412,67.55419571288712,762.1447503635276,67.51034129206882,239.6284684686281,67.278082649999
-2.1051114860111477,-1.471063226680935,1176.1675984304725,67.01256041964002,594.7508611560154,66.93749560838764,187.2890377797683,66.5290316884077
-1.8706522023821734,-1.471063226680935,917.5244171454708,66.3088228339142,463.8343333840346,66.18182296920457,146.0533286016352,65.43056219428024
-1.6623060990028473,-1.471063226680935,714.4180718066802,65.3871418670191,361.52321287583356,65.17675743459871,113.67280467250224,63.730200972957064
-1.4771647895120215,-1.471063226680935,555.7029022268947,64.17827324203806,281.04841829361493,63.81317706482662,88.44485086337575,60.92757961013648
-1.3126438125222553,-1.471063226680935,431.83852745693116,62.58514771412464,218.33967759430448,61.95061025453326,68.60371458428502,56.105975995522954
-1.166446554092426,-1.471063226680935,335.14328966195615,60.47050505441423,169.39108277347881,59.35851687415209,53.28931904661962,48.9476034273242
-1.0365321883776653,-1.471063226680935,259.9151291871206,57.655315718540855,131.37941854860475,55.716363324861824,41.29994743469475,40.32419687846807
-0.9210871889273549,-1.471063226680935,201.4988111002668,53.903381130852836,101.87744814332629,50.608512982850094,32.04318866375942,31.66926667713605
-0.8185000129460304,-1.471063226680935,156.36093155116444,48.95899687071855,79.0257998783763,43.763995479363665,24.85052593178995,23.79815338841823
-0.7273386051246984,-1.471063226680935,121.61294268939265,42.63810763471124,61.402935004030404,35.53578821972803,19.328750675883192,17.191316309986988
-0.6463304070095649,-1.471063226680935,94.82568428950891,35.00683483968743,47.90152358548543,26.959656077905333,15.064802926082576,11.884866761992692
-0.5743445928509872,-1.471063226680935,74.41595844045223,26.733852514090525,37.563842573840034,19.06825725149789,11.829987113099568,7.868650918514607
-0.5103762839557767,-1.471063226680935,58.85088009146244,18.751102962255885,29.704449857637414,12.540636464437778,9.342710597719922,4.908389186489037
-0.4535325211846986,-1.471063226680935,47.044926844405175,11.935906722712879,23.7315706468361,7.57377228325035,7.4810616579972455,2.8738674975529372
-0.40301979977966995,-1.471063226680935,38.13734795257726,6.75400551928249,19.26649729686691,4.136824331456755,6.065276032922001,1.524271652858536
-0.35813299251433084,-1.471063226680935,31.55358177882591,3.2988119965328373,15.910725828041118,1.9440718949390896,5.011023567191347,0.7058553535352448
-0.3182455065418344,-1.471063226680935,26.675601139668995,1.267336483386372,13.433078647916602,0.718243970964002,4.237967746305622,0.26267070698804684
-0.2828005365353655,-1.471063226680935,23.07542880467785,0.28862674264334,11.647378373638931,0.16137719293267277,3.6690879812846084,0.0594476025109225
-0.2513032920204875,-1.471063226680935,20.53772324125191,0.005134570333760557,10.346836892763143,0.0018043941304619149,3.249736289792814,0.0007053594930252588
-0.22331409039755062,-1.471063226680935,18.736859121405455,0.08387318111946926,9.445389146852538,0.051689127013063225,2.9675395198866927,0.017135342833017694
-0.19844221923690444,-1.471063226680935,17.521247133745465,0.3028600723367613,8.832749487520381,0.17818047621653857,2.779621943512003,0.05839837764197511
-0.17634048216824733,-1.471063226680935,16.722817503861254,0.532690969464174,8.440482487601692,0.30497736665558717,2.6459430983326446,0.10476967373801059
-0.15670035222800524,-1.471063226680935,16.264807774386437,0.6989803261055473,8.192972327594713,0.40541661679020574,2.578492331907221,0.13408533217838658
-0.13924766500838334,-1.471063226680935,16.03288636522282,0.7934551693566473,8.083231931943832,0.4553468918567968,2.5372884883255207,0.15407310542496644
-0.12373879148704055,-1.471063226680935,15.959918167102813,0.8246603275595606,8.060198919745606,0.46626199526418854,2.526657779965848,0.1594942194571566
-0.10995723711238882,-1.471063226680935,16.012896161296542,0.8019327019414956,8.086644020186235,0.4537429086416651,2.5412733490753663,0.15206923730451194
-0.09771061966979347,-1.471063226680935,16.152078235619864,0.744015290690169,8.153769220291688,0.4228630194803142,2.559328643125764,0.14318079589849322
-0.0868279837415025,-1.471063226680935,16.34235748087187,0.6689584413721242,8.252177939411148,0.3798789568901155,2.5868667241686176,0.13021884196989267
-0.07715741427178036,-1.471063226680935,16.5629588446438,0.5877479350002717,8.368312945123153,0.33256472217988103,2.6250516350764905,0.11340816124441386
-0.06856391592404971,-1.471063226680935,16.80194154015962,0.5065934899854547,8.491869692020568,0.2861646910184961,2.665938466664266,0.09686433436316297
-0.06092752862714207,-1.471063226680935,17.050021613654422,0.42960983554148946,8.617413486393195,0.2430472767633734,2.705163849406071,0.08236549020952807
-0.0541416530048151,-1.471063226680935,17.29895608487287,0.3595441352432416,8.74213746836325,0.20410606428232622,2.7430518185817627,0.06959924990979723
-0.04811156231253989,-1.471063226680935,17.54208170758907,0.29782536423916117,8.864038784486455,0.16968095384584786,2.7805319851075563,0.05813342865945875
-0.04275308010908995,-1.471063226680935,17.77474743415833,0.2447698899548661,8.981375915889421,0.13983689127758595,2.8174308939670794,0.047944145829593124
-0.0379914052040221,-1.471063226680935,17.9941562897823,0.1999532989129758,9.092734645919265,0.11441464230888246,2.8529227534942896,0.039144488852866824
-0.03376006747802295,-1.471063226680935,18.1989051100147,0.16256472771460842,9.197146329974268,0.09307570807039163,2.8862518323152524,0.031752049364389315
-0.03,-1.471063226680935,18.38851780910919,0.13165403980316737,9.294093193700602,0.07537204188555144,2.9170206322933683,0.02565862077038665
0.03,-1.471063226680935,22.42993203716227,0.17909281988613854,11.349328913702871,0.1038276346089477,3.561733011421975,0.03606853099186145
0.03376006747802295,-1.471063226680935,22.746504885932055,0.22990034711094817,11.509713522659737,0.13336936156373558,3.612934060073803,0.04655385735806502
0.0379914052040221,-1.471063226680935,23.111892442307827,0.29549945139719985,11.694657734297396,0.17154779919168214,3.671880646422149,0.060126098452300894
0.04275308010908995,-1.471063226680935,23.534709305064172,0.38031174202540396,11.908623637858028,0.22100742819383806,3.7395135692637838,0.07761008157722873
0.04811156231253989,-1.471063226680935,24.025168258194643,0.490064405520459,12.157056677263304,0.2852487836288965,3.816958889511938,0.10004392077777913
0.0541416530048151,-1.471063226680935,24.5952586328042,0.6321114351801851,12.446470316206955,0.36886765992355464,3.9060640209945503,0.12890579833338298
0.06092752862714207,-1.471063226680935,25.258999207152524,0.8158118461491489,12.784349900077132,0.4777730033115758,4.01015538620823,0.1665547221748067
0.06856391592404971,-1.471063226680935,26.03307797974814,1.053061671227032,13.178925293378366,0.6193474014378851,4.133989577696267,0.21655815927592093
0.07715741427178036,-1.471063226680935,26.93837518297103,1.3592127160894298,13.639355834310956,0.802713918164472,4.281405738017542,0.2829990325440628
0.0868279837415025,-1.471063226680935,28.002382214977853,1.7545550953283078,14.177474917718493,1.039724327536804,4.452557056080065,0.3688802432474383
0.09771061966979347,-1.471063226680935,29.260599117198492,2.265716529519386,14.811346705552712,1.3472724839414323,4.6492033982461765,0.47820325752629
0.10995723711238882,-1.471063226680935,30.753477309433887,2.925016820068511,15.566380068546668,1.7492010017589983,4.885976583338846,0.6235503322045286
0.12373879148704055,-1.471063226680935,32.5221215383994,3.767992085330328,16.467239389661533,2.272875662306976,5.173812432075448,0.8183037635104717
0.13924766500838334,-1.471063226680935,34.61966400760605,4.837448193781491,17.532027292478936,2.9445009873546053,5.502118781577102,1.061767814955483
0.15670035222800524,-1.471063226680935,37.13055353435633,6.192928396738472,18.79836125750027,3.8046046570783565,5.9048021414361065,1.387260282087938
0.17634048216824733,-1.471063226680935,40.13582971544647,7.8898886659998695,20.32908039907395,4.915002943620235,6.38525762518002,1.808516712974336
0.19844221923690444,-1.471063226680935,43.72346838201807,9.977960516789846,22.149053988237537,6.311188067057607,6.958480277851823,2.349951240757118
0.22331409039755062,-1.471063226680935,48.098439110581154,12.557383829404394,24.349837682141,8.076197983855812,7.648292418529097,3.046766057718798
0.2513032920204875,-1.471063226680935,53.3142440990107,15.608099852670135,27.010816592353383,10.277938336881238,8.495985717316646,3.9559288421643655
0.2828005365353655,-1.471063226680935,59.693848138243,19.217822243635403,30.22341910765392,12.97759916477238,9.496818870320341,5.085592675212705
0.3182455065418344,-1.471063226680935,67.35642700704497,23.28773365245921,34.10716646861243,16.23093415664126,10.717053711739986,6.521284213141504
0.35813299251433084,-1.471063226680935,76.78397386526241,27.8214019925576,38.881016481113335,20.127858384364593,12.200351875050657,8.32269694162974
0.40301979977966995,-1.471063226680935,88.16641033531317,32.573895210970576,44.65097190628429,24.59113616562164,14.021757703190142,10.581205939309262
0.4535325211846986,-1.471063226680935,102.09706575324937,37.396413106673435,51.7100157586178,29.588050664739495,16.25384840620281,13.37244033943686
0.5103762839557767,-1.471063226680935,119.12519238219761,42.05292200998395,60.33808716299167,34.93445544493858,18.981259667231054,16.763260387428446
0.5743445928509872,-1.471063226680935,140.0280050157366,46.366326288106535,70.91879463361208,40.36399869124719,22.280174382161388,20.773658215212777
0.6463304070095649,-1.471063226680935,165.62941452370376,50.201729908293125,83.82904027608909,45.50648843816201,26.325269595619663,25.486683482110738
0.7273386051246984,-1.471063226680935,197.0385943361137,53.51962309583034,99.81142732268151,50.121949404798826,31.331942474788185,30.933503184136967
0.8185000129460304,-1.471063226680935,236.11541470047572,56.364107514545566,119.47686295057038,54.00245247388198,37.50743891830137,36.98828309114203
0.9210871889273549,-1.471063226680935,284.60803711659156,58.753776944451864,143.85976180633457,57.162449227618666,45.27912708611391,43.507291300536615
1.0365321883776653,-1.471063226680935,344.518466543243,60.7305623348668,174.06781577401452,59.67998214542391,54.85624405118905,49.865927920940464
1.166446554092426,-1.471063226680935,418.59693794574974,62.356146331524286,211.9936669089614,61.69160184572897,66.76760610988784,55.443255103175225
1.3126438125222553,-1.471063226680935,512.8855519296985,63.718319324116536,259.15729585229207,63.27768113919696,81.57981260931042,59.653973802501916
1.4771647895120215,-1.471063226680935,630.5194101404919,64.82669338177521,318.74867953590683,64.54616616926316,100.35486637365194,62.52289141231441
1.6623060990028473,-1.471063226680935,778.3615569411575,65.7307518835625,394.25737595019336,65.55959716590012,123.82958675691773,64.40141679204794
1.8706522023821734,-1.471063226680935,967.6221865823314,66.47523271866629,489.7935576340192,66.36582003376614,153.47770395037264,65.68613291008674
2.1051114860111477,-1.471063226680935,1205.307820856495,67.07254323592576,609.9834566684567,67.0032876242466,191.54464538513935,66.60889754577936
2.368956860549917,-1.471063226680935,1510.9004923989241,67.56001428845241,763.3594094552518,67.51354297727306,240.54690700730063,67.2877897829446
2.6658714488230206,-1.471063226680935,1894.981979896073,67.94688065181693,958.2512630929192,67.91877588311763,301.45273274469974,67.78137074793644
3.0,-1.471063226680935,2387.284558761869,68.25887292616102,1207.1495929958978,68.2412620769617,379.1262359934736,68.15661711481583
-3.0,-1.421196676623954,2201.951682274359,68.15797441667482,1115.2980390734701,68.13946880411669,351.0064380194413,68.04211409653955
-2.6658714488230206,-1.421196676623954,1718.9652324429883,67.79134917961099,870.0709509882471,67.75870362771718,273.7884095963132,67.58855331754258
-2.368956860549917,-1.421196676623954,1341.3154056877797,67.31741930313785,678.7751381915594,67.26196030450336,213.5627467395794,66.96055274005032
-2.1051114860111477,-1.421196676623954,1044.3327422680718,66.698400941328,528.0280881614586,66.60193976477755,166.4765963121912,66.06254756135809
-1.8706522023821734,-1.421196676623954,812.5316862608815,65.89156293274701,410.7171647157688,65.72728890255615,129.46238610958704,64.70955646776594
-1.6623060990028473,-1.421196676623954,630.9331958770392,64.82983658358663,319.3202058112101,64.55581552701906,100.46893728731762,62.535366867471524
-1.4771647895120215,-1.421196676623954,489.56119796355523,63.43237190271445,247.6066324840037,62.95210135370284,77.98061436915374,58.842080294342125
-1.3126438125222553,-1.421196676623954,379.6054421496961,61.58387387964888,191.92189204892915,60.74146935273799,60.32685336127999,52.7215141830974
-1.166446554092426,-1.421196676623954,294.0287759931319,59.121370821327744,148.59027755058406,57.63662060493168,46.775325428059205,44.62060972736502
-1.0365321883776653,-1.421196676623954,227.67903433386908,55.83733520577829,115.07426327845438,53.263449433157504,36.187739334422744,35.758570230538496
-0.9210871889273549,-1.421196676623954,176.31822415401425,51.46883111510038,89.14202193152272,47.226629936344786,28.05104468623587,27.41557779425102
-0.8185000129460304,-1.421196676623954,136.77345536727097,45.77691003695073,69.11677091461792,39.522526315669595,21.743047341472813,20.12965890773445
-0.7273386051246984,-1.421196676623954,106.44293882547088,38.702350779746524,53.728842958747244,30.9150706146738,16.9210735372479,14.20583949741157
-0.6463304070095649,-1.421196676623954,83.12532486293719,30.564686869743888,41.98314308780103,22.566133310387006,13.20784504438501,9.567859940955145
-0.5743445928509872,-1.421196676623954,65.43296396907972,22.2969848180062,33.02181319040574,15.326623857630743,10.404873709542754,6.149118943698232
-0.5103762839557767,-1.421196676623954,51.98718271981829,14.838020945105042,26.234444571069,9.630420884546266,8.252969535175243,3.690177765347701
-0.4535325211846986,-1.421196676623954,41.827033225333324,8.868379359635007,21.094402290538905,5.493478555616772,6.652940277351219,2.056578037631215
-0.40301979977966995,-1.421196676623954,34.194060756410224,4.615191211149405,17.273714548104763,2.7768404860858094,5.4395691836851245,1.0137658792240603
-0.35813299251433084,-1.421196676623954,28.592911803846995,1.9889489399442524,14.414651348403314,1.1513777438038346,4.541325761020437,0.4168792184350996
-0.3182455065418344,-1.421196676623954,24.470060142717426,0.5996314249262544,12.319142598345241,0.33094688603549727,3.8879427426614277,0.122778972964585
-0.2828005365353655,-1.421196676623954,21.448661421416247,0.05964750109685945,10.826011742004146,0.03192268187630173,3.4107605930856986,0.012582045739252748
-0.2513032920204875,-1.421196676623954,19.351659047742075,0.026601357734833096,9.748427162292044,0.018100442059450158,3.0616750895540217,0.005968636897149575
-0.22331409039755062,-1.421196676623954,17.886040990498138,0.22141406088021803,9.016464347016974,0.13152544230016464,2.832780029961983,0.04401963614453192
-0.19844221923690444,-1.421196676623954,16.923693996664785,0.46790293197814387,8.531665171920183,0.272063675204144,2.684806351303456,0.08972499827924517
-0.17634048216824733,-1.421196676623954,16.31581714357362,0.6791457397000747,8.23562407247475,0.38692178333594385,2.5816534808349343,0.13261813379781942
-0.15670035222800524,-1.421196676623954,15.999542126171864,0.8076258864369923,8.06021385379807,0.4662548686461553,2.5364899376111034,0.15447651784755007
-0.13924766500838334,-1.421196676623954,15.872730566815731,0.8628938267222883,8.003249191217494,0.4939095221749532,2.512159306100918,0.16706553851284536
-0.12373879148704055,-1.421196676623954,15.876959325125988,0.8610154504389831,8.018815922780506,0.4862584682936349,2.513701062720672,0.16625059660132988
-0.10995723711238882,-1.421196676623954,15.985479193255388,0.8136472836974319,8.073381348433365,0.4599962933454351,2.536932104868501,0.15425306727342986
-0.09771061966979347,-1.421196676623954,16.163860368162666,0.7392304269584729,8.160415697799198,0.41987482158201106,2.561375780380586,0.1421926380396748
-0.0868279837415025,-1.421196676623954,16.38123419778683,0.65419898201386,8.272417728187621,0.3713700696514584,2.593297017914715,0.12729419698733688
-0.07715741427178036,-1.421196676623954,16.61988751260694,0.5677805450776208,8.39750284198261,0.3212412208034815,2.634216228389486,0.10957059731015267
-0.06856391592404971,-1.421196676623954,16.87011008723408,0.48471325491714523,8.52664201051798,0.27382120842383495,2.6767784760553504,0.09272492655541312
-0.06092752862714207,-1.421196676623954,17.124349579213987,0.4079470708871629,8.655296561855804,0.23081467438205328,2.7169951824787106,0.07824999230520739
-0.0541416530048151,-1.421196676623954,17.375744572764823,0.33934504316235736,8.781305731296536,0.19265848584782783,2.7553406913594842,0.06571402025610286
-0.04811156231253989,-1.421196676623954,17.61871438497897,0.27971106139977486,8.903163081754782,0.15937582589941623,2.7928391378091133,0.0546152534250272
-0.04275308010908995,-1.421196676623954,17.849429306829396,0.22895483262019345,9.019519910181787,0.13081485669369314,2.82942709848704,0.044861362002781666
-0.0379914052040221,-1.421196676623954,18.06569945459193,0.18640883742177136,9.129269428242909,0.10667632601312863,2.8643916237236793,0.03650655412785043
-0.03376006747802295,-1.421196676623954,18.26656368686809,0.15113016346859787,9.231676783082376,0.08653971763392,2.8970689786694126,0.029530665597654132
-0.03,-1.421196676623954,18.451865452185817,0.12210691726067752,9.326396729865737,0.06991581686963541,2.9271254016175563,0.023807900650696368
0.03,-1.421196676623954,22.31619228889105,0.16224928896526628,11.291575351388383,0.09402402955003139,3.5435907920362455,0.032651410541353384
0.03376006747802295,-1.421196676623954,22.6150707934339,0.20811316158992227,11.443001317729456,0.12067198479281639,3.591938479531003,0.042105345802116216
0.0379914052040221,-1.421196676623954,22.95963102149865,0.2672766057800535,11.617410179386205,0.15507548732573512,3.6475331999156255,0.05432871854407593
0.04275308010908995,-1.421196676623954,23.357853575152845,0.34370260936607455,11.818939263218526,0.1995999250064478,3.711235354727685,0.07005595061216999
0.04811156231253989,-1.421196676623954,23.819182803925166,0.4425236821574405,12.052632454390013,0.25737542718106815,3.7840742151358318,0.09021001131973277
0.0541416530048151,-1.421196676623954,24.354683098093133,0.570331319383427,12.32451278233167,0.33251069156834023,3.8677567689187775,0.11610723827307311
0.06092752862714207,-1.421196676623954,24.977264262274733,0.7355191541054943,12.641481968934414,0.4302873346700395,3.9653838043602896,0.1498557599836916
0.06856391592404971,-1.421196676623954,25.702272627487734,0.9487702726051082,13.0110962835159,0.557303129120769,4.08139286486207,0.19464921207864333
0.07715741427178036,-1.421196676623954,26.548916693062235,1.2239049871410064,13.441737937890775,0.7217154568985528,4.219317101690901,0.2541321464211171
0.0868279837415025,-1.421196676623954,27.54253206092398,1.5792575186437205,13.94426788409465,0.9341476906131664,4.37916911532743,0.3309516551385209
0.09771061966979347,-1.421196676623954,28.715861142316623,2.0390032119923047,14.535378078381681,1.209809295701485,4.562499043614822,0.42866096758966277
0.10995723711238882,-1.421196676623954,30.106113665891527,2.6326606198079863,15.238584475133935,1.5702521037634993,4.78302907060487,0.5586070697487556
0.12373879148704055,-1.421196676623954,31.750903627718067,3.3929765133127825,16.076519498526064,2.0402904043111323,5.050824633900157,0.7328080693120573
0.13924766500838334,-1.421196676623954,33.69901860805296,4.359865013916707,17.06554676352181,2.6438522636172785,5.355643362709156,0.950524074910855
0.15670035222800524,-1.421196676623954,36.028467225879396,5.589447498594052,18.240475175313687,3.418311713159254,5.729395049883496,1.2421108579170668
0.17634048216824733,-1.421196676623954,38.813696785419296,7.135441746816398,19.65947339777558,4.420923437994059,6.174675960412906,1.6198555618414907
0.19844221923690444,-1.421196676623954,42.13596904983395,9.048396631316294,21.344890304554358,5.685677110169085,6.705708589081985,2.1064966998592602
0.22331409039755062,-1.421196676623954,46.18564471411579,11.428730552482069,23.382264601985383,7.291973723376502,7.3440067858931775,2.7339759797275396
0.2513032920204875,-1.421196676623954,51.01071210622928,14.268250950756997,25.844363128651544,9.306424120274638,8.128749614042988,3.555836941957616
0.2828005365353655,-1.421196676623954,56.91352682034971,17.66583440996353,28.817126342564777,11.79370665950227,9.054765950375005,4.58026858251052
0.3182455065418344,-1.421196676623954,64.00314477491075,21.546693062788954,32.411132444395335,14.815752284196096,10.183884621510549,5.88752589272954
0.35813299251433084,-1.421196676623954,72.73066351808693,25.938814944004623,36.83120516093015,18.473292623616036,11.557062931410192,7.535669963917788
0.40301979977966995,-1.421196676623954,83.27518383943121,30.62657492907547,42.17742722673289,22.715945444169378,13.244982558405486,9.613980693961018
0.4535325211846986,-1.421196676623954,96.1927237530651,35.47661311739217,48.72412025563241,27.54100942106816,15.31536906555277,12.198398469726065
0.5103762839557767,-1.421196676623954,111.99838230266045,40.24991000313606,56.73401807242807,32.80432214165431,17.846834797152038,15.358653559007504
0.5743445928509872,-1.421196676623954,131.4186747696697,44.746085220303364,66.56533744113665,38.27417105069746,20.913224541739428,19.127383083846716
0.6463304070095649,-1.421196676623954,155.22290047576018,48.79601621506223,78.57139213391319,43.589199901663584,24.674251358033267,23.59395133126413
0.7273386051246984,-1.421196676623954,184.44085438857613,52.33015710244385,93.44108058819788,48.47603637088852,29.3318337513687,28.81271954040345
0.8185000129460304,-1.421196676623954,220.7769145397338,55.37453630078348,111.73009255568793,52.657309396774515,35.075953714663996,34.69523960350634
0.9210871889273549,-1.421196676623954,265.8291218216595,57.93816674238552,134.3799061109222,56.092894400129325,42.298166879903796,41.15319002184975
1.0365321883776653,-1.421196676623954,321.3663366809717,60.059144743690766,162.38002166077658,58.835780324052834,51.181093427778514,47.63826436968444
1.166446554092426,-1.421196676623954,389.79585249830967,61.80141732523253,197.43377694656868,61.02458704864637,62.191542270131286,53.576823138930244
1.3126438125222553,-1.421196676623954,476.649922069083,63.261494764928,240.85052010731266,62.74530341112724,75.83246396786403,58.30072573753435
1.4771647895120215,-1.421196676623954,584.5123294701101,64.44837431993297,295.49471889829687,64.11851039018697,93.05734576738173,61.622198196784986
1.6623060990028473,-1.421196676623954,719.4142223970391,65.41626040086513,364.4580971598835,65.21413115576422,114.48130455989325,63.79012785520232
1.8706522023821734,-1.421196676623954,891.7099922281775,66.21558153854313,451.41020579973167,66.08575449429348,141.44074533703838,65.25331681029333
2.1051114860111477,-1.421196676623954,1107.0956042669568,66.85749571203431,560.3249669304961,66.77489624151399,175.984533702472,66.29305679788276
2.368956860549917,-1.421196676623954,1383.9182830038512,67.38405285628862,699.1187438557399,67.32827434121967,220.43695646286528,67.05304560555189
2.6658714488230206,-1.421196676623954,1730.9227744989794,67.80293053528786,875.2957560083361,67.76911845256589,275.4446160135976,67.6013513598127
3.0,-1.421196676623954,2176.059075353415,68.14249441786771,1100.329880187324,68.12122562499209,345.6459443862854,68.01792986284472
-3.0,-1.3713301265669733,1928.5445937413672,67.97327385540294,977.3600003758498,67.94953697459843,308.13438968971104,67.8220632232856
-2.6658714488230206,-1.3713301265669733,1500.5262660535711,67.54677363398037,759.7937066578112,67.50411398397642,239.41865474532423,67.27585275730172
-2.368956860549917,-1.3713301265669733,1167.7523327385447,66.99466976518909,591.0954790881915,66.92117647670837,186.1721440797116,66.50731404498823
-2.1051114860111477,-1.3713301265669733,906.4214639138992,66.26938698475286,458.22320679703193,66.13912452330544,144.7252400115398,65.38109841486136
-1.8706522023821734,-1.3713301265669733,703.4410014248097,65.32166476642449,355.52253992368463,65.09825231431225,112.2337595703412,63.620333725172344
-1.6623060990028473,-1.3713301265669733,544.8394257070355,64.06870017607395,275.8004199668956,63.69342956594595,86.85639725850886,60.66085120742721
-1.4771647895120215,-1.3713301265669733,421.9089701453415,62.41484095952524,213.40301626316614,61.75064612709371,67.27876995186293,55.63246370274656
-1.3126438125222553,-1.3713301265669733,326.6323270695981,60.220718796265146,165.13111676379475,59.047095827990525,51.933732190239866,48.11553127350745
-1.166446554092426,-1.3713301265669733,252.68490678352757,57.29036301567543,127.67537810223993,55.22283222533344,40.224986738928266,39.408596889417765
-1.0365321883776653,-1.3713301265669733,195.5319559431066,53.38582646874238,98.81621874809713,49.87969652889799,31.089892939728202,30.68088719819215
-0.9210871889273549,-1.3713301265669733,151.40666943637575,48.231464873908386,76.54420775528305,42.78739219966023,24.10166061927816,22.927263899939952
-0.8185000129460304,-1.3713301265669733,117.53873590098239,41.66819012307757,59.38757184758385,34.38694036210292,18.69153669344363,16.40552945014834
-0.7273386051246984,-1.3713301265669733,91.64753600209036,33.87617572531835,46.24619726887152,25.76750969246718,14.57282858114434,11.269534807361076
-0.6463304070095649,-1.3713301265669733,71.78558220056074,25.485334357206675,36.24839906939842,17.99735391586546,11.408240792487604,7.3547397272180906
-0.5743445928509872,-1.3713301265669733,56.77661665157196,17.588505338264042,28.646308031298595,11.650011821923187,9.031662477512533,4.554118650830027
-0.5103762839557767,-1.3713301265669733,45.40858390497808,10.970225757217374,22.909620877325338,6.9133206146158095,7.208573720821685,2.5974248129581476
-0.4535325211846986,-1.3713301265669733,36.85179896971594,6.039160282692887,18.580814946448225,3.6526746707947257,5.863324997819256,1.3524913874738727
-0.40301979977966995,-1.3713301265669733,30.45397225315134,2.788585731031691,15.38412790970147,1.6488921396621334,4.846105390412927,0.5980887021695809
-0.35813299251433084,-1.3713301265669733,25.800069080518693,0.9791606562965669,13.003943170615027,0.5547179547116464,4.0983033615844,0.20158685131961557
-0.3182455065418344,-1.3713301265669733,22.402316231031204,0.17493372871572893,11.27536162618877,0.09135247945327069,3.5597990473093635,0.03569675758387958
-0.2828005365353655,-1.3713301265669733,19.93490150180228,0.002132447283833964,10.062008053617706,0.0016626787004058307,3.170355626890404,0.00028012216478917574
-0.2513032920204875,-1.3713301265669733,18.257994681651727,0.15255337062005403,9.197002660837853,0.09310343855447194,2.8883459384498327,0.03131526219260658
-0.22331409039755062,-1.3713301265669733,17.111010061553127,0.4117879181919621,8.626045463321502,0.24022860170749163,2.7100876946556465,0.08063839662653813
-0.19844221923690444,-1.3713301265669733,16.38847474332106,0.6514714601791693,8.262248731344501,0.3756311468456416,2.5998947711483793,0.12433311288390071
-0.17634048216824733,-1.3713301265669733,15.96036675415514,0.8244662897240598,8.056912498363655,0.4678318618386117,2.5255814785416724,0.16004920597719544
-0.15670035222800524,-1.3713301265669733,15.777057612880672,0.9060501141370501,7.949221488599159,0.5210173627536616,2.501289704023843,0.17287772944059077
-0.13924766500838334,-1.3713301265669733,15.748297127937263,0.9192718231491199,7.941426834504083,0.5249996474476181,2.4927255096655414,0.17753997886877854
-0.12373879148704055,-1.3713301265669733,15.824034499456761,0.8847015288643787,7.99265972611217,0.4991548392998336,2.5055330356621353,0.1705947960545915
-0.10995723711238882,-1.3713301265669733,15.983441807064558,0.8145218560271998,8.072989363295141,0.46018188450122444,2.536617832999319,0.15441186608224988
-0.09771061966979347,-1.3713301265669733,16.197193716124595,0.7257922427325727,8.178006382699582,0.41202606760038635,2.5668546332557756,0.1395675147844354
-0.0868279837415025,-1.3713301265669733,16.43851299494078,0.6328042854979594,8.302001177925836,0.35913399724618217,2.6026677504420066,0.12310055358565503
-0.07715741427178036,-1.3713301265669733,16.692613470366663,0.5428533991941732,8.434703884957285,0.3071358524355888,2.645897943023415,0.10478792548026689
-0.06856391592404971,-1.3713301265669733,16.951899559113123,0.459190760877801,8.568316033799494,0.2594343012182756,2.6897809352886797,0.08789390488308875
-0.06092752862714207,-1.3713301265669733,17.210462885162542,0.38364287395844976,8.699152618057111,0.21709604640446808,2.730697795239046,0.07363039721470827
-0.0541416530048151,-1.3713301265669733,17.462760254381397,0.3172463104320119,8.825662475403817,0.18013768049576223,2.7692581330620483,0.06146259722788183
-0.04811156231253989,-1.3713301265669733,17.704246094170927,0.26023742345766654,8.946807379174704,0.14829933607190954,2.806567234852455,0.05083258323215368
-0.04275308010908995,-1.3713301265669733,17.931874316334635,0.2121694576513804,9.061610576186808,0.12124011386153336,2.8426641219648903,0.04158862240328105
-0.0379914052040221,-1.3713301265669733,18.144031030285895,0.17217218116075578,9.169257014273997,0.09854256012162974,2.8769448456900855,0.0337326724005523
-0.03376006747802295,-1.3713301265669733,18.34017123737199,0.13920149231933343,9.269233305505166,0.07972083267267611,2.908835041029016,0.027212071370288818
-0.03,-1.3713301265669733,18.52043646750343,0.11220655203896286,9.361356667891569,0.06425702976046932,2.9380621500785042,0.021887587375058654
0.03,-1.3713301265669733,22.197922295198506,0.14554351330624613,11.23151747180776,0.08430691594129223,3.524724436240118,0.02926629762872383
0.03376006747802295,-1.3713301265669733,22.47856592136726,0.18652502216421776,11.373710426015087,0.10810022422440535,3.5701307802972653,0.037703538274976425
0.0379914052040221,-1.3713301265669733,22.80169330336227,0.23933762926663155,11.537276795251152,0.13878355861294128,3.622275390401957,0.04859882660359164
0.04275308010908995,-1.3713301265669733,23.1746418276928,0.30749300867977375,11.726024168328648,0.17844859855700718,3.6819377297565046,0.06259839345658293
0.04811156231253989,-1.3713301265669733,23.60607631182558,0.39553745984185873,11.944588596064813,0.2298618113201062,3.750049492587238,0.0805128847544656
0.0541416530048151,-1.3713301265669733,24.106122759349713,0.5093088806529652,12.19849495112015,0.2966528886427243,3.828175006913848,0.10350029856835498
0.06092752862714207,-1.3713301265669733,24.686565299067592,0.6562431755795426,12.494052246028772,0.38348517886856204,3.9191842057187976,0.1334221775120644
0.06856391592404971,-1.3713301265669733,25.3613865193794,0.8458135646328673,12.83813268299234,0.49618057418592076,4.027187757327965,0.17310350412072922
0.07715741427178036,-1.3713301265669733,26.148091339095522,1.0903012483778634,13.238327952206122,0.6419371774929722,4.15540737109989,0.22575627702296616
0.0868279837415025,-1.3713301265669733,27.069811158686306,1.4060553550834989,13.704504942092745,0.8301492211226207,4.303716400016333,0.2936769239772306
0.09771061966979347,-1.3713301265669733,28.156459706800614,1.8147298186976106,14.251945051323773,1.0743259498429534,4.473450057715035,0.3799717263832958
0.10995723711238882,-1.3713301265669733,29.441910352469723,2.3429060819621674,14.902213795840161,1.3936855386603182,4.677387697355004,0.49474668260814814
0.12373879148704055,-1.3713301265669733,30.960164083961036,3.0203034823100463,15.675846856029612,1.8104049533714113,4.924700746272523,0.6486458219807307
0.13924766500838334,-1.3713301265669733,32.755479877071124,3.8835490291303754,16.58739101452122,2.3459796407409086,5.205503878506497,0.8408601461059658
0.15670035222800524,-1.3713301265669733,34.89913287782444,4.984699037068376,17.66869197987221,3.034344325168463,5.549612639277079,1.0986975480220145
0.17634048216824733,-1.3713301265669733,37.45859285760175,6.37479181182219,18.973023104707988,3.927732310740791,5.958799141144503,1.4329260537643567
0.19844221923690444,-1.3713301265669733,40.50783801249966,8.103978651831168,20.519980245395786,5.057995172730122,6.446398347901068,1.864390421881454
0.22331409039755062,-1.3713301265669733,44.22169179081794,10.270903716095937,22.388579681923105,6.499791968298067,7.031518478199762,2.421572295412953
0.2513032920204875,-1.3713301265669733,48.64170978476652,12.877510908386832,24.644460195877468,8.317098133056895,7.750950880483472,3.1540495556447596
0.2828005365353655,-1.3713301265669733,54.047700969697594,16.031322389942186,27.36719233708116,10.57614888916694,8.598965250086088,4.069653291324781
0.3182455065418344,-1.3713301265669733,60.53686265370758,19.681057656886193,30.657423506914142,13.342905833828794,9.632556484625333,5.242533783170515
0.35813299251433084,-1.3713301265669733,68.52601275445195,23.879518222844275,34.70417559716637,16.726009793436273,10.889531247505538,6.7281152628325795
0.40301979977966995,-1.3713301265669733,78.18050647496784,28.446604906539513,39.60006608432962,20.70046714597656,12.435541827811464,8.612177727644948
0.4535325211846986,-1.3713301265669733,90.01446038444207,33.27371106333336,45.59848765772746,25.29307340241316,14.332805634763313,10.969571148428399
0.5103762839557767,-1.3713301265669733,104.50474787195874,38.13067862109515,52.94291058431317,30.403972039050814,16.65331199411962,13.871590800186347
0.5743445928509872,-1.3713301265669733,122.32352172802676,42.80130565188668,61.96436894820046,35.84774510961623,19.468224260664844,17.36280322624004
0.6463304070095649,-1.3713301265669733,144.18543356603195,47.08149608919016,72.99303829540035,41.29266900014379,22.922243546015793,21.538290466795186
0.7273386051246984,-1.3713301265669733,171.0459084509007,50.86424451121929,86.66464321151753,46.45009399335311,27.20403296405508,26.475389097765067
0.8185000129460304,-1.3713301265669733,204.46205488501775,54.14859574094892,103.48823802271595,50.97317107847136,32.48848525342964,32.12491770971572
0.9210871889273549,-1.3713301265669733,245.90424097517757,56.92734153058292,124.32302799670329,54.74641930837628,39.13282755452615,38.454064700837776
1.0365321883776653,-1.3713301265669733,296.95566598135474,59.23054087663173,150.06181053575315,57.77697550043938,47.30196850042238,45.001711159359715
1.166446554092426,-1.3713301265669733,359.7437087938679,61.12242720643092,182.23488492659942,60.19553453386008,57.408215586127625,51.264306291402804
1.3126438125222553,-1.3713301265669733,439.28273230533625,62.70753191325624,221.98263617878484,62.09167842874598,69.90240724337656,56.547193789215044
1.4771647895120215,-1.3713301265669733,537.7035551021158,63.99421525822662,271.84605532870296,63.5997915512763,85.62722835254444,60.44361703349256
1.6623060990028473,-1.3713301265669733,660.2215967962087,65.04196128703057,334.52390601051866,64.79926590370695,105.08718874117046,63.005760957387544
1.8706522023821734,-1.3713301265669733,816.196974366109,65.9079899317875,413.22288028549946,65.7515565704425,129.46917441536553,64.70990494357893
2.1051114860111477,-1.3713301265669733,1010.0204289831527,66.60286752314413,511.2370853660527,66.50286015558072,160.5964064211365,65.90214229393519
2.368956860549917,-1.3713301265669733,1258.5713453517249,67.17486698411474,635.7120555740943,67.10690535463687,200.57254623167503,66.76454411499154
2.6658714488230206,-1.3713301265669733,1568.5867205604811,67.6303957110014,793.1941856916675,67.58898614206143,249.7033097995136,67.37999107242248
3.0,-1.3713301265669733,1965.8756207760803,68.00155877064896,994.0109369789274,67.97534763510546,312.32361248553974,67.84657299921881
-3.0,-1.3214635765099922,1637.243304416436,67.7076024610945,830.4969811669197,67.67540687223763,262.5947069345427,67.49714552466088
-2.6658714488230206,-1.3214635765099922,1270.0995890330375,67.19586263333375,643.5203637411424,67.13663454145042,203.22826111031483,66.80710849951843
-2.368956860549917,-1.3214635765099922,986.7539318030878,66.5342171766278,499.6732291420727,66.43051083756914,157.6347851551386,65.81539322067233
-2.1051114860111477,-1.3214635765099922,764.2427655043172,65.65997933444463,386.25797835674143,65.47251862205152,122.31904683880992,64.31179339988178
-1.8706522023821734,-1.3214635765099922,592.285706245945,64.51658008031555,299.2846091484708,64.1932196932053,94.68659098338968,61.84237505690466
-1.6623060990028473,-1.3214635765099922,458.11397621851984,62.99853227178382,231.96645028659213,62.45255961539973,73.14610928433824,57.556529953311134
-1.4771647895120215,-1.3214635765099922,354.5043521522533,60.991589918477146,179.33003526855987,60.01842213086866,56.6159715540963,50.84286664346054
-1.3126438125222553,-1.3214635765099922,274.39131552048786,58.324755129742194,138.71574076163154,56.60340018117878,43.65808532990016,42.249677361671644
-1.166446554092426,-1.3214635765099922,212.29235496172262,54.76185310866257,107.24669550015125,51.777110778596665,33.82526125396009,33.46941673854785
-1.0365321883776653,-1.3214635765099922,164.38795859502588,50.04356334083617,83.06972018774621,45.24340832274549,26.151680896822345,25.289810983931137
-0.9210871889273549,-1.3214635765099922,127.45327906905844,43.92990512138401,64.4338244389279,37.17861001760566,20.30438171238616,18.386702682384538
-0.8185000129460304,-1.3214635765099922,99.16486866181195,36.464727152578114,50.09623657307733,28.494084484683942,15.776758045539044,12.775738303329321
-0.7273386051246984,-1.3214635765099922,77.5951112898411,28.185992184094367,39.142197390891134,20.336340190173402,12.342599049333407,8.497681232566245
-0.6463304070095649,-1.3214635765099922,61.07077992536326,19.972578881825726,30.831454625121353,13.489333731112565,9.708035389256114,5.330137990345888
-0.5743445928509872,-1.3214635765099922,48.63511991677141,12.873629730557333,24.532800670354906,8.22569398619889,7.740245426055804,3.1428222971325845
-0.5103762839557767,-1.3214635765099922,39.24874628388073,7.382492097114031,19.797737714865843,4.521945815380393,6.230791562609885,1.6695413494709503
-0.4535325211846986,-1.3214635765099922,32.21426864247331,3.6169976734910874,16.23896174813556,2.136013031175863,5.127307933487376,0.7855899409110454
-0.40301979977966995,-1.3214635765099922,26.984934750385733,1.375739275671907,13.632064710177433,0.7996658379968993,4.29565092575329,0.28979841502517345
-0.35813299251433084,-1.3214635765099922,23.223743867623384,0.31702409102191464,11.703250784743101,0.1734262027925852,3.6896832565054964,0.06453312140558737
-0.3182455065418344,-1.3214635765099922,20.507581381256326,0.004334179778698602,10.319561241621235,0.0011959081388327674,3.2591246627296635,0.001000471520000239
-0.2828005365353655,-1.3214635765099922,18.559838268952777,0.10672023414678986,9.368346414033436,0.06315614252258091,2.9519501467975684,0.01957209309583441
-0.2513032920204875,-1.3214635765099922,17.275610410778256,0.3658159626099425,8.702108094422377,0.216188505269064,2.73274894374073,0.07295235395192279
-0.22331409039755062,-1.3214635765099922,16.425746697199344,0.6375366567553957,8.281193485143774,0.3677154816325431,2.6016796149310126,0.1235389592317593
-0.19844221923690444,-1.3214635765099922,15.926004361133277,0.8394089942426631,8.02976223439437,0.48092074181871813,2.5265403834961018,0.1595546991309164
-0.17634048216824733,-1.3214635765099922,15.66426650551422,0.9585667775021798,7.908282865475781,0.5421356645101288,2.4789639351984385,0.18518588022074198
-0.15670035222800524,-1.3214635765099922,15.603213309541456,0.987743298437479,7.862951471992651,0.5661086439355306,2.4738212831504502,0.18809230834139254
-0.13924766500838334,-1.3214635765099922,15.663992904694025,0.9586963468464661,7.899990005734804,0.546474804967456,2.4796853980563744,0.18478028530515184
-0.12373879148704055,-1.3214635765099922,15.804458633408235,0.8935605401317671,7.983403133098692,0.5037669487523938,2.5026797838391928,0.17212788813471164
-0.10995723711238882,-1.3214635765099922,16.009273142180497,0.803474918652947,8.086723123038839,0.4537057629057289,2.540725340250028,0.15234390600092926
-0.09771061966979347,-1.3214635765099922,16.253939980322098,0.7032497216723278,8.207479805589147,0.3990692189604388,2.5760599352128164,0.13522065309306036
-0.0868279837415025,-1.3214635765099922,16.515577788131367,0.6046736694178567,8.341626017898939,0.3431155991778558,2.6151980999731923,0.11761869268235317
-0.07715741427178036,-1.3214635765099922,16.782156657347794,0.5130482470063332,8.480430185315662,0.2902934594376474,2.660258572395583,0.0990741927439235
-0.06856391592404971,-1.3214635765099922,17.048052845977573,0.4301923205419689,8.617265932443251,0.24309562033557158,2.7050637142326353,0.08240082659455289
-0.06092752862714207,-1.3214635765099922,17.308893942848325,0.3568928864494771,8.749249445564647,0.2020000229077025,2.746355994725534,0.06854243465515111
-0.0541416530048151,-1.3214635765099922,17.560376132032662,0.29344331961820946,8.875394938713109,0.16665299510865825,2.784863013558992,0.056881572989164304
-0.04811156231253989,-1.3214635765099922,17.79892964730626,0.2395850412966975,8.995098231814934,0.13655321842843415,2.821756040482686,0.04681979953157928
-0.04275308010908995,-1.3214635765099922,18.022245212750157,0.1945735515664647,9.107729056315838,0.1112030934241096,2.857167488555813,0.0381565718064478
-0.0379914052040221,-1.3214635765099922,18.2292468396014,0.15738090722419815,9.212744851988973,0.09009142564666689,2.8905974060188635,0.030849271727033632
-0.03376006747802295,-1.3214635765099922,18.41977439838412,0.12689502347177134,9.309838625083318,0.07268516199998862,2.921557276300119,0.024818597354073428
-0.03,-1.3214635765099922,18.594241879795835,0.10205000620879577,9.398977869799229,0.05845088563053938,2.949832535145884,0.01991630901299803
0.03,-1.3214635765099922,22.075605056098894,0.1291457995905791,11.16940017276427,0.07477540637825131,3.5052108646395497,0.02594773533078459
0.03376006747802295,-1.3214635765099922,22.33756982460346,0.16535719440922117,11.302134608253779,0.09578297642442721,3.547603360693386,0.0333935730857372
0.0379914052040221,-1.3214635765099922,22.638777429247106,0.21197077123084357,11.454611318096685,0.1228401117930267,3.59621861954396,0.042995533038189176
0.04275308010908995,-1.3214635765099922,22.98591839760552,0.2720595366426731,11.63030600280495,0.15777337039943337,3.6517554514286967,0.05531491225268659
0.04811156231253989,-1.3214635765099922,23.38687400371029,0.34959923032975365,11.833444225042417,0.2029966838698484,3.7150482142579975,0.07105423164929177
0.0541416530048151,-1.3214635765099922,23.850827427592513,0.44969269034250536,12.069049622567118,0.26167481093505085,3.7875177020718604,0.0912186359921
0.06092752862714207,-1.3214635765099922,24.38843188282322,0.5788386212623802,12.342835336164743,0.3378699675824264,3.8717997034765994,0.11743047329775815
0.06856391592404971,-1.3214635765099922,25.012298795026723,0.7453206497797695,12.660986510083157,0.436647823654754,3.9716729261208004,0.15215596585347213
0.07715741427178036,-1.3214635765099922,25.738216635999727,0.9598963571158395,13.030300332262973,0.564267763667217,4.09004557632478,0.1981863518854283
0.0868279837415025,-1.3214635765099922,26.587089269183224,1.2369318985300042,13.459640137328078,0.7289133288646488,4.226656472329725,0.25747850255789595
0.09771061966979347,-1.3214635765099922,27.585964135403383,1.595532632324189,13.962854929300018,0.94240499651153,4.382624657528444,0.33270101206076064
0.10995723711238882,-1.3214635765099922,28.76532726556261,2.059259708487396,14.559525347335812,1.2216229154895797,4.569761722825087,0.4327312258697888
0.12373879148704055,-1.3214635765099922,30.155499399738858,2.65462764306006,15.268055343676393,1.5860688725116994,4.796332925709151,0.5668518353764622
0.13924766500838334,-1.3214635765099922,31.796098667413634,3.414649707895715,16.10113158689816,2.0547024625009183,5.052822947160228,0.7341706844627334
0.15670035222800524,-1.3214635765099922,33.751475590835554,4.386751544129101,17.087529587249872,2.657804056940921,5.366875661445439,0.9589092629213833
0.17634048216824733,-1.3214635765099922,36.08186612179896,5.618401726107745,18.275476749910343,3.4422213048204218,5.7394362762295446,1.2502842590486338
0.19844221923690444,-1.3214635765099922,38.853547524028436,7.158018679076319,19.68165722264537,4.437095579280575,6.182855117093561,1.6270702244968163
0.22331409039755062,-1.3214635765099922,42.22513532238865,9.10041520495664,21.378172305893354,5.711313546622758,6.713783969673073,2.1141643838651336
0.2513032920204875,-1.3214635765099922,46.23104998166744,11.455529387030602,23.423172717230717,7.324893246809107,7.366390957658423,2.756708418217369
0.2828005365353655,-1.3214635765099922,51.12699753531079,14.336228209873763,25.88911468359588,9.343542436615287,8.134291729158965,3.561808072131247
0.3182455065418344,-1.3214635765099922,56.99686288045421,17.712864318637532,28.865911948897097,11.834753826978957,9.069322866609873,4.596758925492773
0.35813299251433084,-1.3214635765099922,64.22029297738975,21.661385640808927,32.52535017976754,14.91140023132131,10.205738089514009,5.913321764730418
0.40301979977966995,-1.3214635765099922,72.94592581093089,26.04133822142282,36.95100885770969,18.570842858863905,11.603528479039225,7.59225570299629
0.4535325211846986,-1.3214635765099922,83.64129169793173,30.7772051933663,42.37302611238349,22.86640926429525,13.318719654454497,9.705592185107255
0.5103762839557767,-1.3214635765099922,96.73985499597265,35.66190266168553,49.012975840177255,27.743385624276016,15.415925380560637,12.324231989611224
0.5743445928509872,-1.3214635765099922,112.85332592106475,40.4766235745278,57.17168058323942,33.070863683597565,17.962689986634476,15.502552287134652
0.6463304070095649,-1.3214635765099922,132.63649712027623,44.98749767614674,67.15376827922633,38.568100889915804,21.08805153312755,19.339256056616478
0.7273386051246984,-1.3214635765099922,156.96736948035687,49.044870989467555,79.5387779178618,43.95919249852827,24.9663451923859,23.932051643376646
0.8185000129460304,-1.3214635765099922,187.25401131368918,52.610319311498046,94.79152800470729,48.84447200942803,29.757690759055002,29.27057896281744
0.9210871889273549,-1.3214635765099922,224.84746710390033,55.65111765652015,113.69355826836042,53.0181210945588,35.78459796174025,35.37587931311169
1.0365321883776653,-1.3214635765099922,271.18084088089427,58.182839579872486,137.0564948328622,56.41251689142251,43.200751682758,41.885163056641005
1.166446554092426,-1.3214635765099922,328.166637283137,60.266762720970426,166.25427979454662,59.13101737058612,52.371835865923735,48.38829898365198
1.3126438125222553,-1.3214635765099922,400.3079475984117,62.013622126690265,202.31051868840862,61.26030384990439,63.71104541054874,54.23217324237996
1.4771647895120215,-1.3214635765099922,489.44468979978,63.430872065757654,247.47294118101075,62.948132512682164,77.9565544672575,58.836264296326455
1.6623060990028473,-1.3214635765099922,600.1165181307495,64.58343568157596,304.1043786295258,64.28526274671263,95.53458756675408,61.95231466627095
1.8706522023821734,-1.3214635765099922,740.6428480890272,65.53546690110377,374.9996123985272,65.3431421322617,117.49325204970413,64.00271329206856
2.1051114860111477,-1.3214635765099922,914.4390527331807,66.29796269563326,462.8913969313607,66.17472484341954,145.42321587134185,65.4072464774779
2.368956860549917,-1.3214635765099922,1136.5707483610897,66.92602035630215,574.0440023310586,66.84215725372164,181.18876971455356,66.40630287431662
2.6658714488230206,-1.3214635765099922,1412.0216458212299,67.4257697477569,713.9915569781825,67.37426089575528,224.83857381394083,67.1087168768742
3.0,-1.3214635765099922,1763.7938076027299,67.83394717384566,891.7678462976553,67.80112669544073,280.2519472626686,67.63751540453259
-3.0,-1.2715970264530114,1343.1578439114244,67.32039000635334,682.301366936094,67.27375087183172,216.66266995954751,67.00313815004263
-2.6658714488230206,-1.2715970264530114,1040.5482930250157,66.68818035156761,527.7544896655922,66.60037883216162,167.196383782996,66.08118171812191
-2.368956860549917,-1.2715970264530114,808.7467554312045,65.87443892795184,409.78219501699704,65.71815194141514,129.57404258560643,64.71528176218094
-2.1051114860111477,-1.2715970264530114,626.0720544393625,64.79263845885521,316.3540084105295,64.5053189149067,100.54327396591769,62.543473048099706
-1.8706522023821734,-1.2715970264530114,485.40986016133354,63.378466421349636,245.2346070194448,62.88095924972719,77.81235222539998,58.801292140623886
-1.6623060990028473,-1.2715970264530114,375.520977147007,61.49318289468841,190.23411061449914,60.650975853595426,60.08631349479655,52.60696570219306
-1.4771647895120215,-1.2715970264530114,290.83499255344884,58.999582929703024,147.15837515252014,57.496871848831695,46.54080726875947,44.44910149582499
-1.3126438125222553,-1.2715970264530114,225.38543577937034,55.68687896000864,113.94829401592473,53.06389469036147,35.897163421576614,35.483064985365736
-1.166446554092426,-1.2715970264530114,174.62065925958012,51.278292036014314,88.20417805029766,46.937733851728964,27.856393633321392,27.200642384119796
-1.0365321883776653,-1.2715970264530114,135.48047053569246,45.53514986017971,68.4613550181254,39.20829087143532,21.56912175253376,19.920310580066314
-0.9210871889273549,-1.2715970264530114,105.30943702912683,38.37008984120271,53.24295279146233,30.599922901609478,16.79425363236158,14.047566989212493
-0.8185000129460304,-1.2715970264530114,82.23487644608828,30.194182334320594,41.538798614348536,22.222166884117584,13.091378590711203,9.423308234657071
-0.7273386051246984,-1.2715970264530114,64.68314387022278,21.904966483529723,32.618714971481126,14.989553437205725,10.293588201885083,6.017183729662821
-0.6463304070095649,-1.2715970264530114,51.25208525857143,14.40931493365283,25.869868903908472,9.32757768481492,8.1503434918303,3.579114415253027
-0.5743445928509872,-1.2715970264530114,41.19387830129579,8.500565587436522,20.775256471861763,5.25058689720689,6.560048829760201,1.9695000853612026
-0.5103762839557767,-1.2715970264530114,33.63525047389063,4.327236317855381,16.96340613635788,2.5793170207986673,5.3399158240957805,0.938824603009894
-0.4535325211846986,-1.2715970264530114,28.003050458273208,1.754814544801214,14.113683009956832,1.010422362924584,4.458950678328084,0.3722607978091881
-0.40301979977966995,-1.2715970264530114,23.849160757565734,0.44931388431039654,12.048963709308254,0.2564188951639887,3.7980695008565717,0.0943402201500128
-0.35813299251433084,-1.2715970264530114,20.90810443988176,0.020334597746771845,10.534910268723912,0.009311561662306537,3.322468095377893,0.004301417080233094
-0.3182455065418344,-1.2715970264530114,18.817603961418445,0.07441785189960322,9.46779623652279,0.048581794365451396,2.9909543366561615,0.013794213403283611
-0.2828005365353655,-1.2715970264530114,17.346574869490688,0.3469406313342836,8.756686277731438,0.1998108365110598,2.759208997399743,0.06451656758816514
-0.2513032920204875,-1.2715970264530114,16.421487248049495,0.6391201982052253,8.272319031231293,0.37141129055052435,2.597580447327022,0.1253672172630881
-0.22331409039755062,-1.2715970264530114,15.84284409652266,0.8762392239542641,7.988261961790969,0.5013428852852104,2.509551099706514,0.16844952687752135
-0.19844221923690444,-1.2715970264530114,15.54568630681815,1.0157219501003751,7.838952585517099,0.5790531607149317,2.4662351668168827,0.1924288965640383
-0.17634048216824733,-1.2715970264530114,15.434576975940866,1.071114371542625,7.793293866505349,0.6041692764375411,2.442919479676215,0.2061281298823768
-0.15670035222800524,-1.2715970264530114,15.48332520093569,1.0465905158781783,7.8040831945975615,0.598176118568083,2.454927788588736,0.19900233535430845
-0.13924766500838334,-1.2715970264530114,15.623822872937941,0.977834950514778,7.880959333278101,0.5565108705318697,2.4736730912474485,0.18817645941515598
-0.12373879148704055,-1.2715970264530114,15.821246557159185,0.8859599651988811,7.992566545115117,0.4992011411970968,2.5056195181418475,0.17054845403245503
-0.10995723711238882,-1.2715970264530114,16.065236196312284,0.7798496262480086,8.115722832443833,0.44020842222306034,2.549613492500155,0.1479247007762288
-0.09771061966979347,-1.2715970264530114,16.335788792882006,0.6714713507283502,8.249687060399244,0.3809338861709929,2.589258998319623,0.1291263037867266
-0.0868279837415025,-1.2715970264530114,16.61368016526615,0.5699382613731565,8.391922776352134,0.32338842318572364,2.6310861164779773,0.11087281429772056
-0.07715741427178036,-1.2715970264530114,16.88943414290224,0.478611642245954,8.535143676845083,0.2708503671056184,2.6774435294907097,0.09247428812149625
-0.06856391592404971,-1.2715970264530114,17.159232038495944,0.39799991369067067,8.673824925990244,0.2249611365860692,2.722731853825819,0.07629688314804127
-0.06092752862714207,-1.2715970264530114,17.42011107717037,0.3279732352863913,8.805822352522824,0.18568017705704926,2.7640439113470032,0.0630370048237136
-0.0541416530048151,-1.2715970264530114,17.668913900919087,0.26818714798590193,8.930664337080511,0.15234504734291182,2.802206037487906,0.052018167723531274
-0.04811156231253989,-1.2715970264530114,17.9029764088611,0.21797291811873373,9.048141156168693,0.12426089417821674,2.838438709349433,0.042618698450856383
-0.04275308010908995,-1.2715970264530114,18.120670971954734,0.1763533450473022,9.15793933858869,0.1008092295127191,2.872957332767552,0.034601002443307806
-0.0379914052040221,-1.2715970264530114,18.321414956098927,0.14219077997230273,9.259766290675051,0.08141136462312387,2.9053598657260915,0.02788634073289816
-0.03376006747802295,-1.2715970264530114,18.505396830657357,0.11433956773992518,9.353503795872987,0.0655059603826626,2.9352392814671258,0.02237503239694315
-0.03,-1.2715970264530114,18.67327355274284,0.09174293164684069,9.439255464206823,0.05255751343886291,2.962435165815635,0.017914389470427335
0.03,-1.2715970264530114,21.94973062335031,0.11321912573845373,11.105471958910732,0.06552411131342598,3.4851281328761954,0.022728628638946646
0.03376006747802295,-1.2715970264530114,22.192669630953333,0.14482087274422337,11.228571502484192,0.08384290627446371,3.5244498424150774,0.029218305489133803
0.0379914052040221,-1.2715970264530114,22.471589674808406,0.18545050152082568,11.369771654448057,0.10740464543600828,3.5694756070686,0.03757477275205844
0.04275308010908995,-1.2715970264530114,22.792536382538643,0.23776004332769884,11.532216917456365,0.1377823381926219,3.6208246986000705,0.04827860598772467
0.04811156231253989,-1.2715970264530114,23.16261060685142,0.3051771692882083,11.719723360183137,0.1770526150909363,3.679235413456097,0.06192966307169518
0.0541416530048151,-1.2715970264530114,23.5900573559844,0.3920974617065935,11.93681499405565,0.22793502049637063,3.7459855114295144,0.07938755727829923
0.06092752862714207,-1.2715970264530114,24.0844052827153,0.504115495067224,12.18861191558024,0.2939154587596243,3.8234753072845495,0.10204574475556186
0.06856391592404971,-1.2715970264530114,24.656902097627125,0.6483626017938571,12.48061680607677,0.3793333522424328,3.9151492444498377,0.1320260597999297
0.07715741427178036,-1.2715970264530114,25.32162628203911,0.8341116050726795,12.818837956798287,0.4895437464791369,4.0236034048889975,0.17171647218912967
0.0868279837415025,-1.2715970264530114,26.097256439456366,1.0737802936044356,13.211138078430531,0.6315570340883332,4.148450223880817,0.22275109889336323
0.09771061966979347,-1.2715970264530114,27.007970422637865,1.3839430984982732,13.669928932961998,0.8155441486810873,4.290595423444733,0.2873779245333112
0.10995723711238882,-1.2715970264530114,28.08086101375026,1.7851164818239649,14.2127956493957,1.0560829758175505,4.460866442904331,0.3732760821265668
0.12373879148704055,-1.2715970264530114,29.342558757445126,2.3005048056241133,14.856006352531097,1.3700138420721348,4.666621990364371,0.4884024900611692
0.13924766500838334,-1.2715970264530114,30.82800417057195,2.9592698114992677,15.610380766204052,1.7737172370451006,4.898735963274183,0.6317795864159589
0.15670035222800524,-1.2715970264530114,32.59454014961395,3.803753217730601,16.50156829121972,2.2936884609946686,5.182624520660475,0.8245545514091766
0.17634048216824733,-1.2715970264530114,34.695052137395855,4.877070066182214,17.57267918801232,2.9711445824487437,5.518427087027748,1.0744022605766075
0.19844221923690444,-1.2715970264530114,37.18787090801933,6.224635281426006,18.837410590127668,3.8320451123886055,5.917433770518954,1.3979025273724504
0.22331409039755062,-1.2715970264530114,40.21502325256894,7.935403762377914,20.360687690752684,4.93861560954126,6.39383987681525,1.8163306669890726
0.2513032920204875,-1.2715970264530114,43.80336807477398,10.02490837088138,22.19299103235382,6.3457100948354235,6.979005795372321,2.3700226506409905
0.2828005365353655,-1.2715970264530114,48.183442004848644,12.607492550445292,24.39911415500287,8.116426406000278,7.6658484961686275,3.065052621441348
0.3182455065418344,-1.2715970264530114,53.42483643385571,15.672029348648735,27.05771343345058,10.317149584413531,8.500829155852388,3.9612632415672975
0.35813299251433084,-1.2715970264530114,59.86796866881272,19.313792615690062,30.322312147186082,13.060852562660592,9.51434461604242,5.1058116323856
0.40301979977966995,-1.2715970264530114,67.64231245105867,23.43313613670602,34.26614838068169,16.362947037100515,10.760225237150456,6.572977011824945
0.4535325211846986,-1.2715970264530114,77.16501322660852,27.99317538454978,39.094221531017055,20.298086247068532,12.287752273058004,8.430175195383411
0.5103762839557767,-1.2715970264530114,88.82137052602748,32.8241284554056,45.003783424072715,24.853591754535643,14.153504682872557,10.745644442175275
0.5743445928509872,-1.2715970264530114,103.15646050479742,37.72284301292746,52.26235007925677,29.955716007875324,16.420235201647767,13.580412659258272
0.6463304070095649,-1.2715970264530114,120.75786571614918,42.439419109548076,61.14524116700346,35.3914276263322,19.20053164498076,17.033501663358646
0.7273386051246984,-1.2715970264530114,142.4183119858786,46.78251347723834,72.17110025565594,40.92970270056699,22.65262351412709,21.217907820477386
0.8185000129460304,-1.2715970264530114,169.3881448806155,50.666106060812815,85.75777621897223,46.15484412463847,26.920697313508445,26.15806426712637
0.9210871889273549,-1.2715970264530114,202.8928541377495,54.01968183447844,102.60713420066412,50.77525909802987,32.29058081106268,31.922888435991425
1.0365321883776653,-1.2715970264530114,244.22781751782045,56.83428437408684,123.45379381794778,54.617959211736,38.90685040326647,38.25351109964115
1.166446554092426,-1.2715970264530114,295.128790647939,59.16266985316321,149.52242381168622,57.72590579315554,47.09305499767946,44.85120133722339
1.3126438125222553,-1.2715970264530114,359.5838814584049,61.11849552551363,181.75581538106377,60.1667779970325,57.23389961773676,51.17254438645698
1.4771647895120215,-1.2715970264530114,439.28775896791785,62.70761308286793,222.14130729942408,62.09770297045871,69.97104242511698,56.56989950000796
1.6623060990028473,-1.2715970264530114,538.2882250688958,64.00039546446777,272.7796686490253,63.6221722364029,85.69071008873073,60.45507783751404
1.8706522023821734,-1.2715970264530114,663.9092370449665,65.06729702880696,336.1554025425778,64.82395965291053,105.32965416592567,63.028715302905226
2.1051114860111477,-1.2715970264530114,819.2057636481173,65.92136164740646,414.6973991681478,65.76568975211785,130.27293912790404,64.75080373588908
2.368956860549917,-1.2715970264530114,1017.3223786848235,66.62375023115013,513.8501492888619,66.51873042706362,162.16146857477332,65.94631621349454
2.6658714488230206,-1.2715970264530114,1262.5640960483815,67.18218294934229,638.3779638213965,67.11714119925114,201.02907423446604,66.77195928524917
3.0,-1.2715970264530114,1574.868381159391,67.63774372860357,796.2063123962832,67.59627656896117,250.20981800956022,67.38486078075694
-3.0,-1.2217304763960306,1101.7032739756162,66.84455411976072,560.552692849547,66.77604108469863,178.68061563182155,66.352766803224
-2.6658714488230206,-1.2217304763960306,850.3900695044568,66.054225338491,431.9022314417501,65.92294862359982,137.2345548570088,65.07732773722486
-2.368956860549917,-1.2217304763960306,659.7822474377743,65.03892322063226,334.5893746068474,64.80026188746132,106.04232620697022,63.095255336868306
-2.1051114860111477,-1.2217304763960306,509.5156908173211,63.678694318529665,257.48182170517316,63.23248573523931,82.12772726666141,59.76804064958661
-1.8706522023821734,-1.2217304763960306,394.5109730435636,61.89807261951233,199.3253699174324,61.1175946019061,63.43678263921048,54.11658094391255
-1.6623060990028473,-1.2217304763960306,304.7899323084907,59.51181637601402,154.5173802395434,58.18286225523759,48.89015658699321,46.117278468074545
-1.4771647895120215,-1.2217304763960306,235.95136219646295,56.354244930620084,119.44885424869949,53.99794902894953,37.84725119278626,37.29918867713508
-1.3126438125222553,-1.2217304763960306,182.8931917619884,52.17218526121671,92.49262793626735,48.21059748461296,29.170316884544135,28.638184992501305
-1.166446554092426,-1.2217304763960306,141.7911512885002,46.67464394805081,71.62545328965453,40.6851150954878,22.654053353556897,21.219609577378062
-1.0365321883776653,-1.2217304763960306,110.17889165164434,39.757468282996314,55.685679145667166,32.15698399495658,17.559529743761498,15.001419722236179
-0.9210871889273549,-1.2217304763960306,85.85983489421592,31.673017403389974,43.41991925409235,23.665446134205297,13.711394724343938,10.194225020878362
-0.8185000129460304,-1.2217304763960306,67.32181943919234,23.270099294661428,34.00584574206572,16.146737189796827,10.726367781178364,6.532432245410305
-0.7273386051246984,-1.2217304763960306,53.28481844234124,15.59108322898356,26.864925523528516,10.156021743460053,8.485065790982723,3.9439072888578424
-0.6463304070095649,-1.2217304763960306,42.574969800170216,9.304752217134425,21.48796031350941,5.796041864673982,6.774133472862856,2.171702205103272
-0.5743445928509872,-1.2217304763960306,34.616157063197406,4.835606860542624,17.45624635080849,2.895018846202273,5.516940227975145,1.073248335426373
-0.5103762839557767,-1.2217304763960306,28.678277865920386,2.0236579564296067,14.462311570057494,1.1743186640935614,4.55345082989547,0.42361070508364895
-0.4535325211846986,-1.2217304763960306,24.293750402029538,0.5551049163297964,12.243156702046058,0.30915971846200496,3.870236048155937,0.11691792041354232
-0.40301979977966995,-1.2217304763960306,21.09942078137964,0.03197796882413618,10.661440966387376,0.017536324344066764,3.3617159331519053,0.007464631348776016
-0.35813299251433084,-1.2217304763960306,18.890589965379387,0.06638431831841378,9.517820771066072,0.042010510827622846,3.0025842432525667,0.01227531286793121
-0.3182455065418344,-1.2217304763960306,17.359373060783984,0.3435964197185397,8.73369117398753,0.2066231157283634,2.759563141281702,0.06440754929327415
-0.2828005365353655,-1.2217304763960306,16.314853879678683,0.6795171849579836,8.23697469661131,0.3863443372568702,2.5952615416106877,0.1264083177725266
-0.2513032920204875,-1.2217304763960306,15.710234105242796,0.9369480190953774,7.915002015387368,0.5386351278121231,2.4851575816806872,0.18172106491138132
-0.22331409039755062,-1.2217304763960306,15.373211661305971,1.1024808148913672,7.752746774726497,0.6270161716185128,2.435428488547555,0.21064956021551948
-0.19844221923690444,-1.2217304763960306,15.255720775132396,1.1640933009533434,7.693954466682426,0.6610625123900755,2.4202794256206204,0.21997402248212555
-0.17634048216824733,-1.2217304763960306,15.277491280976674,1.15252109646028,7.7150632415484885,0.6487124589697749,2.4184282158527317,0.22113016882894249
-0.15670035222800524,-1.2217304763960306,15.42207842721052,1.0774580115609655,7.774974855697776,0.6144278256146429,2.445351864219302,0.2046726169707419
-0.13924766500838334,-1.2217304763960306,15.631328255980904,0.9742416669082676,7.88611966087168,0.5537786803050688,2.47524871910518,0.18728288090401862
-0.12373879148704055,-1.2217304763960306,15.877068319973047,0.8609670683619502,8.021495425636985,0.48494863802703336,2.514775481608111,0.16568406549027564
-0.10995723711238882,-1.2217304763960306,16.153334963632503,0.7435040469454233,8.160997273435772,0.41961394141224306,2.5636000066742004,0.14112350300138404
-0.09771061966979347,-1.2217304763960306,16.444233181818642,0.6306905485834883,8.30537942695582,0.35775182132881167,2.606687827777696,0.12132619661578052
-0.0868279837415025,-1.2217304763960306,16.73392085760661,0.5289830425028468,8.453445430549422,0.30016700814417596,2.650505782311227,0.10293475202830057
-0.07715741427178036,-1.2217304763960306,17.015246015315235,0.4399649830349458,8.599246997649743,0.24904012020165295,2.6975796066422757,0.08506596256440542
-0.06856391592404971,-1.2217304763960306,17.286007619237225,0.3630151842445525,8.738279833842554,0.20525352320321427,2.7428758519653926,0.0696557833550336
-0.06092752862714207,-1.2217304763960306,17.544510218662342,0.29724157753624403,8.86906997799834,0.16833573179636166,2.7838241830368537,0.05718047395900099
-0.0541416530048151,-1.2217304763960306,17.78863755297422,0.24178424452185326,8.991602641282523,0.13738563144975216,2.821328731557111,0.04693023351863653
-0.04811156231253989,-1.2217304763960306,18.016551370812824,0.19565757781414841,9.106018148303377,0.11156702907733199,2.8566410063468166,0.038278363482727916
-0.04275308010908995,-1.2217304763960306,18.227243008141322,0.1577204467401224,9.212286347519077,0.09017839809290237,2.890047798961258,0.03096267925994816
-0.0379914052040221,-1.2217304763960306,18.42057279819151,0.12677469696713312,9.310339115851468,0.0726006113431623,2.9212378991587546,0.024877247410657825
-0.03376006747802295,-1.2217304763960306,18.59703699700732,0.10167547706774491,9.40022707784413,0.05826310341455682,2.9498806409490665,0.019908454223907954
-0.03,-1.2217304763960306,18.75750249822404,0.08139873187555946,9.482173993798298,0.04664150393226372,2.9758653342502646,0.01590369816997999
0.03,-1.2217304763960306,21.820792936027978,0.0979171303526998,11.039983338847506,0.05664197613963904,3.464554928168883,0.019639841001613152
0.03376006747802295,-1.2217304763960306,22.044456084551484,0.12511448925668697,11.153320620067054,0.07239489234146085,3.500764440430115,0.02521776690005373
0.0379914052040221,-1.2217304763960306,22.300839483140283,0.1600338806051469,11.283117365852558,0.09262596448472707,3.5421595989902817,0.03238857567882857
0.04275308010908995,-1.2217304763960306,22.59535138155574,0.20492869509531855,11.432190393956912,0.11866893357461758,3.589282073126513,0.04155718059254564
0.04811156231253989,-1.2217304763960306,22.934322425428082,0.2627073609587397,11.603950902326904,0.15228210441206483,3.642776399838595,0.05322735922102435
0.0541416530048151,-1.2217304763960306,23.32507315154181,0.3370946662321326,11.8024295524011,0.19576469753141162,3.703779174621119,0.06812216104875439
0.06092752862714207,-1.2217304763960306,23.776025568132187,0.432825980080724,12.032162196260318,0.2520582193023593,3.7744558700363733,0.08741910781107098
0.06856391592404971,-1.2217304763960306,24.297085974392477,0.5559339822260547,12.297981222685992,0.3248154323444997,3.857917146686821,0.11291415084442015
0.07715741427178036,-1.2217304763960306,24.900648667303155,0.7142684684929153,12.605121230173987,0.418534468875498,3.9564517759424747,0.14661474616241713
0.0868279837415025,-1.2217304763960306,25.603194969706756,0.9183660161999948,12.960459719340475,0.5391084783703376,4.069557398887729,0.18985428008282831
0.09771061966979347,-1.2217304763960306,26.42606434095384,1.1823339451034873,13.37498349369848,0.6951253857345773,4.1979334139340425,0.24448457589477407
0.10995723711238882,-1.2217304763960306,27.39299585646014,1.5236823419077612,13.864295551864364,0.8989369413569579,4.351415369650719,0.3170346180412819
0.12373879148704055,-1.2217304763960306,28.526978012476516,1.9622806610915342,14.442555286519285,1.164788964319446,4.536466862063906,0.41419335891541653
0.13924766500838334,-1.2217304763960306,29.858313902537418,2.523306801717943,15.118745876454733,1.506504091112362,4.744376717009595,0.5349075318712517
0.15670035222800524,-1.2217304763960306,31.437366309231887,3.2437086078350963,15.915387454410729,1.9467564625932536,4.9982993391124175,0.6973143989873442
0.17634048216824733,-1.2217304763960306,33.30969791361088,4.161622758615782,16.870483479450662,2.521026138762511,5.297613713845048,0.90759949793487
0.19844221923690444,-1.2217304763960306,35.52562975274423,5.318341021838331,17.99475702362842,3.25175160905419,5.652497977924859,1.1800831229951578
0.22331409039755062,-1.2217304763960306,38.2105244747729,6.795109851252999,19.345837832789496,4.193812001765616,6.0747433125708294,1.5324750351238383
0.2513032920204875,-1.2217304763960306,41.383563979369754,8.610589250280976,20.966546705629995,5.39589776133148,6.592775983969266,2.0000614303083433
0.2828005365353655,-1.2217304763960306,45.24960246031159,10.876464867448629,22.913699302491363,6.916574161727288,7.198829489556118,2.5876669070439293
0.3182455065418344,-1.2217304763960306,49.863550511628276,13.59606557561026,25.25450917019447,8.818572488100116,7.933898649725633,3.3472899642138074
0.35813299251433084,-1.2217304763960306,55.525590462146354,16.87826692135632,28.12373371867794,11.210757634133211,8.824354914378588,4.320723124185971
0.40301979977966995,-1.2217304763960306,62.34452979183808,20.662037596171622,31.583455820568677,14.121492413519231,9.917570927903174,5.574529676561206
0.4535325211846986,-1.2217304763960306,70.68497180188321,24.95033654092734,35.81247950615303,17.639918753990294,11.2557841268003,7.169895950721849
0.5103762839557767,-1.2217304763960306,80.88104474583307,29.6217317407139,40.982189916300726,21.788720951009992,12.887180800212045,9.170209555670995
0.5743445928509872,-1.2217304763960306,93.40712367149068,34.50889846852456,47.32477603735952,26.547643995677547,14.8686907411713,11.639521879841489
0.6463304070095649,-1.2217304763960306,108.7777323535459,39.36880657749086,55.08301113858138,31.779160469600573,17.296072031134635,14.673392200558286
0.7273386051246984,-1.2217304763960306,127.69302363347705,43.9805987663358,64.71103084325459,37.323849677947194,20.309887177815227,18.393419348080585
0.8185000129460304,-1.2217304763960306,151.23794604384366,48.20584448617548,76.57571768635995,42.8001349364968,24.03697799931547,22.85163118638374
0.9210871889273549,-1.2217304763960306,180.50137272630292,51.922490509185835,91.29519094006348,47.86737355224041,28.724760676778715,28.154228761563406
1.0365321883776653,-1.2217304763960306,216.6375985959834,55.08197657223716,109.5238712341423,52.23432698791097,34.507658986782026,34.142117233716704
1.166446554092426,-1.2217304763960306,261.2139795186156,57.71860317265994,132.3366807597446,55.83866503285936,41.66842989882405,40.632592732428094
1.3126438125222553,-1.2217304763960306,317.69160971225193,59.94303058899485,160.6050666436386,58.69493109117603,50.56413937819546,47.23881380485297
1.4771647895120215,-1.2217304763960306,387.6871561643451,61.757389568069726,196.07230036738378,60.95636257803692,61.74501183593739,53.3772117883526
1.6623060990028473,-1.2217304763960306,474.8658452239599,63.23711857914549,240.6195892173985,62.73800292103485,75.57979750935156,58.23401634819175
1.8706522023821734,-1.2217304763960306,585.6008260834918,64.45803833756966,296.4912558213206,64.1383596507832,92.91186726212605,61.60194228184105
2.1051114860111477,-1.2217304763960306,723.0552670195046,65.43721949474926,366.0132869716117,65.23367160755203,114.95154258348731,63.82440723639241
2.368956860549917,-1.2217304763960306,898.4933372740342,66.24061547128139,453.92748479788827,66.10567320712104,143.13915044407307,65.32038888267986
2.6658714488230206,-1.2217304763960306,1116.6096357077927,66.880018053697,564.545073738813,66.7959536413406,177.71498610286872,66.33164501764247
3.0,-1.2217304763960306,1394.4591808363593,67.39990032839765,705.010216330802,67.34673290591225,221.4778786053716,67.06645071994163
-3.0,-1.1718639263390498,945.8005644730241,66.40496903985228,481.52337045204143,66.30949445051931,153.5520512677654,65.6885262432677
-2.6658714488230206,-1.1718639263390498,724.4563604634515,65.44522673579459,368.2854695258629,65.261898822451,117.09964034463974,63.97584653761611
-2.368956860549917,-1.1718639263390498,557.7592343108267,64.19851438805173,283.0481344908433,63.85750802958809,89.79079659861702,61.14199971393139
-2.1051114860111477,-1.1718639263390498,427.22617414998837,62.50707263703245,216.01883009087243,61.8579027337761,69.0146219064874,56.247983990737026
-1.8706522023821734,-1.1718639263390498,328.25806133181413,60.26949192700335,165.93045920506054,59.106958251144476,52.901166454137474,48.7129458760917
-1.6623060990028473,-1.1718639263390498,251.74095046590415,57.24107038382281,127.73995250574914,55.23172320694094,40.4647318459094,39.61485556038183
-1.4771647895120215,-1.1718639263390498,193.67733847661765,53.218122338565884,98.12654151289487,49.70871332562439,31.133009246092744,30.725967942212826
-1.3126438125222553,-1.1718639263390498,149.39135563903534,47.92165891809595,75.59650171356816,42.399929248240824,23.86659740101439,22.652100007080463
-1.166446554092426,-1.1718639263390498,115.39322687136456,41.133036081170225,58.313320717058545,33.755872392359024,18.468387349186933,16.12951100724672
-1.0365321883776653,-1.1718639263390498,89.49873366562674,33.080359058625675,45.25475859621745,25.039509101597737,14.2830650104947,10.90743643606578
-0.9210871889273549,-1.1718639263390498,69.7532759186761,24.491681994061963,35.29184424450232,17.211485920259612,11.158005328314056,7.051628804549213
-0.8185000129460304,-1.1718639263390498,54.84227567910917,16.487688218179677,27.707656737614222,10.86151028352117,8.747544238045078,4.2348367576015935
-0.7273386051246984,-1.1718639263390498,43.66987780134159,9.946478703075183,22.016836389090816,6.207509085914417,6.959699984228414,2.3511427314466964
-0.6463304070095649,-1.1718639263390498,35.21661746026875,5.153180325971268,17.77506617154254,3.104804507044042,5.6074088700349956,1.1441862683011155
-0.5743445928509872,-1.1718639263390498,29.02024479295259,2.164706374261494,14.63529768183694,1.258963014832426,4.629581616461505,0.46681165200175484
-0.5103762839557767,-1.1718639263390498,24.45834820758498,0.5966293771025006,12.334966192337419,0.3355637832941155,3.8841497735551154,0.12151298030396591
-0.4535325211846986,-1.1718639263390498,21.142353048644292,0.034936851743048565,10.655529091045189,0.01709645216600793,3.370012672983095,0.008240304006699489
-0.40301979977966995,-1.1718639263390498,18.775435166630704,0.07928109159007954,9.489458743231273,0.045674347478278664,2.9928617955122303,0.013538733283602673
-0.35813299251433084,-1.1718639263390498,17.199918364304132,0.3865734662448595,8.666432720139168,0.2272863598697198,2.7345647668688375,0.07235501473647146
-0.3182455065418344,-1.1718639263390498,16.153995693685655,0.7432353419106054,8.12787008352645,0.4346259249801999,2.5682879617791037,0.13888543521224478
-0.2828005365353655,-1.1718639263390498,15.48040670935076,1.0480489748126347,7.817117349299568,0.5909840958437329,2.462598308998941,0.1945287938723352
-0.2513032920204875,-1.1718639263390498,15.153698980787633,1.2192774939066224,7.636117847386821,0.695632366884807,2.3973563631829813,0.23454939421040272
-0.22331409039755062,-1.1718639263390498,15.025834075664362,1.2906892562361,7.579164497875391,0.7307351779472073,2.380730944478144,0.2454769824221548
-0.19844221923690444,-1.1718639263390498,15.062949532999435,1.2697002981917582,7.598211988236428,0.7188771631285206,2.3897571777953104,0.23950668683944584
-0.17634048216824733,-1.1718639263390498,15.198231180925005,1.1949955912218486,7.6762154991630975,0.6715509960423021,2.40631526642819,0.22878563832953291
-0.15670035222800524,-1.1718639263390498,15.42345532966235,1.0767580414942244,7.777627207967032,0.6129360486149219,2.445724281737671,0.20445031136872452
-0.13924766500838334,-1.1718639263390498,15.68953515827961,0.9466459214464051,7.916994141850318,0.5375998789536796,2.4848902952783254,0.1818697882157023
-0.12373879148704055,-1.1718639263390498,15.974211587296919,0.8184910673658122,8.071341363794177,0.460962637975428,2.5305099865234078,0.15751710958885323
-0.10995723711238882,-1.1718639263390498,16.275286380600946,0.694878333186477,8.22340968496197,0.39216677252312804,2.582957009408526,0.13201583735701225
-0.09771061966979347,-1.1718639263390498,16.580548348828533,0.5815356558719826,8.375197681199728,0.32987359253387594,2.6285477660602417,0.11193529519051452
-0.0868279837415025,-1.1718639263390498,16.877233524762925,0.48245884657609694,8.526663234092954,0.27381376904578125,2.673604442999106,0.09392640231112151
-0.07715741427178036,-1.1718639263390498,17.16026290783676,0.39770806891806176,8.673077203815378,0.22519572173733438,2.7207729964134195,0.07696069709478824
-0.06856391592404971,-1.1718639263390498,17.4288488268114,0.32575925205880796,8.810866221652452,0.18426227392593356,2.76557013597005,0.06257389220759968
-0.06092752862714207,-1.1718639263390498,17.682407445667987,0.26513543302293,8.939150536951015,0.1502107902246997,2.8057467746710647,0.05105448205687657
-0.0541416530048151,-1.1718639263390498,17.919747603924876,0.21459433890832574,9.058309670622554,0.12197665439912478,2.8422625311646743,0.041685934892238055
-0.04811156231253989,-1.1718639263390498,18.13976868968798,0.17293101307830866,9.168785436648905,0.09863644957081101,2.8763806001422183,0.03385482263680058
-0.04275308010908995,-1.1718639263390498,18.342011732230628,0.13891001057530586,9.270794210735449,0.07944392873606743,2.9084464960383314,0.027287021066368017
-0.0379914052040221,-1.1718639263390498,18.526724484818352,0.11132112549141156,9.36446421710062,0.06376633838908102,2.9382318746416645,0.02185846127258216
-0.03376006747802295,-1.1718639263390498,18.694666140283058,0.08905334374649332,9.449992918042188,0.051042370898192156,2.965476605765739,0.017447995097529725
-0.03,-1.1718639263390498,18.846877339538054,0.07113749564615701,9.527706640944622,0.04077131853545341,2.990114771903334,0.013907455802800546
0.03,-1.1718639263390498,21.689286682594947,0.08338227664737848,10.973185235368575,0.048211227764410926,3.4435700699657024,0.01670983129143372
0.03376006747802295,-1.1718639263390498,21.89351962287685,0.10642126027495312,11.07668135837624,0.061544623199050574,3.4766413380951433,0.0214286803531541
0.0379914052040221,-1.1718639263390498,22.127234539799485,0.13595725163621292,11.195007174291737,0.07864029418172595,3.5143835823421243,0.027484415429550293
0.04275308010908995,-1.1718639263390498,22.39521528508281,0.17387146952791754,11.330658099758393,0.10060936354398355,3.5572636090621,0.0352120672145025
0.04811156231253989,-1.1718639263390498,22.70303947363587,0.2225875954135259,11.486648650359188,0.12891407203715824,3.605835504442793,0.04502686721859622
0.0541416530048151,-1.1718639263390498,23.05712575979991,0.2852038951244874,11.666527001371156,0.1654627736422232,3.6610979178437137,0.057525684162150474
0.06092752862714207,-1.1718639263390498,23.464818789924077,0.36565226818471136,11.874259431252447,0.21269079345023753,3.724984047670726,0.07368539430796886
0.06856391592404971,-1.1718639263390498,23.934720374213388,0.46893550193606504,12.1140276561469,0.27361243453960843,3.800274002010357,0.0949982494924433
0.07715741427178036,-1.1718639263390498,24.47758549191915,0.6015636487976458,12.390317236652066,0.35192817215932454,3.8889574308438326,0.12311861540013515
0.0868279837415025,-1.1718639263390498,25.1077515029495,0.7722906055813185,12.709048199257504,0.45248678223178984,3.9904321357401797,0.15910571431726545
0.09771061966979347,-1.1718639263390498,25.843784686340392,0.9928660678142651,13.079811610589326,0.5823855404358299,4.1052023003234,0.20444628101282572
0.10995723711238882,-1.1718639263390498,26.706154799492058,1.2778959976423387,13.51626542783067,0.7518652208412668,4.242112431986497,0.26458378745413896
0.12373879148704055,-1.1718639263390498,27.71431385869744,1.6439755548664334,14.030518139872093,0.9726967194545617,4.406754032970017,0.34501785531387025
0.13924766500838334,-1.1718639263390498,28.894043902326143,2.1122835661278643,14.629783657858782,1.256232012922469,4.5908630412187525,0.4446404701882908
0.15670035222800524,-1.1718639263390498,30.28886433393684,2.7142316224120138,15.333502274945186,1.621388473544787,4.8153200475863125,0.5786954964791065
0.17634048216824733,-1.1718639263390498,31.937186241450174,3.482557059491333,16.17466151334319,2.0979538990864413,5.078812543995736,0.7519734576844758
0.19844221923690444,-1.1718639263390498,33.88144106136416,4.453539609305135,17.161111766190576,2.7046633532368,5.390379641465034,0.9765349481220175
0.22331409039755062,-1.1718639263390498,36.23055573538708,5.699185325940499,18.343211615443344,3.4886184835201193,5.759512008875701,1.2666759778800425
0.2513032920204875,-1.1718639263390498,38.996239360381395,7.238947911739139,19.75632550086444,4.491631681981021,6.211635997688121,1.6525315213691232
0.2828005365353655,-1.1718639263390498,42.35771792519012,9.177810729531693,21.44922211645793,5.7661178661855095,6.738379335408758,2.137563977022067
0.3182455065418344,-1.1718639263390498,46.35546909661969,11.528965336412138,23.477842470252956,7.36892190419047,7.375310597106472,2.7657795028823
0.35813299251433084,-1.1718639263390498,51.24955882980711,14.407839158005956,25.958235120364,9.40090021506534,8.14475715728807,3.573089438992471
0.40301979977966995,-1.1718639263390498,57.12776071728753,17.786674280246977,28.94110495487978,11.898025866798033,9.087569246244163,4.617443873287596
0.4535325211846986,-1.1718639263390498,64.30196119277151,21.704452340269633,32.57900654171186,14.956318149988602,10.238949124988714,5.952555359723331
0.5103762839557767,-1.1718639263390498,73.05453609433388,26.09295810592638,37.017140443074446,18.624647819571837,11.63873476811227,7.63515921548729
0.5743445928509872,-1.1718639263390498,83.78845467457683,30.837528608247343,42.452055127595095,22.92709843262063,13.337381148428356,9.728785178360004
0.6463304070095649,-1.1718639263390498,96.94317396123913,35.73036395964132,49.092513194752414,27.798948578349012,15.414166971505706,12.322031558719116
0.7273386051246984,-1.1718639263390498,113.12342648548933,40.54763765342861,57.32754477633589,33.16525965032488,17.99130497377792,15.538079346332202
0.8185000129460304,-1.1718639263390498,133.2485118776735,45.10723552363784,67.47128722798686,38.72519503985551,21.177695313826764,19.447750518541092
0.9210871889273549,-1.1718639263390498,158.2650498600421,49.22638952698171,80.05691305844569,44.154083437754,25.182481677509532,24.18134820075293
1.0365321883776653,-1.1718639263390498,189.18184705356543,52.79728281977325,95.65566016911136,49.07452261791554,30.128212231047556,29.666189148954672
1.166446554092426,-1.1718639263390498,227.39349974573904,55.81878002436671,115.19356527553971,53.28433187804597,36.257777572101006,35.82472055729054
1.3126438125222553,-1.1718639263390498,275.83745475174015,58.387534005641534,139.46449229549071,56.68779310318167,43.89682995823243,42.43826652065786
1.4771647895120215,-1.1718639263390498,336.0495801899287,60.496315097924324,169.9734229983976,59.39967268989587,53.508574812407936,49.07888800151922
1.6623060990028473,-1.1718639263390498,411.32474668788586,62.223784175764415,208.38846343023366,61.53639230883616,65.44609623331148,54.93669592449907
1.8706522023821734,-1.1718639263390498,507.1035582150551,63.649993365691834,256.7216390225727,63.21176172073349,80.45887452792432,59.413055585883704
2.1051114860111477,-1.1718639263390498,626.7114344759145,64.79756524404574,317.21860155809117,64.52014496649537,99.59472465112655,62.43861726470705
2.368956860549917,-1.1718639263390498,779.5747592150055,65.73671005778195,393.9532885487678,65.55635679108211,124.0974778597846,64.41698362191099
2.6658714488230206,-1.1718639263390498,970.9214674139984,66.48557454324674,490.8592324029897,66.3729311916046,154.4370200040187,65.71678004873695
3.0,-1.1718639263390498,1215.035638078296,67.09191400569283,614.3383081938472,67.02146700892575,192.90641547575555,66.63353151467382
-3.0,-1.121997376282069,835.0985270003935,65.99034901840854,424.90418784940164,65.86063357180727,135.20295806739645,64.98687069672309
-2.6658714488230206,-1.121997376282069,637.2200100866352,64.8770723202326,323.9196635032536,64.63211032682061,102.84772224037287,62.78581352642898
-2.368956860549917,-1.121997376282069,487.5968858091783,63.40698470104079,247.44993120535304,62.947448937364555,78.44625142700296,58.953575539316304
-2.1051114860111477,-1.121997376282069,370.72066020308114,61.383901682445114,187.5552329241514,60.50346447021655,59.86809865162415,52.50220100600949
-1.8706522023821734,-1.121997376282069,282.2681621467434,58.65843207799506,142.75987948830615,57.0468908625204,45.50497790232986,43.678256989382234
-1.6623060990028473,-1.121997376282069,214.3129634503745,54.912424257061474,108.81854526234888,52.09500820710915,34.47533186693732,34.11045894220487
-1.4771647895120215,-1.121997376282069,163.19225079194388,49.88889610421883,82.74815329842978,45.1306319192812,26.262200680847442,25.415214108329884
-1.3126438125222553,-1.121997376282069,124.65903997463546,43.3257402789692,63.12954226802386,36.484029181143285,19.94432753092619,17.94671231783
-1.166446554092426,-1.121997376282069,95.46004067786531,35.22604770037609,48.274084479098946,27.223875535339285,15.301539871125563,12.181093122037057
-1.0365321883776653,-1.121997376282069,73.55905085290017,26.331790810554473,37.22235874855813,18.7914185756021,11.756375325650936,7.778698157050883
-0.9210871889273549,-1.121997376282069,57.11970954975765,17.78213659088639,28.920847002388623,11.880978858086445,9.153410309806834,4.692222619314034
-0.8185000129460304,-1.121997376282069,44.91045274208674,10.676525225104996,22.699956064733122,6.746402393877128,7.172327739355757,2.5611742348217
-0.7273386051246984,-1.121997376282069,35.930018244099415,5.536146928145576,18.119323450177795,3.3359041000924616,5.731664454028741,1.2439566420133041
-0.6463304070095649,-1.121997376282069,29.247867106784824,2.2603279208077534,14.766196980342789,1.3244200171342153,4.661142994337459,0.48518558661470884
-0.5743445928509872,-1.121997376282069,24.46006860906372,0.5970699651282074,12.339054106063308,0.3367609718804568,3.906348242425563,0.12900292281129597
-0.5103762839557767,-1.121997376282069,21.01640001465736,0.026614399164199797,10.601678991390555,0.013339395423174624,3.338432405226127,0.005486590880542175
-0.4535325211846986,-1.121997376282069,18.580098725878802,0.10395639148533194,9.366320349352174,0.0634742053449204,2.9631814755091295,0.017799344820813114
-0.40301979977966995,-1.121997376282069,16.901190043415408,0.4749213907119252,8.544970770823518,0.26743931081499617,2.6952702413304457,0.08589796563637213
-0.35813299251433084,-1.121997376282069,15.85465336579589,0.8709512625166559,7.990023899876934,0.500465574390381,2.5213227314902737,0.16225629421899676
-0.3182455065418344,-1.121997376282069,15.215910326483348,1.1854393345809209,7.657559008396366,0.6826909471695152,2.419403097778272,0.22052086498233123
-0.2828005365353655,-1.121997376282069,14.854505396725596,1.390377469077425,7.502753370161277,0.7795144545858461,2.3630001210063925,0.25746687475794894
-0.2513032920204875,-1.121997376282069,14.760702359647071,1.4469380455352086,7.440087500994866,0.8209861895962771,2.335569454090695,0.276711025225975
-0.22331409039755062,-1.121997376282069,14.807605011269343,1.4184799028133097,7.470968975138197,0.8003821490592813,2.3465442442772915,0.26890925932745924
-0.19844221923690444,-1.121997376282069,14.972746911037419,1.321083620409591,7.554423926380368,0.7463161825811995,2.3755189329973025,0.24896524819388594
-0.17634048216824733,-1.121997376282069,15.200972173792621,1.1935108750983117,7.678844439039762,0.669990226085671,2.407238970125091,0.2281963006002136
-0.15670035222800524,-1.121997376282069,15.490681995733038,1.04291959801565,7.813656758036358,0.5928884714659853,2.456555497020243,0.1980479604769935
-0.13924766500838334,-1.121997376282069,15.800915219757266,0.8951697806076767,7.974824463945908,0.5080638341794703,2.5029875168717606,0.17196214968267565
-0.12373879148704055,-1.121997376282069,16.114551991737184,0.7593772959593434,8.14304718584507,0.4277097813099234,2.5531197237853713,0.14620222646670195
-0.10995723711238882,-1.121997376282069,16.432497625929507,0.6350315659029828,8.303666367430045,0.35845231606624384,2.607907448991772,0.12079081223460734
-0.09771061966979347,-1.121997376282069,16.745774112363954,0.5250412001769915,8.459663270508079,0.2978751864581076,2.655002722354646,0.1011442715568267
-0.0868279837415025,-1.121997376282069,17.044371090539162,0.4312828229337816,8.611953840972975,0.24483965751171494,2.700500645768772,0.08402009856232265
-0.07715741427178036,-1.121997376282069,17.325015327786794,0.3526155016404525,8.756900398496192,0.19974800299761838,2.747107599908944,0.06830329201121473
-0.06856391592404971,-1.121997376282069,17.588115312831576,0.2868680413427755,8.891764203567627,0.16234138790483962,2.790871740619479,0.055169565659693484
-0.06092752862714207,-1.121997376282069,17.834032465679332,0.23216767811660868,9.016178541586973,0.1315920154662267,2.8298479468191413,0.04475523555211327
-0.0541416530048151,-1.121997376282069,18.062376010891608,0.18702653394577443,9.130850536892856,0.10634807214272195,2.8650279769685607,0.036363094367562396
-0.04811156231253989,-1.121997376282069,18.272687737080332,0.15011745956586223,9.23647149537625,0.08565240770381274,2.8976664385537494,0.029410485746987486
-0.04275308010908995,-1.121997376282069,18.464983496102175,0.12017813770594057,9.333464721433097,0.06875118877843894,2.928154013636313,0.023623636555950962
-0.0379914052040221,-1.121997376282069,18.639838483849342,0.0960320363820988,9.422124404471512,0.05502352007131891,2.956336481760724,0.01886917925357822
-0.03376006747802295,-1.121997376282069,18.798226485453448,0.07663236757159596,9.502771045469373,0.04393454254608977,2.982017808371002,0.015024543377813924
-0.03,-1.121997376282069,18.941322947648366,0.06108471026020504,9.575814541090152,0.035018573159221945,3.005171433152304,0.011949997238920672
0.03,-1.121997376282069,21.555704219269234,0.06974422123932522,10.905327423960394,0.04030644762779484,3.42225201945244,0.013964336909886478
0.03376006747802295,-1.121997376282069,21.740446526085922,0.08890701439382714,10.998951049768015,0.05138736892105049,3.4521740736593105,0.01788404034864519
0.0379914052040221,-1.121997376282069,21.9514759402298,0.11343331824036836,11.105796513914235,0.06556963648984544,3.4862595144802007,0.022904647815846956
0.04275308010908995,-1.121997376282069,22.192970182543398,0.14486217692683306,11.228046801930248,0.08376038699100068,3.5249038004517,0.029297665869589876
0.04811156231253989,-1.121997376282069,22.46977775855464,0.18517188032928095,11.36833139215229,0.10715081247804747,3.5685748484013504,0.03739807352745497
0.0541416530048151,-1.121997376282069,22.787446640387426,0.23688518164476377,11.529731284533987,0.1372916989036782,3.618137887977347,0.04768809063652384
0.06092752862714207,-1.121997376282069,23.152284406259554,0.30319566444170665,11.715663542075058,0.1761557349566957,3.675298297471878,0.06096118504330481
0.06856391592404971,-1.121997376282069,23.571639461593513,0.3881583395356298,11.929686039335213,0.22617429328892996,3.7425115376771543,0.07843121694747132
0.07715741427178036,-1.121997376282069,24.054690798969222,0.49704619878793155,12.17556910221923,0.2903196304265124,3.8214795889690096,0.10143081183083055
0.0868279837415025,-1.121997376282069,24.613709669606205,0.636957883894255,12.45831496031162,0.3724839120018268,3.9115185963611268,0.13077526509824333
0.09771061966979347,-1.121997376282069,25.264587287268533,0.8174380976255311,12.786164587985066,0.4783893990922793,4.01295262205631,0.16762288022222172
0.10995723711238882,-1.121997376282069,26.02465177619867,1.0503530213034182,13.170890906212295,0.616317071515708,4.133644346524431,0.21641119492349553
0.12373879148704055,-1.121997376282069,26.909979593000248,1.3491697931228603,13.622638871601756,0.7957320277343538,4.278347285240512,0.28154769766794757
0.13924766500838334,-1.121997376282069,27.942021371121047,1.7311751481019457,14.146955865688765,1.0256666218143828,4.439282845065859,0.36190026321632635
0.15670035222800524,-1.121997376282069,29.15769441036944,2.222284582435028,14.76030247970793,1.3214468573523424,4.63506708540792,0.4699858178778614
0.17634048216824733,-1.121997376282069,30.588566377247883,2.8496515655054253,15.490817796908441,1.7073688617449922,4.863787048545704,0.6093324931529578
0.19844221923690444,-1.121997376282069,32.2694750052041,3.6439510332497647,16.343665195773685,2.198452625819136,5.133340007998664,0.7898070633684177
0.22331409039755062,-1.121997376282069,34.293426766955506,4.666860683714368,17.36209397863922,2.833881133931126,5.451067334816863,1.02253494100438
0.2513032920204875,-1.121997376282069,36.66516623991502,5.936621922719414,18.574396103914804,3.6482165401511533,5.839388444368988,1.3325501960164847
0.2828005365353655,-1.121997376282069,39.538881138352714,7.5479294580047025,20.021460759245954,4.686529385251379,6.289461764964763,1.7219518064258357
0.3182455065418344,-1.121997376282069,42.94146610095827,9.519213149717539,21.748461284535853,5.998044200806533,6.83159283588119,2.2268641131618083
0.35813299251433084,-1.121997376282069,47.09404278196749,11.964893515765457,23.85332052895701,7.672355869405033,7.4841888962918866,2.8770788357116914
0.40301979977966995,-1.121997376282069,52.06407784778976,14.882782945221724,26.37571630414587,9.747997630196478,8.281735175194816,3.7214353589181908
0.4535325211846986,-1.121997376282069,58.112461460156794,18.339479565386526,29.44285771890801,12.3203794190789,9.252700855992781,4.80539251582924
0.5103762839557767,-1.121997376282069,65.47160781754704,22.317101234567353,33.174642949866424,15.454261136024481,10.429003611747394,6.177778921746347
0.5743445928509872,-1.121997376282069,74.47571359218975,26.76172097839637,37.73336074055544,19.205368088138954,11.854398527091,7.898503738475297
0.6463304070095649,-1.121997376282069,85.49127749932013,31.526206618711164,43.294288577369606,23.57012506252384,13.592753893329993,10.04646500606172
0.7273386051246984,-1.121997376282069,99.02989646843876,36.420822932501025,50.18393250406494,28.554284976853843,15.748236665692005,12.74005378761006
0.8185000129460304,-1.121997376282069,115.85339611923276,41.249281642835726,58.6650847812108,33.96395477333462,18.41228063219283,16.060047348485014
0.9210871889273549,-1.121997376282069,136.7688148611466,45.77605023689812,69.18898228464855,39.55687846150208,21.75796668091286,20.147598487322192
1.0365321883776653,-1.121997376282069,162.64090535979355,49.816795269840846,82.24437268269602,44.95230089957417,25.8948290130676,24.99757387132167
1.166446554092426,-1.121997376282069,194.68757228718627,53.309889134411705,98.61464770710174,49.82998891760147,31.027830566564212,30.615934698014215
1.3126438125222553,-1.121997376282069,235.35132067127583,56.318046990213716,119.00694983789856,53.92657223455001,37.447052907299216,36.932787623560515
1.4771647895120215,-1.121997376282069,286.05320672614147,58.811837229484794,144.69499640126628,57.24882405397132,45.53503003226326,43.70092783091785
1.6623060990028473,-1.121997376282069,349.68726734494635,60.86764005818785,177.12763417300815,59.87962420514332,55.61982837920803,50.29682729253548
1.8706522023821734,-1.121997376282069,430.79443392387753,62.56762758614456,218.06409166154046,61.93971966306641,68.35007381689068,56.0171875020756
2.1051114860111477,-1.121997376282069,532.6575553042428,63.94028941944332,269.5866539624979,63.544912580216916,84.61380924268313,60.25697045096183
2.368956860549917,-1.121997376282069,662.9630921027897,65.06082440223818,335.0994117043757,64.80800658168661,105.45800366384944,63.040800738154715
2.6658714488230206,-1.121997376282069,826.9948582889238,65.95551329094181,418.07485473667805,65.79765861749969,131.47344520680386,64.81058112355363
3.0,-1.121997376282069,1036.3915699026668,66.67686637742858,524.0484010110744,66.57906477129109,164.4901248303952,66.01002330500393
-3.0,-1.0721308262250882,726.1066614691961,65.454617294999,369.1146786604899,65.27210612349762,117.18075871508485,63.98140518072514
-2.6658714488230206,-1.0721308262250882,555.3220145462153,64.17450691952642,282.1422303116904,63.83751191478197,89.42387892543711,61.084559294414866
-2.368956860549917,-1.0721308262250882,425.02077051934594,62.46911203384135,215.6003274261822,61.840942641180135,68.26881454190446,55.98855806473469
-2.1051114860111477,-1.0721308262250882,322.8444237432883,60.105059934959094,163.374699568939,58.91314541243118,52.048239760003696,48.187181988282425
-1.8706522023821734,-1.0721308262250882,245.00560073898518,56.8776268560605,123.94433475343445,54.690711557521425,39.45527818356865,38.73842661177537
-1.6623060990028473,-1.0721308262250882,185.0532834413198,52.39190693995116,93.97338955625841,48.62258062598562,29.75320584637068,29.26577461818812
-1.4771647895120215,-1.0721308262250882,139.90330050195078,46.34423235414331,70.97214823477805,40.388416005995154,22.5116378768052,21.049969708222985
-1.3126438125222553,-1.0721308262250882,105.98142803096736,38.567766434803076,53.702050543502956,30.897763236478472,16.969429425491377,14.266169086464707
-1.166446554092426,-1.0721308262250882,80.44713412830464,29.435912381969807,40.713172906422315,21.578221807971033,12.906682493792864,9.194361718285451
-1.0365321883776653,-1.0721308262250882,61.51210627619858,20.2124303542671,31.15154744292198,13.758541453741884,9.842701153387226,5.4870083705332675
-0.9210871889273549,-1.0721308262250882,47.50903710619515,12.209772070977557,24.074459856907996,7.851872049209353,7.624925283437019,3.02246591228654
-0.8185000129460304,-1.0721308262250882,37.29685081603275,6.285002866862854,18.863553407157156,3.850444286995952,5.9634194745297995,1.4368543486897931
-0.7273386051246984,-1.0721308262250882,29.954180236722987,2.5654393105722066,15.11393652972006,1.503964984312664,4.7828189354589865,0.5584772007959394
-0.6463304070095649,-1.0721308262250882,24.619388885992212,0.6384526876603309,12.435175822226995,0.3654333240250934,3.927138152098189,0.13619283179737282
-0.5743445928509872,-1.0721308262250882,20.917794005981772,0.0208631747413661,10.557612402795684,0.01060218649434077,3.344183414263941,0.005947761418843194
-0.5103762839557767,-1.0721308262250882,18.3499190806385,0.1376614648570643,9.260638713865482,0.08125477840574005,2.915779739345592,0.025890985709144686
-0.4535325211846986,-1.0721308262250882,16.611474665500964,0.5707060531410837,8.377432009963721,0.32900293717857837,2.6503834905020853,0.10298369247760637
-0.40301979977966995,-1.0721308262250882,15.483889290049778,1.0463087662834896,7.831406653377664,0.5831597335675317,2.470033994859873,0.19024995413616258
-0.35813299251433084,-1.0721308262250882,14.86264657208368,1.3855352279079127,7.492424464628302,0.7862582797479807,2.364065354681691,0.2567366667223265
-0.3182455065418344,-1.0721308262250882,14.552578542498765,1.577558861319496,7.326433778255014,0.8996575163110381,2.31407264849558,0.29239391403887116
-0.2828005365353655,-1.0721308262250882,14.44378150103957,1.6487152074664797,7.2971668363247995,0.9206520544723339,2.297510024874935,0.30484468237259266
-0.2513032920204875,-1.0721308262250882,14.536922849907036,1.5876751664841553,7.329735928863016,0.8973078547427074,2.300688400067431,0.3024303112083296
-0.22331409039755062,-1.0721308262250882,14.723249678234545,1.469918602183214,7.430513321103086,0.8274403942682527,2.333608832458972,0.2781192874484273
-0.19844221923690444,-1.0721308262250882,14.988963874499444,1.3117520184383333,7.5645160516920695,0.7399359377962581,2.3781729632595803,0.24718522491449937
-0.17634048216824733,-1.0721308262250882,15.288801059711679,1.146537407826199,7.724492229485293,0.6432416197788011,2.4216842856932788,0.21909907424670694
-0.15670035222800524,-1.0721308262250882,15.626195128109403,0.9766983407361697,7.884279342597857,0.5547521308642979,2.478230454649088,0.18559877244751952
-0.13924766500838334,-1.0721308262250882,15.967359296106814,0.8214451685023472,8.0605577108963,0.46609079581940566,2.5298376486257035,0.15786114037293505
-0.12373879148704055,-1.0721308262250882,16.299532025139488,0.6854415441061117,8.237336408665682,0.38618977612626715,2.5828324374716862,0.13207332745754746
-0.10995723711238882,-1.0721308262250882,16.626049139148872,0.5656434215073133,8.402308193935218,0.31939871665950326,2.6386224179725315,0.10775235030359494
-0.09771061966979347,-1.0721308262250882,16.940701256085365,0.4626384781636241,8.55917147434523,0.262553488859237,2.6861770250322414,0.08921834524518361
-0.0868279837415025,-1.0721308262250882,17.235894796514366,0.3766266037139416,8.709597809980652,0.213898178315845,2.7312824121432087,0.07343678581448158
-0.07715741427178036,-1.0721308262250882,17.509884909889198,0.3056256626874586,8.85090733710661,0.17321996795766442,2.7766436416672016,0.05927011928124691
-0.06856391592404971,-1.0721308262250882,17.764050182548875,0.24708305593185825,8.981094945810899,0.13990457329728767,2.8188192061063546,0.04758166050391622
-0.06092752862714207,-1.0721308262250882,17.999523105521018,0.19891920493976722,9.100222033982806,0.11280475521829923,2.8561493848035666,0.03839228023802665
-0.0541416530048151,-1.0721308262250882,18.21658183478175,0.1595336093230194,9.209253465879582,0.09075483667306963,2.889634029954184,0.03104820483818217
-0.04811156231253989,-1.0721308262250882,18.415309706275064,0.12756902794094008,9.309075339760005,0.07281420937057513,2.9204982125047723,0.025013365707459007
-0.04275308010908995,-1.0721308262250882,18.596117956333888,0.1017985418963889,9.400276013585376,0.058255753878836046,2.9491635051619176,0.020025719160529892
-0.0379914052040221,-1.0721308262250882,18.759845579918554,0.08112035910982499,9.48328338688511,0.04649352527894207,2.975540409511625,0.015950858883451133
-0.03376006747802295,-1.0721308262250882,18.90762968698695,0.06457841003001598,9.55851569034829,0.03703431578115551,2.999490016510769,0.012670383911769709
-0.03,-1.0721308262250882,19.040739267250693,0.05136976956883839,9.626446192366044,0.02945720469857593,3.0210193091032305,0.010056493969502336
0.03,-1.0721308262250882,21.420532573895024,0.05711841435509735,10.83665701436208,0.03299378562487735,3.400678402570186,0.011426107800126036
0.03376006747802295,-1.0721308262250882,21.585815176584173,0.07271834046827702,10.920423066060621,0.04200694851960525,3.427454944203744,0.014612763904914006
0.0379914052040221,-1.0721308262250882,21.77425349912608,0.0926486648985471,11.015835154214448,0.053520399373437104,3.457897574872877,0.018686049162176727
0.04275308010908995,-1.0721308262250882,21.98944245282937,0.11813909379355796,11.12477537297396,0.06825747156724499,3.492334658133868,0.023860729110982
0.04811156231253989,-1.0721308262250882,22.235531799111804,0.15076579770389698,11.249503114190718,0.08716547842844453,3.5311531491478476,0.030400372931437956
0.0541416530048151,-1.0721308262250882,22.517238248953994,0.1925324863527785,11.392651762039762,0.11147394801994284,3.5750906353060072,0.03868493648039937
0.06092752862714207,-1.0721308262250882,22.83988310904267,0.2459672831120987,11.557114947449396,0.1427406672210569,3.625630939760813,0.04934322989580415
0.06856391592404971,-1.0721308262250882,23.20962596003727,0.3142706184176127,11.745860400311305,0.18287539667590455,3.6849133459646444,0.06333851272085082
0.07715741427178036,-1.0721308262250882,23.634150717567024,0.4015975337811554,11.961985714345019,0.23419974416299968,3.754366716066261,0.08171607341600037
0.0868279837415025,-1.0721308262250882,24.123763703171512,0.5135439413471223,12.209626354885572,0.2997492119096804,3.8332467501813228,0.10508014161870023
0.09771061966979347,-1.0721308262250882,24.691810374346243,0.657640694812402,12.495734458067902,0.38400636291789036,3.9217162582698406,0.13430151826285758
0.10995723711238882,-1.0721308262250882,25.352645791089216,0.8432354837232007,12.83027959087041,0.4934748870019531,4.026673299235257,0.17290413478539934
0.12373879148704055,-1.0721308262250882,26.11918379840565,1.080894631424827,13.221558250799365,0.6355270698089948,4.152077876437111,0.22431600684029218
0.13924766500838334,-1.0721308262250882,27.008801793040863,1.384239514713173,13.67358713349453,0.8170846309133813,4.290680862715992,0.2874187634993963
0.15670035222800524,-1.0721308262250882,28.05215318921393,1.7739156443915243,14.19999460992283,1.0501432082807916,4.4588632350066995,0.37221448187067885
0.17634048216824733,-1.0721308262250882,29.274396438132914,2.271560753485856,14.824309162073892,1.3538591810888718,4.654222495865043,0.48113379427593134
0.19844221923690444,-1.0721308262250882,30.70323241992551,2.901991730509482,15.549269405821818,1.7396983963086372,4.883533939168361,0.621979392982043
0.22331409039755062,-1.0721308262250882,32.41651981457188,3.716008240061392,16.411302457420092,2.239090531796638,5.152182830891349,0.8030307944910314
0.2513032920204875,-1.0721308262250882,34.412816565642395,4.729122133417978,17.432169804553688,2.879348677108775,5.479628144697662,1.0444241215355787
0.2828005365353655,-1.0721308262250882,36.822331778746985,6.02294826944197,18.64525823036164,3.697512042156683,5.856745712576667,1.3470011784925457
0.3182455065418344,-1.0721308262250882,39.659740623482314,7.6169967096220335,20.085763156166564,4.734083629079731,6.30884685259626,1.739370830566072
0.35813299251433084,-1.0721308262250882,43.10927434386305,9.617530972702468,21.834504690733144,6.065054005438153,6.850662350817671,2.2452516259404223
0.40301979977966995,-1.0721308262250882,47.21971198494035,12.039055998419988,23.920955765991685,7.7271993851571175,7.510653210124757,2.904288785970013
0.4535325211846986,-1.0721308262250882,52.20417748162544,14.964295078758854,26.448644423926034,9.8087399973831,8.311088049618006,3.7533873464718117
0.5103762839557767,-1.0721308262250882,58.2487292652793,18.415632366478132,29.513964933596156,12.380248546499782,9.276676483150464,4.832790334271497
0.5743445928509872,-1.0721308262250882,65.62387132818516,22.39627976584378,33.24756522909552,15.515130422853227,10.444584775900594,6.196295035305026
0.6463304070095649,-1.0721308262250882,74.62818726920807,26.832731591464,37.79321957120273,19.25373257988952,11.864819833801318,7.91125133817549
0.7273386051246984,-1.0721308262250882,85.68591123549741,31.60383588683659,43.419598321659905,23.665202828677707,13.624498087471645,10.085990428922486
0.8185000129460304,-1.0721308262250882,99.41493939584929,36.54583121648578,50.34167155753365,28.66235104629043,15.798764314109293,12.803270738489251
0.9210871889273549,-1.0721308262250882,116.49052087836743,41.40889956982952,58.934300226357685,34.1222591976075,18.528035527358107,16.20333138318727
1.0365321883776653,-1.0721308262250882,137.63882409050166,45.93626818419884,69.6070256362439,39.754704374332505,21.90814686989882,20.328017949419053
1.166446554092426,-1.0721308262250882,163.89980422741695,49.98069838641044,83.01003172856193,45.22253674614362,26.10864618384374,25.24092504472026
1.3126438125222553,-1.0721308262250882,197.26474521828834,53.53952089018208,99.7563920516924,50.10868896767236,31.381054413200395,30.984621780452468
1.4771647895120215,-1.0721308262250882,239.0007975346496,56.53522324050892,120.89954788995658,54.228032672549574,38.03485761759368,37.46982682226992
1.6623060990028473,-1.0721308262250882,291.57380273310434,59.02800768647044,147.66564994254622,57.54674471570763,46.36213261270459,44.317686660341714
1.8706522023821734,-1.0721308262250882,358.68816502783875,61.09639282212553,181.5450588848025,60.15407128881965,56.907619850457536,50.999323662775026
2.1051114860111477,-1.0721308262250882,443.3611655401054,62.77275531348207,224.37401231792504,62.18144800230769,70.4051283169574,56.71210777697402
2.368956860549917,-1.0721308262250882,551.7216858204335,64.13863851055663,278.91575924631474,63.765119404238575,87.71335001335494,60.80664676583231
2.6658714488230206,-1.0721308262250882,688.6433476759993,65.22998353246354,348.1182933240897,64.99731684460117,109.43480064576275,63.39408899202533
3.0,-1.0721308262250882,863.3978243490881,66.10673231732497,436.59653412575614,65.96355001779949,137.00085152596145,65.06711101804424
-3.0,-1.0222642761681073,609.5758493229747,64.66181871919729,309.6664143663432,64.38755825183229,98.15510675877788,62.27338746818192
-2.6658714488230206,-1.0222642761681073,468.47872191921454,63.148256948886086,237.91197643549015,62.6512103421133,75.30639097341931,58.1610846325753
-2.368956860549917,-1.0222642761681073,360.0437724545646,61.129798682541136,182.55016251320188,60.21436367151601,57.74801301761821,51.44162212100548
-2.1051114860111477,-1.0222642761681073,274.58733482089656,58.33330576127117,138.95936027826374,56.63097621455073,44.19098106318787,42.66901992233097
-1.8706522023821734,-1.0222642761681073,208.9474290766542,54.50582347008984,105.70220793473658,51.454427506737474,33.600303938380634,33.24562764425653
-1.6623060990028473,-1.0222642761681073,158.05090706177023,49.19664351913506,80.24216868200628,44.22321669461815,25.384067305193906,24.41317755361282
-1.4771647895120215,-1.0222642761681073,119.45024224515812,42.13062499967327,60.60139223086787,35.08432796301294,19.20348885345027,17.037143215450754
-1.3126438125222553,-1.0222642761681073,90.31579454852961,33.38599416095591,45.77482223157205,25.42267332435585,14.462613933332378,11.131770774763964
-1.166446554092426,-1.0222642761681073,68.33565146231284,23.783754948377116,34.60349460689565,16.64264746202938,10.965241882025506,6.819160094860884
-1.0365321883776653,-1.0222642761681073,52.076871744210536,14.890228908670306,26.390009537343996,9.759900135549948,8.33833117089784,3.783093150720812
-0.9210871889273549,-1.0222642761681073,40.138700942137476,7.89153826576448,20.353637173416345,4.933346248782204,6.448039549313793,1.865896814027255
-0.8185000129460304,-1.0222642761681073,31.539553142272595,3.292146206562826,15.96209250480303,1.9737201951067689,5.046969613730007,0.7301819199530559
-0.7273386051246984,-1.0222642761681073,25.477746589402777,0.88043122448294,12.864593361500889,0.5053421197950921,4.070763114213877,0.19034045897433702
-0.6463304070095649,-1.0222642761681073,21.18339800621364,0.037882924570907445,10.705984811174027,0.021023637640913712,3.3816027758350162,0.009385625147481909
-0.5743445928509872,-1.0222642761681073,18.313520353832722,0.14345925222446845,9.249622585499372,0.0832438955991259,2.930200148764914,0.023259356329658056
-0.5103762839557767,-1.0222642761681073,16.417375707076378,0.6406509347888549,8.290254043608272,0.36396428712188744,2.6094666429269346,0.12010834286397763
-0.4535325211846986,-1.0222642761681073,15.216307630657678,1.1852251205028608,7.678256004069689,0.6703393802601673,2.428346036136031,0.21497867686337474
-0.40301979977966995,-1.0222642761681073,14.514971649344622,1.6019288202673456,7.344211872871262,0.8870529796815938,2.3157445681805133,0.29115494872226694
-0.35813299251433084,-1.0222642761681073,14.22154051951042,1.8003741325744578,7.172284835517874,1.0137122620076535,2.2623784559749054,0.3323367239882185
-0.3182455065418344,-1.0222642761681073,14.164735542045902,1.8405250715653636,7.134753831064885,1.0428016216352958,2.2523924551286902,0.34042470936295005
-0.2828005365353655,-1.0222642761681073,14.250347359414308,1.780230822783927,7.201352600824081,0.9915422035934315,2.2664536136839066,0.3290712295935425
-0.2513032920204875,-1.0222642761681073,14.484950606846862,1.6215540368553474,7.3063215574178635,0.9140521313374176,2.2931128055548506,0.3082046652418714
-0.22331409039755062,-1.0222642761681073,14.77534314604107,1.4380165638811262,7.4590607971968295,0.8082886655521934,2.3423232249121275,0.2718936492653208
-0.19844221923690444,-1.0222642761681073,15.113928328158792,1.2412191941235935,7.629642120069772,0.6995702722064444,2.398085560311009,0.23407701099450756
-0.17634048216824733,-1.0222642761681073,15.463707468683662,1.056417943236333,7.814145770088232,0.5926191420753509,2.4499616341175923,0.20193109924026056
-0.15670035222800524,-1.0222642761681073,15.831629979796979,0.8812784930515848,7.990304443895192,0.5003259691737161,2.511006755820266,0.16767628574881077
-0.13924766500838334,-1.0222642761681073,16.190164566448335,0.7286138763906724,8.174840057958491,0.4134324431518687,2.5656435530771717,0.14014534444356
-0.12373879148704055,-1.0222642761681073,16.53014871310804,0.5994387259181415,8.354707152700602,0.3379201130591155,2.6198050019636168,0.11563917152661442
-0.10995723711238882,-1.0222642761681073,16.856683518976684,0.48897889314215237,8.519705106721233,0.27625892824579695,2.6752194113058634,0.09331399232785945
-0.09771061966979347,-1.0222642761681073,17.165861900285005,0.3961250851183929,8.673986607944109,0.22491042969662067,2.7221539152288012,0.07649240008480668
-0.0868279837415025,-1.0222642761681073,17.452166064552568,0.3198922457167098,8.819774534535085,0.18177278045003822,2.7660059587796924,0.06244199373949545
-0.07715741427178036,-1.0222642761681073,17.715097667100157,0.25782244388868497,8.955210044928961,0.1462171892775938,2.8094166026237755,0.050066056271408116
-0.06856391592404971,-1.0222642761681073,17.956774479034443,0.20723777416148825,9.078917901322239,0.1174180497665232,2.8494317052986022,0.039967240121202056
-0.06092752862714207,-1.0222642761681073,18.178920859610322,0.16602888621544917,9.191300354471203,0.09420767851936045,2.884657495782835,0.032086773266782304
-0.0541416530048151,-1.0222642761681073,18.382347687959314,0.132604642767222,9.29350801659825,0.07547290642124635,2.916077511348093,0.02583512421690717
-0.04811156231253989,-1.0222642761681073,18.567574808179785,0.10566027165688871,9.386565120121157,0.060334245319370795,2.9448659137765305,0.0207360956351122
-0.04275308010908995,-1.0222642761681073,18.735325884567157,0.08405853485845088,9.471181463499493,0.04812119406215881,2.9714603419394443,0.016549309726697974
-0.0379914052040221,-1.0222642761681073,18.886637183733445,0.0668069990275315,9.547884923607583,0.038302461080149675,2.9958260788010667,0.013146665369552177
-0.03376006747802295,-1.0222642761681073,19.02275553936597,0.053061765236167124,9.617164936735602,0.03043906129198358,3.0178739289317784,0.010418782156656337
-0.03,-1.0222642761681073,19.14500034703306,0.04212429833784086,9.67953696866169,0.02416253174896008,3.037638273845049,0.008252639721121436
0.03,-1.0222642761681073,21.284250563556416,0.04560495344578451,10.767416989507623,0.026330326524834753,3.378925551041806,0.009114695078168651
0.03376006747802295,-1.0222642761681073,21.4301924654959,0.05798108773328088,10.84138499711935,0.033474910052625345,3.402574432865622,0.011639418130395563
0.0379914052040221,-1.0222642761681073,21.596241249596748,0.07376176795429802,10.925464918937305,0.04258232360331519,3.4294054470205433,0.014859462174651582
0.04275308010908995,-1.0222642761681073,21.785437100475228,0.09390228155401863,11.021251920513706,0.054213368069834386,3.459684805606804,0.01893989729843617
0.04811156231253989,-1.0222642761681073,22.00126746430593,0.11962281941426121,11.130653372095535,0.0691001522125825,3.493724577413149,0.024082051672874406
0.0541416530048151,-1.0222642761681073,22.247664936340414,0.15246852538377964,11.25587859765395,0.08818935538957144,3.532141662559455,0.03057653766245435
0.06092752862714207,-1.0222642761681073,22.52902520008646,0.1943806242735581,11.399328669185618,0.11267451470037476,3.576206306795975,0.03890729800640246
0.06856391592404971,-1.0222642761681073,22.850396227690073,0.24780651120291197,11.563421290464559,0.1440091318248981,3.627752507182211,0.04981655388955725
0.07715741427178036,-1.0222642761681073,23.218064195004885,0.3159150946134046,11.750631941682851,0.18394747074925313,3.687953449838227,0.06409873135570296
0.0868279837415025,-1.0222642761681073,23.640493415773317,0.4029721483635223,11.964290940675248,0.2347772208561677,3.756028375158486,0.08218129001838806
0.09771061966979347,-1.0222642761681073,24.128641861337112,0.5147176485359827,12.210137369108551,0.2998916893115311,3.8320012040408513,0.10469118147129818
0.10995723711238882,-1.0222642761681073,24.694097819996053,0.6582505534804385,12.49643917157887,0.3842247866624191,3.921830065474759,0.13434110021133652
0.12373879148704055,-1.0222642761681073,25.346873114540184,0.8415345501396904,12.829784770098213,0.4933046069972127,4.02873537917817,0.1737038440550099
0.13924766500838334,-1.0222642761681073,26.100592296160276,1.0748614480835577,13.212826000170692,0.6321994464459515,4.146046400257052,0.22171662681411408
0.15670035222800524,-1.0222642761681073,26.980070164190398,1.3740091216422514,13.656549287816471,0.8099195501360422,4.287957028854666,0.2861179542273539
0.17634048216824733,-1.0222642761681073,28.004601790007243,1.7554169104258714,14.180172589691935,1.0409703746051442,4.45170323560469,0.3684297086537067
0.19844221923690444,-1.0222642761681073,29.195348998190912,2.2381450376443124,14.784338372487749,1.333585453810934,4.642978468256869,0.4745780677585165
0.22331409039755062,-1.0222642761681073,30.616015165494215,2.862154492704879,15.499047077567656,1.7119080448271449,4.865440143843285,0.6103875939231748
0.2513032920204875,-1.0222642761681073,32.25997266335138,3.63930780758957,16.340201415468528,2.196377868124989,5.135679296185023,0.7914446091760934
0.2828005365353655,-1.0222642761681073,34.23489529438021,4.63640823618114,17.33423516344827,2.815864198683974,5.4445148410263995,1.0175346296330894
0.3182455065418344,-1.0222642761681073,36.54499810672036,5.870780644329901,18.507375640407417,3.601754191311773,5.812615687175243,1.3103550646047943
0.35813299251433084,-1.0222642761681073,39.34033760160126,7.434661422097744,19.92469180219455,4.615173276220845,6.2513691082603975,1.6878700630410826
0.40301979977966995,-1.0222642761681073,42.65324529005843,9.350524072458052,21.606605581552937,5.887878581950916,6.783684635273348,2.1808460349272942
0.4535325211846986,-1.0222642761681073,46.65331972356698,11.7047715653611,23.635133155712033,7.49581536081191,7.426312260186078,2.8177844333697024
0.5103762839557767,-1.0222642761681073,51.48496722216849,14.545281572663178,26.085514177292193,9.506603439945025,8.197626903056179,3.6301964077423694
0.5743445928509872,-1.0222642761681073,57.36140918184681,17.918235906929354,29.060041903135694,11.99812079240765,9.128519736583671,4.663927960956637
0.6463304070095649,-1.0222642761681073,64.51978626154532,21.81913579317535,32.67370892291015,15.035573534765325,10.256886750685574,5.973761367438218
0.7273386051246984,-1.0222642761681073,73.30420581566088,26.211345184229423,37.14289594687917,18.7268784287647,11.654110832425012,7.653904802765354
0.8185000129460304,-1.0222642761681073,84.20400901926739,31.007173548355507,42.6390171821753,23.07043437864436,13.380470605663183,9.78234962983702
0.9210871889273549,-1.0222642761681073,97.77187584796825,36.007210895301135,49.466763988178585,28.059449854830408,15.547389805317996,12.488741511303266
1.0365321883776653,-1.0222642761681073,114.60195300396951,40.931245168170186,57.96063139709823,33.54583300684848,18.23645011975654,15.842197604600868
1.166446554092426,-1.0222642761681073,135.5572261700941,45.54962535990083,68.6476766975128,39.29807067207545,21.58430548202151,19.938602312035265
1.3126438125222553,-1.0222642761681073,162.22497420297785,49.76207169204468,82.0424043628287,44.880236922086674,25.80237084149874,24.892107385071593
1.4771647895120215,-1.0222642761681073,195.6871727515696,53.3997105419775,98.99200421945214,49.922867784141076,31.134797753337836,30.72783716710503
1.6623060990028473,-1.0222642761681073,237.97392371773105,56.47483019393534,120.5033888739931,54.16583675838743,37.82976553632648,37.283247937555316
1.8706522023821734,-1.0222642761681073,292.0339660310415,59.04563470804707,147.7963825199402,57.5595325022332,46.330846995463894,44.29460970889104
2.1051114860111477,-1.0222642761681073,360.47550351090695,61.14038201510076,182.41667511029962,60.20640071232508,57.22800705462059,51.169432978398675
2.368956860549917,-1.0222642761681073,448.0819280268395,62.84669731386218,226.54581631254487,62.26110882039859,71.20714034345185,56.96860939152519
2.6658714488230206,-1.0222642761681073,559.0599705012082,64.21123798067866,282.6014743455415,63.84766666037707,88.81667170777274,60.98784426853115
3.0,-1.0222642761681073,700.6462264946595,65.30465571420649,354.31140381161646,65.0820561878695,111.15650565281712,63.535285103311075
-3.0,-0.9723977261111264,492.04014659050927,63.464108132311566,249.85301684663008,63.0180741637307,79.12496334865303,59.11252970431395
-2.6658714488230206,-0.9723977261111264,380.10132941448387,61.594744658963954,192.98139054786895,60.79734203220809,61.0351549266085,53.05317392445334
-2.368956860549917,-0.9723977261111264,293.70725026035666,59.109237409330575,148.85803501969312,57.66240223773158,47.061553570291345,44.82843014672981
-2.1051114860111477,-0.9723977261111264,225.36558161523132,55.68556237783935,114.04737615427489,53.08163575474124,36.22223926784772,35.79116743533898
-1.8706522023821734,-0.9723977261111264,172.5417488107111,51.03965900743554,87.27596604386297,46.64575028343221,27.712518797763483,27.041339556181725
-1.6623060990028473,-0.9723977261111264,131.32182865119196,44.72670497832264,66.6492036256385,38.31628652593063,21.068237188160023,19.315261736405343
-1.4771647895120215,-0.9723977261111264,99.82438546117955,36.67795464242558,50.638170343634435,28.864725143870572,16.03079645861825,13.09352433712364
-1.3126438125222553,-0.9723977261111264,75.88137358710085,27.41094246781528,38.457648852023006,19.788748728825595,12.147673442136012,8.257975213535216
-1.166446554092426,-0.9723977261111264,57.690545383210534,18.103152834778307,29.222140582020756,12.134563293782376,9.253527750482649,4.806336985067439
-1.0365321883776653,-0.9723977261111264,44.18156919646543,10.247296354656772,22.396829742727345,6.506305527499688,7.074747188117157,2.4642197255926668
-0.9210871889273549,-0.9723977261111264,34.25643103070812,4.647607223306456,17.377800478900163,2.8440536819141227,5.504259786922701,1.0634237208499018
-0.8185000129460304,-0.9723977261111264,27.137647427635095,1.4304589754687487,13.741118218960805,0.8457240591814602,4.343611987790056,0.31316458259644664
-0.7273386051246984,-0.9723977261111264,22.18151110569256,0.14329120567035175,11.20845720067285,0.08070653224615021,3.544763770759512,0.032867561674643636
-0.6463304070095649,-0.9723977261111264,18.743071859434547,0.08312434370482254,9.478177726333104,0.04717661274845213,2.9931332971144826,0.013502572396924794
-0.5743445928509872,-0.9723977261111264,16.529637486988204,0.5996219465385593,8.35484579642193,0.3378652923656684,2.6456174224425077,0.10490135220441107
-0.5103762839557767,-0.9723977261111264,15.150237643020509,1.2211775106567868,7.655352117866889,0.6840161160949311,2.4085070577841172,0.22738873720511937
-0.4535325211846986,-0.9723977261111264,14.35573960320216,1.7077723258884532,7.248763341551677,0.9560479803221619,2.2908490925529397,0.3099433682408851
-0.40301979977966995,-0.9723977261111264,13.97312550556404,1.9802281940039945,7.072404456354182,1.0922990090366613,2.228980461216322,0.3598713790744345
-0.35813299251433084,-0.9723977261111264,13.920309182257073,2.019913231892181,7.023872574138667,1.1318549204542512,2.2144767303079336,0.3722643713497746
-0.3182455065418344,-0.9723977261111264,14.047189055094233,1.925440273787338,7.079776013857478,1.086369966474165,2.233519661815888,0.3560474363876203
-0.2828005365353655,-0.9723977261111264,14.272214077869416,1.7650378002697231,7.21423316201877,0.981817760311955,2.269506718431692,0.32663798939382055
-0.2513032920204875,-0.9723977261111264,14.604505178470975,1.544298667918592,7.3696495590032916,0.8692116853071934,2.3127858506205445,0.2933497103761828
-0.22331409039755062,-0.9723977261111264,14.964422315639158,1.3258898154494188,7.556843374538823,0.7447835272203078,2.372762388400512,0.25082228104730425
-0.19844221923690444,-0.9723977261111264,15.348500341926023,1.1152687885135395,7.750212809275995,0.6284610599897203,2.4353900556729364,0.21067290948177403
-0.17634048216824733,-0.9723977261111264,15.72660856388859,0.9293189304061603,7.948249903615706,0.5215127578969381,2.4922110429865456,0.17782238514955276
-0.15670035222800524,-0.9723977261111264,16.10782889636535,0.7621492014799996,8.132139993280447,0.4326735531408001,2.5550161120719306,0.145275497090097
-0.13924766500838334,-0.9723977261111264,16.47003481642156,0.6212076417818609,8.318017164483845,0.35260857413989527,2.6105138231617118,0.11965123079754521
-0.12373879148704055,-0.9723977261111264,16.806949946395974,0.5049669813626089,8.495430444743318,0.28488642340269965,2.6641228800780135,0.0975676497774637
-0.10995723711238882,-0.9723977261111264,17.124800250332658,0.4078176664406065,8.656053569061552,0.2305738589382746,2.7177615109725455,0.07798749137339657
-0.09771061966979347,-0.9723977261111264,17.421523887322913,0.3276146849511926,8.804239262207405,0.18612645363456803,2.7629746793585994,0.06336257343098362
-0.0868279837415025,-0.9723977261111264,17.693341181849558,0.26267686078608016,8.942559603475408,0.14935808632259537,2.8046948682963597,0.051339750768398945
-0.07715741427178036,-0.9723977261111264,17.94071926334381,0.2104103484031943,9.069839458615498,0.11941456635279106,2.845436474833985,0.04092019510821085
-0.06856391592404971,-0.9723977261111264,18.166283139251767,0.16824007364587945,9.185228789178742,0.09539115626427333,2.8827084046872864,0.03249853809506927
-0.06092752862714207,-0.9723977261111264,18.37216752470162,0.13418111765069585,9.289382459707271,0.07618606264132025,2.915362878257864,0.025969296159571473
-0.0541416530048151,-0.9723977261111264,18.559576993635268,0.10675612959324693,9.383563711316954,0.060794412925470054,2.944342671488002,0.020823481213560792
-0.04811156231253989,-0.9723977261111264,18.729360080109558,0.08478181210704797,9.468877026043135,0.04843448813203481,2.9707494902394216,0.01665476188514916
-0.04275308010908995,-0.9723977261111264,18.882467444858207,0.06725441423271776,9.546108827870947,0.0385165186935285,2.995021841674754,0.013252440814376964
-0.0379914052040221,-0.9723977261111264,19.02006400010185,0.05331747371502997,9.61585215741758,0.030579297253051738,3.0171694320216136,0.010500842212692154
-0.03376006747802295,-0.9723977261111264,19.143450965109764,0.042254687290993596,9.678640215693877,0.02424743754278225,3.0371450152151036,0.008303518819275888
-0.03,-0.9723977261111264,19.253953585964926,0.03348032095952957,9.735008742099792,0.01921022459781211,3.055003965028108,0.006564304083080637
0.03,-0.9723977261111264,21.14732605284102,0.03528770700239722,10.697844815498588,0.020363617291338627,3.3570680656958682,0.0070462968365464845
0.03376006747802295,-0.9723977261111264,21.274130380934366,0.04479924280698604,10.762116921254734,0.025849935564737508,3.377620664916262,0.008984027965027109
0.0379914052040221,-0.9723977261111264,21.418093177626584,0.05690153473623965,10.835017523799465,0.032827725202737565,3.4008876377756896,0.011449554735417224
0.04275308010908995,-0.9723977261111264,21.58173239718545,0.07231164875000914,10.917871071140867,0.04171713010338861,3.42707862349634,0.01456539358192269
0.04811156231253989,-0.9723977261111264,21.767915209361085,0.09194167415179358,11.01225386199536,0.05306454850679335,3.4564376775944377,0.01847989731763505
0.0541416530048151,-0.9723977261111264,21.97984436944194,0.11694109177001394,11.119978409110402,0.06757334950330765,3.4894690569677924,0.02340746116470041
0.06092752862714207,-0.9723977261111264,22.221059656742813,0.14874627819510067,11.24298878625537,0.08612502132147262,3.527239001190584,0.02970749046870499
0.06856391592404971,-0.9723977261111264,22.49558625359584,0.18915838395429901,11.383198678115665,0.10978427893631307,3.571289358849975,0.03793174012996236
0.07715741427178036,-0.9723977261111264,22.808424974233706,0.24050035690543353,11.542519484222865,0.13982441672841125,3.6225577238074806,0.04866126054629048
0.0868279837415025,-0.9723977261111264,23.166340885736766,0.3058943717018167,11.723547642918561,0.17789932420156546,3.6802533323666458,0.0621811814433379
0.09771061966979347,-0.9723977261111264,23.578089026707374,0.3895357845905584,11.930898188910414,0.2264732487576387,3.7442867297822024,0.07891925748041304
0.10995723711238882,-0.9723977261111264,24.052731154596735,0.4965814681672704,12.171257278165138,0.2891350986611409,3.8197076788518918,0.10088621141352623
0.12373879148704055,-0.9723977261111264,24.597680074790315,0.6327465938455771,12.449668128132613,0.3698424994063328,3.909059332929887,0.12993095080704534
0.13924766500838334,-0.9723977261111264,25.223182664912546,0.8054192738845711,12.767609823129625,0.472102429287523,4.006302308026844,0.16508812690583952
0.15670035222800524,-0.9723977261111264,25.948715941840018,1.026064851887893,13.133654518998895,0.6023509403791105,4.123508060897472,0.21211466759530415
0.17634048216824733,-0.9723977261111264,26.78835243975443,1.306465904379697,13.563062703041108,0.7710438161874978,4.25769304118571,0.2718257389090832
0.19844221923690444,-0.9723977261111264,27.757430618922868,1.6603644482440776,14.054763995322324,0.9836392914956174,4.413526365932893,0.348506502868571
0.22331409039755062,-0.9723977261111264,28.906669177582636,2.1175087077986428,14.63281697999232,1.2577341001250648,4.593193418084373,0.44596326266404296
0.2513032920204875,-0.9723977261111264,30.225427901423036,2.6858291771058056,15.308036271417812,1.6076135007934855,4.810547250460838,0.5757098885818032
0.2828005365353655,-0.9723977261111264,31.800580064376167,3.416800874975989,16.100583455017887,2.054381136512999,5.056602603227735,0.7367504037816137
0.3182455065418344,-0.9723977261111264,33.627913019347176,4.3234858242649565,17.028880542296964,2.620630410333784,5.347797288835696,0.9446814300512024
0.35813299251433084,-0.9723977261111264,35.82646591215439,5.480198070450254,18.143814234948717,3.352518482559239,5.692566624156477,1.2122782546427882
0.40301979977966995,-0.9723977261111264,38.414724495972,6.910028003919399,19.458106552451333,4.274775528500567,6.1088235156859385,1.5621135047289532
0.4535325211846986,-0.9723977261111264,41.52355797806933,8.691885148880273,21.034702569090474,5.447870243632837,6.608557272787752,2.014844330274078
0.5103762839557767,-0.9723977261111264,45.26091492142212,10.883135808899882,22.930278896965174,6.929803028899959,7.204740429715575,2.5935850551612156
0.5743445928509872,-0.9723977261111264,49.78960552353774,13.552647419349007,25.2222841217541,8.791999743147397,7.922401026611673,3.3350705452589318
0.6463304070095649,-0.9723977261111264,55.29217941616894,16.74505317079214,27.99988693875743,11.10675092004582,8.789083652913163,4.281243605679492
0.7273386051246984,-0.9723977261111264,62.04012254721117,20.498049664540225,31.432813154041007,13.994944790808713,9.861842960735553,5.509364296677305
0.8185000129460304,-0.9723977261111264,70.40947765511063,24.81526536149137,35.65323376479222,17.50904795198185,11.187530746938508,7.087316918272617
0.9210871889273549,-0.9723977261111264,80.83964805842449,29.604053147871905,40.901807086217374,21.725891573946456,12.85209498477183,9.126767959932756
1.0365321883776653,-0.9723977261111264,93.80008533517159,34.64791111521538,47.442663813373706,26.632153278859665,14.922508805300852,11.706844481598687
1.166446554092426,-0.9723977261111264,109.98134117291261,39.70317360892146,55.690103587281854,32.159742412838625,17.505119557290715,14.933707774018666
1.3126438125222553,-0.9723977261111264,130.61345114921542,44.58412276328976,66.05944855774898,38.01854643938785,20.771332218825066,18.95515298478778
1.4771647895120215,-0.9723977261111264,156.57640294487615,48.9895855809497,79.20875988733492,43.83387279890579,24.90759211069453,23.864154306187334
1.6623060990028473,-0.9723977261111264,189.47859876971359,52.82570840638591,95.93658204387846,49.1483711002089,30.114654307015968,29.65175862189687
1.8706522023821734,-0.9723977261111264,231.60038913950808,56.08725313264145,117.20401863394765,53.62891700765793,36.741854307482996,36.27920858030547
2.1051114860111477,-0.9723977261111264,285.0766328462447,58.772671466220686,144.25578394484944,57.203550038238255,45.248784389016116,43.48424328247789
2.368956860549917,-0.9723977261111264,353.5454509019808,60.96720060477535,178.76133351661397,59.982963028372154,56.166654853404445,50.59881260671227
2.6658714488230206,-0.9723977261111264,440.44762493931177,62.72629043313333,222.63572733282712,62.116412758653794,69.9580774192706,56.56561508821761
3.0,-0.9723977261111264,551.2860704806963,64.13426560971192,278.7910514002372,63.76228389681486,87.4485132398898,60.76207169416314
-3.0,-0.9225311760541456,380.4758644024395,61.602935370662,193.15659975134815,60.806513449421026,61.144058512270924,53.103426112521426
-2.6658714488230206,-0.9225311760541456,295.44283285973,59.174400384458366,149.9884806338646,57.770057907009814,47.417458246770025,45.08453764415292
-2.368956860549917,-0.9225311760541456,229.67481300078134,55.965662777523015,116.37122903853026,53.48783768893217,36.78033093431909,36.31512946880907
-2.1051114860111477,-0.9225311760541456,177.50991224358756,51.600331915327864,89.82832609847011,47.43422375826531,28.506916526156417,27.916288062863696
-1.8706522023821734,-0.9225311760541456,137.02528626486253,45.823485378341346,69.30223622017486,39.61064805628157,21.989433395230577,20.425547281137217
-1.6623060990028473,-0.9225311760541456,105.28160429470029,38.36185834319464,53.41648196339336,30.712782731545552,16.875795708572795,14.149340464971687
-1.4771647895120215,-0.9225311760541456,80.88568756619264,29.623713824993075,41.023671272996225,21.821121049787475,12.97639356131074,9.280731237092962
-1.3126438125222553,-0.9225311760541456,62.2228119942021,20.5965263247721,31.529949951348705,14.076550476243543,9.956951809611796,5.62065057217291
-1.166446554092426,-0.9225311760541456,47.93143681300212,12.45891804342052,24.281571103395176,8.020509384968497,7.683012534729937,3.082955140170756
-1.0365321883776653,-0.9225311760541456,37.25283426844278,6.260607791213438,18.886075682366872,3.8663134407848774,5.963179322448511,1.4366500865409682
-0.9210871889273549,-0.9225311760541456,29.369465127205288,2.3119630318415645,14.89995293100288,1.3925239696812193,4.7169110897402495,0.5182999804226504
-0.8185000129460304,-0.9225311760541456,23.706671557117115,0.4174348620962787,12.00678354951824,0.24553353107323414,3.7930198928787213,0.09284057304115982
-0.7273386051246984,-0.9225311760541456,19.786883756924286,0.005711448202824163,10.00439165088115,0.00334488493497038,3.160892814744211,0.000481726221195077
-0.6463304070095649,-0.9225311760541456,17.107102804417334,0.4129168119905817,8.65470659959351,0.23100244848064533,2.7314318803509696,0.07338733102465894
-0.5743445928509872,-0.9225311760541456,15.44067261882127,1.0680288324505425,7.809421373115876,0.5952242528753197,2.470538464164121,0.18996170926098596
-0.5103762839557767,-0.9225311760541456,14.468889173483026,1.6321162644324256,7.315333080526579,0.9075846529516675,2.30021295662363,0.30279070938747876
-0.4535325211846986,-0.9225311760541456,13.980616467517233,1.974641226643485,7.063808929711956,1.0992387593905073,2.2300722708568217,0.35894924079194457
-0.40301979977966995,-0.9225311760541456,13.828702642645617,2.089972029599144,7.000837574069951,1.1509487409460661,2.2050166229102595,0.380492367825467
-0.35813299251433084,-0.9225311760541456,13.941585614772992,2.0038646913663434,7.038268108588791,1.1200270662873903,2.2175788524869398,0.36959122629542046
-0.3182455065418344,-0.9225311760541456,14.190057776068405,1.8225561077451375,7.156391763913757,1.0259664164830504,2.2558721111298685,0.3375925078836592
-0.2828005365353655,-0.9225311760541456,14.503956812856238,1.6091117078762285,7.333000840709193,0.8949884899923751,2.3058024146290332,0.29857062711104054
-0.2513032920204875,-0.9225311760541456,14.892794389205823,1.367695873072794,7.518256740103596,0.7694596502838628,2.3592523242462815,0.2600460551518761
-0.22331409039755062,-0.9225311760541456,15.289179995597731,1.1463372551977469,7.7231619693088875,0.6440117493238356,2.424709204168089,0.21722227774125416
-0.19844221923690444,-0.9225311760541456,15.69217639348709,0.9454050855696585,7.925949537925981,0.5329607325470594,2.490003642824337,0.17903710865197012
-0.17634048216824733,-0.9225311760541456,16.07740382184381,0.7747684236192022,8.126735862011959,0.43514540473391894,2.54841108532995,0.1485181045594196
-0.15670035222800524,-0.9225311760541456,16.454868804168395,0.6267714443214308,8.309806796682505,0.3559450820722192,2.610268814508582,0.11975809162450649
-0.13924766500838334,-0.9225311760541456,16.807092997028853,0.5049205691199717,8.490140796126335,0.28678652199114435,2.6644648697877518,0.09743495082018262
-0.12373879148704055,-0.9225311760541456,17.130038982553565,0.4063151434801431,8.659552657160658,0.22946258524916124,2.7158008827820335,0.07866007520804337
-0.10995723711238882,-0.9225311760541456,17.430456001005176,0.3253529402283276,8.811376836977702,0.18411906975592782,2.766257454837118,0.06236595030655496
-0.09771061966979347,-0.9225311760541456,17.707689048638553,0.259469853589236,8.94992551016517,0.14752478536439426,2.8086383986481818,0.050274773970393365
-0.0868279837415025,-0.9225311760541456,17.959368746488884,0.2067276186927414,9.077923559910912,0.11763582949833576,2.847339699724918,0.040464714829453546
-0.07715741427178036,-0.9225311760541456,18.18665228488686,0.16468397837987575,9.194744078858774,0.09353996776044653,2.884687334031118,0.032080491551315746
-0.06856391592404971,-0.9225311760541456,18.392442419498035,0.13105130998029013,9.299958316856454,0.0743650846266177,2.9186280584845976,0.025359279311692882
-0.06092752862714207,-0.9225311760541456,18.579102929055292,0.10409132782850276,9.394385793956882,0.059143931534647136,2.9482399651462114,0.02017727179486265
-0.0541416530048151,-0.9225311760541456,18.748092069542533,0.08252184879890731,9.479329082385513,0.04702211312003927,2.974400889549314,0.016116833229391767
-0.04811156231253989,-0.9225311760541456,18.900477821369087,0.0653331819564495,9.555914507681985,0.037342539840414024,2.9981186007125498,0.012847580051883137
-0.04275308010908995,-0.9225311760541456,19.037350951607742,0.05168636031058477,9.624959625056686,0.029613336756687467,3.0198170733559424,0.010194180795328378
-0.0379914052040221,-0.9225311760541456,19.15993506706889,0.04087823961692255,9.687087135633718,0.02345380988337319,3.0395397816487573,0.008058017690094343
-0.03376006747802295,-0.9225311760541456,19.26952929115381,0.03232872260096157,9.742845944441832,0.018557890420452992,3.057273401447308,0.006358383500742462
-0.03,-0.9225311760541456,19.367419204855224,0.02556830807886228,9.792769619544387,0.014675202714004238,3.073087700228811,0.005017160078571005
0.03,-0.9225311760541456,21.010213377986943,0.02623371964270761,10.628171135409609,0.015131360282274272,3.3351784061108622,0.005233662451534807
0.03376006747802295,-0.9225311760541456,21.118162810753915,0.033254200062718134,10.68288978401861,0.019177478063876187,3.3526788979093394,0.0066619659670353795
0.0379914052040221,-0.9225311760541456,21.240439234355932,0.04216639625624267,10.74481255460764,0.024311064424151294,3.37244484085703,0.008474694401193833
0.04275308010908995,-0.9225311760541456,21.37907488428132,0.0534857973532834,10.81501143662573,0.0308335961982744,3.3946354515120425,0.010758882910955276
0.04811156231253989,-0.9225311760541456,21.536363782788033,0.06786483252281941,10.89475522981226,0.0391353764615799,3.419434363167474,0.013619042310953634
0.0541416530048151,-0.9225311760541456,21.71483957009202,0.08612098204903143,10.985490230743146,0.04971613413347972,3.4472422207220426,0.017206350774245725
0.06092752862714207,-0.9225311760541456,21.917264014806015,0.10926894938589746,11.088743302063634,0.06319763774812973,3.478932284257996,0.021776035716958506
0.06856391592404971,-0.9225311760541456,22.146738745074828,0.13857231246277923,11.205975394369037,0.08032339715432855,3.5157694382949387,0.02772018054602726
0.07715741427178036,-0.9225311760541456,22.40710504531435,0.1756517671142419,11.33859847035573,0.10197234446031844,3.55847812609476,0.035443858505621983
0.0868279837415025,-0.9225311760541456,22.703589165262574,0.2226794150519935,11.488554940826917,0.12927968808435358,3.606286163595543,0.04512311446881249
0.09771061966979347,-0.9225311760541456,23.04295101264046,0.2825654822965432,11.659436536182685,0.1639445920574475,3.659018990660821,0.05703032752581635
0.10995723711238882,-0.9225311760541456,23.431995756932043,0.35885405854492947,11.856483366963136,0.20844414833740882,3.720855739812986,0.07258693953542415
0.12373879148704055,-0.9225311760541456,23.875876776952186,0.4554023730211891,12.083375673424591,0.2654519169620393,3.7937318314846173,0.09305136272577114
0.13924766500838334,-0.9225311760541456,24.38188503555692,0.577184207921173,12.340634105982733,0.3372241799311292,3.8722953443167354,0.11759314407776679
0.15670035222800524,-0.9225311760541456,24.964723760377368,0.7320235267213852,12.63467572999018,0.42807699290102796,3.966574422350984,0.150290070194719
0.17634048216824733,-0.9225311760541456,25.633961139878437,0.9277656497807225,12.97719981443179,0.545096221189836,4.073518787508032,0.19145358318428743
0.19844221923690444,-0.9225311760541456,26.399921758967007,1.173557975732285,13.365849019298794,0.6915176865671598,4.196845032620996,0.24399762831200553
0.22331409039755062,-0.9225311760541456,27.301646425154924,1.4900869230667217,13.819294644693851,0.8793518645762872,4.337542408814448,0.3101675394351998
0.2513032920204875,-0.9225311760541456,28.325777226819653,1.8816644450893993,14.34410318416856,1.1177265131766052,4.506884855341561,0.39798631996160944
0.2828005365353655,-0.9225311760541456,29.540326176798377,2.3851546882622885,14.95493742591352,1.42087051472683,4.696351787762515,0.5059967977984617
0.3182455065418344,-0.9225311760541456,30.93484925238442,3.0085839488795427,15.663670036393817,1.8035619341138787,4.918599517676491,0.6446681784118393
0.35813299251433084,-0.9225311760541456,32.60078031580293,3.8068389179647895,16.5086972244114,2.29801801923612,5.179535842482704,0.8223617539097098
0.40301979977966995,-0.9225311760541456,34.54552543779474,4.7985561200992946,17.496485806745884,2.9212635413302435,5.492674328118802,1.0544733212184005
0.4535325211846986,-0.9225311760541456,36.86624607773743,6.047111705161834,18.673453885741363,3.717174538432969,5.866025232911116,1.3547466399538364
0.5103762839557767,-0.9225311760541456,39.63973894225554,7.605560374088727,20.080357404437734,4.730081637892627,6.308087591111745,1.7386876286371113
0.5743445928509872,-0.9225311760541456,42.98527155143855,9.544871408145003,21.773298551407844,6.017372805841455,6.838485470094123,2.2335056472812105
0.6463304070095649,-0.9225311760541456,47.03761354207245,11.931590560991726,23.818617150109727,7.6442372843002016,7.476100145621143,2.8687743030825983
0.7273386051246984,-0.9225311760541456,52.00313646230675,14.847309238357958,26.344874889602707,9.72231893314931,8.265077368089562,3.703327804381011
0.8185000129460304,-0.9225311760541456,58.15932177825969,18.365676982504212,29.449324688280146,12.325824227864487,9.240284363571686,4.7912144512941115
0.9210871889273549,-0.9225311760541456,65.84204946259746,22.50950141574806,33.314831169248514,15.571259236724213,10.465525387951011,6.221192142047072
1.0365321883776653,-0.9225311760541456,75.40528143268104,27.192417022555603,38.14080855665105,19.53404277507517,11.993263224095761,8.068526911639673
1.166446554092426,-0.9225311760541456,87.37675076514881,32.268936918506185,44.2400563712809,24.283850099475316,13.902469351118901,10.432399310887163
1.3126438125222553,-0.9225311760541456,102.67545349352031,37.57528931587268,51.93250822212055,29.736570398772344,16.326295956176534,13.463004983255201
1.4771647895120215,-0.9225311760541456,121.97824179153639,42.722221013541294,61.707321541612494,35.705353314758575,19.40117080915867,17.28038271218412
1.6623060990028473,-0.9225311760541456,146.50325192035132,47.462870291529555,74.1718468488012,41.80191581306266,23.28084375198744,21.962787624681063
1.8706522023821734,-0.9225311760541456,177.95067646539582,51.648506356988854,90.05005254411896,47.500612489915056,28.229837799230914,27.612403623323978
2.1051114860111477,-0.9225311760541456,217.973721717175,55.17769783423144,110.29769580540801,52.384866450473346,34.59242314757775,34.22502852355652
2.368956860549917,-0.9225311760541456,269.24463835909245,58.09551240800771,136.1425465431352,56.30503670317023,42.76407947121327,41.53311865314944
2.6658714488230206,-0.9225311760541456,334.43208261883666,60.450147072232916,169.04129480975854,59.33363687257006,53.11032455367359,48.83974896852698
3.0,-0.9225311760541456,417.56975945632564,62.33774428118472,211.1773187696007,61.65698828441597,66.22941660523635,55.240017550798974
-3.0,-0.8726646259971647,279.6826812724575,58.551107490676095,141.97263588678805,56.9628854936018,44.939438965970794,43.24819805761297
-2.6658714488230206,-0.8726646259971647,218.47121212025027,55.21302188135664,110.92128540751843,52.504453363175905,35.06240896048775,34.682131763091725
-2.368956860549917,-0.8726646259971647,171.09607644893234,50.87017894780956,86.67165364963945,46.45235299793431,27.392848410422385,26.68607510992701
-2.1051114860111477,-0.8726646259971647,133.43510461453192,45.14353337280136,67.52474111597867,38.75153787922622,21.41925040163012,19.73960320124025
-1.8706522023821734,-0.8726646259971647,104.13367304507209,38.01927556619431,52.66064508879714,30.2186950736373,16.702152043807285,13.932580312902422
-1.6623060990028473,-0.8726646259971647,81.07576541274919,29.70474860788657,41.12478560302534,21.90003367113119,12.987314115666152,9.294266255742997
-1.4771647895120215,-0.8726646259971647,63.28869500193249,21.16748156067255,32.09325460612868,14.549340764206345,10.144602524660087,5.841198703604436
-1.3126438125222553,-0.8726646259971647,49.61891787199282,13.452388087432425,25.137714804080268,8.72230599072732,7.93662346661501,3.3501872811858897
-1.166446554092426,-0.8726646259971647,39.077274314297895,7.284968733596741,19.79600807713659,4.520678746548256,6.258629834832509,1.6943511033951422
-1.0365321883776653,-0.8726646259971647,31.156333938022108,3.1115757547051555,15.793650297973734,1.877051292501629,4.9840167273631115,0.6877715349648593
-0.9210871889273549,-0.8726646259971647,25.27554560691152,0.8206309638563498,12.820557515806811,0.49013372713455805,4.055303317995029,0.18414627922697285
-0.8185000129460304,-0.8726646259971647,21.035707144416953,0.02781941418722566,10.65391652102273,0.016977406848237668,3.362581824209538,0.007543854031298879
-0.7273386051246984,-0.8726646259971647,18.108342803838983,0.17858199087727578,9.159208735567175,0.1005536092684423,2.8901976484952847,0.030931736739224985
-0.6463304070095649,-0.8726646259971647,16.128169826728072,0.753781073523299,8.161332744966147,0.41946350057286247,2.5733660994604555,0.13648447168942032
-0.5743445928509872,-0.8726646259971647,14.93822363386956,1.341086776303229,7.558511104449474,0.743728196543912,2.387899645526257,0.2407280269739045
-0.5103762839557767,-0.8726646259971647,14.297656715533412,1.7474655804812032,7.2318150943701704,0.9686420632001858,2.2725914062431753,0.32419108337873936
-0.4535325211846986,-0.8726646259971647,14.040149186283044,1.9306049644311514,7.097550601738417,1.072158835233988,2.2379766935828385,0.352317890415698
-0.40301979977966995,-0.8726646259971647,14.048588216494773,1.924414872348156,7.112683138538949,1.0601546250746703,2.238602747363893,0.3517960146239717
-0.35813299251433084,-0.8726646259971647,14.264360998428721,1.7704844799836628,7.204745034680089,0.988975102279194,2.2683400333994177,0.3275664660655831
-0.3182455065418344,-0.8726646259971647,14.580262923657502,1.5597703882545875,7.357891503793784,0.877430187773443,2.317367399443743,0.28995547785126335
-0.2828005365353655,-0.8726646259971647,14.937541655490287,1.3414838140420482,7.553541088432324,0.7468759208153964,2.3740634876711892,0.24994470534241217
-0.2513032920204875,-0.8726646259971647,15.344973768817757,1.117101152154632,7.749647159999922,0.6287838734789913,2.4317326010401064,0.2129020524700646
-0.22331409039755062,-0.8726646259971647,15.746721310068175,0.919999593223343,7.956518143150431,0.517305890216435,2.4976958051383256,0.17482528446852927
-0.19844221923690444,-0.8726646259971647,16.143232665485964,0.7476196104449327,8.155958035185227,0.4218775748682713,2.5616503912618085,0.14206038516452768
-0.17634048216824733,-0.8726646259971647,16.51505472867087,0.6048620844873696,8.349062282996709,0.34015649475351556,2.6183917747235244,0.11624436947625548
-0.15670035222800524,-0.8726646259971647,16.872104903961265,0.48408133135043585,8.52296116538601,0.2751131744315527,2.6766607755723983,0.09276932417419853
-0.13924766500838334,-0.8726646259971647,17.20090457502914,0.38629883736746756,8.690980911589666,0.21961645523779336,2.7274247233949866,0.0747196115257713
-0.12373879148704055,-0.8726646259971647,17.4990863037712,0.308267104353441,8.846901663921122,0.17430759095930368,2.774785098676863,0.05981771763354863
-0.10995723711238882,-0.8726646259971647,17.773370039462993,0.24506706185123078,8.985527818988189,0.1388388468840387,2.820662517328122,0.047102693282822794
-0.09771061966979347,-0.8726646259971647,18.024095107624586,0.19422206730981845,9.11090795277185,0.11052861020925983,2.8591022757081137,0.037710796490352895
-0.0868279837415025,-0.8726646259971647,18.24998974159787,0.1538894260967119,9.22573198974814,0.08764669997520276,2.8938980170605166,0.030172904136389463
-0.07715741427178036,-0.8726646259971647,18.452635442673266,0.12199324762756372,9.32978959899665,0.06935545272608662,2.927127219018098,0.023807574412865108
-0.06856391592404971,-0.8726646259971647,18.634988758689683,0.09666284677532477,9.422971628714203,0.05490015304549332,2.9571488307274736,0.018740489420077555
-0.06092752862714207,-0.8726646259971647,18.799463744552714,0.0764899419671141,9.506175707318581,0.043495299689296635,2.9832468384847006,0.014852065953160729
-0.0541416530048151,-0.8726646259971647,18.947633035161623,0.0604417789899645,9.580671135154569,0.034463286862047485,3.0062105039138065,0.011820627580872677
-0.04811156231253989,-0.8726646259971647,19.080674660279886,0.04771507981879719,9.647547816282392,0.02728733277545639,3.0269324701213667,0.00939344719051832
-0.04275308010908995,-0.8726646259971647,19.199732115043492,0.03765296700859636,9.707608762933654,0.02158279967933627,3.0458067396580106,0.0074335996587993804
-0.0379914052040221,-0.8726646259971647,19.30601717376766,0.029712792051812258,9.761470522742185,0.01705438888141786,3.062899719046573,0.005862461861226233
-0.03376006747802295,-0.8726646259971647,19.40076982091953,0.02345190308372879,9.809669315122793,0.013467068417227532,3.0782238028833007,0.0046166373034130246
-0.03,-0.8726646259971647,19.4851899498079,0.018515139361017532,9.852713796448834,0.010630480638491114,3.0918564301473643,0.0036362925485931784
0.03,-0.8726646259971647,20.873350960157396,0.018492903446186332,10.558618558722237,0.010661273726969797,3.313326510286202,0.003686055466560857
0.03376006747802295,-0.8726646259971647,20.962802589822132,0.02340443293258188,10.603963900644898,0.013489632503913357,3.327831050694371,0.0046839241812742394
0.0379914052040221,-0.8726646259971647,21.063881665136158,0.029623965769196455,10.655155605554516,0.017068844436156506,3.3441733507836475,0.005946938673894241
0.04275308010908995,-0.8726646259971647,21.17817478677861,0.03750167424224476,10.713033288251697,0.02160334010509521,3.3624688560009015,0.007533495355951252
0.04811156231253989,-0.8726646259971647,21.307454470582858,0.04747814767396247,10.77858415211545,0.027356372188532985,3.382848997732515,0.009513042167848254
0.0541416530048151,-0.8726646259971647,21.453651658731523,0.06010159598063612,10.852921832510956,0.03466283788904103,3.4056207137044416,0.011986090210119829
0.06092752862714207,-0.8726646259971647,21.61883518264684,0.07604692492815075,10.937199482901523,0.04393582012571232,3.4314766124837965,0.015123574098984975
0.06856391592404971,-0.8726646259971647,21.805291456146104,0.09614720086852294,11.032481207548795,0.05566328589535642,3.461421622627756,0.019188137532366447
0.07715741427178036,-0.8726646259971647,22.01583976813935,0.1214630319316878,11.139749901350996,0.0704137554624249,3.495991524711698,0.024445086489813656
0.0868279837415025,-0.8726646259971647,22.25434326732909,0.15340947527463455,11.26038121028643,0.08891578800133666,3.5344630535052626,0.030992101964101293
0.09771061966979347,-0.8726646259971647,22.525794479749436,0.19387326845736458,11.397054412484113,0.1122649221306173,3.576607140250351,0.038987330851761134
0.10995723711238882,-0.8726646259971647,22.835037059728744,0.24512154431414396,11.553712862530345,0.14205847740903121,3.6257754339537245,0.04937540110390298
0.12373879148704055,-0.8726646259971647,23.185334934641062,0.3095577365552306,11.73287208998602,0.17997135332289646,3.6833711341645845,0.06295443024085802
0.13924766500838334,-0.8726646259971647,23.581482926671164,0.39026147176575243,11.934326574953062,0.2273197414912789,3.744788035149782,0.07905732260067258
0.15670035222800524,-0.8726646259971647,24.034024945532504,0.49215453828839506,12.16262289723183,0.2867693913365048,3.8181023733765755,0.10039393208077853
0.17634048216824733,-0.8726646259971647,24.54880270953277,0.6199768138122923,12.426328790767421,0.36275272480883836,3.900357545183944,0.12696248317980957
0.19844221923690444,-0.8726646259971647,25.13200674038182,0.7792053800396688,12.722256720581093,0.4568808408768431,3.9944006794267506,0.16059288117249165
0.22331409039755062,-0.8726646259971647,25.81240354496264,0.9830201502876432,13.064296510726534,0.5766830691173563,4.100313927075088,0.20241844296497274
0.2513032920204875,-0.8726646259971647,26.57528979028582,1.2328996295402508,13.455649399580611,0.7273063475202818,4.226972098494332,0.25762281119065555
0.2828005365353655,-0.8726646259971647,27.471885432996604,1.55291245743427,13.906312166347377,0.9173719291796463,4.366595268416773,0.3246171038888964
0.3182455065418344,-0.8726646259971647,28.487789676823606,1.946488284093415,14.42290996265064,1.1553410636919337,4.528528957571345,0.40981992435447173
0.35813299251433084,-0.8726646259971647,29.690358749544124,2.450027640085221,15.033093197092748,1.461508323151063,4.716592186530012,0.518108298372138
0.40301979977966995,-0.8726646259971647,31.07872831294583,3.075372226083346,15.738547095533772,1.8457773195641334,4.940512373188614,0.6589949855803459
0.4535325211846986,-0.8726646259971647,32.72140860038926,3.866619347574887,16.57171387588193,2.3364002319717025,5.2050968305664815,0.8405690941919653
0.5103762839557767,-0.8726646259971647,34.66929960784075,4.863526886383266,17.56004154231578,2.9628543725298457,5.515271467460335,1.0719537212861354
0.5743445928509872,-0.8726646259971647,37.004860013124194,6.123502755309544,18.74170709610486,3.7648837306912495,5.8857547431980946,1.3712598589319263
0.6463304070095649,-0.8726646259971647,39.82185877800967,7.70977742869214,20.163262789906742,4.791542592702841,6.328377829727011,1.7569716518508114
0.7273386051246984,-0.8726646259971647,43.269281932275405,9.711344769241574,21.917521028318802,6.129838266650074,6.875826408567895,2.269576338810855
0.8185000129460304,-0.8726646259971647,47.54056761380153,12.228373955147294,24.07138267455165,7.849370142692721,7.552499713374723,2.947437180486839
0.9210871889273549,-0.8726646259971647,52.87904398444922,15.356145707959346,26.756629950559425,10.065589259022595,8.403306334501822,3.8541349559200717
1.0365321883776653,-0.8726646259971647,59.53513811983384,19.130215223619587,30.114951566363004,12.886278663325017,9.466919766104953,5.0511299420362255
1.166446554092426,-0.8726646259971647,67.88879695675337,23.55811011684783,34.37015885184945,16.44924592726101,10.798353578387816,6.618674701338397
1.3126438125222553,-0.8726646259971647,78.59388943341065,28.629373443531406,39.75463856235278,20.822996418755643,12.495695905085315,8.686347615218265
1.4771647895120215,-0.8726646259971647,92.13645474463293,34.053677870856816,46.61138995200175,26.033047788286815,14.653139777186452,11.369944660319195
1.6623060990028473,-0.8726646259971647,109.38798281502346,39.539105836955954,55.37838415524265,31.964853743446483,17.380834759032584,14.778972849210321
1.8706522023821734,-0.8726646259971647,131.5556231364342,44.773444366800774,66.5704786062286,38.27675495262651,20.86928247741975,19.074071550610537
2.1051114860111477,-0.8726646259971647,159.83937610480518,49.44259144688291,80.88050842747425,44.45923791366799,25.363322879775854,24.389351505487745
2.368956860549917,-0.8726646259971647,196.1081226317395,53.43724804462625,99.16353816939063,49.96483614489024,31.142071555976646,30.735438614380527
2.6658714488230206,-0.8726646259971647,242.30795011291372,56.72603258013026,122.47159564522973,54.4702512947962,38.474880675938735,37.86723119548343
3.0,-0.8726646259971647,301.2443151651326,59.386440051081465,152.35505615044812,57.98936630236618,47.77361479732222,45.33827656545002
-3.0,-0.8227980759401838,192.8752657227944,53.14454527952424,97.90817826314273,49.65403901947489,31.000805366072953,30.587627956965793
-2.6658714488230206,-0.8227980759401838,151.9301356915839,48.31058955347739,77.15512536999032,43.032860795165064,24.39237162476906,23.26638993345518
-2.368956860549917,-0.8227980759401838,120.25818540997902,42.32213243137697,60.907826882732294,35.25777172048004,19.254130792625265,17.099491652792363
-2.1051114860111477,-0.8227980759401838,95.02046946299818,35.074371873939775,48.0863730109306,27.090940716256014,15.250298974137253,12.11697275995712
-1.8706522023821734,-0.8227980759401838,75.35690182205694,27.170132692067693,38.10397496805347,19.50438214933893,12.082632108432326,8.178126355425798
-1.6623060990028473,-0.8227980759401838,59.83723605662502,19.296864586764116,30.345114280733224,13.080047627803092,9.580114702689144,5.181807028131208
-1.4771647895120215,-0.8227980759401838,47.84108893827543,12.405638577295402,24.255794995612003,7.999495621157472,7.662308219424306,3.061363009589066
-1.3126438125222553,-0.8227980759401838,38.59596687762095,7.01228578741649,19.548625388141158,4.34032622882731,6.170495479838524,1.6161716749876118
-1.166446554092426,-0.8227980759401838,31.42435266882128,3.237554869197364,15.917732318499901,1.9481072976731337,5.027978852109412,0.7172935440490409
-1.0365321883776653,-0.8227980759401838,26.015642650454794,1.0474599671528044,13.184455056369455,0.6214365356879049,4.15776869051262,0.2267800413304138
-0.9210871889273549,-0.8227980759401838,21.982061320766125,0.11721730252878916,11.145470217041868,0.07124571722199328,3.5215286399530243,0.028710030657319495
-0.8185000129460304,-0.8227980759401838,19.065765121810504,0.04906300321519373,9.654225933458228,0.026618643430508467,3.0436508050803592,0.007645467818443742
-0.7273386051246984,-0.8227980759401838,17.059419475064765,0.42683555763011755,8.630178159810425,0.23888568489524892,2.719454812508317,0.07740920886048205
-0.6463304070095649,-0.8227980759401838,15.717419339543536,0.9335956805248666,7.953716287425199,0.518729193575767,2.505162247296195,0.17079356877416507
-0.5743445928509872,-0.8227980759401838,14.944869483961225,1.3372215040236588,7.563243535064216,0.7407385625649852,2.3856306298817493,0.24222504790087157
-0.5103762839557767,-0.8227980759401838,14.575281400326123,1.5629617929837814,7.37391053105285,0.8662453669244421,2.3159962335241793,0.29096873613727603
-0.4535325211846986,-0.8227980759401838,14.488906669618384,1.6189591827269947,7.326991427997525,0.8992604465205355,2.3074113999433745,0.2973626526323482
-0.40301979977966995,-0.8227980759401838,14.600562073586273,1.546808546686289,7.391643467774868,0.8539685444777635,2.324655647678991,0.2846063236136837
-0.35813299251433084,-0.8227980759401838,14.86659158293396,1.383192607146742,7.512097423304985,0.7734446346660447,2.363267447489145,0.2572835055859411
-0.3182455065418344,-0.8227980759401838,15.203052459289362,1.1923848058347266,7.676743006060804,0.6712376437244268,2.415666100930628,0.22286200765535347
-0.2828005365353655,-0.8227980759401838,15.56320862987407,1.0071495289373713,7.870882811929444,0.5618692767813082,2.4727433781370016,0.18870490942153142
-0.2513032920204875,-0.8227980759401838,15.954655361608912,0.8269388100504027,8.060552202296266,0.4660934240014593,2.529204291784149,0.15818562700943847
-0.22331409039755062,-0.8227980759401838,16.332857074775276,0.6725946934918214,8.25476423257615,0.378785419172041,2.591050687497192,0.12831152573862806
-0.19844221923690444,-0.8227980759401838,16.6988945045231,0.540730930817161,8.438815043995461,0.30559931253428707,2.649888376183283,0.10318196935656132
-0.17634048216824733,-0.8227980759401838,17.037682675705696,0.4332679006631622,8.614265347433951,0.24407989031946487,2.701850330538137,0.08353930198013554
-0.15670035222800524,-0.8227980759401838,17.3582269874721,0.34389514942861116,8.770923908093765,0.1956568325535384,2.7539825663332302,0.0661373274913521
-0.13924766500838334,-0.8227980759401838,17.650509722357743,0.2723807599278065,8.920042211132241,0.1550398894225916,2.799238233906246,0.05283352430467108
-0.12373879148704055,-0.8227980759401838,17.913347748392763,0.21588017448847435,9.05709615796676,0.12224804088359643,2.8409558186219437,0.04200342816438617
-0.10995723711238882,-0.8227980759401838,18.15293416674462,0.17059299931602925,9.178194211834617,0.09677233227595353,2.8808801043452457,0.03288734965903728
-0.09771061966979347,-0.8227980759401838,18.370220876071578,0.13448371525869646,9.28691842788432,0.07661371732684535,2.914282482802665,0.026172843489302735
-0.0868279837415025,-0.8227980759401838,18.56474004553216,0.10604799793975786,9.385746840787501,0.060459517227068604,2.9442948047082687,0.020831485058419624
-0.07715741427178036,-0.8227980759401838,18.738244598710924,0.08370587697851237,9.474759454478155,0.04763688552088558,2.9726883006477647,0.016367976894629474
-0.06856391592404971,-0.8227980759401838,18.893529021912336,0.06607095515134057,9.554068450915302,0.03756209992401065,2.998208336108811,0.012835946276565986
-0.06092752862714207,-0.8227980759401838,19.032883352549405,0.05210535443594051,9.624565405632946,0.02965481337327147,3.020325211010213,0.010135867107910961
-0.0541416530048151,-0.8227980759401838,19.157857529431258,0.041050407377367405,9.687415220034646,0.02342326173949754,3.0397167710086497,0.008040025013480076
-0.04811156231253989,-0.8227980759401838,19.269631248552702,0.032321253279234546,9.743613861586269,0.018494599755853165,3.057139844232673,0.006370408194415549
-0.04275308010908995,-0.8227980759401838,19.369313774915856,0.025445547102649124,9.793904413514053,0.014592402251031818,3.0729431369144495,0.005028681344641931
-0.0379914052040221,-0.8227980759401838,19.458034659959946,0.020037630630917215,9.838861506021914,0.011505759456528947,3.087205083932425,0.003957310588095932
-0.03376006747802295,-0.8227980759401838,19.536917705971224,0.015785861799710275,9.878980235091905,0.009068187028197394,3.0999555042087388,0.0031104555269938308
-0.03,-0.8227980759401838,19.60703103162234,0.012442024178403883,9.91472153004458,0.007145985275260566,3.111272729275695,0.0024457949695099786
0.03,-0.8227980759401838,20.737159128813744,0.012098014213271875,10.489400557031358,0.006971117245364424,3.291579447684843,0.002409273864591798
0.03376006747802295,-0.8227980759401838,20.808538818830222,0.01528556439056131,10.525587595852091,0.008805237392937353,3.3031552756091123,0.003055966272756924
0.0379914052040221,-0.8227980759401838,20.88899169026481,0.019311261557737595,10.566336595417603,0.011119834938708746,3.3161645328071327,0.0038721383603114727
0.04275308010908995,-0.8227980759401838,20.979701884286683,0.02439502783834483,10.612276462230136,0.014043083011496801,3.3306859703244123,0.0048940099034025355
0.04811156231253989,-0.8227980759401838,21.081975936163442,0.030811656655594176,10.664140718328294,0.017738994373673028,3.346807571062233,0.006164183000295798
0.0541416530048151,-0.8227980759401838,21.197213378896688,0.038900227590849316,10.722746434086,0.022414625755736054,3.364753220634928,0.007744296650157895
0.06092752862714207,-0.8227980759401838,21.32688128514246,0.049074034504079315,10.788919717745918,0.028322739610133034,3.385048337864543,0.009739923439460832
0.06856391592404971,-0.8227980759401838,21.472566884375013,0.06183761197359211,10.863387591084805,0.0357575376830053,3.4084564864606652,0.012313180124102234
0.07715741427178036,-0.8227980759401838,21.636214829967248,0.07782699766615327,10.946779026556873,0.04505560688618376,3.4353509855523607,0.015623570979378849
0.0868279837415025,-0.8227980759401838,21.820513639216614,0.09788510764001215,11.039996328532744,0.056643677660023095,3.4650891895494693,0.019717356991115494
0.09771061966979347,-0.8227980759401838,22.028932674663192,0.12312749342668643,11.144925566047313,0.07116630698691802,3.4974199895909055,0.02467515462809835
0.10995723711238882,-0.8227980759401838,22.264669518421073,0.1548696141506518,11.264373711277191,0.0895622256530342,3.5349153091785848,0.03107336687282647
0.12373879148704055,-0.8227980759401838,22.529492644286744,0.19445408185974664,11.399902496318452,0.11277796856665201,3.57852635442246,0.03937158540483815
0.13924766500838334,-0.8227980759401838,22.826189903473654,0.2435808803151047,11.550826157518008,0.141480792440763,3.6244520778366174,0.04908111823169373
0.15670035222800524,-0.8227980759401838,23.16179839688288,0.3050211078186038,11.720124819267184,0.17714141462668348,3.6789182659854585,0.06185139313927974
0.17634048216824733,-0.8227980759401838,23.539254068258987,0.38127363400241343,11.91368848610627,0.22224508947051216,3.7392270090606012,0.07753179590832432
0.19844221923690444,-0.8227980759401838,23.96154185913631,0.4751598620547979,12.12797636111727,0.2773615389532631,3.8074474822698283,0.0971534586770506
0.22331409039755062,-0.8227980759401838,24.44861950447153,0.5941404358200613,12.372737314443048,0.34669469760886823,3.883050762653486,0.12114722577158431
0.2513032920204875,-0.8227980759401838,24.985851229947755,0.73791663815416,12.648711206343918,0.4326402591315559,3.972707030497893,0.1525356167946055
0.2828005365353655,-0.8227980759401838,25.60980509177291,0.920382353100716,12.962095036317962,0.5396922214012101,4.0696535176742294,0.18989301878324497
0.3182455065418344,-0.8227980759401838,26.304416814220442,1.1417087518101317,13.315580643251922,0.6717977420151046,4.180404152838356,0.23669043069443954
0.35813299251433084,-0.8227980759401838,27.116517095477565,1.4228410033345924,13.727824878413733,0.8400562932385964,4.3071307492835045,0.29532504910698687
0.40301979977966995,-0.8227980759401838,28.039768890110636,1.7690913044115457,14.19720327464771,1.048849671884974,4.456388969156482,0.37090487587445714
0.4535325211846986,-0.8227980759401838,29.119041665271972,2.2060423679763623,14.744700396904275,1.3135888015552455,4.630542684270549,0.46736718472995686
0.5103762839557767,-0.8227980759401838,30.384524905253173,2.7572358063483327,15.387032468056512,1.6504749130319825,4.831816057604958,0.5890580572394124
0.5743445928509872,-0.8227980759401838,31.88851795318358,3.4590899732812943,16.147823122599355,2.082133487274638,5.070572723289251,0.7463129899423245
0.6463304070095649,-0.8227980759401838,33.69071266257565,4.355611605091449,17.057012007287863,2.6384414550648363,5.353160695191952,0.9486740306065822
0.7273386051246984,-0.8227980759401838,35.890961008214745,5.51503057731459,18.17714441800421,3.3751656464215767,5.702321464552349,1.220157772192604
0.8185000129460304,-0.8227980759401838,38.61332708465335,7.022093012929989,19.54977884204056,4.341163070408226,6.1336408912763725,1.583801844061257
0.9210871889273549,-0.8227980759401838,42.021212885427865,8.981488908290656,21.26301508214532,5.622708336430594,6.676384576370793,2.07871635434167
1.0365321883776653,-0.8227980759401838,46.27638181013383,11.482285304829436,23.40920813605284,7.3136531625296115,7.356806187334896,2.746968944121171
1.166446554092426,-0.8227980759401838,51.630815329369604,14.630364192227077,26.13691588460057,9.549321785093447,8.209854477418116,3.6434311113474225
1.3126438125222553,-0.8227980759401838,58.51886489606282,18.566341450881552,29.602086238781723,12.454445394649191,9.302849445698842,4.862730022102741
1.4771647895120215,-0.8227980759401838,67.25851677352301,23.23782498437201,34.026107008152614,16.16357811039685,10.695588797076853,6.495602232505411
1.6623060990028473,-0.8227980759401838,78.42642336104363,28.555458011981493,39.70263962322931,20.781799567428983,12.460159127056434,8.64252467480688
1.8706522023821734,-0.8227980759401838,92.82236252151749,34.30049463025776,46.96971554377429,26.29220755871894,14.724605250752308,11.459310135493839
2.1051114860111477,-0.8227980759401838,111.24611978057625,40.047968057146534,56.292367721603334,32.533137234643185,17.650782954476828,15.114940898937277
2.368956860549917,-0.8227980759401838,134.91440366216528,45.42790591316388,68.2207127705396,39.09180655781525,21.421198831547784,19.741954356810446
2.6658714488230206,-0.8227980759401838,165.13611224464427,50.13917288600722,83.46226812470964,45.379975538028994,26.217680529132654,25.36472345322419
3.0,-0.8227980759401838,203.7168494044753,54.08763633949455,103.03654992698176,50.87217847332578,32.302674441359585,31.9352560477961
-3.0,-0.772931525883203,122.2794570605819,42.79123544606497,62.07787235179871,35.91038717553525,19.669084811859047,17.609428555539576
-2.6658714488230206,-0.772931525883203,97.73526958825269,35.9950557246268,49.651257911566454,28.187295945505753,15.703250072765341,12.683766909958127
-2.368956860549917,-0.772931525883203,78.78780131014388,28.714746901118083,39.897121296181545,20.935762219519496,12.617176111310506,8.83628379145808
-2.1051114860111477,-0.772931525883203,63.642475404858295,21.355613389856252,32.20865066466041,14.646088780226814,10.213539847593402,5.922534936499963
-1.8706522023821734,-0.772931525883203,51.83575265980792,14.749823569059702,26.208142046762976,9.608543397986422,8.308472768431729,3.750538196907962
-1.6623060990028473,-0.772931525883203,42.49001697443016,9.255096504787037,21.542443317365418,5.838179322778785,6.798601086736766,2.195146710110186
-1.4771647895120215,-0.772931525883203,35.26318510156346,5.1779968267071625,17.87472401295274,3.1712281947205607,5.642268610742884,1.1719081374101568
-1.3126438125222553,-0.772931525883203,29.688006277325755,2.4490061485005308,15.03272803251978,1.4613175165795949,4.742957672472151,0.5340447131891162
-1.166446554092426,-0.772931525883203,25.34130551623013,0.8398953401538515,12.834120268412274,0.4947973830746739,4.049438693813024,0.18181912012164136
-1.0365321883776653,-0.772931525883203,22.05994196814677,0.12711130507943752,11.175518053391778,0.07569054517175601,3.521104955270946,0.02863665772675821
-0.9210871889273549,-0.772931525883203,19.608411673513167,0.012380264850761116,9.936301947694192,0.006098312070110147,3.13497542754623,0.001316062828051661
-0.8185000129460304,-0.772931525883203,17.83732056180639,0.23147948023841608,9.029322988678341,0.12854931417293397,2.843099884214095,0.041483169083336845
-0.7273386051246984,-0.772931525883203,16.6308973961107,0.5639651214335941,8.413591567539104,0.31509628502503717,2.6475854155526592,0.1041070787347152
-0.6463304070095649,-0.772931525883203,15.839720901034724,0.8776409452097883,8.014761531757053,0.48824437622424355,2.52155482876901,0.1621355530696123
-0.5743445928509872,-0.772931525883203,15.416827816377246,1.0801297966394854,7.801911723723045,0.5993794063980906,2.4570175663557965,0.19777753423421215
-0.5103762839557767,-0.772931525883203,15.259548117641575,1.1620537004416842,7.720501775452203,0.6455535007156015,2.423837800212085,0.21776193932062748
-0.4535325211846986,-0.772931525883203,15.291050009368284,1.14534983518584,7.734097745653363,0.6376973000564283,2.4327734157048826,0.2122662626734936
-0.40301979977966995,-0.772931525883203,15.456460280638392,1.060062585417331,7.8235414894831266,0.5874586631924082,2.4587562460498433,0.19676194672142813
-0.35813299251433084,-0.772931525883203,15.727326782780079,0.9289851640672173,7.949717273880218,0.5207646782701123,2.4990568785577896,0.17408619538529277
-0.3182455065418344,-0.772931525883203,16.043354176221754,0.7890373318999506,8.105279552942802,0.4450413785400664,2.5483865629490685,0.14853022108749706
-0.2828005365353655,-0.772931525883203,16.370306090475356,0.6583282818570287,8.279622246567863,0.3683682681076646,2.600158834287607,0.12421543531872567
-0.2513032920204875,-0.772931525883203,16.714412512703447,0.5355077516092955,8.44718777389056,0.3024836640891824,2.650482971907207,0.1029438796126205
-0.22331409039755062,-0.772931525883203,17.042406728863526,0.4318652932658978,8.615257869310655,0.24375406856709317,2.703947184182789,0.08279541102657674
-0.19844221923690444,-0.772931525883203,17.3555177575639,0.34460190473866337,8.772660846947963,0.1951533920169582,2.7541386303593556,0.06608860811111243
-0.17634048216824733,-0.772931525883203,17.642677473956564,0.2741764081741887,8.921014157792268,0.15479222256264097,2.7983685917121193,0.05307376119204193
-0.15670035222800524,-0.772931525883203,17.911324276178497,0.2162876019661294,9.052713579677873,0.12323088954832019,2.8419297905057963,0.04176665723299423
-0.13924766500838334,-0.772931525883203,18.154462080774408,0.1703227837605349,9.176583987142529,0.09708999502924331,2.879673304337135,0.03314535317422703
-0.12373879148704055,-0.772931525883203,18.371687644105318,0.13425567875107822,9.289557479228963,0.0761557352362374,2.9141312508329484,0.026201403326923535
-0.10995723711238882,-0.772931525883203,18.568226437846487,0.10557125200449219,9.388905540986109,0.059976708672249635,2.9467639462329593,0.020420741709648742
-0.09771061966979347,-0.772931525883203,18.745294327285038,0.08285732968910176,9.477562168611087,0.04725932379775988,2.9740554646699997,0.016167323837863026
-0.0868279837415025,-0.772931525883203,18.902955136920678,0.06507121495885426,9.557628848748411,0.037139250368980574,2.9984232309052112,0.01280810857727504
-0.07715741427178036,-0.772931525883203,19.042895477143635,0.05116883284990667,9.629356221748894,0.029152815724552777,3.0212773179946697,0.010027072311117572
-0.06856391592404971,-0.772931525883203,19.16754204446419,0.040251061861657535,9.692983891821658,0.022907914256832477,3.04172388674549,0.007837439981833606
-0.06092752862714207,-0.772931525883203,19.27889271876085,0.03164650189921318,9.749316409022763,0.01802810299530922,3.059400567417036,0.00616844609414556
-0.0541416530048151,-0.772931525883203,19.37834121484499,0.024864797861226386,9.799345301179635,0.014198760707310716,3.074851948696283,0.004877649371120748
-0.04811156231253989,-0.772931525883203,19.466962570914053,0.01953024146261644,9.843916379785677,0.011182238204705642,3.088679041978169,0.003854077350233609
-0.04275308010908995,-0.772931525883203,19.545746117190387,0.01534236066928222,9.883668131519268,0.008802722566495065,3.101170191785199,0.0030352094011717604
-0.0379914052040221,-0.772931525883203,19.615669595864382,0.012058187793420312,9.919097893351566,0.006926671037939278,3.1124049942555607,0.0023837743400960997
-0.03376006747802295,-0.772931525883203,19.67768411785802,0.009482936162070176,9.950631418954481,0.005449378265368083,3.1224223874858876,0.001870362410938007
-0.03,-0.772931525883203,19.73268030267645,0.007462424304670475,9.978659232602768,0.004287369015972582,3.1312948242743146,0.0014683628643288999
0.03,-0.772931525883203,20.60203817363585,0.007064905005801119,10.420720475390766,0.004068876589222203,3.27000110859084,0.0014057253162537346
0.03376006747802295,-0.772931525883203,20.655834478314112,0.008910825446510385,10.447995993029087,0.005130198339082448,3.278725577631134,0.0017796562984147642
0.0379914052040221,-0.772931525883203,20.716306567822997,0.0112354780924483,10.478628277115195,0.006465607967378614,3.288504353703718,0.002250148632907406
0.04275308010908995,-0.772931525883203,20.78428187784853,0.014161648164198577,10.513058516075873,0.008146549344459606,3.299386914313067,0.0028371907993033434
0.04811156231253989,-0.772931525883203,20.860659706308386,0.01784151404814511,10.551796139846495,0.010263757186697406,3.3114269781847496,0.0035640068363812748
0.0541416530048151,-0.772931525883203,20.94638346693911,0.02246101286294987,10.595399846780362,0.012930737256653205,3.324776652920785,0.004464128064766699
0.06092752862714207,-0.772931525883203,21.04241461949855,0.02824406545774607,10.644417941203507,0.016284356241629685,3.339808585221623,0.005595302283957522
0.06856391592404971,-0.772931525883203,21.149763439766467,0.035460283572344126,10.699303237624225,0.020481125549685043,3.3570648939285124,0.007046015342420234
0.07715741427178036,-0.772931525883203,21.26965516639653,0.044445137541364164,10.760409714834607,0.02569610013089982,3.376784003663298,0.00890072540263564
0.0868279837415025,-0.772931525883203,21.403802277780446,0.05563883736694025,10.828264619843669,0.032147954092114295,3.39843654445951,0.011176330673939718
0.09771061966979347,-0.772931525883203,21.55440808797074,0.06961751419399395,10.904086678132016,0.04016816271254187,3.421783240007381,0.013906603540378142
0.10995723711238882,-0.772931525883203,21.72335509724827,0.08704286224781796,10.989715440565938,0.05023791099448153,3.4486678409561393,0.017400970361187502
0.12373879148704055,-0.772931525883203,21.911328008587777,0.10855376475061675,11.085979030272199,0.06281699914272909,3.479673248137487,0.021888944746729023
0.13924766500838334,-0.772931525883203,22.119617868001765,0.13494225738966253,11.191966859705673,0.07817668158342157,3.511863286510875,0.027058073142369722
0.15670035222800524,-0.772931525883203,22.35243371335159,0.16753396856785094,11.309410334960887,0.0970036982497796,3.5497226550456276,0.03378868408603632
0.17634048216824733,-0.772931525883203,22.610653721806155,0.2073979308264262,11.441991099708579,0.12048416326713067,3.5909790559541075,0.04190698126554476
0.19844221923690444,-0.772931525883203,22.895015295048616,0.2556802974803171,11.586302827564827,0.14865410264506096,3.6370212076467148,0.05190860201311141
0.22331409039755062,-0.772931525883203,23.218165397981327,0.31593484029468405,11.748614631294796,0.18349387847009102,3.6870069682851425,0.06386161156227899
0.2513032920204875,-0.772931525883203,23.566961240102298,0.387160522446757,11.928112838723353,0.22578655028408562,3.7456056276706113,0.07928272803153363
0.2828005365353655,-0.772931525883203,23.965486552560655,0.47607823047794207,12.128075586460785,0.2773882878913701,3.807344223933704,0.09712228425472508
0.3182455065418344,-0.772931525883203,24.398289089161622,0.581333293002924,12.348566793297325,0.33955391528904044,3.8763842801998782,0.11893888621581168
0.35813299251433084,-0.772931525883203,24.89519855078424,0.7127664375581741,12.600984148201585,0.41720589299242744,3.953688984413433,0.14561841452352378
0.40301979977966995,-0.772931525883203,25.44718168146205,0.8712846789600456,12.881856516323513,0.5113563376623519,4.043251617092055,0.1793775381424375
0.4535325211846986,-0.772931525883203,26.08041742915265,1.0683291458596198,13.203190836750771,0.6285358891267064,4.1457354023771575,0.22158293616788763
0.5103762839557767,-0.772931525883203,26.809550094273813,1.3138717932078499,13.57353766928502,0.7753625764797699,4.261515906835777,0.27361472950366794
0.5743445928509872,-0.772931525883203,27.66339007941152,1.6246936810237467,14.005345066603233,0.9613847280543434,4.3972215943619055,0.3401308809100748
0.6463304070095649,-0.772931525883203,28.674788935001164,2.022235411870526,14.515329142066827,1.2000325249709558,4.5552686996810765,0.424623504229594
0.7273386051246984,-0.772931525883203,29.903425241008996,2.543105432782216,15.14142202115382,1.518496119326107,4.750062876186658,0.5383700620488991
0.8185000129460304,-0.772931525883203,31.419016870992674,3.235032714565458,15.905378630034225,1.9409940138772481,4.990195926710956,0.6918943928482324
0.9210871889273549,-0.772931525883203,33.319365312595586,4.166517091826732,16.8597329774893,2.5143084456970457,5.292589062589757,0.9039143058811202
1.0365321883776653,-0.772931525883203,35.69504764849486,5.409365421435613,18.05713563254404,3.2938182675161496,5.673026994088074,1.1965437783498556
1.166446554092426,-0.772931525883203,38.693712457206445,7.067532836272248,19.585622032601556,4.36718691484607,6.150677094080534,1.5987410185855313
1.3126438125222553,-0.772931525883203,42.57538934897737,9.304997501269138,21.538282620148415,5.834959321946242,6.767197604186422,2.165068540962365
1.4771647895120215,-0.772931525883203,47.52055466042096,12.216567088126439,24.040662382470252,7.824398942253442,7.555847373920017,2.950895438800996
1.6623060990028473,-0.772931525883203,53.86838696712282,15.928022251273813,27.269480138414643,10.494331593176252,8.557701297541996,4.024007162130332
1.8706522023821734,-0.772931525883203,62.095800401090905,20.52808108890694,31.421160716417674,13.985154086152619,9.850391010526065,5.495987735525885
2.1051114860111477,-0.772931525883203,72.6723414294017,25.910988787345232,36.77426156164893,18.42689155440555,11.529667695705074,7.502328967053142
2.368956860549917,-0.772931525883203,86.30665534249309,31.849939227384738,43.64104572850868,23.83284368405423,13.701589376542294,10.182009226426732
2.6658714488230206,-0.772931525883203,103.78021764474421,37.912570008830926,52.44946503766895,30.07948542767807,16.474243261112047,13.647900650458789
3.0,-0.772931525883203,126.12101967576537,43.644937548007526,63.795474727421386,36.84098241337393,19.995383815766143,18.00918927366199
-3.0,-0.7230649758262222,69.47135621875888,24.35186223765949,35.27203014315069,17.195149107570195,11.186688744726485,7.0862988790044605
-2.6658714488230206,-0.7230649758262222,57.24385432960465,17.852073768640672,29.091349723012737,12.024471405748837,9.20527188751115,4.751274314937977
-2.368956860549917,-0.7230649758262222,47.84502145336884,12.407957772696555,24.222858235442835,7.97265479397594,7.662741708823502,3.061814729364971
-2.1051114860111477,-0.7230649758262222,40.295556887505576,7.981723172115715,20.394043073044806,4.9635613489811865,6.463443047839293,1.8800516449441782
-1.8706522023821734,-0.7230649758262222,34.41262245644931,4.729020748306771,17.398399045518264,2.857410755990758,5.510922885993293,1.068582513805098
-1.6623060990028473,-0.7230649758262222,29.739201692600112,2.4712669525941706,15.071476520988107,1.4816131166535067,4.752959687464346,0.5401372334927085
-1.4771647895120215,-0.7230649758262222,26.13108390089473,1.0847631769381063,13.240375227616118,0.642721500197101,4.174576100190634,0.23412208244794788
-1.3126438125222553,-0.7230649758262222,23.351043744630577,0.3423252658997617,11.820115537885805,0.1998744358467192,3.725868206684494,0.07392161216925622
-1.166446554092426,-0.7230649758262222,21.17321155414531,0.037141112955363244,10.719909115142551,0.022176152469234364,3.3773986282656097,0.008961884364240105
-1.0365321883776653,-0.7230649758262222,19.53465630715362,0.01590050884754324,9.89131380893426,0.008378425765177699,3.112954119601146,0.0023539880135333095
-0.9210871889273549,-0.7230649758262222,18.314279682743084,0.14333698166295017,9.274350250239127,0.07881501897561205,2.9211030700049574,0.02490202941013569
-0.8185000129460304,-0.7230649758262222,17.440556381969436,0.32280595993252437,8.825494041042006,0.18018434118409818,2.7754534708233343,0.05962046990812644
-0.7273386051246984,-0.7230649758262222,16.86135385992406,0.48749268273947455,8.529676012699259,0.2727588838611818,2.6809464422095055,0.09116046005852729
-0.6463304070095649,-0.7230649758262222,16.499305210093176,0.6105513865776798,8.347184614952813,0.34090227635368603,2.6234525072279333,0.11408551988185461
-0.5743445928509872,-0.7230649758262222,16.33890036027154,0.6702803028216544,8.267284953619525,0.3735173057684994,2.599855591099879,0.12435057861231599
-0.5103762839557767,-0.7230649758262222,16.326896571593426,0.6748819774660286,8.259967068649031,0.3765911070114387,2.59249410681332,0.12765728709868734
-0.4535325211846986,-0.7230649758262222,16.42171250950488,0.6390363948032147,8.306457488113661,0.3573113935718429,2.610211288475369,0.11978318961083417
-0.40301979977966995,-0.7230649758262222,16.59386201282534,0.5768590414834744,8.39715483739465,0.3213748920227322,2.6374093492663464,0.10825120217890288
-0.35813299251433084,-0.7230649758262222,16.82813152691141,0.4981214349465335,8.508308185997947,0.28029069452967786,2.6728150776779236,0.09422656002845649
-0.3182455065418344,-0.7230649758262222,17.086811418682416,0.41880774729864934,8.636223706125692,0.23692883877465082,2.713268121240973,0.07953370954379486
-0.2828005365353655,-0.7230649758262222,17.34799131457147,0.3465696116929433,8.774277143075336,0.19468556902852568,2.7546007177022234,0.06594447231278663
-0.2513032920204875,-0.7230649758262222,17.616233342370442,0.28028761549224906,8.905484540716104,0.15877556920733835,2.794294415462344,0.054207206058707644
-0.22331409039755062,-0.7230649758262222,17.86948507582198,0.22480679225684538,9.03500775772352,0.12724544426048706,2.835449174730702,0.04335576052127217
-0.19844221923690444,-0.7230649758262222,18.10876798598875,0.1785048737454418,9.155290470077603,0.10134376763139684,2.8737136778238104,0.03443538594716186
-0.17634048216824733,-0.7230649758262222,18.326808817299874,0.1413276165069008,9.267667445137844,0.07999913528346926,2.9074308471353656,0.027483458181914465
-0.15670035222800524,-0.7230649758262222,18.52895453088869,0.1110080115471296,9.367081810469507,0.06335456714972781,2.9401141139153184,0.021536832104950273
-0.13924766500838334,-0.7230649758262222,18.710871706948,0.087044215886614,9.459642052679644,0.049700795018106834,2.968427773306638,0.017001637404751448
-0.12373879148704055,-0.7230649758262222,18.87260557257961,0.06831887374284204,9.543523254080716,0.03882925632388197,2.994071806468623,0.013377963800395925
-0.10995723711238882,-0.7230649758262222,19.018027878108086,0.05351134320975963,9.617041699968725,0.030452211575345632,3.0181207617422694,0.010390110284403165
-0.09771061966979347,-0.7230649758262222,19.148303079907215,0.04184705736361992,9.682323172662707,0.02389971815987484,3.0382596210538173,0.00818877912573487
-0.0868279837415025,-0.7230649758262222,19.263776718871753,0.03275160391061904,9.740940929251032,0.01871538234368228,3.056145714744913,0.006460282257447403
-0.07715741427178036,-0.7230649758262222,19.365847896106988,0.02567035476143501,9.793203782800981,0.014643495378527258,3.072776255442526,0.005041998203705721
-0.06856391592404971,-0.7230649758262222,19.45638137897976,0.020132325326541523,9.839389848040858,0.011471722736386962,3.0875929293089075,0.0039300110142241815
-0.06092752862714207,-0.7230649758262222,19.53692221962851,0.015785633395007815,9.880139489553981,0.009002165220219481,3.1003824560631426,0.0030838998286042444
-0.0541416530048151,-0.7230649758262222,19.608579034362332,0.012372789101972675,9.91620460451397,0.007071272269328041,3.1115354987992627,0.0024313291975195392
-0.04811156231253989,-0.7230649758262222,19.67221885082922,0.009697212442836205,9.9482264021117,0.005555695963472441,3.1214781022588656,0.001916057471608532
-0.04275308010908995,-0.7230649758262222,19.728627363192906,0.007602918761840209,9.976695211427089,0.0043641842226513,3.130423572905525,0.0015056537415938016
-0.0379914052040221,-0.7230649758262222,19.778562336815018,0.005964820351913335,10.001996400335864,0.0034276087326831624,3.1384419356009925,0.0011803502327316486
-0.03376006747802295,-0.7230649758262222,19.82274671762815,0.004683325371463855,10.0244586310173,0.0026920622802241345,3.1455730073733448,0.0009246703432093509
-0.03,-0.7230649758262222,19.86184867042815,0.003680023693462792,10.044379684287442,0.0021148438585625825,3.15187665991587,0.0007248922768672111
0.03,-0.7230649758262222,20.4683666407068,0.0033930431784524526,10.352770667279817,0.00195309835700585,3.2486519322901675,0.0006745538337576977
0.03376006747802295,-0.7230649758262222,20.505124357944,0.0042718812725737534,10.371409962993333,0.0024580197489685973,3.254611483692136,0.0008522587770751169
0.0379914052040221,-0.7230649758262222,20.546327064213397,0.005375275717657476,10.392284953627268,0.0030913654650146314,3.261272977517372,0.0010751398337020082
0.04275308010908995,-0.7230649758262222,20.59249328534052,0.006759346973312777,10.415673152526129,0.0038857360670595245,3.2686642980116507,0.001352264608384627
0.04811156231253989,-0.7230649758262222,20.644176344504086,0.008492995494188547,10.441890807130044,0.004882156391868424,3.2768144081160595,0.0016940371686093604
0.0541416530048151,-0.7230649758262222,20.70194191916677,0.010659445447503092,10.471278069876748,0.006131387039218013,3.2858153935402763,0.0021153783630071467
0.06092752862714207,-0.7230649758262222,20.766345787959537,0.013357509030516381,10.504156652703534,0.007693764512409603,3.295902316865858,0.0026419725978999086
0.06856391592404971,-0.7230649758262222,20.837948165060435,0.01670416218472572,10.540770359790896,0.009636892919654421,3.307416837694522,0.0033129419819994694
0.07715741427178036,-0.7230649758262222,20.9174159394802,0.020842427588319338,10.581279869938578,0.01203435685047696,3.320491062765693,0.0041644125616755
0.0868279837415025,-0.7230649758262222,21.005691590637017,0.025957156807812118,10.625939195298058,0.014976169099370712,3.3347420978751905,0.0052001897777775195
0.09771061966979347,-0.7230649758262222,21.10397880474757,0.03228613678650815,10.675430424139778,0.018598690064465826,3.3499773059327813,0.006430594698280273
0.10995723711238882,-0.7230649758262222,21.213186759676365,0.040092512392001116,10.730800759526007,0.023098263064960593,3.367366796876935,0.007988920387644158
0.12373879148704055,-0.7230649758262222,21.333339589761138,0.04961013721779136,10.792370906479679,0.028648998320731617,3.387211096818825,0.009965536603548507
0.13924766500838334,-0.7230649758262222,21.4647547186995,0.06111778512849066,10.859266411192571,0.035324535050041087,3.4074980377724366,0.01220215728071495
0.15670035222800524,-0.7230649758262222,21.609507206930264,0.07509951609468504,10.932296105796768,0.043367811590245636,3.4310864760328705,0.015073655143365458
0.17634048216824733,-0.7230649758262222,21.767278946084343,0.0918708432905062,11.013410563644381,0.0532115805230102,3.4562961465054656,0.01845996932789525
0.19844221923690444,-0.7230649758262222,21.937531101790476,0.11172719292792091,11.099828560065472,0.06473487933364944,3.4839367106530608,0.022543959637685212
0.22331409039755062,-0.7230649758262222,22.12710636600144,0.1359401423086452,11.19500983747626,0.07864070084467881,3.513148305739146,0.027275061773996086
0.2513032920204875,-0.7230649758262222,22.325772289214893,0.16363872122479886,11.297486429032062,0.09500683660125167,3.546808293271433,0.03324590184128963
0.2828005365353655,-0.7230649758262222,22.547292980171218,0.19726068632131755,11.408500578165038,0.11433329619990137,3.580999801951364,0.03986937151259291
0.3182455065418344,-0.7230649758262222,22.77906691294828,0.23544795546124558,11.526773070726334,0.13670881129750892,3.6180058473816925,0.04765915619980098
0.35813299251433084,-0.7230649758262222,23.03739462072409,0.2815342029317517,11.658147301332109,0.16366922172716583,3.658014516246685,0.056791683975448495
0.40301979977966995,-0.7230649758262222,23.313315439897146,0.33473817693851243,11.79876473902168,0.19491784356993508,3.703059736766155,0.06793686187932714
0.4535325211846986,-0.7230649758262222,23.61922287413836,0.39837030112887567,11.95410615542615,0.2322305759530379,3.752834730760009,0.08128820546214378
0.5103762839557767,-0.7230649758262222,23.95941924857527,0.4746660062568506,12.127144014408087,0.2771372009598125,3.8067138906208298,0.09693207792189536
0.5743445928509872,-0.7230649758262222,24.34600455187064,0.568152148007043,12.32258030679534,0.3319475883328351,3.868289191642391,0.11628112402992413
0.6463304070095649,-0.7230649758262222,24.792632040222546,0.6847404019430746,12.547550721685916,0.40020619006725366,3.9376009979489606,0.13987475440362934
0.7273386051246984,-0.7230649758262222,25.328516298315904,0.8361347703661074,12.82123842593154,0.4903674284837785,4.022425490010801,0.17126168759741844
0.8185000129460304,-0.7230649758262222,25.984452193324383,1.0374677637898513,13.151645981267132,0.6090828254937042,4.126338743349864,0.2133109252069814
0.9210871889273549,-0.7230649758262222,26.808467755546612,1.3134932763115734,13.564484841451973,0.7716296009023298,4.257266935443017,0.2716266283662197
1.0365321883776653,-0.7230649758262222,27.839539059274,1.6917331387132961,14.083319214325082,0.9965859146755833,4.422955341639721,0.3533866654887372
1.166446554092426,-0.7230649758262222,29.147470491589733,2.2179845859191243,14.751123670542757,1.3168218759490657,4.631364935704706,0.46784267521309547
1.3126438125222553,-0.7230649758262222,30.862649482543173,2.9752336224064684,15.613528609354557,1.7754755421415227,4.90417537410276,0.6352996308275045
1.4771647895120215,-0.7230649758262222,33.06431215085822,4.037887051076588,16.726807128118853,2.431701256606173,5.255951752415609,0.8771978419692913
1.6623060990028473,-0.7230649758262222,35.91534839611408,5.528213687682814,18.17974039379962,3.376931303028632,5.704889931761554,1.2222351475718722
1.8706522023821734,-0.7230649758262222,39.65345675854734,7.613403536581722,20.064437242938343,4.718300094312726,6.290567283776093,1.7229438473282896
2.1051114860111477,-0.7230649758262222,44.49997174439386,10.434707772338214,22.51868778486706,6.602646076493589,7.059857281785586,2.4495086838991016
2.368956860549917,-0.7230649758262222,50.79510565432637,14.14213011111875,25.68369366641502,9.173277204117852,8.062904275478857,3.4850590713011176
2.6658714488230206,-0.7230649758262222,58.91983090963079,18.789407371195104,29.776415389179093,12.601232839369949,9.351394278045584,4.918345692357642
3.0,-0.7230649758262222,69.34384935924808,24.288466815316767,35.08061682796786,17.03721202558627,10.991756110341624,6.851079904040407
-3.0,-0.6731984257692414,35.558702308601156,5.336084212085617,18.04651003885118,3.286642078097074,5.724367976532839,1.2380252415702666
-2.6658714488230206,-0.6731984257692414,31.410243840394838,3.2308870639300746,15.954987419136454,1.9696104630540034,5.046487085286542,0.7298534420069763
-2.368956860549917,-0.6731984257692414,28.248757765466003,1.8511132249453233,14.296973802441123,1.0954519763327581,4.518554922978547,0.4043501101665789
-2.1051114860111477,-0.6731984257692414,25.687110189833717,0.9440921538297682,13.000047202371716,0.5533119911921491,4.109991581024602,0.20644117866057193
-1.8706522023821734,-0.6731984257692414,23.6946738821641,0.41479660593954704,11.981281279265815,0.23905268072814495,3.784629414881344,0.0903722975860815
-1.6623060990028473,-0.6731984257692414,22.103213129430436,0.1327680644650108,11.193008860286678,0.07833543107745107,3.5242127071308813,0.029176889766195133
-1.4771647895120215,-0.6731984257692414,20.88065030851076,0.018872682220044047,10.572316198528,0.01148156554367733,3.327366022835927,0.004650128819745821
-1.3126438125222553,-0.6731984257692414,19.94399616589741,0.0019694343802103315,10.091729649834047,0.0010243263601242304,3.1757168164140994,0.0001901398384342261
-1.166446554092426,-0.6731984257692414,19.20672953414023,0.0371001394714415,9.720007781208475,0.0204914243000323,3.0569411591508713,0.006388318311455759
-1.0365321883776653,-0.6731984257692414,18.659199229529346,0.09353568371811141,9.44279780340966,0.052055066139135166,2.9679876156603067,0.017067823718553088
-0.9210871889273549,-0.6731984257692414,18.257966243612454,0.15255810586549015,9.239809478299883,0.08503758463239813,2.9049810727102847,0.027960368964736273
-0.8185000129460304,-0.6731984257692414,17.980281881297774,0.20264028473679466,9.096068202626586,0.1136963510734061,2.8573974015842447,0.03810345158497232
-0.7273386051246984,-0.6731984257692414,17.8116461795345,0.2368831100278433,9.00966971182775,0.13311312345865692,2.8293041378149795,0.04489239513721117
-0.6463304070095649,-0.6731984257692414,17.7237469742899,0.2559065071439936,8.96534716012952,0.14372678640981576,2.815383400387072,0.04848148228189299
-0.5743445928509872,-0.6731984257692414,17.71599893323555,0.2576224316622841,8.962240425069673,0.14448752411559437,2.8150811726140383,0.04856107467166854
-0.5103762839557767,-0.6731984257692414,17.76887543112946,0.24603815763891443,8.988323520633703,0.13816901885318053,2.8207275211859906,0.04708585085593705
-0.4535325211846986,-0.6731984257692414,17.866140473355816,0.22549563799028163,9.036804224386225,0.12683491366618935,2.8374746234947,0.042855641713669415
-0.40301979977966995,-0.6731984257692414,17.996408955828354,0.19951889079787669,9.104354348801436,0.11192156403915628,2.8580856134744588,0.03794468275792474
-0.35813299251433084,-0.6731984257692414,18.15375502134534,0.17044780007298957,9.18021338586753,0.09637478767585993,2.8821612507874765,0.03261463690053432
-0.3182455065418344,-0.6731984257692414,18.320432406814476,0.14234832023026134,9.263012383572816,0.08082956145824838,2.9082721038969583,0.02732069682068888
-0.2828005365353655,-0.6731984257692414,18.485743684253304,0.1171593932982147,9.349544378802598,0.06614053389384723,2.934414545585763,0.022518521188949623
-0.2513032920204875,-0.6731984257692414,18.651888094193204,0.09447425539877684,9.431273583932967,0.053699044294854476,2.959332805036645,0.018396815353151488
-0.22331409039755062,-0.6731984257692414,18.80775189492497,0.07553947883278037,9.510800084144634,0.042902422357970656,2.984550697434346,0.014670229625579694
-0.19844221923690444,-0.6731984257692414,18.953785366060224,0.059818368173098116,9.58423736478751,0.034058496976783016,3.0078437066401986,0.011618770933700062
-0.17634048216824733,-0.6731984257692414,19.086333674698935,0.04720861103403025,9.652328037103244,0.02680780307760445,3.028440959612837,0.009228060060800864
-0.15670035222800524,-0.6731984257692414,19.208213394082524,0.036983454972093786,9.712548654940468,0.021144464465623757,3.0480743041506217,0.0072140841202748595
-0.13924766500838334,-0.6731984257692414,19.317449855289585,0.028916679554400408,9.768051553160138,0.016538810639396564,3.065136571153224,0.005671062042710264
-0.12373879148704055,-0.6731984257692414,19.414265391529543,0.022622303398150134,9.818062146741713,0.012886923837893784,3.0804847356000824,0.004445748420789251
-0.10995723711238882,-0.6731984257692414,19.50084138011869,0.017665728287851862,9.861842573347603,0.010073079196075614,3.0947132629914225,0.003446014485348749
-0.09771061966979347,-0.6731984257692414,19.578006804514295,0.013776812320809129,9.900570533639694,0.007879068583882062,3.1066972907736132,0.002704700253736695
-0.0868279837415025,-0.6731984257692414,19.6461609671868,0.01075251308827593,9.935152385156599,0.00615198516416817,3.1172952494075066,0.002125225470196994
-0.07715741427178036,-0.6731984257692414,19.706211340504286,0.00840409602653865,9.965850163694874,0.0048008466173855655,3.127043231907942,0.001654836458583727
-0.06856391592404971,-0.6731984257692414,19.759279135545555,0.0065734622571684935,9.992896959987961,0.0037512283198104642,3.1356936549548813,0.0012873293464904397
-0.06092752862714207,-0.6731984257692414,19.806304352689118,0.005141847160294316,10.016696053547701,0.0029360821986065,3.1431649203399687,0.001007480595827117
-0.0541416530048151,-0.6731984257692414,19.847987179831954,0.00402168106161775,10.037696623948689,0.002300638020934583,3.149674402127625,0.0007918960229556851
-0.04811156231253989,-0.6731984257692414,19.88488702714463,0.003146124969441712,10.056283011127238,0.001803504522166109,3.1554550211723966,0.0006223986908126978
-0.04275308010908995,-0.6731984257692414,19.917504915968166,0.002462511612392757,10.072755275144269,0.0014139232041385768,3.1606308750573344,0.0004880862419074176
-0.0379914052040221,-0.6731984257692414,19.94631244362192,0.001928962635545283,10.08735312203887,0.0011085821471054792,3.1652519086483477,0.0003820558188784897
-0.03376006747802295,-0.6731984257692414,19.971750417624047,0.0015123680735945246,10.100281075362743,0.0008693780260127297,3.1693507127535954,0.000298936041280045
-0.03,-0.6731984257692414,19.9942207444074,0.0011867900696780364,10.111722363977101,0.0006820616817320946,3.1729680020943563,0.00023409184893588688
0.03,-0.6731984257692414,20.336499885778817,0.0010662713338889802,10.285731759702921,0.0006133622658877277,3.2275886761210946,0.0002118132072449378
0.03376006747802295,-0.6731984257692414,20.35681331731315,0.0013399958969755677,10.296035240569744,0.0007705261758421209,3.2308777647480325,0.00026700315652131856
0.0379914052040221,-0.6731984257692414,20.379515352913437,0.0016825457395567987,10.307541410710487,0.0009670310629006497,3.2345444295322863,0.00033599771576750667
0.04275308010908995,-0.6731984257692414,20.404864891242045,0.0021106139762398146,10.320388924131095,0.001212554404031656,3.238602813838901,0.0004215225745785721
0.04811156231253989,-0.6731984257692414,20.433132343904603,0.002644476160380207,10.33473271116096,0.0015191273857323713,3.243066847382688,0.0005266816188345574
0.0541416530048151,-0.6731984257692414,20.464586196036613,0.003308319250071446,10.350735361550399,0.0019014363010769653,3.247980691281841,0.0006558256159303845
0.06092752862714207,-0.6731984257692414,20.49947905508399,0.004130427866572318,10.368544556236554,0.0023766734891574864,3.2534575922208884,0.0008162496632759712
0.06856391592404971,-0.6731984257692414,20.538051062652897,0.005143642174020098,10.388261805727906,0.002963740353401632,3.259660533763317,0.001018848277546694
0.07715741427178036,-0.6731984257692414,20.580575632731627,0.006387148914895924,10.409937920247652,0.00368267405261017,3.2666445325551066,0.001273429734142449
0.0868279837415025,-0.6731984257692414,20.627436059295388,0.007910230055912277,10.433657715096855,0.004557226381528275,3.274206505962221,0.0015805563876358656
0.09771061966979347,-0.6731984257692414,20.679108581354672,0.009774342851752875,10.459700426733328,0.005622584052539456,3.2822357329656153,0.0019423113549487453
0.10995723711238882,-0.6731984257692414,20.735876935978514,0.012044079622237554,10.488499688022308,0.006928128767828218,3.291285396048955,0.002393827226622036
0.12373879148704055,-0.6731984257692414,20.797533529178715,0.014770468798454192,10.52009786306781,0.00851354959913687,3.3014606588396433,0.0029566001107089756
0.13924766500838334,-0.6731984257692414,20.863950937143247,0.01800935010730907,10.553919452136903,0.010386686080040345,3.3117311446281037,0.0035834152153487813
0.15670035222800524,-0.6731984257692414,20.935769818911044,0.021861165330877046,10.590180459382873,0.012595750386969033,3.3234491301439983,0.004370202583442682
0.17634048216824733,-0.6731984257692414,21.012338665587116,0.026364195633922977,10.629578934697358,0.015229645839478145,3.3356902456431134,0.005273062700220768
0.19844221923690444,-0.6731984257692414,21.09281343761801,0.031533769500656256,10.670445804061309,0.018216696097041643,3.3487886832567955,0.006330052839315447
0.22331409039755062,-0.6731984257692414,21.179728571280567,0.037614894176459315,10.71410187489773,0.02169188857819704,3.362156709152433,0.0075049086406424265
0.2513032920204875,-0.6731984257692414,21.26715705003686,0.04424805519127525,10.759306631232816,0.02559693611859714,3.3770909723566005,0.008931245486135818
0.2828005365353655,-0.6731984257692414,21.36068494477209,0.051910755547031506,10.806143367162939,0.029968769099017283,3.391489405238032,0.010419143745593136
0.3182455065418344,-0.6731984257692414,21.452755442531,0.06001992316796349,10.85324824412798,0.03469673499600931,3.4062220476890235,0.012055098514463722
0.35813299251433084,-0.6731984257692414,21.54954922487372,0.0691434891358928,10.902581794634738,0.04000074157812683,3.421130231947982,0.013826371352799077
0.40301979977966995,-0.6731984257692414,21.64495881761372,0.07872989603292774,10.951362217857724,0.04559606653474456,3.436885879472377,0.01582379125835313
0.4535325211846986,-0.6731984257692414,21.74247108836284,0.08912905607151059,11.000978511553376,0.05164134584881459,3.4529357041578614,0.017989802505750527
0.5103762839557767,-0.6731984257692414,21.841327650934492,0.10028489795977956,11.051455576968644,0.058154074955054605,3.46850384436174,0.020216196469113094
0.5743445928509872,-0.6731984257692414,21.943847051940804,0.11249845248419013,11.103253080594431,0.06521326648696509,3.48492465060307,0.02269703890807619
0.6463304070095649,-0.6731984257692414,22.052540619776924,0.126155123271435,11.157821131128571,0.07305755941510543,3.5014306737865155,0.025326519786354734
0.7273386051246984,-0.6731984257692414,22.176545200738143,0.14261285177910196,11.221653133918677,0.08275788621531173,3.5209626412975323,0.028612031742000946
0.8185000129460304,-0.6731984257692414,22.323477349953837,0.16330538319279128,11.295485227439213,0.09467357848308175,3.5441933184253096,0.032762358481592264
0.9210871889273549,-0.6731984257692414,22.50861532500145,0.1911855129096547,11.387435530181087,0.11054012300266956,3.5734389616871254,0.03835682769265406
1.0365321883776653,-0.6731984257692414,22.7405070959729,0.2288849627252029,11.503332677664785,0.13212993519441854,3.6112073007045478,0.0461802586599575
1.166446554092426,-0.6731984257692414,23.039641285152015,0.28195098833925536,11.657037963865731,0.16343244250476843,3.6590292030058706,0.057032756115325114
1.3126438125222553,-0.6731984257692414,23.450835514470057,0.3627493201539162,11.863417988790077,0.21009629829935755,3.724687835132509,0.07360633201524845
1.4771647895120215,-0.6731984257692414,23.99251172670013,0.4823902091067823,12.136530028255745,0.27967152739090784,3.811863803384199,0.09849090656620937
1.6623060990028473,-0.6731984257692414,24.71504457236481,0.6638459796403993,12.507366326181417,0.38761833842827087,3.924774751926629,0.13536700658138082
1.8706522023821734,-0.6731984257692414,25.699832610278598,0.948016833818311,13.002445243232227,0.5541772158014854,4.077502241769866,0.1930674643403363
2.1051114860111477,-0.6731984257692414,27.010602726108182,1.3848816982181076,13.667589784500674,0.8145597159976562,4.285521428181572,0.2849568099999978
2.368956860549917,-0.6731984257692414,28.75567571772601,2.0553020851704944,14.539527753035294,1.211836474933604,4.563888777118053,0.4294386813522863
2.6658714488230206,-0.6731984257692414,31.054559312388047,3.0641227500171286,15.695460547413461,1.8214454745601134,4.927718408622904,0.6506164163699643
3.0,-0.6731984257692414,34.03635683067427,4.5334703414545,17.22132808122873,2.743191427342955,5.394580780444662,0.9796966462704876
-3.0,-0.6233318757122605,21.279874437719467,0.04525571079256924,10.771779291282055,0.02672890016047631,3.3958598950841354,0.01089252301867789
-2.6658714488230206,-0.6233318757122605,20.874449732997295,0.018549832095699673,10.56379637631409,0.010967872231529471,3.3261381943301087,0.004561470220916028
-2.368956860549917,-0.6233318757122605,20.55239685026724,0.005548351142736441,10.397824601774424,0.0032714363904644355,3.2708982924213834,0.001442177253191588
-2.1051114860111477,-0.6233318757122605,20.300018810757035,0.0006526833541135414,10.270732988098436,0.0004164175803221309,3.228224806409954,0.00022199238993381496
-1.8706522023821734,-0.6233318757122605,20.10181318694282,0.00017561057198156263,10.168799353475706,8.748203844860994e-05,3.1950175187107575,1.0276590806180243e-05
-1.6623060990028473,-0.6233318757122605,19.946798180164425,0.0019205292791914805,10.090504436671129,0.0010475754737432421,3.1693350614801497,0.0002992339315305666
-1.4771647895120215,-0.6233318757122605,19.82547711239553,0.004609287008126208,10.028477320103768,0.002569945522816333,3.149624332513902,0.0007934542099087591
-1.3126438125222553,-0.6233318757122605,19.732707613031916,0.007461482122520733,9.981527027604178,0.004176451485432668,3.1343094431469423,0.0013429938154060244
-1.166446554092426,-0.6233318757122605,19.66236068318181,0.010089905042959129,9.945786572625838,0.00566462245170361,3.122694303429459,0.0018573081190135596
-1.0365321883776653,-0.6233318757122605,19.610832584652467,0.01227235162987335,9.919470574395579,0.006908156046624926,3.114155879050176,0.0022894666701668447
-0.9210871889273549,-0.6233318757122605,19.57588136257262,0.013877298446920216,9.90160602689285,0.007824184311328605,3.1081335616307375,0.002621996300064929
-0.8185000129460304,-0.6233318757122605,19.555088359235786,0.014880108631498497,9.891010210340756,0.008395069453323066,3.10454206188606,0.0028312644718422337
-0.7273386051246984,-0.6233318757122605,19.546927208207105,0.015283519741784758,9.886780603266919,0.008628701021664069,3.103019802439896,0.0029224398562354864
-0.6463304070095649,-0.6233318757122605,19.550511382837662,0.015105669615119794,9.888456064023249,0.008535760672461607,3.103371987560553,0.0029012145479325115
-0.5743445928509872,-0.6233318757122605,19.564435935219404,0.014424851748974859,9.89532564805082,0.008160078307915902,3.105386302742908,0.002781334958100945
-0.5103762839557767,-0.6233318757122605,19.587305655634687,0.013341583214740136,9.906741974258564,0.007554862147086231,3.1089063551529503,0.00257803919822837
-0.4535325211846986,-0.6233318757122605,19.61748581949638,0.01197827081466614,9.921867620389278,0.006789674291877348,3.1135540109418285,0.002321666163056967
-0.40301979977966995,-0.6233318757122605,19.65310151553168,0.010465991108152939,9.939726781397178,0.0059398280710215015,3.119102361501993,0.002033505667778424
-0.35813299251433084,-0.6233318757122605,19.692141662100212,0.00892787715492491,9.959409367328869,0.005070209936117079,3.125223979024457,0.001738089734710206
-0.3182455065418344,-0.6233318757122605,19.7328582243019,0.007456287260556187,9.979926938781114,0.00423815576375739,3.131621889819621,0.001454486529598707
-0.2828005365353655,-0.6233318757122605,19.773671855191203,0.006116335183697761,10.000452079874309,0.003481488192751473,3.138047996761788,0.001195395799578967
-0.2513032920204875,-0.6233318757122605,19.813191234998822,0.004947150228716383,10.02041794547808,0.0028177440667540156,3.144301935381799,0.000967932475724604
-0.22331409039755062,-0.6233318757122605,19.850610324138252,0.003955846919150495,10.039298468009802,0.002255384190646298,3.150207243332654,0.0007754097158585086
-0.19844221923690444,-0.6233318757122605,19.885326026371647,0.0031363623958827677,10.056844888822972,0.0017894272702365917,3.15569891616279,0.0006156999681533146
-0.17634048216824733,-0.6233318757122605,19.91709384488457,0.0024706010129875488,10.072892170341657,0.0014108858154240006,3.1607378657224037,0.0004854833741053211
-0.15670035222800524,-0.6233318757122605,19.945800455798672,0.0019378719561508834,10.087436174696425,0.001106951980960844,3.1652867216583025,0.0003813066307842794
-0.13924766500838334,-0.6233318757122605,19.97155347392207,0.0015153973434170974,10.100469580353488,0.0008661065299250688,3.1693788104426774,0.00029840163353508947
-0.12373879148704055,-0.6233318757122605,19.99452522486145,0.001182651046527788,10.112089067951787,0.0006764359409819671,3.173028907537866,0.0002330682405647022
-0.10995723711238882,-0.6233318757122605,20.014911994727246,0.0009220751484862077,10.122418343458452,0.0005275974374060541,3.1762633762046635,0.00018194776944981228
-0.09771061966979347,-0.6233318757122605,20.032951069697837,0.0007186679629289214,10.131565488077104,0.0004112928034832675,3.1791369600917725,0.00014185867066952374
-0.0868279837415025,-0.6233318757122605,20.0488881030184,0.0005601320209123238,10.13964377671641,0.0003206602533730332,3.1816769335906403,0.00011058950640900292
-0.07715741427178036,-0.6233318757122605,20.062951688556414,0.00043669356097137833,10.14677095184538,0.0002500905936395093,3.183913572307939,8.628589470501185e-05
-0.06856391592404971,-0.6233318757122605,20.075350797141322,0.0003406429452256698,10.153057057101591,0.00019514437187965163,3.1858857633150315,6.736262832976304e-05
-0.06092752862714207,-0.6233318757122605,20.086277256585973,0.00026591043539346196,10.158599930662907,0.0001523597713855878,3.1876270578482035,5.260512494451031e-05
-0.0541416530048151,-0.6233318757122605,20.095905724729317,0.0002077405075988224,10.163486461694344,0.00011903923848246835,3.1891635784538375,4.11003849473733e-05
-0.04811156231253989,-0.6233318757122605,20.10439277157275,0.0001624290373501854,10.16779436934029,9.307848193909653e-05,3.190518074834756,3.213707751076361e-05
-0.04275308010908995,-0.6233318757122605,20.111876944606554,0.00012710245582073714,10.171593080445863,7.283817835747532e-05,3.191711872772041,2.51519317310752e-05
-0.0379914052040221,-0.6233318757122605,20.11847995625926,9.953518733122593e-05,10.174944182979555,5.704434299340305e-05,3.1927646327017642,1.9702629077619954e-05
-0.03376006747802295,-0.6233318757122605,20.124308427550826,7.800352551273656e-05,10.177901929438482,4.470871043988242e-05,3.1936938134881294,1.5445926341256244e-05
-0.03,-0.6233318757122605,20.12945571147,6.117140684044656e-05,10.180513895372345,3.5065127173694885e-05,3.1945145770660863,1.2116875248391144e-05
0.03,-0.6233318757122605,20.206768894409844,5.378741172547539e-05,10.219772053398534,3.087575425606942e-05,3.2068642269581296,1.0681681277153376e-05
0.03376006747802295,-0.6233318757122605,20.21127489047766,6.749854089060487e-05,10.222061715220509,3.875063363327916e-05,3.207584212562923,1.340441751608994e-05
0.0379914052040221,-0.6233318757122605,20.21629335669764,8.459575805193437e-05,10.224612074167593,4.8572185645837734e-05,3.2083863309123855,1.6800774491847027e-05
0.04275308010908995,-0.6233318757122605,20.221873769587948,0.00010586640888632701,10.227448228093206,6.079317288047272e-05,3.209278920165311,2.102974815029234e-05
0.04811156231253989,-0.6233318757122605,20.228067762737908,0.0001322592790855852,10.230596240900878,7.595853747352339e-05,3.2102707019752894,2.628375952041222e-05
0.0541416530048151,-0.6233318757122605,20.234928390390323,0.00016490827063979217,10.234082798147373,9.471880885990914e-05,3.2113702086388667,3.279094448896456e-05
0.06092752862714207,-0.6233318757122605,20.24250896009644,0.00020515459818818188,10.237934836205849,0.00011784388145755577,3.2125850272706242,4.081447435199361e-05
0.06856391592404971,-0.6233318757122605,20.25086105990984,0.00025456261369187776,10.242179005614972,0.00014623570186826927,3.213921777173026,5.065418182081968e-05
0.07715741427178036,-0.6233318757122605,20.260031290589033,0.0003149205693539644,10.246840396851024,0.00018093399687942117,3.215387908141991,6.266308499797007e-05
0.0868279837415025,-0.6233318757122605,20.27005671608402,0.0003882168034788012,10.25193957940839,0.00022310150755251826,3.2169932207528893,7.727062106292718e-05
0.09771061966979347,-0.6233318757122605,20.280960621884386,0.00047659259794627314,10.257488087408941,0.0002739768022426502,3.2187442067022642,9.494041912866096e-05
0.10995723711238882,-0.6233318757122605,20.292750859810333,0.0005822880871585691,10.26348615878642,0.0003348191418062468,3.2206352458412986,0.00011605652101699364
0.12373879148704055,-0.6233318757122605,20.305417065146198,0.0007075535434420216,10.269926860674902,0.000406903521624166,3.2226631449194048,0.00014104384703490444
0.13924766500838334,-0.6233318757122605,20.31891453441261,0.0008543765117435369,10.276794971509572,0.0004914642530629068,3.2248350667850816,0.00017049149306852407
0.15670035222800524,-0.6233318757122605,20.33314583047198,0.0010240593963631117,10.284042727982186,0.000589296350923822,3.227118297564899,0.0002044390931547942
0.17634048216824733,-0.6233318757122605,20.347979974713258,0.001217156394266119,10.291589739707819,0.0007005354277128279,3.229503928508599,0.0002431791832298162
0.19844221923690444,-0.6233318757122605,20.363227405493795,0.0014328624461360864,10.29935732392211,0.0008249889951819129,3.231955064404333,0.00028645824536898215
0.22331409039755062,-0.6233318757122605,20.37858505312357,0.001667749917527724,10.30719065387428,0.0009607139084248333,3.2344377650438982,0.00033387960266944254
0.2513032920204875,-0.6233318757122605,20.393794559117765,0.0019177687221349944,10.314934792465554,0.001104962399704577,3.236879255428431,0.00038402678275946324
0.2828005365353655,-0.6233318757122605,20.408368924464316,0.0021735595551457074,10.322379867392316,0.001253063025139724,3.239242983504887,0.0004358904498190743
0.3182455065418344,-0.6233318757122605,20.421943074893836,0.00242604087876131,10.329307209338864,0.0013991470864661228,3.2414413775569244,0.0004870480280345772
0.35813299251433084,-0.6233318757122605,20.43392115570791,0.0026602265258307885,10.335431726922065,0.0015349407891330033,3.2433926500379244,0.0005348103952287531
0.40301979977966995,-0.6233318757122605,20.443855962581914,0.0028625542760720617,10.340523868919792,0.0016525823424252965,3.2449991179349333,0.0005757933118521675
0.4535325211846986,-0.6233318757122605,20.45118974568051,0.0030166115462041013,10.344304669743046,0.0017427081629654629,3.2461805382512363,0.0006068887055057016
0.5103762839557767,-0.6233318757122605,20.455474669665932,0.0031084691584803573,10.346531670309242,0.0017969025408157491,3.24686948355002,0.0006253957010523906
0.5743445928509872,-0.6233318757122605,20.456324109352455,0.0031268405871157324,10.346999201202948,0.0018083842185725582,3.246994905429271,0.0006287944930562839
0.6463304070095649,-0.6233318757122605,20.453524516769026,0.0030664941749341213,10.345584634259458,0.0017737559651133156,3.246559496170245,0.0006170345159589551
0.7273386051246984,-0.6233318757122605,20.44706121987265,0.0029293946686323883,10.342297154838603,0.0016945586904230424,3.245530318781445,0.0005896745014804675
0.8185000129460304,-0.6233318757122605,20.437308722582525,0.002728392440755418,10.337422280416385,0.0015804158707191202,3.2438898195907324,0.0005473336367691001
0.9210871889273549,-0.6233318757122605,20.424685918759536,0.002478724579981681,10.33104769360193,0.0014371039785291413,3.2417414562148514,0.0004942491605747357
1.0365321883776653,-0.6233318757122605,20.409594540893963,0.0021957923459879312,10.323115712250795,0.0012682017783145535,3.239432505552508,0.00044018986398702565
1.166446554092426,-0.6233318757122605,20.393100683031754,0.0019059861352959746,10.314594476498005,0.0010984133346878745,3.2369636358114278,0.0003858221311942309
1.3126438125222553,-0.6233318757122605,20.377812018163446,0.0016555045638014338,10.307169678988023,0.000960336800069297,3.234563891741455,0.0003363849080157581
1.4771647895120215,-0.6233318757122605,20.364683688165595,0.0014543770821626423,10.299958554019902,0.000835042932721809,3.232775354800095,0.0003017275604297721
1.6623060990028473,-0.6233318757122605,20.35696440582444,0.0013421479393543774,10.297047002701142,0.0007869176574536729,3.2312656245457294,0.0002739292733228684
1.8706522023821734,-0.6233318757122605,20.361859835277272,0.0014128032066711605,10.298994905050487,0.0008189577262215673,3.2312762409925466,0.0002741200928385079
2.1051114860111477,-0.6233318757122605,20.382031902784135,0.0017228943802613562,10.310544498955982,0.0010219573197515841,3.23450333859882,0.0003351809563910596
2.368956860549917,-0.6233318757122605,20.42792035685159,0.002541569919308555,10.330217620545694,0.0014189387950325524,3.2419084440195065,0.0004982791308245008
2.6658714488230206,-0.6233318757122605,20.504913589998225,0.004266557899709871,10.36846002074873,0.0023742941327672767,3.2535810080171546,0.00082006436220152
3.0,-0.6233318757122605,20.61767762674395,0.007579893956711143,10.429651579879128,0.00440309698599673,3.2700016346165826,0.001405746553630349
-3.0,-0.5734653256552796,27.060416970249108,1.4026880064614329,13.660933065643556,0.8117607576703149,4.266249745893068,0.2758366108369457
-2.6658714488230206,-0.5734653256552796,26.014007821312106,1.0469353131896604,13.107289068681498,0.5925404013903595,4.102492285281713,0.20332104724408487
-2.368956860549917,-0.5734653256552796,25.08967903893807,0.7671545955452748,12.693117418922261,0.44721065542818783,3.971635177878445,0.1521421149863175
-2.1051114860111477,-0.5734653256552796,24.432469612700693,0.5900182760274383,12.356827015050115,0.3419871237719987,3.864314564131177,0.11498577755286388
-1.8706522023821734,-0.5734653256552796,23.89955444459418,0.4608275939022914,12.094997055019313,0.2685332367023731,3.7833416767134214,0.08999608641445261
-1.6623060990028473,-0.5734653256552796,23.50650435612928,0.3743657393626397,11.882866555498625,0.214760609720468,3.7251959102669843,0.07374196605061616
-1.4771647895120215,-0.5734653256552796,23.174520529378835,0.3074696220729749,11.714039452321995,0.17579751762988644,3.6739241370685227,0.060624788196048274
-1.3126438125222553,-0.5734653256552796,22.899743480919714,0.25652108644740756,11.581452591462023,0.14766393765560604,3.630320268940368,0.0503921870157293
-1.166446554092426,-0.5734653256552796,22.69687079515217,0.22155835446078923,11.476380763477389,0.12695285369476525,3.5992349411505105,0.04362801581487715
-1.0365321883776653,-0.5734653256552796,22.520831162749214,0.19309499212027115,11.387544589900141,0.11055961035574564,3.5721211549558634,0.03809596934047991
-0.9210871889273549,-0.5734653256552796,22.37415678743702,0.17073855875397592,11.313276563342493,0.09765527163065767,3.547261515972883,0.03333004353535311
-0.8185000129460304,-0.5734653256552796,22.24653019298343,0.15230890796150978,11.251551369305544,0.08749381677804481,3.529753713876623,0.0301517890250725
-0.7273386051246984,-0.5734653256552796,22.125562112685095,0.1357340849396595,11.19064845549625,0.07797603629496323,3.511326928663686,0.026967743700141735
-0.6463304070095649,-0.5734653256552796,22.017291515080426,0.12164707198296966,11.135710862143121,0.06982906480346153,3.4934260028762125,0.02403442742904861
-0.5743445928509872,-0.5734653256552796,21.904634025426503,0.10774987396354657,11.077072160387788,0.06159785836500617,3.474069080566652,0.02104181307382308
-0.5103762839557767,-0.5734653256552796,21.789482096341878,0.09435763869967803,11.019104447079878,0.05393813913921196,3.458240856797858,0.01873468116624187
-0.4535325211846986,-0.5734653256552796,21.674071978972542,0.08177131377173215,10.960969706928656,0.046738886906098134,3.4382423771296513,0.01600174941072936
-0.40301979977966995,-0.5734653256552796,21.556989681598424,0.0698699925887816,10.899896588929732,0.03970283203986486,3.419410677614064,0.01361615721067455
-0.35813299251433084,-0.5734653256552796,21.43396097689659,0.05831929515440228,10.841257048048838,0.033461846100685505,3.40056251307175,0.011413131111817014
-0.3182455065418344,-0.5734653256552796,21.31430922820698,0.048038387573135485,10.782059748529425,0.027679544916180805,3.381791964619722,0.009404915100052915
-0.2828005365353655,-0.5734653256552796,21.202626983469305,0.03930237995463329,10.722412980135614,0.022386535723892223,3.3640675116985244,0.0076807243704402365
-0.2513032920204875,-0.5734653256552796,21.092154796360234,0.03148965404400303,10.668888530479293,0.018098139987450038,3.3479389449180013,0.006258646649369948
-0.22331409039755062,-0.5734653256552796,20.99134745433681,0.025089203492200396,10.617114238815514,0.01437014814120292,3.3313577302798376,0.004944094141031688
-0.19844221923690444,-0.5734653256552796,20.897874120604786,0.019783659029370217,10.570322731495068,0.01136034667859657,3.3164071471995116,0.0038882534265070106
-0.17634048216824733,-0.5734653256552796,20.8145995548259,0.015572901556414881,10.527091580436824,0.008885985902081702,3.303608801681452,0.0030828318636117596
-0.15670035222800524,-0.5734653256552796,20.738079295256448,0.012136792905040966,10.489898864783841,0.006994951838522469,3.291174827024009,0.00238803159943397
-0.13924766500838334,-0.5734653256552796,20.67022763963548,0.009440229110594629,10.4553966891087,0.00543895994575438,3.280684528849145,0.001869569037679901
-0.12373879148704055,-0.5734653256552796,20.61096729095387,0.0073567525806636155,10.424380268906436,0.004204264912287026,3.2713195555091628,0.0014594514116952446
-0.10995723711238882,-0.5734653256552796,20.55824790003094,0.0057177431388017,10.397760117717764,0.0032693113883904158,3.262455564506552,0.0011173741276390191
-0.09771061966979347,-0.5734653256552796,20.511482173131842,0.004433998490810368,10.37446894724621,0.002546352668651008,3.2553156229278315,0.0008746099986447046
-0.0868279837415025,-0.5734653256552796,20.470573000021478,0.0034429788859318263,10.353712307164447,0.001977231584563996,3.2490696647769703,0.00068634065329063
-0.07715741427178036,-0.5734653256552796,20.434898905965266,0.0026798136487889324,10.33537319755241,0.0015336136057189508,3.2432010315872426,0.0005300220442459241
-0.06856391592404971,-0.5734653256552796,20.40360089011025,0.0020881325322216378,10.31936603164616,0.001191998715814186,3.2380113614256256,0.0004084603791453276
-0.06092752862714207,-0.5734653256552796,20.37598896247637,0.0016268033567958568,10.305419529985572,0.0009291295559945977,3.233633694928591,0.0003181266155226087
-0.0541416530048151,-0.5734653256552796,20.351601869956383,0.0012668150457452803,10.293202476579443,0.0007255441686841575,3.2298864032524226,0.0002497006491972898
-0.04811156231253989,-0.5734653256552796,20.330103013184438,0.0009864970284052853,10.2824390028851,0.0005668889509515052,3.2265662223804665,0.00019594994860766104
-0.04275308010908995,-0.5734653256552796,20.311194383999993,0.0007687150577057468,10.272929538676372,0.000442896601626502,3.223578839756008,0.00015312067132686234
-0.0379914052040221,-0.5734653256552796,20.29458700570916,0.0005996953390231938,10.264526557641782,0.0003459900090605697,3.2209038028652697,0.00011922638941591953
-0.03376006747802295,-0.5734653256552796,20.280003574478794,0.0004684749472420419,10.257109015883156,0.0002703355688809905,3.2185357906510066,9.274227844319518e-05
-0.03,-0.5734653256552796,20.267188432163397,0.00036646749380452503,10.250568604740515,0.00021133215977437207,3.2164582457845214,7.223331985790442e-05
0.03,-0.5734653256552796,20.07947937564952,0.0003113146275509514,10.155047061556827,0.00017917332409265937,3.1865274561978527,6.171157209619832e-05
0.03376006747802295,-0.5734653256552796,20.068850242424958,0.0003895079264557681,10.149662899889547,0.00022396369155187751,3.1847854725149856,7.763044200438595e-05
0.0379914052040221,-0.5734653256552796,20.057041543227378,0.00048668975873576465,10.143690396714037,0.00027951331135762236,3.182859705589619,9.736065670669822e-05
0.04275308010908995,-0.5734653256552796,20.043943891843877,0.0006071930699841763,10.13706659734236,0.00034834476126992584,3.1807606181812633,0.00012141981102823093
0.04811156231253989,-0.5734653256552796,20.029454615610728,0.0007561042104929952,10.129721363618742,0.00043357039218752354,3.178501539872678,0.00015029219869791595
0.0541416530048151,-0.5734653256552796,20.013493374229512,0.0009391521452832679,10.121587329234753,0.0005388845858750749,3.176067725662185,0.000184859421404235
0.06092752862714207,-0.5734653256552796,19.996018198129434,0.0011624613908120804,10.112624076465561,0.0006682702448229076,3.1733774560289016,0.0002272537592455109
0.06856391592404971,-0.5734653256552796,19.977023622300013,0.001432394945867836,10.102850753977883,0.0008253162370315452,3.170303560066919,0.0002810818334771273
0.07715741427178036,-0.5734653256552796,19.956495900074444,0.0017560589396665401,10.092350598792171,0.0010126439304720936,3.166835391214269,0.00034872817185303855
0.0868279837415025,-0.5734653256552796,19.93433840721016,0.0021427553733356177,10.081184533555142,0.0012330429825857152,3.1632280546017166,0.00042688418749790125
0.09771061966979347,-0.5734653256552796,19.910394976249073,0.002604316922594309,10.069231256744722,0.0014932483560499573,3.1596401396427845,0.0005125224128703611
0.10995723711238882,-0.5734653256552796,19.88474460128794,0.003149295569526072,10.056237004819106,0.0018046596311493668,3.1555660281526476,0.0006193452785209953
0.12373879148704055,-0.5734653256552796,19.85799810610706,0.0037733910417902874,10.042371858671029,0.0021698312043215836,3.1509801620972397,0.0007518069366601374
0.13924766500838334,-0.5734653256552796,19.83071371823682,0.004468963655416536,10.02843767011332,0.002571136350825082,3.146980353929509,0.0008779374591602918
0.15670035222800524,-0.5734653256552796,19.80274122917622,0.005244077057030549,10.014447499896761,0.003008771395753035,3.1422712947992073,0.001039125959155711
0.17634048216824733,-0.5734653256552796,19.77530635212709,0.00606548093001591,10.000007274926885,0.0034970860182978137,3.1379133553858742,0.001200560262445552
0.19844221923690444,-0.5734653256552796,19.749813301449027,0.006883246113390643,9.987093937048895,0.00396535717092683,3.1336025932414415,0.001371880137876042
0.22331409039755062,-0.5734653256552796,19.724555444166064,0.007745415548586824,9.974727520970522,0.004441838595363957,3.1301303969868557,0.0015183089086627944
0.2513032920204875,-0.5734653256552796,19.706267762583433,0.008402028065517476,9.964668901415521,0.004849688324537313,3.1262642760239547,0.001690229054442345
0.2828005365353655,-0.5734653256552796,19.69044891903762,0.008991982758139758,9.957266078382293,0.005161505704245308,3.1242758029867184,0.0017823041574818051
0.3182455065418344,-0.5734653256552796,19.68602481695577,0.009160632423392668,9.954645251165113,0.005274270507844351,3.1235637560822456,0.0018158789973910215
0.35813299251433084,-0.5734653256552796,19.688897281725698,0.00905095013646773,9.955878093736379,0.0052210711109293454,3.1245423269627683,0.0017698188114284468
0.40301979977966995,-0.5734653256552796,19.70711766089581,0.008370909299244824,9.964775975960942,0.004845250738432195,3.1269314990614365,0.0016598897640401273
0.4535325211846986,-0.5734653256552796,19.740924250419695,0.007180765902403604,9.981804261669321,0.004165807251704323,3.1318403285877916,0.0014452561305042606
0.5103762839557767,-0.5734653256552796,19.79562612254267,0.005451276004229441,10.009175707104827,0.003182728352138024,3.1407758050701564,0.0010931939486386675
0.5743445928509872,-0.5734653256552796,19.875316641292947,0.0033627708962828346,10.049650436117778,0.0019738924439263303,3.1531745931422863,0.0006868041442843908
0.6463304070095649,-0.5734653256552796,19.985742337184202,0.0013049694613442647,10.105811079958618,0.0007759865394792272,3.171388698399629,0.00026142262137888257
0.7273386051246984,-0.5734653256552796,20.12903675409457,6.246492396310614e-05,10.177469078878898,4.642004331297786e-05,3.194316730927251,1.2882379600154556e-05
0.8185000129460304,-0.5734653256552796,20.31430835654164,0.0008027260951021732,10.271492781339823,0.0004254849121455383,3.223528583158729,0.00015244505073299769
0.9210871889273549,-0.5734653256552796,20.54555481878004,0.005353449265817743,10.389688998452387,0.0030087111630528545,3.260297151896906,0.0010408945615205142
1.0365321883776653,-0.5734653256552796,20.8379981906878,0.0167066273630834,10.538253960609271,0.00949652408318162,3.3060762466129026,0.0032310100186821703
1.166446554092426,-0.5734653256552796,21.203975237944892,0.03940284359921032,10.721566632049273,0.02231531576942916,3.3642925230869345,0.007701557355487703
1.3126438125222553,-0.5734653256552796,21.64639522752213,0.07887868648938166,10.946260087082837,0.044994604609454994,3.4341101961007574,0.015462602012556809
1.4771647895120215,-0.5734653256552796,22.194001624591962,0.14500396695902767,11.22376348373973,0.08308816160929713,3.5205819769149316,0.02854621030872061
1.6623060990028473,-0.5734653256552796,22.869084870416273,0.2510910847256875,11.562505023554321,0.14382451772077556,3.628584317118811,0.0500026954301849
1.8706522023821734,-0.5734653256552796,23.68570856266466,0.4128298487225169,11.977148873985797,0.23800968264339517,3.7591705928465844,0.08306423659974144
2.1051114860111477,-0.5734653256552796,24.685811251866877,0.6560423645791347,12.483481943670284,0.3802171343200294,3.917888534810675,0.13297317711710546
2.368956860549917,-0.5734653256552796,25.913438554411044,1.01485629707638,13.10750144208226,0.5926191648866278,4.112613704522346,0.20753679849009937
2.6658714488230206,-0.5734653256552796,27.412417490126455,1.5308598494858718,13.866829049881236,0.9000444687466651,4.35107659863677,0.3168662135460633
3.0,-0.5734653256552796,29.276987714202374,2.2726589070709466,14.801316877755216,1.3421838345051191,4.647777288289195,0.4773718185528848
-3.0,-0.5235987755982987,53.04740527957947,15.453687504448613,26.78674117522502,10.09072783018912,8.357061910675103,3.803544982808554
-2.6658714488230206,-0.5235987755982987,46.975941208646326,11.89519219888401,23.658802537233814,7.514938057512057,7.397672792838488,2.7885529204241934
-2.368956860549917,-0.5235987755982987,42.00354308698313,8.971190713666754,21.254332954610874,5.61603930687207,6.642630631986354,2.0468630627798197
-2.1051114860111477,-0.5235987755982987,38.22371992525685,6.802526323396602,19.32871205457863,4.181494918145785,6.039500384376528,1.5020038195825771
-1.8706522023821734,-0.5235987755982987,35.22121265908711,5.1556279994269,17.827132239530236,3.1394581613767056,5.570097983895654,1.1147524015907637
-1.6623060990028473,-0.5235987755982987,32.90904062283258,3.9600934975347872,16.633636012097867,2.3743082237200905,5.211398492587493,0.845078852929144
-1.4771647895120215,-0.5235987755982987,31.0462636556774,3.0602643382317103,15.688554840649829,1.8175557041431165,4.918619971259516,0.6446814982159579
-1.3126438125222553,-0.5235987755982987,29.55416820017777,2.3911164148422483,14.946369924871597,1.4164403724915453,4.680828036940293,0.4967805488560541
-1.166446554092426,-0.5235987755982987,28.4086667371329,1.9147359000374031,14.361434222804276,1.1259592342953555,4.501938093749529,0.3953006184193584
-1.0365321883776653,-0.5235987755982987,27.4757405917636,1.55434598839076,13.890623031783589,0.9104715204019376,4.35547065489414,0.31905328301044206
-0.9210871889273549,-0.5235987755982987,26.72640768758984,1.284913531951406,13.511895893693838,0.7500841676466844,4.233911972551406,0.2608041360849245
-0.8185000129460304,-0.5235987755982987,26.114357278446008,1.079327115819446,13.207842172816159,0.6303033891792352,4.142425582038577,0.220162190759047
-0.7273386051246984,-0.5235987755982987,25.593045896726345,0.9152735558593732,12.944323467782318,0.5333623396986433,4.061391420188452,0.18657527968690069
-0.6463304070095649,-0.5235987755982987,25.155803440634397,0.7860135206600705,12.723204475851489,0.4571968082477145,3.990570949995725,0.15915763390941876
-0.5743445928509872,-0.5235987755982987,24.755751020408233,0.6747752241138856,12.51729391555075,0.3907123855024677,3.924192238921955,0.13516379630431302
-0.5103762839557767,-0.5235987755982987,24.38412037738714,0.5777488656224941,12.329954480239353,0.3340985397261991,3.8701426961942254,0.11688735135576238
-0.4535325211846986,-0.5235987755982987,24.03671698687346,0.49279059202278086,12.154661459384133,0.28459552413443123,3.811709521417534,0.09844404756994882
-0.40301979977966995,-0.5235987755982987,23.70363061400329,0.41676548743220926,11.98273603345382,0.2394203294951013,3.758348016339683,0.08283269069005161
-0.35813299251433084,-0.5235987755982987,23.37185338044821,0.3465417539486141,11.822111510066037,0.20034062520774373,3.707044144258195,0.068965945145716
-0.3182455065418344,-0.5235987755982987,23.056298642278858,0.2850496421610641,11.665163301212486,0.16517029570999223,3.657460407676587,0.05666023326366055
-0.2828005365353655,-0.5235987755982987,22.764155609523407,0.23290016251605794,11.511196609746964,0.13365819148013647,3.6111495167512584,0.04616778050668272
-0.2513032920204875,-0.5235987755982987,22.481042376802616,0.18690713613861845,11.372789416501435,0.10793739141125613,3.5690221763620187,0.037485776382429774
-0.22331409039755062,-0.5235987755982987,22.22321758565207,0.14904661555047216,11.240847406136321,0.0857842672742611,3.5269372810873576,0.02965438950898357
-0.19844221923690444,-0.5235987755982987,21.985722542316434,0.11767411576349815,11.121787276018003,0.06783094416147081,3.489066483203709,0.023344111444974835
-0.17634048216824733,-0.5235987755982987,21.774096789695566,0.09263115458959058,11.012527228562375,0.05309927971209442,3.4562998972179755,0.018460497307793297
-0.15670035222800524,-0.5235987755982987,21.581129642451728,0.07225169845171868,10.917949991777318,0.04172607850483476,3.425117413134484,0.014319707956083004
-0.13924766500838334,-0.5235987755982987,21.410244596126834,0.05620639565600056,10.831196642878163,0.03244226817434553,3.398540873476096,0.011187895806649507
-0.12373879148704055,-0.5235987755982987,21.26092665351518,0.04375834627256425,10.753587858879609,0.025085784837825212,3.374932840437437,0.008717742004639126
-0.10995723711238882,-0.5235987755982987,21.128641435915046,0.033978188746729795,10.686750566969009,0.019480404070987077,3.35294015584427,0.006684550647370876
-0.09771061966979347,-0.5235987755982987,21.01176255202997,0.026328795922156013,10.628349308099079,0.015143782379139265,3.334941228463397,0.005215453725910512
-0.0868279837415025,-0.5235987755982987,20.90967655780338,0.020419911875362604,10.576577587738495,0.01174279029286859,3.3192279515547765,0.004078013057721457
-0.07715741427178036,-0.5235987755982987,20.8207555299073,0.015867418590485086,10.530999709693896,0.009097493612384027,3.3046991430087607,0.0031478910427628825
-0.06856391592404971,-0.5235987755982987,20.742929391271527,0.012342192056427271,10.491267081126558,0.007060599786175043,3.2918959788058775,0.00242595579567413
-0.06092752862714207,-0.5235987755982987,20.674502297521258,0.009600337910155476,10.456680322904747,0.005493414723560157,3.2810361639513244,0.00188593905654085
-0.0541416530048151,-0.5235987755982987,20.61427374916035,0.007466294632902406,10.426438213179917,0.004281352374274244,3.2717153126747136,0.001475771946741292
-0.04811156231253989,-0.5235987755982987,20.56132893342892,0.005807948153150009,10.399867321716147,0.003339104073963988,3.2634895833158,0.00115496029000972
-0.04275308010908995,-0.5235987755982987,20.514863324904773,0.004521426042063463,10.376462928923,0.0026047605386779918,3.2561369301251712,0.0009010416138394025
-0.0379914052040221,-0.5235987755982987,20.474119746447546,0.00352400579928419,10.35583905257994,0.002032276826346854,3.2495873980692505,0.0007010892989117995
-0.03376006747802295,-0.5235987755982987,20.43838988440258,0.002750327470359833,10.33767560628632,0.0015862503461189516,3.2438055482698136,0.0005452008135203334
-0.03,-0.5235987755982987,20.407030749325035,0.0021494128402146043,10.321689185778762,0.0012389353882278123,3.2387372119174533,0.00042451918012402886
0.03,-0.5235987755982987,19.95491113279988,0.0017824283578844347,10.091699188845878,0.0010249011862147788,3.1666231188124607,0.00035310695280215505
0.03376006747802295,-0.5235987755982987,19.929847481537905,0.002225865490263273,10.078995580139747,0.0012788144616028548,3.1625309330764337,0.0004429059422277535
0.0379914052040221,-0.5235987755982987,19.902098178532004,0.0027748692813771517,10.064948476757465,0.0015925971811583616,3.1580188601240935,0.0005538104099019295
0.04275308010908995,-0.5235987755982987,19.87144532440238,0.003452481209622017,10.049432290259512,0.001979628620759873,3.153107322801397,0.0006887526866501434
0.04811156231253989,-0.5235987755982987,19.83769602491651,0.004285283189652664,10.032313190262315,0.0024560616220187627,3.14782395479663,0.0008505121997024854
0.0541416530048151,-0.5235987755982987,19.800717926369025,0.005302582775095397,10.013471329660229,0.0030406087463402632,3.142143000129671,0.0010437098624902616
0.06092752862714207,-0.5235987755982987,19.760476768198945,0.00653478501881125,9.99285182149665,0.0037528706145718554,3.1359097936793328,0.0012787454480137086
0.06856391592404971,-0.5235987755982987,19.71704000287163,0.008011959531477299,9.97053282196859,0.004609707070071461,3.1288859503052504,0.0015726253343278588
0.07715741427178036,-0.5235987755982987,19.6704978852825,0.009765192321348752,9.946738330472472,0.005622002884460159,3.1210718081629474,0.0019358912047192098
0.0868279837415025,-0.5235987755982987,19.62082977979247,0.011831841989606615,9.92167265578174,0.006799271948931682,3.112999179617724,0.0023515522892947668
0.09771061966979347,-0.5235987755982987,19.567969439523733,0.014254648165815155,9.895214681923822,0.008166078058641868,3.1050128166811795,0.0028033674609699998
0.10995723711238882,-0.5235987755982987,19.512407575507204,0.017051199174418167,9.867033219340476,0.00976300298047856,3.0961658995918757,0.0033512689582184257
0.12373879148704055,-0.5235987755982987,19.455790468969013,0.020166226582049016,9.837696469139605,0.011580996278322722,3.086494562831804,0.004007573960258014
0.13924766500838334,-0.5235987755982987,19.399786614868013,0.023512945768718593,9.809072907578262,0.013508795001611862,3.0782372143482073,0.004615613857513034
0.15670035222800524,-0.5235987755982987,19.34486063125416,0.02705352059936984,9.781553220818852,0.015506613983983307,3.068957798202937,0.005351658148769971
0.17634048216824733,-0.5235987755982987,19.294405816511066,0.030532827301000952,9.75488096116453,0.017578835293290504,3.060932831536872,0.006033468831439763
0.19844221923690444,-0.5235987755982987,19.252331610621752,0.03360144681426176,9.733537503971785,0.019333985202783267,3.053694074395248,0.006684701994560084
0.22331409039755062,-0.5235987755982987,19.216915751749273,0.036302988904041655,9.716350842196151,0.020810258666077948,3.049118140436089,0.007114177320237742
0.2513032920204875,-0.5235987755982987,19.203167542583916,0.0373810207172711,9.707796792133438,0.02156602969495601,3.0450196044399775,0.00751059591033582
0.2828005365353655,-0.5235987755982987,19.204575870319207,0.037269835019328804,9.709614439546987,0.021404265723008846,3.0462125679615286,0.0073940626059362255
0.3182455065418344,-0.5235987755982987,19.241407015005425,0.03442319806545516,9.72744271413904,0.019851065846721753,3.052013574624071,0.006840820184199758
0.35813299251433084,-0.5235987755982987,19.309259641079535,0.02948586476056852,9.761275377733076,0.017069802017254204,3.0637467989667364,0.005789594922007115
0.40301979977966995,-0.5235987755982987,19.427546646834077,0.0218209252126362,9.820462827869571,0.012723397030804984,3.0815305552423866,0.004367821070930538
0.4535325211846986,-0.5235987755982987,19.60210350115783,0.012663727249840369,9.908607403658156,0.007458235178600713,3.108374329201166,0.0026082605819881606
0.5103762839557767,-0.5235987755982987,19.849481837543305,0.0039841015232645865,10.033123871508542,0.002432327681065006,3.1482285883954693,0.0008375138790141472
0.5743445928509872,-0.5235987755982987,20.18548740414668,1.0031426987602813e-05,10.20339236744425,5.954460316282335e-07,3.2009958816809045,4.024072382889348e-09
0.6463304070095649,-0.5235987755982987,20.630666675151765,0.008021113125822269,10.429081630625998,0.0043813809403071115,3.2729456375520423,0.0015270796283243552
0.7273386051246984,-0.5235987755982987,21.200800349470317,0.03916646622420752,10.716101102556445,0.021858022763007016,3.3638309939006428,0.007658855421283927
0.8185000129460304,-0.5235987755982987,21.9295902713008,0.11076100733234993,11.08504317363782,0.06268837626438885,3.4791167857450054,0.021804124555959883
0.9210871889273549,-0.5235987755982987,22.843302453910194,0.24656481332860658,11.549233511282608,0.1411625296368587,3.624585055976034,0.049110653019957706
1.0365321883776653,-0.5235987755982987,23.995254598487996,0.4830328018417679,12.133369178378159,0.27881694518770156,3.8061785135986157,0.09677065440730438
1.166446554092426,-0.5235987755982987,25.440060672759223,0.869159160092525,12.861455823559478,0.5042521956479455,4.035702269906664,0.17641725168739456
1.3126438125222553,-0.5235987755982987,27.222423681854526,1.461171838130391,13.763453035567867,0.855279859978998,4.317794559770988,0.3004963393056148
1.4771647895120215,-0.5235987755982987,29.44517183148641,2.34430227407059,14.890094082305593,1.387462785540847,4.669531220773673,0.490113850253218
1.6623060990028473,-0.5235987755982987,32.215818440785675,3.6177535812887402,16.285418634266776,2.1636466814638164,5.110918398731118,0.7741715047302714
1.8706522023821734,-0.5235987755982987,35.63490293293748,5.377013349889221,18.018240951970824,3.267571077729479,5.655365330536603,1.182377870258322
2.1051114860111477,-0.5235987755982987,39.88595644961126,7.746502596121233,20.168006014777472,4.795064358665632,6.329773012495805,1.7582308928553716
2.368956860549917,-0.5235987755982987,45.1752418776705,10.832617367968574,22.852911903014604,6.868107202692845,7.169787454515432,2.558638390169847
2.6658714488230206,-0.5235987755982987,51.74014750086896,14.694108485711421,26.171800346447615,9.57832278100882,8.214072084011615,3.6479984504761624
3.0,-0.5235987755982987,59.97528126292691,19.372865290845922,30.316652055285072,13.056087780303203,9.521535790121979,5.1141117505707525
-3.0,-0.4737322255413179,99.13219979203897,36.45410884497538,50.09295296361736,28.491828718438008,15.64964743964245,12.616697010933157
-2.6658714488230206,-0.4737322255413179,83.69793541182244,30.800439203634415,42.18606781987085,22.72259988284894,13.200870281057115,9.55919950804986
-2.368956860549917,-0.4737322255413179,71.26537197974038,25.233386214033896,36.06635836559971,17.84823512847443,11.278707234961969,7.197654879513668
-2.1051114860111477,-0.4737322255413179,61.671529383562806,20.298822420584195,31.18522457039386,13.786854988458067,9.75275708294694,5.382153622719091
-1.8706522023821734,-0.4737322255413179,54.08327809176378,16.051804554041063,27.373424762413745,10.581368766979462,8.557391497929938,4.023664847343999
-1.6623060990028473,-0.4737322255413179,48.18448422706954,12.60810689216083,24.357609107422622,8.082540717524747,7.6323246544158145,3.0301558571719545
-1.4771647895120215,-0.4737322255413179,43.47953720949641,9.834711795691767,21.97138401528519,6.171940102712044,6.889524756269757,2.282846569266755
-1.3126438125222553,-0.4737322255413179,39.73982809249408,7.662811862717781,20.09822939939156,4.743315587135766,6.292614439392897,1.7247813025996608
-1.166446554092426,-0.4737322255413179,36.84344064956191,6.034560927366164,18.623957493034844,3.682675876282356,5.837862199972365,1.331281809828255
-1.0365321883776653,-0.4737322255413179,34.52040367910203,4.78539415731211,17.45124338546315,2.89176064600616,5.471198301449682,1.0379475947969792
-0.9210871889273549,-0.4737322255413179,32.67432711991622,3.8432573901110594,16.518403502223798,2.3039169650366396,5.17458137156029,0.8188485511630493
-0.8185000129460304,-0.4737322255413179,31.195070150518795,3.1296929369714683,15.7782565211953,1.8682969660393094,4.948262424087682,0.6640890804655657
-0.7273386051246984,-0.4737322255413179,29.979126119036266,2.576438856307462,15.162848272680813,1.5298575397748477,4.757870582140113,0.5431379813548602
-0.6463304070095649,-0.4737322255413179,28.988195400182725,2.1513528515661324,14.662139302295378,1.2722877931978578,4.598294852990788,0.44886422040627516
-0.5743445928509872,-0.4737322255413179,28.132086943920804,1.8051640739557875,14.223290966371563,1.0609621929950597,4.458024145686568,0.37177015751477926
-0.5103762839557767,-0.4737322255413179,27.37828467156699,1.518253748741586,13.842951884165407,0.8896272335997757,4.345742396235934,0.3142192633670178
-0.4535325211846986,-0.4737322255413179,26.706440156343948,1.2779947728184118,13.503561642565037,0.7466916698477084,4.234140138404449,0.26090900002048373
-0.40301979977966995,-0.4737322255413179,26.08958250850922,1.071294754106273,13.186599307002858,0.622247390866878,4.135398674938852,0.21715843862967948
-0.35813299251433084,-0.4737322255413179,25.499565348830775,0.886983610403787,12.898878709043252,0.5173152221064513,4.043705295411639,0.1795560984821391
-0.3182455065418344,-0.4737322255413179,24.951207655988306,0.7282635196790466,12.625430227533732,0.42508213089777547,3.957439968510315,0.14697182029345449
-0.2828005365353655,-0.4737322255413179,24.45033675969306,0.5945794555557316,12.36284332258497,0.34376401191934447,3.8780534899818515,0.11949016917960127
-0.2513032920204875,-0.4737322255413179,23.972342016417635,0.4776760485399678,12.128342054131183,0.2774601271704043,3.8063661565879636,0.09682721782450834
-0.22331409039755062,-0.4737322255413179,23.539474191731834,0.38132024947266596,11.907101530898364,0.22063607749578018,3.735881820702955,0.07662053620582387
-0.19844221923690444,-0.4737322255413179,23.143023396669843,0.3014233924050224,11.708286527374726,0.17453124929519068,3.672753023161814,0.06033876332353147
-0.17634048216824733,-0.4737322255413179,22.79061778428296,0.2374300915017065,11.526694413494775,0.13669332799587272,3.6180240594831816,0.04766314659176397
-0.15670035222800524,-0.4737322255413179,22.47079072240917,0.18532762195983246,11.36948338335425,0.10735381825836868,3.5664554184970645,0.03698383229423951
-0.13924766500838334,-0.4737322255413179,22.188138537719816,0.14419882886756372,11.226113959192515,0.0834567351235054,3.5223975928009237,0.02886078874706451
-0.12373879148704055,-0.4737322255413179,21.941518226189693,0.11221378626242377,11.098253411476508,0.06451539288365529,3.4834101284011427,0.022462566119203855
-0.10995723711238882,-0.4737322255413179,21.72368971805726,0.08707918169256829,10.988174330309514,0.05004729951636,3.4473365994646366,0.01721920285406204
-0.09771061966979347,-0.4737322255413179,21.531786431237673,0.06742357817737617,10.892190370668086,0.03885374184347029,3.417695162036856,0.013407968937811628
-0.0868279837415025,-0.4737322255413179,21.364517604855287,0.05223716534436225,10.807387662329695,0.030089405295420046,3.3918838073199074,0.010461448065686035
-0.07715741427178036,-0.4737322255413179,21.219105779594866,0.04053869118426213,10.732933663040923,0.02328095345517588,3.3681826647749835,0.008066035038880603
-0.06856391592404971,-0.4737322255413179,21.092138759118868,0.03148858024808382,10.66815426241761,0.01804236943816047,3.3473496808553262,0.006209359401309434
-0.06092752862714207,-0.4737322255413179,20.980800362582553,0.024460104609248575,10.611867613370416,0.014015609514559383,3.3296731710201453,0.004818967712150684
-0.0541416530048151,-0.4737322255413179,20.88305473934877,0.01899860275041708,10.562754584279412,0.0109058437261433,3.3145124881391292,0.0037632735874320333
-0.04811156231253989,-0.4737322255413179,20.797329393599377,0.014760995573701552,10.51970335698737,0.008492772953457493,3.301169983156709,0.0029397174244066163
-0.04275308010908995,-0.4737322255413179,20.722247767283545,0.01147805315018317,10.481870294931472,0.006615785921145351,3.289284617139345,0.002290019577981217
-0.0379914052040221,-0.4737322255413179,20.656530590161058,0.008936085189550231,10.448603440256825,0.0051552077653419116,3.278728036855774,0.001779767807069371
-0.03376006747802295,-0.4737322255413179,20.598994411235587,0.006966745474100753,10.41936134970794,0.00401915296205052,3.2694277043278976,0.0013826691091215646
-0.03,-0.4737322255413179,20.54857299849932,0.005439002303377088,10.393667466306805,0.0031358347183017142,3.2612862618925265,0.0010756098050899157
0.03,-0.4737322255413179,19.833317711621753,0.004400004437511906,10.029857550946465,0.0025286664985620117,3.147191796534234,0.0008710221595602117
0.03376006747802295,-0.4737322255413179,19.794541328027105,0.0054832245898683,10.010199643584128,0.0031485527770422125,3.1408646719664075,0.0010899422247320643
0.0379914052040221,-0.4737322255413179,19.75175903758563,0.006818976230709489,9.98853690870626,0.003911548111771047,3.1339113364093274,0.0013592245892636514
0.04275308010908995,-0.4737322255413179,19.704694013480726,0.00845980585145479,9.964706177950054,0.004848143205196817,3.126369827245331,0.0016854109393530025
0.04811156231253989,-0.4737322255413179,19.653126127561574,0.010464982102235428,9.93854192348214,0.005994416548608321,3.1182915504208206,0.0020744035005134825
0.0541416530048151,-0.4737322255413179,19.596950831648524,0.01289770510925573,9.909912643933989,0.0073910033099334705,3.1096517825301535,0.0025359979214333384
0.06092752862714207,-0.4737322255413179,19.536242370708088,0.015820054928341324,9.878800771019783,0.009078429948292156,3.1002390986317367,0.003092803443443994
0.06856391592404971,-0.4737322255413179,19.471268097359236,0.01928794557702109,9.845408384005408,0.011087652899320835,3.0897262257054607,0.0037815841309635076
0.07715741427178036,-0.4737322255413179,19.402382661157763,0.023351946803603984,9.81018068391107,0.01343134434537267,3.0781528565441767,0.004622053247907509
0.0868279837415025,-0.4737322255413179,19.329845901254426,0.028066137933721695,9.773565680848886,0.01611310906975799,3.066357547223149,0.005567967871245508
0.09771061966979347,-0.4737322255413179,19.253943798284947,0.033481051202097815,9.735572152867775,0.019162939444927158,3.0549040742809557,0.0065734456870913316
0.10995723711238882,-0.4737322255413179,19.175909270891484,0.03956704187618517,9.695963357915968,0.022634627773181523,3.042462564433537,0.007763556697025354
0.12373879148704055,-0.4737322255413179,19.0988243669178,0.04610072812146779,9.655919276252812,0.0264504603213934,3.029212131869322,0.009144100053598407
0.13924766500838334,-0.4737322255413179,19.02595738580025,0.05275841521156416,9.618614895837661,0.030284562690962365,3.018578102370324,0.010337094744176802
0.15670035222800524,-0.4737322255413179,18.959031742984106,0.05928944319077112,9.585124624814842,0.03395817645911324,3.007103769438604,0.011709999034550233
0.17634048216824733,-0.4737322255413179,18.904387519430678,0.06491999901596533,9.555763983190978,0.03736041711230238,2.998420708190369,0.012808435189048771
0.19844221923690444,-0.4737322255413179,18.869316652758,0.06867583234605598,9.537948298256882,0.03950809814743162,2.991997015506955,0.013654249683591694
0.22331409039755062,-0.4737322255413179,18.85341552956522,0.07041550602080336,9.530925327077552,0.04037206795860836,2.991041575392262,0.01378247426601849
0.2513032920204875,-0.4737322255413179,18.881200341561666,0.06739068738876304,9.5426511196901,0.03893504494888342,2.9926186692510646,0.01357115789028555
0.2828005365353655,-0.4737322255413179,18.946092881749458,0.06059837399665659,9.577067967154271,0.034874815339813764,3.0043108162256877,0.0120577054018078
0.3182455065418344,-0.4737322255413179,19.08169466986847,0.047623582313963665,9.644460682277561,0.027599375863024512,3.025769872469014,0.00952195361810354
0.35813299251433084,-0.4737322255413179,19.28641522447011,0.03110388081876104,9.747268942136373,0.018194886497338785,3.0596374694281696,0.006147476699668455
0.40301979977966995,-0.4737322255413179,19.59390009247428,0.013037270492231866,9.901881008400112,0.007809642426526413,3.1070015835190903,0.002687068889902287
0.4535325211846986,-0.4737322255413179,20.020314433160618,0.0008584855272239089,10.117395286461937,0.0005976551675803239,3.173474294198941,0.00022565142228881473
0.5103762839557767,-0.4737322255413179,20.598927469295887,0.006964594214841684,10.409174089593439,0.003656034665839641,3.2663148798865245,0.0012607844082195825
0.5743445928509872,-0.4737322255413179,21.364462148000428,0.05223243540852854,10.79685707738882,0.02907577135138622,3.3868776221568737,0.00993058755253179
0.6463304070095649,-0.4737322255413179,22.361139093014938,0.1688148669025104,11.301617412384592,0.09569647258183109,3.546892467552579,0.03326152148770786
0.7273386051246984,-0.4737322255413179,23.6299135417792,0.400680363681086,11.94169540470202,0.22914386142351967,3.748882547515616,0.08018903078392325
0.8185000129460304,-0.4737322255413179,25.244670253807076,0.811647737165325,12.758552676989426,0.46904609643324957,4.004511774677114,0.1644084726311768
0.9210871889273549,-0.4737322255413179,27.272612120086347,1.4794659552782146,13.786757953635163,0.8652947912775886,4.327341013445699,0.3051562592705568
1.0365321883776653,-0.4737322255413179,29.82839924970111,2.51020479328783,15.081696616913423,1.486982501232072,4.731233949273393,0.5269362013398005
1.166446554092426,-0.4737322255413179,33.03981066261493,4.025585248579522,16.70296763060501,2.4169759564311493,5.241267913459986,0.8665669008933312
1.3126438125222553,-0.4737322255413179,37.033612646879966,6.13937110169493,18.72222399684614,3.7512488679876905,5.874056554453742,1.3614612778009185
1.4771647895120215,-0.4737322255413179,42.033290793065525,8.988528701663856,21.256001704356574,5.617321005419386,6.666029525869749,2.068930231007679
1.6623060990028473,-0.4737322255413179,48.29705467119146,12.674455683494926,24.414909811515397,8.129327141229927,7.662255268870232,3.0613078332536325
1.8706522023821734,-0.4737322255413179,56.089637837085355,17.199288295735627,28.361511525430032,11.410551281931106,8.900828508249067,4.406554327479706
2.1051114860111477,-0.4737322255413179,65.83884089375874,22.507838350326587,33.29132347517109,15.551645774793094,10.447228636378282,6.199437665566369
2.368956860549917,-0.4737322255413179,78.03829599608306,28.3834874150415,39.478079001946206,20.603625920315018,12.385397234357121,8.550388830805623
2.6658714488230206,-0.4737322255413179,93.27428867794418,34.46171936929993,47.17520346186964,26.440204762977707,14.808426567488237,11.564142279535698
3.0,-0.4737322255413179,112.44803584149582,40.369516807698545,56.84193930826049,32.87025028563263,17.84917996471428,15.361567302717635
-3.0,-0.42386567548433707,164.96724435735044,50.1176701952332,83.40266600918348,45.35931768944955,26.087707869502907,25.21712854412519
-2.6658714488230206,-0.42386567548433707,135.923755729918,45.61853322698754,68.55891877027716,39.255346926161806,21.470693352045643,19.80166284806676
-2.368956860549917,-0.42386567548433707,112.68891899939493,40.43325508119635,57.03446684383319,32.98753389739886,17.849791842576305,15.362327521702332
-2.1051114860111477,-0.42386567548433707,94.64476866420884,34.943926978690314,47.86002090586742,26.930128563132584,14.982731280198205,11.782184409909966
-1.8706522023821734,-0.42386567548433707,80.396630144289,29.414210149697986,40.688710595495046,21.559048473405944,12.730667620952953,8.976534389392747
-1.6623060990028473,-0.42386567548433707,69.27609537215439,24.254740161091824,35.02575973436093,16.991910592696268,10.978657208924677,6.8353081933387045
-1.4771647895120215,-0.42386567548433707,60.44183714944354,19.629020317043107,30.54587574123383,13.249031640969877,9.58120081639992,5.183063553602483
-1.3126438125222553,-0.42386567548433707,53.442094309947805,15.682001905878806,27.029459880529842,10.293525110684447,8.463220849963976,3.919880646623988
-1.166446554092426,-0.42386567548433707,47.999263899625255,12.498912297418823,24.262900654368202,8.005287727286424,7.606546767704216,3.0033852952881124
-1.0365321883776653,-0.42386567548433707,43.661371037683324,9.941481942382893,22.072603176927856,6.2512007368706275,6.920243039757625,2.3126779754873485
-0.9210871889273549,-0.42386567548433707,40.22944869710434,7.943698131447578,20.338503847216945,4.922040234021873,6.370996963004644,1.795553813021205
-0.8185000129460304,-0.42386567548433707,37.50217501469297,6.3990249941271635,18.969537871641016,3.9252656403921247,5.949326879519302,1.4248827666898036
-0.7273386051246984,-0.42386567548433707,35.29682953293782,5.195942661471276,17.852788305556683,3.156573804056081,5.602767158317207,1.1405110746812523
-0.6463304070095649,-0.42386567548433707,33.52524054990362,4.2710908240195735,16.957935991719943,2.575874408974047,5.318271218251138,0.9228032819633784
-0.5743445928509872,-0.42386567548433707,32.04090538630881,3.532716227314411,16.198766266461178,2.1121957044792317,5.07670205149641,0.7505221936008609
-0.5103762839557767,-0.42386567548433707,30.77525879881865,2.9350153412837314,15.559807260710015,1.7455486512201595,4.885556769668876,0.6232802349427644
-0.4535325211846986,-0.42386567548433707,29.682678124610263,2.4466930592254243,15.007458091371737,1.44813468821274,4.705453893135586,0.5114300791989643
-0.40301979977966995,-0.42386567548433707,28.71109506455102,2.0370550570389523,14.509660237362324,1.1972733602619525,4.549986891889269,0.4216833972295819
-0.35813299251433084,-0.42386567548433707,27.811103506589,1.680846134444769,14.068584492879651,0.9898973818934422,4.409616710925412,0.34649082498222245
-0.3182455065418344,-0.42386567548433707,26.991805525983448,1.3781843235631654,13.65924684664361,0.8110523454109454,4.280601023676478,0.28261687757829657
-0.2828005365353655,-0.42386567548433707,26.253549491773736,1.1248818131558864,13.273543836914618,0.6554819256317094,4.163584283780255,0.22930957331189383
-0.2513032920204875,-0.42386567548433707,25.55868052522569,0.9048328515461128,12.931840000940031,0.5289342640942282,4.058807357653726,0.185542668310052
-0.22331409039755062,-0.42386567548433707,24.9333603671922,0.7233106795734038,12.612477580748164,0.4209012496491058,3.9571260937481663,0.14685836423100615
-0.19844221923690444,-0.42386567548433707,24.36381184027628,0.5726272875184897,12.326811499604958,0.33318104574824725,3.8665244227775,0.11570519761993094
-0.17634048216824733,-0.42386567548433707,23.85901560721705,0.4515557029724159,12.06699978010421,0.26113629417906326,3.787966308962818,0.0913504022926152
-0.15670035222800524,-0.42386567548433707,23.402695697636137,0.352832405862476,11.84229064500978,0.2050808039207576,3.714497314455138,0.07090960295873551
-0.13924766500838334,-0.42386567548433707,23.000235751824942,0.2746803550710979,11.638289067081159,0.15945396535694564,3.6516717781231764,0.05529529020980324
-0.12373879148704055,-0.42386567548433707,22.649661618104584,0.21375255059797887,11.456820455288481,0.12325465343146579,3.596261917525998,0.04300458198215726
-0.10995723711238882,-0.42386567548433707,22.340814482838642,0.16583125826560247,11.300728012316997,0.09554779981106871,3.545236596443933,0.03295487937145977
-0.09771061966979347,-0.42386567548433707,22.069395440232082,0.12833744380238873,11.164899226747362,0.07410544499900726,3.5032347170166385,0.025622105489710847
-0.0868279837415025,-0.42386567548433707,21.83328513222475,0.09935441063582975,11.045225191542098,0.057330557081613116,3.466748693857441,0.019959054711499242
-0.07715741427178036,-0.42386567548433707,21.628425149307876,0.07702676282651758,10.940403444533754,0.044308857839810784,3.433409102147259,0.015371999078117808
-0.06856391592404971,-0.42386567548433707,21.449941485519485,0.05976382711849271,10.849376305367805,0.03429566006923173,3.4041682641937685,0.011820191333427375
-0.06092752862714207,-0.42386567548433707,21.293792509793786,0.04637089962808521,10.770429558001803,0.026605271447547627,3.379371742331951,0.009159583575344962
-0.0541416530048151,-0.42386567548433707,21.15701822329894,0.035976340017458225,10.701682279602213,0.020673509192239925,3.358130612049441,0.007140903714920486
-0.04811156231253989,-0.42386567548433707,21.037314755992924,0.027920909810741353,10.641546695988975,0.016077610811242468,3.3394815611886584,0.005569375236912923
-0.04275308010908995,-0.42386567548433707,20.932672708618014,0.021687608674341816,10.588809010411891,0.012508437654700263,3.3229141849301818,0.004332628871672594
-0.0379914052040221,-0.42386567548433707,20.841240719806507,0.01686679083671041,10.54252573401882,0.009735404973171519,3.308233377599593,0.0033633370901985865
-0.03376006747802295,-0.42386567548433707,20.761319297657625,0.013136265459342416,10.50191331805428,0.007581656324177987,3.2953229185518667,0.00261017387671649
-0.03,-0.42386567548433707,20.691385708418082,0.010245585233280084,10.46628527082872,0.005909318978333235,3.2840370351053942,0.002028492844967721
0.03,-0.42386567548433707,19.714926323241183,0.008087751774857073,9.969637933214704,0.004645929820934448,3.1282698847374464,0.0015998737056869224
0.03376006747802295,-0.42386567548433707,19.663173134277525,0.01005724061999633,9.943398087569275,0.005772300989465062,3.119825458333398,0.0019973818622645643
0.0379914052040221,-0.42386567548433707,19.606277565983575,0.012475794817933478,9.914584861784505,0.0071528904144791666,3.110577936265494,0.00248425500123279
0.04275308010908995,-0.42386567548433707,19.543952148494824,0.015431956664467632,9.883021924564133,0.008839075733863326,3.100590359863252,0.0030710106932005567
0.04811156231253989,-0.42386567548433707,19.476010723599753,0.019022853973857473,9.84854318153681,0.01089026691289779,3.0899470428794094,0.0037663876998310095
0.0541416530048151,-0.42386567548433707,19.402453931349086,0.02334753489767826,9.81104511264007,0.013371066712433915,3.0786359825979,0.004585236601953895
0.06092752862714207,-0.42386567548433707,19.32356202328892,0.02849565538128237,9.770597592234308,0.016341538939547023,3.066404828510859,0.005563995228056927
0.06856391592404971,-0.42386567548433707,19.23992485675241,0.034535481741704094,9.72758923428587,0.019838552153133945,3.052859256213297,0.006762023736277647
0.07715741427178036,-0.42386567548433707,19.152316171799086,0.04151147247398903,9.68276382776569,0.023858289456841923,3.0381056678611986,0.00820457810573666
0.0868279837415025,-0.42386567548433707,19.061473394825494,0.049454650546433145,9.636909600167908,0.02837043032581297,3.023317709057473,0.009795978624387561
0.09771061966979347,-0.42386567548433707,18.968287243477292,0.0583623533219685,9.590290254974859,0.03337718731236018,3.009309484264905,0.011439151917101613
0.10995723711238882,-0.42386567548433707,18.87504991897758,0.06805421602643438,9.542928940777253,0.03890132924073039,2.9944249755888186,0.01333122914214481
0.12373879148704055,-0.42386567548433707,18.786661722893108,0.0779704214419795,9.496821604551346,0.04470768024368087,2.979064042310825,0.015443342553607832
0.13924766500838334,-0.42386567548433707,18.708458108268353,0.08734190327289912,9.456677816440886,0.050110918711540234,2.967881222884681,0.017083842281101394
0.15670035222800524,-0.42386567548433707,18.644036452169026,0.09548777876917092,9.424548529709572,0.054670926475270026,2.956516436073172,0.018840631340782864
0.17634048216824733,-0.42386567548433707,18.60342552967252,0.10082221284951962,9.40173557452354,0.05803677252384773,2.950086423103032,0.019874872297198382
0.19844221923690444,-0.42386567548433707,18.598137301086048,0.10152824461605228,9.398995947928475,0.05844816581829617,2.948093381964631,0.020201381644653342
0.22331409039755062,-0.42386567548433707,18.630360709039927,0.09726687795444325,9.416584203036606,0.05583386858954907,2.955311637628585,0.01903219559060713
0.2513032920204875,-0.42386567548433707,18.7352980336878,0.08406190377415657,9.46666541073805,0.04873617342243817,2.9682524878542234,0.017027978773457325
0.2828005365353655,-0.42386567548433707,18.90817643103643,0.0645208996760047,9.556172260988104,0.03731193780552992,2.9974836182919353,0.012930060113933065
0.3182455065418344,-0.42386567548433707,19.197865192075223,0.0378011820560334,9.701129620864313,0.022164797352014445,3.043394260332599,0.007670884241041653
0.35813299251433084,-0.42386567548433707,19.60859934636103,0.012371881953901697,9.907898780525242,0.007494866110927158,3.1103421919192735,0.0024973740933313254
0.40301979977966995,-0.42386567548433707,20.19111166442703,1.822258202419079e-05,10.201392776966605,3.501251907060856e-08,3.2009433038530646,1.2042998158954619e-09
0.4535325211846986,-0.42386567548433707,20.976524271886007,0.024207249324288853,10.598513668044006,0.01313261894694951,3.3241001938163817,0.00441614541092806
0.5103762839557767,-0.42386567548433707,22.02023022652276,0.1220200108473181,11.12528585569376,0.06833046384223734,3.491234170576118,0.023686175471204822
0.5743445928509872,-0.42386567548433707,23.38296623778429,0.3488026714324308,11.81519253123796,0.19872665543670112,3.7061470634958193,0.0687336416984088
0.6463304070095649,-0.42386567548433707,25.141415058231416,0.7818942142395585,12.705302349291292,0.45124387419378775,3.9875329744524963,0.1580230142288736
0.7273386051246984,-0.42386567548433707,27.37310026627788,1.5163423130372027,13.832286650489712,0.8849891884477272,4.342568839671752,0.3126486773565231
0.8185000129460304,-0.42386567548433707,30.207261785701988,2.6777127168055213,15.265528787294596,1.5847107475319298,4.791387589178579,0.5637818758711005
0.9210871889273549,-0.42386567548433707,33.77043613190478,4.396479706216114,17.070373131752312,2.6469135218258533,5.358501533507619,0.9526554321495517
1.0365321883776653,-0.42386567548433707,38.26153680150679,6.823788594383569,19.344869354272014,4.193115222475872,6.069118487293321,1.5275995518745755
1.166446554092426,-0.42386567548433707,43.91188437233113,10.088690838299826,22.199773602730897,6.351042278586285,6.966371659538566,2.3576628258695127
1.3126438125222553,-0.42386567548433707,50.96912695937953,14.243933699406544,25.766546426449384,9.241914148523612,8.08523419757769,3.509027539748299
1.4771647895120215,-0.42386567548433707,59.82356537692517,19.289333043373603,30.25329914947504,13.002754451592901,9.488589509261438,5.076103319017627
1.6623060990028473,-0.42386567548433707,70.94818125071788,25.07895310945764,35.86753605433629,17.685128807694102,11.256375890126114,7.170612397863903
1.8706522023821734,-0.42386567548433707,84.84719626754057,31.267730717559125,42.9043056517598,23.273240186171506,13.463380789216917,9.885459958169793
2.1051114860111477,-0.42386567548433707,102.29425693224937,37.4575764820614,51.72676894314506,29.599253388782262,16.230459475172736,13.343199382851719
2.368956860549917,-0.42386567548433707,124.19132814188565,43.22216312102659,62.82566332053467,36.31952827122524,19.709859546959915,17.659443703339193
2.6658714488230206,-0.42386567548433707,151.6270036493469,48.26483628324917,76.6809104270422,42.84261054091357,24.07242884068634,22.893091457344262
3.0,-0.42386567548433707,186.20930031715375,52.507309313364125,94.13148697480158,48.665772769031896,29.553524378759,29.0514908072089
-3.0,-0.37399912542735625,249.9800398154021,57.14805929758554,126.42531201409874,55.04862430173149,39.57942023132615,38.84733650707317
-2.6658714488230206,-0.37399912542735625,203.2157476678612,54.046379956103024,102.55555661636969,50.763558072731946,32.137089591444166,31.765672339958996
-2.368956860549917,-0.37399912542735625,165.94139912443705,50.24109671592082,83.9898863197093,45.56164107353482,26.302634219906455,25.461040963684084
-2.1051114860111477,-0.37399912542735625,136.89333064236376,45.79910121978388,69.22658377816519,39.57474503808264,21.689271513062476,20.064972700218966
-1.8706522023821734,-0.37399912542735625,113.97530785576842,40.76971138276709,57.67886667943199,33.37701617979335,18.0600715178067,15.623432935986235
-1.6623060990028473,-0.37399912542735625,96.04801965312542,35.42734858246334,48.569106737340185,27.432025153615044,15.228578141692111,12.089792744625878
-1.4771647895120215,-0.37399912542735625,81.83595133751881,30.026650715007086,41.362699368789336,22.085340881131472,12.97799100521387,9.282711040420892
-1.3126438125222553,-0.37399912542735625,70.59340363735527,24.9054930931469,35.705756603400815,17.552229247043034,11.181817393685515,7.0804094098859185
-1.166446554092426,-0.37399912542735625,61.83101620289839,20.38511470305291,31.255388444928013,13.845837497004934,9.800706137589309,5.438011874546518
-1.0365321883776653,-0.37399912542735625,54.87019590859386,16.503682180379467,27.740222870982983,10.888826803110767,8.69800767484781,4.1796228878404325
-0.9210871889273549,-0.37399912542735625,49.375306458145815,13.309209125603655,24.963759796556165,8.579145986290712,7.820458180387295,3.2271640502301646
-0.8185000129460304,-0.37399912542735625,45.027252817748405,10.745369564242004,22.77734722865349,6.807936327128116,7.144210835027561,2.533141502848341
-0.7273386051246984,-0.37399912542735625,41.54256171854979,8.702926854767624,21.01229491098423,5.4307718555107325,6.595449207696823,2.002563439495386
-0.6463304070095649,-0.37399912542735625,38.7656717656811,7.108248393266703,19.609911673759413,4.384843488851599,6.1502594135035284,1.59837425811728
-0.5743445928509872,-0.37399912542735625,36.481281152130954,5.8359279857397235,18.44325725277487,3.557451716701157,5.780055671104226,1.2835188261817245
-0.5103762839557767,-0.37399912542735625,34.573204694059,4.813067754330378,17.47961422369105,2.910251331654129,5.48928060317669,1.0518561737190497
-0.4535325211846986,-0.37399912542735625,32.96201062079795,3.9865879348028517,16.66466886170947,2.39337725024892,5.225106614956448,0.854917546199658
-0.40301979977966995,-0.37399912542735625,31.56306822648731,3.303321726359678,15.949388192037638,1.9663737266008026,5.001313282905427,0.6993341254296529
-0.35813299251433084,-0.37399912542735625,30.299989761967147,2.7192223355017466,15.327996909657132,1.618407113675859,4.803765486240376,0.5714773429880897
-0.3182455065418344,-0.37399912542735625,29.170778994297695,2.2277917216128142,14.762952778391904,1.3227833600138077,4.625796554181745,0.46462618316094356
-0.2828005365353655,-0.37399912542735625,28.166212202500436,1.8185623635138701,14.239505306227995,1.0685166219600755,4.466550278668124,0.3762946551841507
-0.2513032920204875,-0.37399912542735625,27.23270238713534,1.4649117703517869,13.77958603202913,0.8622079843909702,4.325184458244822,0.3041010678593141
-0.22331409039755062,-0.37399912542735625,26.398069359632647,1.1729370723540113,13.353552748558561,0.6866729985394309,4.189596982326082,0.2407649726948454
-0.19844221923690444,-0.37399912542735625,25.642008541710307,0.9302304877277002,12.974296781039792,0.5440559030455548,4.069420057901829,0.1897989333788179
-0.17634048216824733,-0.37399912542735625,24.97398491686306,0.7346043944606162,12.630771314407404,0.42681117597646273,3.965286911303595,0.14982043928711558
-0.15670035222800524,-0.37399912542735625,24.372297842136902,0.5747650477612761,12.334074144890312,0.3353027802022984,3.8685231733165106,0.11635757679936198
-0.13924766500838334,-0.37399912542735625,23.84268015878064,0.44784224794439115,12.065771105220126,0.2608137393322152,3.7857518644511847,0.090700787256276
-0.12373879148704055,-0.37399912542735625,23.382103652030004,0.3486269485998892,11.827645769244487,0.2016357553750572,3.7129713892508236,0.07050969086796915
-0.10995723711238882,-0.37399912542735625,22.977280952332418,0.27048382333796417,11.623029668943344,0.15624854183091955,3.6462070717965784,0.05402064207373929
-0.09771061966979347,-0.37399912542735625,22.622294006740386,0.2092851636591169,11.445314023829956,0.12110246974684338,3.591195527635776,0.041951699923437134
-0.0868279837415025,-0.37399912542735625,22.314050700912173,0.16193942383422313,11.289113717329409,0.09361613602182346,3.5435154900372563,0.032637556897182105
-0.07715741427178036,-0.37399912542735625,22.047090361978984,0.12545313402234606,11.152587677239067,0.07228723837591995,3.5001202858022156,0.02511282689032415
-0.06856391592404971,-0.37399912542735625,21.814968075565904,0.09725029342314118,11.034240639427846,0.055892092715015385,3.4621345193769204,0.01929047323808854
-0.06092752862714207,-0.37399912542735625,21.612320750838425,0.0753846892713749,10.931780401205767,0.04330827568768629,3.4299482382736257,0.014928463850624879
-0.0541416530048151,-0.37399912542735625,21.43518275212362,0.05842914423288339,10.842724374758632,0.03361181012156061,3.402413686466306,0.011621260261548364
-0.04811156231253989,-0.37399912542735625,21.28045106013956,0.045301655669024055,10.764974595115898,0.026108424307814706,3.3782914342173487,0.009051083211601692
-0.04275308010908995,-0.37399912542735625,21.145427538153143,0.03515356455093613,10.696918498037949,0.0202891510687918,3.3569122686078146,0.00703247628257624
-0.0379914052040221,-0.37399912542735625,21.02764286202867,0.02731296969026089,10.637297593075415,0.015773998302873526,3.338006559671497,0.0054531609801874385
-0.03376006747802295,-0.37399912542735625,20.924844051039752,0.021251891304138845,10.585067159813144,0.012271715319096998,3.321408254320754,0.0042277034918433735
-0.03,-0.37399912542735625,20.835021478635127,0.016560247837513642,10.539315372425914,0.009555608907810575,3.3069183222426086,0.0032823574609065634
0.03,-0.37399912542735625,19.599938035967554,0.012761791736687803,9.91114288554865,0.0073279193611538946,3.1098896220995145,0.002522658233317479
0.03376006747802295,-0.37399912542735625,19.53595124914361,0.01583480652164564,9.878697201084975,0.009084343902639912,3.099446809699845,0.0031422474690792584
0.0379914052040221,-0.37399912542735625,19.465865481701996,0.019592229816073847,9.843200381783198,0.011227775292925523,3.0880528161620338,0.003897766131354219
0.04275308010908995,-0.37399912542735625,19.389429088560565,0.024160977545683374,9.804486452900889,0.01383190005717494,3.0758027307491105,0.004803303337417694
0.04811156231253989,-0.37399912542735625,19.306548645192013,0.029675534686589757,9.762418687158126,0.01697960243816467,3.0628224781159026,0.005869129601398782
0.0541416530048151,-0.37399912542735625,19.217404094148748,0.03626499867811461,9.716959565345487,0.020757009352003895,3.0491239824891325,0.007113620197775587
0.06092752862714207,-0.37399912542735625,19.122574850956447,0.04403205843888568,9.668314327349364,0.025236276526376583,3.034429283047244,0.008586549249394124
0.06856391592404971,-0.37399912542735625,19.023090193527675,0.053030016653579655,9.617117760740724,0.03044409497233214,3.0182981238150393,0.010369533471282055
0.07715741427178036,-0.37399912542735625,18.920290320170306,0.06325360292098384,9.564485755692285,0.03633196795326247,3.0009296717219445,0.012485754845730147
0.0868279837415025,-0.37399912542735625,18.815577954659584,0.07464778104791497,9.511638468915484,0.042795394575623834,2.9838590172279957,0.014766545035568112
0.09771061966979347,-0.37399912542735625,18.710688749695862,0.08706676246200981,9.459213626484337,0.04975996070456464,2.9681800100377917,0.017038876797469012
0.10995723711238882,-0.37399912542735625,18.60927481379839,0.10004433845156896,9.407651706536516,0.057153646155658065,2.951965616717717,0.019569590146492642
0.12373879148704055,-0.37399912542735625,18.51841588883455,0.11249187135431421,9.359957521748104,0.06447861364225428,2.9359100130661293,0.02225869635915095
0.13924766500838334,-0.37399912542735625,18.44595583034333,0.12298121816939402,9.322589560641179,0.07054747623057595,2.925934858077923,0.024022123589722458
0.15670035222800524,-0.37399912542735625,18.397947755668536,0.130208327799118,9.298852590585614,0.07455436718997163,2.9168901992492042,0.025682992662791164
0.17634048216824733,-0.37399912542735625,18.388808806144144,0.1316092981987255,9.291426433409082,0.07583228602036043,2.915498518695561,0.025943801257837597
0.19844221923690444,-0.37399912542735625,18.43506364336412,0.12460145689226715,9.314793368567031,0.07185044847917921,2.9213902860551535,0.024849254060038496
0.22331409039755062,-0.37399912542735625,18.542701090225144,0.10908832557982062,9.370773724445467,0.06277621019094229,2.9411236476478018,0.021365368222867394
0.2513032920204875,-0.37399912542735625,18.758729749971256,0.08125286358662225,9.47643103541102,0.0474115110327149,2.9708476595375752,0.01664017785891303
0.2828005365353655,-0.37399912542735625,19.081975055836104,0.04759844707256835,9.642446130063291,0.02780400167906706,3.024321818929819,0.009683282319981069
0.3182455065418344,-0.37399912542735625,19.57843354415639,0.013756682151740704,9.891633499297992,0.008360918175045086,3.1030573908822445,0.0029201707277659575
0.35813299251433084,-0.37399912542735625,20.261063408424675,0.0003221140152333162,10.235695136158878,0.00010409196720733133,3.2135152854212232,4.7550011771289805e-05
0.40301979977966995,-0.37399912542735625,21.20049246612429,0.03914357984684216,10.70952841925312,0.021314132992468725,3.3603800139421143,0.007343197251807757
0.4535325211846986,-0.37399912542735625,22.447280753050133,0.1817283098911868,11.340074765097546,0.1022266830256162,3.556512209817831,0.035069015525227315
0.5103762839557767,-0.37399912542735625,24.08422075477251,0.5040714644413797,12.16667255885129,0.28787789779490397,3.818327137659073,0.10046279394334887
0.5743445928509872,-0.37399912542735625,26.204969568579987,1.108900743147659,13.240135713863232,0.6426297213172923,4.153062681177604,0.22474161622503197
0.6463304070095649,-0.37399912542735625,28.92725746307497,2.1260386839961205,14.617730186543941,1.2502696111106066,4.587827019134833,0.4429193828787367
0.7273386051246984,-0.37399912542735625,32.376285214763904,3.6962537265060265,16.360459534995982,2.2085210145362106,5.136280358066949,0.7918655540806164
0.8185000129460304,-0.37399912542735625,36.75126228182027,5.983882207075851,18.572498985867,3.646899193714943,5.829231781841907,1.3241165332691085
0.9210871889273549,-0.37399912542735625,42.25595202095179,9.118399450730575,21.359201785028354,5.6966981426776595,6.705194258428621,2.106008589600333
1.0365321883776653,-0.37399912542735625,49.19581365284969,13.2036544125484,24.872905543326297,8.504484217366628,7.804081006452725,3.2099029860080224
1.166446554092426,-0.37399912542735625,57.93521213668032,18.240296360817517,29.290537375135504,12.192141336200311,9.191706099016667,4.735815133387434
1.3126438125222553,-0.37399912542735625,68.87979948019711,24.056917881738148,34.821003842188404,16.82267402203029,10.927594592154682,6.773868937033052
1.4771647895120215,-0.37399912542735625,82.6318018298418,30.359924977398677,41.788808570267015,22.415926352200557,13.107901649498197,9.44380750211979
1.6623060990028473,-0.37399912542735625,99.94098923679375,36.71542969537336,50.52773490050836,28.78946322222682,15.85699166477747,12.876116799579155
1.8706522023821734,-0.37399912542735625,121.62338374148847,42.64051813628597,61.502789472963116,35.5915279472929,19.297921847431898,17.153385882312516
2.1051114860111477,-0.37399912542735625,148.89761145904893,47.8444804192581,75.29490726094218,42.27490259282385,23.62314175752805,22.366226100349927
2.368956860549917,-0.37399912542735625,183.18993124737068,52.20268965655658,92.67093911262141,48.260928663098014,29.07251699849807,28.53226872218538
2.6658714488230206,-0.37399912542735625,226.2407595632271,55.743365103010376,114.40701994266365,53.145736567948966,35.91747201844315,35.50237574084956
3.0,-0.37399912542735625,280.55747940805793,58.58765601233325,141.8305577297769,56.947607732996275,44.523205104801114,42.927515068131186
-3.0,-0.32413257537037543,353.3860696959428,60.9631332462243,178.76314144128935,59.98307617030649,55.999426853185334,50.507041603620536
-2.6658714488230206,-0.32413257537037543,284.966058789972,58.768218894257316,143.86818715845274,57.16332641610831,45.10308437606203,43.37330998439214
-2.368956860549917,-0.32413257537037543,230.55320898587345,56.02139637418607,116.69468877927271,53.54290850833093,36.562321852369294,36.11120409690063
-2.1051114860111477,-0.32413257537037543,188.05663221616092,52.688645833713835,95.10251868769605,48.92777015041201,29.814748680410133,29.331667943992407
-1.8706522023821734,-0.32413257537037543,154.54392277146943,48.69762388843608,78.20455317216481,43.446785150711655,24.50160245428467,23.393471331420024
-1.6623060990028473,-0.32413257537037543,128.2917446729218,44.10642546548237,64.88196030531404,37.412992617177295,20.348776590198828,18.44085474183992
-1.4771647895120215,-0.32413257537037543,107.50552016444041,39.0086186462754,54.34264368303219,31.30932986844255,17.054886695692137,14.372759972778667
-1.3126438125222553,-0.32413257537037543,91.0779676194831,33.667734590510705,46.06845222163813,25.63775536317111,14.429942668047442,11.09094099120328
-1.166446554092426,-0.32413257537037543,78.2542633745063,28.47929170883191,39.55867689263322,20.667623753278207,12.40683767456277,8.576803618203476
-1.0365321883776653,-0.32413257537037543,68.08648684033783,23.65808292516106,34.423485369829194,16.493470521821877,10.794839478620588,6.6144612811989765
-0.9210871889273549,-0.32413257537037543,60.06966747782358,19.424774826030458,30.372719776088474,13.103285674715774,9.516188550592602,5.107939704449559
-0.8185000129460304,-0.32413257537037543,53.74138898077514,15.85479371765804,27.18698851273072,10.425289280164296,8.528262065644142,3.991503969519041
-0.7273386051246984,-0.32413257537037543,48.69678788934761,12.909947721617758,24.631456262342148,8.306446720679421,7.732759686141893,3.1349770982392084
-0.6463304070095649,-0.32413257537037543,44.69621821266885,10.550291406226616,22.61130716409381,6.676032975427486,7.092113779470551,2.481405845177891
-0.5743445928509872,-0.32413257537037543,41.44365248008222,8.645473552127397,20.951919503042888,5.384757202105625,6.56654039577867,1.975551771011154
-0.5103762839557767,-0.32413257537037543,38.76442679607557,7.107543663860213,19.59848617359912,4.37653596670263,6.155673455369635,1.603130182124597
-0.4535325211846986,-0.32413257537037543,36.537333549361314,5.8665860355865975,18.47162992100961,3.5770377957190878,5.791962144911001,1.2933121755392987
-0.40301979977966995,-0.32413257537037543,34.63829097201139,4.847231061224308,17.50216678591042,2.9249742636162797,5.488235973612576,1.0510510128205006
-0.35813299251433084,-0.32413257537037543,32.95865936561949,3.9849103417248846,16.673322297452543,2.398703014612448,5.2249602739180405,0.854812307401837
-0.3182455065418344,-0.32413257537037543,31.48031433122363,3.26404124833312,15.932628343219386,1.9566958101668526,4.991795893179242,0.6929633452319462
-0.2828005365353655,-0.32413257537037543,30.18052653513055,2.665781525866126,15.256820509336423,1.5800327771241356,4.7857225509808465,0.5602726966820546
-0.2513032920204875,-0.32413257537037543,28.986934137130667,2.150827902076277,14.667822271965504,1.275115439572905,4.604316443799355,0.4522976472480788
-0.22331409039755062,-0.32413257537037543,27.926686974188478,1.7252531236858837,14.126850272552765,1.0164448152265568,4.432204019960632,0.3581994028012954
-0.19844221923690444,-0.32413257537037543,26.971406809588235,1.3709298730905068,13.647613386311013,0.8061714634928684,4.280458785222809,0.28254935089657285
-0.17634048216824733,-0.32413257537037543,26.13007171479738,1.0844339238243816,13.215262788117414,0.6331273348987808,4.1491227659377286,0.22304088009113274
-0.15670035222800524,-0.32413257537037543,25.374889620951386,0.8498024666636347,12.842456381245546,0.49767285559146535,4.027787609889045,0.17333608933330455
-0.13924766500838334,-0.32413257537037543,24.71145463926329,0.6628856344907033,12.506528568063391,0.38735771694572707,3.924000956709024,0.1350970960304313
-0.12373879148704055,-0.32413257537037543,24.135438602943363,0.5163548573519479,12.209009512642863,0.2995772672100885,3.8329975934154237,0.10500228406463771
-0.10995723711238882,-0.32413257537037543,23.630215636915135,0.4007457246472149,11.953627743704384,0.23211125222905218,3.7497929761493016,0.08044164561355127
-0.09771061966979347,-0.32413257537037543,23.18806440921685,0.3100857422022475,11.732211546339846,0.17982421800278747,3.6811939447170143,0.06241400810569991
-0.0868279837415025,-0.32413257537037543,22.80478090840199,0.2398706232460669,11.538023951063836,0.13893167998614403,3.6218604676866892,0.04850713905451509
-0.07715741427178036,-0.32413257537037543,22.473389584984034,0.1857274644895338,11.368620372763084,0.10720172055211583,3.568043990948845,0.03729411730746197
-0.06856391592404971,-0.32413257537037543,22.185775375832335,0.1438748934713457,11.22201759331695,0.08281488151180645,3.521019548441594,0.02862187775616516
-0.06092752862714207,-0.32413257537037543,21.935166533061793,0.11143908151852225,11.095303893715029,0.06410533552408804,3.4812094253538666,0.022123905879595274
-0.0541416530048151,-0.32413257537037543,21.716517559080035,0.08630227543073798,10.98535911577183,0.04969998368343137,3.447197907005427,0.01720031789913703
-0.04811156231253989,-0.32413257537037543,21.5258645162375,0.06685472461084377,10.88954425176423,0.038564197333871876,3.4174604103117168,0.013379599508254746
-0.04275308010908995,-0.32413257537037543,21.35976970776719,0.05183295294805711,10.805822087332443,0.02993765819319907,3.391160438095739,0.010383921048017872
-0.0379914052040221,-0.32413257537037543,21.215104295191566,0.04023679855767733,10.732597845981651,0.023252143705725356,3.367946681933644,0.008043693547974753
-0.03376006747802295,-0.32413257537037543,21.089028016717567,0.031280629124384826,10.668548353180098,0.018072291848324783,3.3475975718839934,0.006230070506765137
-0.03,-0.32413257537037543,20.97901702042585,0.024354497077905362,10.612522526954509,0.014059630446967088,3.329856389517093,0.004832501294124401
0.03,-0.32413257537037543,19.48852822730162,0.01833224739976185,9.854461949047042,0.01052254614493423,3.092079161655715,0.0036212693777648
0.03376006747802295,-0.32413257537037543,19.413051714472346,0.022696279457600603,9.816186914969236,0.013015406392066598,3.079757101802859,0.004500384209987543
0.0379914052040221,-0.32413257537037543,19.33069380113446,0.028008440754968885,9.774470907747505,0.016043771443646805,3.066363649546785,0.0055674550629726555
0.04275308010908995,-0.32413257537037543,19.24128283069547,0.03443259858358281,9.729180684449005,0.019702896182156315,3.0520325647140116,0.0068390456035572755
0.04811156231253989,-0.32413257537037543,19.144873816653263,0.04213493867237019,9.680237306568996,0.024096330511210195,3.0369395593919863,0.00832475920180809
0.0541416530048151,-0.32413257537037543,19.04189606742495,0.051261916282545165,9.627705259637661,0.029325303701946078,3.021131090174011,0.010043741674936445
0.06092752862714207,-0.32413257537037543,18.933315994905982,0.061905692062956444,9.57197036815899,0.03546140248935188,3.0043182249858575,0.012056776024399016
0.06856391592404971,-0.32413257537037543,18.82071230391225,0.07406581943744939,9.5139696369725,0.04249853885305531,2.986034967797567,0.014464663149766303
0.07715741427178036,-0.32413257537037543,18.70613018041013,0.08762953622991504,9.455259938662437,0.050307722889228815,2.9665977439316955,0.0172777075260466
0.0868279837415025,-0.32413257537037543,18.591814087717058,0.10237591305303516,9.397579342277503,0.0586614946735668,2.947927179317932,0.020228736913718334
0.09771061966979347,-0.32413257537037543,18.48057020651139,0.1179078135379052,9.342051611272428,0.06735033109373134,2.931424100819355,0.02304288935211289
0.10995723711238882,-0.32413257537037543,18.377691982484613,0.13332436732131844,9.289682565225123,0.07613406428353055,2.914943317610933,0.02604824107119365
0.12373879148704055,-0.32413257537037543,18.292775362328385,0.14682152774843213,9.244665867691797,0.08414733941183343,2.899542101868504,0.029034897548169892
0.13924766500838334,-0.32413257537037543,18.23658425848847,0.15614100431750497,9.215407815451398,0.08958718963993151,2.8924424292593005,0.03047019539431769
0.15670035222800524,-0.32413257537037543,18.2181718386649,0.15926248110586194,9.20672666146763,0.09123660137900637,2.8878133582279597,0.03142603957199147
0.17634048216824733,-0.32413257537037543,18.256996566182064,0.15271961545186913,9.223046863703114,0.08814918303700961,2.8940935099940512,0.030133095349263457
0.19844221923690444,-0.32413257537037543,18.375338804994186,0.13368894373605547,9.282933288719114,0.07730809019257555,2.911131484843811,0.026771337713237097
0.22331409039755062,-0.32413257537037543,18.58412201086005,0.10341216518216084,9.390299767581755,0.05976425533783818,2.947471980736117,0.020303758278820173
0.2513032920204875,-0.32413257537037543,18.94321601157652,0.060891450978908745,9.567755280682206,0.03595031410945322,2.999084680282471,0.012722622097315273
0.2828005365353655,-0.32413257537037543,19.45674758474884,0.020111330387714017,9.830451893395063,0.012054501422541969,3.0831161562125797,0.004251021727093324
0.3182455065418344,-0.32413257537037543,20.209613800461295,6.226341979416033e-05,10.208991962097556,5.798953787091585e-06,3.2025647896164124,8.476074862533699e-07
0.35813299251433084,-0.32413257537037543,21.22625658207046,0.041080871462656876,10.721770857294592,0.02233249127407867,3.366366513786239,0.007894862914326808
0.40301979977966995,-0.32413257537037543,22.599926268313062,0.20566551695840818,11.41508544935413,0.11553103563745751,3.581792727187521,0.04002956030458599
0.4535325211846986,-0.32413257537037543,24.404912410444,0.5830120374396959,12.328058867961595,0.3335450463435712,3.8663025938789954,0.11563289276832904
0.5103762839557767,-0.32413257537037543,26.75648950166576,1.2953631833742643,13.515900828214559,0.7517165440218732,4.242106553828829,0.2645810702518164
0.5743445928509872,-0.32413257537037543,29.787872059604844,2.492489270176031,15.05010605922374,1.4704076049305472,4.7208433468756015,0.5206657026603185
0.6463304070095649,-0.32413257537037543,33.6661106898235,4.3430191786850125,17.01229207491595,2.6101446487836184,5.339417736761552,0.93845487811156
0.7273386051246984,-0.32413257537037543,38.5747670270311,7.000312389320187,19.493434643720942,4.300330283986278,6.119727168675675,1.571631516446531
0.8185000129460304,-0.32413257537037543,44.79694314276446,10.609634920366934,22.639105635111793,6.698085963436268,7.105374712294568,2.4945492660536703
0.9210871889273549,-0.32413257537037543,52.63080423051163,15.212166502091016,26.603500707426146,9.937820758458482,8.351774253711483,3.7977691720011064
1.0365321883776653,-0.32413257537037543,62.50976689421218,20.750844308594107,31.60438567113073,14.139070540102423,9.916795618300831,5.573622259176883
1.166446554092426,-0.32413257537037543,74.95953280648042,26.986553135297036,37.89918103391049,19.339281128978094,11.893354051266584,7.946165236419325
1.3126438125222553,-0.32413257537037543,90.57892893781508,33.48362828898529,45.79119443487902,25.434689770002002,14.371457589986521,11.017861207277859
1.4771647895120215,-0.32413257537037543,110.22558546260171,39.77027765246014,55.744958575878876,32.19392317810971,17.487017234016122,14.91117598706439
1.6623060990028473,-0.32413257537037543,134.98538468822798,45.441400908714485,68.24868001965312,39.105375006248465,21.41801118248311,19.738107819870997
1.8706522023821734,-0.32413257537037543,166.0549093708742,50.25538201494694,83.9731480177135,45.555910976943224,26.346807260631262,25.511074367676734
2.1051114860111477,-0.32413257537037543,205.19321508845076,54.207952312138644,103.76519136114655,51.03461621066381,32.55293968375772,32.19055040291922
2.368956860549917,-0.32413257537037543,254.46095914218904,57.3820538357635,128.72402661246272,55.36592806927767,40.38232484418214,39.544091828123726
2.6658714488230206,-0.32413257537037543,316.39417008090663,59.901351071496705,159.98880844172982,58.64517080083603,50.228972304346385,47.018683549882084
3.0,-0.32413257537037543,394.58294074699756,61.89952904535129,199.47921726184146,61.1250697723146,62.61388090093233,53.76265669864579
-3.0,-0.2742660253133946,474.2016996359859,63.22799522075546,239.917713468415,62.71571681381261,75.19084113795617,58.130026188696505
-2.6658714488230206,-0.2742660253133946,380.4075389004447,61.601442426926404,192.10850762513633,60.75136223504313,60.246482100203416,52.68334896869092
-2.368956860549917,-0.2742660253133946,305.92714546317904,59.55137656984108,154.84643516849954,58.211751795216124,48.53372421947622,45.87130379170628
-2.1051114860111477,-0.2742660253133946,247.6714907137002,57.02399177730062,125.25353561786095,54.881638377329615,39.28528646730992,38.58878031100989
-1.8706522023821734,-0.2742660253133946,201.74439572297058,53.92399243880054,102.08461627083122,50.656119836160336,31.99816776120942,31.62298411801685
-1.6623060990028473,-0.2742660253133946,165.7318801560369,50.21467597709933,83.82483233768653,45.50504288982584,26.295354551450718,25.452792330062813
-1.4771647895120215,-0.2742660253133946,137.23997370485236,45.86306084576247,69.37910443796432,39.64706831837204,21.77830107675861,20.172044644610274
-1.3126438125222553,-0.2742660253133946,114.7359550326327,40.96558880209921,58.03662446830088,33.59120906621516,18.182161910056166,15.774887875776464
-1.166446554092426,-0.2742660253133946,97.14874388094644,35.79936709486829,49.11191295947728,27.812490176369515,15.40576958623546,12.311523269927532
-1.0365321883776653,-0.2742660253133946,83.22073461636474,30.604104249390833,42.077061659608304,22.638598338472573,13.196475577178726,9.553742926664166
-0.9210871889273549,-0.2742660253133946,72.24672255138535,25.707288743421206,36.53202281668865,18.229254238238205,11.44768085918311,7.402642652298195
-0.8185000129460304,-0.2742660253133946,63.596746302900236,21.331334764170585,32.17420399526352,14.617212795307758,10.093832810302207,5.781403617849706
-0.7273386051246984,-0.2742660253133946,56.72501896456089,17.55934123690623,28.69279915639918,11.689116245291473,9.009173157653166,4.5286900862528086
-0.6463304070095649,-0.2742660253133946,51.292061999913706,14.432664669327075,25.949522717303566,9.393668660544233,8.139857745308415,3.5678070990163464
-0.5743445928509872,-0.2742660253133946,46.90984037349893,11.856179086240976,23.71554317705371,7.560808109917082,7.4332429978804795,2.824869407379268
-0.5103762839557767,-0.2742660253133946,43.335079628785415,9.74994048044163,21.909415037621752,6.1235068711014105,6.882515772905459,2.276054113275121
-0.4535325211846986,-0.2742660253133946,40.39739573313543,8.040344785613659,20.422666136100766,4.984989981064036,6.404221325352679,1.8257954634422513
-0.40301979977966995,-0.2742660253133946,37.92693789191021,6.6360489273304815,19.163043206187133,4.0628072568932705,6.0091925705603195,1.4759465293242753
-0.35813299251433084,-0.2742660253133946,35.778014494595446,5.4540608573121006,18.099980900830275,3.3227982421779725,5.671761407494477,1.1955269043771204
-0.3182455065418344,-0.2742660253133946,33.91175659751553,4.469154015665158,17.163921913414185,2.7064577648632793,5.377231009864723,0.9666615623875972
-0.2828005365353655,-0.2742660253133946,32.288249188920474,3.6531296111154243,16.321351836064107,2.1850981359808874,5.1197986971613485,0.7803510971341631
-0.2513032920204875,-0.2742660253133946,30.813651281381684,2.952663844270925,15.592661994966225,1.763830913936291,4.894981253329861,0.6293539037188681
-0.22331409039755062,-0.2742660253133946,29.512126612616818,2.373024061820451,14.928805742396301,1.4073734623975935,4.683828821375139,0.4985571164016396
-0.19844221923690444,-0.2742660253133946,28.345650499307773,1.8895754812064318,14.343557022011264,1.1174674339297843,4.498635279694117,0.3935113784217821
-0.17634048216824733,-0.2742660253133946,27.321675280315183,1.4974296789578616,13.817654289213568,0.8786410863496767,4.338587566597044,0.3106827983094884
-0.15670035222800524,-0.2742660253133946,26.40561619745767,1.175467467203588,13.364986521453991,0.6911774244391231,4.191521843344836,0.24162174248223175
-0.13924766500838334,-0.2742660253133946,25.602398800979437,0.9181232721558882,12.95845813927696,0.5383943455315578,4.0657595884617415,0.1883263072915087
-0.12373879148704055,-0.2742660253133946,24.90612638081736,0.7157794008226799,12.599124308802162,0.41660920465729084,3.9557783045942845,0.14637160702819282
-0.10995723711238882,-0.2742660253133946,24.296623104609093,0.5558189037239201,12.29100947239637,0.3228061590593298,3.8555199226789143,0.11214211713133965
-0.09771061966979347,-0.2742660253133946,23.764181438566453,0.430180619291387,12.024314590906746,0.2500326554271007,3.7728293471029044,0.08695100037913667
-0.0868279837415025,-0.2742660253133946,23.303349840251528,0.3327465208064914,11.790880048549166,0.19310141021471694,3.701445263205469,0.06752186423380166
-0.07715741427178036,-0.2742660253133946,22.90553283322716,0.2575522491294593,11.587596174849246,0.14891864122969023,3.63689558548296,0.051879985094687435
-0.06856391592404971,-0.2742660253133946,22.560855184371476,0.19941124710065466,11.411944734427587,0.11495905077601899,3.5805841268257312,0.039785514235313006
-0.06092752862714207,-0.2742660253133946,22.2610578274511,0.15435819921190244,11.260356866506264,0.08891185306930388,3.5329535971779227,0.030721588925523766
-0.0541416530048151,-0.2742660253133946,21.99994837900358,0.11945688469474561,11.129042856266302,0.0688687856282323,3.492312584772105,0.023857222027530878
-0.04811156231253989,-0.2742660253133946,21.772646279164555,0.09246915164923059,11.014795216708617,0.053387840031361614,3.456843746746688,0.018537129551076923
-0.04275308010908995,-0.2742660253133946,21.57492865026251,0.07163630450775385,10.915128996706436,0.04140678569193009,3.425535821066068,0.014371955779449911
-0.0379914052040221,-0.2742660253133946,21.402970069798695,0.05556572048207935,10.828094120894708,0.03213087893112581,3.3979493148839346,0.011122395975751622
-0.03376006747802295,-0.2742660253133946,21.25331303014432,0.04316344936108119,10.75207354924301,0.024951262544446864,3.3738019499597325,0.00860685713947725
-0.03,-0.2742660253133946,21.122895346243578,0.0335802529312594,10.685664582112604,0.019394963715816303,3.352775326484856,0.006670297516103581
0.03,-0.2742660253133946,19.380847284616276,0.024704807465997746,9.799672008631065,0.01417530037126869,3.0748626814166395,0.004876806854121071
0.03376006747802295,-0.2742660253133946,19.294619278574153,0.030517647356657213,9.755941312672423,0.01749389017057809,3.0607797288975456,0.006046886397958441
0.0379914052040221,-0.2742660253133946,19.200894269086593,0.037560856719409064,9.708463993310403,0.02150657781387839,3.045531853538934,0.007460441902352181
0.04275308010908995,-0.2742660253133946,19.099621992610977,0.046030448770589455,9.657160540132491,0.026327530496350778,3.0292976162861014,0.009134817630290977
0.04811156231253989,-0.2742660253133946,18.991057969265068,0.05611416747976457,9.602036420251792,0.03207559467767073,3.0123100791470443,0.011076004450726464
0.0541416530048151,-0.2742660253133946,18.875946160013353,0.06795731283665443,9.543291741504753,0.038857323714432165,2.9946601252326954,0.013300159412511421
0.06092752862714207,-0.2742660253133946,18.755721573840326,0.08161065531886602,9.481534964110296,0.04672685490275728,2.976061668466143,0.015875237117506363
0.06856391592404971,-0.2742660253133946,18.63261431643682,0.09697249705701091,9.418057186576982,0.0556178062959831,2.9560420410359707,0.018915938500133216
0.07715741427178036,-0.2742660253133946,18.50950287067309,0.11375508615392654,9.354919819139392,0.06527980697485192,2.9350576189749806,0.022406596508070902
0.0868279837415025,-0.2742660253133946,18.389636916491916,0.13148201877014393,9.29445825636891,0.07530915415462609,2.9154361415060013,0.02595552398187845
0.09771061966979347,-0.2742660253133946,18.27710207740622,0.1493897682612354,9.23838619282614,0.08529944818080883,2.8989101879019494,0.029161145235084732
0.10995723711238882,-0.2742660253133946,18.179092906889046,0.16599889330601747,9.188412097747497,0.0947696663486295,2.8831665547349457,0.03240149579640265
0.12373879148704055,-0.2742660253133946,18.108031107598393,0.1786385361154804,9.150084109101027,0.10239886719229901,2.869689070622666,0.03532157495345536
0.13924766500838334,-0.2742660253133946,18.07797958165531,0.18413612557676717,9.133938242713112,0.10570861572854597,2.86702821421981,0.03591414324196322
0.15670035222800524,-0.2742660253133946,18.101494717575623,0.17982656087531118,9.14654646477959,0.10311917023749186,2.8687755572986036,0.035524413885093344
0.17634048216824733,-0.2742660253133946,18.203678424368555,0.16174316932290822,9.194417321034527,0.09360321340940764,2.885185502092894,0.03197571196047108
0.19844221923690444,-0.2742660253133946,18.413255409725064,0.12787979692033427,9.300527099859632,0.0742678184633849,2.9164096027250266,0.02577290032710099
0.22331409039755062,-0.2742660253133946,18.747140043263286,0.08263592640336298,9.471376433406238,0.048094736703474916,2.9731653552578594,0.016297813647248867
0.2513032920204875,-0.2742660253133946,19.279045850580708,0.031635407464477835,9.735720873231447,0.01915046791662113,3.051416691650481,0.0068967188144486045
0.2828005365353655,-0.2742660253133946,20.020003094855717,0.0008620880716503502,10.113866470473292,0.0006495004304748508,3.1718796115298304,0.00025276446885415753
0.3182455065418344,-0.2742660253133946,21.075481642606093,0.03038279281340492,10.64514285733072,0.016336756233632142,3.339382777313656,0.005561554968999321
0.35813299251433084,-0.2742660253133946,22.484009153517576,0.1873653724622128,11.35591444767688,0.10497387794035576,3.5656902755710096,0.03683481050258219
0.40301979977966995,-0.2742660253133946,24.364070543773686,0.5726924100147327,12.305230560907932,0.32691037492056796,3.861151154188306,0.11395933891297051
0.4535325211846986,-0.2742660253133946,26.817744169488627,1.3167387502496903,13.54642349227294,0.7642030028648978,4.248429861244688,0.2675105940543887
0.5103762839557767,-0.2742660253133946,29.9976154516151,2.5846010207037056,15.15300607167319,1.524634985088549,4.756293271463709,0.5421735111932708
0.5743445928509872,-0.2742660253133946,34.082748007888576,4.557473372754526,17.220328545906767,2.742550580830108,5.4017068011366955,0.9850673222663155
0.6463304070095649,-0.2742660253133946,39.29737055270661,7.410181275463488,19.858312586255508,4.566373058329316,6.232673964966714,1.6712156200989863
0.7273386051246984,-0.2742660253133946,45.89353482795332,11.256337515043986,23.193227006371416,7.140148221632042,7.280988322814099,2.670223946143638
0.8185000129460304,-0.2742660253133946,54.251341436938795,16.148500374284062,27.418303007684795,10.618960336514128,8.605050963856543,4.076393870075456
0.9210871889273549,-0.2742660253133946,64.77961538318863,21.955583086533316,32.74491916387574,15.095148129446766,10.279903489813774,6.000987767186768
1.0365321883776653,-0.2742660253133946,78.06001866917867,28.393136647379404,39.46680429462328,20.594669025274595,12.384469454925233,8.549245950118971
1.166446554092426,-0.2742660253133946,94.80635813915805,35.00012303013109,47.93536871808477,26.983721639190662,15.042937458383594,11.857509342740455
1.3126438125222553,-0.2742660253133946,115.84359963654055,41.24681532643735,58.56439928254177,33.90453862168526,18.381403046925907,16.021808249884778
1.4771647895120215,-0.2742660253133946,142.3260857127141,46.7667093111553,71.9806975748619,40.84468518202323,22.581631707482174,21.13337915499597
1.6623060990028473,-0.2742660253133946,175.73184092230846,51.40344532453173,88.85351442816072,47.1384038735366,27.883925793347508,27.231084793967064
1.8706522023821734,-0.2742660253133946,217.70265073159402,55.15837861529807,110.09323175612555,52.34532236507846,34.54036582381932,34.174126140294746
2.1051114860111477,-0.2742660253133946,270.6286176020705,58.15806838753304,136.85815091087233,56.38933486285285,42.93218877689703,41.66911071491069
2.368956860549917,-0.2742660253133946,337.3081826895526,60.53191518276035,170.6327596847596,59.44587411939314,53.52874059763411,49.0909169528134
2.6658714488230206,-0.2742660253133946,421.2093542813801,62.40252339221737,212.9824486297437,61.733120162961534,66.86753091148539,55.48053352109317
3.0,-0.2742660253133946,527.1774795102418,63.88050576187948,266.51712154814066,63.46868953942585,83.64973054755076,60.072764910621444
-3.0,-0.2243994752564138,611.2576335765291,64.67549106089088,309.2966799900756,64.38088396886492,96.9673551325689,62.13123746591169
-2.6658714488230206,-0.2243994752564138,488.6248758593147,63.42029727480994,246.81332081952317,62.92847970714641,77.42161376322447,58.70553832238163
-2.368956860549917,-0.2243994752564138,391.34763963500797,61.83349819630463,198.08283411807435,61.05673125857603,62.1029455555527,53.53747512016971
-2.1051114860111477,-0.2243994752564138,315.17985085484383,59.86201219408719,159.39735612399636,58.59698879539285,50.01197428451858,46.87498654983631
-1.8706522023821734,-0.2243994752564138,255.1424423621521,57.416876161665634,129.09936555016188,55.41648618075935,40.480601627758354,39.62846709728903
-1.6623060990028473,-0.2243994752564138,208.03162908147706,54.43420777118223,105.22719468380228,51.35306216312331,33.0146870522274,32.658358773086945
-1.4771647895120215,-0.2243994752564138,170.77914609174292,50.83262842658674,86.34041143831008,46.34522498201986,27.106794212553353,26.36664333790635
-1.3126438125222553,-0.2243994752564138,141.36737373411972,46.60122498997097,71.50905396501321,40.63256078542364,22.40667895121173,20.924765747026644
-1.166446554092426,-0.2243994752564138,118.36160878685521,41.868890076781,59.83777032834128,34.64753125226195,18.773170975546098,16.5064002099241
-1.0365321883776653,-0.2243994752564138,100.1569732637551,36.784667454914285,50.6422532380646,28.86750501545415,15.884462666307027,12.910482987660197
-0.9210871889273549,-0.2243994752564138,85.81921203220647,31.656874701240973,43.39747083971083,23.648425067025705,13.601032292672192,10.056771904238543
-0.8185000129460304,-0.2243994752564138,74.52818544365958,26.786174532523763,37.70599285158682,19.183246604620823,11.830535693051948,7.869321658195556
-0.7273386051246984,-0.2243994752564138,65.57895493246612,22.37293668444194,33.17186845477912,15.451944805278163,10.416976856225775,6.1634919887962445
-0.6463304070095649,-0.2243994752564138,58.51754293800472,18.56560476009409,29.60647685447354,12.458142288294429,9.28779633959368,4.845506598932321
-0.5743445928509872,-0.2243994752564138,52.85337130457076,15.341264256782964,26.720720372900697,10.035615927474637,8.37593435243549,3.8241743605054466
-0.5103762839557767,-0.2243994752564138,48.265189248880624,12.65567554828004,24.402286799749113,8.119017378562331,7.666613981841637,3.065850531117876
-0.4535325211846986,-0.2243994752564138,44.526617249468416,10.450398145268055,22.509903691652,6.5956932275403055,7.059395074214225,2.4490523864841056
-0.40301979977966995,-0.2243994752564138,41.41628610938772,8.629584218997607,20.925588671061394,5.36471484872867,6.562156856344541,1.9714647081473615
-0.35813299251433084,-0.2243994752564138,38.74712742514521,7.09775227655405,19.602458525380616,4.379423850930034,6.142434815313,1.591508146684132
-0.3182455065418344,-0.2243994752564138,36.45535617340067,5.8217589529731875,18.451922011335046,3.563430095521504,5.780556800533128,1.2839305482974182
-0.2828005365353655,-0.2243994752564138,34.48050604371562,4.7645080598384935,17.42863720696958,2.877051571906951,5.4673735374929375,1.0350134497412506
-0.2513032920204875,-0.2243994752564138,32.70476040181,3.8583541653745264,16.550029456391968,2.323170271792834,5.1958969627716325,0.8340001431686953
-0.22331409039755062,-0.2243994752564138,31.147065935029527,3.107245624990553,15.75573444807067,1.8555133172125653,4.943314855190446,0.6608354268496659
-0.19844221923690444,-0.2243994752564138,29.758208320794964,2.479547760821428,15.058834630892335,1.474980794197819,4.72291584512017,0.5219141747186359
-0.17634048216824733,-0.2243994752564138,28.543045490053416,1.96876819759388,14.435050477278594,1.1611763902545242,4.532771249113303,0.412155012298362
-0.15670035222800524,-0.2243994752564138,27.45948505441488,1.548304635215085,13.89914498143205,0.9142171836476922,4.3589351511366266,0.3207818995332971
-0.13924766500838334,-0.2243994752564138,26.511224003079743,1.2110928436967454,13.419392135203001,0.7127705801298825,4.2103480463603935,0.25006703732491853
-0.12373879148704055,-0.2243994752564138,25.69050901103395,0.9451400153319689,12.99614346634898,0.5519046835608484,4.0807326075559684,0.19438040111923027
-0.10995723711238882,-0.2243994752564138,24.973401836013736,0.7344417948303005,12.633608819901388,0.4277309433788885,3.9628966791884466,0.14895025021076821
-0.09771061966979347,-0.2243994752564138,24.348026677880913,0.5686595901883188,12.320299142071852,0.33128340659498157,3.8656863908927694,0.11543214565797592
-0.0868279837415025,-0.2243994752564138,23.807551469110845,0.43990100711325747,12.04656585402765,0.25579455587101685,3.781918839321017,0.08958121558647293
-0.07715741427178036,-0.2243994752564138,23.341662506597416,0.34043178615714387,11.808575668074253,0.19718858528500216,3.7063796989677247,0.06879384990320786
-0.06856391592404971,-0.2243994752564138,22.938643088558795,0.2634849419162229,11.603231321177379,0.1521334050133216,3.640580101244204,0.052722313962845865
-0.06092752862714207,-0.2243994752564138,22.588676479565898,0.2038557882584414,11.426272935666749,0.11757903118751027,3.584971736801543,0.0406747672332812
-0.0541416530048151,-0.2243994752564138,22.284363531325717,0.15767188272954824,11.273213126246077,0.09100113838665479,3.537581109721232,0.03155439315906961
-0.04811156231253989,-0.2243994752564138,22.019857467967928,0.1219726764918005,11.140251929318834,0.07048658785181151,3.4962919466057847,0.024493388291734967
-0.04275308010908995,-0.2243994752564138,21.790109916242,0.09442840641527382,11.024436425127881,0.0546227203608161,3.459911760412023,0.018972248666494287
-0.0379914052040221,-0.2243994752564138,21.59056641782205,0.07319297048391017,10.92344457076135,0.0423513165010308,3.427907042729254,0.01466976984629832
-0.03376006747802295,-0.2243994752564138,21.417126228895278,0.056815674429593795,10.835351995618682,0.032861570670277694,3.3999301326978784,0.011342445009299106
-0.03,-0.2243994752564138,21.266168092347513,0.04417014947216391,10.758493653606543,0.025523969528178803,3.375597415005218,0.00878322308962464
0.03,-0.2243994752564138,19.277021540366587,0.03178223230095478,9.746837764467806,0.01823011086173193,3.058260532299108,0.006269871678862826
0.03376006747802295,-0.2243994752564138,19.180768708030634,0.03917258844376037,9.698019292155044,0.022447043859311296,3.0425333115585853,0.0077564995147194294
0.0379914052040221,-0.2243994752564138,19.076561168211494,0.04808500377702408,9.64522822025373,0.027521621419313733,3.0255728760738303,0.00954381832691832
0.04275308010908995,-0.2243994752564138,18.96450827773953,0.0587399502392939,9.588458185369294,0.03358264312636808,3.007608161567083,0.011647771274226004
0.04811156231253989,-0.2243994752564138,18.84511396805786,0.07133288529219195,9.527823603779337,0.040756774100377535,2.9889364483680065,0.014067209327688032
0.0541416530048151,-0.2243994752564138,18.719496699682004,0.08598484395920959,9.463691098289603,0.04914345951170609,2.969702127995438,0.01681077669473223
0.06092752862714207,-0.2243994752564138,18.58963462244613,0.10266895749375689,9.396930225612106,0.05875938415758154,2.949634822854142,0.01994860898778318
0.06856391592404971,-0.2243994752564138,18.45850216653545,0.12112904188403302,9.329233368924273,0.06944715424598359,2.9282729613201184,0.023602377525973512
0.07715741427178036,-0.2243994752564138,18.329927953320173,0.1408297661684736,9.263224079394073,0.08079169665391703,2.906233545581704,0.02771599566385837
0.0868279837415025,-0.2243994752564138,18.208315866319243,0.16094716117783323,9.201907164165716,0.09215931027673734,2.886270271533057,0.03174818915343042
0.09771061966979347,-0.2243994752564138,18.099221354949155,0.18024076385656485,9.147681091680917,0.10288784981014486,2.870469545886168,0.03514877184514318
0.10995723711238882,-0.2243994752564138,18.011975997062496,0.1965310532143226,9.103082449466832,0.1121930024095161,2.856397189057732,0.03833483706676235
0.12373879148704055,-0.2243994752564138,17.96210710392726,0.20618987674832764,9.075163828091137,0.11824141543611488,2.846021262588246,0.040779949535253095
0.13924766500838334,-0.2243994752564138,17.9673199772513,0.20516832779277738,9.076754519551613,0.11789215282402091,2.8492436473484006,0.040011823622119705
0.15670035222800524,-0.2243994752564138,18.044132936728516,0.19043709919961432,9.116399308493447,0.1093687303457294,2.8591758733307437,0.037693895453083506
0.17634048216824733,-0.2243994752564138,18.223838801668762,0.15829818330367795,9.203001109051705,0.09194943142963488,2.887976477270764,0.0313920883008438
0.19844221923690444,-0.2243994752564138,18.542236321577228,0.10915293695642674,9.364245849919964,0.06380075376053274,2.936179022051166,0.02221212810086785
0.22331409039755062,-0.2243994752564138,19.023202745457368,0.05301934111193338,9.60967667177381,0.031243507202764986,3.0168427451464788,0.010539008621157305
0.2513032920204875,-0.2243994752564138,19.755197684837167,0.006706143905317261,9.974747346121873,0.0044410527276714865,3.1260887906904617,0.00169825493731892
0.2828005365353655,-0.2243994752564138,20.757644577603358,0.012975661139367569,10.485554276434028,0.006788485486617958,3.2883703124104238,0.00224333379450549
0.3182455065418344,-0.2243994752564138,22.158141496204774,0.14011175936257042,11.191027019434737,0.07803362465494215,3.510665084643966,0.026856475771914304
0.35813299251433084,-0.2243994752564138,24.011723392144155,0.4868986859460067,12.126686812218912,0.27701400721674024,3.8078959483383685,0.09728890498247876
0.40301979977966995,-0.2243994752564138,26.464571372382867,1.1953056382798943,13.36560846273909,0.6914227784429096,4.193947832408129,0.2427033458163627
0.4535325211846986,-0.2243994752564138,29.650338050998464,2.4326684119912536,14.977225101017863,1.4324180322951614,4.697256912789038,0.5065361169932576
0.5103762839557767,-0.2243994752564138,33.763437573802115,4.392888308294349,17.055629521655874,2.6375653085418227,5.353858964516293,0.9491942477734767
0.5743445928509872,-0.2243994752564138,39.03465826242692,7.26076106845605,19.722991064244475,4.467265478307872,6.186918885454563,1.6306582748554104
0.6463304070095649,-0.2243994752564138,45.75275523663743,11.173266417742488,23.121236811152254,7.082460471762834,7.256748730772835,2.6458004911976323
0.7273386051246984,-0.2243994752564138,54.247726850785035,16.146421761953427,27.416876721281156,10.617765510614328,8.606583925565422,4.07809213453109
0.8185000129460304,-0.2243994752564138,65.00884319325533,22.075641848916128,32.856651388188816,15.188587092052114,10.311491278234127,6.038381530345207
0.9210871889273549,-0.2243994752564138,78.57074668194106,28.619169025366137,39.71688329904191,20.793086592341787,12.468670181345193,8.65301865637584
1.0365321883776653,-0.2243994752564138,95.68228461306387,35.30234771599562,48.37708048096667,27.296651840532963,15.181000813498084,12.030258636602035
1.166446554092426,-0.2243994752564138,117.27032318968638,41.60218429950696,59.295186367641186,34.33318161630904,18.607828460497185,16.302037271389946
1.3126438125222553,-0.2243994752564138,144.41647264252111,47.12005371847494,73.01048878790857,41.30030437993909,22.91655345982908,21.531539780491258
1.4771647895120215,-0.2243994752564138,178.61042992887948,51.720154252559496,90.3326947417333,47.584764138960566,28.340459091065213,27.733893453830003
1.6623060990028473,-0.2243994752564138,221.77453258745174,55.44331702596381,112.13693029432079,52.73325221808355,35.190304271804,34.80575472339155
1.8706522023821734,-0.2243994752564138,276.05574274853956,58.39694948826403,139.60462111527247,56.703469106256016,43.797547731583066,42.359983103846886
2.1051114860111477,-0.2243994752564138,344.55993571072804,60.731679412768344,174.2480839299,59.691970785347976,54.65873769365026,49.75271234919286
2.368956860549917,-0.2243994752564138,430.9191581397504,62.56972517356318,217.98616501704615,61.93663446105584,68.382807983838,56.02869516337692
2.6658714488230206,-0.2243994752564138,539.6607763325683,64.01484910557906,272.86947701579874,63.624316128312685,85.6703326031878,60.45140186615192
3.0,-0.2243994752564138,677.0456153927504,65.1552309163842,342.2892302076189,64.91449938332774,107.4252418286821,63.22054443403173
-3.0,-0.17453292519943275,763.2132449344126,65.65471314892376,386.2210207300981,65.47210726262271,121.11549514711953,64.23805778196459
-2.6658714488230206,-0.17453292519943275,608.5662816956503,64.65357361733604,307.45043304841437,64.34729149408837,96.46117800509417,62.06898080054958
-2.368956860549917,-0.17453292519943275,485.99030603133014,63.38606144552111,245.98656424645205,62.903679460489876,77.13883180313329,58.635326355922665
-2.1051114860111477,-0.17453292519943275,389.93664621229806,61.80433911678882,197.20768905305187,61.01333285664424,61.89210585455865,53.44332460014086
-1.8706522023821734,-0.17453292519943275,314.23406794205744,59.8311494850447,158.99385699653,58.563876759199715,49.86868861803163,46.77959373470214
-1.6623060990028473,-0.17453292519943275,254.7981824370711,57.39930996365737,128.89020159635174,55.38835428429529,40.444272636353354,39.59730003586678
-1.4771647895120215,-0.17453292519943275,207.81776526134004,54.417387547991005,105.07209453533449,51.31974415844717,32.99178043717764,32.635250151690954
-1.3126438125222553,-0.17453292519943275,170.73580997822137,50.827482702394185,86.36611151797185,46.35356532851422,27.065926641236523,26.320890289443312
-1.166446554092426,-0.17453292519943275,141.7105277748642,46.660709124996174,71.64401817488582,40.693484817382085,22.4800416913409,21.012295162458948
-1.0365321883776653,-0.17453292519943275,118.75533848391187,41.964046651380514,60.04828338123701,34.76860028860246,18.836561032945713,16.584687947562074
-0.9210871889273549,-0.17453292519943275,100.68049928502718,36.9515441060501,50.915074827655424,29.052832898534163,15.959271639231297,13.004062571291893
-0.8185000129460304,-0.17453292519943275,86.45489706161656,31.908379694328982,43.74143534925311,23.908680115393782,13.725501553244182,10.211800900428614
-0.7273386051246984,-0.17453292519943275,75.19770960858392,27.09670469722827,38.037846724542234,19.451105662006395,11.946464438132017,8.011189091965264
-0.6463304070095649,-0.17453292519943275,66.32700983082209,22.76017933137859,33.55903790837848,15.774874768948319,10.528651420288146,6.296327500862624
-0.5743445928509872,-0.17453292519943275,59.23999514771746,18.966969809162883,29.950109510776283,12.747485769328847,9.389152411340742,4.961678407439517
-0.5103762839557767,-0.17453292519943275,53.528892637853,15.732143911220824,27.0640057156827,10.322411425545441,8.5038395437175,3.964579505215742
-0.4535325211846986,-0.17453292519943275,48.90511892268723,13.032604207002635,24.72328828342692,8.381701249287351,7.754310433778466,3.1575747325457564
-0.40301979977966995,-0.17453292519943275,45.09061162608426,10.78272048787917,22.781849079086854,6.811518620602747,7.144623654743627,2.533552528005349
-0.35813299251433084,-0.17453292519943275,41.853077372220206,8.883542171361384,21.174225849064396,5.554581766903021,6.634927082413825,2.039612023588601
-0.3182455065418344,-0.17453292519943275,39.10010250894858,7.297941022437017,19.791073883261884,4.517064595794474,6.200025283007537,1.6422461087140494
-0.2828005365353655,-0.17453292519943275,36.74765567652521,5.981901000840539,18.57382134889471,3.6478174207819,5.826917760875486,1.3221973881890132
-0.2513032920204875,-0.17453292519943275,34.65170478455152,4.854278811630897,17.535611916983914,2.9468476027748842,5.505706803735234,1.0645433563557978
-0.22331409039755062,-0.17453292519943275,32.823892024840035,3.917601365218556,16.603803239612102,2.356021280355944,5.209458644161213,0.843689726206037
-0.19844221923690444,-0.17453292519943275,31.20234932119545,3.1331008908192945,15.790051637170652,1.8750035461878338,4.952234455055597,0.6667053397356588
-0.17634048216824733,-0.17453292519943275,29.788278486684064,2.49266673240965,15.064478072849601,1.4779402289613464,4.730739200833976,0.526636997696004
-0.15670035222800524,-0.17453292519943275,28.53137341832004,1.9640546618187704,14.442346912389045,1.1646886041410953,4.529215985931525,0.4101977385284511
-0.13924766500838334,-0.17453292519943275,27.43352653343282,1.5386747473644116,13.887105018460494,0.908926957174853,4.35706840504798,0.3198500214000598
-0.12373879148704055,-0.17453292519943275,26.48482584760316,1.202150127377184,13.398168562772685,0.7043158175341451,4.2072632824827245,0.24867510425940412
-0.10995723711238882,-0.17453292519943275,25.657359349091436,0.9349394087152068,12.979814045465998,0.5460337396547444,4.071417545451662,0.19060456278314647
-0.09771061966979347,-0.17453292519943275,24.936902455371968,0.7242925604878276,12.61880137828571,0.4229402943888661,3.9593372059353484,0.1476584126659095
-0.0868279837415025,-0.17453292519943275,24.31511199435282,0.5604233463857373,12.303931110850678,0.3265344299755671,3.8629194362950923,0.11453260204706711
-0.07715741427178036,-0.17453292519943275,23.77986402835524,0.4336847809738771,12.03059073543846,0.25165203364624783,3.7761919073318326,0.0879199643208705
-0.06856391592404971,-0.17453292519943275,23.317527488671473,0.3355815288713565,11.79506284750235,0.19406407938445358,3.7007518169733307,0.06734396690030904
-0.06092752862714207,-0.17453292519943275,22.916665781261994,0.25954034774349954,11.592366317228171,0.14989615171641682,3.637048713878942,0.051914868935593314
-0.0541416530048151,-0.17453292519943275,22.568620228235723,0.20064728941885038,11.417291813241576,0.11593363320168043,3.5828219494117675,0.04023792850519999
-0.04811156231253989,-0.17453292519943275,22.266534397407625,0.15513398357647695,11.265426358845088,0.08973302350963129,3.5356515887771165,0.031205879578113837
-0.04275308010908995,-0.17453292519943275,22.004499501277362,0.12002984470630997,11.13333173918843,0.06948572818995134,3.4941585017857575,0.024151343918640038
-0.0379914052040221,-0.17453292519943275,21.77720432737058,0.09297867143043291,11.018299681560851,0.05383516694940798,3.4577100316561333,0.018659505601634284
-0.03376006747802295,-0.17453292519943275,21.57988300508249,0.07212778155393573,10.918087030735368,0.0417416188030618,3.4258889989281944,0.014416128718278088
-0.03,-0.17453292519943275,21.40833795866472,0.05603813913487909,10.830757360371761,0.03239809184138475,3.3982435168197838,0.011154948194852864
0.03,-0.17453292519943275,19.177154425250475,0.03946577306062023,9.696012313799786,0.022630151603228444,3.0422894207335927,0.007780842185522022
0.03376006747802295,-0.17453292519943275,19.07158637615494,0.048534382562105995,9.642465367935289,0.02780204388643993,3.0250319485261365,0.009603990180948842
0.0379914052040221,-0.17453292519943275,18.957753479517166,0.05941808638094115,9.584794289924366,0.033995508576864654,3.0064965389740763,0.01178514379302008
0.04275308010908995,-0.17453292519943275,18.835959385362678,0.07235181024995703,9.52308350062696,0.04134839780779634,2.986967461014575,0.01433629405113696
0.04811156231253989,-0.17453292519943275,18.706999701923255,0.08752204148924701,9.457578594056978,0.04998610099605099,2.966812315699777,0.017245216938397923
0.0541416530048151,-0.17453292519943275,18.572421201582,0.10499916241501346,9.388840571898456,0.05998661848840385,2.9462371818549418,0.020508005987708234
0.06092752862714207,-0.17453292519943275,18.434811923508374,0.12463903566320213,9.318034580209405,0.07130719853194732,2.924999178716404,0.024191203405997855
0.06856391592404971,-0.17453292519943275,18.297973587936934,0.14597506119511872,9.247296330913347,0.08366724107543567,2.902664140301511,0.02841545550844667
0.07715741427178036,-0.17453292519943275,18.16678922003156,0.1681512202104223,9.179862611576405,0.09644378631239234,2.8800281626134248,0.033069375022825885
0.0868279837415025,-0.17453292519943275,18.04695005283184,0.18990823594280382,9.119471732688737,0.10872267386207342,2.8602868119836584,0.03743927531804596
0.09771061966979347,-0.17453292519943275,17.945651576077882,0.2094328876369599,9.069291906264745,0.11953556995395666,2.845899481136654,0.04080913402281406
0.10995723711238882,-0.17453292519943275,17.874572519787897,0.22376122064891052,9.032800466963678,0.12775084984523208,2.834354593714076,0.04362734410037232
0.12373879148704055,-0.17453292519943275,17.852593759450535,0.22829756615049068,9.018687660276923,0.13100819156485213,2.828155933416602,0.045182745613508345
0.13924766500838334,-0.17453292519943275,17.901368378139324,0.21829838328203363,9.042220026123525,0.12560167406211978,2.8385741352976095,0.04258547195082143
0.15670035222800524,-0.17453292519943275,18.04178786748558,0.19087795748009642,9.114111621190684,0.1098511261359139,2.8583314718555,0.03788805065552941
0.17634048216824733,-0.17453292519943275,18.311825188296872,0.14373241878765644,9.245939013891414,0.0839147870154113,2.9015671856302583,0.028632287560167977
0.19844221923690444,-0.17453292519943275,18.754919405379077,0.08170620592682745,9.47036324806452,0.048232309497466506,2.9692694006683125,0.0168754592534739
0.22331409039755062,-0.17453292519943275,19.40279255134406,0.02332657886599179,9.800384971724615,0.01412417305437176,3.0769899322152168,0.004711294368879711
0.2513032920204875,-0.17453292519943275,20.35946463957798,0.0013780089426613628,10.278654606984164,0.0005157246500394256,3.2211580161528017,0.00012226612839053225
0.2828005365353655,-0.17453292519943275,21.654117920278484,0.07968090200308042,10.937642747225462,0.0439873404535735,3.430115250028325,0.014949725640866435
0.3182455065418344,-0.17453292519943275,23.437901095814677,0.36007306582826176,11.836676736058017,0.20375713377538388,3.7132806117506827,0.07059064926782171
0.35813299251433084,-0.17453292519943275,25.78457603945693,0.9743212302338721,13.021523799029719,0.5610804551137467,4.089040048649475,0.197773934561046
0.40301979977966995,-0.17453292519943275,28.870297405264527,2.1024674460059614,14.58046026488196,1.2318986997487742,4.575235245350846,0.4358085086277322
0.4535325211846986,-0.17453292519943275,32.863764643604185,3.937484193788772,16.600756310153916,2.354156041837292,5.206594008349672,0.8416397931549611
0.5103762839557767,-0.17453292519943275,38.00537399720056,6.6799794419159895,19.199179375497568,4.08862346374324,6.027076447520616,1.4913057366701823
0.5743445928509872,-0.17453292519943275,44.58303305488189,10.48362220398151,22.527437529581164,6.609572988784466,7.0668540017848285,2.456418572964872
0.6463304070095649,-0.17453292519943275,52.956776126018184,15.401191573191678,26.762868009090862,10.070796769715358,8.399653626317395,3.8501340525326957
0.7273386051246984,-0.17453292519943275,63.54322442555843,21.302904040989326,32.116748238654196,14.569040963020742,10.081568784407802,5.7669730922275715
0.8185000129460304,-0.17453292519943275,76.95194445884565,27.897233572110007,38.89470123113649,20.138795683238794,12.206042792615156,8.32969156022352
0.9210871889273549,-0.17453292519943275,93.85728549222344,34.6680769284567,47.44509545049376,26.63389484316815,14.894744426036493,11.67211254409639
1.0365321883776653,-0.17453292519943275,115.19266608741556,41.082117606290154,58.242211684206495,33.71363803697258,18.27718272250349,15.8926856122033
1.166446554092426,-0.17453292519943275,142.12088485184128,46.7314733313623,71.86199823001331,40.79150493662346,22.551416390555612,21.09738090158143
1.3126438125222553,-0.17453292519943275,176.00800296269006,51.434295589970795,88.98304440113557,47.17808498029478,27.930924615127008,27.283020265184263
1.4771647895120215,-0.17453292519943275,218.7145943507104,55.230241119023425,110.61680256656098,52.44625272375926,34.705689062811665,34.33559431491109
1.6623060990028473,-0.17453292519943275,272.6550959815415,58.24844838745589,137.86706669861653,56.506441195373995,43.264387483188365,41.93613997360825
1.8706522023821734,-0.17453292519943275,340.5364307489485,60.62195520350443,172.21507831748443,59.55506764983719,54.02669408906045,49.38550876375382
2.1051114860111477,-0.17453292519943275,426.2581121740982,62.49046061462587,215.56622021399596,61.83955710758255,67.61693848644462,55.75561938296761
2.368956860549917,-0.17453292519943275,534.3732436450832,63.95874377053495,270.31852099068243,63.5628011485214,84.79842443178411,60.29149601652322
2.6658714488230206,-0.17453292519943275,670.5855015116284,65.11243273420271,339.0619777303044,64.86730908460714,106.4527701164249,63.13295991473271
3.0,-0.17453292519943275,842.7176536297567,66.02247371905804,426.0524115398278,65.87100879788785,133.7072809961298,64.91782158807987
-3.0,-0.12466637514245194,928.5719345707553,66.34710196019142,469.93280374538654,66.22699674974845,147.39704676958303,65.47938641178484
-2.6658714488230206,-0.12466637514245194,739.0558910429596,65.52679983421913,373.4249160775821,65.3243721100642,117.17819945380671,63.9812299802848
-2.368956860549917,-0.12466637514245194,588.931970009809,64.4873828038543,298.090341140538,64.16990398866474,93.49455636283263,61.682475166585846
-2.1051114860111477,-0.12466637514245194,471.2179563739754,63.186675569621585,238.31835620564704,62.66437910064595,74.81046775793638,58.02678834148876
-1.8706522023821734,-0.12466637514245194,378.4522249020755,61.558477053222596,191.48125904781136,60.71802196372573,60.07221532162704,52.60022159755184
-1.6623060990028473,-0.12466637514245194,305.5881798073446,59.53961765410301,154.58944746225285,58.18920178873351,48.51359602565555,45.857337745518734
-1.4771647895120215,-0.12466637514245194,248.00994401423802,57.042334709984736,125.39915164965063,54.902587598558206,39.378237469525224,38.67067988110072
-1.3126438125222553,-0.12466637514245194,202.57213065289537,53.99307429803322,102.47162778264679,50.74449014626561,32.117152176633404,31.74521744331996
-1.166446554092426,-0.12466637514245194,166.98674207602247,50.37190018214929,84.42506364494018,45.70986126614187,26.493194546324855,25.676644934953888
-1.0365321883776653,-0.12466637514245194,138.85457621563143,46.1569018834448,70.2135638115314,40.0385801241096,22.027141142025148,20.470759930419533
-0.9210871889273549,-0.12466637514245194,116.70661390439108,41.46268915281193,59.022086163084246,34.17370183730239,18.502682057883238,16.171957549429592
-0.8185000129460304,-0.12466637514245194,99.2820367359169,36.50276636387754,50.23251849366493,28.587600656290427,15.763637879363506,12.75932313501748
-0.7273386051246984,-0.12466637514245194,85.50907972765603,31.53331622257139,43.25419585415817,23.53967229108256,13.586136739335464,10.038226788466847
-0.6463304070095649,-0.12466637514245194,74.6657597123309,26.850207970682856,37.779499289601475,19.242649284956006,11.853710594604275,7.897662312563209
-0.5743445928509872,-0.12466637514245194,66.0283288159133,22.605951495354553,33.38276218662016,15.627924160027657,10.466304679057084,6.2221189361660985
-0.5103762839557767,-0.12466637514245194,59.094826824790545,18.886520964237818,29.878693123372592,12.68735260104915,9.389191339547382,4.9617231164616005
-0.4535325211846986,-0.12466637514245194,53.508906805945955,15.7206006221181,27.050680804256004,10.311268848229137,8.485140785442365,3.9439898239172604
-0.40301979977966995,-0.12466637514245194,48.931226967426475,13.047971499307996,24.72236650240126,8.38094545755297,7.753615819588721,3.1568458011198013
-0.35813299251433084,-0.12466637514245194,45.0809010193103,10.776995685209748,22.807715094397764,6.832107237254522,7.146858431290975,2.535777879736393
-0.3182455065418344,-0.12466637514245194,41.83363882346331,8.872224880763396,21.17513718587448,5.555280168023626,6.6336726321947745,2.0384319229532664
-0.2828005365353655,-0.12466637514245194,39.079203850277615,7.286065073624233,19.751613084816654,4.488185189624526,6.196764710010519,1.6393610820747548
-0.2513032920204875,-0.12466637514245194,36.645398170865114,5.925780983311875,18.544826119053155,3.627697593722455,5.822968720502685,1.3189242242307067
-0.22331409039755062,-0.12466637514245194,34.53465981384934,4.792862295386632,17.469009277081266,2.903335565438196,5.4810031357567786,1.0454817606518043
-0.19844221923690444,-0.12466637514245194,32.67112328566902,3.8416690085690823,16.533701783664526,2.3132240268161732,5.185489614187003,0.8265904143388709
-0.17634048216824733,-0.12466637514245194,31.05131324328089,3.0626127924070703,15.702883871858795,1.8256298973785285,4.9315316371223314,0.6531096069351228
-0.15670035222800524,-0.12466637514245194,29.616035054209004,2.4178207832271394,14.99194539609396,1.4400628515126397,4.701533005783725,0.5090869372755045
-0.13924766500838334,-0.12466637514245194,28.364799832295052,1.8972091243559164,14.359319439292632,1.1249534591823898,4.50520641629544,0.39707426996633916
-0.12373879148704055,-0.12466637514245194,27.285227991121374,1.4840775482305886,13.803256632538131,0.8724119553762764,4.334759066119161,0.3087970288256464
-0.10995723711238882,-0.12466637514245194,26.345226818873552,1.155277421492904,13.327975013064384,0.6766388788208307,4.180564652264995,0.2367613237297927
-0.09771061966979347,-0.12466637514245194,25.52804555912997,0.8955653864715775,12.918424554870532,0.5241924729950828,4.053343554278434,0.18336723335343794
-0.0868279837415025,-0.12466637514245194,24.82370213966711,0.6931817790901627,12.561797648693558,0.40470972423536344,3.9440765157312723,0.14217466907677764
-0.07715741427178036,-0.12466637514245194,24.21817656721918,0.5364599076747695,12.252649956843687,0.31184679905009144,3.846020430750625,0.10910558564799444
-0.06856391592404971,-0.12466637514245194,23.69585877534318,0.4150568409914656,11.986605663879285,0.2403994776021795,3.760837569621131,0.08353435434838549
-0.06092752862714207,-0.12466637514245194,23.243638227169626,0.3209220368630372,11.757935734098346,0.1855939061894884,3.6889645109921947,0.06435246867736324
-0.0541416530048151,-0.12466637514245194,22.85155107293532,0.2480089191165325,11.560688438340986,0.14345881967599652,3.6278496776688667,0.04983828222043227
-0.04811156231253989,-0.12466637514245194,22.511693989794935,0.19166593521525424,11.389820735865243,0.11096668296967585,3.5747661863471882,0.038620381987343494
-0.04275308010908995,-0.12466637514245194,22.2172683356981,0.14821928005651647,11.24139474166829,0.08587130430717292,3.528143906832881,0.02986701438691719
-0.0379914052040221,-0.12466637514245194,21.96218325915059,0.11475146976558345,11.112304151750628,0.0664855789962438,3.487246620573327,0.023058742728789747
-0.03376006747802295,-0.12466637514245194,21.740990078440174,0.08896660247197252,10.999977638811655,0.05151589435106818,3.451584050567602,0.01780231129725625
-0.03,-0.12466637514245194,21.548901249501277,0.06908038882990608,10.902200110582458,0.039958331275525984,3.4206334771550257,0.013765485642102114
0.03,-0.12466637514245194,19.08132782052121,0.04765647906637896,9.64723783365915,0.02731858183264327,3.026962622957694,0.009390126352926827
0.03376006747802295,-0.12466637514245194,18.967132103629858,0.05847763979870673,9.589310600887606,0.03348696761713935,3.0082855086976905,0.011564477956915798
0.0379914052040221,-0.12466637514245194,18.844497362098792,0.071401274917056,9.527176276369715,0.04083730411412137,2.9883074318673457,0.014152881092622123
0.04275308010908995,-0.12466637514245194,18.713952324420347,0.08666504486005175,9.46102575648656,0.049509959687773615,2.9673722865376004,0.01716057755396233
0.04811156231253989,-0.12466637514245194,18.576622483222277,0.10442784974604562,9.391255513690277,0.05961884956078126,2.94592326770095,0.02056010297452913
0.0541416530048151,-0.12466637514245194,18.43453017778251,0.12468110416695713,9.318645496826322,0.0712050514982579,2.924235337602745,0.024329699363437398
0.06092752862714207,-0.12466637514245194,18.290931643107342,0.1471223907960556,9.244686635680335,0.08414354316244654,2.9021037215082393,0.02852612183503325
0.06856391592404971,-0.12466637514245194,18.15052810393226,0.17101899044727417,9.171994465341601,0.09799849821473458,2.879136371428509,0.033260493282008446
0.07715741427178036,-0.12466637514245194,18.01934771176797,0.19512478247687662,9.104463113308208,0.11189836899610661,2.856324571303525,0.0383516656747686
0.0868279837415025,-0.12466637514245194,17.90448517867406,0.21766778620713345,9.046619904452877,0.12460461611997692,2.837318573356224,0.04289406120961247
0.09771061966979347,-0.12466637514245194,17.81492465801228,0.23618926192370454,9.002477175472313,0.13480515572274082,2.8249668092147986,0.045994538310184914
0.10995723711238882,-0.12466637514245194,17.764874688002664,0.246904337317118,8.976551928463,0.14100142301087287,2.816720124548836,0.04813030717671886
0.12373879148704055,-0.12466637514245194,17.776783840485567,0.2443309020818373,8.97928750464884,0.14034039209650212,2.815662980141426,0.048407917747900084
0.13924766500838334,-0.12466637514245194,17.876518105138572,0.2233620733839462,9.028510979738135,0.1287361514918328,2.834446325178211,0.043604548636849795
0.15670035222800524,-0.12466637514245194,18.089703197972913,0.18198060350762396,9.137278095791649,0.10501929449255444,2.865486766077094,0.036259853762056024
0.17634048216824733,-0.12466637514245194,18.461419891343326,0.12070047143937329,9.320085689912112,0.07096455682059216,2.924968581028628,0.02419674314369399
0.19844221923690444,-0.12466637514245194,19.043246077865096,0.05113619947069765,9.614800566713495,0.030691875091177757,3.014399781019346,0.010826704550830268
0.22331409039755062,-0.12466637514245194,19.875534858332408,0.003357749733561186,10.038252150012767,0.002284892269967415,3.1519567098564463,0.0007225131330711353
0.2513032920204875,-0.12466637514245194,21.07858483416481,0.030587357549060584,10.64072897735109,0.016018964447065943,3.3345140983762915,0.005182739633156498
0.2828005365353655,-0.12466637514245194,22.692567354937733,0.2208415955883265,11.461601088698938,0.12415391156088652,3.5944350001963725,0.04262353228018038
0.3182455065418344,-0.12466637514245194,24.893455357077684,0.7122862917185737,12.57130886621828,0.4077280701533384,3.943842639565468,0.14209132245788086
0.35813299251433084,-0.12466637514245194,27.775734970582302,1.6673394372101775,14.02684585100358,0.9710433892017972,4.4048606211129995,0.3440449746377195
0.40301979977966995,-0.12466637514245194,31.54759576707011,3.2959672350140874,15.932752901298068,1.9567676780858703,4.999666400881596,0.6982302472295918
0.4535325211846986,-0.12466637514245194,36.415907910491285,5.8002119975841575,18.39569990976247,3.5246865462943022,5.769747014722535,1.2750585134533756
0.5103762839557767,-0.12466637514245194,42.670790205790226,9.360785990211717,21.55701671562182,5.849460524812919,6.767577789589213,2.1654320212766196
0.5743445928509872,-0.12466637514245194,50.662124315852225,14.064289177189512,25.600396169539902,9.104322924144796,8.031066621950512,3.450946597079528
0.6463304070095649,-0.12466637514245194,60.82730361558634,19.839821523430885,30.741653341061316,13.413780754536587,9.648348294188919,5.26084301419209
0.7273386051246984,-0.12466637514245194,73.67737154887655,26.387576032507706,37.24089333109293,18.806466005143854,11.689646069299087,7.697245246160433
0.8185000129460304,-0.12466637514245194,89.95217443297332,33.25043865638831,45.46745941973465,25.19656110077714,14.268315071741071,10.889013217934146
0.9210871889273549,-0.12466637514245194,110.4782378288069,39.8394287181542,55.84813710455646,32.25812175435102,17.53256655000994,14.96786702767178
1.0365321883776653,-0.12466637514245194,136.38919711654773,45.70552301895579,68.96005637305937,39.44779124600677,21.640947215584976,20.00681197414906
1.166446554092426,-0.12466637514245194,169.1043329524805,50.63178302153969,85.50746194270296,46.07228172069708,26.833424857053622,26.06004125031688
1.3126438125222553,-0.12466637514245194,210.29904016130993,54.610315989396994,106.32067414866799,51.584896208629225,33.373837387550296,33.0193250721167
1.4771647895120215,-0.12466637514245194,262.2367632999485,57.76797028051888,132.62975622236354,55.87569560154271,41.61351876399008,40.58681242790706
1.6623060990028473,-0.12466637514245194,327.86696076930554,60.25780542769677,165.78769724919994,59.09631642316407,52.025774166124314,48.17314457068406
1.8706522023821734,-0.12466637514245194,410.50562579309275,62.20856625788968,207.60135499013361,61.50168325584417,65.12641790174001,54.810307292173874
2.1051114860111477,-0.12466637514245194,514.9160381475356,63.74193390244621,260.4043218779461,63.31089633481218,81.67877428437761,59.674752221305816
2.368956860549917,-0.12466637514245194,646.6506866152407,64.94614611457578,327.1139574673391,64.68371271161723,102.61377941633596,62.761978507539126
2.6658714488230206,-0.12466637514245194,812.6947818078105,65.89229713118928,410.9084386744521,65.72915260691114,129.01028036004408,64.68623079159289
3.0,-0.12466637514245194,1022.5644089812843,66.6385536379936,516.9828882261406,66.53753271738508,162.23742646845022,65.94843186245927
-3.0,-0.07479982508547112,1105.6975587875763,66.85415278536831,559.6034915176228,66.77126268516588,175.5516543094049,66.28325249783357
-2.6658714488230206,-0.07479982508547112,878.8069344974191,66.16686745888794,444.08576365371994,66.02642273064762,139.36811309045564,65.16842180314936
-2.368956860549917,-0.07479982508547112,699.1612465967338,65.2955609463024,353.88226528191143,65.07628849394058,111.00929545351006,63.52346996494855
-2.1051114860111477,-0.07479982508547112,558.2295404556584,64.20312196685894,282.327608596706,63.84161539512277,88.64068988587633,60.959420978266664
-1.8706522023821734,-0.07479982508547112,447.17371582168306,62.83259898037719,226.2463431736347,62.250227626891785,70.99206259374688,56.900607757591544
-1.6623060990028473,-0.07479982508547112,359.91331679492214,61.12659545477006,182.07780019929916,60.18612477149112,57.14501532388705,51.125545379479746
-1.4771647895120215,-0.07479982508547112,290.97374776871123,59.004933044097406,147.12835654174577,57.49390788376775,46.205428792150364,44.20189959098215
-1.3126438125222553,-0.07479982508547112,236.57821475711654,56.391852069750406,119.67477851626843,54.03420539657702,37.51300764333761,36.993397074779864
-1.166446554092426,-0.07479982508547112,193.95811828100378,53.24372833280604,98.06349519178775,49.69295439052019,30.7757382678653,30.35134639822452
-1.0365321883776653,-0.07479982508547112,160.27453998758247,49.501591012198624,81.04695619663408,44.52022583781906,25.427578822433208,24.463129866872578
-0.9210871889273549,-0.07479982508547112,133.75828560277992,45.20617313559781,67.64802368141847,38.812179537184065,21.209122688568012,19.48576307801104
-0.8185000129460304,-0.07479982508547112,112.90236435070038,40.489538307821675,57.12496410166815,33.04251689268368,17.92788813838687,15.459336162360755
-0.7273386051246984,-0.07479982508547112,96.43084116438813,35.55744356456138,48.77931221952387,27.579748891758832,15.322906898821214,12.207831061475659
-0.6463304070095649,-0.07479982508547112,83.47103163600383,30.707253271822086,42.236081964760146,22.76110367477635,13.252984684917633,9.623920166863096
-0.5743445928509872,-0.07479982508547112,73.1705815080728,26.148031591523125,36.99449061698935,18.606223256472994,11.599783381084293,7.587693284448613
-0.5103762839557767,-0.07479982508547112,64.92662040048008,22.032611836214535,32.82793725057973,15.16457845667873,10.316874016604428,6.04475692851082
-0.4535325211846986,-0.07479982508547112,58.310168775263456,18.449939474465925,29.47800901438568,12.349974981058036,9.247453532593555,4.799399841202138
-0.40301979977966995,-0.07479982508547112,52.9166274142299,15.37792768703191,26.73625501924178,10.048581715598319,8.385708193308098,3.834867056358311
-0.35813299251433084,-0.07479982508547112,48.41363634757086,12.743155029716824,24.494343656330084,8.194242482563448,7.675530365436327,3.075148106351407
-0.3182455065418344,-0.07479982508547112,44.64224819928892,10.518499471246528,22.597179821189105,6.664830251360202,7.079317499986735,2.468739611900035
-0.2828005365353655,-0.07479982508547112,41.463766795122986,8.657154161388565,20.95626742262445,5.388068221412844,6.575104922420093,1.983543752573224
-0.2513032920204875,-0.07479982508547112,38.676188241524386,7.057622922447559,19.572799963851377,4.357873204938273,6.146149695633477,1.5947668825174754
-0.22331409039755062,-0.07479982508547112,36.271066594166584,5.721235436848092,18.347167066524822,3.4913330580799045,5.756633677532039,1.264321727136257
-0.19844221923690444,-0.07479982508547112,34.157348729089954,4.596136056481194,17.286160902740086,2.7848528242230923,5.421542458358623,1.0000681191886005
-0.17634048216824733,-0.07479982508547112,32.32593105400449,3.671571047436644,16.34713430962514,2.2005312012436775,5.134163466422822,0.7903833653622032
-0.15670035222800524,-0.07479982508547112,30.70810778708401,2.904223500790339,15.545235039461097,1.7374604099651811,4.875036233120075,0.6165254691058751
-0.13924766500838334,-0.07479982508547112,29.300446591918227,2.2826084078264226,14.833712228145737,1.358644386878853,4.6540333852577485,0.4810232543808427
-0.12373879148704055,-0.07479982508547112,28.087792380957694,1.7878245533879924,14.209427199803761,1.0545187805777394,4.462596864294908,0.3741940696233194
-0.10995723711238882,-0.07479982508547112,27.033673434940553,1.3931180247019503,13.676410371949515,0.8182742787639216,4.289810221280214,0.2870027166205028
-0.09771061966979347,-0.07479982508547112,26.11864082284125,1.0807182448580117,13.217745820808982,0.6340733942828845,4.147258968450121,0.22223819980985168
-0.0868279837415025,-0.07479982508547112,25.330949443096266,0.8368496992665087,12.818965565792965,0.48958751904089387,4.025012702833759,0.17226126287445523
-0.07715741427178036,-0.07479982508547112,24.654603838405407,0.6477536617691932,12.473744046734447,0.3772169265741036,3.9155478441480405,0.1321636948692767
-0.06856391592404971,-0.07479982508547112,24.071958637385595,0.5011492134170267,12.177011663477707,0.29071639440342445,3.820571077777256,0.10115141772627866
-0.06092752862714207,-0.07479982508547112,23.56818342508366,0.3874210950185638,11.922268399855968,0.22434865300875487,3.740495474372387,0.07787859714157915
-0.0541416530048151,-0.07479982508547112,23.13197071592545,0.2993142380288518,11.702803511148453,0.1733282047556297,3.672476028144846,0.060271201599021114
-0.04811156231253989,-0.07479982508547112,22.754339336901726,0.2312296964199407,11.51293035877884,0.13399619720562753,3.6134770686450985,0.04667162710048414
-0.04275308010908995,-0.07479982508547112,22.427576909952744,0.17873639391952564,11.348200008027016,0.10363172377169508,3.56173418785738,0.036068757685894993
-0.0379914052040221,-0.07479982508547112,22.144794981252975,0.1383106714147687,11.205098831113167,0.08018827776899873,3.5164039306158226,0.02782843625599187
-0.03376006747802295,-0.07479982508547112,21.89984867012596,0.10717689469066602,11.080720055479938,0.06209581582743036,3.4769199170275162,0.021470778076031323
-0.03,-0.07479982508547112,21.68735049835784,0.08317645144221489,10.972564430006745,0.048135881812452534,3.4426865416965495,0.016591398025989603
0.03,-0.07479982508547112,18.989603588665748,0.056256373301808694,9.60054635393793,0.032239208822493384,3.0122902276889265,0.011078386904213984
0.03376006747802295,-0.07479982508547112,18.867441224361514,0.06887981935562987,9.538573642132851,0.039431644356856255,2.9922999589715977,0.01361372431670315
0.0379914052040221,-0.07479982508547112,18.7367889171641,0.08388166339708755,9.472373023493232,0.047959619803898124,2.97100535138061,0.01661676524312954
0.04275308010908995,-0.07479982508547112,18.598427085805454,0.10148948728170341,9.402255470312117,0.057958877153966484,2.948813505692215,0.020083082833418975
0.04811156231253989,-0.07479982508547112,18.453843898514556,0.12181496438093296,9.328785323891436,0.06952106717340334,2.9262476009289338,0.023965750725256387
0.0541416530048151,-0.07479982508547112,18.305577512675583,0.14474162370982666,9.252982524864146,0.08263447123461992,2.903657627797888,0.028219835951010793
0.06092752862714207,-0.07479982508547112,18.157601672326503,0.16976827043006593,9.176689401068055,0.09706918191054661,2.8808862575961003,0.03288603692318662
0.06856391592404971,-0.07479982508547112,18.015577895170367,0.19584324371539555,9.10303191328379,0.11220379481311467,2.8575965572208877,0.03805747002418549
0.07715741427178036,-0.07479982508547112,17.886755817225783,0.2212682140514225,9.03659822940958,0.126881951069386,2.8349885789011116,0.043469929653500716
0.0868279837415025,-0.07479982508547112,17.779731743432837,0.24369619485266802,8.982751123638023,0.13950588099371908,2.8171768356102205,0.04801064238558496
0.09771061966979347,-0.07479982508547112,17.705404312811055,0.2599790706377577,8.94641024009812,0.1483981465811146,2.8074115826906394,0.050604775692884074
0.10995723711238882,-0.07479982508547112,17.680665619069245,0.2655282764732827,8.933216719627081,0.15170138524375457,2.8031418869739766,0.051762497625990965
0.12373879148704055,-0.07479982508547112,17.731710575449213,0.25414946403882666,8.955463832128688,0.14615455374816413,2.8080710137594354,0.050427248331544536
0.13924766500838334,-0.07479982508547112,17.888840986240513,0.22084307704882566,9.033640823218853,0.12755830352233252,2.836235765059327,0.04316116328793573
0.15670035222800524,-0.07479982508547112,18.182725223890642,0.165366360977093,9.183292244453327,0.0957703093237166,2.879823016954456,0.03311328700878834
0.17634048216824733,-0.07479982508547112,18.665914916306054,0.09267795121848603,9.422047619486012,0.055034708237064876,2.9571137471692643,0.018746037641915
0.19844221923690444,-0.07479982508547112,19.398553411634058,0.023589625479267913,9.793173322437587,0.014645718773067687,3.070193254138895,0.005250428752357462
0.22331409039755062,-0.07479982508547112,20.430310288250887,0.002588506339012853,10.317652228690049,0.0011579491640878227,3.2399747365606917,0.00045260623524301824
0.2513032920204875,-0.07479982508547112,21.898376924434203,0.1070009591360398,11.053791857076689,0.05846430042022961,3.4639010235596066,0.01954516247655653
0.2828005365353655,-0.07479982508547112,23.85499805305537,0.4506411999223341,12.048322602608314,0.25625190252115965,3.7784695606056813,0.0885790062064567
0.3182455065418344,-0.07479982508547112,26.502080601499053,1.2079925680229056,13.383423152428149,0.6984652799953478,4.198739665577852,0.24484555363112073
0.35813299251433084,-0.07479982508547112,29.9565912811645,2.5665017807613633,15.128175417883766,1.5114867749309862,4.750814061595191,0.5388281089854241
0.40301979977966995,-0.07479982508547112,34.46057096687459,4.754080209442822,17.40432015220306,2.861253652050803,5.461539047469234,1.0305428178805562
0.4535325211846986,-0.07479982508547112,40.261803620352,7.962305623527488,20.33929986978709,4.922634794171655,6.37957098459092,1.8033444060138168
0.5103762839557767,-0.07479982508547112,47.70341496324488,12.324438293886303,24.10066557476992,7.873183025735024,7.566420024442311,2.961823613496485
0.5743445928509872,-0.07479982508547112,57.20152367852437,17.82823432939379,28.906241072615334,11.86868833261086,9.068373246902695,4.595682851816369
0.6463304070095649,-0.07479982508547112,69.27622065362672,24.25480254937825,35.01301402064388,16.981382666271347,10.98884386875449,6.84757304150274
0.7273386051246984,-0.07479982508547112,84.53980850659605,31.14351196305088,42.73347189476498,23.142720650882048,13.413299139588549,9.823169533243787
0.8185000129460304,-0.07479982508547112,103.87116408978457,37.94008145124955,52.504929214680246,30.11609643874776,16.476349287222835,13.650532126278573
0.9210871889273549,-0.07479982508547112,128.259903520729,44.09976137960285,64.83816425381372,37.39018219416276,20.354564587114616,18.44791320382633
1.0365321883776653,-0.07479982508547112,159.05361781871085,49.33522677020974,80.4202311624455,44.28939491528045,25.237645764517712,24.244854374896363
1.166446554092426,-0.07479982508547112,197.94607962814104,53.59917876134075,100.09268472885722,50.18947055898859,31.410273345416506,31.015012555240034
1.3126438125222553,-0.07479982508547112,246.94377130168294,56.98437107852392,124.84850120478647,54.82306816838486,39.19038408705253,38.504978709674894
1.4771647895120215,-0.07479982508547112,308.7411083882233,59.647937677274506,156.1510853780791,58.32488824289375,48.994751569530365,46.188979686649475
1.6623060990028473,-0.07479982508547112,386.8601973912491,61.73998534756475,195.62067912948,60.93348939729811,61.387188864485566,53.21490804518348
1.8706522023821734,-0.07479982508547112,485.2690972114095,63.37662170359533,245.41232246601484,62.88634304459966,76.986586199526,58.59720377886269
2.1051114860111477,-0.07479982508547112,609.6564635248118,64.66247587115174,308.3186828137503,64.36314453483374,96.70511230842679,62.099111094410745
2.368956860549917,-0.07479982508547112,766.642692855578,65.67219881548189,387.8115516715613,65.4897341150537,121.65294923602718,64.27124643877164
2.6658714488230206,-0.07479982508547112,964.5868659246185,66.46565427771833,487.7002267667383,66.35175514671403,153.12037546892057,65.67458697367753
3.0,-0.07479982508547112,1214.8134654478035,67.09147512860854,614.1844594162908,67.0208293794579,192.73454644120338,66.63044625866911
-3.0,-0.024933275028490298,1292.83189709194,67.23614603448505,654.3427761826487,67.17661100067552,205.29958862188843,66.839373562604
-2.6658714488230206,-0.024933275028490298,1026.435682536861,66.64938673902138,518.7329396327409,66.54793149649333,162.81097310436112,65.96432384207058
-2.368956860549917,-0.024933275028490298,815.5896839442971,65.90527869055543,412.81145701219884,65.74759371689787,129.50999460590225,64.71199934730303
-2.1051114860111477,-0.024933275028490298,650.1157733295295,64.97100451713348,328.802646565944,64.71054881343974,103.24666139836673,62.82607459629962
-1.8706522023821734,-0.024933275028490298,519.726376141982,63.797110370773474,262.9491162503276,63.37758433852672,82.52134339838834,59.84853362504418
-1.6623060990028473,-0.024933275028490298,417.2461381963148,62.33192683732071,211.08832960900176,61.653196565027216,66.25467960451236,55.24965098494872
-1.4771647895120215,-0.024933275028490298,336.2958788067183,60.50330394460261,170.05062618322168,59.40510415837426,53.40764531763339,49.01856740188721
-1.3126438125222553,-0.024933275028490298,272.43075178292264,58.238513063318955,137.81200423954968,56.500101955600854,43.202151596366534,41.886285381805855
-1.166446554092426,-0.024933275028490298,222.37223577428625,55.4842124030278,112.43164322201181,52.78787520802591,35.28756622823328,34.89954765930368
-1.0365321883776653,-0.024933275028490298,182.8187023527512,52.16451163765821,92.44904115893227,48.198264019391964,29.006652980822018,28.460839424517005
-0.9210871889273549,-0.024933275028490298,151.68298439611078,48.273299545055856,76.71570427799375,42.85663798804425,24.05435152849393,22.871952193503475
-0.8185000129460304,-0.024933275028490298,127.19789219111729,43.875708183972215,64.35906148241902,37.139296215159874,20.199492665712217,18.258673624676728
-0.7273386051246984,-0.024933275028490298,107.87206444643355,39.11311545073908,54.56719157553142,31.452487618503344,17.14230863933154,14.481764314855308
-0.6463304070095649,-0.024933275028490298,92.67303581606384,34.24697905874777,46.89345465304043,26.237167070853516,14.715370778798086,11.447761955733416
-0.5743445928509872,-0.024933275028490298,80.61333357404695,29.507221154118646,40.75826179581119,21.613548056147206,12.7810890029471,9.038895743728608
-0.5103762839557767,-0.024933275028490298,70.98345489419935,25.096157395227873,35.89107782969867,17.704454543015768,11.280387242779565,7.199689777892217
-0.4535325211846986,-0.024933275028490298,63.27765129605018,21.161597658268747,31.989459217680203,14.462286126693074,10.036270275077655,5.713719127984638
-0.40301979977966995,-0.024933275028490298,57.02271905937427,17.727449878908995,28.81131743833344,11.788819394851345,9.037064337444153,4.560230369638784
-0.35813299251433084,-0.024933275028490298,51.83244089684083,14.74789400669703,26.224575117430746,9.622211328450891,8.217944985197642,3.6521935586297944
-0.3182455065418344,-0.024933275028490298,47.510900254512784,12.210871278730334,24.049602368315682,7.831664749846221,7.534568883036173,2.928930179623078
-0.2828005365353655,-0.024933275028490298,43.88907878241747,10.075284567417947,22.181590084159026,6.336748939033004,6.959987686969575,2.3514238014296756
-0.2513032920204875,-0.024933275028490298,40.73384923272545,8.234388455859866,20.61436902787889,5.129025739867011,6.473624727227002,1.8894243571958695
-0.22331409039755062,-0.024933275028490298,38.024443819668996,6.690667489581716,19.233904354638145,4.113469716670326,6.034976774030603,1.4981059484234573
-0.19844221923690444,-0.024933275028490298,35.65361014328844,5.387071612661037,18.043685448716385,3.284735165462788,5.6592163503921205,1.185462082116206
-0.17634048216824733,-0.024933275028490298,33.60575943326847,4.312167079993236,16.99401731738137,2.5986076146167147,5.337624876813261,0.9371244621951764
-0.15670035222800524,-0.024933275028490298,31.802122842793008,3.4175415302419454,16.099456522871687,2.053720557180379,5.048858515363064,0.7314682781263333
-0.13924766500838334,-0.024933275028490298,30.235791452800683,2.6904629322833893,15.307920706247577,1.6075510818125676,4.8028081488011605,0.5708807871973653
-0.12373879148704055,-0.024933275028490298,28.88853599719695,2.1100053956190283,14.61466937762244,1.248757178851047,4.590143985538437,0.4442326152146097
-0.10995723711238882,-0.024933275028490298,27.719320737265722,1.645875731978464,14.023414730801921,0.9694995989655151,4.3986188241375626,0.3408454732903397
-0.09771061966979347,-0.024933275028490298,26.70583470005973,1.277785199849147,13.515323030268805,0.7514809526062307,4.240630888692165,0.26389929693977976
-0.0868279837415025,-0.024933275028490298,25.834450584152695,0.9899334748114285,13.074219429726584,0.5803275495302592,4.105345734549477,0.20450590892455453
-0.07715741427178036,-0.024933275028490298,25.08712498744543,0.76642987473601,12.69285133346311,0.4471227493691962,3.984452801102354,0.15687616906654228
-0.06856391592404971,-0.024933275028490298,24.444129482688464,0.5929931892151884,12.365423025163492,0.34452711879479725,3.8796829739117102,0.12002940214979357
-0.06092752862714207,-0.024933275028490298,23.888876133507843,0.4583775046976779,12.084644066234581,0.2657874686041638,3.7914155848659896,0.0923663477584065
-0.0541416530048151,-0.024933275028490298,23.4086826397085,0.354059219177119,11.843031948954986,0.2052558755019117,3.7165109681591613,0.07143889348106876
-0.04811156231253989,-0.024933275028490298,22.993465383016183,0.27343963899799806,11.63424646090101,0.1586019143390711,3.6516242823992155,0.05528415350174526
-0.04275308010908995,-0.024933275028490298,22.634580009047923,0.21128543233763514,11.453319277538693,0.12259795721910463,3.5947946597411167,0.042698424926855966
-0.0379914052040221,-0.024933275028490298,22.32432749890086,0.1634288304721708,11.29632270726039,0.09481297745429099,3.5450684897167513,0.03292382241224426
-0.03376006747802295,-0.024933275028490298,22.05585775712348,0.12658325299003548,11.160009413927359,0.07338078417677793,3.5018008724372893,0.02538704422083445
-0.03,-0.024933275028490298,21.82317715981511,0.09819069170741682,11.041592324120817,0.056852920054681934,3.464321784237313,0.019606059392746303
0.03,-0.024933275028490298,18.902025259924887,0.06516948095395539,9.555960609405123,0.03733706539718178,2.998279403593536,0.012826736620735113
0.03376006747802295,-0.024933275028490298,18.772526847419446,0.0796225194620257,9.490261876262549,0.045568374298501094,2.9770777233032315,0.015728375653598897
0.0379914052040221,-0.024933275028490298,18.634597198745762,0.09671387361728102,9.420369667175628,0.05527950015772028,2.95458577961524,0.01914810203774682
0.04275308010908995,-0.024933275028490298,18.489290624694124,0.11664775347692566,9.34672641997409,0.06659415460130619,2.9312767152475794,0.023068898885582223
0.04811156231253989,-0.024933275028490298,18.33848504815019,0.13946882608403988,9.270078474370436,0.079570835879329,2.907757155923012,0.027420264599643702
0.0541416530048151,-0.024933275028490298,18.185267324524254,0.16492445984225562,9.191703096068887,0.09412945771253257,2.884457158462131,0.032128966507325156
0.06092752862714207,-0.024933275028490298,18.03436857385809,0.1922764108974225,9.11381481411078,0.10991379722133814,2.8612748364366207,0.03721360918399278
0.06856391592404971,-0.024933275028490298,17.892459415314754,0.22010639741362534,9.040074445194469,0.1260894597610435,2.8379395553954203,0.042741286420798254
0.07715741427178036,-0.024933275028490298,17.768072288314485,0.24621190674246193,8.975793157808747,0.14118507627902932,2.815871087970418,0.0483531988724479
0.0868279837415025,-0.024933275028490298,17.671384366606024,0.26762697405124647,8.927206125391288,0.15321953887308887,2.7996544262530225,0.05271876327813454
0.09771061966979347,-0.024933275028490298,17.615310796499028,0.28050216878673,8.900191779277263,0.1601459374608081,2.7929510304467797,0.0545838200978171
0.10995723711238882,-0.024933275028490298,17.61955087106493,0.27951682455536453,8.901584807141251,0.15978463278596233,2.793239752821019,0.0545027569213845
0.12373879148704055,-0.024933275028490298,17.7141875978043,0.25802449707185293,8.945605922619485,0.14859837642458118,2.8048737219975317,0.051291185686055486
0.13924766500838334,-0.024933275028490298,17.934137592618022,0.21171856464330763,9.055485680112941,0.122608711783146,2.843274898067259,0.04144085705013133
0.15670035222800524,-0.024933275028490298,18.315365558782013,0.14316222693273517,9.249378171489782,0.08328832122556849,2.900468313892315,0.028850382706171792
0.17634048216824733,-0.024933275028490298,18.918189627053778,0.06347241776958681,9.548222467718203,0.0382618506423211,2.996870258130872,0.013009993817330385
0.19844221923690444,-0.024933275028490298,19.811669513947738,0.00498984201729549,10.00083959722393,0.003467928098422086,3.1351921355518177,0.0013073592911485865
0.22331409039755062,-0.024933275028490298,21.05537098173503,0.02907310720286032,10.632641334187234,0.015444511513071881,3.339176019195762,0.005545204137707378
0.2513032920204875,-0.024933275028490298,22.80388094269276,0.2397152130924203,11.510271041483414,0.133477904589359,3.606939423147615,0.04526279863556348
0.2828005365353655,-0.024933275028490298,25.122446091018002,0.7764768307720014,12.688210711819972,0.4455907960848049,3.9792053442933732,0.15493058906383672
0.3182455065418344,-0.024933275028490298,28.239839449322552,1.8475867693013392,14.260905897475272,1.0785178989033863,4.474167919437027,0.38035509383520855
0.35813299251433084,-0.024933275028490298,32.297006991509555,3.6574134023188294,16.310262238795314,2.1784706670656266,5.122114409654,0.7819653600877408
0.40301979977966995,-0.024933275028490298,37.57138649583527,6.43754260375995,18.97601511827347,3.9298502191059868,5.954843483366221,1.4295654711914494
0.4535325211846986,-0.024933275028490298,44.354010031536845,10.348775538616847,22.40754865121329,6.514769983749108,7.028528855076366,2.418629891565242
0.5103762839557767,-0.024933275028490298,53.043800883035566,15.451600189475434,26.800045596161013,10.101836576483196,8.41415796892174,3.866026003667148
0.5743445928509872,-0.024933275028490298,64.12674063682344,21.612005925479046,32.4072842014561,14.812528961349354,10.166943937486913,5.867540397710488
0.6463304070095649,-0.024933275028490298,78.21015530149054,28.459748368193253,39.5297154730363,20.644633546621648,12.406318986109513,8.576164511488294
0.7273386051246984,-0.024933275028490298,96.01340699402853,35.415548552709296,48.535224206412856,27.408168352709822,15.233939532189913,12.09650161031122
0.8185000129460304,-0.024933275028490298,118.56184323179158,41.91735305273519,59.932715245787975,34.70219715377999,18.806807824348382,16.547946614433247
0.9210871889273549,-0.024933275028490298,147.0174119177743,47.54585743243283,74.32168395882033,41.865702504628956,23.33139734508405,22.02248016650283
1.0365321883776653,-0.024933275028490298,182.95334663198742,52.17837743701508,92.50510845148104,48.21412681182345,29.030361422009747,28.48656033815668
1.166446554092426,-0.024933275028490298,228.3531933081615,55.88094947181719,115.46950357865207,53.33244238390752,36.23547790002314,35.803669540320094
1.3126438125222553,-0.024933275028490298,285.5729655202376,58.79261257510351,144.37980494547654,57.21636694399291,45.321942839949834,43.53978186985976
1.4771647895120215,-0.024933275028490298,357.7619392247129,61.073414332183916,180.94521391860792,60.11771766791664,56.77545504243297,50.92861301969774
1.6623060990028473,-0.024933275028490298,449.0468226821212,62.86161005915237,227.06863433278215,62.28002694709667,71.25532279954243,56.98376526242494
1.8706522023821734,-0.024933275028490298,564.0842335538521,64.25981145246402,285.27238986267685,63.90600615725616,89.4893923664209,61.09487008935969
2.1051114860111477,-0.024933275028490298,709.5406132458188,65.35830659520725,358.834485468,65.14193469355058,112.54706910637239,63.644612223031736
2.368956860549917,-0.024933275028490298,893.1623779909396,66.2209744046399,451.81086999198243,66.08894074821652,141.7276322479827,65.26480045214413
2.6658714488230206,-0.024933275028490298,1124.7609129577359,66.8990048860344,568.6786212157863,66.81625962083065,178.54484940119158,66.34981458170724
3.0,-0.024933275028490298,1417.5668229861915,67.43380235844356,716.6974240323145,67.38241337984878,224.89759672149614,67.10944568864349
-3.0,0.02493327502849052,1488.1130780933963,67.53068411285349,753.2079017991181,67.48645446280166,236.34466948782688,67.24264541364097
-2.6658714488230206,0.02493327502849052,1180.4761091529326,67.02161948207205,596.624791478488,66.945780046987,187.2737775880726,66.52873713944123
-2.368956860549917,0.02493327502849052,937.0634429263591,66.37589566131317,474.29396374719744,66.25854228934708,148.81322137562742,65.5295625203669
-2.1051114860111477,0.02493327502849052,745.9689734291043,65.5642772301522,377.2843380501389,65.37007376219982,118.48401000866879,64.06918148740309
-1.8706522023821734,0.02493327502849052,595.396537674078,64.54335739641427,301.228595152081,64.23073543961155,94.54658610350857,61.8239240977926
-1.6623060990028473,0.02493327502849052,477.0260264507588,63.266609214168575,241.33733522630567,62.76064156295464,75.75347815671988,58.2799425473499
-1.4771647895120215,0.02493327502849052,383.5364915600903,61.66923663160716,193.94345489411364,60.84746581295859,60.914968443470414,52.997486973836004
-1.3126438125222553,0.02493327502849052,309.7851237545386,59.68329005222791,156.70897262024425,58.37259241127849,49.1298642244134,46.28127930106857
-1.166446554092426,0.02493327502849052,251.95952424815536,57.252519051856225,127.39316628978929,55.183852111389356,39.9858534550288,39.20168954143294
-1.0365321883776653,0.02493327502849052,206.27669433303026,54.29509428143167,104.3134017468868,51.15518168586041,32.730947985658744,32.37139052597489
-0.9210871889273549,0.02493327502849052,170.3169765018774,50.777611278277206,86.1422817621407,46.28076449630465,27.01235101721446,26.260865904513558
-0.8185000129460304,0.02493327502849052,142.04154496878348,46.71782276611711,71.87050634323914,40.79532137083106,22.55825160393868,21.105525429326445
-0.7273386051246984,0.02493327502849052,119.7344454832401,42.19825417254016,60.5681016756077,35.065421998389326,19.028707065311295,16.82177428519519
-0.6463304070095649,0.02493327502849052,102.1960065252585,37.42712502181449,51.71326599489482,29.590224320882108,16.228819066433402,13.341148480725444
-0.5743445928509872,0.02493327502849052,88.29835084740074,32.62450094436767,44.644609361131124,24.586391342465724,14.00095939299667,10.555255188688594
-0.5103762839557767,0.02493327502849052,77.2206735586176,28.018192449725134,39.04551435137264,20.259229911101798,12.272622378596699,8.411561164307118
-0.4535325211846986,0.02493327502849052,68.37709279814932,23.804620905071047,34.567696176206596,16.612994041285454,10.846135808790097,6.675999515237327
-0.40301979977966995,0.02493327502849052,61.22310737412152,20.05548045112186,30.93419223451117,13.575756662472715,9.703482701523656,5.324847314259352
-0.35813299251433084,0.02493327502849052,55.316767930319976,16.75909650270885,27.98800930368267,11.096778249992482,8.770833369200929,4.260842936697427
-0.3182455065418344,0.02493327502849052,50.42334757191302,13.924424235883805,25.524187594960885,9.041282909149984,7.9968418150008125,3.414357712454598
-0.2828005365353655,0.02493327502849052,46.34203825655061,11.521037928425743,23.42096151877372,7.323113280379716,7.349328690165682,2.739376553135869
-0.2513032920204875,0.02493327502849052,42.80760156289795,9.440836447155661,21.664086798729628,5.932471607427602,6.803680104614088,2.200021705918777
-0.22331409039755062,0.02493327502849052,39.78576612047895,7.689108268745017,20.124666810004125,4.762907506462131,6.314601600296348,1.7445515915053325
-0.19844221923690444,0.02493327502849052,37.15226528119265,6.204935400759779,18.802416170704667,3.8074517313342695,5.897298088542551,1.3809498500806108
-0.17634048216824733,0.02493327502849052,34.884281374715,4.976848581542903,17.64024694328411,3.0155809736009167,5.5408827917727645,1.091878727449742
-0.15670035222800524,0.02493327502849052,32.89251681683592,3.9518381264806077,16.651802510265323,2.3854654181277355,5.222117414182558,0.8527687906863107
-0.13924766500838334,0.02493327502849052,31.16609488077076,3.116138105060106,15.779549610438965,1.8690318141849647,4.9507792486186695,0.6657464102515573
-0.12373879148704055,0.02493327502849052,29.68343055086683,2.4470196645903037,15.016949225761715,1.4530811020173968,4.7167604561397125,0.5182094363064034
-0.10995723711238882,0.02493327502849052,28.39875715250731,1.910771748756769,14.367265938979415,1.1287344725768949,4.506449676297553,0.3977497693912815
-0.09771061966979347,0.02493327502849052,27.286748942575116,1.4846338671912027,13.809701608473832,0.8751982617283288,4.333002817836125,0.30793350512315165
-0.0868279837415025,0.02493327502849052,26.33178379634258,1.1508010983732588,13.32633452199891,0.6759973221698664,4.184690421569992,0.23858668092139457
-0.07715741427178036,0.02493327502849052,25.513705565338753,0.8912403157975701,12.908943285265615,0.5208518122012264,4.052411772668839,0.1829973190165196
-0.06856391592404971,0.02493327502849052,24.810663958923254,0.6896343156243356,12.550977007070102,0.4012873202575439,3.937902311513574,0.13998141413608528
-0.06092752862714207,0.02493327502849052,24.204284402454814,0.5330616299667443,12.244339122555344,0.30949385862189527,3.8414977454465076,0.10767273948687708
-0.0541416530048151,0.02493327502849052,23.680486044089495,0.4116860162372119,11.980766546318574,0.2389226556345336,3.7597637884822275,0.08323139309292746
-0.04811156231253989,0.02493327502849052,23.2280647012106,0.31786890585175803,11.753259124216198,0.18453894178086472,3.6890475076268947,0.06437331774132496
-0.04275308010908995,0.02493327502849052,22.837431530003844,0.24553926795832123,11.556323886015216,0.14258191074731522,3.627190505012181,0.04969096937466159
-0.0379914052040221,0.02493327502849052,22.500069055869844,0.1898547372967403,11.385614928096933,0.1102150408822966,3.573126868566975,0.03829497482889982
-0.03376006747802295,0.02493327502849052,22.208417387005042,0.14699232497192338,11.237541421366727,0.0852594203496456,3.526131362479822,0.02951277002436813
-0.03,0.02493327502849052,21.955874351221805,0.11397394160290035,11.109026665280599,0.0660235340234766,3.485458542265006,0.022779967307163966
0.03,0.02493327502849052,18.818619850655505,0.07430270112047536,9.513494958513572,0.042558897139228904,2.9849346877333622,0.014616902313459221
0.03376006747802295,0.02493327502849052,18.68238228410155,0.09059252708958312,9.44437264821144,0.05183250993859315,2.9626180680433962,0.01788615868629725
0.0379914052040221,0.02493327502849052,18.537867431244315,0.10976129439829033,9.371139262167477,0.06271910052408664,2.9390403955499216,0.021719994885968014
0.04275308010908995,0.02493327502849052,18.386421101737835,0.1319766566805175,9.294377788696279,0.07532301354873518,2.9147429159608715,0.02608599391735039
0.04811156231253989,0.02493327502849052,18.230332109236898,0.1571971792704412,9.21502771702239,0.0896590685096499,2.890418202642975,0.030886224559018734
0.0541416530048151,0.02493327502849052,18.07326122970741,0.1850075609451991,9.134637113695636,0.1055641715181453,2.866580264808274,0.03601442365901401
0.06092752862714207,0.02493327502849052,17.920727027773776,0.21439792915025252,9.05580852145369,0.12253636411973447,2.8431892520846063,0.041461560232336735
0.06856391592404971,0.02493327502849052,17.780445621591028,0.2435426284261079,8.982755653283666,0.13950479142672523,2.8200501226767565,0.04726152525555645
0.07715741427178036,0.02493327502849052,17.66227800707719,0.2696950478028379,8.921533635634505,0.1546599412125897,2.79881060495955,0.05295158129748216
0.0868279837415025,0.02493327502849052,17.578042020074978,0.2892462001116695,8.87927718502078,0.16562476805480286,2.784528942526304,0.05697760072759275
0.09771061966979347,0.02493327502849052,17.5427467467843,0.29766543270551615,8.862862897187135,0.16999621356538205,2.781283669321679,0.0579150837100005
0.10995723711238882,0.02493327502849052,17.578991266392133,0.2890216295428335,8.880372862689628,0.1653352109003143,2.786610580938194,0.05638069067858501
0.12373879148704055,0.02493327502849052,17.72085039456158,0.256547255959916,8.948012861574615,0.14799962688048812,2.8055364692797196,0.05111144566983947
0.13924766500838334,0.02493327502849052,18.007989223636535,0.19729389723614288,9.091810690638708,0.11461416535615956,2.8548613317978866,0.038691611253353894
0.15670035222800524,0.02493327502849052,18.481865878709137,0.11772013523651942,9.332623369697146,0.06888927464828185,2.9265078751388782,0.023918889192445572
0.17634048216824733,0.02493327502849052,19.210790807862736,0.036781232835219196,9.69483964265697,0.02273749854468306,3.043052914368824,0.0077047698174660855
0.19844221923690444,0.02493327502849052,20.273011842870005,0.0004112774394182858,10.232949831618773,8.839629859455883e-05,3.20787360065597,1.4585645627200848e-05
0.22331409039755062,0.02493327502849052,21.73846065524427,0.08868946785347963,10.977018483974515,0.048677694060529575,3.4476119849965516,0.017256729662123195
0.2513032920204875,0.02493327502849052,23.779504231254098,0.43360425054658575,12.002274593614821,0.244382149881672,3.7611497594232532,0.08362252891115343
0.2828005365353655,0.02493327502849052,26.475155600800882,1.1988804699349198,13.371268597842743,0.6936572732699472,4.19350330334812,0.2425050086584023
0.3182455065418344,0.02493327502849052,30.081796077958376,2.6218649883168377,15.19113886162445,1.5449038519321865,4.766165514462997,0.5482204846698986
0.35813299251433084,0.02493327502849052,34.765577711705376,4.9142034645126795,17.557216172959578,2.9610018600087256,5.513775009405603,1.0707932117429624
0.40301979977966995,0.02493327502849052,40.84058773158669,8.29606236559517,20.62787345913779,5.139205737651448,6.473313743819217,1.8891378897867954
0.4535325211846986,0.02493327502849052,48.64300825303769,12.878275649892142,24.575389528424203,8.260542275038095,7.708754860678795,3.1098497605450097
0.5103762839557767,0.02493327502849052,58.62982531359199,18.628147303768998,29.623725102995607,12.472665339729119,9.300923462428795,4.860525764539157
0.5743445928509872,0.02493327502849052,71.35983416911593,25.27925905620676,36.064094486005835,17.846379332873447,11.314402353387395,7.240904319069794
0.6463304070095649,0.02493327502849052,87.5312826552653,32.32889738687419,44.2422726148124,24.285512033182652,13.885246826292008,10.410921925015472
0.7273386051246984,0.02493327502849052,107.97529354430839,39.14243887894227,54.58398794355373,31.463172782595667,17.1320690071022,14.468998753957056
0.8185000129460304,0.02493327502849052,133.8697486291382,45.22771022134525,67.67268475682715,38.8242910824398,21.235181553667868,19.517272929936727
0.9210871889273549,0.02493327502849052,166.55639602253007,50.318255182237415,84.2004009264066,45.63352325634155,26.432219522940514,25.607723897667704
1.0365321883776653,0.02493327502849052,207.84362382139386,54.41942324665161,105.09090066070651,51.3237898291738,32.98024826849509,32.62361237929658
1.166446554092426,0.02493327502849052,260.0171437139568,57.660310771982324,131.48187235804465,55.72955274743978,41.260085488773214,40.29066793247385
1.3126438125222553,0.02493327502849052,325.7974793135847,60.195472447680025,164.71779380362418,59.01587530307198,51.7067334693764,47.97274246511623
1.4771647895120215,0.02493327502849052,408.8081761460948,62.17682630107105,206.76372254519708,61.46441305635234,64.87767016213019,54.710905384854556
1.6623060990028473,0.02493327502849052,513.8065039999896,63.729054135667496,259.81783276928417,63.29531939677479,81.53173814728109,59.643851593436295
1.8706522023821734,0.02493327502849052,646.1672993036444,64.9426563691621,326.7851731154315,64.67845241005527,102.51050714035523,62.75140313545202
2.1051114860111477,0.02493327502849052,813.5774212280193,65.89626520732213,411.4504701828727,65.73442383614955,129.04747392456588,64.68815847360247
2.368956860549917,0.02493327502849052,1024.9564924509523,66.64525736136878,518.4779008056047,66.54642069165219,162.63900717767433,65.95957428687379
2.6658714488230206,0.02493327502849052,1291.631875800688,67.23405561334854,653.0423370768002,67.17188071655178,205.03213871480264,66.83525224446161
3.0,0.02493327502849052,1628.8197645559992,67.69848537890809,823.5081210384882,67.65983373204563,258.4086122852795,67.46059478953589
-3.0,0.07479982508547134,1689.5948450423507,67.76219701929521,855.2134131347573,67.72836710714219,268.37732312054317,67.5454672206364
-2.6658714488230206,0.07479982508547134,1339.3951912632242,67.31431434175656,676.9857863161598,67.2559281728108,212.5128953393145,66.94578943869573
-2.368956860549917,0.07479982508547134,1062.3754549174337,66.74610499506214,537.7189098521611,66.65614403532769,168.7270947951604,66.12012888045788
-2.1051114860111477,0.07479982508547134,844.8390845156733,66.03131236348649,427.2921159563518,65.88214344405816,134.20163832953995,64.9408814859142
-1.8706522023821734,0.07479982508547134,673.4367503392566,65.13142691616437,340.70671208839263,64.89148114073711,106.94895942451197,63.177952240406924
-1.6623060990028473,0.07479982508547134,538.6653740207819,64.00437467273119,272.5274677368183,63.61614330704894,85.54801942065987,60.42927925259174
-1.4771647895120215,0.07479982508547134,432.23413537805976,62.59176290097283,218.57341331123902,61.959822450953695,68.65405378136239,56.12349443489544
-1.3126438125222553,0.07479982508547134,348.2793723903265,60.830728533352925,176.1825842068283,59.81882541441,55.23867625222483,50.083086764840786
-1.166446554092426,0.07479982508547134,282.4364554313085,58.66534567851335,142.80466486954666,57.05163710361919,44.82556249583936,43.16081410689825
-1.0365321883776653,0.07479982508547134,230.4268776252823,56.01340849923172,116.52792369833061,53.51455968483427,36.565261422686774,36.11396017936213
-0.9210871889273549,0.07479982508547134,189.48739951160596,52.82654999780737,95.84029569690729,49.123110866159905,30.055656851063148,29.588923764549744
-0.8185000129460304,0.07479982508547134,157.29883256643095,49.09152432211239,79.59124629478035,43.97903124937905,24.982789990357976,23.95104594661055
-0.7273386051246984,0.07479982508547134,131.91364832278282,44.844715312806144,66.72926103160322,38.35642002127985,20.965511465503386,19.19078851558355
-0.6463304070095649,0.07479982508547134,111.95927093114072,40.239467683723525,56.65468479898483,32.75577341563573,17.780502244187332,15.276223642940778
-0.5743445928509872,0.07479982508547134,96.16342210472631,35.46664615606733,48.62205703985541,27.46928232455624,15.249502513768967,12.115976117579565
-0.5103762839557767,0.07479982508547134,83.5904217352883,30.756323177213023,42.26703008182367,22.784917411114538,13.285964103567094,9.664890305760435
-0.4535325211846986,0.07479982508547134,73.57169620711933,26.337756888435223,37.194102555653856,18.76847387582775,11.671193235478682,7.674736183398107
-0.40301979977966995,0.07479982508547134,65.48942949991255,22.32637558376409,33.09052230111743,15.38401820233797,10.380449609931388,6.120128439584074
-0.35813299251433084,0.07479982508547134,58.84458646341098,18.74760551769294,29.773494312075698,12.598773231626724,9.33069081452645,4.894613313709124
-0.3182455065418344,0.07479982508547134,53.36226174063759,15.635862042015106,27.01216990147869,10.279069721287833,8.463379276505016,3.9200547892512825
-0.2828005365353655,0.07479982508547134,48.80878630872961,12.975894613969432,24.667377224790258,8.335873357314581,7.740922758284452,3.143532374212225
-0.2513032920204875,0.07479982508547134,44.88615539919786,10.662205749727136,22.716247041744186,6.7593476389202065,7.134520483038564,2.523498080003278
-0.22331409039755062,0.07479982508547134,41.54567650827193,8.70473677095044,21.014730944846356,5.43263015841958,6.59402409902424,2.00122949957349
-0.19844221923690444,0.07479982508547134,38.64546253127313,7.040252847407471,19.55838693659231,4.347409546839726,6.134540729381378,1.584589885011491
-0.17634048216824733,0.07479982508547134,36.154850442253675,5.6580250672309775,18.282470966290965,3.447004456819358,5.742883266401441,1.253093938420536
-0.15670035222800524,0.07479982508547134,33.97364679929318,4.501072678711781,17.199425185381045,2.729158663909769,5.3939176054247095,0.9791973272128813
-0.13924766500838334,0.07479982508547134,32.08656866023686,3.554862345577053,16.246178852028525,2.140298484096589,5.097187367778688,0.76465020662479
-0.12373879148704055,0.07479982508547134,30.46841796931183,2.7951204456594816,15.414217522254129,1.6653139133625412,4.841801465376695,0.5953634036598292
-0.10995723711238882,0.07479982508547134,29.068552922269095,2.184885876035132,14.706232572404444,1.2942863011948487,4.612758995954623,0.4571282255664391
-0.09771061966979347,0.07479982508547134,27.858494487767228,1.6990042988009377,14.099421525879208,1.0039146215998718,4.423916510720014,0.3538856374272286
-0.0868279837415025,0.07479982508547134,26.820521411427602,1.317710983081726,13.574083150555996,0.7755877332261409,4.262660631807122,0.27415135221583237
-0.07715741427178036,0.07479982508547134,25.93230860475146,1.0208458720042126,13.120990088243339,0.5976304030336947,4.119100802792114,0.21025771087638473
-0.06856391592404971,0.07479982508547134,25.169854562624362,0.7900446657123051,12.732810785345213,0.4604045311322895,3.9949580867379,0.16080223496602614
-0.06092752862714207,0.07479982508547134,24.51297779520396,0.6106855744914069,12.400630736157323,0.35501399762554,3.8905150818162597,0.12364079437800085
-0.0541416530048151,0.07479982508547134,23.94618280536037,0.4715912790160971,12.115401481801785,0.2739807042812855,3.8020442048996586,0.09552810638168409
-0.04811156231253989,0.07479982508547134,23.457133335516318,0.3640555136261776,11.869460226171784,0.21154054493737123,3.7255869839777973,0.07384644204994313
-0.04275308010908995,0.07479982508547134,23.035289356535742,0.28114389656350935,11.656787227202837,0.1633789461038481,3.658787548000002,0.05697530093658151
-0.0379914052040221,0.07479982508547134,22.671312184324947,0.2173167483345977,11.472616848563414,0.12623735550377416,3.6004663242872907,0.043887441444562254
-0.03376006747802295,0.07479982508547134,22.35693203269993,0.1681952906281754,11.31301405559545,0.09761096776204793,3.5498165376173683,0.03380623704175724
-0.03,0.07479982508547134,22.084939626728953,0.13036535723004544,11.174612596155539,0.07555477642566298,3.506016857723598,0.026081100427716927
0.03,0.07479982508547134,18.73939978833259,0.08356651697355194,9.473156356230744,0.047853557135634696,2.9722582909816064,0.016431356873293168
0.03376006747802295,0.07479982508547134,18.596983607675032,0.10168262403059797,9.400894557339447,0.05816289881207553,2.948917508392331,0.020066028094865292
0.0379914052040221,0.07479982508547134,18.446524392126484,0.12289695632140739,9.32464449263841,0.07020615892495545,2.9243576127298554,0.024307500753366584
0.04275308010908995,0.07479982508547134,18.28967232975621,0.14732808049185955,9.245136413988062,0.08406134929108958,2.899189220053025,0.02910536232262731
0.04811156231253989,0.07479982508547134,18.129142153918263,0.17483079076762906,9.163511048918826,0.09968985858990667,2.8741923665138933,0.03433078874624807
0.0541416530048151,0.07479982508547134,17.969185923266576,0.2048033410909574,9.08159677930134,0.11683241802868098,2.849967717243339,0.039840313700250055
0.06092752862714207,0.07479982508547134,17.816129667489204,0.2359345194406574,9.00239485639339,0.13482458893850027,2.826542606691971,0.04559243497695746
0.06856391592404971,0.07479982508547134,17.678758683892937,0.2659587280796989,8.93068338602886,0.152340237999672,2.803804934600031,0.05158177312490203
0.07715741427178036,0.07479982508547134,17.5682923352613,0.29155839114391663,8.873274219891947,0.16721616303704417,2.783635841156048,0.05723475751463745
0.0868279837415025,0.07479982508547134,17.498228963842706,0.30847736283168015,8.838218722516116,0.17667816393950422,2.7715660848491463,0.06077273519438418
0.09771061966979347,0.07479982508547134,17.48572386153555,0.31155330177130036,8.833418634391238,0.1779962928971868,2.7720935486790235,0.06061567564190954
0.10995723711238882,0.07479982508547134,17.5563367110952,0.29440775929542956,8.868241389545984,0.1685568688627387,2.782833595175879,0.05746629678137877
0.12373879148704055,0.07479982508547134,17.748198926115435,0.25053287132007934,8.960915126858197,0.14481271808273166,2.8095030808555297,0.05004289173276445
0.13924766500838334,0.07479982508547134,18.105811269855458,0.1790415222361036,9.14029704078354,0.10439831001436023,2.870266324306602,0.03519372266806506
0.15670035222800524,0.07479982508547134,18.67626430458268,0.09136435672641824,9.430012339731661,0.05388061105806121,2.956994605197194,0.01876488559301712
0.17634048216824733,0.07479982508547134,19.53601471974962,0.01583158976311502,9.858001855813516,0.010305715898665684,3.0944367902599135,0.0034642000573408133
0.19844221923690444,0.07479982508547134,20.772688053897888,0.013639237146291915,10.484497886148874,0.006738740693386039,3.2866657161227213,0.0021575547379004893
0.22331409039755062,0.07479982508547134,22.466938016345782,0.18473559077831309,11.344388059151859,0.1029714528210757,3.5632730798116223,0.03636586074229023
0.2513032920204875,0.07479982508547134,24.809172036003364,0.6892288632494906,12.521667057176064,0.3920786188448545,3.9239762414497283,0.13508847883433428
0.2828005365353655,0.07479982508547134,27.892762562379744,1.7121771477545102,14.087192181562497,0.9983467863071196,4.418128099410839,0.3508848886320153
0.3182455065418344,0.07479982508547134,32.00224103442579,3.513994577513512,16.1611129766458,2.0899626316854327,5.070648109394688,0.7463647094627279
0.35813299251433084,0.07479982508547134,37.329908946248864,6.303335877659311,18.85264691732669,3.842765608578295,5.920652331525009,1.40061815843741
0.40301979977966995,0.07479982508547134,44.227443974930246,10.274288406529834,22.339286303439547,6.460897876432883,7.010481823939188,2.4008873368282937
0.4535325211846986,0.07479982508547134,53.07762883677561,15.471188431156623,26.816932185254426,10.115937587655388,8.41212211574947,3.8637945813272885
0.5103762839557767,0.07479982508547134,64.39722634247124,21.75464174998261,32.53919195081627,14.92298866146874,10.21651020120274,5.926043201843544
0.5743445928509872,0.07479982508547134,78.8200903627345,28.728940434823052,39.83584021766482,20.887283487437507,12.49793311317253,8.689107064340412
0.6463304070095649,0.07479982508547134,97.13818586348283,35.79582839560321,49.09938505695193,27.80374581419956,15.409531554621893,12.316230908379563
0.7273386051246984,0.07479982508547134,120.29794766388991,42.33149767166463,60.81525307023296,35.20548519745872,19.087453483176457,16.894194103624077
0.8185000129460304,0.07479982508547134,149.634425692587,47.95946726142936,75.64367621193483,42.41940992989883,23.736011974008598,22.49887345392118
0.9210871889273549,0.07479982508547134,186.67478287370034,52.5533554900568,94.37212288740344,48.73122487013076,29.62496534127473,29.128241501374458
1.0365321883776653,0.07479982508547134,233.46979871718636,56.20326144607893,118.0488171400929,53.76969366735211,37.04689376158129,36.5631605913142
1.166446554092426,0.07479982508547134,292.61672405750886,59.06787338797537,147.96733869041907,57.576214730212044,46.43313663511358,44.36998728845709
1.3126438125222553,0.07479982508547134,367.211981033885,61.30211740346145,185.65748894446125,60.3959755616463,58.28040825793488,51.715327270389224
1.4771647895120215,0.07479982508547134,461.3680942283989,63.046298479600004,233.34774858929546,62.49973445138735,73.22016373213256,57.57811186830841
1.6623060990028473,0.07479982508547134,580.4925998370329,64.41235958081651,293.54124578757234,64.07916764317335,92.11382583421592,61.48901841361474
1.8706522023821734,0.07479982508547134,730.7011110120558,65.48053015178441,369.5373762939339,65.27729027001573,115.92029616454805,63.89373142680459
2.1051114860111477,0.07479982508547134,920.7332879086902,66.3200385069431,465.64386949834943,66.19535866185228,146.04241525626568,65.43016068694938
2.368956860549917,0.07479982508547134,1160.7178032654851,66.97951135970588,587.1513193347679,66.90332818419789,184.1796958885328,66.46775089746639
2.6658714488230206,0.07479982508547134,1463.5462091273157,67.49802359750028,739.9554656948568,67.44992636216473,232.31981441386844,67.19758871563353
3.0,0.07479982508547134,1846.4807618467275,67.9070225601835,933.5589948435104,67.87710045263788,292.9358637007664,67.72643386088009
-3.0,0.12466637514245216,1895.266515623671,67.94710838609282,959.3412569919328,67.92056455215004,301.07775127010336,67.77902626649077
-2.6658714488230206,0.12466637514245216,1501.6087360190386,67.54816387965163,759.0145147133717,67.50204124931116,238.27657734856217,67.26363343306625
-2.368956860549917,0.12466637514245216,1190.2779785787766,67.0419796378653,602.4548489319695,66.9712075570047,189.0532787916372,66.56268523903373
-2.1051114860111477,0.12466637514245216,945.7436548072549,66.40478145055005,478.32902598437676,66.28718332792602,150.24330808168406,65.57894757371324
-1.8706522023821734,0.12466637514245216,753.0737227006479,65.60205459706538,380.9923306981486,65.41303824714214,119.60553259279709,64.14248270349175
-1.6623060990028473,0.12466637514245216,601.5559133887124,64.59552799937799,304.35093051257104,64.28988466036196,95.54163531225883,61.95321551309086
-1.4771647895120215,0.12466637514245216,481.9108081286276,63.33227675662711,243.6987036716144,62.83406072555195,76.54893280987714,58.48634590268588
-1.3126438125222553,0.12466637514245216,387.5382416507578,61.75426128105859,196.04301650744583,60.954883130462775,61.46900997751564,53.25220621319023
-1.166446554092426,0.12466637514245216,313.50878391294486,59.807348334012374,158.5173200731876,58.52451623016378,49.759957263709246,46.706935271354666
-1.0365321883776653,0.12466637514245216,255.03894711719636,57.41160051433279,128.9761111996246,55.399921765894575,40.47301679205194,39.62196221668948
-0.9210871889273549,0.12466637514245216,209.01435536852614,54.51103112300981,105.71872942860755,51.4579348935708,33.15568975700626,32.80037753057237
-0.8185000129460304,0.12466637514245216,172.82953353587453,51.073047249027304,87.45033193246336,46.701065478812524,27.4508246569944,26.750640915146462
-0.7273386051246984,0.12466637514245216,144.30065626925904,47.100740578702776,72.99552196439681,41.293755896322196,22.935389526198662,21.553885008192406
-0.6463304070095649,0.12466637514245216,121.87832767487605,42.69926031544906,61.67494526070333,35.68736638782714,19.356986507210788,17.22604839148579
-0.5743445928509872,0.12466637514245216,104.14321059186557,38.02214686022181,52.65754915431652,30.216657899596377,16.516331428291064,13.700486877053697
-0.5103762839557767,0.12466637514245216,90.0423072042659,33.28410866150763,45.5301260658789,25.242742275620735,14.312395187253934,10.94407368406273
-0.4535325211846986,0.12466637514245216,78.82262748190423,28.730055424486615,39.84903134091879,20.897721541570128,12.50526313526976,8.698148649261622
-0.40301979977966995,0.12466637514245216,69.79171703369356,24.51070986517351,35.265138907981644,17.189466721981468,11.063197002422077,6.937175419339601
-0.35813299251433084,0.12466637514245216,62.3926334072323,20.6879060833018,31.56925460619703,14.109564820761435,9.893817092742127,5.54673868873488
-0.3182455065418344,0.12466637514245216,56.30939985006401,17.32401244000941,28.504320064047786,11.53060694267263,8.93127887690691,4.4408182522050925
-0.2828005365353655,0.12466637514245216,51.2748112779621,14.42258929645283,25.91350121952308,9.36377522604902,8.1324607072592,3.5598350748544947
-0.2513032920204875,0.12466637514245216,46.957774574616934,11.884470247498422,23.764916457241725,7.600755008833086,7.464279179742134,2.8566482530659956
-0.22331409039755062,0.12466637514245216,43.2945260987953,9.726151318543087,21.899224406997952,6.115548938991148,6.871713387231276,2.2655958143095054
-0.19844221923690444,0.12466637514245216,40.12516786977399,7.8837635276079965,20.307538433799216,4.8989241371315995,6.369667937917699,1.794347080778208
-0.17634048216824733,0.12466637514245216,37.41071175808525,6.348187302357639,18.917281525013568,3.888328570416196,5.942554830596318,1.419140777778181
-0.15670035222800524,0.12466637514245216,35.039808926163445,5.059197906627926,17.739445546824673,3.081159088861,5.563353830591345,1.1094585274471418
-0.13924766500838334,0.12466637514245216,32.99239329044382,4.001805492853473,16.705372253435986,2.4184600055835697,5.241268075462841,0.866567017937655
-0.12373879148704055,0.12466637514245216,31.239426904870125,3.1504766535242714,15.804418063360107,1.8831828949306368,4.9646199769160395,0.6748869462358686
-0.10995723711238882,0.12466637514245216,29.725275576375044,2.4652052303131082,15.03858170172469,1.4643772414631284,4.717002452174346,0.51835490020282
-0.09771061966979347,0.12466637514245216,28.418185642674267,1.918546417386621,14.38302442567794,1.1362463271457186,4.512914212225432,0.40126930307167585
-0.0868279837415025,0.12466637514245216,27.29824257504802,1.488840342832161,13.816241050827298,0.8780288966893951,4.338871301844648,0.3108227376662899
-0.07715741427178036,0.12466637514245216,26.340905804959597,1.1538378687270352,13.327966280650527,0.6766354631422147,4.184197281636763,0.23836819879482293
-0.06856391592404971,0.12466637514245216,25.52000332504968,0.8931387573513276,12.910066332546762,0.5212470527711102,4.050580772784894,0.18227133446771343
-0.06092752862714207,0.12466637514245216,24.813535669088452,0.6904150199641845,12.552801023036658,0.40186337120023663,3.9382422526917424,0.14010178936590678
-0.0541416530048151,0.12466637514245216,24.204584483040428,0.533134939359389,12.24633584880186,0.31005846612978616,3.8431634674508746,0.10819949645318852
-0.04811156231253989,0.12466637514245216,23.679676681946397,0.41150887237345546,11.982346406013574,0.2393218376616746,3.7610844432889086,0.08360407766314916
-0.04275308010908995,0.12466637514245216,23.227320265259262,0.317723282495735,11.754287229982056,0.18477063507575256,3.689453034028588,0.06447523135226962
-0.0379914052040221,0.12466637514245216,22.837357779784494,0.24552639724112021,11.556974089965035,0.1427123929753562,3.626975448132392,0.04964295130710415
-0.03376006747802295,0.12466637514245216,22.500813966802735,0.18997056313033875,11.386129271345512,0.11030683625785592,3.572762789467323,0.03822287734236552
-0.03,0.12466637514245216,22.209877766062384,0.14719444670208826,11.238098940553222,0.08534782562960125,3.525917920159388,0.029475316033501696
0.03,0.12466637514245216,18.664364917067306,0.09287554464665315,9.43494536766105,0.0531723088794151,2.960250416251976,0.018253419752309073
0.03376006747802295,0.12466637514245216,18.516292312210265,0.11279215326250258,9.359808801710386,0.06450219045513338,2.935970230622704,0.022248267577185378
0.0379914052040221,0.12466637514245216,18.360475916725,0.13600405327238685,9.280839444570509,0.07767426901352881,2.910523136382328,0.026887717997682938
0.04275308010908995,0.12466637514245216,18.19887837091933,0.16256933627924286,9.198919112789973,0.09273389897495041,2.884589582616786,0.032101073189831554
0.04811156231253989,0.12466637514245216,18.03464915296853,0.19222342329919662,9.11539474913563,0.10958041589210948,2.8590375839237656,0.03772565576118969
0.0541416530048151,0.12466637514245216,17.872640987167564,0.2241578731597914,9.032380543123557,0.1278471242363045,2.8345559635438993,0.04357731176229575
0.06092752862714207,0.12466637514245216,17.71999719455748,0.2567361606149265,8.953281957702098,0.14669352979322048,2.81124291828391,0.04957809349780318
0.06856391592404971,0.12466637514245216,17.58658303363707,0.28722908452490714,8.883446354447033,0.16452446814187913,2.789074659224278,0.05567857841399873
0.07715741427178036,0.12466637514245216,17.48498987535264,0.3117343746822057,8.830446775936766,0.1788151083728338,2.770168378779467,0.06119000567663797
0.0868279837415025,0.12466637514245216,17.43041617666741,0.32536300483366565,8.803258156792173,0.1864033286946454,2.7605230683602846,0.06411256177820869
0.09771061966979347,0.12466637514245216,17.442190168388713,0.32239502814365634,8.810821777350007,0.18427474144384054,2.765054588231698,0.06273011733624656
0.10995723711238882,0.12466637514245216,17.54886071648881,0.29619736586878687,8.863812203179135,0.16974167591329792,2.781475873153519,0.05785932601618711
0.12373879148704055,0.12466637514245216,17.79264108021986,0.2409274556493508,8.982496595262965,0.1395671130929205,2.816202757630473,0.04826606104453718
0.13924766500838334,0.12466637514245216,18.222907575884047,0.15845642368847848,9.198569493471927,0.09280125512462428,2.88874342684981,0.031232720845349334
0.15670035222800524,0.12466637514245216,18.89246300826565,0.06618452346346124,9.538460823646579,0.039445431653793536,2.9909598438776794,0.013793472178210012
0.17634048216824733,0.12466637514245216,19.88599070621794,0.003121610300769852,10.033727459101845,0.0024147325061218343,3.1497705233616524,0.0007889090311243964
0.19844221923690444,0.12466637514245216,21.30059889820735,0.046920973995256944,10.750373130888416,0.024800621283480206,3.3699637923458785,0.008235625827253111
0.22331409039755062,0.12466637514245216,23.22790300593566,0.31783727323053934,11.728223696842502,0.17893707167313216,3.684108809787969,0.06313801398961887
0.2513032920204875,0.12466637514245216,25.87648212246981,1.0031655669174684,13.060147691847197,0.5751620570431033,4.092811372650396,0.1993225955040321
0.2828005365353655,0.12466637514245216,29.354484393316206,2.305581115724821,14.825466024689097,1.3544475819583657,4.649778189181631,0.478538521971127
0.3182455065418344,0.12466637514245216,33.97492438184567,4.501732148881154,17.157546264968317,2.7023871214763884,5.38344588913156,0.9713241848219992
0.35813299251433084,0.12466637514245216,39.95690420538834,7.787179698629074,20.179809689359786,4.803830927239183,6.337491667248574,1.7652021204980217
0.40301979977966995,0.12466637514245216,47.6903068572009,12.316706411022201,24.089181438464266,7.863842947301453,7.559734500722787,2.9549121776577327
0.4535325211846986,0.12466637514245216,57.60550053625795,18.05541902769155,29.105679531658993,12.03653259841334,9.130313722289623,4.6659662730252425
0.5103762839557767,0.12466637514245216,70.28016812703672,24.751707479536414,35.513139232846264,17.39378860586865,11.150463246218791,7.042515874139991
0.5743445928509872,0.12466637514245216,86.424738055966,31.896500640320046,43.68065070275112,23.86277413098704,13.704395205919036,10.185504743704797
0.6463304070095649,0.12466637514245216,106.9267655738051,38.84242328157828,54.04839683093035,31.120864647198136,16.96265246591545,14.25771469589996
0.7273386051246984,0.12466637514245216,132.8503607997658,45.02945847867689,67.16274755505249,38.572557951012634,21.07930665536771,19.328666978338394
0.8185000129460304,0.12466637514245216,165.69090596615246,50.20950104362438,83.76224629253211,45.48352658908187,26.28312540972175,25.438933393856136
0.9210871889273549,0.12466637514245216,207.1646778990981,54.36579569032036,104.73171350257583,51.24624115818096,32.876647134951504,32.518945318309136
1.0365321883776653,0.12466637514245216,259.5697329744928,57.63837270658203,131.24627973661327,55.699187621068404,41.18869956907015,40.23054180687286
1.166446554092426,0.12466637514245216,325.8211162433974,60.19618912885702,164.7585932786217,59.01896526859371,51.702150856063334,47.96984959946458
1.3126438125222553,0.12466637514245216,409.3988523569575,62.18790252246607,206.98769740767872,61.4744126573393,64.9766708670265,54.75057825085373
1.4771647895120215,0.12466637514245216,514.9142865154778,63.74191361466778,260.4304967018754,63.31158969624282,81.7192156731174,59.68322097106635
1.6623060990028473,0.12466637514245216,648.4384726705596,64.9590059744459,327.90173755894955,64.69626955856636,102.8958066265293,62.79069180203757
1.8706522023821734,0.12466637514245216,816.8430531758058,65.91086979048588,413.10284486232985,65.75040125950471,129.58509144488812,64.71584754457973
2.1051114860111477,0.12466637514245216,1029.9422624675735,66.65912739386752,520.8755573411844,66.56056206869003,163.36285484165938,65.9794785226823
2.368956860549917,0.12466637514245216,1299.0980091088738,67.24699762629723,657.1490220780003,67.18675179707064,206.13581094410253,66.85217535971746
2.6658714488230206,0.12466637514245216,1638.79824746908,67.7092750300472,828.5557539276344,67.6711086004592,260.13718029655513,67.47585346500568
3.0,0.12466637514245216,2068.392225688668,68.07392009675183,1045.7590877520183,68.05016323167878,328.1371476170647,67.93276179989452
-3.0,0.17453292519943298,2103.0734709123917,68.09678443633865,1064.5511522251168,68.07548034313447,334.1191853798309,67.96298408187361
-2.6658714488230206,0.17453292519943298,1665.4976106868505,67.73749983170259,841.8918986114899,67.7002233202945,264.30753286043495,67.5117140161825
-2.368956860549917,0.17453292519943298,1319.4954610991301,67.28159494302035,667.8562705633265,67.22462499202831,209.58902440831056,66.9037265906555
-2.1051114860111477,0.17453292519943298,1047.6780431653392,66.70737265259086,529.8868893212862,66.61249940548026,166.4492608432864,66.06183578318439
-1.8706522023821734,0.17453292519943298,833.5164296728511,65.9836026725292,421.68534676719435,65.83122486952225,132.39056243551036,64.85522346465804
-1.6623060990028473,0.17453292519943298,665.075167545122,65.07524701356184,336.4927423876836,64.82903283874528,105.63540495435225,63.05743084357424
-1.4771647895120215,0.17453292519943298,532.0770944929809,63.93401777011731,269.0717581202676,63.53226217769995,84.52182822097019,60.239680120493794
-1.3126438125222553,0.17453292519943298,427.1772777284293,62.50623546593249,216.09579728110228,61.86101370872039,67.75982955205494,55.80718001554122
-1.166446554092426,0.17453292519943298,344.87482504059204,60.740152493676405,174.3785511990681,59.70062941280919,54.74112290991692,49.80002595256662
-1.0365321883776653,0.17453292519943298,279.87655571644984,58.55922837954219,141.5384140537185,56.916079981043374,44.41667984683501,42.84487587343115
-0.9210871889273549,0.17453292519943298,228.71301557167732,55.90411630231406,115.6840744418042,53.36967159450486,36.28308931082524,35.84860278523914
-0.8185000129460304,0.17453292519943298,188.48938479146813,52.73058784158287,95.37477116168151,49.00022441999126,29.939432198593508,29.464948149231017
-0.7273386051246984,0.17453292519943298,156.78312665836677,49.01885252148408,79.31005556217168,43.872437160619114,24.920482195222082,23.8790553357077
-0.6463304070095649,0.17453292519943298,131.86592945753046,44.835237258469725,66.72989426059031,38.35673719498274,20.944403220231045,19.165195697080158
-0.5743445928509872,0.17453292519943298,112.17011229948919,40.2956865052146,56.716884528042456,32.79384318981321,17.790700372505988,15.288898530788616
-0.5103762839557767,0.17453292519943298,96.52407154100008,35.58901116922479,48.80836063261696,27.600124591704034,15.343602999083993,12.233729536758359
-0.4535325211846986,0.17453292519943298,84.08952994936998,30.96054112543032,42.51206612427224,22.973142985159285,13.34192520917251,9.734433125118802
-0.40301979977966995,0.17453292519943298,74.09877874433258,26.585558722436968,37.44225558875209,18.969784367308755,11.74676327991373,7.766959930674088
-0.35813299251433084,0.17453292519943298,65.93668802041422,22.558527665452548,33.363030258478396,15.611466664733719,10.456360185419975,6.210293587349073
-0.3182455065418344,0.17453292519943298,59.245793326139285,18.97018090340346,29.991041184384688,12.781950054202609,9.397523030790472,4.971293637737231
-0.2828005365353655,0.17453292519943298,53.72507354451201,15.845382067632652,27.151729651677318,10.395787729559919,8.521549360322073,3.9840999674672872
-0.2513032920204875,0.17453292519943298,49.010357058788436,13.09454207317878,24.80397569155078,8.447890668338466,7.791031084073503,3.1961636711192294
-0.22331409039755062,0.17453292519943298,45.0224262696875,10.742524412375165,22.77315257049781,6.804598759670018,7.146100135643866,2.5350227272313766
-0.19844221923690444,0.17453292519943298,41.58320046569962,8.726543877629307,21.045736265615414,5.45629368202096,6.601379713282081,2.0081171623006995
-0.17634048216824733,0.17453292519943298,38.64502862582203,7.040007597038551,19.541228618810365,4.33496072533652,6.13881273399893,1.588332705312888
-0.15670035222800524,0.17453292519943298,36.085260403846824,5.62024322737769,18.268964480870128,3.437769357509077,5.729514405198762,1.2422079121866574
-0.13924766500838334,0.17453292519943298,33.878737433163124,4.4521477199683686,17.15468733577736,2.7005623799427916,5.382254902479343,0.9704300851656076
-0.12373879148704055,0.17453292519943298,31.99239041571449,3.5092292396475324,16.185496566069816,2.1043517400770195,5.084569529660365,0.7559372008186088
-0.10995723711238882,0.17453292519943298,30.365506061625616,2.748669319497599,15.362586998489926,1.6371701286657248,4.818637719535897,0.5807741928314833
-0.09771061966979347,0.17453292519943298,28.962954630899812,2.1408555131441007,14.6590609385172,1.2707570535064412,4.599540954505907,0.44957391193995394
-0.0868279837415025,0.17453292519943298,27.76254616296428,1.66231271558043,14.051593890525256,0.9822059418642173,4.4129404811785,0.3482041482593344
-0.07715741427178036,0.17453292519943298,26.737488828553875,1.2887591645114953,13.528856445343475,0.7570066769586788,4.247381737397779,0.2670241033134473
-0.06856391592404971,0.17453292519943298,25.85943156124769,0.9977895819265605,13.081895329115909,0.5831531292754496,4.104503864905731,0.20415603379495076
-0.06092752862714207,0.17453292519943298,25.104555492604472,0.7713813267832148,12.700141237484754,0.4495337018209779,3.9844567662319292,0.15687764311841607
-0.0541416530048151,0.17453292519943298,24.454519347545155,0.595649305795468,12.372977197242722,0.3467658847291357,3.8829354731827657,0.12110888483594526
-0.04811156231253989,0.17453292519943298,23.89471538116661,0.4597166041368389,12.091422037088886,0.2675836996478825,3.7953840440846305,0.09354136212603366
-0.04275308010908995,0.17453292519943298,23.41270483761354,0.3548844674343123,11.848408838446698,0.20652770085868183,3.7190564095814285,0.07211049424373654
-0.0379914052040221,0.17453292519943298,22.99751917781342,0.27418222554620975,11.638338600136017,0.15946441806317813,3.652544813527679,0.05550017973500223
-0.03376006747802295,0.17453292519943298,22.639486634839248,0.21208666625591718,11.456594706068017,0.12321226268934397,3.594878287068435,0.04271584748998448
-0.03,0.17453292519943298,22.330203560304465,0.1642832367707853,11.299239612702177,0.09529923626057235,3.5450845094420744,0.03292678139721295
0.03,0.17453292519943298,18.59350455688306,0.1021489257456353,9.398857208906682,0.05846904050179635,2.948909585285089,0.020067327084893095
0.03376006747802295,0.17453292519943298,18.440258036149526,0.12382735624010413,9.321090555162863,0.07079701418410286,2.9237685246022775,0.024414546744258008
0.0379914052040221,0.17453292519943298,18.27961648115047,0.14897613176498098,9.239671417711133,0.08506296677709854,2.8975205329511207,0.029439810639818823
0.04275308010908995,0.17453292519943298,18.113858228298813,0.17758304439832712,9.155635054400394,0.10127414436831564,2.870915548014062,0.035050228595183856
0.04811156231253989,0.17453292519943298,17.94657009342262,0.20925113651577681,9.070536473301479,0.1192606297067137,2.8449090758191056,0.04104690135218805
0.0541416530048151,0.17453292519943298,17.78320683624106,0.24294915149139573,8.98677712410895,0.1385393035871193,2.8202783928743473,0.04720228653657568
0.06092752862714207,0.17453292519943298,17.631728659356654,0.27669757406127327,8.908166972291722,0.15808353346770904,2.7971947548532117,0.05339897874961392
0.06856391592404971,0.17453292519943298,17.50307861192914,0.3072890662699804,8.840620838941941,0.17602057187263348,2.775726062422986,0.05954012665817795
0.07715741427178036,0.17453292519943298,17.411217470275435,0.3302353585953978,8.792469086172114,0.18946320880699585,2.758225374716933,0.06481989741910513
0.0868279837415025,0.17453292519943298,17.37304307164944,0.34004452154097653,8.773606903291583,0.19487948812691577,2.7511520791724413,0.06702439000524506
0.09771061966979347,0.17453292519943298,17.410057634167188,0.3305310110824574,8.794016838817049,0.18902254668111956,2.7598349692041038,0.0643239400073259
0.10995723711238882,0.17453292519943298,17.553795327324984,0.29501543755330323,8.865686116129359,0.16923984330043557,2.782097898848941,0.0576790809724956
0.12373879148704055,0.17453292519943298,17.85053661839367,0.2287247221559922,9.01091679583816,0.13282093956081067,2.8250570675574895,0.04597145477123291
0.13924766500838334,0.17453292519943298,18.354525415319,0.13693694307787815,9.264224225919333,0.08061293505629938,2.9095372220471405,0.027076900959460422
0.15670035222800524,0.17453292519943298,19.12429660850031,0.04388402207718422,9.654850433609289,0.026556553317028032,3.0274242384505734,0.009339363191235768
0.17634048216824733,0.17453292519943298,20.252765864646303,0.0002665739102578311,10.217993314637944,2.5374006363758544e-05,3.207789769351438,1.4238338601289315e-05
0.19844221923690444,0.17453292519943298,21.846542624245696,0.1008904080075655,11.025413287793894,0.054748581543370006,3.4561469708698263,0.01843897598679854
0.22331409039755062,0.17453292519943298,24.00832522160857,0.486099930625446,12.12193327809296,0.2757345706179277,3.8080481253099947,0.0973348845905481
0.2513032920204875,0.17453292519943298,26.96486260283399,1.3686055301728315,13.609330323986818,0.7901906743615501,4.26502100327735,0.27525918756117557
0.2828005365353655,0.17453292519943298,30.839314246027797,2.964478425427105,15.575461604657272,1.754251624442631,4.885116653822295,0.622997121340859
0.3182455065418344,0.17453292519943298,35.97329564178432,5.559564441981258,18.16700519011629,3.3682718491953163,5.7003416221497645,1.218557239161346
0.35813299251433084,0.17453292519943298,42.61306270757219,9.327024911197052,21.521755758210336,5.82217244800582,6.758974344000676,2.157210584714132
0.40301979977966995,0.17453292519943298,51.1869819332991,14.371280838759802,25.856211171599142,9.316249891491562,8.11437224988702,3.540356593201956
0.4535325211846986,0.17453292519943298,62.1735167359406,20.569971877627104,31.41476346861809,13.979778817568889,9.854896689886857,5.501250033375972
0.5103762839557767,0.17453292519943298,76.21182935876705,27.561800076765415,38.51176270503153,19.832172209914873,12.09217221984233,8.189834033006207
0.5743445928509872,0.17453292519943298,94.08969417757487,34.749832088869,47.55599296333039,26.71325268199049,14.920440131602646,11.704256621159205
0.6463304070095649,0.17453292519943298,116.79118688811059,41.483693227619106,59.03577510984871,34.18171571612265,18.52781409565748,16.203057393639405
0.7273386051246984,0.17453292519943298,145.499242087437,47.29914475825044,73.55904680218818,41.538835913998994,23.086481058434472,21.732940107158658
0.8185000129460304,0.17453292519943298,181.87124260651927,52.06633589371794,91.94344625572874,48.05432106133519,28.849876427618995,28.290495228383524
0.9210871889273549,0.17453292519943298,227.81432084251205,55.84610943916062,115.17208146804974,53.280575041813215,36.15366534342433,35.726351838661046
1.0365321883776653,0.17453292519943298,285.8762919475792,58.804763090575946,144.54818290928642,57.23372651839059,45.363276440897906,43.57111233955351
1.166446554092426,0.17453292519943298,359.29306447110326,61.111332082239,181.68507413861883,60.16251676076685,57.01362939009614,51.05581342110436
1.3126438125222553,0.17453292519943298,451.9322237659878,62.90580674906824,228.4930529956392,62.33107058870435,71.7279165782856,57.13091869900964
1.4771647895120215,0.17453292519943298,568.9087931811482,64.30561478951358,287.7398334635658,63.95883371971469,90.28943272224677,61.21887817193297
1.6623060990028473,0.17453292519943298,716.964007878662,65.40203242515317,362.5553608119553,65.18997608873993,113.76976498938158,63.73745476848319
1.8706522023821734,0.17453292519943298,903.7333513466875,66.25968974824893,457.04674912243087,66.13003010188896,143.36850362006274,65.32928065517609
2.1051114860111477,0.17453292519943298,1140.1165467242013,66.93401997902939,576.5953609754378,66.85429397806638,180.83629275906813,66.39889245038049
2.368956860549917,0.17453292519943298,1438.7210594664787,67.4638676899622,727.7748655243179,67.41512969304311,228.28906743214972,67.15056886388425
2.6658714488230206,0.17453292519943298,1815.6470913725943,67.88056161294259,917.9631402369313,67.8495841507505,288.2079520561135,67.69433550286885
3.0,0.17453292519943298,2292.3518972531388,68.2092496754085,1158.9948563747425,68.18996003095165,363.663178957396,68.09608030008818
-3.0,0.2243994752564138,2310.9379941466964,68.21928935513996,1169.791137462723,68.20183880255809,367.1711970669173,68.11030889671704
-2.6658714488230206,0.2243994752564138,1829.4242372166962,67.89249662596694,924.7895335222045,67.86174617438135,290.34554795629634,67.70899572089519
-2.368956860549917,0.2243994752564138,1448.737598286181,67.47779224729871,733.2702079414208,67.43097752652514,230.1292439491111,67.17227819702364
-2.1051114860111477,0.2243994752564138,1149.6257722013067,66.95522491447117,581.4515396614955,66.87708466430931,182.65786249609414,66.43680140393386
-1.8706522023821734,0.2243994752564138,913.9643270643492,66.2962850372278,462.38084302897954,66.17086865822412,145.17679769574877,65.39805386388967
-1.6623060990028473,0.2243994752564138,728.5929760801822,65.46868206419188,368.63403889348143,65.26619567230236,115.7291906207474,63.8801918710409
-1.4771647895120215,0.2243994752564138,582.2373559620896,64.42805516550362,294.441863305654,64.09737778152697,92.4939776635652,61.5431950018703
-1.3126438125222553,0.2243994752564138,466.8069625651709,63.12457809659599,236.14389490406742,62.59331831505624,74.04929667984388,57.81552251802397
-1.166446554092426,0.2243994752564138,376.2287527767158,61.50904699450198,190.23368343256652,60.65095271417039,59.720488973424395,52.43087454330252
-1.0365321883776653,0.2243994752564138,304.6999493071333,59.50867276649792,154.09356006152407,58.14543909995756,48.35817661499825,45.749226933434755
-0.9210871889273549,0.2243994752564138,248.395729789456,57.063178118093994,125.64139654620972,54.93731313720219,39.40804837652063,38.69690891069486
-0.8185000129460304,0.2243994752564138,204.13177071523836,54.12163571710936,103.29038331175083,50.92905251289215,32.42531691391524,32.06051584728007
-0.7273386051246984,0.2243994752564138,169.24674341689612,50.64902037106126,85.61503556796477,46.10782030239614,26.902618251511857,26.13776899983963
-0.6463304070095649,0.2243994752564138,141.83316377866444,46.681899163517684,71.77453778079321,40.75223218928071,22.528620333237452,21.070213447828404
-0.5743445928509872,0.2243994752564138,120.17511450296927,42.30254868714127,60.765150532426915,35.177146848066634,19.06164089021931,16.862377451548248
-0.5103762839557767,0.2243994752564138,102.98226506768273,37.6695327288998,52.07469069143138,29.8311872088687,16.371086591245177,13.518988848285463
-0.4535325211846986,0.2243994752564138,89.33104618069845,33.017168439896494,45.162285138638445,24.97108261527935,14.174601100278833,10.771983836969667
-0.40301979977966995,0.2243994752564138,78.37859459789601,28.53431602891845,39.605667648573856,20.704911022850894,12.426055908500189,8.600486269065351
-0.35813299251433084,0.2243994752564138,69.45186042563773,24.34217543381409,35.14222320436009,17.088066859489263,11.014362207967713,6.878309122207719
-0.3182455065418344,0.2243994752564138,62.15195198827619,20.55835125163506,31.46247225730824,14.019863897850055,9.859011509165393,5.506056521093811
-0.2828005365353655,0.2243994752564138,56.144144999371974,17.230242003108238,28.374261768666077,11.421268376633384,8.905733861780979,4.412070681934032
-0.2513032920204875,0.2243994752564138,51.031528187214164,14.280421804143945,25.827166772403643,9.292164661465586,8.112807576832195,3.5386727537585903
-0.22331409039755062,0.2243994752564138,46.719310954675855,11.74372271839296,23.63143024809505,7.492824393983022,7.4155865513639085,2.806828437867988
-0.19844221923690444,0.2243994752564138,43.01127573735879,9.560105288256235,21.768792824326788,6.013865531509433,6.828359295448795,2.2237501675635962
-0.17634048216824733,0.2243994752564138,39.850914281258014,7.726422059774343,20.15083621506732,4.782318841417453,6.330564008898431,1.758944931766629
-0.15670035222800524,0.2243994752564138,37.10424487095722,6.178384993597227,18.785075538321916,3.795280211793546,5.891485260441574,1.3760676919614796
-0.13924766500838334,0.2243994752564138,34.74077943870708,4.901139223510741,17.591686168735887,2.983625544041953,5.519382750753101,1.0751441477057277
-0.12373879148704055,0.2243994752564138,32.72326489290774,3.8675412155136777,16.555410209148004,2.326450955712649,5.2010072393473825,0.8376468306322515
-0.10995723711238882,0.2243994752564138,30.98585559307586,3.032211223498987,15.676537212859134,1.8107931733911253,4.917127149601173,0.6437096019828814
-0.09771061966979347,0.2243994752564138,29.48996654434046,2.3635054722183493,14.926098205908882,1.4059776216150417,4.6833469200815045,0.4982716537536434
-0.0868279837415025,0.2243994752564138,28.211063914185875,1.8362242965229343,14.278943886754611,1.0869745882682265,4.484491411956441,0.3858848935746896
-0.07715741427178036,0.2243994752564138,27.12008070610887,1.4241247236336128,13.722660958732318,0.8378585723952205,4.308339646048843,0.2959094780476403
-0.06856391592404971,0.2243994752564138,26.1864896652419,1.102844496812651,13.247464099530898,0.6454402495359469,4.1564654333564315,0.22621476979717925
-0.06092752862714207,0.2243994752564138,25.384661174329953,0.8526937021269245,12.841955968574393,0.4975000485888558,4.028940298772001,0.17378340057353686
-0.0541416530048151,0.2243994752564138,24.69483940121695,0.6584483171790304,12.49474507240758,0.3836997945497125,3.921177878103848,0.13411433882768428
-0.04811156231253989,0.2243994752564138,24.101291195109656,0.5081515476965568,12.196202191278541,0.29601685710774317,3.8283333036714864,0.10354944882518326
-0.04275308010908995,0.2243994752564138,23.59064235140549,0.39222285869975904,11.938746481786733,0.22841309894168405,3.7474700993233934,0.07979782376238954
-0.0379914052040221,0.2243994752564138,23.151126208867524,0.3029737710152498,11.716370702596063,0.17631181173416793,3.6770676207097304,0.06139555978659762
-0.03376006747802295,0.2243994752564138,22.772388006783423,0.2343052429791052,11.524125374732048,0.13618806221496824,3.6160735097570296,0.04723663836619012
-0.03,0.2243994752564138,22.445444576865338,0.18144854478689731,11.357795016013544,0.10530226034545903,3.5634414352360197,0.03639843246429956
0.03,0.2243994752564138,18.526799589647794,0.11131057256328333,9.364882801440558,0.06370039580498031,2.9382329696816845,0.021858273421672972
0.03376006747802295,0.2243994752564138,18.36882131583944,0.13470149765528075,9.28471035956093,0.07699803748999856,2.912303221081943,0.026547937338525247
0.0379914052040221,0.2243994752564138,18.203830818836412,0.16171697720736153,9.201082754553875,0.09231764802113837,2.885331804965542,0.03194497506630741
0.04275308010908995,0.2243994752564138,18.034420575097254,0.19226658981710712,9.115188152464928,0.10962397849396502,2.8581370022310417,0.03793284186731601
0.04811156231253989,0.2243994752564138,17.864611138312615,0.22581100274695823,9.028788369425966,0.12867230946543676,2.831760327943684,0.04427470671600457
0.0541416530048151,0.2243994752564138,17.70045271105217,0.261084574015256,8.944569553609611,0.14885659318214994,2.8070666072091055,0.05069778348569544
0.06092752862714207,0.2243994752564138,17.550711793973935,0.295753690202127,8.866741284100916,0.16895763219853355,2.784300876696595,0.057043208740233484
0.06856391592404971,0.2243994752564138,17.42739417581234,0.32612724965774476,8.801777425154073,0.18682163576637822,2.763624122297575,0.06316471515996447
0.07715741427178036,0.2243994752564138,17.34581126812488,0.3471407396756798,8.758753490990008,0.19920467615409151,2.747622274284927,0.06813980250300698
0.0868279837415025,0.2243994752564138,17.324539285847663,0.3527413903123092,8.748471408113533,0.20222982509390064,2.743203741812166,0.06955046147716817
0.09771061966979347,0.2243994752564138,17.38722986135394,0.33638028627201444,8.781944081144445,0.19247496829160776,2.7561015387046073,0.0654775331624051
0.10995723711238882,0.2243994752564138,17.568366158070667,0.29154084507303696,8.872460676114368,0.16743248297078275,2.7842591316479632,0.057055222091296286
0.12373879148704055,0.2243994752564138,17.918241267655592,0.21489660652770837,9.044333234502448,0.12512225749151448,2.8354869586155207,0.04334640216620295
0.13924766500838334,0.2243994752564138,18.495910679092574,0.11569603575949788,9.334856771814627,0.06852304503584729,2.93189209441553,0.022960404547520595
0.15670035222800524,0.2243994752564138,19.36560090175482,0.02568641462113394,9.77606344624826,0.015922162513217975,3.065408667031641,0.0056480030112575534
0.17634048216824733,0.2243994752564138,20.628390261875623,0.007942901981109432,10.406777934738617,0.0035730841999548958,3.267230740584515,0.0012960700531179203
0.19844221923690444,0.2243994752564138,22.400320271386782,0.17463484784412303,11.304457718387894,0.09617197363878865,3.543594950633955,0.032652175696785184
0.22331409039755062,0.2243994752564138,24.795173778085037,0.6854293742729346,12.518924636990238,0.39122161136308253,3.933020030228864,0.13825748497435114
0.2513032920204875,0.2243994752564138,28.057732020013997,1.776090392483492,14.160824333238034,1.0320458395881147,4.43796973809427,0.36121263430875633
0.2828005365353655,0.2243994752564138,32.326218731842616,3.671711933844911,16.32653731820221,2.188199327965437,5.12080257041097,0.7810507457488617
0.3182455065418344,0.2243994752564138,37.970748755850586,6.6605804591152715,19.176028543114626,4.0720794852070075,6.0171095140163375,1.482739944439451
0.35813299251433084,0.2243994752564138,45.26478418219686,10.885417531641984,22.861486567360668,6.87494056591876,7.1797660682480675,2.5686031621029284
0.40301979977966995,0.2243994752564138,54.675109983373204,16.391867357701976,27.618945107163512,10.787116714619472,8.667669706426214,4.145877198332633
0.4535325211846986,0.2243994752564138,66.72831477133961,22.96657915951889,33.71718718426206,15.906599974126404,10.577397909142272,6.35443101450822
0.5103762839557767,0.2243994752564138,82.12500841675337,30.148137953347113,41.50106666990588,22.192873936964105,13.03096716656187,9.348382995632171
0.5743445928509872,0.2243994752564138,101.73033026466823,37.28216775714907,51.41905917302129,29.392983710934566,16.132633416070128,13.220881423252639
0.6463304070095649,0.2243994752564138,126.6248527658717,43.75336096605915,64.00760232658095,36.95366982251042,20.088100540608938,18.122574015228015
0.7273386051246984,0.2243994752564138,158.11025673795075,49.2048958105042,79.9361996326041,44.10888080610467,25.087664328948666,24.072076812786847
0.8185000129460304,0.2243994752564138,198.00608595284416,53.60441224020036,100.10161859482086,50.19160857360569,31.409397630170595,31.014101957699786
0.9210871889273549,0.2243994752564138,248.4100907888044,57.063952692590235,125.5851944513915,54.92927053455496,39.422126324023225,38.70928901485929
1.0365321883776653,0.2243994752564138,312.11989610818887,59.76144279670297,157.81818419573762,58.466264534217274,49.52784865354033,46.551049959804274
1.166446554092426,0.2243994752564138,392.69212229025607,61.861077522135695,198.57460804921706,61.080924867372985,62.31356965146415,53.630811089573925
1.3126438125222553,0.2243994752564138,494.3821004927519,63.49378512908765,249.9561028816551,63.021069623097816,78.46588693110567,58.95823309125751
1.4771647895120215,0.2243994752564138,622.8083423504228,64.7673263206884,315.00093845872095,64.48193676797457,98.84457990776176,62.353459790112844
1.6623060990028473,0.2243994752564138,785.3822710013401,65.7649688671247,397.1547226363482,65.59020293941663,124.62670495465802,64.44745386600907
1.8706522023821734,0.2243994752564138,990.5035177331613,66.5455039608702,500.92985495995646,66.43854475964075,157.13276159846538,65.80026157309067
2.1051114860111477,0.2243994752564138,1250.15721453507,67.15929373074313,632.2474819938902,67.09346771570942,198.2884667518226,66.72681386280588
2.368956860549917,0.2243994752564138,1578.1967445040798,67.6416130351711,798.3255416769433,67.60137162721364,250.41893785293337,67.38686459107103
2.6658714488230206,0.2243994752564138,1992.3338338530464,68.02095592905805,1007.2884628250666,67.99529913725883,316.2529904819036,67.86889687671825
3.0,0.2243994752564138,2516.134668603025,68.32017732521919,1272.1412050890806,68.30419639614999,399.1610512666876,68.22739825734027
-3.0,0.27426602531339483,2516.7802700772672,68.3204685325477,1274.0082005887248,68.3059071579338,399.9030346839218,68.22987023251514
-2.6658714488230206,0.27426602531339483,1991.7492048710064,68.02053295893435,1006.8780907166247,67.99469060965777,316.13012325593775,67.86820831375705
-2.368956860549917,0.27426602531339483,1576.7124802027026,67.63988958939544,798.0428890427274,67.60069369682064,250.46859896852402,67.38733987413873
-2.1051114860111477,0.27426602531339483,1250.5689412947133,67.16006074302612,632.5080905337461,67.09448387820441,198.70725745955264,66.73381166645105
-1.8706522023821734,0.27426602531339483,993.6156064891511,66.55480555183085,502.6732644194779,66.44962016644125,157.83678997185663,65.82144619359771
-1.6623060990028473,0.27426602531339483,791.4780465253647,65.79417108403105,400.455386427227,65.62448719874611,125.722677848514,64.50938719827187
-1.4771647895120215,0.27426602531339483,631.894934696596,64.8371256713957,319.5577920867402,64.55981565485258,100.38645983217954,62.52635107685569
-1.3126438125222553,0.27426602531339483,506.03685271928686,63.63721001047632,255.98981153004857,63.19168019730468,80.27542723666362,59.372634358954976
-1.166446554092426,0.27426602531339483,407.2638967173455,62.14770868905555,205.92761516205758,61.42686345532333,64.64935248016941,54.618847541367096
-1.0365321883776653,0.27426602531339483,329.26859655888705,60.29955171276456,166.51988486662353,59.15066948928719,52.25931066195046,48.31859251350366
-0.9210871889273549,0.27426602531339483,267.8741266005713,58.03288801814328,135.4953981623003,56.22790169483558,42.500646357327014,41.31884898798939
-0.8185000129460304,0.27426602531339483,219.6094030921449,55.2932011661292,111.12264867803925,52.54274476887616,34.88507734336694,34.51018079853824
-0.7273386051246984,0.27426602531339483,181.57656044252107,52.03558318255252,91.85231766553287,48.02820385159846,28.86352746323792,28.305345557034467
-0.6463304070095649,0.27426602531339483,151.69052560248906,48.27443915857995,76.76358328641102,42.87592305124518,24.095412548798873,22.919960905908507
-0.5743445928509872,0.27426602531339483,128.08864839772446,44.06386601890181,64.76715416619348,37.35315382611377,20.318097053314386,18.403434762900325
-0.5103762839557767,0.27426602531339483,109.36291887436413,39.53214265183598,55.301811542464364,31.916810271542584,17.386263324957415,14.785733302405125
-0.4535325211846986,0.27426602531339483,94.50534041479297,34.89532669444026,47.77852553252405,26.872093187836604,14.996637296244755,11.799582004713765
-0.40301979977966995,0.27426602531339483,82.59871383777055,30.346144661177906,41.73895366336485,22.37733494521216,13.095914646457702,9.42893559734474
-0.35813299251433084,0.27426602531339483,72.9128871552439,26.0256213513827,36.894046979340764,18.524474004069575,11.563806419306404,7.543879426126551
-0.3182455065418344,0.27426602531339483,65.008077068119,22.075241087289335,32.9085962051593,15.232011820232174,10.31259538164619,6.039689169647819
-0.2828005365353655,0.27426602531339483,58.51635813990525,18.564944497791366,29.573175691277072,12.430102872512588,9.282521490202775,4.839473747919063
-0.2513032920204875,0.27426602531339483,53.00874298890051,15.431295947048687,26.828145112219982,10.125301635872422,8.427612877071905,3.8807799898308266
-0.22331409039755062,0.27426602531339483,48.37500670324208,12.720392912521405,24.468917316293357,8.173456290985982,7.67855758437186,3.078306215064857
-0.19844221923690444,0.27426602531339483,44.40105449918646,10.37646864872104,22.4724922434097,6.56609519625125,7.049281033950649,2.4390730841909933
-0.17634048216824733,0.27426602531339483,41.02146809457843,8.400695875163724,20.742620612357282,5.225879281423167,6.516713240912057,1.9292326121492913
-0.15670035222800524,0.27426602531339483,38.09102082253212,6.7280043852493545,19.28487927150276,4.150010403631708,6.048354472671982,1.5096419097238254
-0.13924766500838334,0.27426602531339483,35.57373087663965,5.344151114963823,18.013947243116444,3.264677122366907,5.651891624033128,1.1795980389772793
-0.12373879148704055,0.27426602531339483,33.42805024104079,4.221641615913749,16.91213781486775,2.547106168682647,5.313297001583964,0.9191345060142325
-0.10995723711238882,0.27426602531339483,31.58298325317614,3.312794795119051,15.978745035090975,1.9833633369809616,5.011940562879451,0.7064722989172478
-0.09771061966979347,0.27426602531339483,29.996434716658953,2.58407953964497,15.182727621006382,1.5404250050370938,4.763889873452145,0.5468244002548254
-0.0868279837415025,0.27426602531339483,28.641473782600677,2.0086688442215013,14.497116536480663,1.191176346845629,4.553154644568828,0.42344577786723286
-0.07715741427178036,0.27426602531339483,27.486747336605433,1.5584414343038278,13.908401790261257,0.9182924897041064,4.366763257131864,0.3247014140303667
-0.06856391592404971,0.27426602531339483,26.499566929472778,1.2071407764174649,13.405958562291428,0.7074144549243955,4.206209680850933,0.24820041753493388
-0.06092752862714207,0.27426602531339483,25.652511376456538,0.9334512647882374,12.977567329957331,0.5452279802840438,4.071480011589299,0.19062977979684054
-0.0541416530048151,0.27426602531339483,24.924427363650075,0.7208368190599507,12.611074536413842,0.4204494121403711,3.9577132037793104,0.147070617011072
-0.04811156231253989,0.27426602531339483,24.298472838992932,0.5562788435860244,12.296215581286392,0.32430606506698395,3.8597840233401746,0.1135169871596638
-0.04275308010908995,0.27426602531339483,23.760355625420228,0.4293276163046487,12.02490652066072,0.25018519053776606,3.774570275789249,0.08745207539579498
-0.0379914052040221,0.27426602531339483,23.297529207462933,0.3315856528142257,11.790741122726397,0.19306947304775707,3.700440334200083,0.06726412766973905
-0.03376006747802295,0.27426602531339483,22.898973885992284,0.2563841496660578,11.588445343150465,0.1490924438434293,3.636261773351316,0.05173571160530513
-0.03,0.27426602531339483,22.55514388576492,0.19850432204576943,11.413533422310348,0.1152482192886838,3.580915970386463,0.039852452977162514
0.03,0.27426602531339483,18.46422454450923,0.12028927870366932,9.333009826239936,0.06882582954616823,2.9282167218643793,0.023612427704471375
0.03376006747802295,0.27426602531339483,18.301916334206453,0.145334799167304,9.250635514588021,0.08305991753182898,2.90156412820764,0.028632893144628985
0.0379914052040221,0.27426602531339483,18.132997526195243,0.17414023285441,9.165012663796388,0.09938933718616391,2.8739379641544147,0.03438635631332126
0.04275308010908995,0.27426602531339483,17.960368464834797,0.20653121102716515,9.077479447296897,0.11773316965424338,2.846222922156784,0.04073164742057967
0.04811156231253989,0.27426602531339483,17.78847375657167,0.24181933414023124,8.990000178565221,0.1377681572191981,2.819544066266844,0.04739299712578155
0.0541416530048151,0.27426602531339483,17.623944626965955,0.2784978025051468,8.90553919677946,0.1587614519281874,2.7948516857258046,0.05405139667755024
0.06092752862714207,0.27426602531339483,17.47633328363229,0.3138743838587685,8.828695711617952,0.17929854443308008,2.772463868927231,0.06050554164642622
0.06856391592404971,0.27426602531339483,17.358680521411003,0.3437769160807554,8.766487697275302,0.1969459263173717,2.7526341302710393,0.06655910481626902
0.07715741427178036,0.27426602531339483,17.28761367825865,0.3625836309479003,8.728715473976667,0.20811399356321642,2.738175507402496,0.07117532713011213
0.0868279837415025,0.27426602531339483,17.283346332672885,0.3637309187076063,8.72706411169295,0.2086101209577092,2.7364305642791558,0.0717440815018144
0.09771061966979347,0.27426602531339483,17.371629617804953,0.34041081886095564,8.773553454017549,0.19489495713326851,2.753524187026329,0.06628053731883887
0.10995723711238882,0.27426602531339483,17.58982723626675,0.2864649688500691,8.882747805038619,0.16470854180128688,2.787523544091812,0.05611998801521072
0.12373879148704055,0.27426602531339483,17.99215060485799,0.20034051444266732,9.080923611595335,0.1169794297575362,2.8469197375186908,0.040564982804768196
0.13924766500838334,0.27426602531339483,18.642362867465724,0.09570455775520872,9.408089861374425,0.05708852688120638,2.955060968466743,0.019072180915469306
0.15670035222800524,0.27426602531339483,19.610281452874872,0.01229687606312399,9.899017522849839,0.007961750688254794,3.103945138114182,0.00286684116732194
0.17634048216824733,0.27426602531339483,21.005002138276012,0.025915112618499492,10.596104612048938,0.012976297108310483,3.3268437407144646,0.004612314558038326
0.19844221923690444,0.27426602531339483,22.95184119016452,0.2658664946684842,11.582400821783244,0.14785728173145457,3.6307047481763783,0.05047863859040169
0.22331409039755062,0.27426602531339483,25.575547780394395,0.9099514702151538,12.912671575884062,0.5221644048096078,4.056974286533938,0.1848116206079359
0.2513032920204875,0.27426602531339483,29.138660624528313,2.214281515297541,14.706316239237726,1.2943281722783724,4.609046531790927,0.4550016584957039
0.2828005365353655,0.27426602531339483,33.79433764936156,4.408750522135006,17.06813949667485,2.6454966448459283,5.3535227008643345,0.948943716288694
0.3182455065418344,0.27426602531339483,39.94087012200181,7.7779842619359165,20.171252883953027,4.79747544225797,6.329554549466649,1.7580336990887768
0.35813299251433084,0.27426602531339483,47.87867809776004,12.427806241618361,24.182110098037736,7.939464914449845,7.594565971736715,2.990961938602534
0.40301979977966995,0.27426602531339483,58.112554361995336,18.339531512492904,29.356065988360005,12.247307989613354,9.212937088324344,4.760013285004503
0.4535325211846986,0.27426602531339483,71.2167631934447,25.20975951893749,35.98607147954786,17.78240077446296,11.289381393361422,7.210584991010984
0.5103762839557767,0.27426602531339483,87.95273863334495,32.49173037902083,44.44717499128036,24.438950266712787,13.956216032293879,10.499435623000295
0.5743445928509872,0.27426602531339483,109.26225155191534,39.504148659116254,55.227160471448194,31.869907922541444,17.32757813277575,14.712640966606955
0.6463304070095649,0.27426602531339483,136.32139277403593,45.69288615584856,68.91007607044058,39.42390343692791,21.626632225195628,19.98957735074999
0.7273386051246984,0.27426602531339483,170.54928291480752,50.80530371344458,86.22636365083588,46.308155231409664,27.061578417325553,26.316020546111368
0.8185000129460304,0.27426602531339483,213.92628129861998,54.883842373199485,108.15120494797912,51.96130891465347,33.934852983753956,33.57807567169752
0.9210871889273549,0.27426602531339483,268.7385378019122,58.07246561364946,135.8631064847976,56.271835458695556,42.64816441419435,41.439011670939664
1.0365321883776653,0.27426602531339483,338.0311043602869,60.552236513847504,170.92001079456313,59.465872372382506,53.639663551314115,49.156945133990845
1.166446554092426,0.27426602531339483,425.6779379482732,62.480466755235966,215.25507141971278,61.8268941710093,67.54798581910215,55.7306372891407
1.3126438125222553,0.27426602531339483,536.31853495625,63.979519005019505,271.15941770776504,63.5832216393229,85.12233176928241,60.35150262255548
1.4771647895120215,0.27426602531339483,676.0696476213611,65.14881937781098,341.93898401004463,64.90942498750587,107.29842106341881,63.20925959665358
1.6623060990028473,0.27426602531339483,853.0062345508411,66.06491792239046,431.35238553993855,65.91813094844409,135.3576170690754,64.99388964123679
1.8706522023821734,0.27426602531339483,1076.2848829927545,66.78176492248357,544.3128382303299,66.69185984576919,170.74006586898594,66.16998280113462
2.1051114860111477,0.27426602531339483,1358.965038296299,67.34554027880768,687.2759715122413,67.29016937271786,215.54506858873228,66.98795541878619
2.368956860549917,0.27426602531339483,1716.1344192187096,67.78858346478175,868.097521385012,67.75473613843096,272.3048284075655,67.57693674787615
2.6658714488230206,0.27426602531339483,2167.0989553315703,68.13705045557938,1095.6422529588615,68.11540700659393,343.99306147587527,68.01030318558144
3.0,0.27426602531339483,2737.5146159003057,68.4119103991546,1384.0726269833635,68.39842665968014,434.2777308351179,68.33431434933651
-3.0,0.32413257537037565,2718.539349394227,68.40463828737774,1376.1588909094862,68.39227907013881,431.9869547650108,68.32791681145333
-2.6658714488230206,0.32413257537037565,2150.847848688287,68.12705961419394,1087.3357023248436,68.104969655264,341.40310647445085,67.99818688751432
-2.368956860549917,0.32413257537037565,1702.1397040493976,67.7747735005666,861.5263713989527,67.74138946105852,270.4035832548259,67.5618346562798
-2.1051114860111477,0.32413257537037565,1349.4986080116405,67.33055060313566,682.5461866399214,67.27456474258825,214.43701810862825,66.97271370007755
-1.8706522023821734,0.32413257537037565,1071.6754201301376,66.7700523642433,542.1605781115308,66.68030317518847,170.24420002577034,66.15784252254316
-1.6623060990028473,0.32413257537037565,853.1044769345847,66.06531813813886,431.6400819911733,65.92065334769619,135.51641110458343,65.0010730865206
-1.4771647895120215,0.32413257537037565,680.5573301298296,65.1781435525917,344.17042152519656,64.94156137355387,108.1210163381027,63.281740977820455
-1.3126438125222553,0.32413257537037565,544.479692486378,64.0649938983982,275.43766329399176,63.68496439880664,86.37674385744576,60.57724179501152
-1.166446554092426,0.32413257537037565,437.6760149171078,62.681486712596374,221.3064730841698,62.06589499243308,69.47939726518692,56.40591110942154
-1.0365321883776653,0.32413257537037565,353.3437961260262,60.96205378743284,178.69665041226475,59.978913334763234,56.08217680763035,50.55251673595456
-0.9210871889273549,0.32413257537037565,286.96119328431075,58.847998355166375,145.15147006956758,57.295536094234095,45.531179167351056,43.69802382581854
-0.8185000129460304,0.32413257537037565,234.7759819223299,56.28315474568823,118.79754844142572,53.892535378749685,37.29546981088849,36.793153741572425
-0.7273386051246984,0.32413257537037565,193.65832792572849,53.21638583414361,97.96411017084763,49.66806822393329,30.78505107378593,30.361142393399867
-0.6463304070095649,0.32413257537037565,161.34897529181063,49.64587587792856,81.65197469696912,44.73999584798307,25.63062917846771,24.695824804763824
-0.5743445928509872,0.32413257537037565,135.84142970114428,45.60308699866093,68.68784707448107,39.31738009337643,21.54905879438456,19.896136328492858
-0.5103762839557767,0.32413257537037565,115.61220784907836,41.188454846470414,58.462492151999996,33.84428455272331,18.38057408101358,16.0207815465997
-0.4535325211846986,0.32413257537037565,99.57061531347298,36.59616382505922,50.33964476825441,28.66096427394559,15.801387135260127,12.806552154256176
-0.40301979977966995,0.32413257537037565,86.72665079948334,32.01518003415498,43.82567580512577,23.972239385219112,13.751174403216227,10.243790540571094
-0.35813299251433084,0.32413257537037565,76.2944275930851,27.599402244894335,38.60567686117763,19.90747849177411,12.1006643554498,8.200256900460516
-0.3182455065418344,0.32413257537037565,67.79427765158633,23.51022905465206,34.319349591418614,16.40709556859663,10.755111478941846,6.566851144897887
-0.2828005365353655,0.32413257537037565,60.8259602049376,19.839088170058453,30.740506683832884,13.412815962806771,9.649406247807093,5.262069989847584
-0.2513032920204875,0.32413257537037565,54.92939416821826,16.53758391573848,27.800534334808866,10.939425149789313,8.733441269739442,4.21910329257099
-0.22331409039755062,0.32413257537037565,49.97930817023674,13.664014747017465,25.280457064277954,8.839975433404678,7.933392985068191,3.346752348131421
-0.19844221923690444,0.32413257537037565,45.744196773548474,11.168216563786903,23.152617700524267,7.107597804937257,7.262818990120205,2.6519116196551433
-0.17634048216824733,0.32413257537037565,42.14981544849141,9.056472711742087,21.31311066010215,5.661219331595256,6.696168921950246,2.0974483167192686
-0.15670035222800524,0.32413257537037565,39.0398927254028,7.263733808968702,19.765498939073233,4.498342591832898,6.199217220143888,1.6415309790172499
-0.13924766500838334,0.32413257537037565,36.37286191995766,5.776718057640386,18.419078287317415,3.54078323509687,5.779030654805795,1.2826768131236728
-0.12373879148704055,0.32413257537037565,34.102811263549455,4.567863663985948,17.253690645121655,2.7639643789615733,5.420812888076261,0.9995150482040516
-0.10995723711238882,0.32413257537037565,32.15361432600122,3.5874479288470447,16.267556333713735,2.1530083439559293,5.102558158903611,0.7683694905188492
-0.09771061966979347,0.32413257537037565,30.479636510743717,2.800198529684443,15.4275727828425,1.6726204848122612,4.840737659937053,0.5946904897870333
-0.0868279837415025,0.32413257537037565,29.051513493213424,2.1777610059581076,14.704967453495165,1.2936532315759512,4.618570186955147,0.4604645441901468
-0.07715741427178036,0.32413257537037565,27.83560906187401,1.6902269987758274,14.085128341579125,0.9974083013131632,4.422353432164261,0.3530743370782824
-0.06856391592404971,0.32413257537037565,26.79710136089757,1.309520655025052,13.556589179944787,0.7683795456751721,4.2534885001428915,0.2698636311895445
-0.06092752862714207,0.32413257537037565,25.906807782339236,1.0127548601036107,13.106319127691416,0.5921807305923458,4.111869860879925,0.20722574786162884
-0.0541416530048151,0.32413257537037565,25.142203590270412,0.782119740655475,12.721419656815911,0.45660185194778163,3.992369933687382,0.15983114604371274
-0.04811156231253989,0.32413257537037565,24.485361739088784,0.6035630013428199,12.391007465939866,0.3521343322322433,3.8895932020061528,0.12333163214934871
-0.04275308010908995,0.32413257537037565,23.921095789943703,0.46578706199384035,12.106509656432765,0.2716009626710254,3.800237617449997,0.09498737253069095
-0.0379914052040221,0.32413257537037565,23.43610295154936,0.35970169439880645,11.861132978837356,0.20955126470512594,3.722563309292632,0.07304038958474814
-0.03376006747802295,0.32413257537037565,23.01872115460449,0.2780805909177483,11.649289369280613,0.16178286358545918,3.655359746320948,0.056163153204011454
-0.03,0.32413257537037565,22.658862729324593,0.2152640345624991,11.466232322499609,0.12502790662524407,3.597438275380723,0.04325076697082959
0.03,0.32413257537037565,18.405749655920204,0.1290187108377744,9.303223764051795,0.07380759605867464,2.9188563016883684,0.02531692664799506
0.03376006747802295,0.32413257537037565,18.239473630067362,0.1556542075682964,9.218831447607846,0.08894116033706624,2.8915404617653286,0.03065519865764476
0.0379914052040221,0.32413257537037565,18.066992613264468,0.18616879211172307,9.131399015929219,0.10623433064988314,2.8633195957805664,0.03674892192758023
0.04275308010908995,0.32413257537037565,17.891503966278407,0.22030078663504077,9.042409450056995,0.12555865921839499,2.8351421128337018,0.04343185465920042
0.04811156231253989,0.32413257537037565,17.717860751791466,0.2572095226656237,8.954022284203166,0.14651052881884158,2.808213216250026,0.05038901029397138
0.0541416530048151,0.32413257537037565,17.553253189423287,0.2951451603707089,8.869469706086868,0.168229108217161,2.783565427858304,0.0572550591830082
0.06092752862714207,0.32413257537037565,17.407988863856893,0.3310587278604262,8.793725616891495,0.18910541709285222,2.7615877462361236,0.06378625983204533
0.06856391592404971,0.32413257537037565,17.296103483677452,0.36030720553558826,8.734330817753936,0.20643189332533637,2.7426237565650857,0.06973681940288802
0.07715741427178036,0.32413257537037565,17.235490045868346,0.37673769438311744,8.70178210381773,0.21628850285283763,2.7297051396939227,0.07395979203012948
0.0868279837415025,0.32413257537037565,17.24793890621937,0.3733293717022443,8.708614235280614,0.21419817140887903,2.7305903272337946,0.0736660189952909
0.09771061966979347,0.32413257537037565,17.36122594541826,0.34311376516439107,8.767818317918127,0.19655877254071563,2.7517801575273904,0.06682698749467728
0.10995723711238882,0.32413257537037565,17.61549534971874,0.280459240570723,8.895191185474598,0.16144663889618857,2.791465080214176,0.05500206920119084
0.12373879148704055,0.32413257537037565,18.068743375562555,0.18584407236355777,9.118907751335605,0.10884110975001868,2.858795957455996,0.03778118371237102
0.13924766500838334,0.32413257537037565,18.789289465464577,0.07766531164271867,9.4816009470241,0.046718038186866234,2.978313947896752,0.015550657832644383
0.15670035222800524,0.32413257537037565,19.85238155215251,0.003911705087056713,10.020700106350048,0.0028088733283823043,3.1420875882384327,0.001045692861250035
0.17634048216824733,0.32413257537037565,21.37491251514644,0.053127344920791665,10.782084244748733,0.027681829108028577,3.385406603091082,0.009777125093196294
0.19844221923690444,0.32413257537037565,23.49122807960867,0.3711622368697618,11.854245185615529,0.20791214228189578,3.715907379870597,0.07128005418920229
0.22331409039755062,0.32413257537037565,26.336806524074678,1.1524728175064667,13.296779740301078,0.6644807338035631,4.177902074737786,0.23558638503494198
0.2513032920204875,0.32413257537037565,30.191531700186577,2.6706908169492785,15.237651311984733,1.5697521776595358,4.7756902917852075,0.554078123402612
0.2828005365353655,0.32413257537037565,35.22318419892376,5.15667823615468,17.78990366733253,3.114668868252843,5.580023258348031,1.1225581126825326
0.3182455065418344,0.32413257537037565,41.857687655476845,8.886226520492357,21.13953850336534,5.528012450367465,6.6335519985504865,2.0383184488946653
0.35813299251433084,0.32413257537037565,50.42187453488258,13.92356102086632,25.466998068845967,8.994005031392968,7.998155920349846,3.4157610228010307
0.40301979977966995,0.32413257537037565,61.457790640701056,20.182965934061187,31.046566706706823,13.670267702327981,9.743581987961859,5.371475537546023
0.4535325211846986,0.32413257537037565,75.5864519633514,27.275738584377773,38.19490258743916,19.57758366546723,11.982525992512558,8.055368285928463
0.5103762839557767,0.32413257537037565,93.62890706297797,34.58745770859568,47.316643895750836,26.541808825660198,14.857422711943846,11.625427054350734
0.5743445928509872,0.32413257537037565,116.60208003471254,41.43669063175471,58.938122806373805,34.12450104862242,18.49203906529506,16.158785742644834
0.6463304070095649,0.32413257537037565,145.77565613140223,47.34444270758277,73.69001116962933,41.595359017813,23.126723358336644,21.78057464663241
0.7273386051246984,0.32413257537037565,182.68367303119604,52.150584777741095,92.36244287460187,48.17372434179592,28.987179515043252,28.43970524021927
0.8185000129460304,0.32413257537037565,229.46447107312596,55.95224953288235,116.00755625080068,53.42549904311566,36.39969185667039,35.95845252974151
0.9210871889273549,0.32413257537037565,288.58841877951403,58.91219923171204,145.8989874870395,57.37128956901819,45.798264684424076,43.898723676093354
1.0365321883776653,0.32413257537037565,363.34320115287693,61.210006164412576,183.718768052119,60.28350133256071,57.656401719144085,51.39401896188935
1.166446554092426,0.32413257537037565,457.9135428347306,62.995566923926404,231.55605276337795,62.43842048117894,72.66342996664909,57.414317502360134
1.3126438125222553,0.32413257537037565,577.3158015886627,64.38352836788397,291.88770286455707,64.04540950590035,91.62967168803914,61.41898685096349
1.4771647895120215,0.32413257537037565,728.1547070067058,65.46621002670685,368.2818156067077,65.26185373346385,115.56555959908899,63.868546139494754
1.6623060990028473,0.32413257537037565,919.1555050126733,66.31453386404267,464.804268663608,66.1890922658886,145.85454540864353,65.42323613035346
1.8706522023821734,0.32413257537037565,1160.2171270628357,66.978425322699,586.760598694135,66.90154632474932,184.05394165817503,66.46521778564565
2.1051114860111477,0.32413257537037565,1465.4513129114032,67.5005961553681,741.1302041013572,67.45321928709295,232.43346006238232,67.1988863536944
2.368956860549917,0.32413257537037565,1851.15672374573,67.91095741037245,936.3939956130197,67.88200067893419,293.7282547593135,67.7316982564263
2.6658714488230206,0.32413257537037565,2338.1997129386446,68.23372360464552,1182.1435254603477,68.21515673064894,371.1515952397312,68.12609333267375
3.0,0.32413257537037565,2954.2870255660555,68.48830254687013,1493.6743411942239,68.47673396640013,468.6635497454263,68.42222206188146
-3.0,0.37399912542735647,2914.1938796290674,68.47503721312498,1475.219813387965,68.46438008175434,463.101516698091,68.40896009257077
-2.6658714488230206,0.37399912542735647,2305.126638636658,68.21616780681457,1165.3562508028915,68.19698658211593,365.9112951266066,68.10523347407893
-2.368956860549917,0.37399912542735647,1823.7633332846658,67.88761475161448,923.0850992194192,67.85872693135155,289.73458153769053,67.70483076208703
-2.1051114860111477,0.37399912542735647,1445.4250438703125,67.47320899203973,731.0651916263624,67.42464837867725,229.6897743815767,67.16713122669823
-1.8706522023821734,0.37399912542735647,1147.364002476434,66.95021384133008,580.4483814632725,66.8724096315075,182.27508784656206,66.42891456354027
-1.6623060990028473,0.37399912542735647,912.8581935037757,66.29236906806945,461.87741004032847,66.16705734452039,145.0128160534965,65.39191308966517
-1.4771647895120215,0.37399912542735647,727.741305180503,65.46387543590669,368.0353153241231,65.25880970114136,115.62086248868006,63.87248754418698
-1.3126438125222553,0.37399912542735647,581.7554683440039,64.42372994768304,294.29523088785425,64.09442133925103,92.29291925090747,61.514629569506496
-1.166446554092426,0.37399912542735647,467.16651752138904,63.12968581616408,236.21924244376996,62.59580541934625,74.16320553399912,57.84754046737344
-1.0365321883776653,0.37399912542735647,376.6912423323665,61.519379290998685,190.50534243457577,60.66564359143224,59.78956828614331,52.464300583468
-0.9210871889273549,0.37399912542735647,305.47332036119394,59.53562683398788,154.51672536810358,58.182804616347795,48.47048364189705,45.827396803866705
-0.8185000129460304,0.37399912542735647,249.48782618271812,57.12181106325401,126.24238942430532,55.0227945598444,39.633667225433534,38.894828224818966
-0.7273386051246984,0.37399912542735647,205.3797930352205,54.2230275521502,103.8936317833347,51.06298954838249,32.64934824513017,32.28856968727704
-0.6463304070095649,0.37399912542735647,170.7209747459665,50.82572054979439,86.39541636895872,46.36306963214372,27.12035856194606,26.381822781252165
-0.5743445928509872,0.37399912542735647,143.36528099713462,46.94363413696474,72.49274136395705,41.07251803656689,22.74369236311969,21.32623799463856
-0.5103762839557767,0.37399912542735647,121.67709885719509,42.65291329842091,61.52990294059529,35.60664378279482,19.345586125705744,17.212026038654813
-0.4535325211846986,0.37399912542735647,104.48561728238666,38.12495079996646,52.82477624640653,30.32653986528527,16.58229100639793,13.78288629240843
-0.40301979977966995,0.37399912542735647,90.7302727500363,33.53960853868304,45.84957612949171,25.477516296155482,14.386726833180488,11.036939563064395
-0.35813299251433084,0.37399912542735647,79.57135583347365,29.05738089021063,40.26439766520004,21.225631917035486,12.620942226416094,8.84093523494
-0.3182455065418344,0.37399912542735647,70.49078558855372,24.85517759243144,35.684731518723964,17.534945632501433,11.183416596069831,7.082342784748105
-0.2828005365353655,0.37399912542735647,63.057268197458356,21.044040986467223,31.868325827706308,14.3606524896446,10.003893571395555,5.675701893565835
-0.2513032920204875,0.37399912542735647,56.780922559403926,17.590938612455716,28.737982315291276,11.7271238894852,9.028294709591997,4.5503090796663885
-0.22331409039755062,0.37399912542735647,51.522056814434684,14.566923504066523,26.060916137888004,9.486166827981894,8.178479858892961,3.6094927249842885
-0.19844221923690444,0.37399912542735647,47.032418856529745,11.928524753955898,23.804980351800044,7.6331920117056775,7.467656047239562,2.860111027584842
-0.17634048216824733,0.37399912542735647,43.22915047837599,9.687809470952192,21.858869417069304,6.084054411156292,6.867850254316257,2.2618587948301596
-0.15670035222800524,0.37399912542735647,39.94524439726461,7.7804927359914,20.224097358482545,4.836755428865106,6.343181097807194,1.7703456565344358
-0.13924766500838334,0.37399912542735647,37.13352837692307,6.194573285862803,18.80472992157834,3.809076530100145,5.900062393856318,1.3832734305801624
-0.12373879148704055,0.37399912542735647,34.74370015900072,4.90267750540452,17.5781237630547,2.9747182362683087,5.522942720755202,1.0779092403806587
-0.10995723711238882,0.37399912542735647,32.694559320404544,3.8532920489167193,16.541359746386494,2.3178873287505692,5.18847353675842,0.8287125520910522
-0.09771061966979347,0.37399912542735647,30.936929489002775,3.009546486150332,15.65929764824424,1.8011068950400382,4.9134707667250845,0.6413313615485761
-0.0868279837415025,0.37399912542735647,29.43899427339926,2.3416579789027785,14.901389297029354,1.3932618945061523,4.6803896829799605,0.49652122768880297
-0.07715741427178036,0.37399912542735647,28.164852283128628,1.8180277727576781,14.251923309368046,1.0743157861835213,4.4748214906095685,0.3807042585146108
-0.06856391592404971,0.37399912542735647,27.077589459714122,1.4088457297142056,13.698595892081064,0.8276460932626425,4.298063026335919,0.2909561669198791
-0.06092752862714207,0.37399912542735647,26.146303283523164,1.0897185011182244,13.227580988795623,0.6378262534168618,4.149911895490504,0.22338109446463325
-0.0541416530048151,0.37399912542735647,25.347132890790313,0.8416110644541963,12.82525694561863,0.4917475977707061,4.024983594078871,0.17225000294940496
-0.04811156231253989,0.37399912542735647,24.66109768526876,0.6494748593328039,12.480142502969569,0.37918713239556806,3.917623933403729,0.13288156282958585
-0.04275308010908995,0.37399912542735647,24.072146955343207,0.5011940382226132,12.183193289284098,0.29241925056450346,3.824358050752928,0.10231826257508761
-0.0379914052040221,0.37399912542735647,23.566250507642742,0.38700902752459665,11.92724372582942,0.22557246777831136,3.7433414036809554,0.07865919751005904
-0.03376006747802295,0.37399912542735647,23.131130934347137,0.29915425128714795,11.706404501891672,0.17411788876422743,3.67328795260104,0.0604693347936841
-0.03,0.37399912542735647,22.75618311739022,0.2315430477889654,11.51567973967035,0.13453300144841837,3.612941811046656,0.046555537458066475
0.03,0.37399912542735647,18.351342867869768,0.13743729967960344,9.275508908430442,0.07861068156932222,2.9101467945060384,0.026959849108734155
0.03376006747802295,0.37399912542735647,18.181422734239213,0.1655930257904064,9.189263046457889,0.09460390387725212,2.882221263775896,0.03260189207894423
0.0379914052040221,0.37399912542735647,18.00569295606606,0.19773400816050662,9.100180089039204,0.11281373937955907,2.8534574073070096,0.039019301946702285
0.04275308010908995,0.37399912542735647,17.82763266794127,0.23351038694983184,9.009880420850637,0.1330637309801808,2.8248639238960647,0.04602085889044687
0.04811156231253989,0.37399912542735647,17.652482119779624,0.2719295951051328,8.920708674868743,0.15487004074772082,2.7977218348028927,0.053252813824318915
0.0541416530048151,0.37399912542735647,17.487961186923066,0.311001721459756,8.836150862115364,0.1772453421287884,2.7731415609364896,0.060304280617949124
0.06092752862714207,0.37399912542735647,17.345093132251137,0.34732899268460066,8.76153586973569,0.19839043469817025,2.751579512243239,0.0668900144249398
0.06856391592404971,0.37399912542735647,17.23885657422267,0.3758142576899942,8.704899923223158,0.21533317457772946,2.73346505804899,0.07271645211874568
0.07715741427178036,0.37399912542735647,17.18834487383748,0.38980459041021276,8.677400246203732,0.22384134068722808,2.7220374513115955,0.07653183370637082
0.0868279837415025,0.37399912542735647,17.216845627955497,0.381875081428948,8.692378284123722,0.2191843039558996,2.725449384027568,0.07538128264905211
0.09771061966979347,0.37399912542735647,17.354060593752695,0.3449823720801537,8.763748824766894,0.19774416024851102,2.7505582487905547,0.06721132537956533
0.10995723711238882,0.37399912542735647,17.642783592725266,0.27415203517098,8.908483240410144,0.15800204999622544,2.7956729861166907,0.05382221441641604
0.12373879148704055,0.37399912542735647,18.144623884838992,0.1720667781662894,9.156569059840656,0.10108555884080572,2.8705761574307878,0.0351252026882149
0.13924766500838334,0.37399912542735647,18.932259272422513,0.062014472866968345,9.553149197810344,0.03767168302946229,3.000946787931909,0.012483568293627992
0.15670035222800524,0.37399912542735647,20.086149029889,0.0002667336671030884,10.138202238155705,0.0003360036009364371,3.1789224972947534,0.00014467774475215373
0.17634048216824733,0.37399912542735647,21.730688596549257,0.0878404587110515,10.960957549667278,0.046737432338590804,3.4417379368217094,0.01646468697451333
0.19844221923690444,0.37399912542735647,24.008920798981688,0.48623988362822834,12.115154115480044,0.2739143790083464,3.7976843489139425,0.09422546231294347
0.22331409039755062,0.37399912542735647,27.066698493759958,1.4049392915534402,13.665051885244866,0.8134921611826735,4.293856463332527,0.28893832051918333
0.2513032920204875,0.37399912542735647,31.200701744103934,3.1323294349974153,15.746914603568744,1.8505150752802226,4.935415299874856,0.6556523729265777
0.2828005365353655,0.37399912542735647,36.59284411116206,5.896978758225353,18.48175526732944,3.584034388084247,5.797141502512109,1.2975795526966463
0.3182455065418344,0.37399912542735647,43.69591877447274,9.961775753245396,22.068094844698685,6.247666513080921,6.925086754312275,2.317391027827827
0.35813299251433084,0.37399912542735647,52.862333886999224,15.346459746887383,26.699942548287087,10.018275937605932,8.385449638919871,3.834584116398825
0.40301979977966995,0.37399912542735647,64.67029477645823,21.898220844119127,32.66994657442983,15.032425455161704,10.253170933587969,5.969367608269772
0.4535325211846986,0.37399912542735647,79.78618058217415,29.15066530045001,40.31777895924872,21.267665061224868,12.648702786538715,8.875227357771886
0.5103762839557767,0.37399912542735647,99.08887020338209,36.440017291897234,50.07677324669614,28.48071185305379,15.724324624405543,12.710135503915183
0.5743445928509872,0.37399912542735647,123.6682330090018,43.10546987920448,62.5106805037089,36.147943494401034,19.61306616081667,17.540687253681494
0.6463304070095649,0.37399912542735647,154.88469813567824,48.74711522688701,78.2953384381777,43.48213894622272,24.57203834796614,23.475318400889293
0.7273386051246984,0.37399912542735647,194.3835055709226,53.28237395829292,98.27872059323259,49.74666251813306,30.843856490293888,30.422960732926697
0.8185000129460304,0.37399912542735647,244.45668383750981,56.84706852746114,123.58773622914009,54.63789091339739,38.77790097353383,38.138600563580155
0.9210871889273549,0.37399912542735647,307.75271533746326,59.614234343205304,155.58814369173453,58.27634444127098,48.839582857997485,46.082531471483414
1.0365321883776653,0.37399912542735647,387.7947594959627,61.75964844499861,196.08223574468465,60.95686440659931,61.536583355335544,53.28292662637462
1.166446554092426,0.37399912542735647,489.0686080009161,63.426025580904046,247.3104990554223,62.943303652829925,77.60750817067387,58.75127483711283
1.3126438125222553,0.37399912542735647,616.9565300737908,64.7212464565336,311.92988871305727,64.42803776640648,97.9216538956144,62.24587426693943
1.4771647895120215,0.37399912542735647,778.5360480852868,65.7316100070197,393.7626050940331,65.55432209924994,123.56227075716465,64.38578639070609
1.6623060990028473,0.37399912542735647,983.1629806572332,66.523325253514,497.1730140534048,66.41439798049339,156.0116436444375,65.76600550712767
1.8706522023821734,0.37399912542735647,1241.4567217544666,67.14296418032689,627.8465293530779,67.07617387576536,196.94057808700325,66.70404217100396
2.1051114860111477,0.37399912542735647,1568.5485673165103,67.63035089838459,793.2702948600335,67.58917106172169,248.78437118993799,67.37109682685853
2.368956860549917,0.37399912542735647,1981.9131612826752,68.01337885745266,1002.5317445625253,67.98821404268017,314.4749952802937,67.85887358916169
2.6658714488230206,0.37399912542735647,2503.927349451877,68.31464250859779,1265.9284780349094,68.29846635723102,397.457416894854,68.22168414152661
3.0,0.37399912542735647,3164.2901928697875,68.55225077945654,1599.853315131484,68.54217089275538,501.9756628648773,68.49503941444381
-3.0,0.4238656754843373,3101.782403636426,68.53412872145616,1570.197904200573,68.52480241516899,492.934808940585,68.47632410590035
-2.6658714488230206,0.4238656754843373,2453.0392237495694,68.29097040228713,1240.1574839497366,68.27406960603766,389.4089845962347,68.19394566880375
-2.368956860549917,0.4238656754843373,1940.3645812402476,67.98234882348179,982.1023212404873,67.95697996434617,308.26788454523097,67.82285588718602
-2.1051114860111477,0.4238656754843373,1537.387769544237,67.5929968110222,777.5792642754631,67.55025131258742,244.31280845837534,67.32669470877751
-1.8706522023821734,0.4238656754843373,1219.924615234834,67.10153037406474,617.1539205513094,67.03307741053885,193.80917471700772,66.64962588051579
-1.6623060990028473,0.4238656754843373,970.1432460730562,66.4831416484376,490.8658275014131,66.37297509789877,154.1171993278377,65.70661898590708
-1.4771647895120215,0.4238656754843373,772.9778779888865,65.70407955963046,390.9152483971051,65.52368422528717,122.81147995470923,64.34136046103015
-1.3126438125222553,0.4238656754843373,617.495370863666,64.72552739425588,312.37596337202535,64.43593910255403,97.9654048565665,62.25104611448563
-1.166446554092426,0.4238656754843373,495.4456153283039,63.5071651267444,250.51935931189837,63.0373876781147,78.65475754349352,59.00285278192432
-1.0365321883776653,0.4238656754843373,399.08352962659444,61.989510396858485,201.8309370087108,61.2377041985382,63.345374209422225,54.07779424781444
-0.9210871889273549,0.4238656754843373,323.23229586076894,60.11703509478483,163.50100804105483,58.92289067852645,51.29025399170383,47.70816776217178
-0.8185000129460304,0.4238656754843373,263.6054629945992,57.833397052042315,133.38660783337795,55.970443407391066,41.877511301338046,40.80634078007242
-0.7273386051246984,0.4238656754843373,216.63196590452898,55.0815703937341,109.58575180782492,52.2464534932295,34.439097012612635,34.074948957728736
-0.6463304070095649,0.4238656754843373,179.72149434996615,51.83957797385255,90.95088234495849,47.766974727384714,28.551087871132392,27.964604114985978
-0.5743445928509872,0.4238656754843373,150.59392944684635,48.10752319774519,76.14831299290253,42.62652643905051,23.891466893663225,22.68125206976109
-0.5103762839557767,0.4238656754843373,127.5059782463995,43.94106351771547,64.47793314810295,37.20177599653024,20.273092708224606,18.3485236795636
-0.4535325211846986,0.4238656754843373,109.21012481071038,39.4896360827846,55.21357636671147,31.861366348679454,17.33295386853309,14.719337245442993
-0.40301979977966995,0.4238656754843373,94.57817441112348,34.92072719495315,47.79476614392288,26.883664403414762,14.997579823955311,11.800761196249113
-0.35813299251433084,0.4238656754843373,82.71904293523802,30.396227247204937,41.85774666758322,22.46925124815118,13.120725786492493,9.45971962481329
-0.3182455065418344,0.4238656754843373,73.07816437948559,26.104178463736954,36.99490944902037,18.606563989094226,11.594420729002387,7.581160798652011
-0.2828005365353655,0.4238656754843373,65.19482104350908,22.172828034245505,32.94881720713166,15.265628825964592,10.343524572848168,6.076336260708231
-0.2513032920204875,0.4238656754843373,58.55092716307888,18.584206351810316,29.634216970573323,12.481499540940735,9.310200343021734,4.871144598823028
-0.22331409039755062,0.4238656754843373,52.993220759226574,15.422304812058217,26.805225039014875,10.106161477623303,8.412225392069857,3.863907772331994
-0.19844221923690444,0.4238656754843373,48.25755230471259,12.651174503495097,24.425449218595908,8.137936418305523,7.662493315792869,3.0615558882995586
-0.17634048216824733,0.4238656754843373,44.25278087440036,10.289197739993003,22.376516839083237,6.490270209147745,7.030694277397186,2.420761021219265
-0.15670035222800524,0.4238656754843373,40.80157420177104,8.273513998515819,20.657894676277092,5.161852067935698,6.479371718006578,1.894720471385535
-0.13924766500838334,0.4238656754843373,37.85120013180672,6.593676723269179,19.16861002756655,4.066781621561272,6.014267323856076,1.4803000231702088
-0.12373879148704055,0.4238656754843373,35.34698000129651,5.222717961941646,17.88354789471173,3.177128441715615,5.619091803286544,1.1534533102260942
-0.10995723711238882,0.4238656754843373,33.2027336077501,4.107568048861723,16.798596585284315,2.476210143053972,5.269196813974741,0.8868249149582563
-0.09771061966979347,0.4238656754843373,31.36576791379276,3.2098938668794066,15.876614854735157,1.924464929584828,4.981684937706305,0.686218012047553
-0.0868279837415025,0.4238656754843373,29.801814714148996,2.4985794815299474,15.085318769333286,1.4888871204360672,4.738278612770943,0.5312033841303987
-0.07715741427178036,0.4238656754843373,28.47274107714054,1.9404354750671327,14.407908550451614,1.1481455799393268,4.52389105667796,0.40727294355325916
-0.06856391592404971,0.4238656754843373,27.33959591979264,1.5040106225712793,13.831253010720669,0.8845401786331781,4.339705177423533,0.3112341540622532
-0.06092752862714207,0.4238656754843373,26.369810047382234,1.163480333077127,13.340752431021956,0.6816441045851649,4.185417536256405,0.2389089738665607
-0.0541416530048151,0.4238656754843373,25.538231211560458,0.8986424940738119,12.922088730650593,0.5254858661675148,4.055397813662265,0.18418387829827504
-0.04811156231253989,0.4238656754843373,24.824864345872072,0.6934983559759562,12.563207532976126,0.4051565495863234,3.9437462817089357,0.14205698944931716
-0.04275308010908995,0.4238656754843373,24.212830750092273,0.535151150136029,12.254613810814183,0.3124039198411739,3.8468234716064584,0.10936086679065524
-0.0379914052040221,0.4238656754843373,23.68740695695087,0.41320212374735743,11.988787038978433,0.24095221215296714,3.7626845702977434,0.08405662159360656
-0.03376006747802295,0.4238656754843373,23.235731641630167,0.31937038175579235,11.759551625951987,0.18595904753741474,3.689971257697507,0.06460557310822486
-0.03,0.4238656754843373,22.846710330285994,0.24716098266572611,11.561675495636397,0.14365747262392314,3.6273637366616045,0.04972966411169434
0.03,0.4238656754843373,18.30097175874949,0.14548804998393217,9.249849338600741,0.08320269147985312,2.9020832166203068,0.028530175313400814
0.03376006747802295,0.4238656754843373,18.127694699639417,0.17509043710830416,9.161895938562854,0.10001364219855823,2.8735958042210976,0.03446116853079946
0.0379914052040221,0.4238656754843373,17.948979608682148,0.2087747666655266,9.071296243561758,0.11909295668741893,2.8443327547110315,0.041185603813353865
0.04275308010908995,0.4238656754843373,17.768567998552395,0.2461046585108001,8.979798553601075,0.14021709009038638,2.8153589366647798,0.048487922209599604
0.04811156231253989,0.4238656754843373,17.592060666757277,0.2859395823158993,8.889919785472834,0.16282407780002606,2.7880260040839975,0.055976790444959255
0.0541416530048151,0.4238656754843373,17.427670875427783,0.32605723223326694,8.805382257954461,0.18580418082612227,2.763516898695014,0.06319735816588017
0.06092752862714207,0.4238656754843373,17.28708896626248,0.3627245908981905,8.73184561211391,0.20717540462381778,2.7423506561803284,0.06982466656147775
0.06856391592404971,0.4238656754843373,17.18617312140039,0.39041260643069386,8.677808267855236,0.22371374739798902,2.7250364068781763,0.07552002714290404
0.07715741427178036,0.4238656754843373,17.145137423337268,0.4020023736194017,8.65504446038296,0.23089490310350716,2.715007416693313,0.07893318784363784
0.0868279837415025,0.4238656754843373,17.18866902841604,0.3897138843499865,8.6776501623773,0.2237631840327462,2.72078583864641,0.07695633468609231
0.09771061966979347,0.4238656754843373,17.348273525807244,0.3464957167807634,8.760404827815549,0.19872120059367823,2.74956286895606,0.06752531442122456
0.10995723711238882,0.4238656754843373,17.669233805950576,0.2681145733874609,8.921381551748661,0.15469866183913156,2.799756964334055,0.05269051038146874
0.12373879148704055,0.4238656754843373,18.216563093927792,0.15953680651502503,9.19227532659949,0.09401837895675359,2.881747395209969,0.032702599340244866
0.13924766500838334,0.4238656754843373,19.067054248889367,0.04894568069386629,9.620601741861586,0.03007352372561994,3.0222891317035203,0.00991212442018398
0.15670035222800524,0.4238656754843373,20.306101407173834,0.0007146667285186592,10.248751531509711,0.00019622288740381305,3.213579238961552,4.803190433786482e-05
0.17634048216824733,0.4238656754843373,22.065235338901154,0.12779719944224496,11.129136347023266,0.06888220659903264,3.4947100815014696,0.024239559266361684
0.19844221923690444,0.4238656754843373,24.49577818863247,0.6062454846716526,12.360503156887251,0.3430723878015741,3.8745838161269304,0.1183454992785665
0.22331409039755062,0.4238656754843373,27.75348820626007,1.6588635234066982,14.011552051622228,0.9641692988251169,4.402972536579655,0.34307591098262674
0.2513032920204875,0.4238656754843373,32.15115828292775,3.586252793503622,16.226510786803615,2.1286262248823986,5.085836260327622,0.7568103377912783
0.2828005365353655,0.4238656754843373,37.88417210201117,6.6121174868960875,19.13400900902994,4.042094372232016,6.001836912312441,1.469643161479536
0.3182455065418344,0.4238656754843373,45.431215211173125,10.983574423987635,22.944604325734034,6.941236600659289,7.200292169472537,2.5891310580899822
0.35813299251433084,0.4238656754843373,55.16915259692327,16.674753243804567,27.865310569599426,10.993781866387813,8.751541209319727,4.239297873805324
0.40301979977966995,0.4238656754843373,67.71092609738882,23.46796125048045,34.20640498502947,16.31335279252835,10.735490132559404,6.543353198265514
0.4535325211846986,0.4238656754843373,83.76643926007512,30.828512485536628,42.32965454192597,22.833077306001112,13.280051380887103,9.65754422725941
0.5103762839557767,0.4238656754843373,104.2700602612549,38.06029518240323,52.695913049059875,30.241894256917718,16.54698879711783,13.738787252496937
0.5743445928509872,0.4238656754843373,130.38168877887944,44.537156075460054,65.90486336141669,37.93989252014906,20.678115954998233,18.841876303326572
0.6463304070095649,0.4238656754843373,163.54874929390843,49.93525189617632,82.67559468417988,45.10507179437783,25.94674547768557,25.056731990385618
0.7273386051246984,0.4238656754843373,205.5228138089993,54.23456387666371,103.91148055979687,51.066926337035675,32.611625669044884,32.2502385332457
0.8185000129460304,0.4238656754843373,258.74389281073337,57.5976671441091,130.8113094861465,55.642788362653015,41.04425154225441,40.108557705587764
0.9210871889273549,0.4238656754843373,326.03061188154976,60.202536310409954,164.82901793370928,59.02429469560426,51.74025892927606,47.99389370687667
1.0365321883776653,0.4238656754843373,411.1321523596099,62.22021182239818,207.88213823604457,61.51409952484282,65.239966473595,54.8553743667628
1.166446554092426,0.4238656754843373,518.8226341340913,63.786825493551966,262.35632845871413,63.36217934636444,82.32938609996367,59.80942899909926
1.3126438125222553,0.4238656754843373,654.8357534605418,65.00442740139763,331.08117772898146,64.7462833590865,103.93399457400211,62.89432481996106
1.4771647895120215,0.4238656754843373,826.7018646305305,65.95424062572906,418.1224489334311,65.79810514734243,131.20731666163113,64.79746244145012
1.6623060990028473,0.4238656754843373,1044.3813713078396,66.6985317798563,528.1312831575514,66.60252806751534,165.72620922976643,66.04289816235563
1.8706522023821734,0.4238656754843373,1319.1851984382702,67.28107684740121,667.1566973447598,67.22218932895063,209.27013957631556,66.89905275474268
2.1051114860111477,0.4238656754843373,1667.221054352867,67.73929023215914,843.1724043849545,67.70296862613753,264.4335632937999,67.51277733073923
2.368956860549917,0.4238656754843373,2107.093395938648,68.0993854185077,1065.8478649846124,68.07719343833547,334.33719993453974,67.9640626617352
2.6658714488230206,0.4238656754843373,2662.6239481693447,68.38260093043641,1346.159011631356,68.36830328143816,422.64742096425385,68.3010511309693
3.0,0.4238656754843373,3365.426773734155,68.60596233494088,1701.5490607460506,68.59705242616269,533.8814340127116,68.5556679449063
-3.0,0.4737322255413181,3279.4230290198616,68.5838081811637,1660.1403880324901,68.57553191259353,521.1875754736511,68.5324993563965
-2.6658714488230206,0.4737322255413181,2593.101977090277,68.353863064048,1310.9888774495546,68.33876588940174,411.6604370457572,68.26774017308412
-2.368956860549917,0.4737322255413181,2050.774098522445,68.06200525640597,1037.986308211565,68.03941569554834,325.81764120709835,67.9207079144939
-2.1051114860111477,0.4737322255413181,1624.465275219583,67.6937347438095,821.6222754224245,67.65558445546938,258.15959949806006,67.45837706693183
-1.8706522023821734,0.4737322255413181,1288.6312419486142,67.22881119265202,651.9099821300197,67.1677457313137,204.73106559007655,66.83059707002202
-1.6623060990028473,0.4737322255413181,1024.3879044717144,66.64366681735342,518.3160480896302,66.5454610873473,162.73871672607905,65.96232977328938
-1.4771647895120215,0.4737322255413181,815.8171550519273,65.90629471913597,412.5826512348098,65.74538616620643,129.62138430420399,64.71770504466343
-1.3126438125222553,0.4737322255413181,651.3456300858971,64.97976162633908,329.5009180142798,64.72155745011355,103.33803943768346,62.835228980805304
-1.166446554092426,0.4737322255413181,522.2353671830516,63.82546896532879,264.0662516946412,63.40640542292064,82.90991524982518,59.92682837061701
-1.0365321883776653,0.4737322255413181,420.3025758260668,62.386494381984136,212.5631260316115,61.71556705666586,66.71496415552922,55.42355904502571
-0.9210871889273549,0.4737322255413181,340.067234001152,60.60898099895959,172.01786836008117,59.54158638168563,53.963347861520695,49.348292543333216
-0.8185000129460304,0.4737322255413181,276.995163356773,58.43728989756734,140.16254599123482,56.765518189940394,44.00575631103667,42.523922412381665
-0.7273386051246984,0.4737322255413181,227.3103415765445,55.81336677537597,114.98760811768969,53.24825032929069,36.13768826162427,35.71123674728425
-0.6463304070095649,0.4737322255413181,188.2689830994891,52.70925191995756,95.27710700379956,48.97428319835874,29.90985708352043,29.43336023291132
-0.5743445928509872,0.4737322255413181,157.46377331444722,49.11466557459683,79.62238942800866,43.99079569334761,24.982276043093925,23.950452385873348
-0.5103762839557767,0.4737322255413181,133.0492527787343,45.068366560581616,67.28149480178907,38.631421215484366,21.15520845358294,19.42054433350479
-0.4535325211846986,0.4737322255413181,113.70541433471087,40.69966467512659,57.486460260423776,33.261218729596635,18.047219219615716,15.607483135940196
-0.40301979977966995,0.4737322255413181,98.24003401496185,36.162064207840714,49.64590706753606,28.183593385664103,15.578914067293248,12.528188722399376
-0.35813299251433084,0.4737322255413181,85.71362485569965,31.61487136782278,43.37364928275958,23.63035738759408,13.596222934928534,10.050784022013465
-0.3182455065418344,0.4737322255413181,75.53750792110311,27.253248825475016,38.24031986907331,19.61412313434804,11.985118695106635,8.058545495375936
-0.2828005365353655,0.4737322255413181,67.22352550822036,23.21997484089067,33.97435190225981,16.120556030542147,10.665899275243381,6.460101643744501
-0.2513032920204875,0.4737322255413181,60.22727218687495,19.511353032233476,30.483100495414632,13.19619672035721,9.577227538783198,5.178467110433369
-0.22331409039755062,0.4737322255413181,54.38297399071307,16.22416549572626,27.50841825359803,10.694467017944142,8.633069457885634,4.107455526791207
-0.19844221923690444,0.4737322255413181,49.41160364034615,13.330548380282139,25.009981414844898,8.61715872264522,7.846059642021555,3.2541887445479505
-0.17634048216824733,0.4737322255413181,45.214174003415934,10.855573486020656,22.862753116546376,6.87595000493644,7.18366319796442,2.5724975050897707
-0.15670035222800524,0.4737322255413181,41.60353162284464,8.738361661431936,21.064186832731806,5.470385344828997,6.606938526952139,2.0133266238972083
-0.13924766500838334,0.4737322255413181,38.52149074214355,6.970236989163448,19.50849870440165,4.311238135533442,6.120948556375918,1.5726987536055372
-0.12373879148704055,0.4737322255413181,35.9090490539761,5.524807820319531,18.168141713964147,3.3690443956913283,5.708686785947702,1.2253080868845694
-0.10995723711238882,0.4737322255413181,33.67517757678942,4.347658976901091,17.037771007300247,2.6262553712205516,5.3442578281043,0.9420496955713196
-0.09771061966979347,0.4737322255413181,31.76371950579385,3.399118381991591,16.078294177906653,2.041328500791871,5.044993830580206,0.7288372494041696
-0.0868279837415025,0.4737322255413181,30.137974701422465,2.6468260557941834,15.255743652015292,1.57945463540985,4.791918505546483,0.5641111631088314
-0.07715741427178036,0.4737322255413181,28.757628759031068,2.0561027243071006,14.552250922442761,1.218059636345097,4.5692998985390005,0.43247196466120086
-0.06856391592404971,0.4737322255413181,27.58176320278906,1.5939558278199357,13.953874053903558,0.9384117868273407,4.37819917542714,0.33046128342729975
-0.06092752862714207,0.4737322255413181,26.57620742196142,1.2332130369282455,13.445266852015713,0.7231320838015779,4.218208830070885,0.2536283874431747
-0.0541416530048151,0.4737322255413181,25.714572143096365,0.9525717386033903,13.011446439838878,0.557429803235463,4.083465355994058,0.19549399681838245
-0.04811156231253989,0.4737322255413181,24.975894610907392,0.7351370394814016,12.639814277496482,0.42974530750768003,3.9678381302154655,0.15075163024019933
-0.04275308010908995,0.4737322255413181,24.342510698860174,0.5672758289059956,12.320448816345776,0.3313269681538732,3.8675324416542494,0.11603400845159378
-0.0379914052040221,0.4737322255413181,23.7990429774369,0.43798670309297183,12.045494625220606,0.25551585051080844,3.7805084273893947,0.08917080708767929
-0.03376006747802295,0.4737322255413181,23.332081915799925,0.3385028008889845,11.808506944079193,0.19717263845744518,3.705339334727103,0.06852477833452737
-0.03,0.4737322255413181,22.930075311843993,0.26194401163269926,11.604032422011727,0.15229895435449095,3.6406452906666447,0.05273727283420399
0.03,0.4737322255413181,18.254605362374168,0.1531182904348991,9.226229839754216,0.08755370443213067,2.8946608042353863,0.03001773499143473
0.03376006747802295,0.4737322255413181,18.078224493940123,0.18409095390062655,9.136697700452878,0.10513890828428815,2.865653960900984,0.03622226953001822
0.0379914052040221,0.4737322255413181,17.89674093476051,0.21923646777104755,9.044691505585059,0.12504107699626088,2.83592814003592,0.04323721106493547
0.04275308010908995,0.4737322255413181,17.714135311995395,0.25803610820989786,8.95207604162267,0.14699188873491786,2.8065996137023714,0.050823837003521055
0.04811156231253989,0.4737322255413181,17.536337322564673,0.2992087965747688,8.86152518413248,0.17035525363521728,2.7790846767046764,0.05855510859384331
0.0541416530048151,0.4737322255413181,17.372010870878043,0.3403119950744928,8.776976784991191,0.19390557765775338,2.754632437406739,0.06593458459108013
0.06092752862714207,0.4737322255413181,17.23345644168848,0.3772961320551629,8.704392769398467,0.21548840954741338,2.73381857018435,0.07260015521158694
0.06856391592404971,0.4737322255413181,17.13733778046327,0.40422702523515325,8.652695047198092,0.2316433351967768,2.7172243189220846,0.07817145141597379
0.07715741427178036,0.4737322255413181,17.104896528293036,0.41355503117021886,8.63422449687773,0.2375749456590463,2.708461059055021,0.08120668985371844
0.0868279837415025,0.4737322255413181,17.16210455984298,0.3971869895455179,8.663770796450956,0.2281269656596838,2.7163925691618034,0.07845675996896077
0.09771061966979347,0.4737322255413181,17.342127245500247,0.3481070827969026,8.756908194033532,0.19974571561369123,2.7485179024885094,0.06785581874628643
0.10995723711238882,0.4737322255413181,17.692547605120193,0.26285487755589465,8.932724563326001,0.15182538080085295,2.803352103624866,0.051705162172626454
0.12373879148704055,0.4737322255413181,18.281538054657634,0.1486604383950709,9.224498683221936,0.08787730360827624,2.8918295155479266,0.030595845242008004
0.13924766500838334,0.4737322255413181,19.189719438754565,0.038451423392851146,9.68195893341473,0.023933990750573543,3.0417124406398144,0.007838587684578404
0.15670035222800524,0.4737322255413181,20.507088852554396,0.004321655948584212,10.34974403345347,0.0018765214720355811,3.2452400823033085,0.0005820698312058163
0.17634048216824733,0.4737322255413181,22.371874549665897,0.17040058343736053,11.283243594320707,0.09264675838616664,3.543261669658853,0.032590880578171985
0.19844221923690444,0.4737322255413181,24.94317712205446,0.7260332505702843,12.585930217208105,0.4123864697053061,3.945236331547518,0.1425883038075034
0.22331409039755062,0.4737322255413181,28.38607993512671,1.9057045642224926,14.330668166773314,1.1113598819442494,4.503487028381319,0.3961408097376754
0.2513032920204875,0.4737322255413181,33.02867410803611,4.01999698767511,16.669242186586043,2.3961914508253983,5.22469278204544,0.8546199563945548
0.2828005365353655,0.4737322255413181,39.07898408554783,7.285940204606256,19.737466104766135,4.4778423415030595,6.191221688140179,1.6344598940364594
0.3182455065418344,0.4737322255413181,47.04040259507096,11.933236605019069,23.75734352370397,7.594625942239866,7.455488066903131,2.8476381798124306
0.35813299251433084,0.4737322255413181,57.3128622200491,17.89092014698032,28.948195379147503,11.903992559075848,9.091752512261811,4.62218857817116
0.40301979977966995,0.4737322255413181,70.54230152324133,24.880444801011354,35.63703065120981,17.495723288703307,11.184604828124924,7.083779351805445
0.4535325211846986,0.4737322255413181,87.4798784030933,32.30896709868729,44.206576158796246,24.25873764412701,13.869054355014837,10.390730723757759
0.5103762839557767,0.4737322255413181,109.11257578049933,39.462446392267545,55.143762057934666,31.817434416782035,17.315905478412393,14.698100384202416
0.5743445928509872,0.4737322255413181,136.66673150076016,45.757121830194805,69.08237320426109,39.50614402279807,21.675169692900273,20.048003581745583
0.6463304070095649,0.4737322255413181,171.6721568054232,50.93806767487776,86.78239874271875,46.48799164424383,27.235666202343918,26.510730065717517
0.7273386051246984,0.4737322255413181,215.98077818628914,55.03446146331959,109.19960981400966,52.170529320803624,34.271319858892234,33.91018660619175
0.8185000129460304,0.4737322255413181,272.17352707157784,58.22710017188075,137.60110565585595,56.47576644880706,43.174538878505004,41.86414056815546
0.9210871889273549,0.4737322255413181,343.2294125128552,60.69569601891813,173.52415899228768,59.64365051590137,54.46972109034021,49.64368191107271
1.0365321883776653,0.4737322255413181,433.1119854910863,62.60639664574283,218.99537487072598,61.97639636179068,68.72793265245511,56.14914328958598
1.166446554092426,0.4737322255413181,546.8680410003064,64.08950567536934,276.53799222242696,63.71056503375718,86.78027869091055,60.64768025536006
1.3126438125222553,0.4737322255413181,690.5648283562944,65.24211778110757,349.14502692406086,65.01159210171647,109.60500094186592,63.40834591169355
1.4771647895120215,0.4737322255413181,872.1609908641734,66.1411988278691,441.1128842857408,66.00173881257622,138.42273560740827,65.12853561950011
1.6623060990028473,0.4737322255413181,1102.189512272759,66.84572639849625,557.3649492550747,66.75992553817187,174.89968494848313,66.26836938816707
1.8706522023821734,0.4737322255413181,1392.6171554615048,67.39714857476471,704.2938932183241,67.34450580745914,220.9180359577865,67.05925984562025
2.1051114860111477,0.4737322255413181,1760.4749114043238,67.83086880289267,890.3338772185132,67.79838891642227,279.223439899076,67.62989855442922
2.368956860549917,0.4737322255413181,2225.4401348802003,68.17170208148869,1125.7062870598265,68.15186067757665,353.1154332785773,68.05140515682773
2.6658714488230206,0.4737322255413181,2812.698762631329,68.43975114936636,1422.0309853503002,68.42694223671043,446.46916256283544,68.36716320641212
3.0,0.4737322255413181,3555.6844738899067,68.65113782067789,1797.7440956886926,68.64315522323743,564.0617170670077,68.6062907855177
-3.0,0.5235987755982991,3445.332276463734,68.62554739870829,1744.1443198687248,68.61810499279514,547.5762119350875,68.57937721482878
-2.6658714488230206,0.5235987755982991,2723.9088908723247,68.40670648984778,1377.1391686780303,68.39304449281494,432.4422472019366,68.3291941978843
-2.368956860549917,0.5235987755982991,2153.883746112002,68.12893760118767,1090.1763102630564,68.10855733267144,342.2077292231375,68.00197298440327
-2.1051114860111477,0.5235987755982991,1705.7843337820684,67.77839214762075,862.752518892685,67.74389586848116,271.09130374053984,67.5673256279846
-1.8706522023821734,0.5235987755982991,1352.7959603120983,67.3357960484231,684.3686225961932,67.28060406493634,214.93142031802225,66.97953786436214
-1.6623060990028473,0.5235987755982991,1075.0504997347393,66.77863844314837,543.953997594629,66.68993974828162,170.79130093586562,66.17123203509868
-1.4771647895120215,0.5235987755982991,855.8329624050347,66.07639560814071,432.82195212851764,65.93097775128382,135.98286050672823,65.02203946365888
-1.3126438125222553,0.5235987755982991,682.9711908953287,65.19375183846807,345.50061922387323,64.96050294942971,108.35763229072701,63.30228067291966
-1.166446554092426,0.5235987755982991,547.2726004677912,64.09363563831333,276.7268164487172,63.714935492486475,86.88688582966428,60.66611647794623
-1.0365321883776653,0.5235987755982991,440.14194437898203,62.72137807049369,222.5974916336162,62.11496922474862,69.86555673691102,56.53497799881944
-0.9210871889273549,0.5235987755982991,355.8164230524317,61.02473700467149,179.98549742197002,60.05896758882218,56.46407956849498,50.76077398748029
-0.8185000129460304,0.5235987755982991,289.53041258580436,58.949014727968994,146.5061960513634,57.43215551922201,45.99830248175959,44.04809259035387
-0.7273386051246984,0.5235987755982991,237.31606845826263,56.435848309741296,120.04919807873557,54.093945176199455,37.729411221057774,37.191639642683306
-0.6463304070095649,0.5235987755982991,196.28629409923832,53.45308521021719,99.33505316391393,50.00664378101953,31.18440588391616,30.779659745076174
-0.5743445928509872,0.5235987755982991,163.91461056495592,49.982610793660534,82.88451816506435,45.17855609192076,26.00655363190779,25.124826555908378
-0.5103762839557767,0.5235987755982991,138.25991792623333,46.049453619414415,69.91681023182313,39.900155892733466,21.984459589262254,20.419582129155035
-0.4535325211846986,0.5235987755982991,117.9346980497709,41.76507606023712,59.62482338826463,34.5245547872962,18.71923863525551,16.43976553234023
-0.40301979977966995,0.5235987755982991,101.68694579248759,37.26861001369161,51.38837821726498,29.372358384367345,16.126135908370074,13.212756354240904
-0.35813299251433084,0.5235987755982991,88.53225154579692,32.71396930085076,44.8005452168893,24.702559764587804,14.043803333868441,10.608715600543349
-0.3182455065418344,0.5235987755982991,77.85062530346264,28.300003374238592,39.41176187808344,20.55092676322999,12.35261953544284,8.510019423013805
-0.2828005365353655,0.5235987755982991,69.12879284964035,24.181320307003645,34.937557263273405,16.919037070479188,10.968698366491784,6.823320236308852
-0.2513032920204875,0.5235987755982991,61.7981888490392,20.367364074350057,31.27868090844328,13.865415997877168,9.827504071625183,5.469269652373071
-0.22331409039755062,0.5235987755982991,55.68177333267067,16.967284635750225,28.16567321502994,11.245987562559552,8.839496854799794,4.337692666051208
-0.19844221923690444,0.5235987755982991,50.48681374660026,13.961611766606026,25.55465219205412,9.06647799346035,8.017121055874915,3.4360275181092597
-0.17634048216824733,0.5235987755982991,46.107003702574495,11.382316703545435,23.314382330872057,7.2373975179167465,7.325751820404724,2.715470847357818
-0.15670035222800524,0.5235987755982991,42.34595481787763,9.170941684668296,21.440364516533776,5.7592799290534185,6.725060772915429,2.124884364182376
-0.13924766500838334,0.5235987755982991,39.140187942449174,7.320728146356775,19.82226368391859,4.539921583852079,6.219436672312294,1.6594522804552578
-0.12373879148704055,0.5235987755982991,36.42646575500235,5.805977223808924,18.430164467347236,3.548423229123199,5.791179637787797,1.292667833042806
-0.10995723711238882,0.5235987755982991,34.10907718966162,4.571109807515115,17.257460390138558,2.766387116153649,5.413209402417476,0.9937570528707357
-0.09771061966979347,0.5235987755982991,32.12848237062747,3.575223656717421,16.263171077936335,2.1503991554963,5.103031701984173,0.7686977225298459
-0.0868279837415025,0.5235987755982991,30.445589343571893,2.7847957555868397,15.411709843780613,1.6639431962734883,4.841009153210826,0.5948621973893519
-0.07715741427178036,0.5235987755982991,29.017969328243367,2.163757387548354,14.684168067914126,1.2832611467766735,4.6108017498702765,0.45600660935203124
-0.06856391592404971,0.5235987755982991,27.802820930762188,1.677679691134468,14.065816489659115,0.988642797273238,4.413343039362335,0.34841188332997225
-0.06092752862714207,0.5235987755982991,26.76444963000442,1.2981336034477253,13.540595413685821,0.7618125772543191,4.248119671072911,0.26736658062994145
-0.0541416530048151,0.5235987755982991,25.875293211278453,1.0027903429732399,13.09289377750227,0.5872114609102033,4.109049118006028,0.20604797310434236
-0.04811156231253989,0.5235987755982991,25.11347572806707,0.7739202510142179,12.709601933290637,0.45267063710326766,3.9897859974383674,0.15886413933267313
-0.04275308010908995,0.5235987755982991,24.460596410565564,0.5972051600676185,12.38039922177013,0.3489715081197132,3.88639085456369,0.12226030450914838
-0.0379914052040221,0.5235987755982991,23.90066825654568,0.461083473097122,12.097117949191562,0.26909724519535616,3.79673480181046,0.09394280414694035
-0.03376006747802295,0.5235987755982991,23.41977339949486,0.3563367729114958,11.853063383425217,0.20763147590440886,3.7193271070446534,0.07218208228773203
-0.03,0.5235987755982991,23.0059369350822,0.27572706474957465,11.642577507016703,0.16036007432502933,3.6527321512155506,0.05554419027407704
0.03,0.5235987755982991,18.212215862035315,0.1602793847475494,9.204636759074603,0.09163610518991425,2.887875282230291,0.0314131485152904
0.03376006747802295,0.5235987755982991,18.032953225051752,0.19254382248917487,9.1136389826396,0.10995093335565444,2.8583865726962303,0.03787536475405793
0.0379914052040221,0.5235987755982991,17.84887552029397,0.22906996287525508,9.020315039390754,0.13063029104936294,2.8282276741103543,0.045164574459977035
0.04275308010908995,0.5235987755982991,17.664175687833122,0.2692633508774969,8.9266329991475,0.1533647340941127,2.7985609030501832,0.053020584140110565
0.04811156231253989,0.5235987755982991,17.48507608640141,0.3117131035376149,8.835406072854134,0.17744987213114594,2.7708604623989976,0.06098319450311351
0.0541416530048151,0.5235987755982991,17.320642570224884,0.35377282409648125,8.750763879803692,0.20155313640331882,2.746434376989821,0.06851747364614948
0.06092752862714207,0.5235987755982991,17.18372115092774,0.39109971969610124,8.67893825736411,0.2233605995390236,2.725907871157578,0.07522741521576534
0.06856391592404971,0.5235987755982991,17.09169728626782,0.41738495445258933,8.629230837915012,0.23919314110452192,2.7099251617223508,0.08069507983572387
0.07715741427178036,0.5235987755982991,17.066734463655777,0.4246832387951951,8.614492315313944,0.24400536037433398,2.7022576541835623,0.08339450558858763
0.0868279837415025,0.5235987755982991,17.135958440236124,0.40462117319268376,8.650137165778634,0.23245972907670517,2.712080064998958,0.07994537046223246
0.09771061966979347,0.5235987755982991,17.334029699998553,0.3502364414495226,8.752454394053196,0.20105494475823532,2.747170350206575,0.0682833473540155
0.10995723711238882,0.5235987755982991,17.710615695665265,0.25881837751464365,8.941446415172281,0.1496362322843966,2.806123536123886,0.050952518806680336
0.12373879148704055,0.5235987755982991,18.336769313033354,0.13974112848425188,9.251834533002652,0.08284242284800883,2.9003810952501556,0.028867731081319715
0.13924766500838334,0.5235987755982991,19.29661052109058,0.030376232599890717,9.735378419164709,0.019179192049119064,3.0586375483068142,0.00623623521230628
0.15670035222800524,0.5235987755982991,20.684354408387122,0.00997436925188232,10.438774704363043,0.004757882422203628,3.273149759575958,0.0015356755163387881
0.17634048216824733,0.5235987755982991,22.64442086976267,0.21289378445252577,11.42015184338674,0.11645645859369608,3.5864096948366315,0.04096817567354038
0.19844221923690444,0.5235987755982991,25.343108007385258,0.8404258894120666,12.787383892978431,0.478803745698327,4.0083700031251634,0.16587446796715336
0.22331409039755062,0.5235987755982991,28.954137358781846,2.1371925406322783,14.617172585511543,1.249994035285003,4.593757310733938,0.44628357045775013
0.2513032920204875,0.5235987755982991,33.81995673503578,4.421912463977796,17.068384401091873,2.64565198564953,5.349873105957148,0.9462260301963781
0.2828005365353655,0.5235987755982991,40.16024362624389,7.903916553298985,20.283508584497365,4.881002244277792,6.362590342924172,1.7879246256764156
0.3182455065418344,0.5235987755982991,48.50171284398304,12.7950470881474,24.495300731532573,8.195025027997742,7.687217612739685,3.0873447895612727
0.35813299251433084,0.5235987755982991,59.265719241260165,18.981214848104493,29.93456301868548,12.734395584126718,9.401679204897839,4.9760689621355585
0.40301979977966995,0.5235987755982991,73.1291576293186,26.128381917442493,36.94398470635182,18.565126185515545,11.594916731977833,7.581764977381053
0.4535325211846986,0.5235987755982991,90.88176194666124,33.59551500886389,45.925912733208456,25.53345968733209,14.408609154525086,11.064282284155809
0.5103762839557767,0.5235987755982991,113.55975076153658,40.66174045934638,57.391655521465594,33.20400670373955,18.02207834538485,15.57627968466167
0.5743445928509872,0.5235987755982991,142.45166750305998,46.78822443463124,72.00694602411356,40.85642652857646,22.592846929724107,21.14673761877247
0.6463304070095649,0.5235987755982991,179.1642884759047,51.77987875334125,90.56990851454471,47.65498074534321,28.424418487690794,27.8259541628237
0.7273386051246984,0.5235987755982991,225.64286958277907,55.70392783155606,114.08517668156378,53.08839481991897,35.80476959111373,35.395105699712246
0.8185000129460304,0.5235987755982991,284.60091914035087,58.75348942684852,143.88395137794384,57.16496735145847,45.14581194119712,43.405886739207375
0.9210871889273549,0.5235987755982991,359.16637605008424,61.10820764523438,181.58114951239426,60.15624965964507,56.998976677341005,51.04801740407696
1.0365321883776653,0.5235987755982991,453.5034254212893,62.92962561881899,229.30519733493722,62.359851304106066,71.96385616761722,57.20337351087933
1.166446554092426,0.5235987755982991,572.9131232332173,64.34302212541175,289.707968995999,64.00025599883284,90.91391865211457,61.31328220024416
1.3126438125222553,0.5235987755982991,723.7751854418034,65.44133782075409,365.93504442238395,65.23269282428477,114.87616638751756,63.81894050265147
1.4771647895120215,0.5235987755982991,914.4476607487052,66.29799309946523,462.49829630987597,66.17175658125885,145.13459723895855,65.39647533943477
1.6623060990028473,0.5235987755982991,1155.998406217032,66.96923619296608,584.5761523167985,66.89153806832995,183.43861731378155,66.45276018588551
1.8706522023821734,0.5235987755982991,1461.0079219101165,67.49458542378966,738.8815064120755,67.44690638922428,231.7661380600803,67.19124505553505
2.1051114860111477,0.5235987755982991,1847.367886718364,67.90777063227348,934.2781606199335,67.87834641946142,293.00458878245865,67.72689173432614
2.368956860549917,0.5235987755982991,2335.761462346185,68.23244648812201,1181.5040138365553,68.21447424187596,370.62063057088926,68.1240094392951
2.6658714488230206,0.5235987755982991,2952.6438541977054,68.48776602068516,1492.7821214887795,68.47614386311531,468.68333879421607,68.42226863912303
3.0,0.5235987755982991,3733.155864784965,68.689099218466,1887.4739628707491,68.68185581882365,592.2139986122753,68.64857156529176
-3.0,0.5734653256552797,3597.8429216778723,68.66049703425263,1821.3656174649527,68.65371911181705,571.8356019557687,68.61840895801251
-2.6658714488230206,0.5734653256552797,2844.145676305562,68.45095564293143,1437.94348816308,68.43843897388305,451.5455818926834,68.38027411037518
-2.368956860549917,0.5734653256552797,2248.6577401512177,68.18498655998471,1138.1481964719544,68.1663684519338,357.27352586957437,68.06936656997792
-2.1051114860111477,0.5734653256552797,1780.5288176790166,67.84929217173439,900.557171358873,67.81771058394837,282.9781557870328,67.65739786897294
-1.8706522023821734,0.5734653256552797,1411.7759226437324,67.42541231411064,714.204698791671,67.37490540689322,224.30806267341333,67.10214555753302
-1.6623060990028473,0.5734653256552797,1121.6249561536436,66.89173363530887,567.5236127888487,66.81061706902722,178.1945401907242,66.34217082946192
-1.4771647895120215,0.5734653256552797,892.6272330072193,66.21898944897406,451.43179607377226,66.08592634359682,141.83265975469678,65.26898867729774
-1.3126438125222553,0.5734653256552797,712.059196099172,65.3732472522625,360.21682023978684,65.15990844094003,112.97451593768335,63.677410844737665
-1.166446554092426,0.5734653256552797,570.3116798364769,64.31878231174232,288.3768194277063,63.97230865599873,90.5466611227801,61.2580135490126
-1.0365321883776653,0.5734653256552797,458.4090465173437,63.002892800627606,231.83661983685565,62.44809279805649,72.76656910654344,57.44493170563478
-0.9210871889273549,0.5734653256552797,370.32907757927023,61.37485527598949,187.3276133199297,60.49070521049989,58.768498163855966,51.96187955211175
-0.8185000129460304,0.5734653256552797,301.0933038257292,59.38103057660478,152.35790480447457,57.98962546365051,47.83641718372231,45.382755184821065
-0.7273386051246984,0.5734653256552797,246.5570538744613,56.96321510510331,124.72393767420206,54.804966512310365,39.19962897503906,38.51315033118881
-0.6463304070095649,0.5734653256552797,203.70155751101157,54.08638050367005,103.08835363367474,50.88381065461619,32.363312235458,31.99722459665486
-0.5743445928509872,0.5734653256552797,169.8903225632561,50.72654795954005,85.9063125992566,46.20361704875871,26.95538218289353,26.19698506421843
-0.5103762839557767,0.5734653256552797,143.09408720791774,46.89770631884014,72.3616799503315,41.01444542398236,22.753868003393617,21.33833506047476
-0.4535325211846986,0.5734653256552797,121.8635278961177,42.69585635824958,61.61124609798768,35.651943740792966,19.343535964303694,17.209504227683837
-0.40301979977966995,0.5734653256552797,104.89172373521552,38.24618105483771,53.00843092386937,30.4468494168111,16.634925659170264,13.848628276570551
-0.35813299251433084,0.5734653256552797,91.15331280985943,33.69541103554094,46.12750287743355,25.680899614428718,14.460034348326884,11.128546888039896
-0.3182455065418344,0.5734653256552797,80.00020813181148,29.243323940361837,40.500481912368684,21.411338445366827,12.694173139933886,8.931417427075553
-0.2828005365353655,0.5734653256552797,70.89666356020135,25.053812359313653,35.83138012243136,17.655441240966887,11.249703049564062,7.162534071235113
-0.2513032920204875,0.5734653256552797,63.25237007371058,21.148125715622662,32.015239958109674,14.483911605782486,10.059231160976779,5.740703238907494
-0.22331409039755062,0.5734653256552797,56.88043194290332,17.647149293058092,28.772347463811343,11.7560336602763,9.030048975951788,4.552293408360565
-0.19844221923690444,0.5734653256552797,51.47571613635342,14.539882979971548,26.05568438686996,9.481820679293758,8.174490028252475,3.605181674325504
-0.17634048216824733,0.5734653256552797,46.925197219700124,11.865242881903061,23.728336162075784,7.571155740893449,7.45599499310182,2.848157547885197
-0.15670035222800524,0.5734653256552797,43.023908805662515,9.567506682649963,21.78393243453823,6.025651790124258,6.832953571325409,2.2281748640107
-0.13924766500838334,0.5734653256552797,39.703284818808456,7.641902099118492,20.107876085846293,4.750462311351995,6.309094668238836,1.7395938377515998
-0.12373879148704055,0.5734653256552797,36.89597420142295,6.063479772358884,18.667968852288062,3.7133473680491873,5.866051699011491,1.3547687503238899
-0.10995723711238882,0.5734653256552797,34.50178480790816,4.7756446710878215,17.45632584796047,2.895070627611049,5.475630654858781,1.0413512593903533
-0.09771061966979347,0.5734653256552797,32.45790198815486,3.736355917535113,16.430155281983733,2.2504595625685155,5.155456103902915,0.805335702178293
-0.0868279837415025,0.5734653256552797,30.72290280735771,2.9109993015921196,15.552328355423175,1.7413959372676735,4.885270810860564,0.6230962807306992
-0.07715741427178036,0.5734653256552797,29.252328724118588,2.2622157468030353,14.802934104944928,1.3430038723215518,4.648168102052589,0.47759961322150146
-0.06856391592404971,0.5734653256552797,28.0015950350856,1.7542494852318886,14.166486358969193,1.0346545158727438,4.44495004014574,0.36487385543181633
-0.06092752862714207,0.5734653256552797,26.93357319961502,1.3575124226757627,13.626250795297087,0.7972385468214388,4.274996980617231,0.27996132934493223
-0.0541416530048151,0.5734653256552797,26.019601908026516,1.0487310037157465,13.166029770395216,0.6144865032232814,4.132023087665729,0.21572158116927556
-0.04811156231253989,0.5734653256552797,25.23695419459496,0.8094089233893427,12.772239644224209,0.47366793931760276,4.00948581478496,0.16629946824730096
-0.04275308010908995,0.5734653256552797,24.56654754567606,0.6246004256298482,12.434191269441596,0.3651345957925908,3.90331256745036,0.12796720658845304
-0.0379914052040221,0.5734653256552797,23.99183470920374,0.4822316550385986,12.143429861205325,0.2815409390032777,3.811292241500963,0.09831735928810467
-0.03376006747802295,0.5734653256552797,23.498433350221852,0.3726717274837024,11.893031917449296,0.21721654843736427,3.7318751641355017,0.07553543770142314
-0.03,0.5734653256552797,23.073984123427575,0.28835591784787595,11.67715296937206,0.16774971651749276,3.663574773837815,0.058118396598943634
0.03,0.5734653256552797,18.173780136080488,0.1669264251853917,9.185058786609082,0.09542440826800533,2.88172310933771,0.032707765106412226
0.03376006747802295,0.5734653256552797,17.991830171745914,0.20040241497012698,9.092694535836051,0.11442329993257576,2.8517857618335114,0.039411431988704504
0.0379914052040221,0.5734653256552797,17.805294832057196,0.23823049000934693,8.99812249120433,0.13583528201293257,2.821217498770728,0.04695900385176327
0.04275308010908995,0.5734653256552797,17.618549401661465,0.27974938033631647,8.903399215645385,0.15931471191080343,2.79122078986877,0.055070997144028716
0.04811156231253989,0.5734653256552797,17.43806854641396,0.32343226710943807,8.811457572369186,0.18409643285384322,2.7633203468260543,0.06325722034946613
0.0541416530048151,0.5734653256552797,17.273266025874694,0.36644916818595596,8.726592494135225,0.20875193294269828,2.7388750551513956,0.0709480201691926
0.06092752862714207,0.5734653256552797,17.13746182514465,0.4041915900296229,8.655269836393739,0.23082317874347738,2.718551611971665,0.07771736329682014
0.06856391592404971,0.5734653256552797,17.048670326725972,0.4300095825495719,8.607122591749828,0.24643194868847426,2.7030467226320325,0.08311440640512226
0.07715741427178036,0.5734653256552797,17.029859713424926,0.43559630653976267,8.595448544358407,0.25030361481232244,2.696271759048763,0.08553658673973283
0.0868279837415025,0.5734653256552797,17.109164135129905,0.4123210284530008,8.636210642957701,0.2369330573235398,2.707679047256863,0.08148069494469339
0.09771061966979347,0.5734653256552797,17.322555515107645,0.3532662686287145,8.746323247285497,0.20286506735835755,2.7452937042000194,0.06888122113786824
0.10995723711238882,0.5734653256552797,17.721545173938825,0.2563934837097738,8.946590757489473,0.14835322831493103,2.8077707743345757,0.05050803436092681
0.12373879148704055,0.5734653256552797,18.379755914637762,0.13300504532183405,9.273019265406358,0.07905009864156692,2.9070050068069886,0.02756604410779069
0.13924766500838334,0.5734653256552797,19.3844385449204,0.024476467694161286,9.77919777795026,0.015684214542117506,3.072541766891754,0.005060740604085043
0.15670035222800524,0.5734653256552797,20.833590947573306,0.016490124412621012,10.5136662423587,0.008177921944930677,3.296624514747483,0.0026818725268620866
0.17634048216824733,0.5734653256552797,22.87725399191892,0.2525328768993067,11.537019793176237,0.1387326252818226,3.623260982789801,0.04881693559736912
0.19844221923690444,0.5734653256552797,25.688265959893794,0.9444484282645496,12.961169609443823,0.5393618491458748,4.062824979276391,0.1871491796461362
0.22331409039755062,0.5734653256552797,29.448198191120543,2.345598056055513,14.866280096455469,1.3752645381265831,4.672279587894009,0.4917326513184698
0.2513032920204875,0.5734653256552797,34.512791933988034,4.781407823341943,17.417758930614536,2.869981217550867,5.459436895275381,1.0289336209173112
0.2828005365353655,0.5734653256552797,41.11224119006213,8.45326057288491,20.764189979197443,5.242206021649669,6.5134481542271025,1.9262080263299235
0.3182455065418344,0.5734653256552797,49.79500752542463,13.55581963669636,25.14828895781302,8.73101681006881,7.892282761220354,3.3031083966815813
0.35813299251433084,0.5734653256552797,61.00198326035523,19.935098015754058,30.81139303703149,13.47245615438188,9.677234856172378,5.294361201694664
0.40301979977966995,0.5734653256552797,75.438697418244,27.207800474629618,38.11067608544263,19.509779066608168,11.961219035515779,8.029262266255135
0.4535325211846986,0.5734653256552797,93.93040039191962,34.693827942999874,47.46657426057741,26.64927541185823,14.892096769752042,11.66880052214741
0.5103762839557767,0.5734653256552797,117.55869679901576,41.67308808838289,59.41283929089392,34.40162660601794,18.65711043854587,16.362973893757093
0.5743445928509872,0.5734653256552797,147.66950588895895,47.65028266980544,74.64469606811234,42.0024944289936,23.420513469717744,22.12761471880236
0.6463304070095649,0.5734653256552797,185.94038967832927,52.48059845361851,93.99525426375152,48.62856307078289,29.49955270466486,28.993444806313164
0.7273386051246984,0.5734653256552797,234.40193134218848,56.26037235234763,118.51397780364181,53.846221494829585,37.19497465298799,36.700322715108406
0.8185000129460304,0.5734653256552797,295.8906733319827,59.1910830149366,149.59136219644842,57.732457089750795,46.936590301774004,44.73790185676225
0.9210871889273549,0.5734653256552797,373.6704492379997,61.45140559325523,188.91348242152054,60.578861458467586,59.300886972809735,52.22608357267451
1.0365321883776653,0.5734653256552797,472.09039734347084,63.198813890275574,238.7023211777884,62.67677493108274,74.91345248768184,58.054891545270884
1.166446554092426,0.5734653256552797,596.6848404256566,64.55436193902707,301.72817534654286,64.24029029328742,94.68699871324533,61.84242866509385
1.3126438125222553,0.5734653256552797,754.1218698575137,65.60756569161087,381.27677972997066,65.41629680055341,119.6927322475068,64.14809793664475
1.4771647895120215,0.5734653256552797,953.1260013472797,66.42892394752138,482.05819088394014,66.3131991735406,151.27371552370394,65.61375823822378
1.6623060990028473,0.5734653256552797,1205.2569287756241,67.07244105719795,609.4861838239806,67.00119438683546,191.25556162868637,66.60361204614152
1.8706522023821734,0.5734653256552797,1523.6607969036634,67.576049108962,770.5671860557595,67.53232581118331,241.70392594770604,67.29989477682166
2.1051114860111477,0.5734653256552797,1927.018529619006,67.97209398063669,974.5594521682067,67.94510647835563,305.63723902947953,67.80709107236927
2.368956860549917,0.5734653256552797,2436.9424973399737,68.28327465963491,1232.6770183554452,68.26679230997573,386.67594665553634,68.18423737131472
2.6658714488230206,0.5734653256552797,3081.0488759339387,68.52795403602951,1557.6994790639076,68.51728044865864,489.0661347184482,68.4680880101547
3.0,0.5734653256552797,3896.057122679956,68.72088077749794,1969.836705490387,68.71422812817262,618.0553698455388,68.6837902214695
-3.0,0.6233318757122608,3735.420654364702,68.68956019802671,1891.0274950997978,68.68331165340503,593.7217656194732,68.65071589464112
-2.6658714488230206,0.6233318757122608,2952.6029295870117,68.48775265034959,1492.7900185519397,68.47614908929378,468.77827130242787,68.4224920215151
-2.368956860549917,0.6233318757122608,2334.1430598090246,68.231597306234,1181.419721682896,68.21438422850073,370.86356177724406,68.12496369760763
-2.1051114860111477,0.6233318757122608,1847.947934583184,67.90825936684458,934.6564581809196,67.87900103163305,293.700777557391,67.73151624847303
-1.8706522023821734,0.6233318757122608,1464.9798783935557,67.49996018676839,741.1191672050606,67.45318840001573,232.7670166464482,67.20268631015995
-1.6623060990028473,0.6233318757122608,1163.645962860002,66.98584384892013,588.7894579982072,66.91077172584272,184.87449970483314,66.48166869830972
-1.4771647895120215,0.6233318757122608,925.8341106808696,66.33770284707026,468.2271202868998,66.21448851949015,147.11265129855585,65.46915312463254
-1.3126438125222553,0.6233318757122608,738.3222466621955,65.52278009106755,373.50415211785605,65.32532068547481,117.14306344525073,63.9788235195198
-1.166446554092426,0.6233318757122608,591.1271007185233,64.50653227598941,298.902206977364,64.18577646656674,93.85342926260702,61.73129013774246
-1.0365321883776653,0.6233318757122608,474.9272052091379,63.237960133500955,240.19114430270736,62.724416345516005,75.38994452466324,58.183455528362565
-0.9210871889273549,0.6233318757122608,383.4669809775399,61.66774322523623,193.9742918180928,60.84906292522142,60.85464807621849,52.96944774015863
-0.8185000129460304,0.6233318757122608,311.57584340528604,59.74334247306032,157.66303389605315,58.45325524277419,49.502942124036124,46.53425931119713
-0.7273386051246984,0.6233318757122608,254.94899743833216,57.40701165167398,128.96918413973944,55.39898972489096,40.534942515823545,39.675036204609675
-0.6463304070095649,0.6233318757122608,210.4489929043496,54.62182137458284,106.5037221440005,51.6231874962977,33.43612134289915,33.08166502290464
-0.5743445928509872,0.6233318757122608,175.33950559808903,51.35944400911668,88.66177158174088,47.079451935565395,27.820593208635703,27.161037486241778
-0.5103762839557767,0.6233318757122608,147.51147586829592,47.62506018497764,74.59572752318644,41.98181960990763,23.45702807331809,22.170658800117977
-0.4535325211846986,0.6233318757122608,125.46015962349729,43.501500774756934,63.429678075068345,36.64550877083069,19.915065218964315,17.91089186400392
-0.40301979977966995,0.6233318757122608,107.829171325843,39.10091751153184,54.4933253056378,31.405458657887618,17.10128053803651,14.430612126832859
-0.35813299251433084,0.6233318757122608,93.55663661829279,34.561887410406655,47.34431985743558,26.561664622509362,14.841712624869121,11.605776214876942
-0.3182455065418344,0.6233318757122608,81.96997713638471,30.08304269447939,41.49824796414376,22.190685124496383,13.007193580563435,9.318908324223889
-0.2828005365353655,0.6233318757122608,72.51391795264006,25.83529764554054,36.649142802472966,18.32485945649117,11.506812631430908,7.47452554969404
-0.2513032920204875,0.6233318757122608,64.57905662313608,21.85029485438879,32.68733664770245,15.046975884220325,10.27069713238613,5.990095481147888
-0.22331409039755062,0.6233318757122608,57.9701884228114,18.259879413524295,29.324013539657127,12.220323602049312,9.203334764602717,4.749066281187226
-0.19844221923690444,0.6233318757122608,52.37119352173007,15.0613949146048,26.50947698020572,9.85943117209602,8.317034446336345,3.7598671551326266
-0.17634048216824733,0.6233318757122608,47.66298192007515,12.300588282614099,24.101697453872685,7.8740223293283105,7.573475010531058,2.9691210892479085
-0.15670035222800524,0.6233318757122608,43.63272401434078,9.924656163850537,22.092528757696044,6.26682538118775,6.9298740232829505,2.322051603016845
-0.13924766500838334,0.6233318757122608,40.207011440886404,7.93079759250597,20.36342640537168,4.940662784652902,6.389322974952255,1.8122169378022428
-0.12373879148704055,0.6233318757122608,37.314529960514506,6.294805961681803,18.880014061206488,3.8620407904059175,5.932817786222699,1.4108971532341597
-0.10995723711238882,0.6233318757122608,34.85084014453354,4.959181931111399,17.633122813976087,3.0108868492666634,5.5311303274438375,1.0842774691818238
-0.09771061966979347,0.6233318757122608,32.749988144200536,3.880818915935822,16.578239341843258,2.340386090195458,5.201950572323759,0.838320589636255
-0.0868279837415025,0.6233318757122608,30.968301962268942,3.0240737974059924,15.67678221146097,1.81093095428391,4.924446368311418,0.6484798064187772
-0.07715741427178036,0.6233318757122608,29.459395807742546,2.3503945027407207,14.907885181961733,1.3966008482608177,4.6811899537687545,0.49699468972516986
-0.06856391592404971,0.6233318757122608,28.177016592675788,1.8228115579261503,14.255342742903613,1.0759147000253073,4.472850106478084,0.3796514435336017
-0.06092752862714207,0.6233318757122608,27.082704074679786,1.4106816435367608,13.701790786594069,0.8289991163399449,4.298701837000101,0.29126309210264545
-0.0541416530048151,0.6233318757122608,26.146781414739202,1.0898743177059602,13.230491659945432,0.6389385967778937,4.1522732533609785,0.22440041762861665
-0.04811156231253989,0.6233318757122608,25.34574036678589,0.8412009438095218,12.827428831464465,0.49249420320480053,4.026843659724726,0.17297014428133078
-0.04275308010908995,0.6233318757122608,24.659877531578143,0.6491513136211016,12.481578407384006,0.37962987132536513,3.918219992482056,0.13308797786915355
-0.0379914052040221,0.6233318757122608,24.072139475735543,0.501192257839875,12.1842261143639,0.2927041827914909,3.8241164931110196,0.10224365787787393
-0.03376006747802295,0.6233318757122608,23.567727062575813,0.387323788651351,11.928242792178331,0.22581856849836968,3.7429301474971757,0.07854618035745717
-0.03,0.6233318757122608,23.133937810818356,0.29968913661002605,11.707617250853446,0.17438420181743525,3.673128703562885,0.06043045016312662
0.03,0.6233318757122608,18.13928113537012,0.17301792905172908,9.167487651044055,0.09889508384927295,2.876201696607014,0.03389360202344856
0.03376006747802295,0.6233318757122608,17.954814594073383,0.2076236376880602,9.073844125696262,0.1185316052318173,2.845845221125986,0.04082214088299141
0.0379914052040221,0.6233318757122608,17.765925589017023,0.24667664923052304,8.978077187616393,0.14063264552829047,2.814886163389583,0.04861246863562592
0.04275308010908995,0.6233318757122608,17.577139023158892,0.28945991937700205,8.882315721615695,0.16482245642380602,2.7845607887803334,0.05696844277486151
0.04811156231253989,0.6233318757122608,17.395137918850338,0.33434743705317455,8.789590763651233,0.19028421925406624,2.756436333873054,0.06537362143296264
0.0541416530048151,0.6233318757122608,17.22962520369467,0.378349480504858,8.704333752592502,0.2155064781082284,2.7319137834665237,0.0732280092900129
0.06092752862714207,0.6233318757122608,17.094317170615458,0.4166231640752111,8.633205567469059,0.23790462646779337,2.711692367762357,0.08007996475741994
0.06856391592404971,0.6233318757122608,17.007756422038295,0.44221360529992276,8.586118125506516,0.25342260367171443,2.6965096188734967,0.08545088524195456
0.07715741427178036,0.6233318757122608,16.99358849168332,0.4464852077478092,8.576748309461765,0.25657679592313143,2.6903950419154046,0.08766933130732554
0.0868279837415025,0.6233318757122608,17.080797290745547,0.420562882389879,8.621524548908205,0.2417025394855951,2.7030428424736344,0.08311578246943341
0.09771061966979347,0.6233318757122608,17.30646532861559,0.3575397767944639,8.737888703183481,0.20537006656473228,2.7426910203096,0.06971519235834318
0.10995723711238882,0.6233318757122608,17.72368452084563,0.2559203130260647,8.94732339542443,0.14817100233998814,2.8080316812547474,0.05043782758341497
0.12373879148704055,0.6233318757122608,18.40830764750937,0.12862995353711773,9.286946571046842,0.07660882558671707,2.9113535427732766,0.026728923968581727
0.13924766500838334,0.6233318757122608,19.45031140071749,0.020481967610214653,9.81195550799938,0.013307734691882286,3.082965475583683,0.004262051382201176
0.15670035222800524,0.6233318757122608,20.95099432054734,0.022724050072459322,10.572495979333953,0.011492528427233358,3.3150605470539585,0.0037992211393364597
0.17634048216824733,0.6233318757122608,23.06538646796551,0.28674649498096005,11.63132661118408,0.15798778210145997,3.65302296334102,0.05561254111905305
0.19844221923690444,0.6233318757122608,25.97213687542854,1.0335326201054702,13.103993183313781,0.5913185903784907,4.107567123328942,0.20543030103742432
0.22331409039755062,0.6233318757122608,29.859782879134595,2.523950740041533,15.073702931252633,1.4827822382220464,4.737706151418092,0.5308561476936193
0.2513032920204875,0.6233318757122608,35.09618023275081,5.08912024798785,17.711802260068012,3.0628444353787816,5.551636915106259,1.1002806607430617
0.2828005365353655,0.6233318757122608,41.92076485543867,8.922961119632433,21.172321694220603,5.553122579140826,6.641538265504222,2.045834437075323
0.3182455065418344,0.6233318757122608,50.901990513865286,14.204666654442951,25.707053525591185,9.19262392160007,8.067778006263602,3.4902874154023014
0.35813299251433084,0.6233318757122608,62.49818139838502,20.74462248500356,31.56681224720939,14.10751343830092,9.914692899680631,5.571161365253338
0.40301979977966995,0.6233318757122608,77.4409189850204,28.116997100319313,39.12192776431509,20.320180339692797,12.278748553888189,8.419097663568698
0.4535325211846986,0.6233318757122608,96.58755980911637,35.61048242914005,48.809218641433425,27.600726291208115,15.313446608680705,12.195992774155323
0.5103762839557767,0.6233318757122608,121.0608132592463,42.51010301333997,61.18272778115081,35.41247373552281,19.213285033151838,17.049205793216714
0.5743445928509872,0.6233318757122608,152.258596805613,48.35995963794482,76.96443852886495,42.9566010143785,24.14838259329628,22.981855323183215
0.6463304070095649,0.6233318757122608,191.92238463068458,53.05629492354993,97.01894375911915,49.42867523034833,30.44867869285173,30.006271907506882
0.7273386051246984,0.6233318757122608,242.15918863439492,56.71756852358942,122.43604842196724,54.46485390022061,38.426264098966094,37.8235178595969
0.8185000129460304,0.6233318757122608,305.9179400945519,59.551057595358074,154.66018690134877,58.1954177722952,48.52706620065952,45.86668498730667
0.9210871889273549,0.6233318757122608,386.58387914277233,61.73415245355289,195.4413762314967,60.92437443350974,61.35042284807526,53.198112385700924
1.0365321883776653,0.6233318757122608,488.6736286229921,63.42092717426728,247.08595922872396,62.93661705949746,77.54510228446877,58.735957679609946
1.166446554092426,0.6233318757122608,617.9314107525961,64.72898594077093,312.47127691042147,64.43762417462038,98.05958273535695,62.26215445221812
1.3126438125222553,0.6233318757122608,781.2868325540111,65.74508582167581,395.00938801441197,65.56758752722367,124.0042100509853,64.41157492666399
1.4771647895120215,0.6233318757122608,987.7942111919693,66.53735735978677,499.5893079208842,66.42997277880612,156.7763117291201,65.78944016848868
1.6623060990028473,0.6233318757122608,1249.457136121116,67.15798836083917,631.8381702887639,67.09186995617651,198.26992390223603,66.72650317895994
1.8706522023821734,0.6233318757122608,1579.9337866921614,67.64362581748627,799.0262477775365,67.60305009340883,250.62955747801294,67.38887881699097
2.1051114860111477,0.6233318757122608,1998.6147467815529,68.02548427411702,1010.7670267073678,68.0004369427287,316.99261758575204,67.87302912289424
2.368956860549917,0.6233318757122608,2527.956251933154,68.32548581028931,1278.705736172778,68.31018897308037,401.1184780999826,68.2338979105586
2.6658714488230206,0.6233318757122608,3196.6148478782243,68.5613420975173,1616.1264175070635,68.55142575449511,507.4114093073578,68.50594714516119
3.0,0.6233318757122608,4042.745495936828,68.74729441464171,2044.001698921844,68.74111321442936,641.3252968203814,68.71293752831859
-3.0,0.6731984257692414,3856.6793880813,68.71344591539739,1952.4282145194568,68.7076169399706,613.0142936408471,68.67716688809216
-2.6658714488230206,0.6731984257692414,3048.1882337582188,68.51799431139256,1541.1261151292874,68.50711420392375,483.9667312358819,68.45701499156817
-2.368956860549917,0.6731984257692414,2409.479016224325,68.26990476990507,1219.5553689969104,68.25380603262636,382.8410414703937,68.17035754522901
-2.1051114860111477,0.6731984257692414,1907.3638022872472,67.95672705653786,964.7074849739864,67.92930968075545,303.1513822683504,67.79190872788513
-1.8706522023821734,0.6731984257692414,1511.8741768485547,67.56124752825671,764.8421203046474,67.51743687552177,240.22346018623963,67.28438120736567
-1.6623060990028473,0.6731984257692414,1200.6937371326048,67.06324338632783,607.5391351443471,66.9929637578019,190.7644782868758,66.59458761611832
-1.4771647895120215,0.6731984257692414,955.1237338062442,66.43539138322546,483.04106770652686,66.31998482805005,151.77042344670906,65.63031367945132
-1.3126438125222553,0.6731984257692414,761.50141085963,65.64592431793005,385.2316457292495,65.46106322410941,120.82216588079302,64.2197630306646
-1.166446554092426,0.6731984257692414,609.5158859542258,64.66132979203519,308.2003178274685,64.36098914954087,96.77495505336726,62.107693999874925
-1.0365321883776653,0.6731984257692414,489.5375642187669,63.43206772028063,247.58071171905297,62.9513322314331,77.7104553311461,58.77646150421201
-0.9210871889273549,0.6731984257692414,395.10600519610534,61.9100976311311,199.86273489265957,61.14364651647369,62.702810250345635,53.801422243018926
-0.8185000129460304,0.6731984257692414,320.88115737820374,60.0439754633706,162.37257005917166,58.83519655246503,50.98248484979061,47.510485488885536
-0.7273386051246984,0.6731984257692414,262.41634311358274,57.776595925051105,132.74671750080628,55.89042036335701,41.723341886550955,40.67831184990749
-0.6463304070095649,0.6731984257692414,216.46965276476487,55.0698562318364,109.55132950380332,52.2397097892892,34.39346370179576,34.030191238890126
-0.5743445928509872,0.6731984257692414,180.21604250648326,51.892242348202274,91.12756877961922,47.81859211351429,28.594858029787435,28.01244634352961
-0.5103762839557767,0.6731984257692414,151.47583165687956,48.24195052961374,76.60061779531377,42.81019830877333,24.08817511875984,22.911500757167374
-0.4535325211846986,0.6731984257692414,128.6958703878559,44.19073758570588,65.0655993925561,37.50841281536614,20.42926112589377,18.53897169549438
-0.40301979977966995,0.6731984257692414,110.47631172022905,39.83890255037272,55.831447117533045,32.2477453441143,17.52155136292371,14.954158582693973
-0.35813299251433084,0.6731984257692414,95.72365565134479,35.31652253327151,48.441607353137464,27.34218676330786,15.185890637895437,12.03637726273744
-0.3182455065418344,0.6731984257692414,83.7448051775772,30.819649725376735,42.39741182026314,22.885142290122907,13.289278690236735,9.669008550914672
-0.2828005365353655,0.6731984257692414,73.96817082594832,26.524314333319847,37.3845910171472,18.923044403253737,11.738059567129449,7.756332490448925
-0.2513032920204875,0.6731984257692414,65.76811369216212,22.471163901243166,33.289845879874086,15.550412879141984,10.460289545107372,6.21496575852448
-0.22331409039755062,0.6731984257692414,58.94277102388241,18.80214630614376,29.816491340334405,12.63497761446317,9.35804087216522,4.925968861920518
-0.19844221923690444,0.6731984257692414,53.16653238166459,15.522651200474144,26.912632614504748,10.19587794895369,8.44368625895756,3.898420162510404
-0.17634048216824733,0.6731984257692414,48.314931537450086,12.68499110091307,24.43172352370843,8.143062235021521,7.6773289361685055,3.0770243532495436
-0.15670035222800524,0.6731984257692414,44.16803499039712,10.239333688928987,22.363944643588606,6.480348997150524,7.015127356373664,2.4054512999399735
-0.13924766500838334,0.6731984257692414,40.64786676286824,8.184746790798291,20.58714063879076,5.108513510512096,6.459564518691044,1.876484705482833
-0.12373879148704055,0.6731984257692414,37.67932603257221,6.49769460126938,19.06487890366057,3.992884137839016,5.991030323068048,1.4603973032219228
-0.10995723711238882,0.6731984257692414,35.1539911860625,5.119847502092993,17.786711611506558,3.1125459598583465,5.579350111452846,1.122028162144137
-0.09771061966979347,0.6731984257692414,33.00293167033262,4.007087307753277,16.706507099175976,2.4191604902584602,5.242227286897706,0.8672601265531172
-0.0868279837415025,0.6731984257692414,31.18032972054809,3.122795107147666,15.784333201590377,1.8717511083111773,4.9583034747957955,0.6707099378210115
-0.07715741427178036,0.6731984257692414,29.63799297741196,2.427321641978158,14.998424850075494,1.4434324231555962,4.709679503277783,0.513959828333201
-0.06856391592404971,0.6731984257692414,28.328130274181206,1.8826005363594227,14.331902035872247,1.1119440310767015,4.496891169724719,0.3925678092015229
-0.06092752862714207,0.6731984257692414,27.211064344204374,1.457042765871415,13.766821690238125,0.8567247089731282,4.319110545278414,0.30113700502218654
-0.0541416530048151,0.6731984257692414,26.2561959695804,1.1257549180922632,13.285957615989602,0.6602834430764505,4.1696984572410285,0.23198143932344675
-0.04811156231253989,0.6731984257692414,25.439312747888845,0.8689360347883609,12.874905362178946,0.5089311424942071,4.041776438222935,0.1787974500447486
-0.04275308010908995,0.6731984257692414,24.7401569946029,0.6705797533129598,12.522343025934887,0.3922899809323937,3.931044643662475,0.13756259320044525
-0.0379914052040221,0.6731984257692414,24.141227674553978,0.5177510637325391,12.219326758085508,0.30245879476491605,3.8351509407677287,0.10567600766825262
-0.03376006747802295,0.6731984257692414,23.627360080983763,0.4001280832483879,11.958546646777647,0.23333939345039006,3.752445103304785,0.08117954629606246
-0.03,0.6731984257692414,23.18555272458415,0.309599852611847,11.73384591935936,0.18018837072411886,3.681354858941025,0.06245387810637654
0.03,0.6731984257692414,18.108709075048456,0.17851555759444024,9.151918721501756,0.1020263968801081,2.871309596362118,0.03496328842211813
0.03376006747802295,0.6731984257692414,17.92187730087054,0.21416738417495146,9.057073324588206,0.12225315042921361,2.840560462581384,0.042099745772187704
0.0379914052040221,0.6731984257692414,17.73071181734026,0.2543694564482483,8.960151173813674,0.1450003550718048,2.809224951040732,0.05011741401058556
0.04275308010908995,0.6731984257692414,17.539852103801152,0.29836189919659395,8.8633361466106,0.16986929466617645,2.778566370866096,0.05870652748042103
0.04811156231253989,0.6731984257692414,17.356142557518588,0.3444388410580625,8.76973446118965,0.19600200370524234,2.750186003626529,0.06732865382140032
0.0541416530048151,0.6731984257692414,17.18951256074873,0.38947790029063645,8.68388326576741,0.22181885814241023,2.7255175752486953,0.07535838670061394
0.06092752862714207,0.6731984257692414,17.053991836578746,0.42843656320025364,8.612596828097779,0.24462818060619634,2.705283184182775,0.08232338963213323
0.06856391592404971,0.6731984257692414,16.968543702752513,0.45409365227618265,8.566010052891707,0.2602188718220041,2.6902485325252137,0.08772287918918036
0.07715741427178036,0.6731984257692414,16.957354878619103,0.45751653326410535,8.558106358516513,0.2629181733417879,2.6845378920186502,0.08982442031085887
0.0868279837415025,0.6731984257692414,17.05008894112098,0.42958992381152317,8.60569083322767,0.24690495129433082,2.6980494816456604,0.08489723575662272
0.09771061966979347,0.6731984257692414,17.284722994967726,0.3633605756056058,8.726627543906988,0.20874139187353694,2.739197652181255,0.07084333354643921
0.10995723711238882,0.6731984257692414,17.715646000844643,0.2577007454379826,8.942943619283204,0.14926220059633838,2.806686028041927,0.05080049864883073
0.12373879148704055,0.6731984257692414,18.420574163051004,0.12677449132231433,9.292682175139838,0.07561537622383904,2.9131330438090934,0.026390329367947413
0.13924766500838334,0.6731984257692414,19.49177158478746,0.018155450349860054,9.832410137035135,0.011925548802489465,3.089518120438364,0.003795934440532275
0.15670035222800524,0.6731984257692414,21.033312153137345,0.027668538252624796,10.613620575582656,0.01413358751756167,3.3279417639692306,0.0046919876879880935
0.17634048216824733,0.6731984257692414,23.204526460561535,0.31327863433277503,11.700903697367727,0.17291223032536635,3.6750136407599596,0.06089143134064255
0.19844221923690444,0.6731984257692414,26.189077645901833,1.10369186680572,13.213001425109189,0.6322662271084342,4.141700759563171,0.21985156467689432
0.22331409039755062,0.6731984257692414,30.181496482998163,2.6662140968057186,15.235702329751291,1.5687082214517793,4.7888615561079035,0.5622161396162465
0.2513032920204875,0.6731984257692414,35.560465362272616,5.337030433444111,17.945630874691048,3.2187277259724176,5.624939438422655,1.1581007168735689
0.2828005365353655,0.6731984257692414,42.57326126605165,9.30375334876507,21.50155445807168,5.806550077720463,6.744867243908622,2.1437479363387553
0.3182455065418344,0.6731984257692414,51.806408464252826,14.732725471647015,26.16337352382147,9.571316484749302,8.211122205829037,3.6448038360001584
0.35813299251433084,0.6731984257692414,63.73335706341906,21.4038300536062,32.19022059028873,14.630639639160897,10.11072610931448,5.801289954620347
0.40301979977966995,0.6731984257692414,79.10892364947807,28.855621387801246,39.96413263332676,20.988737240931563,12.543234618830036,8.744998283164072
0.4535325211846986,0.6731984257692414,98.81884356782294,36.35198851680016,49.93644473954343,28.384171215417567,15.66719705107794,12.638656127927494
0.5103762839557767,0.6731984257692414,124.02226111809907,43.18454594130347,62.67914356951414,36.23984866411023,19.683640752517864,17.62728513165136
0.5743445928509872,0.6731984257692414,156.16322145908958,48.930854498902804,78.93798784368296,43.73035575123546,24.767608633223173,23.702161050057867
0.6463304070095649,0.6731984257692414,197.03961404481137,53.51971292231137,99.60523524128988,50.07218710873438,31.260582732312592,30.859145157203148
0.7273386051246984,0.6731984257692414,248.8251746124709,57.08629958709673,125.80613058543675,54.96083858434474,39.484443067413345,38.76404137627959
0.8185000129460304,0.6731984257692414,314.5695825090535,59.84212048297992,159.0331973184598,58.567113787505825,49.89928949681002,46.80000034805498
0.9210871889273549,0.6731984257692414,397.7636868085274,61.9633445412157,201.09252015657293,61.20266465307129,63.12489840020031,53.98370124876873
1.0365321883776653,0.6731984257692414,503.07251491970226,63.60138833074491,254.36476526473749,63.146624428137955,79.83014730298675,59.27332719485966
1.166446554092426,0.6731984257692414,636.4246787858237,64.87115004579577,321.82188533252076,64.59760981248806,100.99548102706937,62.59238547688635
1.3126438125222553,0.6731984257692414,804.9819354250873,65.85724151187799,406.98714958209206,65.69056781653953,127.76485832334575,64.6207609530952
1.4771647895120215,0.6731984257692414,1018.0883767366214,66.62592312931602,514.9075515278561,66.52510394310465,161.58461995076922,65.930164592052
1.6623060990028473,0.6731984257692414,1288.1391153980433,67.22794869250306,651.3995255838048,67.1658767891596,204.4087302434351,66.82559457110784
1.8706522023821734,0.6731984257692414,1629.2457652853764,67.69894875077445,823.9647889445629,67.66085968354402,258.4508453897054,67.46097042677413
2.1051114860111477,0.6731984257692414,2061.42163121351,68.06923063779388,1042.5291954049824,68.04571724184223,326.9541904975047,67.92663826459028
2.368956860549917,0.6731984257692414,2607.8735729360715,68.36009849689646,1319.1200939306755,68.34573802770144,413.8008399921867,68.27438119953051
2.6658714488230206,0.6731984257692414,3298.1667763191017,68.58873567459115,1667.4689760431588,68.57941990733586,523.5326980054014,68.53687025622011
3.0,0.6731984257692414,4171.7353153439435,68.76897725858878,2109.217745836602,68.76316976822842,661.7881596706525,68.7367819090752
-3.0,0.7230649758262224,3960.3950668703405,68.732708258051,2004.9480750755956,68.72720777347676,629.5185427769596,68.69843360387232
-2.6658714488230206,0.7230649758262224,3129.937075740667,68.5423815216902,1582.4638267706337,68.53206672659272,496.9576972060408,68.48474224579401
-2.368956860549917,0.7230649758262224,2473.905888225294,68.30079609734506,1252.1707202471866,68.28557021372359,393.08521568141146,68.20677042731222
-2.1051114860111477,0.7230649758262224,1958.1782895005522,67.99581602070572,990.407697805075,67.96983809313568,311.2348617715216,67.84027479545178
-1.8706522023821734,0.7230649758262224,1551.9881933114807,67.61068876796017,785.1355313232348,67.56919552482712,246.60258736760693,67.34966808580944
-1.6623060990028473,0.7230649758262224,1232.3983358420742,67.1257131638616,623.585465206102,67.059185611696,195.80569320599773,66.68456889244725
-1.4771647895120215,0.7230649758262224,980.2056654618689,66.5142938743778,495.7267216151868,66.40499835136023,155.7598284366027,65.75822164315856
-1.3126438125222553,0.7230649758262224,781.3689569696304,65.74548663863558,395.2841139289771,65.57049839102626,123.9756658677169,64.40991727918187
-1.166446554092426,0.7230649758262224,625.2997662172414,64.78667361507507,316.1809855854489,64.50234121083818,99.28292601571664,62.403465519678015
-1.0365321883776653,0.7230649758262224,502.10082732487615,63.58955015166569,253.9348612581627,63.134596616939234,79.70597894460693,59.24533024458698
-0.9210871889273549,0.7230649758262224,405.1374957213756,62.107232978041424,204.93797110474168,61.381963554576785,64.29572188419958,54.47470229166976
-0.8185000129460304,0.7230649758262224,328.9245892095075,60.289340686659024,166.4436802871192,59.14503862048474,52.261592964281284,48.32000876128732
-0.7273386051246984,0.7230649758262224,268.89314093240836,58.079515707381084,136.0231764568596,56.2908735220887,42.754342978071776,41.525224566392545
-0.6463304070095649,0.7230649758262224,221.71208853789244,55.43903106615485,112.20514063581442,52.74592354573292,35.227160870310954,34.84131913904874
-0.5743445928509872,0.7230649758262224,184.47960598817824,52.334077027844664,93.28330761908917,48.43226809909873,29.271767801423803,28.747868813833495
-0.5103762839557767,0.7230649758262224,154.95530470278393,48.75734207954776,78.36024444899358,43.50737076957044,24.64224421365589,23.55682021873485
-0.4535325211846986,0.7230649758262224,131.5452227341504,44.77136849744892,66.50615456350978,38.24440615456969,20.88208121015116,19.089601661781785
-0.40301979977966995,0.7230649758262224,112.81257261509042,40.46588347295893,57.01240176330842,32.97411376632789,17.892472085031443,15.415348696918102
-0.35813299251433084,0.7230649758262224,97.63753800323096,35.962570390224855,49.41085644276197,28.020633634441317,15.489897553651385,12.416798565450573
-0.3182455065418344,0.7230649758262224,85.31081420929156,31.45403080198892,43.19095807093241,23.491607308224317,13.538225494635865,9.978588287405032
-0.2828005365353655,0.7230649758262224,75.2479490370413,27.11989468506335,38.03193305289028,19.44633966350191,11.941621767249499,8.005258053885779
-0.2513032920204875,0.7230649758262224,66.81009755155078,23.008526172162654,33.81799200388268,15.990503778124785,10.626505717995867,6.413037219649695
-0.22331409039755062,0.7230649758262224,59.790456872188045,19.27108883837446,30.245877903078416,12.99650673573025,9.492941004992543,5.081120701909854
-0.19844221923690444,0.7230649758262224,53.85547551371992,15.920579871794022,27.261984063161723,10.488056500639058,8.55344979020922,4.01930993940111
-0.17634048216824733,0.7230649758262224,48.876011909487886,13.015470630677097,24.715869188587842,8.375618378824598,7.766755837599267,3.170641457438859
-0.15670035222800524,0.7230649758262224,44.62581914405727,10.508822415798303,22.5961437747011,6.664008811354794,7.088073068816505,2.4774044290385815
-0.13924766500838334,0.7230649758262224,41.02265062740999,8.40138041924554,20.777396464967474,5.252207883994535,6.519309799335504,1.931638851028713
-0.12373879148704055,0.7230649758262224,37.98781878739427,6.670142843840885,19.221274917541443,4.104428842352167,6.040283468445885,1.5026788895054992
-0.10995723711238882,0.7230649758262224,35.409214915753665,5.255986790441904,17.916067928800423,3.1988999768354183,5.619967941827035,1.1541492396836912
-0.09771061966979347,0.7230649758262224,33.215120843205945,4.113818697843178,16.814141983563722,2.4858807016008826,5.276029678153081,0.8918052762016149
-0.0868279837415025,0.7230649758262224,31.357697948369474,3.206088991202438,15.874328419094233,1.9231530269959103,4.986636597075596,0.689518480665239
-0.07715741427178036,0.7230649758262224,29.787086316260822,2.4921461947598873,15.07402920165479,1.4829535948376777,4.7334717672290685,0.5282903323981099
-0.06856391592404971,0.7230649758262224,28.454102322923948,1.932947574376421,14.39574198396463,1.1423219905242412,4.5169404348821,0.403467388623263
-0.06092752862714207,0.7230649758262224,27.317978526217832,1.496073431792047,13.821001501050654,0.8800916924407898,4.336115636959548,0.3094646978355468
-0.0541416530048151,0.7230649758262224,26.347295827893966,1.1559669567159232,13.332149246379023,0.6782724133106661,4.184211184453628,0.2383743572121344
-0.04811156231253989,0.7230649758262224,25.517221914519556,0.8923001122436862,12.914441536568408,0.5227880165576426,4.054212510089417,0.18371248938718351
-0.04275308010908995,0.7230649758262224,24.807016877330852,0.688643338630794,12.556298035956278,0.40296875176099045,3.941727633795085,0.14133855067685785
-0.0379914052040221,0.7230649758262224,24.198794884921394,0.5317212933563333,12.248577395549491,0.31069282840150214,3.8443470020454154,0.10857445413306911
-0.03376006747802295,0.7230649758262224,23.677080183491395,0.41094080192130716,11.98381551856923,0.23969329962134386,3.7603797987535983,0.08340513694038523
-0.03,0.7230649758262224,23.228618975710614,0.317977349646974,11.755732474697856,0.18509655381070012,3.6882197855071057,0.0641655273879888
0.03,0.7230649758262224,18.08206242535815,0.1833838752215416,9.138351507636807,0.10479826935334444,2.867046659230141,0.035910017272395796
0.03376006747802295,0.7230649758262224,17.893001954555483,0.21999605806886086,9.042374170388635,0.1255666700006548,2.835929024233587,0.04323699237881874
0.0379914052040221,0.7230649758262224,17.699616563283325,0.26127151068239673,8.944326078615285,0.14891729205023085,2.8042281502152266,0.05146659963450245
0.04275308010908995,0.7230649758262224,17.506623420771827,0.30642211381151363,8.846427852562812,0.17443649031292782,2.773227319998495,0.06027883823808667
0.04811156231253989,0.7230649758262224,17.32097888989676,0.3536837356540127,8.75183669594025,0.20123689943203685,2.744552979072383,0.06911800252234276
0.0541416530048151,0.7230649758262224,17.15277288572078,0.3998313022250351,8.665163069924086,0.22768708338364405,2.7196617561473135,0.0773387000075872
0.06092752862714207,0.7230649758262224,17.01626143994426,0.43966062309862397,8.59333085040218,0.2510096032485142,2.6992883757591626,0.08445326440046225
0.06856391592404971,0.7230649758262224,16.93071548892162,0.46572535010631005,8.546639108748025,0.26686265745266624,2.684213254914616,0.08994473027402569
0.07715741427178036,0.7230649758262224,16.92071944372103,0.4688271893225252,8.53930142070985,0.26940418419989404,2.6786307884875753,0.09202779780575165
0.0868279837415025,0.7230649758262224,17.016436822548894,0.4396080666928984,8.588405795339161,0.2526558533641508,2.6926034980053792,0.08686438730445649
0.09771061966979347,0.7230649758262224,17.256510445134367,0.37099278319435364,8.712126898930432,0.21312788139325642,2.7346836125585328,0.07231601415693836
0.10995723711238882,0.7230649758262224,17.69632518850397,0.26200808112693197,8.932894079461965,0.15178266601842336,2.8035585950715225,0.05164887661031082
0.12373879148704055,0.7230649758262224,18.415070622402638,0.1276051750383006,9.289476810817321,0.07616971266504836,2.9121079743475806,0.026585093255029658
0.13924766500838334,0.7230649758262224,19.5068298165906,0.017346157238616027,9.839557232403225,0.011460950348578048,3.091883555892019,0.0036344612220958446
0.15670035222800524,0.7230649758262224,21.07788775753907,0.030541348212913787,10.635698240656346,0.015660445094283073,3.334846758154669,0.0052082095878701416
0.17634048216824733,0.7230649758262224,23.291134797425183,0.33031239558953274,11.743963565564611,0.18244999124862668,3.688670660865608,0.06427867695455831
0.19844221923690444,0.7230649758262224,26.33438976881561,1.1516683314195173,13.285819402780099,0.6602299066525663,4.164480372200084,0.2297003617658995
0.22331409039755062,0.7230649758262224,30.407122885999886,2.7674250522078516,15.349136230122223,1.6298650977631586,4.824757581923629,0.5846157746583648
0.2513032920204875,0.7230649758262224,35.89745368429463,5.518539689087505,18.115101724589206,3.3330423950024115,5.678043226750267,1.2005769230242294
0.2828005365353655,0.7230649758262224,43.05898574177019,9.588059539661707,21.74645430007946,5.9964828601374816,6.821728923413406,2.2173686198590548
0.3182455065418344,0.7230649758262224,52.49423784462606,15.132878900900652,26.510156478139653,9.859997508781655,8.320088280535591,3.763195824989051
0.35813299251433084,0.7230649758262224,64.68930154744615,21.90819886751447,32.672408336230156,15.034485297057696,10.262443356014957,5.980332627480818
0.40301979977966995,0.7230649758262224,80.4192015896124,29.42391131396121,40.62539801485543,21.50939988080075,12.750944409492156,9.001609066000173
0.4535325211846986,0.7230649758262224,100.594044145335,36.924078456486214,50.83297032951537,28.997147373069577,15.948551265064873,12.99065290892098
0.5103762839557767,0.7230649758262224,126.40439679953235,43.70601807064324,63.88253678490572,36.887291243922796,20.062040343120813,18.09071397069109
0.5743445928509872,0.7230649758262224,159.33412878896434,49.373678822715846,80.54042903306733,44.33391781966695,25.270372093619383,24.282506266568046
0.6463304070095649,0.7230649758262224,201.22950213525644,53.880717749663106,101.72247467160739,50.57276175545406,31.92533331151221,31.548025264224812
0.7273386051246984,0.7230649758262224,254.32056384484255,57.37485529704997,128.58409446276153,55.346990910325076,40.356924892073785,39.522252528179884
0.8185000129460304,0.7230649758262224,321.7452222365988,60.070957016319454,162.65961711490831,58.85763903283444,51.0373334924811,47.54585036305082
0.9210871889273549,0.7230649758262224,407.08298546123535,62.1442823782615,205.80274059183213,61.42122526287022,64.60417992992892,54.60054048434552
1.0365321883776653,0.7230649758262224,515.1267872535884,63.744373793478395,260.45767696225795,63.3123095260597,81.74315464976863,59.68822784856219
1.166446554092426,0.7230649758262224,651.9622297090776,64.9841392086187,329.6776269279506,64.72433526392457,103.46258545648442,62.84766601006175
1.3126438125222553,0.7230649758262224,824.9516348811892,65.9466188555449,417.0808266680155,65.78830758211855,130.934108333643,64.78391663699992
1.4771647895120215,0.7230649758262224,1043.6858822294935,66.69665935029991,527.8497143969204,66.6009223021744,165.64742809610973,66.04082185552214
1.6623060990028473,0.7230649758262224,1320.8953217880871,67.28392943483979,667.9641436280214,67.22500009237862,209.60731480711573,66.90399414592129
1.8706522023821734,0.7230649758262224,1671.0819880146903,67.7432875678021,845.122476619251,67.70713286999123,265.0861317167464,67.51826429135986
2.1051114860111477,0.7230649758262224,2114.788475357832,68.10433641080348,1069.516852104208,68.08201741430098,335.4187747933266,67.969390319572
2.368956860549917,0.7230649758262224,2675.8720559447884,68.38790628342794,1353.5040177726437,68.37427383395674,424.5925797957522,68.30675272476773
2.6658714488230206,0.7230649758262224,3384.6649778886053,68.61076280173427,1711.2015984063876,68.60191662187779,537.2650098136435,68.56164599913745
3.0,0.7230649758262224,4281.712373041652,68.78642643983767,2164.820346342972,68.78091089794697,679.2355331584641,68.75591717804157
-3.0,0.772931525883203,4045.517827815345,68.74777506375776,2048.055571798945,68.74252580999652,643.0675701146959,68.71503016250054
-2.6658714488230206,0.772931525883203,3197.022468554202,68.5614555582163,1616.3847616069938,68.5515711495864,507.6197528629231,68.50636023026523
-2.368956860549917,0.772931525883203,2526.7725391831887,68.32495652318698,1278.93631117939,68.3103983137187,401.49259183701207,68.23513224980233
-2.1051114860111477,0.772931525883203,1999.8790563290088,68.02639232163786,1011.4979385129843,68.00151186435966,317.869746722131,67.87790149387507
-1.8706522023821734,0.772931525883203,1584.9191279318463,67.64937766266345,801.7956818050974,67.6096541652067,251.84037090400886,67.40038181021885
-1.6623060990028473,0.772931525883203,1258.4434763958377,67.17463190649491,636.7684215533269,67.1109720572156,199.94788716980045,66.75433068687903
-1.4771647895120215,0.772931525883203,1000.8319408467405,66.57614628805453,506.15864660797644,66.47151904688934,159.04146654228092,65.85712486660688
-1.3126438125222553,0.772931525883203,797.7307875516651,65.8236479887131,403.5633827840295,65.6562177079854,126.57274374456696,64.55637027430639
-1.166446554092426,0.772931525883203,638.3271276247998,64.8852907966789,322.7675234235243,64.61322291354129,101.35326145761537,62.63060455012829
-1.0365321883776653,0.772931525883203,512.4988147972282,63.71379943418091,259.1938115743451,63.27865884682852,81.35774483475005,59.607061453913985
-0.9210871889273549,0.772931525883203,413.46951123481125,62.26333017309791,209.15348244647495,61.56984033590679,65.61877307967501,55.00433493882433
-0.8185000129460304,0.772931525883203,335.63467916295826,60.48451753059529,169.84020717487192,59.39028699993251,53.32890955573871,48.97137669841982
-0.7273386051246984,0.772931525883203,274.32380921862875,58.321807406218035,138.77044400816746,56.60960211362296,43.61910852757794,42.21877808620542
-0.6463304070095649,0.772931525883203,226.13292988148717,55.736268922587854,114.44320780342659,53.152160988645164,35.93031749218061,35.5145857650261
-0.5743445928509872,0.772931525883203,188.09608414589474,52.69247785003169,95.11173707078585,48.9302305551345,29.845901262754225,29.36499571549087
-0.5103762839557767,0.772931525883203,157.92274741141273,49.17880207272869,79.86088234091031,44.080615159366594,25.114917922496545,24.103499891032826
-0.4535325211846986,0.772931525883203,133.9862670665525,45.250187528962954,67.74025561665869,38.85744400087913,21.270038164144143,19.55940761586694
-0.40301979977966995,0.772931525883203,114.8199198035324,40.987072768606,58.02708243258059,33.58551504390333,18.2111812099769,15.810870482299315
-0.35813299251433084,0.772931525883203,99.28327826690354,36.503169067312115,50.24448429181286,28.595801611428378,15.751353804451169,12.743953842739973
-0.3182455065418344,0.772931525883203,86.65544440081045,31.987237063491502,43.87253895383816,24.007566766519254,13.752041202547604,10.244870693603481
-0.2828005365353655,0.772931525883203,76.34275154933786,27.6213818503564,38.585869992439775,19.891601902692752,12.115832093691052,8.218876069742718
-0.2513032920204875,0.772931525883203,67.69631248478585,23.46054639756388,34.26737738131152,16.363967070911645,10.767961690354683,6.5822460483314496
-0.22331409039755062,0.772931525883203,60.50612661192418,19.66423118202353,30.608574808300443,13.301798391521857,9.606904522661791,5.212814757160073
-0.19844221923690444,0.772931525883203,54.43227285359764,16.252487482725027,27.554619798192213,10.733190416082774,8.645409767271671,4.121150759801872
-0.17634048216824733,0.772931525883203,49.34162629337102,13.289406559797582,24.951809557785683,8.569321244288467,7.8410239504855035,3.2488691275542196
-0.15670035222800524,0.772931525883203,45.00243547088852,10.730740500625924,22.78728188531252,6.8158421269769445,7.148131068588736,2.5370453685102934
-0.13924766500838334,0.772931525883203,41.32849572148099,8.578632436135463,20.93273940837088,5.370156267376381,6.568101962482495,1.977008284731868
-0.12373879148704055,0.772931525883203,38.23775368875717,6.8104154320134755,19.348059376777975,4.1954104157610805,6.08021721331427,1.5372241366219621
-0.10995723711238882,0.772931525883203,35.61473765422614,5.366175614468705,18.020293105549243,3.268954477432275,5.652701231877718,1.1802457406887878
-0.09771061966979347,0.772931525883203,33.38515728031098,4.199864540060062,16.900435061256086,2.5397707736958863,5.303134956500744,0.9116547423976243
-0.0868279837415025,0.772931525883203,31.49929981194315,3.273041084610071,15.946206517421896,1.964535277389322,5.009268989345283,0.7046754246003206
-0.07715741427178036,0.772931525883203,29.905795162377906,2.5441469044017215,15.134251719707951,1.5147006035703479,4.752426108565739,0.5398115674644575
-0.06856391592404971,0.772931525883203,28.55422797819882,1.9732876293531998,14.446505444707507,1.1666920968796801,4.532885563890284,0.41221800546350357
-0.06092752862714207,0.772931525883203,27.40287933901443,1.5273333855335745,13.864042828074691,0.8988264909137991,4.349626788875323,0.3161459098740336
-0.0541416530048151,0.772931525883203,26.41962176374654,1.1801688960171823,13.368833876155293,0.6926957488902015,4.195738280005677,0.2435028694150042
-0.04811156231253989,0.772931525883203,25.579094041441255,0.9110290838782018,12.94584787292,0.5339041044805751,4.064092250847214,0.18765712601269494
-0.04275308010908995,0.772931525883203,24.860151210168198,0.7031383062314072,12.58328827291122,0.41154309383088317,3.9502201166808777,0.14437158385819648
-0.0379914052040221,0.772931525883203,24.244589335774876,0.5429459214779024,12.271850292896879,0.3173120281772258,3.851664477307536,0.11090531917577566
-0.03376006747802295,0.772931525883203,23.71667911794854,0.4196409889024084,12.00394372305052,0.24480809285342853,3.7667009991032994,0.0851973256375619
-0.03,0.772931525883203,23.262963441959474,0.3247284410567041,11.773189049729181,0.18905341704828124,3.693695876369576,0.0655458712915901
0.03,0.772931525883203,18.059348688707935,0.18759016500451225,9.126790051569087,0.10719217469916689,2.863414157211533,0.03672750834702423
0.03376006747802295,0.772931525883203,17.86818609657016,0.22507418880574417,9.029745683887905,0.12845211382095686,2.831950632556277,0.04422704267695336
0.0379914052040221,0.772931525883203,17.67262324223442,0.2673463060006489,8.93059379533101,0.15236285795163723,2.799893268637709,0.0526529665321049
0.04275308010908995,0.772931525883203,17.477416748593082,0.31360608995940603,8.83157282802346,0.1785046094708377,2.7685380139837577,0.06167872534667205
0.04811156231253989,0.772931525883203,17.28958374242554,0.3620546640096541,8.735865889009789,0.2059733858555288,2.739527295569673,0.070736449056213
0.0541416530048151,0.772931525883203,17.11930635252367,0.4093967611647541,8.648123168218506,0.23310367168819573,2.7143304496064893,0.07916661981883538
0.06092752862714207,0.772931525883203,16.98097658122993,0.45030743365390247,8.575332748166938,0.25705524418588316,2.693684163925529,0.08647202403342735
0.06856391592404971,0.772931525883203,16.894055583136257,0.47715898692181613,8.527896821529314,0.27338156433741373,2.678369526562857,0.09212594546572181
0.07715741427178036,0.772931525883203,16.883376240141676,0.4805196613481022,8.520179739831308,0.27609174380311996,2.6726254100764204,0.09429876213686199
0.0868279837415025,0.772931525883203,16.979414641317238,0.4507820996049796,8.56945476843508,0.25904736178649157,2.686637399066555,0.08904853594955257
0.09771061966979347,0.772931525883203,17.221239998246364,0.3806606838700053,8.694090468553297,0.21865544559085154,2.729055529483077,0.0741757969979843
0.10995723711238882,0.772931525883203,17.664917356365535,0.2690947356597294,8.916769071192585,0.1558755419845883,2.7985217740610575,0.053031401542027116
0.12373879148704055,0.772931525883203,18.390699524754798,0.1313187945392633,9.276777258190545,0.07838732550598063,2.9081043912480116,0.02735310366393191
0.13924766500838334,0.772931525883203,19.49399407444883,0.018034810216254277,9.832644090980207,0.011910190338079687,3.0898246588954317,0.0037748061779323493
0.15670035222800524,0.772931525883203,21.08269862043723,0.030859559373771824,10.637708208805607,0.01580321587226993,3.335454923162756,0.0052549302820777445
0.17634048216824733,0.772931525883203,23.32247568710732,0.3365734592375485,11.759125517610324,0.18586272922410865,3.6935593731124325,0.0655113021256805
0.19844221923690444,0.772931525883203,26.40438561037684,1.1750547200909855,13.320583991801941,0.6737503417102424,4.175321139769462,0.23444976907961648
0.22331409039755062,0.772931525883203,30.53171050971377,2.8238066845598135,15.411502666829445,1.6638299689154246,4.844606851326429,0.5971392930116888
0.2513032920204875,0.772931525883203,36.10052371216381,5.628525561513015,18.216867689096794,3.4022109633373074,5.709896945018527,1.2262880270815488
0.2828005365353655,0.772931525883203,43.36914060512352,9.769924009301656,21.902572581779168,6.118163338963769,6.870726384428264,2.2646408789589048
0.3182455065418344,0.772931525883203,52.953857514629405,15.399500573417994,26.7415257312926,10.052981127642896,8.392830626881526,3.842662915660607
0.35813299251433084,0.772931525883203,65.35076730398059,22.254168031278574,33.005664043821135,15.313131462934937,10.367423464110933,6.104674718530832
0.40301979977966995,0.772931525883203,81.35189354330284,29.822079221276216,41.095678105176106,21.87732683541506,12.898724495605546,9.184505495814825
0.4535325211846986,0.772931525883203,101.8874630643462,37.331196546742014,51.48579395362974,29.437809544141224,16.153427978997513,13.24688414153104
0.5103762839557767,0.772931525883203,128.17416321457037,44.08180126968419,64.77618287679938,37.357864887490685,20.343232668161647,18.43409357585666
0.5743445928509872,0.772931525883203,161.72901471686973,49.69644340252638,81.7503600160775,44.77545179761525,25.649955664936822,24.71793738969542
0.6463304070095649,0.772931525883203,204.43814709137015,54.14664731053522,103.34339428347309,50.940891385774634,32.43437475622316,32.06975535356682
0.7273386051246984,0.772931525883203,258.5769047072232,57.589402729110695,130.7353085554431,55.63288879876101,41.032847188457545,40.09890866089971
0.8185000129460304,0.772931525883203,327.3581534756451,60.24255746755662,165.49558383341497,59.07447457761576,51.92743981784135,48.11158661406182
0.9210871889273549,0.772931525883203,414.4321278970239,62.28093941180934,209.51658117884642,61.585617710008506,65.77086782115903,55.0635475027104
1.0365321883776653,0.772931525883203,524.6979597963941,63.85302820947619,265.2946479018517,63.437783608526644,83.26214628805296,59.9968161082607
1.166446554092426,0.772931525883203,664.3692237537377,65.07043693091194,335.95006981316556,64.8208662397897,105.43316020385278,63.0384649901235
1.3126438125222553,0.772931525883203,840.9753103831808,66.01518020661715,425.1788405915421,65.86312077916837,133.47693346450563,64.90699520820056
1.4771647895120215,0.772931525883203,1064.3083705902066,66.75111746729652,538.2749749471164,66.65919168087314,168.92054758447046,66.12498640453478
1.6623060990028473,0.772931525883203,1347.3743487947602,67.32715748022443,681.3543043995788,67.27059673085586,213.8099178131565,66.96400303664201
1.8706522023821734,0.772931525883203,1704.998891071712,67.77761363066182,862.2749743522294,67.74292058194013,270.4650488973148,67.56232672902954
2.1051114860111477,0.772931525883203,2158.1548845107736,68.13157065417025,1091.4465645596922,68.11015544813505,342.29750771608275,68.00239419885456
2.368956860549917,0.772931525883203,2731.2438271037236,68.4095184504182,1381.4993685870572,68.39643558449956,433.38141166787534,68.33181992894085
2.6658714488230206,0.772931525883203,3455.214977638362,68.62790628538721,1746.8721367762741,68.6194176239827,548.4663981443169,68.5808746099423
3.0,0.772931525883203,4371.546506703884,68.80002457910089,2210.2380605342614,68.79473099357537,693.4881826536579,68.77079683474534
-3.0,0.8227980759401841,4111.1823929229595,68.75896892430814,2081.312657387017,68.75390368911138,653.5237861609295,68.72734159091924
-2.6658714488230206,0.8227980759401841,3248.76318030738,68.57562460520856,1642.544247510763,68.56605247220438,515.8446371211039,68.5223819014831
-2.368956860549917,0.8227980759401841,2567.5429388507564,68.3429029202226,1299.5809328779458,68.3288336110977,407.9779706241917,68.25613610912727
-2.1051114860111477,0.8227980759401841,2032.0447361307736,68.04910963431385,1027.7650656449175,68.02502785613464,322.9890303090333,67.90574488860435
-1.8706522023821734,0.8227980759401841,1610.3361330509335,67.67814063107528,814.6552496102122,67.6397090052632,255.88421798976424,67.43787932575216
-1.6623060990028473,0.8227980759401841,1278.5698342473218,67.21104313344723,646.9567984916312,67.14948008274422,203.1498521801482,66.80587131140462
-1.4771647895120215,0.8227980759401841,1016.799707660447,66.62226565306932,514.234223576597,66.52104865833104,161.58310555246166,65.93012199120604
-1.3126438125222553,0.8227980759401841,810.4285573828128,65.88206815094398,409.98936278447303,65.7201803505279,128.58825346816627,64.66424701749042
-1.166446554092426,0.8227980759401841,648.474713143421,64.95926589935178,327.8975841708557,64.69620352891013,102.9663824344917,62.79783913551933
-1.0365321883776653,0.8227980759401841,520.635826560495,63.80742262697875,263.30914998802393,63.38690277472905,82.65055078337076,59.8746957111095
-0.9210871889273549,0.8227980759401841,420.0279087321069,62.381624779167275,212.471753003761,61.71173160192018,66.66017894315485,55.40301907786987
-0.8185000129460304,0.8227980759401841,340.9540163381873,60.63347049491372,172.53309986554086,59.576731830057774,54.17530840266406,49.47252409205151
-0.7273386051246984,0.8227980759401841,278.6637876361203,58.50823137303507,140.9659779680049,56.853857736165764,44.3105517854698,42.76231447006322
-0.6463304070095649,0.8227980759401841,229.6973665434181,55.9670994418009,116.24791471942439,53.46675004442393,36.497397905881904,36.05028803294478
-0.5743445928509872,0.8227980759401841,191.03791719243338,52.97355398148373,96.5989227446406,49.32069083294287,30.31287847886275,29.86239587579735
-0.5103762839557767,0.8227980759401841,160.35593385718084,49.512590235779896,81.09129933353044,44.53643506786285,25.502661296982506,24.549253290891777
-0.4535325211846986,0.8227980759401841,136.0006738180781,45.63294854758463,68.75864975969853,39.35137371798904,21.590221110928116,19.945728024878395
-0.40301979977966995,0.8227980759401841,116.48293329575127,41.40700768844309,58.86770924829183,34.08317866322453,18.475234129316696,16.13798602322087
-0.35813299251433084,0.8227980759401841,100.64774576305983,36.941143036781426,50.935858612376805,29.06691699035013,15.968178846624888,13.015204059159572
-0.3182455065418344,0.8227980759401841,87.76749452539005,32.42028538029243,44.4364945508153,24.430962923814064,13.928949600767476,10.465425045454204
-0.2828005365353655,0.8227980759401841,77.24309247609507,28.028263464910296,39.04161721516111,20.256120118903816,12.259185117243602,8.395032491311861
-0.2513032920204875,0.8227980759401841,68.4188590277615,23.82564006094913,34.63400647380044,16.667916481084127,10.88339977631096,6.720748598054151
-0.22331409039755062,0.8227980759401841,61.08331538163183,19.979405637414516,30.901313666791747,13.548100875977953,9.69890443264449,5.319527761165977
-0.19844221923690444,0.8227980759401841,54.89173113583482,16.51601652767789,27.787908951217073,10.928832121553752,8.718739155243824,4.20271339907421
-0.17634048216824733,0.8227980759401841,49.707660492477004,13.504520497165124,25.137462713747293,8.72209833455254,7.899477810186194,3.310737743991406
-0.15670035222800524,0.8227980759401841,45.294663234750146,10.903037792008694,22.935726273986475,6.934150390096746,7.1947878067434505,2.5836222289818616
-0.13924766500838334,0.8227980759401841,41.562899334629236,8.714745157540724,21.0518989107847,5.460999585683826,6.605541842760037,2.0120173695421957
-0.12373879148704055,0.8227980759401841,38.42719060605327,6.917053719736438,19.444248095681303,4.2647610272335825,6.110521414796055,1.5635945095512305
-0.10995723711238882,0.8227980759401841,35.76905481556584,5.449230417369511,18.098624129999504,3.32187947140511,5.677310016580459,1.199987139464438
-0.09771061966979347,0.8227980759401841,33.511871153408904,4.264280051046574,16.96479274461946,2.5801898972754658,5.323356534805711,0.9265590874762092
-0.0868279837415025,0.8227980759401841,31.604221410916114,3.322905782445273,15.999503610363925,1.9954056741663946,5.026054551466288,0.7159921190563607
-0.07715741427178036,0.8227980759401841,29.993400984275585,2.5827398190504662,15.178727778842461,1.5382967388342799,4.766427654863695,0.54838138997242
-0.06856391592404971,0.8227980759401841,28.627938252176193,2.0031657506940257,14.48390382234287,1.1847664596540226,4.544635756852315,0.4187127148240544
-0.06092752862714207,0.8227980759401841,27.465312890373678,1.5504695711447483,13.89571552436494,0.9127091239028047,4.359571650208362,0.32109988591965777
-0.0541416530048151,0.8227980759401841,26.47280905994519,1.198087575945014,13.395826569640779,0.7033852934526792,4.204221584862949,0.24730571742630808
-0.04811156231253989,0.8227980759401841,25.62463398482311,0.924912054501733,12.968974670471876,0.5421508036794404,4.071368543758081,0.19058478222311548
-0.04275308010908995,0.8227980759401841,24.899319506940206,0.7139020384612524,12.603191711469872,0.4179146058291661,3.9564836697180845,0.1466262648633794
-0.0379914052040221,0.8227980759401841,24.2784137775996,0.5512996179953858,12.28904532851499,0.3222410545808693,3.857071848742671,0.11264165567743552
-0.03376006747802295,0.8227980759401841,23.745994073010134,0.42613203968509006,12.018848599995463,0.2486260410146387,3.771382702614896,0.08653559985843283
-0.03,0.8227980759401841,23.288450930347146,0.3297786213054723,11.786147000018405,0.1920146706995612,3.69776155776959,0.06657926702750079
0.03,0.8227980759401841,18.040584952844796,0.19110431419023918,9.11724320652877,0.10919107193293744,2.8604148711829915,0.037409984863280864
0.03376006747802295,0.8227980759401841,17.84744188019741,0.22936815979615177,9.019194238102992,0.13089049296759803,2.8286273183544144,0.0450634216156825
0.0379914052040221,0.8227980759401841,17.649736606460205,0.2725577153570826,8.918956969629287,0.15531668361671766,2.796221186414902,0.053669537346933575
0.04275308010908995,0.8227980759401841,17.452226135393577,0.3198772080862534,8.818768331650015,0.18205302805606952,2.7644976268496175,0.06289913379735586
0.04811156231253989,0.8227980759401841,17.261936024239454,0.3695180633028229,8.721811700541823,0.21019253090046222,2.735105668213548,0.07217760630042323
0.0541416530048151,0.8227980759401841,17.08907074586757,0.418149475558125,8.632742652615233,0.23805449060958367,2.709516930635113,0.08083754840298209
0.06092752862714207,0.8227980759401841,16.948065796100916,0.4603694314676333,8.55856700471816,0.262760417654071,2.688459145903144,0.08837836907133816
0.06856391592404971,0.8227980759401841,16.858452202014252,0.48841575133125353,8.509727495856211,0.2797867857790007,2.672699660704182,0.09427049290282963
0.07715741427178036,0.8227980759401841,16.845158067723162,0.4926576947487259,8.500657730134325,0.2830158025519001,2.6664954694078506,0.09664914180488843
0.0868279837415025,0.8227980759401841,16.938779155521253,0.4632317375674913,8.548715695694964,0.26614588251437693,2.6801127907859708,0.09147217405065143
0.09771061966979347,0.8227980759401841,17.178563936772733,0.39254715718098493,8.67234336095268,0.22542608621104201,2.722258167473961,0.07645711084674825
0.10995723711238882,0.8227980759401841,17.620930472130937,0.27919663739336525,8.894321101381983,0.16167354986540228,2.791497631179212,0.054992888334711096
0.12373879148704055,0.8227980759401841,18.346768385575004,0.13815822049068002,9.254235280790558,0.08240786271059816,2.901012752571791,0.028742216284793135
0.13924766500838334,0.8227980759401841,19.452293621984982,0.020367446768330383,9.811181891980953,0.013361541719749473,3.0831871476839763,0.00424583031262454
0.15670035222800524,0.8227980759401841,21.046388933704392,0.02849714220238274,10.61896719786146,0.014496386882736282,3.3295516228035416,0.004809999640206271
0.17634048216824733,0.8227980759401841,23.296660452941808,0.33141254038465284,11.745437783841092,0.1827805776798096,3.689379785433698,0.06445681771968524
0.19844221923690444,0.8227980759401841,26.396446582379582,1.1723932380854527,13.315973336928108,0.6719509124475382,4.173808187251692,0.23378453297386237
0.22331409039755062,0.8227980759401841,30.551648728040366,2.8328618122246527,15.42097846821962,1.6690114177339117,4.847834974340964,0.5991851755461578
0.2513032920204875,0.8227980759401841,36.16472489621317,5.663390282050933,18.24842762238778,3.423740071052447,5.719714879591183,1.2342473459500323
0.2828005365353655,0.8227980759401841,43.49700091856676,9.844963122155313,21.966509676532578,6.168127900067631,6.8907919430014815,2.2840751729583944
0.3182455065418344,0.8227980759401841,53.176206093741314,15.528249416128205,26.852900153816467,10.145977062316337,8.427910126355583,3.881106067221481
0.35813299251433084,0.8227980759401841,65.70566217421654,22.43875663443879,33.18387291408921,15.461966696337203,10.423746052334858,6.171532750303559
0.40301979977966995,0.8227980759401841,81.89102775830943,30.04983746924589,41.366893932381466,22.088603306213475,12.984038464981696,9.290206253378793
0.4535325211846986,0.8227980759401841,102.6781978339186,37.57613426642111,51.884340125700646,29.70446446064649,16.27850703288569,13.403267058392219
0.5103762839557767,0.8227980759401841,129.30443622824433,44.31677017392952,65.34635787460978,37.65359564457279,20.522907639930555,18.653041431018675
0.5743445928509872,0.8227980759401841,163.31294108809752,49.904612723944716,82.55010345160174,45.060766439975644,25.900810680082067,25.004392201886056
0.6463304070095649,0.8227980759401841,206.62083045496405,54.32257060379904,104.44537013639162,51.18399613953642,32.780607997240566,32.42172979575689
0.7273386051246984,0.8227980759401841,261.53724384709244,57.734250654995165,132.2309553290528,55.825259224838575,41.50317082195767,40.494626375504644
0.8185000129460304,0.8227980759401841,331.33611496667044,60.36044825104568,167.50453911528766,59.22288827621085,52.55814079412461,48.503175201840975
0.9210871889273549,0.8227980759401841,419.7196691926071,62.3761519937186,212.1877894442059,61.699787872127416,66.6104491200963,55.38433731225784
1.0365321883776653,0.8227980759401841,531.6705397049641,63.92961660928619,268.81725916796444,63.525989441247106,84.36879077065004,60.21078109968857
1.166446554092426,0.8227980759401841,673.4999262847475,65.1318458922745,340.5654970639615,64.88941576472074,106.88408425453585,63.172105854253196
1.3126438125222553,0.8227980759401841,852.8692062246207,66.06435954384344,431.188253221066,65.91669028914055,135.36415716199454,64.99418596127035
1.4771647895120215,0.8227980759401841,1079.7242149382162,66.79043761595982,546.066146773732,66.70120316037722,171.36720534881763,66.18520812369151
1.6623060990028473,0.8227980759401841,1367.2840808878002,67.35853875350398,691.4222675315915,67.3036655019031,216.97018556404433,67.00728271610646
1.8706522023821734,0.8227980759401841,1730.6281133657217,67.80264709441371,875.2359755951226,67.76900001754495,274.5291574674772,67.59429930256051
2.1051114860111477,0.8227980759401841,2191.055911122827,68.15150541691844,1108.0831703527294,68.13073854555492,347.5166607072498,68.02646414954708
2.368956860549917,0.8227980759401841,2773.4020938344324,68.42538951262571,1402.8092540265218,68.41269926342582,440.0742555847902,68.35017924656748
2.6658714488230206,0.8227980759401841,3509.0758582170006,68.64052709603237,1774.106072844189,68.6322975691969,557.0192859588316,68.59500144693656
3.0,0.8227980759401841,4440.3022363859645,68.81005832840366,2244.997886267092,68.80492521549597,704.3977513622654,68.78175861696866
-3.0,0.8726646259971651,4156.716578549265,68.7665222777567,2104.379051616205,68.76158090913168,660.78030904422,68.73564398848787
-2.6658714488230206,0.8726646259971651,3284.6304837662437,68.58518283860872,1660.6747436552187,68.57581658217973,521.548316285765,68.53317445537803
-2.368956860549917,0.8726646259971651,2595.8015242131255,68.3550079547391,1313.8943461588105,68.34126733026886,412.47529816718,68.27027732522014
-2.1051114860111477,0.8726646259971651,2054.3492091057014,68.06443976573615,1039.0441158811855,68.04088807143143,326.5408476555925,67.92448686508709
-1.8706522023821734,0.8726646259971651,1627.9837324094115,67.6975752899834,823.5850388637223,67.66000661850941,258.6935136442188,67.4631260442485
-1.6623060990028473,0.8726646259971651,1292.5777905566638,67.23570371422667,654.0496016572235,67.17554631242962,205.37986606827323,66.84060805666569
-1.4771647895120215,0.8726646259971651,1027.953440738082,66.653611146739,519.8747692101035,66.55467623028758,163.36003264496875,65.97940136384938
-1.3126438125222553,0.8726646259971651,819.3414618163528,65.92196233895032,414.50095333019203,65.76381307455547,130.00300614174742,64.73714811022579
-1.166446554092426,0.8726646259971651,655.649068079472,65.01013629686929,331.523890882211,64.75316409225994,104.10744104465827,62.911328425900486
-1.0365321883776653,0.8726646259971651,526.4398040036158,63.872359179435286,266.2444197857486,63.461822732141016,83.57294715101831,60.05780650044967
-0.9210871889273549,0.8726646259971651,424.75726614915266,62.464548769129394,214.86473542285503,61.810949231044184,67.41112587513096,55.68085579678191
-0.8185000129460304,0.8726646259971651,344.8399542380004,60.739214991431126,174.50077601688085,59.708727322058124,54.79400751299823,49.830330781202456
-0.7273386051246984,0.8726646259971651,281.88007011932535,58.64245556961939,142.59308088588685,57.02918312319471,44.823421120480354,43.15916837522897
-0.6463304070095649,0.8726646259971651,232.3795201710232,56.1358437741776,117.6061651782628,53.69622083473602,36.92428534720546,36.449255334004604
-0.5743445928509872,0.8726646259971651,193.28433190835509,53.18215051301105,97.73436658635565,49.61033288883299,30.66939847675198,30.239372189451526
-0.5103762839557767,0.8726646259971651,162.23768623301126,49.763748442046534,82.04282136953957,44.88038605145926,25.802742164256866,24.892531236156206
-0.4535325211846986,0.8726646259971651,137.5737855773421,45.92435863962053,69.5539466977101,39.729684924011295,21.8403042155476,20.24655175770175
-0.40301979977966995,0.8726646259971651,117.78882002081338,41.72944908082196,59.52783635892758,34.46837555381419,18.682605399894964,16.394490114325603
-0.35813299251433084,0.8726646259971651,101.71968763065449,37.27884274682497,51.47929917033872,29.43344920186189,16.13859172021978,13.228332135627785
-0.3182455065418344,0.8726646259971651,88.63713400685805,32.753986217300344,44.8778584959837,24.760063601816885,14.067392899660021,10.638154756507692
-0.2828005365353655,0.8726646259971651,77.94052882563795,28.340023313387277,39.394918007012365,20.53753586860453,12.370341398301644,8.531843924118792
-0.2513032920204875,0.8726646259971651,68.97067538990194,24.102364630666145,34.91430639881233,16.899819864078417,10.971695010570459,6.826927176164336
-0.22331409039755062,0.8726646259971651,61.516261561544916,20.21468381969273,31.121180420723533,13.733009102114767,9.768025010882846,5.399930082552729
-0.19844221923690444,0.8726646259971651,55.229263230499576,16.709108937347942,27.959526097826416,11.072864865432788,8.772706934268477,4.262936403694515
-0.17634048216824733,0.8726646259971651,49.970528123890986,13.658861774897824,25.271012454616244,8.832184459666223,7.941545406254761,3.355422211602648
-0.15670035222800524,0.8726646259971651,45.499740613827804,11.023995187615476,23.040075308155327,7.017512494181066,7.22760240712651,2.616506403205013
-0.13924766500838334,0.8726646259971651,41.723754753655435,8.808275681180556,21.13380423078222,5.523622690198156,6.631292953287078,2.0361937950243005
-0.12373879148704055,0.8726646259971651,38.55452848750702,6.988884954013108,19.509027917771046,4.311621458937039,6.1309397323714,1.581436975288996
-0.10995723711238882,0.8726646259971651,35.87094985470794,5.50421802800349,18.150443234380262,3.3570194313258117,5.693599969217044,1.2131121784903618
-0.09771061966979347,0.8726646259971651,33.59433552434787,4.306333253566248,17.006744063876255,2.6066405090437863,5.336546313656674,0.9363244052528681
-0.0868279837415025,0.8726646259971651,31.67175254045611,3.3551140689560297,16.033858735635324,2.0153876762637326,5.036879550295936,0.7233240456620118
-0.07715741427178036,0.8726646259971651,30.04935543803917,2.6074848007979803,15.207178735228672,1.5534573109990233,4.775388587395083,0.5538922255115363
-0.06856391592404971,0.8726646259971651,28.674805966313617,2.022242355240048,14.507720131008742,1.1963296057985804,4.55212271618132,0.4228713538224342
-0.06092752862714207,0.8726646259971651,27.504943214174553,1.5652203358595072,13.915848988768168,0.9215761337084921,4.365896566436455,0.32426653282601353
-0.0541416530048151,0.8726646259971651,26.506590933959583,1.2095215229973504,13.412991868804031,0.7102167245004158,4.209618482908753,0.24973755075365375
-0.04811156231253989,0.8726646259971651,25.65362788490925,0.9337939080519068,12.983713330275265,0.5474333273041633,4.076007195765137,0.19246108648479343
-0.04275308010908995,0.8726646259971651,24.924348755434185,0.7208150649870402,12.615920475893217,0.4220108642904255,3.9604906122553643,0.14807648971259726
-0.0379914052040221,0.8726646259971651,24.30012701564745,0.5566902923755924,12.300090771387536,0.3254244623676665,3.860546525622637,0.11376361133677908
-0.03376006747802295,0.8726646259971651,23.764908867669337,0.43034288885665606,12.028471117369417,0.2511046160177697,3.7744063307760287,0.08740483410768592
-0.03,0.8726646259971651,23.304985106694815,0.33307297766480604,11.794557375759142,0.19394763219648917,3.7004014376463035,0.06725416070741247
0.03,0.8726646259971651,18.025798212760684,0.1938987808858073,9.109724798497545,0.11077938577297357,2.858053141666572,0.03795216587402675
0.03376006747802295,0.8726646259971651,17.830796501041455,0.23284606538715424,9.01073377460131,0.13286379826507724,2.8259634845963117,0.045739988749301325
0.0379914052040221,0.8726646259971651,17.630983318647974,0.2768696692642371,8.90942928790363,0.15775844829743382,2.7932162464712893,0.05450935421288116
0.04275308010908995,0.8726646259971651,17.43107666648325,0.32519610512977776,8.808027276201322,0.18505959767692973,2.761110249529408,0.06393248892541843
0.04811156231253989,0.8726646259971651,17.238057745821717,0.37603325982151725,8.709685541937134,0.21387143127261027,2.7312916533533236,0.07343372762205216
0.0541416530048151,0.8726646259971651,17.06208282654042,0.42605119096344835,8.619030390220328,0.24251788124988125,2.705223842765712,0.08234432341206849
0.06092752862714207,0.8726646259971651,16.917537397863875,0.4698170771692716,8.543038399075108,0.26810811051609745,2.6836145873355357,0.09016683343689073
0.06856391592404971,0.8726646259971651,16.823900483873967,0.4994845402790388,8.492129473656037,0.28607132207701963,2.6672029404921056,0.09637620766133166
0.07715741427178036,0.8726646259971651,16.806039917463362,0.5052622944053822,8.480723710596358,0.29018709741889553,2.6602372578615268,0.09908253873241357
0.0868279837415025,0.8726646259971651,16.89447494878366,0.4770272933447954,8.526161536896678,0.27398965686742505,2.673021134396053,0.09414815437085562
0.09771061966979347,0.8726646259971651,17.12838117499816,0.406790279031142,8.646835456512157,0.2335159225522504,2.7142754866007452,0.07918558909836192
0.10995723711238882,0.8726646259971651,17.56419457052018,0.29253326445717154,8.865465618573717,0.16929884967071931,2.782459393795304,0.05757447234354091
0.12373879148704055,0.8726646259971651,18.283002947113683,0.14842001620195935,9.221714298226523,0.08839912819742533,2.890790015858245,0.03080958084854828
0.13924766500838334,0.8726646259971651,19.3812976063383,0.02467611498387081,9.774955100046654,0.016006747159052356,3.071902538523458,0.005112015085644136
0.15670035222800524,0.8726646259971651,20.96829563378643,0.023724244250688774,10.579142580534963,0.011901402583740265,3.3170323290952664,0.003929930013051357
0.17634048216824733,0.8726646259971651,23.212683634459697,0.314866074868668,11.702395799592727,0.17323889640444046,3.675972308323421,0.06112649224453689
0.19844221923690444,0.8726646259971651,26.30907248301443,1.1432536027791511,13.271231845285145,0.6545892190223397,4.159704436624681,0.2276207216706735
0.22331409039755062,0.8726646259971651,30.464734175485482,2.793453587419629,15.376452845911967,1.6447122865359396,4.834091093812076,0.5904924827278131
0.2513032920204875,0.8726646259971651,36.08686488636873,5.6211137509363525,18.20817058218204,3.3962845787640816,5.7069908348977725,1.2239351875417175
0.2828005365353655,0.8726646259971651,43.43802695019228,9.810347689867296,21.93597195364844,6.144254367549175,6.881205042107196,2.27478446175055
0.3182455065418344,0.8726646259971651,53.154923620632,15.515932770330252,26.84106593603251,10.136092739907392,8.42431667276585,3.8771644819992246
0.35813299251433084,0.8726646259971651,65.74522428048039,22.459288771277965,33.202605400454075,15.477604316586305,10.430019316434308,6.1789857165323365
0.40301979977966995,0.8726646259971651,82.0247320638463,30.106049968154995,41.43304077435435,22.140029228186954,13.00500061798209,9.316189776303913
0.4535325211846986,0.8726646259971651,102.95039573228111,37.659764077926525,52.02058780995384,29.79521090053045,16.321269687635905,13.456722271771152
0.5103762839557767,0.8726646259971651,129.77432601497816,44.413324114679746,65.58249087489092,37.77504743173776,20.597744007793988,18.744126322478884
0.5743445928509872,0.8726646259971651,164.05869288999546,50.00120223051328,82.92588739816674,45.19306584430281,26.018613790503323,25.138550368656972
0.6463304070095649,0.8726646259971651,207.74244247738915,54.411454759529896,105.01063720107983,51.30651193166762,32.958458014347606,32.601615446953126
0.7273386051246984,0.8726646259971651,263.1566375555267,57.81202193968662,133.04828965387676,55.92824663423402,41.7607609378155,40.709431080334426
0.8185000129460304,0.8726646259971651,333.6219118128725,60.42684436377725,168.6575429490414,59.306202231072334,52.920357968887686,48.72461560431404
0.9210871889273549,0.8726646259971651,422.8731325559302,62.43174604019467,213.77970384651866,61.76627656118684,67.11141887830027,55.570924705813695
1.0365321883776653,0.8726646259971651,535.9529819118666,63.97562697526407,270.9792018936885,63.57885715267479,85.04855449398879,60.33789801905387
1.166446554092426,0.8726646259971651,679.2389104998772,65.16957007353622,343.4655142286515,64.93145879903423,107.79704197383978,63.25339546309562
1.3126438125222553,0.8726646259971651,860.4879563758082,66.09512797919444,435.0355374559993,65.95015307261086,136.57269466228982,65.04826778775664
1.4771647895120215,0.8726646259971651,1089.7504620588672,66.81540078261403,551.1306607795493,66.7278390843613,172.95835198203494,66.22320392872236
1.6623060990028473,0.8726646259971651,1380.3941795898606,67.37869969836942,698.0515287197029,67.32489584693295,219.05156469201464,67.03496677462672
1.8706522023821734,0.8726646259971651,1747.6796795477073,67.81888991851372,883.8588127752222,67.7859120669079,277.2324506222861,67.61496914169892
2.1051114860111477,0.8726646259971651,2213.126133959587,68.16454198542306,1119.2418389932839,68.14419207795821,351.01828608532753,68.04216663952492
2.368956860549917,0.8726646259971651,2801.8863705757412,68.43584009836039,1417.200669641431,68.4234001774625,444.59806638297954,68.3622487352847
2.6658714488230206,0.8726646259971651,3545.6669439601064,68.64888096866565,1792.6098973134774,68.64082168375909,562.8315267691497,68.60434043582161
3.0,0.8726646259971651,4487.247310864353,68.81673156846557,2268.729579742656,68.81170333795694,711.8481161212662,68.7890417698424
-3.0,0.9225311760541457,4181.647825441581,68.77058785250046,2117.0155492541858,68.76571479519279,664.7620045357872,68.7401183391897
-2.6658714488230206,0.9225311760541457,3304.2533528392737,68.59032364537893,1670.588465683428,68.58106433544818,524.6718094678637,68.53897826160926
-2.368956860549917,0.9225311760541457,2611.2573440854826,68.36151684136753,1321.7293811075988,68.34795677195291,414.93832505510625,68.2778800084355
-2.1051114860111477,0.9225311760541457,2066.5649273752692,68.0726938795138,1045.219985566009,68.04942311641176,328.48900449633186,67.93457362577136
-1.8706522023821734,0.9225311760541457,1637.6845039373773,67.70807736329422,828.4953375802969,67.67097449122636,260.2400470593816,67.47675407773261
-1.6623060990028473,0.9225311760541457,1300.329611076648,67.24911797741231,657.9771506873437,67.1897270604947,206.616038698067,66.85947012302226
-1.4771647895120215,0.9225311760541457,1034.1867187862965,66.67082734039224,523.026433811883,66.57313105077462,164.35533672107894,66.00639967928039
-1.3126438125222553,0.9225311760541457,824.3876877888694,65.94415593068231,417.05677654219244,65.78808074362794,130.80399991015676,64.77743777382534
-1.166446554092426,0.9225311760541457,659.7877241036437,65.03896111711921,333.6148350579216,64.78539185546505,104.76650816284004,62.97515103376409
-1.0365321883776653,0.9225311760541457,529.8632849930801,63.909966978466,267.97560288724685,63.505150000052666,84.1173882797307,60.16294795640349
-0.9210871889273549,0.9225311760541457,427.62163538052596,62.51383606740266,216.31423160857582,61.86982894063776,67.86589092850456,55.84526857197201
-0.8185000129460304,0.9225311760541457,347.26517978605847,60.80394284544538,175.72940973930272,59.7894004657463,55.1806594086617,50.05031714052603
-0.7273386051246984,0.9225311760541457,283.9516042528486,58.72719713844378,143.6411026806261,57.13964164554145,45.154363444106444,43.41240219371796
-0.6463304070095649,0.9225311760541457,234.16268994625545,56.245760296245486,118.50950815344373,53.84548944694658,37.20832122093271,36.712663259101056
-0.5743445928509872,0.9225311760541457,194.82145705138018,53.32197583575914,98.5110667734225,49.804360776061124,30.91325814937825,30.495833387885682
-0.5103762839557767,0.9225311760541457,163.55589351806003,49.93617875412316,82.7093433166451,45.116965576364386,26.013234353289658,25.132429160104888
-0.4535325211846986,0.9225311760541457,138.69457858301053,46.12807996018206,70.12060021900349,39.995311573336636,22.018540955268726,20.460449739055818
-0.40301979977966995,0.9225311760541457,118.72735778086583,41.957302833839854,60.002324209907556,34.74221106329651,18.831680101439304,16.578661164253102
-0.35813299251433084,0.9225311760541457,102.48968607412446,37.51801077745007,51.870055913819236,29.694938414323175,16.26110427043651,13.381511354926213
-0.3182455065418344,0.9225311760541457,89.25588878972891,32.988794936618646,45.19235024644039,24.993339277479848,14.16602935366844,10.761281541557778
-0.2828005365353655,0.9225311760541457,78.42767611436192,28.556011584340016,39.64205085033368,20.733768383612656,12.44812978360616,8.62769444385438
-0.2513032920204875,0.9225311760541457,69.34557488684922,24.289325388918314,35.10514538620433,17.057462432134223,11.031860936758044,6.899395443909367
-0.22331409039755062,0.9225311760541457,61.799955232799505,20.368319350782848,31.265639448145173,13.854454115426226,9.813469359465412,5.452895704544686
-0.19844221923690444,0.9225311760541457,55.44093819457807,16.829978341480803,28.06747640183118,11.163507584414207,8.80668598782613,4.300937509520845
-0.17634048216824733,0.9225311760541457,50.127216400867475,13.750799478439184,25.350931296576174,8.898133801344883,7.9667454228446895,3.3822527975724332
-0.15670035222800524,0.9225311760541457,45.61540328971735,11.092227913255762,23.099177917253098,7.064798854035344,7.246212791548802,2.635201860399375
-0.13924766500838334,0.9225311760541457,41.80938208866508,8.858104344522504,21.177600070515698,5.557167683708269,6.645086390091032,2.049176037303642
-0.12373879148704055,0.9225311760541457,38.618529133496615,7.025032204638919,19.54176875888922,4.335352480694579,6.141273425217495,1.5904897645670024
-0.10995723711238882,0.9225311760541457,35.919512155276216,5.530465148026471,18.17528696290693,3.3739024502142665,5.701425251898212,1.219433178706109
-0.09771061966979347,0.9225311760541457,33.63187959054098,4.325513211496071,17.02594739383313,2.618775414064292,5.3425967956708496,0.9408154989897874
-0.0868279837415025,0.9225311760541457,31.7013964131347,3.3692802930752674,16.04901879641005,2.0242258115223386,5.0416641772002935,0.726573146701608
-0.07715741427178036,0.9225311760541457,30.07328747717626,2.6180909278094395,15.219415540258305,1.5599937330367553,4.779249280336734,0.5562727651348716
-0.06856391592404971,0.9225311760541457,28.694550951077336,2.0302974556663447,14.517811637102904,1.2012415324749217,4.5553014783502395,0.4246417749044218
-0.06092752862714207,0.9225311760541457,27.52155608365934,1.5714187042957075,13.92433410384161,0.9253228641944358,4.36856718892544,0.32560731901672446
-0.0541416530048151,0.9225311760541457,26.520801348105994,1.214343469539275,13.420245221701524,0.713111255302626,4.211902350519465,0.25076958665253046
-0.04811156231253989,0.9225311760541457,25.66594525049539,0.9375772389309067,12.989997414958678,0.5496919776060856,4.077987271338286,0.1932643599013188
-0.04275308010908995,0.9225311760541457,24.935134975486378,0.7238025404203554,12.621421632267413,0.42378637859049284,3.9622242553093803,0.14870583854483058
-0.0379914052040221,0.9225311760541457,24.309645084459433,0.5590602232010808,12.304943878321671,0.32682741860871073,3.862075032572038,0.11425869632297103
-0.03376006747802295,0.9225311760541457,23.77335484459223,0.4322288735397256,12.032776325568529,0.2522170351105703,3.775760871455674,0.08779548947335913
-0.03,0.9225311760541457,23.312509181356692,0.3345768505973612,11.798391270430026,0.19483163523543046,3.7016064154648953,0.0675632366664397
0.03,0.9225311760541457,18.015025456848093,0.19594865025575325,9.104253668592218,0.1119430373599144,2.8563348821575905,0.03834927597016206
0.03376006747802295,0.9225311760541457,17.81829231917063,0.23547770918721186,9.00438586381854,0.13435499852593732,2.8239659252398917,0.046250937117711576
0.0379914052040221,0.9225311760541457,17.6164121230903,0.28024604765262934,8.90203556203729,0.15966781861514223,2.790886280984768,0.05516545765353278
0.04275308010908995,0.9225311760541457,17.41402470397049,0.3295203848264486,8.799378347371787,0.1875004841563566,2.7583849271600718,0.06477064109997081
0.04811156231253989,0.9225311760541457,17.218014356750423,0.3815518858960425,8.699520743438116,0.21698288942770474,2.728095701754657,0.07449559654988304
0.0541416530048151,0.9225311760541457,17.038418813791363,0.4330491649820344,8.607025262637865,0.2464640865534596,2.701463274612075,0.08367702413647078
0.06092752862714207,0.9225311760541457,16.889480178198426,0.47859715948881615,8.528792353867452,0.27306804537077617,2.6791645334854337,0.09182747050446145
0.06856391592404971,0.9225311760541457,16.79050352480706,0.510319360683144,8.475155649740596,0.2922085402663115,2.6618957823084917,0.09843431172984432
0.07715741427178036,0.9225311760541457,16.766140527344653,0.5183080127571803,8.460438682113748,0.29759008378333696,2.653869889967616,0.10159363429698981
0.0868279837415025,0.9225311760541457,16.846636793265734,0.4921848142960259,8.501861453442249,0.28258603710861263,2.6653841195645245,0.09707876991407692
0.09771061966979347,0.9225311760541457,17.070840871662906,0.4234777104514687,8.617643223844139,0.24297201796087572,2.705131215706778,0.08237700527936785
0.10995723711238882,0.9225311760541457,17.494867286092184,0.3093025720847928,8.830283797640327,0.17886007302796914,2.7714323268352627,0.06081259910063258
0.12373879148704055,0.9225311760541457,18.19955562149175,0.16245263194198548,9.179293642914699,0.096555761365709,2.877460978079595,0.03362114587242532
0.13924766500838334,0.9225311760541457,19.281127820275323,0.03148476863594454,9.724027911462892,0.02014386874001354,3.055990175470553,0.006474402561163835
0.15670035222800524,0.9225311760541457,20.848467415932234,0.017226422024629442,10.518261996905007,0.008417074528365943,3.2979056436243837,0.002753372737150533
0.17634048216824733,0.9225311760541457,23.070450792038457,0.28769402071885397,11.629956280066759,0.15769993001125426,3.6533221823451574,0.05568290778805621
0.19844221923690444,0.9225311760541457,26.14192122739101,1.0882908457427045,13.186190317648219,0.6220926974276861,4.132956932364791,0.21611868704859974
0.22331409039755062,0.9225311760541457,30.270226122706873,2.705877131076493,15.27755545626264,1.5911791512250022,4.803256699653461,0.5711602689009375
0.2513032920204875,0.9225311760541457,35.86558449396667,5.5013197355155485,18.095413847484547,3.3197058273249596,5.671510085353593,1.1953250046703816
0.2828005365353655,0.9225311760541457,43.18996277567579,9.664831410270743,21.8098217685128,6.045816836515197,6.841607951750171,2.236516089083613
0.3182455065418344,0.9225311760541457,52.88647724520224,15.360454099932982,26.70424033390696,10.021862441251855,8.38148917835142,3.8302506572178787
0.35813299251433084,0.9225311760541457,65.46417777565927,22.31323412371603,33.059196177386426,15.357853008836841,10.385404785176277,6.126008503862671
0.40301979977966995,0.9225311760541457,81.74542171061627,29.988498719253126,41.290283373999245,22.028992078858664,12.960405835072232,9.260918270214486
0.4535325211846986,0.9225311760541457,102.69347539693221,37.580837399553346,51.88918267590218,29.707693400494716,16.28003385052653,13.40517573762636
0.5103762839557767,0.9225311760541457,129.56943425026546,44.37130343425697,65.47729424978853,37.72101476116188,20.56545015579128,18.704828742473556
0.5743445928509872,0.9225311760541457,163.94707413390825,49.98680259690924,82.86799500086282,45.172757014041316,26.00031392887951,25.117725149374994
0.6463304070095649,0.9225311760541457,207.7778225556818,54.41424203219466,105.0264615330459,51.309920671147204,32.96392781650945,32.60713800706152
0.7273386051246984,0.9225311760541457,263.4025470087488,57.82374285680429,133.17083852547393,55.943560593444126,41.80044957086665,40.74240637982267
0.8185000129460304,0.9225311760541457,334.1738809739985,60.4427334749007,168.93350884050258,59.325945906421666,53.00747584879201,48.77750072481012
0.9210871889273549,0.9225311760541457,423.8395680618709,62.44860992200387,214.265536042696,61.78634309845977,67.26536862888403,55.6275502141725
1.0365321883776653,0.9225311760541457,537.4783734615235,63.991831258274495,271.74662294526564,63.59739783744846,85.29081002074965,60.382431304672195
1.166446554092426,0.9225311760541457,681.5019110833672,65.1842649294336,344.6074802156524,64.94780254840502,108.15865832213143,63.285017663641085
1.3126438125222553,0.9225311760541457,863.7256632961206,66.10803468045108,436.6671219795512,65.96415339828133,137.08572386203286,65.07082692181584
1.4771647895120215,0.9225311760541457,1094.2542099897275,66.82646199310688,553.4012608025688,66.73961374146975,173.67288000848677,66.23997740182371
1.6623060990028473,0.9225311760541457,1386.5378549546203,67.38801408209306,701.1577145967707,67.33469928070033,220.02758300166485,67.04773190592847
1.8706522023821734,0.9225311760541457,1755.9442841306986,67.82664747251258,888.037611609417,67.79398576362843,278.54171609238506,67.62481426850962
2.1051114860111477,0.9225311760541457,2224.102607726422,68.17092824344505,1124.789562522557,68.15077870082291,352.76068461630837,68.04985097444579
2.368956860549917,0.9225311760541457,2816.3662882515446,68.44107088455291,1424.5064227669761,68.42874796185214,446.9004382521778,68.36828962798518
2.6658714488230206,0.9225311760541457,3564.5727079109597,68.65312955997713,1802.1735912766512,68.64515760654596,565.8371837569318,68.60908969149897
3.0,0.9225311760541457,4511.85902691445,68.82017433546693,2281.1688497972077,68.81519910092584,715.7563901361746,68.79279864307563
-3.0,0.9723977261111267,4185.707666632903,68.77124528444318,2119.0862847865933,68.76638744449947,665.4261989038132,68.74085921895409
-2.6658714488230206,0.9723977261111267,3307.4220447446087,68.59114801775434,1672.1791932269286,68.58190047730326,525.1817575526918,68.53991878291042
-2.368956860549917,0.9723977261111267,2613.7469432546113,68.36255801711584,1323.003399598093,68.34903685013472,415.34106522753916,68.27911378426614
-2.1051114860111477,0.9723977261111267,2068.5652614739206,68.0740360996353,1046.2286170920295,68.05080719319477,328.8133503504901,67.93623993506613
-1.8706522023821734,0.9723977261111267,1639.3410072786692,67.70985808963567,829.3368934730794,67.67284071104203,260.5083179478597,67.47909893756118
-1.6623060990028473,0.9723977261111267,1301.7510460380324,67.25156006945684,658.7018889891214,67.19232444174236,206.84656620443167,66.86295722660398
-1.4771647895120215,0.9723977261111267,1035.4435587850421,66.6742730207076,523.6608751153321,66.57681761609732,164.56012048403008,66.01190202075597
-1.3126438125222553,0.9723977261111267,825.5255260766237,65.94912165655126,417.63573966191046,65.79353366832473,130.98459596825796,64.78642583228434
-1.166446554092426,0.9723977261111267,660.860120858868,65.04636917883938,334.1549420200768,64.79364481285643,104.9387194406423,62.99162483488429
-1.0365321883776653,0.9723977261111267,530.884149043222,63.92108359912289,268.49149635629806,63.517940853102075,84.28035054514906,60.19400511195214
-0.9210871889273549,0.9723977261111267,428.605118478316,62.53059941649402,216.81218406017376,61.88984869936803,68.02193311248537,55.9010246714164
-0.8185000129460304,0.9723977261111267,348.218123150371,60.82911556814586,176.21313919557448,59.82080302636517,55.333416171294736,50.136464856297565
-0.7273386051246984,0.9723977261111267,284.86953919726767,58.76432926346918,144.10556706815137,57.18799118171398,45.301963635016214,43.524625368003456
-0.6463304070095649,0.9723977261111267,235.03945063225058,56.29915569389885,118.95418864636189,53.918009273737034,37.34832108687224,36.84189190471902
-0.5743445928509872,0.9723977261111267,195.6422982385832,53.39569891657557,98.92550705214748,49.906556112566236,31.04334906556816,30.632182774253124
-0.5103762839557767,0.9723977261111267,164.30340473676674,50.03270179109552,83.08727667501664,45.24954205176963,26.13300105408914,25.268595172444712
-0.4535325211846986,0.9723977261111267,139.35552260307125,46.24672647456125,70.4548384162672,40.15047280091034,22.123742282338302,20.58650037136554
-0.40301979977966995,0.9723977261111267,119.29076669209105,42.09254977132994,60.287274975060164,34.90544375333907,18.921233635151918,16.68920495069179
-0.35813299251433084,0.9723977261111267,102.95007153742769,37.6596646805082,52.104264528234,29.850838622886076,16.33450727390199,13.473268767596293
-0.3182455065418344,0.9723977261111267,89.61660557473778,33.124682502424335,45.37635616778603,25.129350879498922,14.223727356012903,10.833327361966905
-0.2828005365353655,0.9723977261111267,78.69821673687566,28.67533415821748,39.779832839529604,20.84294865321081,12.491548487207847,8.68123223120595
-0.2513032920204875,0.9723977261111267,69.53828319731863,24.38509854184305,35.20385107390791,17.138917865347153,11.063055349033888,6.9370045808930945
-0.22331409039755062,0.9723977261111267,61.9301887166447,20.438705184628972,31.33255868401764,13.910698956193864,9.834567283045532,5.477513033198724
-0.19844221923690444,0.9723977261111267,55.523533187318534,16.877093715455146,28.110121715474342,11.199324270850747,8.820161289991255,4.316025560527111
-0.17634048216824733,0.9723977261111267,50.17533277467759,13.779022525106164,25.376003921546317,8.918834626111847,7.974694624059266,3.39072605680928
-0.15670035222800524,0.9723977261111267,45.63992289075048,11.106693826412464,23.112153036769804,7.075186634891232,7.250341788759827,2.639354177951303
-0.13924766500838334,0.9723977261111267,41.818558261032614,8.863445801292718,21.182661796731903,5.561047318094233,6.646725610077813,2.0507203437992096
-0.12373879148704055,0.9723977261111267,38.6183397610263,7.024925204550025,19.54203505035924,4.335545620967541,6.141384962118978,1.5905875590212326
-0.10995723711238882,0.9723977261111267,35.91415357650021,5.527567650660846,18.17285457106973,3.3722484527681025,5.70069115560918,1.218839758730214
-0.09771061966979347,0.9723977261111267,33.624100609707995,4.321537455082642,17.022196519219982,2.6164038424648544,5.341442992314543,0.9399585083220889
-0.0868279837415025,0.9723977261111267,31.692878162665018,3.3652078533257366,16.044842890663958,2.0217900542247254,5.040363913348782,0.7256896665544139
-0.07715741427178036,0.9723977261111267,30.065009382461707,2.6144207428962627,15.215341810639586,1.557816650983598,4.777979268923537,0.5554892479346746
-0.06856391592404971,0.9723977261111267,28.687044312156907,2.02723379737005,14.51411203175157,1.1994399386409806,4.554151097806744,0.42400073892707973
-0.06092752862714207,0.9723977261111267,27.515062031665984,1.5689946853052792,13.92112477455871,0.9239050550646518,4.367568959059348,0.3251059004380077
-0.0541416530048151,0.9723977261111267,26.51537715422319,1.2125020523439343,13.417554075715246,0.7120367804519171,4.2110629008029985,0.25039005323749924
-0.04811156231253989,0.9723977261111267,25.661540489777668,0.9362236081171624,12.987803429373944,0.5489029756298712,4.0773013385455235,0.19298593321908186
-0.04275308010908995,0.9723977261111267,24.93164431938033,0.7228351788617144,12.619677749746437,0.42322319728331736,3.9616790785987837,0.1485078047072268
-0.0379914052040221,0.9723977261111267,24.306942045678625,0.5583867581448543,12.303591300879761,0.32643614986570213,3.8616531379586667,0.11412195041722772
-0.03376006747802295,0.9723977261111267,23.771311454338665,0.4317722612051079,12.031753655405842,0.2519525935515633,3.7754429729163923,0.08770373668604232
-0.03,0.9723977261111267,23.311006341813158,0.3342762342687427,11.797640041441099,0.19465827924580784,3.701373751814148,0.06750350885544286
0.03,0.9723977261111267,18.008313515778884,0.1972317855098728,9.100853595436426,0.11266952849818555,2.855267554774659,0.03859707328025706
0.03376006747802295,0.9723977261111267,17.809986670743424,0.23723475230693364,9.000179608290825,0.13534812319971556,2.822643794715311,0.04659082096206763
0.0379914052040221,0.9723977261111267,17.606093611283903,0.2826507983495916,8.896811608961945,0.1610245147890783,2.789242573319571,0.05563090898813076
0.04275308010908995,0.9723977261111267,17.401157597480438,0.33280465599427034,8.792865855002532,0.18935018988620472,2.7563356122189715,0.06540487321118368
0.04811156231253989,0.9723977261111267,17.201914394781145,0.38601774869888983,8.691372373201736,0.21949534365662937,2.725535102180514,0.07535250246821018
0.0541416530048151,0.9723977261111267,17.01821397244512,0.43907571561200237,8.596795952150059,0.24985500708211345,2.698256694063548,0.08482288788094638
0.06092752862714207,0.9723977261111267,16.864062946238086,0.4866317805540562,8.515914695020376,0.2775961287342885,2.675135735839509,0.09334566722388364
0.06856391592404971,0.9723977261111267,16.758471911188664,0.5208373865000974,8.458913225703073,0.29815111092943464,2.656811660108209,0.10042905954308882
0.07715741427178036,0.9723977261111267,16.725721998510945,0.5317195770675832,8.439936121836363,0.30518107763149,2.6474352391980434,0.10416756829463002
0.0868279837415025,0.9723977261111267,16.79558952155941,0.5086606818347319,8.475980731076048,0.2919084945817034,2.6572536410643837,0.10025474811953658
0.09771061966979347,0.9723977261111267,17.00634286222505,0.4426387371588844,8.584969924384048,0.25380793827390724,2.6948889199382076,0.08603578335667048
0.10995723711238882,0.9723977261111267,17.413435358471823,0.32967041294449456,8.78902328354447,0.19044632031422132,2.7584939686945398,0.06473699020126454
0.12373879148704055,0.9723977261111267,18.09700888903252,0.18064437074449755,9.127270259997527,0.10709215910844404,2.861118812963071,0.037249196179235285
0.13924766500838334,0.9723977261111267,19.15246523477459,0.041499034611647764,9.65874754354702,0.026170794484781282,3.0355582704209567,0.008468289949324938
0.15670035222800524,0.9723977261111267,20.687676189525934,0.010102055648009988,10.436719136678018,0.004676765607909063,3.272295117045853,0.0014998437117204981
0.17634048216824733,0.9723977261111267,22.87079733030128,0.25139301716809437,11.528546745234369,0.1370581618231568,3.6215624798676878,0.04844134010774428
0.19844221923690444,0.9723977261111267,25.895838151450285,1.009282057291803,13.061280802811416,0.5755773087514977,4.093701511505951,0.19968885936962738
0.22331409039755062,0.9723977261111267,29.96889003774403,2.5719236043760048,15.124678485764832,1.5096382845232863,4.7554525720336835,0.5416597126453224
0.2513032920204875,0.9723977261111267,35.50141953734095,5.305360467162866,17.910434311470116,3.195125407540873,5.613359252989083,1.1489031859109657
0.2828005365353655,0.9723977261111267,42.75292046021456,9.40883530318655,21.588120177804527,5.873551675115536,6.772019190157641,2.169679472328296
0.3182455065418344,0.9723977261111267,52.370270891377494,15.060858735656172,26.44212734044387,9.803310621669572,8.299333050495683,3.7405846862293743
0.35813299251433084,0.9723977261111267,64.86087010318694,21.998174723153184,32.75281380572073,15.101751697980397,10.289639155797074,6.012509364348895
0.40301979977966995,0.9723977261111267,81.04996447189609,29.693761873920838,40.93703971889596,21.753437524007225,12.849755858639279,9.123872270336928
0.4535325211846986,0.9723977261111267,101.90231849806368,37.33582563903795,51.48753429684018,29.438977861159543,16.153984584943903,13.247580139306521
0.5103762839557767,0.9723977261111267,128.68206989102225,44.18786658241487,65.02687298803679,37.48832051685077,20.424798351786333,18.533533144992
0.5743445928509872,0.9723977261111267,162.96714503877743,49.85951865645856,82.37088455834977,44.997274713870574,25.844169984748767,24.93980510390679
0.6463304070095649,0.9723977261111267,206.71201641937395,54.329834836663046,104.48527039946391,51.19269225826377,32.794639228055125,32.435944185175714
0.7273386051246984,0.9723977261111267,262.2551170516769,57.76885243077272,132.58854191181015,55.87049969769257,41.61907978350779,40.59145155703145
0.8185000129460304,0.9723977261111267,332.9661969088781,60.40789633831585,168.31935812924402,59.28190392365305,52.81539027176599,48.66070220156399
0.9210871889273549,0.9723977261111267,422.58589632289244,62.42671827481696,213.62854435216752,61.760011859408394,67.06704073018052,55.5545396305038
1.0365321883776653,0.9723977261111267,536.204833776057,63.97830902506336,271.09832684860874,63.58174285956747,85.08889930163923,60.34534224577925
1.166446554092426,0.9723977261111267,680.2363083055832,65.17605916196658,343.9647511491666,64.93861842125743,107.96057544868113,63.26773583962043
1.3126438125222553,0.9723977261111267,862.5165020489853,66.10322616078268,436.0496957420146,65.9588685843002,136.89278076221717,65.06237020419324
1.4771647895120215,0.9723977261111267,1093.1533816342092,66.82376695709657,552.8363933963975,66.73669405258147,173.4977462119148,66.23588246990138
1.6623060990028473,0.9723977261111267,1385.6128735192992,67.38661709758628,700.689091274532,67.33322607077676,219.88200913241238,67.04583661623018
1.8706522023821734,0.9723977261111267,1755.2946153838027,67.82604034428482,887.7079595842448,67.79335171245552,278.43674557660984,67.62402885794944
2.1051114860111477,0.9723977261111267,2223.8266074146864,68.17076844392216,1124.6460362245662,68.15060913791687,352.7186819581734,68.04966672723536
2.368956860549917,0.9723977261111267,2816.6438952394974,68.44117063848822,1424.6262922528706,68.4288352388119,446.9499700722399,68.36841884598637
2.6658714488230206,0.9723977261111267,3565.5457896823204,68.6533470079118,1802.6721528778783,68.64538235825084,565.9970092575093,68.60934072816244
3.0,0.9723977261111267,4513.8281866212055,68.82044815706396,2282.159357620645,68.81547580014646,716.0735513128228,68.79310162827323
-3.0,1.0222642761681073,4168.834062850269,68.76850440292326,2110.5599186612562,68.7636091821042,662.763053670788,68.7378791463922
-2.6658714488230206,1.0222642761681073,3294.0900183895924,68.58766875391642,1665.4232343416754,68.57833809651032,523.0707278527861,68.53601254499524
-2.368956860549917,1.0222642761681073,2603.2359531999314,68.35814854229167,1317.6991043971916,68.34452594295031,413.67804952348087,68.27400224864873
-2.1051114860111477,1.0222642761681073,2060.3258492347495,68.06849053162969,1042.057680462972,68.04506582242149,327.50999317080857,67.92952154138204
-1.8706522023821734,1.0222642761681073,1632.9369480354712,67.7029534715218,826.1015039475053,67.66564440493059,259.4957216019988,67.47021867186795
-1.6623060990028473,1.0222642761681073,1296.832351152547,67.24308630952359,656.2189006526938,67.18340072345896,206.0698932685663,66.85117082024703
-1.4771647895120215,1.0222642761681073,1031.719312879601,66.6640378612404,521.7757104346186,66.56583561461639,163.9736430068479,65.99609629653202
-1.3126438125222553,1.0222642761681073,822.7541508656132,65.9370021908438,416.237429062837,65.78033589831816,130.5446416034319,64.7644684715298
-1.166446554092426,1.0222642761681073,658.8682690890962,65.03258969733275,333.1452054349336,64.77819200162712,104.62438017389223,62.96149219430137
-1.0365321883776653,1.0222642761681073,529.5061512330011,63.906067450477806,267.79398208930314,63.500633863033585,84.06241683822988,60.15242888118614
-0.9210871889273549,1.0222642761681073,427.7122578435261,62.515384101430385,216.36087330122984,61.87170859899246,67.87995522880522,55.85030767170237
-0.8185000129460304,1.0222642761681073,347.70319037963384,60.8155313411464,175.95418490478698,59.80401735956271,55.25296643492177,50.09114872394403
-0.7273386051246984,1.0222642761681073,284.63729667179575,58.7549586701288,143.98820909711955,57.175809150336704,45.26675595246528,43.49789656921816
-0.6463304070095649,1.0222642761681073,235.01157363764295,56.29746447369024,118.94110956734048,53.91588522768491,37.34456275211182,36.838427937840095
-0.5743445928509872,1.0222642761681073,195.7465446561022,53.40501521276871,98.97756163107285,49.91932704009531,31.059627846704018,30.649221924802458
-0.5103762839557767,1.0222642761681073,164.47777636075827,50.05508855706224,83.1754237584372,45.28030145054151,26.1616550380077,25.301136796394417
-0.4535325211846986,1.0222642761681073,139.55232890245676,46.281844238730315,70.55453718672345,40.19653837761928,22.15523699811476,20.624207852183666
-0.40301979977966995,1.0222642761681073,119.47350738315882,42.13617201311756,60.37993060763025,34.95832458996803,18.950399787237348,16.725191912966995
-0.35813299251433084,1.0222642761681073,103.09479726380496,37.70398807891671,52.178882072451934,29.900376864767757,16.357850288764705,13.502445408119147
-0.3182455065418344,1.0222642761681073,89.71340201500367,33.1610224262947,45.42690323847458,25.166652009542652,14.239557191717337,10.853096314767312
-0.2828005365353655,1.0222642761681073,78.74690791094186,28.696761937515124,39.80562265513638,20.86336691583137,12.4997660341502,8.691367903469741
-0.2513032920204875,1.0222642761681073,69.54448017826658,24.388174628267862,35.2082310592982,17.14253109690527,11.0645867488243,6.938851523945161
-0.22331409039755062,1.0222642761681073,61.90361184236896,20.424348796945125,31.320237121547578,13.900343488787035,9.830783913386044,5.473097270682717
-0.19844221923690444,1.0222642761681073,55.47458837443436,16.849176944668763,28.086208222958497,11.179239364405113,8.812738576960234,4.307713245919734
-0.17634048216824733,1.0222642761681073,50.113152657569344,13.742549423877298,25.345351195870933,8.893527374014383,7.965115424368878,3.3805159134892655
-0.15670035222800524,1.0222642761681073,45.572145078500775,11.066707630418863,23.078408904046412,7.0481763837776015,7.239803196218412,2.6287592577582344
-0.13924766500838334,1.0222642761681073,41.75054579299267,8.82386310576603,21.148610076648435,5.534958464448046,6.63609102662741,2.040707148485273
-0.12373879148704055,1.0222642761681073,38.5535139922115,6.988312210088869,19.50959639831184,4.312033233761362,6.131201385964403,1.5816660078272864
-0.10995723711238882,1.0222642761681073,35.85462334451558,5.495399666950876,18.14301559786003,3.351976336490768,5.691356480053639,1.211301882431034
-0.09771061966979347,1.0222642761681073,33.57087425651499,4.294358523131425,16.995425913490106,2.5994963277895966,5.333064083954633,0.9337429232694487
-0.0868279837415025,1.0222642761681073,31.646151944377355,3.342893711566145,16.021305934429083,2.0080790652601728,5.0329706731887125,0.720673461048827
-0.07715741427178036,1.0222642761681073,30.024521577373456,2.5964932780990324,15.194956286734428,1.546938055710112,4.771578025045012,0.5515462983129251
-0.06856391592404971,1.0222642761681073,28.652311667495677,2.0130788482741093,14.496633084829236,1.1909415870821483,4.548675167781094,0.42095444642042495
-0.06092752862714207,1.0222642761681073,27.485498510599236,1.5579765699687123,13.906239033651813,0.9173397177670806,4.362907456174238,0.32276845835348006
-0.0541416530048151,1.0222642761681073,26.49035952598172,1.2040226602733988,13.40493861174906,0.7070084416452886,4.207106414999436,0.248604406115443
-0.04811156231253989,1.0222642761681073,25.640453855060073,0.9297541025708604,12.977151305561016,0.5450788311003099,4.073955622131112,0.19163028771384727
-0.04275308010908995,1.0222642761681073,24.91391369203545,0.7179296300997269,12.610707219318405,0.42033115465959314,3.95886083127389,0.14748588820624783
-0.0379914052040221,1.0222642761681073,24.29205039354833,0.5546825735056613,12.296049294053098,0.32425811077541244,3.8592859198949876,0.11335600656135465
-0.03376006747802295,1.0222642761681073,23.758806519634614,0.4289824340719526,12.025417054314117,0.2503167832684999,3.77345698694212,0.08713150055973697
-0.03,1.0222642761681073,23.300499924582198,0.33217791156203547,11.792315398917333,0.19343151540652348,3.699707096560564,0.06707635281662179
0.03,1.0222642761681073,18.005718675580813,0.1977290756914583,9.099553098286467,0.11294808051759722,2.854860108472632,0.03869189613978458
0.03376006747802295,1.0222642761681073,17.80595137082991,0.23809101574662422,8.998151389693414,0.13582843173569414,2.8220085283456173,0.046754613048935786
0.0379914052040221,1.0222642761681073,17.600119583755394,0.2840482902776411,8.893803925961109,0.16180850854200407,2.788299755756818,0.055898857719321036
0.04275308010908995,1.0222642761681073,17.392592867551162,0.33500091344305827,8.78854931751106,0.19058176797617443,2.7549810337626846,0.06582597362121036
0.04811156231253989,1.0222642761681073,17.189908446908376,0.3893671763118778,8.685316708243853,0.2213730650964459,2.723633815502579,0.07599230694113848
0.0541416530048151,1.0222642761681073,17.001661303134192,0.4440483953305935,8.58844027397784,0.2526443073433627,2.6956347398650484,0.08576634409610041
0.06092752862714207,1.0222642761681073,16.84153289977466,0.4938180897284655,8.504530820141573,0.2816343212504167,2.671567393138556,0.09470209842765753
0.06856391592404971,1.0222642761681073,16.72812173377786,0.5309177720059917,8.44356269470034,0.30383037800694707,2.652000788454764,0.1023375274947059
0.07715741427178036,1.0222642761681073,16.6851874417912,0.5453689938401605,8.419420779508052,0.31288668580764967,2.6409975603934313,0.10677941690997554
0.0868279837415025,1.0222642761681073,16.741845352082553,0.5263458360103805,8.448779412268456,0.3018934541118123,2.648711370117152,0.10365419147035143
0.09771061966979347,1.0222642761681073,16.93553481468643,0.4642340968811073,8.549144156875286,0.265998126977056,2.6836515472539273,0.09015311252226921
0.10995723711238882,1.0222642761681073,17.32071195153482,0.3537544444962487,8.742096813761162,0.2041181382909802,2.7437737014344603,0.069367594696162
0.12373879148704055,1.0222642761681073,17.976373402437876,0.20340077052263406,9.066157723683096,0.12022947894824143,2.841924765768474,0.0417678768752655
0.13924766500838334,1.0222642761681073,18.996549928025264,0.05557888194063387,9.57974417693351,0.0345689129353438,3.010803893731451,0.011257526980102765
0.15670035222800524,1.0222642761681073,20.487420442427084,0.003836147458759068,10.335275420408404,0.0015313977265993394,3.240439781603056,0.0004633915379779818
0.17634048216824733,1.0222642761681073,22.615497629238938,0.20818233539765169,11.399070132528866,0.11262791797110966,3.5809755674163273,0.03986448025955293
0.19844221923690444,1.0222642761681073,25.572874010592827,0.9091393157622933,12.897545727692028,0.5168475679736306,4.042265677649763,0.1789897469785614
0.22331409039755062,1.0222642761681073,29.563028356086996,2.3949349788242205,14.918992263064064,1.40231656279433,4.691043698072532,0.5028383061119823
0.2513032920204875,1.0222642761681073,34.996848654161994,5.036420777698449,17.65449278299341,3.0249738847878405,5.532933964604658,1.0856819575212013
0.2828005365353655,1.0222642761681073,42.12944921760058,9.044594084448722,21.27216207425692,5.629736161163098,6.672844570610331,2.075369439322423
0.3182455065418344,1.0222642761681073,51.608738944306005,14.617489134250562,26.05596531197274,9.482054046370425,8.1782351491466,3.6092282823920674
0.35813299251433084,1.0222642761681073,63.93739184632983,21.511911802579974,32.28452164777272,14.709677409782072,10.143053382566334,5.839372829067177
0.40301979977966995,1.0222642761681073,79.93982539439766,29.217210773410812,40.374054608199856,21.311950224252634,12.6732823734461,8.90559836038745
0.4535325211846986,1.0222642761681073,100.57743528190078,36.91879786507489,50.815900228311676,28.985560431276387,15.943200514211068,12.983959803072906
0.5103762839557767,1.0222642761681073,127.1114284955425,43.85731337031794,64.23081569864951,37.07171749265065,20.17565324124186,18.229557902321442
0.5743445928509872,1.0222642761681073,161.1164060058632,49.61481059115418,81.43328277313513,44.66090217655667,25.549780075358374,24.6032535248363
0.6463304070095649,1.0222642761681073,204.54045508292674,54.15498180596846,103.38474292493977,50.95011644873723,32.44986128367759,32.08554876716882
0.7273386051246984,1.0222642761681073,259.70734176683345,57.645128686892235,131.29783638863256,55.70584357770295,41.21553184799579,40.25315406778245
0.8185000129460304,1.0222642761681073,329.9890172819515,60.32086263929952,166.81009342397132,59.172058322856444,52.342531408030815,48.3701690760902
0.9210871889273549,1.0222642761681073,419.0990320765993,62.365106938149346,211.8620958849727,61.68604381243789,66.51434777584139,55.34813498961299
1.0365321883776653,1.0222642761681073,532.1156192947979,63.93443445707259,269.0258281023907,63.531131102495294,84.4401499515971,60.224276792038445
1.166446554092426,1.0222642761681073,675.4212229481641,65.14454901173858,341.5267272267277,64.9034376127623,107.1994675400408,63.20042618485884
1.3126438125222553,1.0222642761681073,856.8348205383367,66.08044489140192,433.17025736053137,65.93400889873158,135.98977482721628,65.02234875347834
1.4771647895120215,1.0222642761681073,1086.416854281589,66.80715307867621,549.4202713678347,66.71890161193397,172.4279916204752,66.21063882662303
1.6623060990028473,1.0222642761681073,1377.58175028118,67.37440758870048,696.6266599404547,67.32036827433728,218.60888269857364,67.02913183573362
1.8706522023821734,1.0222642761681073,1745.6856527548093,67.81700707778907,882.8470550143804,67.78394539745898,276.9103811773031,67.61253090354248
2.1051114860111477,1.0222642761681073,2212.2440855257078,68.16402601682199,1118.783887933392,68.14364537029986,350.88370098992203,68.04156955850509
2.368956860549917,1.0222642761681073,2802.6543507981582,68.43611889588263,1417.5273735699502,68.42364052607623,444.7363759128191,68.36261354451663
2.6658714488230206,1.0222642761681073,3548.508004850089,68.64952233541419,1794.0661090476085,68.64148492478671,563.2986057242578,68.60508201402591
3.0,1.0222642761681073,4493.060551146252,68.81754816423114,2271.6534502172544,68.81252851000444,712.7846737964671,68.78994599001493
-3.0,1.0721308262250884,4131.171544194204,68.76230541245407,2091.509714510241,68.75731877304071,656.7955929116516,68.73110892703346
-2.6658714488230206,1.0721308262250884,3264.374149807187,68.57981076123383,1650.3795264575142,68.5702989357954,518.3572482098664,68.52716766142159
-2.368956860549917,1.0721308262250884,2579.8193676743454,68.3481946188493,1305.864684275096,68.33432649848099,409.96437050252763,68.26242391565621
-2.1051114860111477,1.0721308262250884,2041.9249403346946,68.05594222737379,1032.7467465412174,68.03207690072104,324.5913543930116,67.91425698481578
-1.8706522023821734,1.0721308262250884,1618.5375835846153,67.68722608941432,818.8222227979796,67.64923778627272,257.2126134041714,67.44989747571589
-1.6623060990028473,1.0721308262250884,1285.6287425575692,67.22353855043127,650.556140960753,67.16278216129689,204.29478543473311,66.82382158498173
-1.4771647895120215,1.0721308262250884,1023.061143946463,66.63994835784521,517.3947551906838,66.5399867351964,162.6033953207352,65.9585890819068
-1.3126438125222553,1.0721308262250884,816.1140814167628,65.90762010177316,412.8823432878545,65.7482771036471,129.4905425651777,64.7110015342984
-1.166446554092426,1.0721308262250884,653.8471639641183,64.99746840445613,330.6032954015264,64.73883336730171,103.82903038491939,62.8839922495211
-1.0365321883776653,1.0721308262250884,525.7592432249176,63.86482221478339,265.89818895505044,63.45308172470333,83.46832723576587,60.03735570505725
-0.9210871889273549,1.0721308262250884,424.9682256788744,62.46820255735546,214.9730141429813,61.81537897159838,67.44393398880065,55.69281323782666
-0.8185000129460304,1.0721308262250884,345.740790788202,60.763369870014785,174.96286478857732,59.739223461582824,54.94253994278615,49.91516697937239
-0.7273386051246984,1.0721308262250884,283.2704271387861,58.69947705472793,143.29690493530066,57.10357367119602,45.05120148039537,43.333702966757016
-0.6463304070095649,1.0721308262250884,234.08973016908234,56.24129785006178,118.47568411246446,53.83994761561949,37.19874004009801,36.703804645733825
-0.5743445928509872,1.0721308262250884,195.14017240314953,53.35067835852288,98.6702978815994,49.84373410735047,30.96305456170075,30.54806362895019
-0.5103762839557767,1.0721308262250884,164.08085139505533,50.00405845480449,82.97476684239312,45.21019229234252,26.09949211548606,25.230522309197852
-0.4535325211846986,1.0721308262250884,139.2835788104436,46.23386486392751,70.41903297158113,40.133904689869524,22.112813068039248,20.573412087173587
-0.40301979977966995,1.0721308262250884,119.27201049091533,42.08806569161665,60.27853556790456,34.900450985939784,18.918627692862497,16.685989211564763
-0.35813299251433084,1.0721308262250884,102.91928591619381,37.65022362164706,52.09160798209246,29.842429733913256,16.33041686851813,13.468155966474813
-0.3182455065418344,1.0721308262250884,89.54161418397179,33.09649250393938,45.34163107663374,25.10371011863213,14.212782227542654,10.81965930222503
-0.2828005365353655,1.0721308262250884,78.56959800240983,28.61866244847254,39.71732755441123,20.79343860309718,12.472123468343268,8.657276788880939
-0.2513032920204875,1.0721308262250884,69.360851691866,24.296925910654757,35.11659850226937,17.06691678768642,11.035922398793284,6.904290700628584
-0.22331409039755062,1.0721308262250884,61.717794635898386,20.323868657964624,31.22743608939004,13.822340753017468,9.80172952186363,5.439205057908162
-0.19844221923690444,1.0721308262250884,55.29246574281165,16.745216715130486,27.994896114904517,11.102560489213722,8.784153657094976,4.275730892052276
-0.17634048216824733,1.0721308262250884,49.9396682170534,13.640749083488636,25.258454770192394,8.821826626494616,7.937843647753079,3.351484887169396
-0.15670035222800524,1.0721308262250884,45.41152688791137,10.971961600620784,22.9976620160476,6.9836101217305,7.2145077351706055,2.603371613750729
-0.13924766500838334,1.0721308262250884,41.60511992309095,8.739284952027159,21.07532469022988,5.47889551846095,6.613144348314073,2.0191467836916885
-0.12373879148704055,1.0721308262250884,38.42403083324955,6.915272809404664,19.44443724131563,4.264897670696484,6.1107173640565655,1.5637654544446287
-0.10995723711238882,1.0721308262250884,35.7410209393155,5.434122311642559,18.085816435053246,3.313209864320344,5.6734355980523645,1.1968721422675133
-0.09771061966979347,1.0721308262250884,33.47236314886895,4.244169470575741,16.945715098166904,2.5681882640764933,5.3174847914033725,0.9222229183652733
-0.0868279837415025,1.0721308262250884,31.56140644288753,3.302531609336657,15.978501482676064,1.9832221901120288,5.019513695728402,0.7115747285266751
-0.07715741427178036,1.0721308262250884,29.952016095542827,2.564485760770757,15.158354611275305,1.5274723034696525,4.7600755188814885,0.5444872873721013
-0.06856391592404971,1.0721308262250884,28.59053526264072,1.987985575398611,14.465465733527239,1.17584274867055,4.538902163202672,0.415538687389967
-0.06092752862714207,1.0721308262250884,27.433031128902822,1.5384911765570826,13.87975968141939,0.9057052618999436,4.354608599184074,0.3186237365989405
-0.0541416530048151,1.0721308262250884,26.445894635999398,1.1890074025850568,13.382472097556455,0.6980885940458761,4.200055854174465,0.24543531083833708
-0.04811156231253989,1.0721308262250884,25.6028117725219,0.9182491799789461,12.958104577328301,0.5382682403120097,4.067970058966366,0.18921501522171913
-0.04275308010908995,1.0721308262250884,24.882050871729245,0.7091482863515419,12.594564320250438,0.41514775004588994,3.953786553237327,0.14565355063193106
-0.0379914052040221,1.0721308262250884,24.26506105528034,0.5479954864921162,12.282363720119074,0.32032186947767455,3.8549877677832054,0.11197104905689241
-0.03376006747802295,1.0721308262250884,23.735916171205496,0.4238957259287158,12.013804956416491,0.24733119470877526,3.76981495971144,0.08608642474274263
-0.03,1.0721308262250884,23.28105332084848,0.3283093210301758,11.78244935974884,0.19116756748920338,3.696616474655057,0.06628747758142133
0.03,1.0721308262250884,18.007306059390995,0.19742477883946086,9.100385123199272,0.11276982693849692,2.8551228805370275,0.03863072815892415
0.03376006747802295,1.0721308262250884,17.80627191305429,0.23802293655245058,8.99834446256046,0.1357826694039678,2.822073714610019,0.04673779151285248
0.0379914052040221,1.0721308262250884,17.598602015025456,0.28440390366583734,8.893069165252475,0.16200035386799588,2.7880756441351093,0.05596265428829306
0.04275308010908995,1.0721308262250884,17.38847686992415,0.3360592696017698,8.786502783746212,0.19116723251584972,2.7543444840887017,0.06602437601297771
0.04811156231253989,1.0721308262250884,17.182187431680866,0.39152986065054723,8.681450362013805,0.22257663221887872,2.722422200829131,0.0764016041889528
0.0541416530048151,1.0721308262250884,16.989009345218243,0.44787083183890636,8.582084059550487,0.254777894847037,2.6936368721106025,0.08648917363922576
0.06092752862714207,1.0721308262250884,16.822212836753202,0.5000288440700671,8.494804279847537,0.2851109725016321,2.6685107081394053,0.0958728353904885
0.06856391592404971,1.0721308262250884,16.69987108688951,0.540401359338012,8.429316058989999,0.30915623749223997,2.6475295648188983,0.10412957252826874
0.07715741427178036,1.0721308262250884,16.645076647515094,0.5590733558679637,8.399166472325932,0.32060264948273925,2.634642797718785,0.1093938115692815
0.0868279837415025,1.0721308262250884,16.686098640585435,0.5450599593104865,8.420609624438901,0.3124371424392864,2.6398679160256697,0.10724152806923348
0.09771061966979347,1.0721308262250884,16.85930604568302,0.4881440243490378,8.510616709685435,0.2794713444573095,2.6715604437955918,0.09470475086635938
0.10995723711238882,1.0721308262250884,17.217829663981398,0.3816029497791557,8.690078657153,0.21989574037202686,2.727451635688757,0.07471061928313402
0.12373879148704055,1.0721308262250884,17.839080582355127,0.23111157125220122,8.996682460924324,0.13617687559937638,2.820106971133015,0.04724676864515672
0.13924766500838334,1.0721308262250884,18.8151740631638,0.07469366310771235,9.487927373760888,0.045876771256733846,2.982011859834091,0.015025380715393215
0.15670035222800524,1.0721308262250884,20.249919987962556,0.00024873025245394654,10.21505731157125,1.74715105887646e-05,3.2026933123476504,9.818140868880047e-07
0.17634048216824733,1.0721308262250884,22.30726374115805,0.1609592087481152,11.242904118945393,0.08611153648601139,3.5319929099065113,0.030549997850981152
0.19844221923690444,1.0721308262250884,25.17629071085411,0.7918939069028144,12.69664081272666,0.44837535012803764,3.979169524695795,0.15491734398533105
0.22331409039755062,1.0721308262250884,29.056497339161268,2.179844155140616,14.662453826404446,1.272444230140576,4.6106419834921315,0.45591510015816306
0.2513032920204875,1.0721308262250884,34.356325978221456,4.699638167805809,17.329850634777955,2.813031688539386,5.430944112171234,1.0072043577094338
0.2828005365353655,1.0721308262250884,41.32458877843315,8.57636566367993,20.864503350286725,5.318278454979928,6.544885751720491,1.9553844291608677
0.3182455065418344,1.0721308262250884,50.60742399788946,14.032258927414045,25.548566568207548,9.06144443842879,8.019076231975259,3.4381183359496124
0.35813299251433084,1.0721308262250884,62.69968056806312,20.852731134730455,31.657330748465938,14.183532390933244,9.94658924354844,5.608508818923561
0.40301979977966995,1.0721308262250884,78.4211944884049,28.553147350046302,39.60446468760732,20.703956702736704,12.431967414109844,8.607772088287108
0.4535325211846986,1.0721308262250884,98.72510948280868,36.32134585698106,49.8774597746135,28.343526121221103,15.648677003647652,12.61548273588196
0.5103762839557767,1.0721308262250884,124.86374271389299,43.370848302650934,63.092271171979014,36.46390755568237,19.81899580706767,17.793228214932665
0.5743445928509872,1.0721308262250884,158.40093752944017,49.245223015149314,80.05825584853437,44.15458557302551,25.118103879017347,24.107172476858292
0.6463304070095649,1.0721308262250884,201.26906502407354,53.8840511229532,101.72786608460856,50.57400751234217,31.930527744354908,31.553374614088526
0.7273386051246984,1.0721308262250884,255.76512494133584,57.44852150002391,129.30168570169081,55.443596387474955,40.59073276375846,39.722784323183554
0.8185000129460304,1.0721308262250884,325.2484733979251,60.178795327940904,164.4087935451005,58.992414717962234,51.58986213634281,47.89883797592417
0.9210871889273549,1.0721308262250884,413.385786686409,62.26179451718659,208.96961683862057,61.56182702722139,65.60835690711158,55.00026731701472
1.0365321883776653,1.0721308262250884,525.2189235718176,63.85882387011821,265.53324936104576,63.44384079825432,83.34584315252926,60.01331058388698
1.166446554092426,1.0721308262250884,667.0672031245726,65.08876333703894,337.2986929514449,64.8411084489354,105.87699090341057,63.07994063658603
1.3126438125222553,1.0721308262250884,846.6947049246832,66.03900622360692,428.03589371439847,65.8887906072971,134.37891931246273,64.94909335631775
1.4771647895120215,1.0721308262250884,1074.0639003575454,66.776134275651,543.1625883367258,66.68569556604052,170.46665201498686,66.16330002240232
1.6623060990028473,1.0721308262250884,1362.4710647050993,67.35103812611122,688.9838090478286,67.29574891217723,216.2124053593368,66.99704402572658
1.8706522023821734,1.0721308262250884,1727.1538609906927,67.79929774158691,873.4732977014736,67.765500315578,273.96838658703757,67.58995269268348
2.1051114860111477,1.0721308262250884,2189.4047467487176,68.15051941292292,1107.228207501026,68.12969626163753,347.2636148761548,68.0253157355409
2.368956860549917,1.0721308262250884,2774.4648957162267,68.42578333138076,1403.2435504756077,68.41302547108837,440.2703224576176,68.35070793841798
2.6658714488230206,1.0721308262250884,3513.549207848512,68.64155777797191,1776.4009426738266,68.63336455154851,557.7562463390028,68.59619706882737
3.0,1.0721308262250884,4449.675629088808,68.81140206824765,2249.7115456162574,68.80628303912263,705.9087371436179,68.78324875445003
-3.0,1.121997376282069,4073.0691001318464,68.75251595113829,2062.11247871017,68.74738037452337,647.5793744412175,68.72039398630568
-2.6658714488230206,1.121997376282069,3218.5532132346143,68.56740745376537,1627.1888570590968,68.55760954907934,511.08556552970515,68.51317892386047
-2.368956860549917,1.121997376282069,2543.7204925797782,68.3324872428032,1287.61329036355,68.3182204216055,404.23551693913083,68.2441057190364
-2.1051114860111477,1.121997376282069,2013.542743963515,68.03613217058374,1018.3869556179545,68.01156518009034,320.08606555413866,67.8900789710175
-1.8706522023821734,1.121997376282069,1596.2893913555404,67.66235967673165,807.5731942430406,67.62328003710294,253.68225604606744,67.41763422609684
-1.6623060990028473,1.121997376282069,1268.2603147792809,67.19253895591527,641.7743951259692,67.130052795395,201.54031602541735,66.78021426250069
-1.4771647895120215,1.121997376282069,1009.568110264165,66.601563775926,510.56806300361757,66.49876917918697,160.46511378567354,65.89838532052869
-1.3126438125222553,1.121997376282069,805.6873505852654,65.86047638704619,407.6119775466583,65.69676956145034,127.8352886279659,64.62451174857947
-1.166446554092426,1.121997376282069,645.8649607682187,64.94047092977715,326.5636463711357,64.67490160057025,102.56347202278236,62.756831005242574
-1.0365321883776653,1.121997376282069,519.6996754185329,63.79680704261882,262.8325445835941,63.374561092327696,82.50699496642557,59.84562044283519
-0.9210871889273549,1.121997376282069,420.4187858279693,62.3885526695785,212.67173752701973,61.72012120358424,66.72111430534147,55.42586217138985
-0.8185000129460304,1.121997376282069,342.367113097266,60.67221754802548,173.25748306139698,59.62573175589193,54.40787248555121,49.607860762230224
-0.7273386051246984,1.121997376282069,280.7961938947,58.59758734589739,142.04546531119914,56.9707029618711,44.65962257258584,43.03300565266508
-0.6463304070095649,1.121997376282069,232.2929196963145,56.13046000948853,117.56755006116659,53.689781149202325,36.913873288381076,36.43956828481603
-0.5743445928509872,1.121997376282069,193.83480117291893,53.232491899664254,98.00965487421038,49.67947939240637,30.755492267495445,30.330044248311793
-0.5103762839557767,1.121997376282069,163.11814818135554,49.87923448338974,82.48816085105099,45.03885106382407,25.947394232698336,25.057470952344627
-0.4535325211846986,1.121997376282069,138.55023192722052,46.10202196861689,70.0488738598248,39.96186812630027,21.996639596106455,20.43418918811549
-0.40301979977966995,1.121997376282069,118.68435040571073,41.94693181132215,59.98217047227638,34.73063152655469,18.825629646178964,16.571190009252152
-0.35813299251433084,1.121997376282069,102.42026588291293,37.49656412984699,51.840799255209625,29.675420125082447,16.25169788236611,13.369751805714534
-0.3182455065418344,1.121997376282069,89.0977568236681,32.92899249426527,45.11877015398734,24.938852643635435,14.142851994800651,10.732345122854145
-0.2828005365353655,1.121997376282069,78.16326181829747,28.43895779173618,39.51341976971631,20.63169456410509,12.408139520390321,8.578407716525408
-0.2513032920204875,1.121997376282069,68.98515722020763,24.109602362400793,34.927805757189844,16.91097765949677,10.976698914242741,6.832950692950596
-0.22331409039755062,1.121997376282069,61.37129982378902,20.136015605928087,31.05341555993946,13.67602717875479,9.747170916142338,5.375651973173848
-0.19844221923690444,1.121997376282069,54.97641232498384,16.564500918395083,27.83579156955688,10.96900952115825,8.734282447425114,4.220041406735636
-0.17634048216824733,1.121997376282069,49.65463788255505,13.47337366348771,25.115182094836374,8.703747142726586,7.89283642365309,3.3036953400437077
-0.15670035222800524,1.121997376282069,45.158172699413,10.822553058523585,22.869955440939286,6.881690715361132,7.174468802295871,2.56331204180774
-0.13924766500838334,1.121997376282069,41.38259343661846,8.61002592382096,20.962957211010064,5.3931634414588965,6.5779325644089415,1.9861843094897205
-0.12373879148704055,1.121997376282069,38.230311140014976,6.806231400334452,19.346765252268458,4.194479267402933,6.079997843977852,1.5370337299252732
-0.10995723711238882,1.121997376282069,35.57380659674798,5.344191765942556,18.00148570111677,3.256282073418415,5.647000144040323,1.1756871747323572
-0.09771061966979347,1.121997376282069,33.329023270588465,4.171408108258497,16.87329194395737,2.522781969404157,5.2947764153596975,0.9055179361855928
-0.0868279837415025,1.121997376282069,31.43906859672166,3.2445138150319224,15.916643651031972,1.9474800971991155,5.000060153079193,0.6984941165253048
-0.07715741427178036,1.121997376282069,29.84787857053256,2.5187338839980256,15.105730362474842,1.499635969469351,4.743532545761628,0.5343941898281444
-0.06856391592404971,1.121997376282069,28.502054877413613,1.9522319330840618,14.42078056118874,1.1543186823075737,4.52488559179687,0.4078185926853694
-0.06092752862714207,1.121997376282069,27.357953906463138,1.5107629969799965,13.841834430650412,0.8891408448695731,4.342718692675086,0.31272276862913156
-0.0541416530048151,1.121997376282069,26.382233540145233,1.1676341719395604,13.350280840979662,0.6853861581375712,4.189950845155551,0.24092238594497228
-0.04811156231253989,1.121997376282069,25.548826532776506,0.9018477851223718,12.930770232019434,0.5285555042763233,4.059378251954011,0.18577059469801724
-0.04275308010908995,1.121997376282069,24.836234115917858,0.6965985130517431,12.57133902628976,0.4077376563275278,3.9464845145563667,0.1430340304162767
-0.0379914052040221,1.121997376282069,24.226122976645993,0.5384078177978242,12.262609842720167,0.31467670867269515,3.848782317839327,0.10998466606281106
-0.03376006747802295,1.121997376282069,23.702764449277936,0.41657491101196464,11.99698008342763,0.24303320182712065,3.7645365694591697,0.08458175681065408
-0.03,1.121997376282069,23.252769612327416,0.32271815639335266,11.768094065106538,0.18789468798612413,3.692118229024644,0.06514683768386224
0.03,1.121997376282069,18.013148785337247,0.19630695553600916,9.103386616035426,0.11212805714242566,2.8560674625510765,0.03841128075188727
0.03376006747802295,1.121997376282069,17.811046375571166,0.23701017249126188,9.000808399529792,0.13519940661584107,2.822854920772977,0.04653645521641433
0.0379914052040221,1.121997376282069,17.601671633715824,0.2836848532403155,8.894673413963767,0.16158164834321867,2.788591011324714,0.05581600739931874
0.04275308010908995,1.121997376282069,17.388982955626425,0.335929037411708,8.78681389986056,0.1910781650927248,2.754453525205196,0.06599036616178247
0.04811156231253989,1.121997376282069,17.178980220812054,0.3924302092784652,8.679889077802066,0.2230636891378582,2.721936636531271,0.07656597783384615
0.0541416530048151,1.121997376282069,16.980559113447462,0.4504342720776274,8.577879601538726,0.2561947915487873,2.6923108850057567,0.0869707997425509
0.06092752862714207,1.121997376282069,16.806497230218593,0.5051138796320231,8.486934783875164,0.2879416660438349,2.6660282637991646,0.09682962380524783
0.06856391592404971,1.121997376282069,16.674235075538213,0.5490914491620504,8.416434291949814,0.3140176172178144,2.643479774803003,0.10576799036948
0.07715741427178036,1.121997376282069,16.606059796379117,0.5725936577813638,8.379512887429353,0.32819326927020787,2.6284775809952268,0.11196475489284263
0.0868279837415025,1.121997376282069,16.629218061384982,0.5645461216845756,8.391911605934219,0.32339272980277767,2.630861578651419,0.11096656617457404
0.09771061966979347,1.121997376282069,16.778777970934105,0.5141552463321671,8.46995570787907,0.2941035850909911,2.6587938339428487,0.09964865800394444
0.10995723711238882,1.121997376282069,17.10622915125962,0.413169470412405,8.633698828685297,0.23774499658873774,2.709756797472852,0.08075382022643797
0.12373879148704055,1.121997376282069,17.68696953353074,0.2641080511249234,8.919777095491726,0.1551074828480219,2.7959583665152,0.053742704586648087
0.13924766500838334,1.121997376282069,18.610667603258808,0.09985959072510361,9.384478813047458,0.060653915002374346,2.9495524579573336,0.01996207299246831
0.15670035222800524,1.121997376282069,19.978101581878132,0.0014163162550645187,10.077548998144952,0.0013095248053265724,3.1595217348109697,0.0005154831209921361
0.17634048216824733,1.121997376282069,21.949732880394148,0.1132194026110166,11.061894757891663,0.059546253078517755,3.475193092839096,0.021210455392277488
0.19844221923690444,1.121997376282069,24.710553707543415,0.6626447152571329,12.460831229117911,0.3732540721494473,3.9051245393018013,0.12858498295971807
0.22331409039755062,1.121997376282069,28.454708703320986,1.933191024848177,14.357807773937944,1.1242347258696344,4.515106548879109,0.4024656165003577
0.2513032920204875,1.121997376282069,33.586297288871904,4.302229565451439,16.939778087652325,2.5644567791042023,5.3084164933001405,0.9155396383119654
0.2828005365353655,1.121997376282069,40.34590587191298,8.010698924113337,20.3689795317319,4.9448142944339395,6.389346116138422,1.8122380067125412
0.3182455065418344,1.121997376282069,49.37503847593077,13.309051570031905,24.924348869682632,8.546749726359241,7.823240858376218,3.2300989759384593
0.35813299251433084,1.121997376282069,61.157610171464455,20.0198495177153,30.87624546263708,13.527013694611517,9.701813631108125,5.322907899667749
0.40301979977966995,1.121997376282069,76.505101465735,27.695119583969436,38.63385704943612,19.93006151867133,12.12756175901926,8.233277423821923
0.4535325211846986,1.121997376282069,96.3575299849079,35.53258894998167,48.6783812097872,27.508879532530635,15.27234730674327,12.144562833079343
0.5103762839557767,1.121997376282069,121.95241482667043,42.716289135752525,61.618016046907016,35.65571060361659,19.356944536553147,17.225996770313177
0.5743445928509872,1.121997376282069,154.83550991249274,48.73998510808858,78.25326550108241,43.46576374507049,24.551480254876836,23.4514378166384
0.6463304070095649,1.121997376282069,196.9143250740638,53.50866884922759,99.52296394210438,50.052269624190046,31.239246208364968,30.836893157319146
0.7273386051246984,1.121997376282069,250.44725039383482,57.1728727810472,126.60956588108465,55.074554048781856,39.747651490621735,38.99442163175446
0.8185000129460304,1.121997376282069,318.76651689998863,59.977289096341075,161.1265358614571,58.736689109677236,50.56085363805865,47.23666650217421
0.9210871889273549,1.121997376282069,405.4725544691686,62.11364040505674,204.96443347792714,61.38317062753988,64.3532398028038,54.498277299284986
1.0365321883776653,1.121997376282069,515.5473677954967,63.74923673195248,260.6370629424642,63.31705608552767,81.81113236853601,59.70242067899137
1.166446554092426,1.121997376282069,655.2154848619228,65.00709467392016,331.30144150441174,64.7497092582442,103.99966638489194,62.90077315095198
1.3126438125222553,1.121997376282069,832.1489760170818,65.97775035436493,420.6732703455852,65.82187818045469,132.0685710853588,64.83964907895458
1.4771647895120215,1.121997376282069,1056.1628866405808,66.72986739849256,534.0978574434266,66.63613375503971,167.62455052604864,66.09216835135544
1.6623060990028473,1.121997376282069,1340.369827284904,67.31589144705893,677.8054857662614,67.25869561645573,212.70668111853365,66.94852778231275
1.8706522023821734,1.121997376282069,1699.8151848628925,67.7724573329244,859.6452724185572,67.7375298523979,269.6291276920354,67.55561242492138
2.1051114860111477,1.121997376282069,2155.45961936984,68.12991031721695,1090.0553151146667,68.1084049081526,341.88236169695534,68.00044438577318
2.368956860549917,1.121997376282069,2732.2719538070887,68.40991138140384,1381.87401842393,68.39672594353695,433.5829701922252,68.33238183626729
2.6658714488230206,1.121997376282069,3460.9238330425346,68.62926274119233,1749.8053467839925,68.62082444567967,549.4103275473293,68.58245674931722
3.0,1.121997376282069,4384.00259505895,68.80186581111607,2216.5000662644597,68.79659142145049,695.4979808541581,68.77284343601474
-3.0,1.17186392633905,3995.0757533160336,68.73892475093268,2022.6463307111262,68.73357694066772,635.2017954972614,68.70548632352761
-2.6658714488230206,1.17186392633905,3157.064599965154,68.55019292406512,1596.072188641197,68.53999295481789,501.32512427407653,68.49371696854875
-2.368956860549917,1.17186392633905,2495.2885707850833,68.31069263217998,1263.1218449402381,68.29585885351712,396.54699819225164,68.21860843409544
-2.1051114860111477,1.17186392633905,1975.4598046427518,68.00864592397255,999.1201937369713,67.98308975295993,314.038710404582,67.85639449700233
-1.8706522023821734,1.17186392633905,1566.4190417448037,67.62784616488747,792.4691356887154,67.58722266468278,248.94065603591096,67.37261491040148
-1.6623060990028473,1.17186392633905,1244.9114725273303,67.14947608966091,629.9669908004918,67.0845380162195,197.83577560976443,66.71920856370457
-1.4771647895120215,1.17186392633905,991.3909078701067,66.54816233807854,501.3717916560827,66.44136000418558,157.58273882944232,65.81383037046061
-1.3126438125222553,1.17186392633905,791.5974156404367,65.79473830731422,400.4887774861891,65.6248309207551,125.59843790803353,64.5024441852518
-1.166446554092426,1.17186392633905,635.0229247957516,64.86067475103617,321.07743116868215,64.58524734062676,100.8437601465558,62.57605081392907
-1.0365321883776653,1.17186392633905,511.4098614605693,63.701034257564544,258.6387077309432,63.26376253905137,81.19148481289683,59.57167767675645
-0.9210871889273549,1.17186392633905,414.12997699713503,62.275421401174704,209.4904327356911,61.58448360192244,65.72195994778134,55.04454411513734
-0.8185000129460304,1.17186392633905,337.63357365904176,60.54107331818265,170.86405472552056,59.46198290329461,53.65711923148869,49.16731462446778
-0.7273386051246984,1.17186392633905,277.2527984356434,58.4483024671838,140.25324924675974,56.77555085022192,44.09808061446122,42.59633313507327
-0.6463304070095649,1.17186392633905,229.64754684073765,55.96392551895277,116.23010712406378,53.463700570825544,36.4941643968689,36.04725190080782
-0.5743445928509872,1.17186392633905,191.8467546440345,53.04925110703771,97.00397232269016,49.424843252057606,30.439559731953988,29.996621583482174
-0.5103762839557767,1.17186392633905,161.5980429641647,49.6790438650227,81.71992093899289,44.764490598029354,25.706699486473838,24.782825591459265
-0.4535325211846986,1.17186392633905,137.35502548583096,45.884220298749256,69.44551433344186,39.67848498302827,21.807171103042815,20.20674308395754
-0.40301979977966995,1.17186392633905,117.70988867375574,41.71013948189374,59.490569162135564,34.44676050835654,18.671323661126113,16.38054459440905
-0.35813299251433084,1.17186392633905,101.59562349451951,37.24004205016905,51.4253930350238,29.397240336010448,16.12136706271581,13.206792896792432
-0.3182455065418344,1.17186392633905,88.37951611325879,32.65558247081546,44.757136261456424,24.670246226415536,14.029400312402618,10.590742477401882
-0.2828005365353655,1.17186392633905,77.52606662658933,28.155115428163178,39.19296834040428,20.376802244409575,12.307520631886307,8.454501094356035
-0.2513032920204875,1.17186392633905,68.41631872813167,23.824361934761008,34.641288869785086,16.673946819665147,10.886736288769397,6.724757130804885
-0.22331409039755062,1.17186392633905,60.86376680662571,19.859722838517172,30.797976377704504,13.461168569758893,9.667044702550172,5.282533244812929
-0.19844221923690444,1.17186392633905,54.526627663421145,16.306669374089104,27.608980977891743,10.778762468414433,8.663151718301233,4.14085627028865
-0.17634048216824733,1.17186392633905,49.2586357410816,13.240603951014352,24.915811449592713,8.539733741751922,7.830180093386776,3.2374204790074357
-0.15670035222800524,1.17186392633905,44.81286794553582,10.61901837414888,22.69567603389658,6.743002057312402,7.119807876686289,2.508874396048142
-0.13924766500838334,1.17186392633905,41.083838454235455,8.436809270380117,20.811942172380395,5.2783899551770075,6.530591457112583,1.9421032340093307
-0.12373879148704055,1.17186392633905,37.97323099819016,6.661970830737355,19.21701819519331,4.101382748071295,6.039180223537664,1.5017278460522758
-0.10995723711238882,1.17186392633905,35.353809018889486,5.226366292914632,17.890438213602227,3.1817379089159683,5.61218026188615,1.147968095210773
-0.09771061966979347,1.17186392633905,33.14160801200399,4.0767596604735505,16.77853477192769,2.463747057467868,5.265057499211964,0.8838124478447507
-0.0868279837415025,1.17186392633905,31.279805353772332,3.1694311874475654,15.836068043455851,1.9012439297426469,4.974715446293428,0.681582159747623
-0.07715741427178036,1.17186392633905,29.712688625741773,2.459730504780812,15.037375279234062,1.4637464582188948,4.72204079858212,0.5213869110293208
-0.06856391592404971,1.17186392633905,28.387367444967506,1.9062189815503383,14.36282762614637,1.1266221077015408,4.5067039406984355,0.397887973447985
-0.06092752862714207,1.17186392633905,27.260688498823676,1.4751122000108108,13.792675531045768,0.8678449228167631,4.32730430941674,0.30513828794246134
-0.0541416530048151,1.17186392633905,26.29973123783768,1.1401547802161314,13.308543727103736,0.6690553474565755,4.1768475356741686,0.2351217041743943
-0.04811156231253989,1.17186392633905,25.47879532329983,0.8807457293258851,12.895298229727226,0.5160594644011586,4.048227319313498,0.18133998501657267
-0.04275308010908995,1.17186392633905,24.77671124108659,0.6804313024013575,12.541156545899895,0.39819185849115685,3.9369940711607407,0.13966001915956044
-0.0379914052040221,1.17186392633905,24.175442286671835,0.5260353067113268,12.236891907984417,0.30739194464696407,3.840702321592676,0.1074215975138132
-0.03376006747802295,1.17186392633905,23.65952256769419,0.40710834858061795,11.975029074780899,0.23747543300335353,3.757649010420208,0.08263615487511206
-0.03,1.17186392633905,23.215790936154008,0.31547170246728923,11.749321460771094,0.18365275221797,3.686234920343094,0.06366848635596085
0.03,1.17186392633905,18.023326910896976,0.19436798422080387,9.108597987558094,0.11101850623214318,2.8577065324874074,0.038032091512722445
0.03376006747802295,1.17186392633905,17.820384046696788,0.2350363449025657,9.005598394884991,0.13406945596273964,2.824369474008254,0.046147465677084595
0.0379914052040221,1.17186392633905,17.609476134822106,0.28186123350296405,8.898691288158492,0.16053561886965684,2.789869302258005,0.05545318383657239
0.04275308010908995,1.17186392633905,17.394309148374315,0.33456015636244063,8.789582732152992,0.19028651292011875,2.7553396185505914,0.06571435404060495
0.04811156231253989,1.17186392633905,17.180550626912538,0.391989208354555,8.680766201636683,0.22278998865481778,2.722219040448514,0.07647035422415834
0.0541416530048151,1.17186392633905,16.976660201075898,0.45161985767700497,8.576003677313237,0.2568284125772532,2.69171228710777,0.08718871572747733
0.06092752862714207,1.17186392633905,16.79484720530226,0.508902576892918,8.481155651652895,0.2900306194535489,2.664193225026156,0.09754034615436448
0.06856391592404971,1.17186392633905,16.651819373788474,0.5567558230851319,8.405224066630979,0.31828366010167464,2.6399475671911747,0.1072089073857563
0.07715741427178036,1.17186392633905,16.56892925565513,0.585634991335942,8.360861414604623,0.33549161514408976,2.622627917485535,0.11443570141045198
0.0868279837415025,1.17186392633905,16.572236255955193,0.5844665414445797,8.363208448952024,0.3345681259486907,2.621856697712736,0.11476377389569259
0.09771061966979347,1.17186392633905,16.695291206453327,0.5419479579101982,8.42784006346493,0.3097110482956955,2.6455647676124965,0.1049226506328702
0.10995723711238882,1.17186392633905,16.987643328852815,0.4482846561560767,8.573835064803658,0.2575619992246386,2.690964612060412,0.08746133319978856
0.12373879148704055,1.17186392633905,17.52226816500397,0.3026122391611525,8.836570853047803,0.17713006423440245,2.7698336823936036,0.06129015957934196
0.13924766500838334,1.17186392633905,18.385876501490937,0.132060523038188,9.270841209599233,0.07943559917562153,2.913877985883941,0.026249269080790987
0.15670035222800524,1.17186392633905,19.675574923478166,0.009565341550221143,9.924580195921308,0.006656858461485135,3.1114996010781875,0.0024333028287540697
0.17634048216824733,1.17186392633905,21.547442907998555,0.06893847387699964,10.858344023166579,0.035227965978150616,3.411297934363869,0.012645147193058016
0.19844221923690444,1.17186392633905,24.181309889612574,0.5274615580181725,12.192980394487536,0.2951240995023796,3.821030092101591,0.10129253583284226
0.22331409039755062,1.17186392633905,27.764614448690597,1.6631006570206277,14.008578594744527,0.9628349692507263,4.405541359534959,0.344394629671206
0.2513032920204875,1.17186392633905,32.695197828602886,3.8536088461103075,16.48855320853335,2.285790719362131,5.166694541827627,0.8132667409781681
0.2828005365353655,1.17186392633905,39.20351218468315,7.356747037461809,19.79071504588451,4.516801784506286,6.207833715559573,1.6491611897815546
0.3182455065418344,1.17186392633905,47.92350941763566,12.45424340386389,24.18935840757177,7.945367405822617,7.59262463938182,2.9889500237488926
0.35813299251433084,1.17186392633905,59.32506710727302,19.01406720837368,29.948302503064767,12.745964267153319,9.4109307791492,4.986701551884286
0.40301979977966995,1.17186392633905,74.20752221939838,26.636470324459633,37.470323791687726,18.99252628632138,11.762602063808005,7.786303190759421
0.4535325211846986,1.17186392633905,93.4929185662305,34.53931977826366,47.227887213993064,26.47807551266763,14.81710317466331,11.57499468657578
0.5103762839557767,1.17186392633905,118.39814607931841,41.87774411921531,59.81852110477836,34.636435861715015,18.792776156197615,16.530616655594034
0.5743445928509872,1.17186392633905,150.443682772313,48.08446405396639,76.03022007253763,42.57826603600644,23.853643353340214,22.636911522381993
0.6463304070095649,1.17186392633905,191.50329378951736,53.017189364798206,96.78371225117937,49.36832148954909,30.380302614963043,29.93387320591428
0.7273386051246984,1.17186392633905,243.78528700601225,56.80949290279092,123.23741756727489,54.5856542941276,38.69128385297408,38.06122247953485
0.8185000129460304,1.17186392633905,310.5806446118437,59.710058768689294,156.98225717954895,58.39581539101685,49.26144170348658,46.370815557154984
0.9210871889273549,1.17186392633905,395.4047970545353,61.916121550702464,199.86951104130276,61.14397399994381,62.75619059968412,53.82463089228609
1.0365321883776653,1.17186392633905,503.1571831284086,63.60241759225427,254.36567639033228,63.146649871027606,79.84491308043435,59.276647623036
1.166446554092426,1.17186392633905,639.9368100418287,64.89718742283677,323.57067489240194,64.62640482401503,101.57869148777044,62.65447116565683
1.3126438125222553,1.17186392633905,813.2875776556531,65.89496313665512,411.1278138341975,65.73128782135907,129.0729736909596,64.68947917586996
1.4771647895120215,1.17186392633905,1032.829166332393,66.66709591476737,522.2843407661525,66.56880690840462,163.91996182330806,65.99464223532311
1.6623060990028473,1.17186392633905,1311.426800993443,67.26804023035551,663.1668380631947,67.20819526833418,208.11529061431716,66.88198054815435
1.8706522023821734,1.17186392633905,1663.8617158611412,67.73579690036281,841.4600599042175,67.6992955386982,263.9230420537762,67.50846280413185
2.1051114860111477,1.17186392633905,2110.65695894756,68.10168274453014,1067.3906849055807,68.07922609035136,334.77929452137886,67.9662450020257
2.368956860549917,1.17186392633905,2676.396162740108,68.38811507799764,1353.58075664171,68.37433586318446,424.72518647436846,68.3071393445733
2.6658714488230206,1.17186392633905,3391.0448711019585,68.61234264911855,1714.4881832590333,68.60356010892009,538.3264151261582,68.5635047229175
3.0,1.17186392633905,4296.573054917472,68.78871536811894,2172.2877768828043,68.78322339814815,681.6367595072353,68.75846994167227
-3.0,1.221730476396031,3897.93372978237,68.72123132386642,1973.4872615456454,68.71559947324279,619.7810203471553,68.68603129251298
-2.6658714488230206,1.221730476396031,3080.4992441748177,68.52778920943155,1557.3280702329407,68.51705503945979,489.16975991626515,68.46831044823273
-2.368956860549917,1.221730476396031,2434.995094657772,68.28233665047279,1232.6291903243086,68.26674548978256,386.9737605854083,68.18530259239239
-2.1051114860111477,1.221730476396031,1928.054455139712,67.97289511145962,975.1378011384807,67.94602358270959,306.50942015975716,67.81235180469821
-1.8706522023821734,1.221730476396031,1529.231748167382,67.58296442243787,773.6645058910896,67.54028537769207,243.0363007690105,67.31366630877297
-1.6623060990028473,1.221730476396031,1215.829957462812,67.0934817567753,615.2593050857848,67.02527709598567,193.22051669581228,66.63915243884341
-1.4771647895120215,1.221730476396031,968.7313422356079,66.4787174965096,489.9079308325027,66.36658481279416,153.98833019863974,65.70250884883986
-1.3126438125222553,1.221730476396031,774.0088560792316,65.70921691768282,391.595984712309,65.53105279978163,122.80606698998037,64.3410373138851
-1.166446554092426,1.221730476396031,621.4551573200151,64.75675068653341,314.2124227006615,64.46820838993115,98.69115841929307,62.33579344260647
-1.0365321883776653,1.221730476396031,500.9979564034965,63.576055658517035,253.37135738752102,63.118761505330205,79.53894646855053,59.207456600867175
-0.9210871889273549,1.221730476396031,406.18742089010334,62.12727384333887,205.47240214799095,61.4062722502711,64.46004573339198,54.54192009442942
-0.8185000129460304,1.221730476396031,331.6058094999034,60.368332554639984,167.81580203714674,59.24551152237023,52.70069650216354,48.59062588017252
-0.7273386051246984,1.221730476396031,272.68811866379684,58.24990936581439,137.94453352921798,56.51534974435732,43.37417674312182,42.023894206571256
-0.6463304070095649,1.221730476396031,226.18604775951118,55.739765462108835,114.47982700379407,53.15865725802959,35.944780642228245,35.52832945199967
-0.5743445928509872,1.221730476396031,189.19577553389018,52.7986191058182,95.66334434582069,49.07654871055442,30.01842930625878,29.54924114210062
-0.5103762839557767,1.221730476396031,159.53074666701968,49.400549026670255,80.67530427373019,44.383734379113534,25.37903884447196,24.407402753172562
-0.4535325211846986,1.221730476396031,135.70179751439062,45.57684763133109,68.61096947448843,39.28041143406094,21.54503905632547,19.891292245577315
-0.40301979977966995,1.221730476396031,116.34892946911236,41.37355954469355,58.803940302750334,34.045707259872984,18.4557773895792,16.113901279134225
-0.35813299251433084,1.221730476396031,100.44430698786392,36.87642261195796,50.844854763889124,29.005212421171272,15.939264457939924,12.979036266647789
-0.3182455065418344,1.221730476396031,87.38579814745981,32.27245121525846,44.25615311755173,24.29591971828993,13.872252174339843,10.394718116375302
-0.2828005365353655,1.221730476396031,76.65748066418716,27.76418110657855,38.755692456305255,20.027625166363624,12.170177750653055,8.28561899342519
-0.2513032920204875,1.221730476396031,67.65453501897879,23.4393417912966,34.2571251755352,16.355457816858305,10.76605606310962,6.579962762719275
-0.22331409039755062,1.221730476396031,60.19600748981317,19.49418808557214,30.461508661123514,13.178023025585947,9.561472496152234,5.160247674570332
-0.19844221923690444,1.221730476396031,53.944334424638654,15.971788040526356,27.315066881455063,10.53249795689223,8.5709503807353,4.038652198317253
-0.17634048216824733,1.221730476396031,48.753099437136925,12.943107062518749,24.661056300585496,8.330694298055413,7.750097910157973,3.153154676720968
-0.15670035222800524,1.221730476396031,44.3771093530155,10.362372725167084,22.47556995231841,6.568529254973484,7.05075939205379,2.4405311012000976
-0.13924766500838334,1.221730476396031,40.71030427795981,8.220791339648825,20.62300626167345,5.135536214223227,6.471348496915764,1.8873278511766562
-0.12373879148704055,1.221730476396031,37.65413138736101,6.483645451487797,19.055868917037554,3.986481547573736,5.988475933621578,1.4582144016626712
-0.10995723711238882,1.221730476396031,35.0822298700734,5.081711619369914,17.753277345165543,3.0903347407396753,5.569165344507367,1.1140198339468428
-0.09771061966979347,1.221730476396031,32.91116955291343,3.9611574494160537,16.661973114166138,2.391718898278851,5.22849407100166,0.8573548190882547
-0.0868279837415025,1.221730476396031,31.084523281433103,3.0780713044809818,15.737231595879424,1.8450328397987616,4.943623160059926,0.66103800880144
-0.07715741427178036,1.221730476396031,29.54721855379797,2.3881226191618716,14.953678621914378,1.4202192975342711,4.6957226679424595,0.5056220632549979
-0.06856391592404971,1.221730476396031,28.24712531512218,1.850467552229807,14.291935605716885,1.0930806343361676,4.484460407622494,0.3858682395567741
-0.06092752862714207,1.221730476396031,27.141782349380676,1.4319514501236688,13.732558852178963,0.8420729877466191,4.308452002702969,0.29596381930144855
-0.0541416530048151,1.221730476396031,26.198844884782513,1.1068921510940615,13.257491327171557,0.6492937690920788,4.1608183148854225,0.22810505259732256
-0.04811156231253989,1.221730476396031,25.39309858995037,0.8551933307657467,12.85188068331195,0.500931958622995,4.03457763714905,0.175978036254496
-0.04275308010908995,1.221730476396031,24.70379817044678,0.6608393542705536,12.504176593276618,0.3866264276504406,3.9253654357964214,0.1355732017434607
-0.0379914052040221,1.221730476396031,24.113281039185665,0.5110255860869009,12.205342511459802,0.29855597035158077,3.830789446972358,0.10431338111271923
-0.03376006747802295,1.221730476396031,23.606407840633864,0.39560879102252394,11.948061946920062,0.2307250336244705,3.749186823035322,0.08027341804955615
-0.03,1.221730476396031,23.170297579995893,0.3066559147792073,11.726222840841825,0.1784926953928891,3.6789951838579014,0.06187037185428286
0.03,1.221730476396031,18.03792617687044,0.191605146026611,9.116062477299218,0.10943968424922204,2.860053655019231,0.03749263614480292
0.03376006747802295,1.221730476396031,17.83440378719288,0.23208990414782468,9.012774435028536,0.1323863582924409,2.8266362007318704,0.04556861263336943
0.0379914052040221,1.221730476396031,17.622178046048248,0.27890726786208075,8.905204852035645,0.15884782168774045,2.7919362940145547,0.05486924732915409
0.04275308010908995,1.221730476396031,17.40467536731734,0.33190494367923173,8.794920360120548,0.18876556849318102,2.757037682438152,0.06518720784031592
0.04811156231253989,1.221730476396031,17.18719379284961,0.39012678659784583,8.684230852721488,0.2217107141472003,2.7233162949366747,0.07609945037457115
0.0541416530048151,1.221730476396031,16.977706093777048,0.45130164649764504,8.57665517339537,0.2566082596326966,2.691903556105817,0.08711905205315884
0.06092752862714207,1.221730476396031,16.78778447249172,0.5112073934212317,8.477730734948882,0.29127267829472087,2.6630883746319336,0.0979696816075277
0.06856391592404971,1.221730476396031,16.63331239855536,0.5631302106498848,8.396033783564869,0.3218057148280332,2.6370422090699766,0.10840244065585883
0.07715741427178036,1.221730476396031,16.5345895330544,0.5978485338120814,8.343670046025625,0.3423007460337488,2.6172375906807326,0.11673997778468642
0.0868279837415025,1.221730476396031,16.516337023376156,0.6044002406755457,8.33509959733262,0.3457248574540381,2.6130416107623966,0.11855192676330385
0.09771061966979347,1.221730476396031,16.61038938428738,0.5710840882186381,8.385051261305536,0.32604388789216154,2.63211854490446,0.1104423237513183
0.10995723711238882,1.221730476396031,16.864077185298918,0.4866272579300834,8.51150257397048,0.2791572929704303,2.671393689395051,0.09476841060144144
0.12373879148704055,1.221730476396031,17.34756846465428,0.3466803484051482,8.748377001827004,0.202257718999574,2.742145501027228,0.06989069844513855
0.13924766500838334,1.221730476396031,18.144133171206178,0.17215401912692552,9.148703316691769,0.1026796861513874,2.875518055258448,0.03404200916879971
0.15670035222800524,1.221730476396031,19.34659860230333,0.026937552767373626,9.758308849670145,0.017304993646118517,3.0593045636632064,0.006176954360958373
0.17634048216824733,1.221730476396031,21.105795005370524,0.0324093258504248,10.634990847939285,0.015610347253661623,3.3411665575738057,0.0057035897429435
0.19844221923690444,1.221730476396031,23.595349648873217,0.39323252356337884,11.89653074224121,0.21806471237364045,3.7279674083116228,0.07448380653336521
0.22331409039755062,1.221730476396031,26.994673015052538,1.3792052268209485,13.619053523657524,0.7942376914661278,4.283289889249224,0.28389462176730557
0.2513032920204875,1.221730476396031,31.693429434888106,3.3654713654737782,15.981450418382348,1.9849314187408684,5.00743476972275,0.7034426869854137
0.2828005365353655,1.221730476396031,37.910061351127354,6.626603166320068,19.136121874057125,4.043600789712888,6.002360889709922,1.4700919106810566
0.3182455065418344,1.221730476396031,46.268004775094006,11.477340951072199,23.351283457302717,7.26705763274203,7.329638569040517,2.7194083005987784
0.35813299251433084,1.221730476396031,57.220014020567845,17.838648543122066,28.88260370662121,11.848798664880404,9.076792522571393,4.605224848751273
0.40301979977966995,1.221730476396031,71.54948183640327,25.37119135364133,36.1245149775536,17.895897297759753,11.340427503173764,7.2724556207705735
0.4535325211846986,1.221730476396031,90.15566485766652,33.32638992744291,45.538324202568845,25.248780723236997,14.286816717453508,10.91212260681407
0.5103762839557767,1.221730476396031,114.22908201285507,40.83531325406368,57.70802598111483,33.394528595512156,18.13094900963287,15.711370876773591
0.5743445928509872,1.221730476396031,145.2579221781382,47.259458578624724,73.40553492960214,41.4723736049015,23.029741681592682,21.665738209440924
0.6463304070095649,1.221730476396031,185.0736425441053,52.39395237208445,93.52915638613693,48.50040316867274,29.35966677151732,28.84274705913072
0.7273386051246984,1.221730476396031,235.82346782815918,56.346546010829066,119.20758561125155,53.9590548442229,37.428633384811604,36.91584507702947
0.8185000129460304,1.221730476396031,300.74353945678587,59.368479304606296,152.00257252915856,57.95721036400256,47.699969810144594,45.28601808139909
0.9210871889273549,1.221730476396031,383.2463552672221,61.662999390788606,193.71710560309825,60.835724702164576,60.82731642882928,52.956722988064016
1.0365321883776653,1.221730476396031,488.1270978321845,63.41385831703271,246.75886871469743,62.92685206514585,77.45964558567613,58.714922415333504
1.166446554092426,1.221730476396031,621.3297899312195,64.75576847743665,314.15617385497467,64.4672261773496,98.62968027792864,62.32869014889735
1.3126438125222553,1.221730476396031,790.2353124908875,65.78825532718568,399.4625634638813,65.61423892655694,125.41189650738221,64.49198250847174
1.4771647895120215,1.221730476396031,1004.222079508061,66.58606349256078,507.802526385873,66.48173692257117,159.37813437406336,65.86696947778259
1.6623060990028473,1.221730476396031,1275.8466472062744,67.20618499465398,645.1712611035796,67.1428235637065,202.47067861645706,66.79510576252768
1.8706522023821734,1.221730476396031,1619.5568493342382,67.68834869409699,819.050783178916,67.64975753433944,256.8918682786393,67.44700891779982
2.1051114860111477,1.221730476396031,2055.3362467825345,68.06511038993989,1039.4059031743438,68.04139093981244,326.008229201123,67.92170561601765
2.368956860549917,1.221730476396031,2607.2750385670065,68.35984722793305,1318.5847975828308,68.34528174094108,413.76638371109124,68.2742748867894
2.6658714488230206,1.221730476396031,3304.4749201938416,68.59038134051558,1670.7339642968022,68.58114088194282,524.5938268028661,68.53883426186836
3.0,1.221730476396031,4188.110233523666,68.77163374119172,2117.440311770265,68.76585288209895,664.4398315576283,68.73975840668643
-3.0,1.2715970264530116,3782.5690876464505,68.69903070352215,1915.1044133793644,68.69303109375649,601.4645099853193,68.66154785068315
-2.6658714488230206,1.2715970264530116,2989.594712639028,68.49968751225751,1511.3291102756145,68.48826445584619,474.73660029040593,68.43631937853826
-2.368956860549917,1.2715970264530116,2363.4288349018093,68.24678192502472,1196.4335940723342,68.23021200575226,375.60940039847424,68.14333244232533
-2.1051114860111477,1.2715970264530116,1871.7994319858497,67.92809036614457,946.6788553771812,67.89952347830493,297.5733351646672,67.75679084530675
-1.8706522023821734,1.2715970264530116,1485.1091131387104,67.52674940658636,751.3524184887642,67.48142088802453,236.029814563606,67.23918632430984
-1.6623060990028473,1.2715970264530116,1181.325594813744,67.02339765160025,597.8081285963864,66.95098330918233,187.74375307367768,66.53778107707163
-1.4771647895120215,1.2715970264530116,941.8416288373746,66.39186391846061,476.3039416879799,66.2728738291728,149.72195411884476,65.56109003412338
-1.3126438125222553,1.2715970264530116,753.1269045582546,65.60233460490865,381.03739731849413,65.41355486642506,119.49069425400721,64.13506940314947
-1.166446554092426,1.2715970264530116,605.3280669311322,64.6269346708691,306.0527291975821,64.32156295344217,96.1320541896525,62.02794626909568
-1.0365321883776653,1.2715970264530116,488.59703609051337,63.419937518221374,247.09778323541508,62.936969509211956,77.57048548721492,58.742192323879735
-0.9210871889273549,1.2715970264530116,396.69507642725813,61.94202509789665,200.67023960587824,61.18249303616646,62.951863661343786,53.9093178050266
-0.8185000129460304,1.2715970264530116,324.3620093197174,60.151741030579856,164.15231914657562,58.97286353496452,51.551019458365964,47.874216879711014
-0.7273386051246984,1.2715970264530116,267.15777738861647,57.99988325451526,135.14754564835818,56.18608189525821,42.49674644097185,41.31566620684964
-0.6463304070095649,1.2715970264530116,221.94495075443479,55.455000978212816,112.33527690235478,52.77005023730688,35.27154864525169,34.88411445098714
-0.5743445928509872,1.2715970264530116,185.90336349168587,52.47691432049838,93.99878045715413,48.62952760803744,29.495564384218618,28.98915325856931
-0.5103762839557767,1.2715970264530116,156.9271100428689,49.0391908971757,79.35990199306995,43.891382084838746,24.966144617700213,23.9318199458985
-0.4535325211846986,1.2715970264530116,133.59479873361462,45.17452183995092,67.54746073337922,38.762725392067765,21.21094070777363,19.487961663884725
-0.40301979977966995,1.2715970264530116,114.60245053728866,40.93137281101795,57.922825355158366,33.52323427835499,18.17916337666237,15.7711694712608
-0.35813299251433084,1.2715970264530116,98.96632713061958,36.40011337851565,50.09917483285371,28.496102901138737,15.705394967180965,12.68645063498427
-0.3182455065418344,1.2715970264530116,86.11685773372564,31.774929702742455,43.61591582587572,23.81384429248321,13.671443388615591,10.144456693564171
-0.2828005365353655,1.2715970264530116,75.55843407051155,27.262866185337668,38.20204152119139,19.58332819080821,11.996251539164664,8.072189488766142
-0.2513032920204875,1.2715970264530116,66.70142347835555,22.952777841199847,33.77610505532881,15.955645215179286,10.614903974522592,6.3991850216437385
-0.22331409039755062,1.2715970264530116,59.370112536638295,19.03899092801978,30.045045707630578,12.827420854224194,9.430777870148159,5.009524263601068
-0.19844221923690444,1.2715970264530116,53.23184993408423,15.560444915674829,26.95520450924292,10.231453218221157,8.458040967699082,3.9141877726329612
-0.17634048216824733,1.2715970264530116,48.140374571240685,12.582105389413032,24.352087978753836,8.078034521608553,7.65295721510492,3.051622489274383
-0.15670035222800524,1.2715970264530116,43.85313022123097,10.054154196437297,22.21075571023966,6.359677669868507,6.96767483513089,2.3589369366835924
-0.13924766500838334,1.2715970264530116,40.264030267725666,7.963586383227567,20.39717501869659,4.9659050857208165,6.4005249567037,1.8224238809509974
-0.12373879148704055,1.2715970264530116,37.27482345856153,6.272792585616784,18.86422813329438,3.8509194547939587,5.92817132598707,1.4069685015397329
-0.10995723711238882,1.2715970264530116,34.76064463426679,4.911603983709518,17.590795546923154,2.9830403809253947,5.51820419729484,1.0742292540252751
-0.09771061966979347,1.2715970264530116,32.63905732535309,3.825781149514543,16.524286999641333,2.307494937117634,5.185299422301089,0.826455215200781
-0.0868279837415025,1.2715970264530116,30.854365872035707,2.9714143782748055,15.620711254165938,1.7794897749561749,4.906964650436788,0.6371074154195177
-0.07715741427178036,1.2715970264530116,29.35243019080966,2.3047064564661888,14.855125620160758,1.36956405064602,4.664730754674883,0.487291176636082
-0.06856391592404971,1.2715970264530116,28.0821331075716,1.7856133791813598,14.208510227388103,1.054093119124238,4.458282407800053,0.3719068933849152
-0.06092752862714207,1.2715970264530116,27.001905739867492,1.3817815077293978,13.661822409639825,0.8121344845639213,4.286267843698211,0.28531245259199767
-0.0541416530048151,1.2715970264530116,26.080131143413837,1.0682365613672078,13.197404571548898,0.6263399014701233,4.141951396833608,0.21995895591884682
-0.04811156231253989,1.2715970264530116,25.292197721695192,0.8254923210225962,12.800750696059806,0.48335580719249244,4.018502474297395,0.16975072442804245
-0.04275308010908995,1.2715970264530116,24.617876948653798,0.6380545956663567,12.460592389596671,0.37318094102942856,3.9116593640589055,0.13082366502927323
-0.0379914052040221,1.2715970264530116,24.039955533119464,0.49355622997508336,12.168121751739838,0.2882750325285095,3.819094012255179,0.10069790062256734
-0.03376006747802295,1.2715970264530116,23.543682275172774,0.38221186771695326,11.91621138333116,0.22286272907412766,3.7391916709139696,0.0775221442922175
-0.03,1.2715970264530116,23.116506811110735,0.2963742535722822,11.698908256668505,0.17247579987893774,3.6704335438523703,0.05977407974613297
0.03,1.2715970264530116,18.057036566739566,0.18802126335018884,9.125825424197568,0.10739323595108151,2.863123052564528,0.036793450989460706
0.03376006747802295,1.2715970264530116,17.85323214969073,0.22816509679645242,9.022400346286027,0.13014692621905663,2.8296751274128384,0.04479879933923366
0.0379914052040221,1.2715970264530116,17.639952274749483,0.274802735652224,8.914302375781768,0.15650694223393707,2.79481970519959,0.05406033158491451
0.04275308010908995,1.2715970264530116,17.420320229381193,0.32792014166240635,8.802947257118632,0.18649111464035606,2.75958558269469,0.06440064445086675
0.04811156231253989,1.2715970264530116,17.199232026667964,0.3867646551012965,8.690445813739046,0.21978206613802787,2.725279583763464,0.07543831180278657
0.0541416530048151,1.2715970264530116,16.984128750168445,0.44935037574739894,8.580052339273292,0.2554620258735622,2.69295327702634,0.08673728182100757
0.06092752862714207,1.2715970264530116,16.785884287061418,0.5118285157512787,8.476950848146236,0.2915559310907189,2.6628049946060792,0.09807997277012032
0.06856391592404971,1.2715970264530116,16.61947618448132,0.567923378476105,8.389248941399678,0.32442022888412697,2.6348846346696484,0.10929365791670725
0.07715741427178036,1.2715970264530116,16.504045489726575,0.6088357535980039,8.328447394668505,0.3483961683069886,2.612466282288716,0.11880161857214659
0.0868279837415025,1.2715970264530116,16.462840166580087,0.6238434540488317,8.3082531571838,0.3565784941973912,2.604626237998078,0.12223427905282588
0.09771061966979347,1.2715970264530116,16.525799798899033,0.6009983954169453,8.342463539792291,0.3427815851901375,2.6187296365422887,0.11609951957807722
0.10995723711238882,1.2715970264530116,16.73778330052583,0.5276967017794337,8.447841611055798,0.3022411288519834,2.6514019262306747,0.10257652378557891
0.12373879148704055,1.2715970264530116,17.165795959807486,0.39614370739419125,8.656677344946843,0.23037553278646794,2.713359388573398,0.07950213462911843
0.13924766500838334,1.2715970264530116,17.889219129002885,0.22076602719268437,9.019980957784727,0.13070782080709598,2.8350736510238526,0.04344883031521335
0.15670035222800524,1.2715970264530116,18.996035627544718,0.05562889496211619,9.581198546906567,0.03440326435389537,3.003710288648922,0.012133161868176041
0.17634048216824733,1.2715970264530116,20.631002752952295,0.008032691646007645,10.394985257675394,0.003178513538209676,3.2657872967099757,0.0012406760276514573
0.19844221923690444,1.2715970264530116,22.960551730121647,0.26744349066887485,11.575475746963383,0.14644789095606547,3.6271907915375743,0.04969103336443528
0.22331409039755062,1.2715970264530116,26.154794557583834,1.0924869659158745,13.194254791854418,0.6251458040379198,4.149926464452479,0.22338737754044155
0.2513032920204875,1.2715970264530116,30.593313945452252,2.85181289536129,15.424716954584268,1.671057164435982,4.832599430441614,0.5895518349437203
0.2828005365353655,1.2715970264530116,36.48072140173018,5.835621988027839,18.412885762210458,3.536517595763242,5.775339985536761,1.2796464943094028
0.3182455065418344,1.2715970264530116,44.42693806259715,10.391706633312687,22.41945707516346,6.524176020279636,7.037209930624836,2.4271763759323264
0.35813299251433084,1.2715970264530116,54.8645398857097,16.500442392429143,27.690342025888196,10.846988094881468,8.70290643766934,4.185076864526545
0.40301979977966995,1.2715970264530116,68.55715813929577,23.89516560142757,34.609692027854486,16.647780377572865,10.865196562416171,6.698884268697128
0.4535325211846986,1.2715970264530116,86.37648085488313,31.877482053848553,43.62524183858628,23.820895932298505,13.68636549966041,10.16304420286904
0.5103762839557767,1.2715970264530116,109.48099777795004,39.564923634922906,55.304634526628234,31.918582668182154,17.377132922995226,14.774362679036345
0.5743445928509872,1.2715970264530116,139.3197731399813,46.24033704865353,70.40022137438139,40.12519492615846,22.086366174125253,20.541733935365997
0.6463304070095649,1.2715970264530116,177.67374542356671,51.61826746563432,89.78375864613587,47.42083966088813,28.185007069084012,27.563105400804503
0.7273386051246984,1.2715970264530116,226.61860419758878,55.768174225215624,114.5487770094056,53.17087614355648,35.96869782519481,35.55104761305269
0.8185000129460304,1.2715970264530116,289.3226908171119,58.94091831308794,146.22158416138657,57.40370033867826,45.88712909841829,43.96517924562727
0.9210871889273549,1.2715970264530116,369.07864396954574,61.34583194294561,186.5483571431772,60.446750440351835,58.57950938647327,51.86690827142819
1.0365321883776653,1.2715970264530116,470.5569638457442,63.17744778430154,237.8670949992254,62.64975283604048,74.67113636707003,57.98858579030548
1.166446554092426,1.2715970264530116,599.5188144458903,64.57839668142043,303.12073757599256,64.26674059040344,95.17233103578597,61.90572727594439
1.3126438125222553,1.2715970264530116,763.1488766718345,65.65438340714812,385.75666752162704,65.46693148332213,121.11016220191459,64.23772631905791
1.4771647895120215,1.2715970264530116,970.5409519902176,66.48438546588014,490.75309704656826,66.37222443207665,154.03065316017737,65.70385969813145
1.6623060990028473,1.2715970264530116,1233.884713316344,67.12856156679123,623.9477550122338,67.06063948308804,195.81332559666967,66.68470078608048
1.8706522023821734,1.2715970264530116,1567.2286665692536,67.62879925444784,792.5832543284163,67.58750044796474,248.5875928679823,67.36918222540162
2.1051114860111477,1.2715970264530116,1989.9199258139206,68.01920787850526,1006.314479614113,67.99385401546218,315.6361331078584,67.86543382957538
2.368956860549917,1.2715970264530116,2525.4528197530653,68.324365831255,1277.1610613249247,68.30878455649689,400.7929107744966,68.23282168768401
2.6658714488230206,1.2715970264530116,3201.9137494286333,68.56281476972802,1618.896572924943,68.55298232355881,508.32366249688107,68.50775319090175
3.0,1.2715970264530116,4059.5139148417898,68.75019153188325,2052.4125518233363,68.7440377121729,644.0499760230736,68.71620485029695
-3.0,1.3214635765099927,3650.079570290867,68.67179170828888,1848.0539658718283,68.66532431565832,580.4271200101224,68.6314001056752
-2.6658714488230206,1.3214635765099927,2885.22639123135,68.46522159763705,1458.5174712190815,68.45292405176436,458.1646636401244,68.39689674519761
-2.368956860549917,1.3214635765099927,2281.2896418440732,68.20319567261716,1154.889641172329,68.18538339186563,362.56518223479054,68.09156408807726
-2.1051114860111477,1.3214635765099927,1807.2578018529966,67.873203716472,914.0281028127049,67.84248811568317,287.31995579817004,67.688172045436
-1.8706522023821734,1.3214635765099927,1434.5066649120577,67.4579499252859,725.7633987159999,67.40926634722493,227.99356358691423,67.14704375151372
-1.6623060990028473,1.3214635765099927,1141.7689486358336,66.93773061077775,577.8009809186208,66.85998977816595,181.46434303600626,66.41207121958949
-1.4771647895120215,1.3214635765099927,911.0236507665404,66.28585285402042,460.712373034292,66.15820315141218,144.83156196919592,65.38510357271348
-1.3126438125222553,1.3214635765099927,729.1968335932734,65.47208307329039,368.9370570519903,65.26992384855961,115.69118037797347,63.877491004250764
-1.166446554092426,1.3214635765099927,586.8394722421187,64.46899013716637,296.6983481703212,64.14246605627667,93.19781548744363,61.6416618830428
-1.0365321883776653,1.3214635765099927,474.3636366831825,63.230222211243486,239.89715805627307,62.71506191293106,75.31093443337616,58.16230299433387
-0.9210871889273549,1.3214635765099927,385.77311827628876,61.71698701987945,195.1447717556794,60.9092539231642,61.21649310379044,53.13674142382932
-0.8185000129460304,1.3214635765099927,315.9902592754481,59.88830161370253,159.91824197576034,58.639444142255456,50.22208461219327,47.01413672899252
-0.7273386051246984,1.3214635765099927,260.72230116989925,57.69472460443991,131.89303787755284,55.78224292339593,41.475409471884,40.47139484005915
-0.6463304070095649,1.3214635765099927,216.96226319570587,55.10535070047131,109.81579976705935,52.29139997706073,34.480540620287904,34.11556134028126
-0.5743445928509872,1.3214635765099927,181.99075403936556,52.07877839756311,92.02118055356046,48.076557621859244,28.874398459788186,28.317169168290548
-0.5103762839557767,1.3214635765099927,153.79735052652885,48.58842562324991,77.77898695164825,43.28009936808883,24.469645093112337,23.356310861833368
-0.4535325211846986,1.3214635765099927,131.03810232493552,44.669771449009396,66.25710787184754,38.11874644661329,20.80554236819519,18.99669950934355
-0.40301979977966995,1.3214635765099927,112.47199533721012,40.37586702218348,56.84803633157009,32.87397094020962,17.84173927753973,15.352322523524824
-0.35813299251433084,1.3214635765099927,97.16290521666723,35.80411261014551,49.18893979859298,27.866215986208545,15.419950138972313,12.329268474857884
-0.3182455065418344,1.3214635765099927,84.57452987106277,31.157571191692345,42.8373068479759,23.22208589978561,13.42725663871111,9.840527448423916
-0.2828005365353655,1.3214635765099927,74.23153788286982,26.64770417585668,37.533305012412754,19.043535147046775,11.786146968364848,7.815066457180345
-0.2513032920204875,1.3214635765099927,65.56018748698888,22.3631797859168,33.199817070632484,15.47527674617266,10.433776845883369,6.183450453871972
-0.22331409039755062,1.3214635765099927,58.38956428019896,18.49424697028951,29.550321544324884,12.410859978913429,9.275504462435407,4.8314503926729575
-0.19844221923690444,1.3214635765099927,52.392655122949975,15.07386644949081,26.531137142564166,9.877485392299183,8.32497075358744,3.7685189672812567
-0.17634048216824733,1.3214635765099927,47.42375296960592,12.15945462069789,23.990555353892162,7.783692535103441,7.53927567032661,2.93378555933033
-0.15670035222800524,1.3214635765099927,43.24391897394711,9.696470079941328,21.90273387408564,6.118289288233905,6.871025787870612,2.2649305437279446
-0.13924766500838334,1.3214635765099927,39.74765263245071,7.66729001480555,20.135776468188,4.771145985740905,6.318537065218206,1.7480970665765216
-0.12373879148704055,1.3214635765099927,36.83758874256616,6.031341180466116,18.64324465899442,3.696108902760873,5.858627755711684,1.3485709820957077
-0.10995723711238882,1.3214635765099927,34.390999426656485,4.717730031835655,17.403972830914036,2.8610281932701995,5.459604559888443,1.0290619377648893
-0.09771061966979347,1.3214635765099927,32.326913318701905,3.672052104626667,16.366304643364693,2.2120286402639584,5.135733385635549,0.7914824867483549
-0.0868279837415025,1.3214635765099927,30.59070840852081,2.8506266633927986,15.487201416923734,1.705375397945506,4.86495824363305,0.6100799488282289
-0.07715741427178036,1.3214635765099927,29.129469911535978,2.2104205369670313,14.74229496966526,1.3123787936302242,4.629247082728993,0.46661833790255297
-0.06856391592404971,1.3214635765099927,27.89334311714805,1.7124006249441976,14.113031967584103,1.0101249376572359,4.428320850513324,0.3561756015862709
-0.06092752862714207,1.3214635765099927,26.841847722354284,1.3251855875011058,13.580864325515458,0.7783889124658505,4.260876781009406,0.2733153061735529
-0.0541416530048151,1.3214635765099927,25.944242666218486,1.0246409333744606,13.128612984033534,0.6004699627023229,4.12035026600639,0.21078347103174794
-0.04811156231253989,1.3214635765099927,25.176632060224037,0.7919920322710415,12.742180857642653,0.46354234422029195,4.000087519656436,0.16273421752647516
-0.04275308010908995,1.3214635765099927,24.51939322849099,0.6123451573536034,12.41062939687184,0.3580165636987341,3.8959467562493852,0.12546918208841518
-0.0379914052040221,1.3214635765099927,23.95583421788395,0.4738323925615822,12.125416173889985,0.276671756922294,3.8056746538526727,0.09661884227560678
-0.03376006747802295,1.3214635765099927,23.47165083628848,0.3670742614209691,11.879631858602751,0.2139816999148951,3.7277120655882388,0.07441532032015714
-0.03,1.3214635765099927,23.05467144567144,0.2847462863828854,11.667505794168003,0.1656728422283703,3.660590186736539,0.05740452484711297
0.03,1.3214635765099927,18.08075069962756,0.18362537302440252,9.137933453249055,0.10488432048792198,2.866929349964667,0.035936262571720605
0.03376006747802295,1.3214635765099927,17.877001278991923,0.22326300850381614,9.034542732084923,0.1273518305954179,2.833507146646901,0.04383824270926953
0.0379914052040221,1.3214635765099927,17.66298336638509,0.26953454314905523,8.926076947757009,0.15350567605123902,2.7985487595472636,0.053023941141933796
0.04275308010908995,1.3214635765099927,17.441497471355262,0.3225692202267493,8.81379147900796,0.18344271227851064,2.7630235628998325,0.06334766874477553
0.04811156231253989,1.3214635765099927,17.21701013403619,0.3818295802127796,8.699585167407886,0.21696308973790496,2.728163649136017,0.07447293232554043
0.0541416530048151,1.3214635765099927,16.99639251580488,0.4456379371688111,8.58642970455766,0.25331809540155953,2.6949351745078833,0.08601905934762845
0.06092752862714207,1.3214635765099927,16.78976751987364,0.5105596493777929,8.479129749471378,0.2907649541149297,2.663441606274215,0.0978323026733787
0.06856391592404971,1.3214635765099927,16.611136066890314,0.5708239812950127,8.385286904796722,0.3259526175766672,2.633605804979411,0.1098238621119457
0.07715741427178036,1.3214635765099927,16.478388943721367,0.6181552288020826,8.31574589820459,0.35352974536897314,2.6084874383898278,0.12053668776845089
0.0868279837415025,1.3214635765099927,16.413184149836123,0.6422136705443813,8.28339709939817,0.36680110066715554,2.59683931868826,0.12569941680294858
0.09771061966979347,1.3214635765099927,16.443411057296547,0.6309940872908455,8.30103255436686,0.35953086949195806,2.6056981276452245,0.12176165102999174
0.10995723711238882,1.3214635765099927,16.61123324136881,0.5707901356235929,8.384102963103834,0.32641133500985986,2.6313819523748556,0.11074936220699917
0.12373879148704055,1.3214635765099927,16.980173493129012,0.4505514525013794,8.563103830042401,0.2612095792601096,2.6839881209466268,0.0900282178233856
0.13924766500838334,1.3214635765099927,17.625319818777434,0.27817928666488534,8.886794090981347,0.16364389116687952,2.7932099458473743,0.05451112262028587
0.15670035222800524,1.3214635765099927,18.62929829178747,0.09740582292483253,9.395990517363282,0.05890124974284807,2.9455776678263144,0.02061753943155248
0.17634048216824733,1.3214635765099927,20.13002690057482,5.942971858937388e-05,10.141855231799243,0.0002978221504878783,3.18626732202128,6.397251015603814e-05
0.19844221923690444,1.3214635765099927,22.285809398900795,0.1578785204872285,11.234322457585439,0.08474982236423202,3.5201158648008835,0.02846571043880575
0.22331409039755062,1.3214635765099927,25.256262801892102,0.8150159660456415,12.739899974722745,0.4627777158865356,4.007243881413677,0.1654460089541868
0.2513032920204875,1.3214635765099927,29.409019032631026,2.328840871553691,14.825535320975233,1.3544828301737621,4.644444783891893,0.47543106160817034
0.2828005365353655,1.3214635765099927,34.93311761717256,5.002673776112034,17.629937407180044,3.0087886447165886,5.529574364879397,1.083066319676672
0.3182455065418344,1.3214635765099927,42.421945969395665,9.215324307123947,21.40484607667019,5.731876270581966,6.718778913100078,2.1189108936871666
0.35813299251433084,1.3214635765099927,52.28489296434721,15.011231440045687,26.384818864886125,9.755577531843057,8.293441277936182,3.734171218965794
0.40301979977966995,1.3214635765099927,65.26198744446195,22.207878444682194,32.941782397272945,15.259749516716855,10.341904250328547,6.074415611526188
0.4535325211846986,1.3214635765099927,82.19258713498125,30.176467978298845,41.507488922026745,22.197860740538026,13.021662824323615,9.336846686150421
0.5103762839557767,1.3214635765099927,104.19755184857513,38.038498359952484,52.63044530766453,30.1988184836622,16.53825011639674,13.727870320938706
0.5743445928509872,1.3214635765099927,132.68013703335703,44.996070429350254,67.0400293387897,38.51157078722247,21.03159522417451,19.270877244362424
0.6463304070095649,1.3214635765099927,169.36289858552442,50.66305767874006,85.57751198359338,46.0954335934911,26.865726004238848,26.096336764180936
0.7273386051246984,1.3214635765099927,216.24012787343415,55.05325961069648,109.29608458912892,52.18955508623484,34.32247608979435,33.960483107477536
0.8185000129460304,1.3214635765099927,276.40009844420774,58.41177056532376,139.68073386797386,56.71196823692709,43.83591188801791,42.39025689858603
0.9210871889273549,1.3214635765099927,352.99983017405236,60.953260436713386,178.41287494679375,59.96110626313781,56.02831591068349,50.522931759882454
1.0365321883776653,1.3214635765099927,450.56619900593864,62.8849568144118,227.7506982362516,62.30455903359248,71.49829015600432,57.05975820970492
1.166446554092426,1.3214635765099927,574.6515359581994,64.35909322465747,290.53890785187417,64.0175575877355,91.23002614047073,61.36028993996711
1.3126438125222553,1.3214635765099927,732.2131498363367,65.4889847271258,370.1035020959212,65.28421335541816,116.1970554670082,63.913222781574255
1.4771647895120215,1.3214635765099927,932.019952664237,66.35885865575028,471.25431907031793,66.23662139625938,147.91462042043344,65.4978742523571
1.6623060990028473,1.3214635765099927,1185.8402036648326,67.0328041603772,599.6474625902387,66.95902818717565,188.19066217902596,66.54632886149965
1.8706522023821734,1.3214635765099927,1507.261145262617,67.55539046622559,762.2515203350572,67.51062314952377,239.07105121115387,67.27214826854816
2.1051114860111477,1.3214635765099927,1914.9023209800562,67.96265876478128,968.3662305023607,67.93521487221304,303.74136695271346,67.79553756084741
2.368956860549917,1.3214635765099927,2431.5667697651693,68.28068163536508,1229.6313859889797,68.26380340746252,385.9058835597964,68.18147461869648
2.6658714488230206,1.3214635765099927,3084.181464109693,68.5288923233642,1559.390763389401,68.51830551045404,489.64613824384594,68.46933172040602
3.0,1.3214635765099927,3911.840032728574,68.72381844657451,1977.7382927704782,68.71718991191557,620.6347631697372,68.68713515346859
-3.0,1.3713301265669733,3501.7192797958437,68.63882633768017,1772.9714313420752,68.6317689884358,556.8687075422648,68.59475673792694
-2.6658714488230206,1.3713301265669733,2768.3966686176313,68.42353066264597,1399.3993256282865,68.41013081847198,439.61313621561925,68.34893382401205
-2.368956860549917,1.3713301265669733,2189.381136996918,68.15050530329503,1108.4045754512194,68.13112994276185,347.96888063602324,68.02851185445566
-2.1051114860111477,1.3713301265669733,1735.0784660020386,67.80691758806003,877.5136711856578,67.77350071127293,275.85242339562456,67.60447547937527
-1.8706522023821734,1.3713301265669733,1377.951408862392,67.37497275026345,697.1641457346832,67.32207842504899,219.0112591986224,67.0344366863898
-1.6623060990028473,1.3713301265669733,1097.5901657271943,66.83459531293784,555.4555169599768,66.750178923032,174.45059952943612,66.2580352410908
-1.4771647895120215,1.3713301265669733,876.6283122497756,66.1584969978301,443.3105254739306,66.02002006325428,139.37288120600064,65.16862108828602
-1.3126438125222553,1.3713301265669733,702.5031287521012,65.31597244040167,355.43882900365566,65.09713674067268,111.45259618576854,63.558907465620656
-1.166446554092426,1.3713301265669733,566.217028509005,64.28015984467933,286.26438915988126,63.927366201091516,89.92454210232479,61.162752911452294
-1.0365321883776653,1.3713301265669733,458.4751649799826,63.00386908861159,231.8592486021679,62.448871749077156,72.78844799530154,57.451410015496485
-0.9210871889273549,1.3713301265669733,373.5543850339797,61.4487707920626,188.96328412859268,60.58160211992066,59.27504854947489,52.21337405490683
-0.8185000129460304,1.3713301265669733,306.5844326783711,59.574099664744566,155.1611842915218,58.23925072040271,48.728822178341076,46.00625480267364
-0.7273386051246984,1.3713301265669733,253.44309952441373,57.32967269183569,128.212262806268,55.29643574729409,40.31993120226179,39.49042105328049
-0.6463304070095649,1.3713301265669733,211.27414325139205,54.68482364535578,106.93982645376745,51.71382573761591,33.57754493406117,33.22293097594014
-0.5743445928509872,1.3713301265669733,177.47666213425262,51.59668767953032,89.7401830210481,47.407740496840646,28.15797412090082,27.53336105393132
-0.5103762839557767,1.3713301265669733,150.14988479982816,48.03924003477899,75.93690883159893,42.54004326289578,23.890874261943406,22.680557495352158
-0.4535325211846986,1.3713301265669733,128.0352730137832,44.052660115753234,64.74174867129996,37.339892853086525,20.32942273954147,18.417249986978675
-0.40301979977966995,1.3713301265669733,109.95982989182289,39.69725155534721,55.5807262079398,32.091485517233025,17.443869655728335,14.857462770488656
-0.35813299251433084,1.3713301265669733,95.03681763955672,35.08003109481228,48.11550372102163,27.111595998202944,15.08336128033475,11.90808686457611
-0.3182455065418344,1.3713301265669733,82.76257858404006,30.41432599861888,41.92217233453438,22.51904539450577,13.14027645179288,9.483981168647643
-0.2828005365353655,1.3713301265669733,72.68135950734603,25.915292784173296,36.75175157875133,18.408542937558643,11.540577125048001,7.515604263935428
-0.2513032920204875,1.3713301265669733,64.23580297382613,21.669567527232566,32.530743244070464,14.9159154193216,10.223452697812673,5.934244111309068
-0.22331409039755062,1.3713301265669733,57.25934986408573,17.860798447233527,28.979828898125998,11.930613356235806,9.096434225951446,4.627499668074871
-0.19844221923690444,1.3713301265669733,51.431456087434945,14.514051447270228,26.045227870692035,9.473134723040106,8.17248174595912,3.603012118058615
-0.17634048216824733,1.3713301265669733,46.60750165245244,11.677727400563871,23.57859989477729,7.450170583405676,7.409726040017367,2.800846423097135
-0.15670035222800524,1.3713301265669733,42.5532290342241,9.292042462859154,21.55339240280351,5.84665456581213,6.7614055998136475,2.1595330435670723
-0.13924766500838334,1.3713301265669733,39.16440398636704,7.334499181399117,19.84044109697652,4.553255074593673,6.225896014429288,1.6651893694359123
-0.12373879148704055,1.3713301265669733,36.34517363049356,5.761616200774381,18.394302747843394,3.5237251808106644,5.78028075152057,1.2837037445364445
-0.10995723711238882,1.3713301265669733,33.9756033918509,4.502082653861439,17.19397302287911,2.725668882095638,5.393731926956719,0.9790575409863379
-0.09771061966979347,1.3713301265669733,31.976664028066846,3.501625173608942,16.18899843619371,2.1064208494941803,5.080101078106548,0.752859991752431
-0.0868279837415025,1.3713301265669733,30.295150287492216,2.717051066209858,15.337510089939544,1.6235600383610551,4.817858028962354,0.58028542982733
-0.07715741427178036,1.3713301265669733,28.879661696888196,2.10633655047266,14.615855352550307,1.2493431239307904,4.589482004405132,0.44385725977205337
-0.06856391592404971,1.3713301265669733,27.68184925268361,1.6316737453320682,14.006053008159745,0.9617021698733208,4.394749182139957,0.33886785503353384
-0.06092752862714207,1.3713301265669733,26.662510930549193,1.262822466745684,13.490140221712347,0.7412411279209965,4.232421822015696,0.26011969212283537
-0.0541416530048151,1.3713301265669733,25.791923718012008,0.9766151939034307,13.051492480305296,0.5719941926632898,4.096132985851139,0.20069076499999372
-0.04811156231253989,1.3713301265669733,25.04701524427256,0.7550848899237744,12.67648140315843,0.44172851856170847,3.9794303034929928,0.155013783692996
-0.04275308010908995,1.3713301265669733,24.408853240565556,0.5840118343248331,12.354543789871633,0.3413138134316004,3.878308176770883,0.11957438109778636
-0.0379914052040221,1.3713301265669733,23.86133519472498,0.45208406324432815,12.077437508113604,0.26388343973484424,3.7905979296485124,0.09212506670167621
-0.03376006747802295,1.3713301265669733,23.390659394403148,0.3503715986041614,11.838498601567156,0.20418628408110423,3.714803040647466,0.07098984943650423
-0.03,1.3713301265669733,22.985078167334787,0.2719060768584211,11.632160724032067,0.15816311171934175,3.6495106941834647,0.05478959733411751
0.03,1.3713301265669733,18.109162077288502,0.17843341191472356,9.152433588529092,0.10192199862662468,2.871487296050384,0.034924120008596383
0.03376006747802295,1.3713301265669733,17.90584661993693,0.2173926516220681,9.049269813045145,0.1240062127563391,2.8381536527477906,0.04268868251948037
0.0379914052040221,1.3713301265669733,17.691462509362523,0.2630983968024513,8.940624958709765,0.14984166762007534,2.8031537093131966,0.051759272223873574
0.04275308010908995,1.3713301265669733,17.46847203729222,0.31582488113799595,8.82758668390961,0.17960510130104945,2.767393621495383,0.06202305169213169
0.04811156231253989,1.3713301265669733,17.240890307657327,0.375257026953811,8.711831709465795,0.21321770836009113,2.732025978334721,0.07319094427524979
0.0541416530048151,1.3713301265669733,17.014987447924447,0.4400425043635848,8.596034698731096,0.25010840383322186,2.6979270514488403,0.08494118093655595
0.06092752862714207,1.3713301265669733,16.80009193945975,0.5071949206803783,8.484599723956025,0.28878467007974035,2.6651025852383703,0.09718777732918962
0.06856391592404971,1.3713301265669733,16.609169300741165,0.5715092525662266,8.384591134636285,0.32622214827507795,2.6333448985217696,0.10993221402997463
0.07715741427178036,1.3713301265669733,16.458783825175367,0.6253324016517205,8.30615429038541,0.3574352292597133,2.605485905502765,0.12185514256018871
0.0868279837415025,1.3713301265669733,16.368906765763537,0.658858133100815,8.261309454903055,0.37602615453383514,2.589925330843358,0.12882293886409346
0.09771061966979347,1.3713301265669733,16.365247966911625,0.6602447121873433,8.261782642942082,0.37582712765856374,2.5933457220880016,0.12727219130215428
0.10995723711238882,1.3713301265669733,16.487085091149943,0.6149871782524544,8.321631477277508,0.3511455626231949,2.6117559619926496,0.11911031238765837
0.12373879148704055,1.3713301265669733,16.79417955765074,0.509120196683627,8.46941740031816,0.29430016368458967,2.6545850421444595,0.10130982196999035
0.13924766500838334,1.3713301265669733,17.356971769796925,0.3442224958275416,8.751439983925108,0.20135380698494998,2.7506478935483227,0.06718308707988192
0.15670035222800524,1.3713301265669733,18.252282284100264,0.15350614664501963,9.205670174714156,0.09143844074281965,2.8858443157253046,0.03183742640751254
0.17634048216824733,1.3713301265669733,19.610495256497707,0.012287359187556966,9.879466000583232,0.00904049165429035,3.1038198903217125,0.0028743347460861188
0.19844221923690444,1.3713301265669733,21.580936485960475,0.07223249196126881,10.878043801313817,0.037317755813728634,3.4083045961550007,0.012295553686706687
0.22331409039755062,1.3713301265669733,24.311630660290103,0.5595551476811839,12.262348996807033,0.31460245416250493,3.857236844210516,0.11269482197463104
0.2513032920204875,1.3713301265669733,28.15645175904824,1.8147266965273248,14.19196931703052,1.0464258024214577,4.445504203415395,0.3651651379508028
0.2828005365353655,1.3713301265669733,33.28723891532022,4.150258062775942,16.797405105703675,2.4754694174253036,5.2682435959223,0.8861308832545923
0.3182455065418344,1.3713301265669733,40.277830459832636,7.971524785260014,20.32002195596195,4.908240343009193,6.378289577186262,1.8021794762320638
0.35813299251433084,1.3713301265669733,49.51148859476095,13.389260174153815,24.981448665043025,8.59369105742562,7.853228427277654,3.26176507606361
0.40301979977966995,1.3713301265669733,61.700769513780095,20.31465322382325,31.13943397476487,13.748356741244862,9.77639924970896,5.409684159335965
0.4535325211846986,1.3713301265669733,77.64793999134945,28.209597394999708,39.20733034487936,20.38824423708054,12.299694688882933,8.444870193551722
0.5103762839557767,1.3713301265669733,98.43063911068334,36.2247934571419,49.71173303994008,28.229120016738847,15.62253213805529,12.582768222135796
0.5743445928509872,1.3713301265669733,125.39971654241846,43.48831216258971,63.35567576481752,36.60578561580111,19.87506672201396,17.861914409264674
0.6463304070095649,1.3713301265669733,160.21177016323887,49.49310079634778,80.94617170153599,44.48332478942654,25.413032674861768,24.446433981055733
0.7273386051246984,1.3713301265669733,204.77040136063346,54.17368225801326,103.4911479280077,50.97381855677115,32.50301807469179,32.139723290254494
0.8185000129460304,1.3713301265669733,262.0722294590071,57.76005630056356,132.4287851263225,55.85032327051588,41.56160584902804,40.543474866749165
0.9210871889273549,1.3713301265669733,335.12417305163063,60.46995904586881,169.36840638286003,59.35690757028563,53.19183202694104,48.88893749698313
1.0365321883776653,1.3713301265669733,428.2922010973434,62.525274544491495,216.47910804730643,61.87646930920445,67.9628575868131,55.87995548012055
1.166446554092426,1.3713301265669733,546.8960221430787,64.08979152684043,276.4955258566512,63.70958120655932,86.82937906899319,60.656180373494394
1.3126438125222553,1.3713301265669733,697.6367282912513,65.28618241156786,352.60840635124725,65.05907754608592,110.7056110408367,63.49894659466134
1.4771647895120215,1.3713301265669733,888.9216450072729,66.2051773994994,449.4387678857798,66.06998826824865,141.07162807547292,65.23844759838124
1.6623060990028473,1.3713301265669733,1132.0473737444472,66.91574096223327,572.4392038620815,66.83446485349155,179.65566905242719,66.37380355776646
1.8706522023821734,1.3713301265669733,1440.0826018478137,67.46577201291153,728.2720049539458,67.41657363207416,228.41008744499422,67.15200939343234
2.1051114860111477,1.3713301265669733,1830.8348731500564,67.89370837526522,925.8397912486408,67.86360088778699,290.41134129246865,67.70944304083305
2.368956860549917,1.3713301265669733,2326.3287658714407,68.22748031771306,1176.3551543622514,68.20895162694102,369.218269117837,68.11847366807199
2.6658714488230206,1.3713301265669733,2952.1957566987894,68.48761960396969,1492.6806767349813,68.47607672321783,468.7069840785206,68.42232428716582
3.0,1.3713301265669733,3746.2730428189966,68.691761328949,1894.0162568301848,68.68453181234916,594.3821840643262,68.65165149655422
-3.0,1.4211966766239543,3338.8794862204636,68.59924654607991,1690.5620220244195,68.59144693472288,531.011145938488,68.55053285439422
-2.6658714488230206,1.4211966766239543,2640.222005273449,68.37350756945688,1334.5381994401155,68.35871975175402,419.2593081887949,68.29098209524386
-2.368956860549917,1.4211966766239543,2088.6025713171284,68.08733758129452,1057.4342314837152,68.06600117084054,331.96348602944676,67.95223378039469
-2.1051114860111477,1.4211966766239543,1655.9917542250485,67.72755672595794,837.5048172821605,67.6907517768296,263.2868085797952,67.50305868948163
-1.8706522023821734,1.4211966766239543,1316.0399474510054,67.27581067227129,665.8565770506902,67.21764855208201,209.17764369675606,66.89769382028663
-1.6623060990028473,1.4211966766239543,1049.2784038831667,66.71164394700574,531.01922054853,66.61889369615899,166.78018745590626,66.0704323938832
-1.4771647895120215,1.4211966766239543,839.055058533427,66.00710589184229,424.3002036259135,65.85515183327901,133.4093274223478,64.90380779001248
-1.3126438125222553,1.4211966766239543,673.3681120900238,65.13097162248371,340.7057065379641,64.89146644041683,106.8260074836555,63.16686292783891
-1.166446554092426,1.4211966766239543,543.7152480769846,64.0571009862048,274.8796062466402,63.6718931532501,86.3525967862564,60.57299382088542
-1.0365321883776653,1.4211966766239543,441.12523914248055,62.73715440679975,223.08209460155842,62.13322303112828,70.033774768056,56.59059954591228
-0.9210871889273549,1.4211966766239543,360.17850433491947,61.133104337351604,182.19658119682003,60.19324178412192,57.14976453465388,51.12806018177723
-0.8185000129460304,1.4211966766239543,296.23802221846546,59.203985343235836,149.92863126029118,57.76440610588807,47.08612130819487,44.84619095171524
-0.7273386051246984,1.4211966766239543,245.37706585094818,56.89822400037162,124.1342429162112,54.71869746085956,39.03936162553733,38.37124097733252
-0.6463304070095649,1.4211966766239543,204.91099800755862,54.18509450987259,103.72288576898696,51.02525365590554,32.56744134353375,32.205305966587275
-0.5743445928509872,1.4211966766239543,172.37509751788363,51.02027175416189,87.16303759938877,46.60980938551076,27.34858924674295,26.63674560789734
-0.5103762839557767,1.4211966766239543,145.9905699864117,47.37954491885214,73.83668921269933,41.658470627321876,23.2307448890137,21.903594993467607
-0.4535325211846986,1.4211966766239543,124.58950517564318,43.310386664391174,63.002993409778576,36.415646939196314,19.783089945829243,17.749226703163917
-0.40301979977966995,1.4211966766239543,107.06947129442696,38.88353981857677,54.12264724092171,31.168515328302853,16.98610676352751,14.286973475547263
-0.35813299251433084,1.4211966766239543,92.5929726445365,34.21823619551577,46.881278495851404,26.228373274322514,14.696389862383569,11.424026026267617
-0.3182455065418344,1.4211966766239543,80.6871632540373,29.538844407947565,40.87355930581024,21.703798515995228,12.811463263624484,9.07647757415036
-0.2828005365353655,1.4211966766239543,70.91474297210232,25.06263699609304,35.86079168452127,17.679591634795695,11.260614442889917,7.175744247062996
-0.2513032920204875,1.4211966766239543,62.73521193604346,20.87177164068262,31.77235835222198,14.280106271818719,9.985022150178603,5.653560491559437
-0.22331409039755062,1.4211966766239543,55.98606547585155,17.14043769420039,28.336872961305385,11.389842573342047,8.894604368385613,4.3995567741669594
-0.19844221923690444,1.4211966766239543,50.35423233736963,13.883917150375197,25.50048471624879,9.021684929830432,8.001518599209911,3.419352540995885
-0.17634048216824733,1.4211966766239543,45.69687895057995,11.140297766817401,23.118864306026445,7.080560573078764,7.265138947421273,2.654248111543818
-0.15670035222800524,1.4211966766239543,41.785578003689274,8.844249418884159,21.16500659637393,5.54751761256929,6.639529364667954,2.0439431245555664
-0.13924766500838334,1.4211966766239543,38.51810456209548,6.968326127902417,19.513097605661873,4.314569517379141,6.1232066411620965,1.5746724104172238
-0.12373879148704055,1.4211966766239543,35.80077753602823,5.466337159937123,18.119016235669125,3.33569583142384,5.693638177762156,1.2131430167994601
-0.10995723711238882,1.4211966766239543,33.51711638546572,4.2669518046803026,16.962137628680736,2.5785185673183784,5.321007618732713,0.9248236362888343
-0.09771061966979347,1.4211966766239543,31.59050889931188,3.31637657116777,15.993479159000541,1.9919083572500986,5.018751087153212,0.7110603286181253
-0.0868279837415025,1.4211966766239543,29.969504736884186,2.572194684823031,15.172553719252912,1.5350136048764562,4.765952235477972,0.5480895840556229
-0.07715741427178036,1.4211966766239543,28.60449825496486,1.9936479390746884,14.476560971110333,1.1812096904382392,4.545672794682497,0.41928779511088615
-0.06856391592404971,1.4211966766239543,27.448879512868544,1.544367661563689,13.888193451822568,0.9094047204362202,4.357762196092865,0.3201962353551905
-0.06092752862714207,1.4211966766239543,26.464905284160604,1.1954183556255364,13.390160052699407,0.7011358812078222,4.201063038026424,0.2458870017906824
-0.0541416530048151,1.4211966766239543,25.62400495491702,0.924719730482184,12.966462739226243,0.541252582860137,4.069431372986961,0.18980349296096144
-0.04811156231253989,1.4211966766239543,24.904030907054185,0.7152012473386035,12.603998044378008,0.41817359556032624,3.9566395155965686,0.1466825554721754
-0.04275308010908995,1.4211966766239543,24.286820263398635,0.553384065575444,12.292620674790403,0.32327003578513547,3.858833293793688,0.11320981021437174
-0.0379914052040221,1.4211966766239543,23.756923329684106,0.42856296911479774,12.024421211486601,0.2500601276114938,3.773937860350536,0.08726990532764192
-0.03376006747802295,1.4211966766239543,23.301092369084255,0.3322960798583294,11.793006404366372,0.19359052387120634,3.700525777406762,0.06728602421454938
-0.03,1.4211966766239543,22.908045606693097,0.2580003809130379,11.59303453068425,0.15003331432100764,3.6372457381524477,0.05195976834342652
0.03,1.4211966766239543,18.14236320750723,0.1724688901532156,9.169372303931961,0.09851961371256508,2.8768114656572914,0.033761525630887836
0.03376006747802295,1.4211966766239543,17.939904462142138,0.21057206214347382,9.066650184837151,0.1201203028796551,2.8436361515246946,0.04135359303622129
0.0379914052040221,1.4211966766239543,17.725584324687766,0.25550052939623424,8.958044477499824,0.14551847983807872,2.8086653245822113,0.05026754438943446
0.04275308010908995,1.4211966766239543,17.501515881636482,0.3076716977940489,8.844470008640421,0.17496967809898809,2.7727388438058767,0.06042383500634192
0.04811156231253989,1.4211966766239543,17.271246639836853,0.3669950893007513,8.727374171667426,0.20851691757302038,2.736925930503093,0.07158236374428179
0.0541416530048151,1.4211966766239543,17.04042213778713,0.43245421743951323,8.609124017582255,0.24577160744725932,2.7020096478522277,0.08348265069887689
0.06092752862714207,1.4211966766239543,16.81754281900995,0.5015368084802924,8.493706825865392,0.2855047741865817,2.667896669180646,0.0961089991548373
0.06856391592404971,1.4211966766239543,16.614492763450293,0.5696555262158823,8.38762495570663,0.3250478318391477,2.634247356846628,0.10955769104500984
0.07715741427178036,1.4211966766239543,16.446450073776628,0.6298724701460728,8.300289436813763,0.35983551783697676,2.6036553669800933,0.1226632733587411
0.0868279837415025,1.4211966766239543,16.33162405337996,0.6730674786251438,8.242807625450542,0.3838562939719509,2.5841411326710273,0.13147008496061857
0.09771061966979347,1.4211966766239543,16.29344395887987,0.6878039700612026,8.22579284464734,0.3911401841380729,2.58201135486735,0.13245262000996857
0.10995723711238882,1.4211966766239543,16.368147462899838,0.6591457462201387,8.261847808981456,0.375799723073403,2.5929699857456416,0.127442014569637
0.12373879148704055,1.4211966766239543,16.61150156642962,0.5706966846108924,8.377484278213396,0.3289825855706097,2.6257366148561085,0.11311872285401314
0.13924766500838334,1.4211966766239543,17.089002420344002,0.4181693740620836,8.616362667839207,0.24339167822288332,2.708154654044697,0.08131398793222663
0.15670035222800524,1.4211966766239543,17.87129018999348,0.22443549786500164,9.01342827075952,0.13223358368139976,2.825512373100827,0.045855106735337645
0.17634048216824733,1.4211966766239543,19.08060735684722,0.047721120344149,9.611971603716077,0.03099580258832625,3.019749165723398,0.010201987040350125
0.19844221923690444,1.4211966766239543,20.856552019752957,0.017633113608070353,10.512019999069834,0.00809307442326646,3.2934469005362605,0.0025085084170094808
0.22331409039755062,1.4211966766239543,23.334586650646266,0.3390066499392195,11.768536282195074,0.1879951335912476,3.7020807481171505,0.06768507780422588
0.2513032920204875,1.4211966766239543,26.85311433125856,1.3291407230618795,13.53289082076807,0.7586569936771974,4.238565233004518,0.2629461432041421
0.2828005365353655,1.4211966766239543,31.565298822931354,3.3043823780204344,15.926544293215027,1.9531864690105893,4.994881389638011,0.6950264520939957
0.3182455065418344,1.4211966766239543,38.0224528714177,6.6895514895480455,19.179107353327467,4.074278693008344,6.0201731652964,1.4853713337729522
0.35813299251433084,1.4211966766239543,46.578877415499086,11.660831876254392,23.497743372749664,7.384959052677384,7.38775706701416,2.7784493027403716
0.40301979977966995,1.4211966766239543,57.91576036441545,18.229402988016737,29.22406339730161,12.136181915759604,9.175399188375986,4.717244056310888
0.4535325211846986,1.4211966766239543,72.79350083912621,25.968771988452932,36.75058578157465,18.407592564138955,11.528563635181266,7.500985613825912
0.5103762839557767,1.4211966766239543,92.24087203043378,34.091416891271024,46.579195585605056,26.00969583507471,14.639597445744762,11.35301192089036
0.5743445928509872,1.4211966766239543,117.5497021286508,41.67088117637595,59.38319639882264,34.3843964796848,18.628088986466004,16.32709165102783
0.6463304070095649,1.4211966766239543,150.3032167677357,48.062864312601384,75.9316745022519,42.53789679150485,23.84007402132861,22.62099888796931
0.7273386051246984,1.4211966766239543,192.30550411254853,53.09188755313879,97.18255744618298,49.47047074055063,30.52555043443358,30.087560371073714
0.8185000129460304,1.4211966766239543,246.45050211978386,56.957373629754926,124.52207473618566,54.77554211854666,39.081872612592576,38.408933768284406
0.9210871889273549,1.4211966766239543,315.5818412291603,59.8750705356185,159.4807498402209,58.603807763217034,50.090674754001896,46.92720945625214
1.0365321883776653,1.4211966766239543,403.8890441423847,62.08326000358024,204.13018459868388,61.344943536113334,64.08922797780474,54.389648480773616
1.166446554092426,1.4211966766239543,516.4378180657892,63.75950525138124,261.084243957093,63.32885670371968,81.99976649677498,59.74161343122076
1.3126438125222553,1.4211966766239543,659.6467906550764,65.0379857029372,333.38608004699825,64.78188760405979,104.6717952288931,62.96605523250774
1.4771647895120215,1.4211966766239543,841.5290836210178,66.01750168709299,425.44931432905804,65.86556677276242,133.54649783646093,64.91027024819746
1.6623060990028473,1.4211966766239543,1072.8642714184382,66.77308305817138,542.5037652229427,66.68215243293832,170.26508636075414,66.15835571373054
1.8706522023821734,1.4211966766239543,1366.1504764815961,67.35677698069154,690.8757949831878,67.30189642405355,216.67713116840136,67.00333336986391
2.1051114860111477,1.4211966766239543,1738.3063030699154,67.81000110179237,879.0325551354503,67.77648859012282,275.73936782486504,67.60361045204749
2.368956860549917,1.4211966766239543,2210.5002321091115,68.16300469623557,1117.7165232472216,68.14236935086882,350.850915894864,68.04142403162066
2.6658714488230206,1.4211966766239543,2806.940655447169,68.43767211379304,1419.2640661117075,68.42491627398934,445.6624965923407,68.36504997476789
3.0,1.4211966766239543,3564.0878089088933,68.65302115828001,1801.890791782331,68.64503006425076,565.4946232815248,68.60855112522655
-3.0,1.471063226680935,3163.0644932982777,68.55190236637972,1601.588554211662,68.54316688715521,503.0945848595941,68.49730541705951
-2.6658714488230206,1.471063226680935,2501.9179098720133,68.31372619822518,1264.5471799252348,68.29718454276968,397.2961621181864,68.22114049483999
-2.368956860549917,1.471063226680935,1979.9405626448272,68.01193545501218,1002.478912288979,67.98813496039506,314.70587995434215,67.86018240146494
-2.1051114860111477,1.471063226680935,1570.8061530555735,67.63299872525573,794.4102293475182,67.59193631535993,249.75156399260095,67.38045599823252
-1.8706522023821734,1.471063226680935,1249.438130522629,67.1579529021132,632.1776332814846,67.09319521290328,198.59840319443873,66.73199625335229
-1.6623060990028473,1.471063226680935,997.3823247550632,66.56598424401156,504.7696221283507,66.46283019922349,158.54017968757174,65.84236484689286
-1.4771647895120215,1.471063226680935,798.7513010597693,65.82841384119703,403.9074382481684,65.65969792602371,127.01189217571539,64.58029082106755
-1.3126438125222553,1.471063226680935,642.1489901179904,64.9134361295409,324.9183292709054,64.64836291145924,101.86802101689591,62.684863054566165
-1.166446554092426,1.471063226680935,519.609520460641,63.79578261531057,262.6834503979096,63.37069000793003,82.5256666538855,59.849411071775066
-1.0365321883776653,1.471063226680935,422.5152828888955,62.425481162118196,213.66781171401638,61.76164024317092,67.07894114989958,55.55893617059647
-0.9210871889273549,1.471063226680935,345.78242650358044,60.76448306598771,174.91423357717645,59.73602282753569,54.862515829800955,49.8695111634288
-0.8185000129460304,1.471063226680935,285.0353538191149,58.77100968054247,144.26349506730222,57.204347696995974,45.307435153568385,43.52877694516791
-0.7273386051246984,1.471063226680935,236.5699156783883,56.39135556043236,119.6823807509059,54.03542265415185,37.640967157614114,37.110733330920866
-0.6463304070095649,1.471063226680935,197.8935204454464,53.59459204475892,100.17556532180875,50.20928933199457,31.453559846045565,31.060004885994765
-0.5743445928509872,1.471063226680935,166.69382555478688,50.33541743639189,84.29379080436154,45.66530308402322,26.447540359419907,25.625047258214515
-0.5103762839557767,1.471063226680935,141.32277899533767,46.593473952911246,71.48003326688074,40.61943715712783,22.489753472094634,21.02387673807267
-0.4535325211846986,1.471063226680935,120.70446008727463,42.42692530116836,61.04263288990229,35.33374002737489,19.167109660757184,16.99233960179006
-0.40301979977966995,1.471063226680935,103.80667099800607,37.92057615440148,52.47664106110097,30.097428252011674,16.469344170977905,13.641779188569048
-0.35813299251433084,1.471063226680935,89.83922494131441,33.20818089451675,45.490146989725844,25.21328507983128,14.260256515839217,10.878948185398462
-0.3182455065418344,1.471063226680935,78.35740099140617,28.524943233746537,39.696003139869106,20.77654007367289,12.442243317202008,8.62043813039977
-0.2828005365353655,1.471063226680935,68.94115008472943,24.087604563296573,34.865151869307766,16.859183093722507,10.94774559912245,6.798106766887021
-0.2513032920204875,1.471063226680935,61.06750498651357,19.970795229953527,30.929224117818702,13.57157783859799,9.719918235445427,5.343951005217615
-0.22331409039755062,1.471063226680935,54.578000215279395,16.336155688272903,27.62561511698402,10.792709256629886,8.671321144183093,4.149935975517369
-0.19844221923690444,1.471063226680935,49.16826506348083,13.18744952488301,24.900575715239007,8.527214806712983,7.813233374948286,3.2195467527549146
-0.17634048216824733,1.471063226680935,44.69813410135878,10.551420061119124,22.614492863541507,6.678559618063288,7.106503013364655,2.4956683768308108
-0.15670035222800524,1.471063226680935,40.94623421425857,8.35715741149762,20.740232657062947,5.224072405497287,6.506231887828192,1.9195279703311288
-0.13924766500838334,1.471063226680935,37.813144100129065,6.572403540664494,19.15596392847365,4.057754492124401,6.011164623222845,1.4776378420403495
-0.12373879148704055,1.471063226680935,35.20803426396773,5.14860909680735,17.819219242107433,3.1341845289884085,5.599277310067937,1.1377504021365374
-0.10995723711238882,1.471063226680935,33.01853172579632,4.014909353358524,16.70997720289844,2.421302803210484,5.241906066282839,0.8670279973594986
-0.09771061966979347,1.471063226680935,31.170905190159665,3.1183872070585923,15.780988378330152,1.869849562507497,4.952073084879392,0.6665989781184914
-0.0868279837415025,1.471063226680935,29.615785912844714,2.417713052173701,14.99335069389786,1.440793426337475,4.7095611893721125,0.5138889337679164
-0.07715741427178036,1.471063226680935,28.30563021051216,1.8736561067276574,14.325246101715367,1.1087942665066228,4.498081936774228,0.3932119228905268
-0.06856391592404971,1.471063226680935,27.19578702645087,1.4514962401122358,13.760136809801766,0.8538584170200754,4.317574613857964,0.30038931563303506
-0.06092752862714207,1.471063226680935,26.250140617158266,1.1237575654697405,13.281484392898813,0.6585516350164411,4.1669763980566,0.23079033646198904
-0.0541416530048151,1.471063226680935,25.441397390049193,0.8695579939895735,12.873984161909759,0.508610099900657,4.040390041799492,0.1782529968645632
-0.04811156231253989,1.471063226680935,24.74842775405945,0.6728036122014368,12.525109486817426,0.39315549943660866,3.931834224561256,0.13784016711639524
-0.04275308010908995,1.471063226680935,24.15391061775051,0.5208154779156615,12.225172066612773,0.3040966223056428,3.837620242952336,0.10645091187410821
-0.0379914052040221,1.471063226680935,23.643106998535252,0.403539162688776,11.966624823001062,0.23536251250458154,3.7557754120811007,0.08211039167876995
-0.03376006747802295,1.471063226680935,23.203370086046615,0.31305388117136346,11.743368286074864,0.18231657837755988,3.684947184825611,0.06334695201299434
-0.03,1.471063226680935,22.823922195883366,0.24318667463062316,11.550303827181269,0.1413763779973908,3.623850740061411,0.04894766108595644
0.03,1.471063226680935,18.18044362794353,0.16576352517893675,9.188794523806665,0.09469515141300827,2.882915945915053,0.03245455877660298
0.03376006747802295,1.471063226680935,17.97930935312357,0.20282936683040997,9.086751509782095,0.11571002272970603,2.8499758492661207,0.039838389738674526
0.0379914052040221,1.471063226680935,17.765543481852824,0.24675942307671106,8.978433539332215,0.14054656314503366,2.8151143550959303,0.04855233250484578
0.04275308010908995,1.471063226680935,17.54090354266943,0.2981088122824476,8.864579829507257,0.1695360065767128,2.7791026976746123,0.058549847785283264
0.04811156231253989,1.471063226680935,17.30845933027782,0.3570086021449617,8.746404291352876,0.20284108123169697,2.742923815078637,0.06964037154098517
0.0541416530048151,1.471063226680935,17.07321612588613,0.42278129243488133,8.625959784683356,0.24025648789274168,2.707265435034533,0.08162582747763625
0.06092752862714207,1.471063226680935,16.842822994255236,0.4934049580456801,8.506805844581704,0.28082464573252564,2.671935378575783,0.09456170500235934
0.06856391592404971,1.471063226680935,16.62804990785388,0.5649504731777807,8.394864946382212,0.32225525436384134,2.636462811234367,0.10864136071331441
0.07715741427178036,1.471063226680935,16.442646496844368,0.6312764493298471,8.298787646106089,0.3604516483232068,2.603195614587765,0.12286672349448723
0.0868279837415025,1.471063226680935,16.303007751038763,0.6840949621153967,8.228736954276771,0.38987412282597156,2.5797523711266934,0.1334993855158974
0.09771061966979347,1.471063226680935,16.23021140911895,0.7126248238831709,8.194181856243636,0.4048851787012843,2.5720464702343375,0.1371060645761241
0.10995723711238882,1.471063226680935,16.257340444248538,0.7019122061453245,8.206228618284664,0.39961434054702466,2.5754876752813654,0.13548856063818643
0.12373879148704055,1.471063226680935,16.43598457951041,0.633739911036862,8.289249947904171,0.3643788969641659,2.5980542467654013,0.12515510909588112
0.13924766500838334,1.471063226680935,16.826463151214117,0.4986586755825048,8.484118947926467,0.2889584147010148,2.666532936341437,0.09663467654318916
0.15670035222800524,1.471063226680935,17.492944805391396,0.3097750483906968,8.82261688025865,0.1809824267061721,2.765634684913562,0.06255434726105848
0.17634048216824733,1.471063226680935,18.54902393046671,0.10821136891750452,9.343758717728745,0.06707366896879677,2.9354326115404508,0.02234146696319494
0.19844221923690444,1.471063226680935,20.123942497174763,7.927809361266773e-05,10.141968606457729,0.00029667414308793844,3.1773386638343712,0.0001663601489703601
0.22331409039755062,1.471063226680935,22.33978926518505,0.16568140101887172,11.265886593674757,0.08980774639737409,3.5441053494320434,0.03274614914330963
0.2513032920204875,1.471063226680935,25.51791593595302,0.8925093429795251,12.857884197683312,0.5030126567131942,4.026639606660591,0.17289108120255373
0.2828005365353655,1.471063226680935,29.791539965030587,2.4940909690654225,15.029638317397419,1.4597034221517555,4.713344501145428,0.5161577315169849
0.3182455065418344,1.471063226680935,35.686562682925654,5.40479883249399,17.99768920516184,3.253725652138207,5.649320971632423,1.177542219696992
0.35813299251433084,1.471063226680935,43.52565077868557,9.861782256126613,21.953264897224358,6.157771402808242,6.903159335632488,2.2960750506845113
0.40301979977966995,1.471063226680935,53.95472825632105,15.977776083725773,27.219885641076054,10.452819502894842,8.546500071448122,4.011633975435419
0.4535325211846986,1.471063226680935,67.68753324537222,23.456091258675094,34.1667826041384,16.280451741679816,10.717537145637237,6.521862775586966
0.5103762839557767,1.471063226680935,85.69820619743778,31.608732258695692,43.26827479892683,23.550367879485812,13.60055228811027,10.056174267614347
0.5743445928509872,1.471063226680935,109.21277745245398,39.49037488283096,55.164460467554946,31.830465078391505,17.303803034482602,14.683023616248565
0.6463304070095649,1.471063226680935,139.73363981401246,46.31411185255622,70.58283321687135,40.20959437231456,22.162152546831397,20.632485790905886
0.7273386051246984,1.471063226680935,178.95679363710173,51.757548884438904,90.4266542324969,47.61262123913086,28.407726078970327,27.80766125634903
0.8185000129460304,1.471063226680935,229.6627317359929,55.96489307587448,116.02525617169837,53.42854344463068,36.41698050395563,35.97471649663277
0.9210871889273549,1.471063226680935,294.51975937837756,59.13984480014734,148.82419324412692,57.65914972746572,46.74811774734773,44.600769124878866
1.0365321883776653,1.471063226680935,377.5270632584698,61.53798433576631,190.79001693449422,60.68098639209359,59.904364081061274,52.51966804017978
1.166446554092426,1.471063226680935,483.47747419343057,63.35304413347828,244.4062764733667,62.85574891414055,76.7729337288593,58.5433218593874
1.3126438125222553,1.471063226680935,618.4836595714016,64.73335896645614,312.55782911361473,64.43915337275189,98.13363904823004,62.27086598658448
1.4771647895120215,1.471063226680935,790.1364568794306,65.78778392455045,399.43437285092426,65.61394713074685,125.38578893451634,64.49051477667288
1.6623060990028473,1.471063226680935,1008.6584809993616,66.59893826965609,510.0266664444172,66.49545027984499,160.0771456698298,65.88723637285678
1.8706522023821734,1.471063226680935,1285.9311848444754,67.22407080058582,650.2984229231217,67.16183484027611,203.945987264204,66.81837921829847
2.1051114860111477,1.471063226680935,1637.9155159638556,67.70832591848317,828.2469255512785,67.67042286522148,259.82035742744716,67.47307442743828
2.368956860549917,1.471063226680935,2084.85715795061,68.0848708977317,1054.1065888757041,68.0615238309743,330.92701405580584,67.94700908949358
2.6658714488230206,1.471063226680935,2649.4222511127364,68.37726089851435,1339.6499518596063,68.36295629191726,420.6725313055701,68.29520352847616
3.0,1.471063226680935,3366.595126313517,68.6062554475418,1702.024277827988,68.597293216064,534.1802467858718,68.5561991438902
-3.0,1.520929776737916,2975.861207766124,68.49529151071778,1506.8562037917613,68.48536922791541,473.37274325903866,68.43318747549431
-2.6658714488230206,1.520929776737916,2354.7826157161803,68.2423385765244,1190.0803236592308,68.22356430828464,373.92971451549215,68.13689011370667
-2.368956860549917,1.520929776737916,1864.4626773603936,67.92204505677682,944.080177022179,67.89513320007394,296.3657690241254,67.74899022378466
-2.1051114860111477,1.520929776737916,1480.4084292639454,67.52055970808345,748.678012632223,67.47412003107945,235.38747946942087,67.23209545286602
-1.8706522023821734,1.520929776737916,1178.8838763188176,67.01827952807668,596.5006560721993,66.94523295152851,187.39055256956206,66.53098958012747
-1.6623060990028473,1.520929776737916,942.5119194105791,66.39409069350857,477.0151686372866,66.27791419566745,149.82730653916764,65.56471200348187
-1.4771647895120215,1.520929776737916,756.2103813989304,65.6185000076447,382.381523605597,65.4289026238533,120.25878311880433,64.18426034955561
-1.3126438125222553,1.520929776737916,609.2306724027748,64.65900286114547,308.27138367190497,64.36228345273143,96.63968428791144,62.09105301403772
-1.166446554092426,1.520929776737916,494.1839553640639,63.491285632469825,249.8200538423846,63.01711574247366,78.48885362880347,58.96367630828832
-1.0365321883776653,1.520929776737916,402.83974781981277,62.06299033185369,203.71518445612128,61.325793265221684,63.95492870635902,54.33397939265155
-0.9210871889273549,1.520929776737916,330.4860071666981,60.33550687998854,167.1773049661716,59.19899791928519,52.43255079755209,48.42580921626407
-0.8185000129460304,1.520929776737916,273.04018017552545,58.2654618113017,138.1983097812675,56.54445140989771,43.402957819341545,42.04685800364053
-0.7273386051246984,1.520929776737916,227.04913813190288,55.79633616760976,114.87083741971307,53.227727506118285,36.12909090784858,35.70310109847605
-0.6463304070095649,1.520929776737916,190.22977456879423,52.89724766827868,96.30198112822755,49.24374633171161,30.23719790590386,29.782063505693955
-0.5743445928509872,1.520929776737916,160.434347329287,49.52317595927745,81.13322773819182,44.551746748172285,25.45510217288153,24.494711314988958
-0.5103762839557767,1.520929776737916,136.14880341304723,45.66066555210419,68.86801235190696,39.403779477051,21.668197596416835,20.039612906675735
-0.4535325211846986,1.520929776737916,116.3859903756318,41.38281693746229,58.86349909738534,34.08070614695646,18.48237559397561,16.146825399484662
-0.40301979977966995,1.520929776737916,100.18087260793614,36.79231474623241,50.64737279953314,28.870990445349513,15.895047204932338,12.923723911445993
-0.35813299251433084,1.520929776737916,86.78738638746916,32.03899079703858,43.94797859405109,24.06438997810438,13.776802341109727,10.275728661802095
-0.3182455065418344,1.520929776737916,75.78597678238087,27.36726738795769,38.3958410313819,19.73912313106664,12.03460680397801,8.119212612229841
-0.2828005365353655,1.520929776737916,66.77298612053212,22.989496298192034,33.771042242005926,15.951431372372127,10.603924282132217,6.386079203054632
-0.2513032920204875,1.520929776737916,59.2440701454552,18.96922660424117,30.007066663547544,12.795443307158937,9.429940944981231,5.008561504215447
-0.22331409039755062,1.520929776737916,53.04518670118044,15.452402725034416,26.85110002212057,10.144473489652075,8.428168418748488,3.881389414072858
-0.19844221923690444,1.520929776737916,47.88213859053821,12.429846961653505,24.249830440927074,7.994634101563374,7.6089860428164435,3.005916141369399
-0.17634048216824733,1.520929776737916,43.61848687477006,9.916294643102074,22.069121673601348,6.248471444618919,6.934961814614509,2.327007407768001
-0.15670035222800524,1.520929776737916,40.04118898867393,7.835539960501925,20.282094001126808,4.879947679405108,6.362463373545317,1.7878094689944668
-0.13924766500838334,1.520929776737916,37.05445365659737,6.150877889814145,18.771533127123174,3.785781693195382,5.890552065391504,1.375284401120391
-0.12373879148704055,1.520929776737916,34.570986273148534,4.811904309149357,17.49695326683521,2.9215688271951437,5.497840772799308,1.0584616256740071
-0.10995723711238882,1.520929776737916,32.4831539164842,3.7487870707886524,16.439160165833844,2.2558962811945276,5.156951294640822,0.8063893165127461
-0.09771061966979347,1.520929776737916,30.720549245116146,2.9099211025304266,15.552889020388983,1.7417071346412492,4.880494869856024,0.6200268817675633
-0.0868279837415025,1.520929776737916,29.23619341398436,2.2553909226169813,14.801013536527972,1.3420300409905175,4.649034857804808,0.4781049679736954
-0.07715741427178036,1.520929776737916,27.98485341448004,1.7477542319547512,14.16281869434221,1.0329644241598708,4.446995106932676,0.36594924718611166
-0.06856391592404971,1.520929776737916,26.924039709584367,1.3541391206699318,13.62262478799309,0.7957261556896795,4.274419445395928,0.27968823252929276
-0.06092752862714207,1.520929776737916,26.019418278566157,1.048672040170685,13.164720202973381,0.6139937316234282,4.130352438845345,0.21501191448370033
-0.0541416530048151,1.520929776737916,25.24508558847726,0.8117683167009393,12.77455443985007,0.47445146070342115,4.009165326110579,0.16617735040905895
-0.04811156231253989,1.520929776737916,24.581014057441458,0.6283803281667313,12.440224650803327,0.36696684450958633,3.9051430039107373,0.1285912849422583
-0.04275308010908995,1.520929776737916,24.010789215478837,0.48667904814591445,12.152534640411059,0.2840160104682917,3.814774919869827,0.09937692198554043
-0.0379914052040221,1.520929776737916,23.520434488770313,0.37729733930915627,11.904326144546701,0.21995967164990401,3.7361979241817105,0.07670643938506182
-0.03376006747802295,1.520929776737916,23.097945868055195,0.2928623613739059,11.689814021267265,0.17049302465243485,3.6681394369452445,0.059217942231394205
-0.03,1.520929776737916,22.733083815192682,0.22763104144718901,11.504159164556597,0.13229017709853752,3.609385496780142,0.04578759415364895
0.03,1.520929776737916,18.2234878557849,0.15835780840370028,9.210742586338664,0.09047156251854804,2.8898140108446415,0.03101098744668229
0.03376006747802295,1.520929776737916,18.024191413109524,0.19420377857107834,9.10963915906752,0.11079754947180526,2.8571932262326167,0.03815062326073672
0.0379914052040221,1.520929776737916,17.811531184826535,0.23690746759013406,9.00188836873117,0.13494419018817644,2.8225309715909024,0.04661988751643168
0.04275308010908995,1.520929776737916,17.586907544253858,0.28715260060460435,8.88805343684937,0.16331331357646153,2.7865283019585156,0.05640421860533533
0.04811156231253989,1.520929776737916,17.352908666015882,0.3452833091695885,8.769113766586486,0.1961822608155679,2.750079934119795,0.06736210677915937
0.0541416530048151,1.520929776737916,17.11389201239281,0.41095638458449624,8.64680555984498,0.23352549861400734,2.7137773614917804,0.07935762200530644
0.06092752862714207,1.520929776737916,16.876642508829608,0.4826456601876991,8.524255063295373,0.2746586254494412,2.677331372043506,0.0925165300159855
0.06856391592404971,1.520929776737916,16.65079714781287,0.5571068117961031,8.406794043023714,0.31768421474715763,2.640142919678908,0.10712892581446638
0.07715741427178036,1.520929776737916,16.448652831669225,0.6290602228091262,8.302295580297635,0.35901342267447506,2.6043096941613704,0.12237405391589133
0.0868279837415025,1.520929776737916,16.284761608096353,0.6911813737673108,8.219958721273306,0.3936561193662395,2.5770297092658683,0.13476734712803198
0.09771061966979347,1.520929776737916,16.177810283235342,0.7335888259562974,8.168092142900427,0.4164390108252588,2.5638100335175444,0.14102278996337425
0.10995723711238882,1.520929776737916,16.157654023234027,0.7417486174734262,8.15628549428479,0.42173026273932407,2.5597836877740994,0.14296080098209102
0.12373879148704055,1.520929776737916,16.27157617018405,0.6963291177901347,8.206711184083272,0.39940404313056577,2.572165501518609,0.13704992940271962
0.13924766500838334,1.520929776737916,16.574556318221294,0.5836476132015477,8.357341372264932,0.33687940176957093,2.626609385255816,0.11275054592541801
0.15670035222800524,1.520929776737916,17.124093052383333,0.4080207397081545,8.636700618834823,0.23677485617086588,2.707299478751263,0.08161387640161193
0.17634048216824733,1.520929776737916,18.024741667064262,0.19409930155124971,9.079383011637228,0.11731625719359456,2.8523010333369143,0.03929033481366261
0.19844221923690444,1.520929776737916,19.394901428174414,0.023817459705095398,9.773862993689846,0.01609031878368005,3.0618561292476105,0.005952878912927134
0.22331409039755062,1.520929776737916,21.342666924956035,0.050389288946671745,10.762213354807285,0.025858638279364174,3.3857629404110954,0.009814194168978734
0.2513032920204875,1.520929776737916,24.170934430229686,0.5249406749904653,12.17712515132527,0.29074761819937656,3.812925222614608,0.09881355055972184
0.2828005365353655,1.520929776737916,27.99196923285647,1.7505139279279236,14.119863887637136,1.0132477029692253,4.427770530246328,0.35588915429752443
0.3182455065418344,1.520929776737916,33.30353836879303,4.158505118630536,16.79268702667477,2.472536922150519,5.271043143154175,0.8881697397858943
0.35813299251433084,1.520929776737916,40.39424881293381,8.038532521175634,20.36952789460812,4.945224291637054,6.406179949603357,1.8275827033985323
0.40301979977966995,1.520929776737916,49.87092841870329,13.600397106124035,25.15390214979184,8.735641261231201,7.898172742103004,3.3093536116338433
0.4535325211846986,1.520929776737916,62.39588452561843,20.68965397446936,31.48930098319316,14.042403335432706,9.877093668936167,5.527185879122194
0.5103762839557767,1.520929776737916,78.88269527061458,28.756441959526658,39.819543520714895,20.87438595938768,12.51811254639326,8.714000187561094
0.5743445928509872,1.520929776737916,100.48450333464626,36.88922639410471,50.74787858450168,28.939355736584353,15.917405779528252,12.951693173121102
0.6463304070095649,1.520929776737916,128.6150801395221,44.17392209178831,64.95640837597638,37.45172016118161,20.397062312942992,18.499727611873748
0.7273386051246984,1.520929776737916,164.85365020641586,50.10318036354738,83.28893415226969,45.31982163687106,26.170062690291065,25.310682526915897
0.8185000129460304,1.520929776737916,211.85621239424339,54.72895402935118,107.01287853770643,51.728927936282695,33.59029926383607,33.23565163522806
0.9210871889273549,1.520929776737916,272.10443534543407,58.22403071079094,137.48296315205204,56.46209569788687,43.190543062403144,41.8769774867782
1.0365321883776653,1.520929776737916,349.39449497703623,60.8599901822482,176.5537708351297,59.84279574754369,55.43806531813849,50.19523330214075
1.166446554092426,1.520929776737916,448.2297730831189,62.84898667058213,226.570018218057,62.26198675535224,71.18286913277991,56.96096404118961
1.3126438125222553,1.520929776737916,574.396113088055,64.35673825385464,290.24919720681766,64.01153777770716,91.1304916012641,61.34554405988615
1.4771647895120215,1.520929776737916,735.0388250439196,65.50468832251681,371.54269306582927,65.30171002541502,116.63616089887377,63.94386772080296
1.6623060990028473,1.520929776737916,939.7895337641006,66.38502639956815,475.1892345798091,66.26494170541457,149.14877051769912,65.5412640300872
1.8706522023821734,1.520929776737916,1199.8733992227933,67.06158232814009,606.7663144640492,66.98968147319133,190.2875773467197,66.58576835741736
2.1051114860111477,1.520929776737916,1530.233885275719,67.58420296404435,773.7711732720919,67.54055831397162,242.74483035667015,67.31066885690977
2.368956860549917,1.520929776737916,1950.1397253737919,67.98976969190934,985.8976872944094,67.9628835444771,309.56411815106986,67.83051243670334
2.6658714488230206,1.520929776737916,2480.60335775413,68.30391441430233,1254.32564814809,68.28760932090668,393.8901622735591,68.20954343951102
3.0,1.520929776737916,3155.0599866339367,68.5496203252199,1595.0557186648732,68.53940567131178,500.64008458294194,68.492320394197
-3.0,1.5707963267948966,2778.9024162103105,68.42742436106212,1407.1940400136164,68.41598330810578,442.1071929593523,68.35563629787043
-2.6658714488230206,1.5707963267948966,2200.183539269145,68.15692904408279,1111.8252012734981,68.13528107197935,349.37668839659915,68.03484878673126
-2.368956860549917,1.5707963267948966,1743.3185406546684,67.81476628575543,882.8213024642297,67.783895278409,277.1257204367055,67.61416185916292
-2.1051114860111477,1.5707963267948966,1385.7722012615893,67.38685786295792,700.7998959377965,67.33357459278523,220.3488935543887,67.05190454373059
-1.8706522023821734,1.5707963267948966,1105.1956261854216,66.85295048491633,559.2395555490053,66.76942604474765,175.68365702976075,66.2862487439062
-1.6623060990028473,1.5707963267948966,885.3404301160529,66.1917161423149,448.09611788294734,66.05916570404574,140.7481913227556,65.22533074144633
-1.4771647895120215,1.5707963267948966,711.9635656005074,65.37268194950802,359.991171156581,65.15698469951276,113.23408993684166,63.697147969996834
-1.3126438125222553,1.5707963267948966,575.0083210430022,64.36237910396795,290.96484185571364,64.02638381904458,91.20380275262075,61.35640993398561
-1.166446554092426,1.5707963267948966,467.7075987682441,63.1373567480737,236.42638921477177,62.60263376382173,74.28492584134618,57.881596573151256
-1.0365321883776653,1.5707963267948966,382.261889876123,61.641761351811084,193.30745930991233,60.81439488036344,60.687844470474104,52.89159520536545
-0.9210871889273549,1.5707963267948966,314.3723410133395,59.83567388614684,159.02836527871645,58.56671629540374,49.87337359478453,46.78271917289153
-0.8185000129460304,1.5707963267948966,260.2832920817794,57.673322907618015,131.74886603114066,55.76381139813392,41.377623449933914,40.389438524368245
-0.7273386051246984,1.5707963267948966,216.81878896970602,55.09503045636776,109.7017962133334,52.269152687715604,34.50429522073922,34.13882403496579
-0.6463304070095649,1.5707963267948966,181.9151570848571,52.070909872154026,92.09968747703775,48.09897614319343,28.91758865921838,28.364122683649295
-0.5743445928509872,1.5707963267948966,153.59445820429326,48.558564643761095,77.68011548963884,43.241145733623064,24.370914588598055,23.241404401989485
-0.5103762839557767,1.5707963267948966,130.47299672445908,44.55567843510443,66.00263468193324,37.98966875511688,20.7666744838301,18.949495324295633
-0.4535325211846986,1.5707963267948966,111.64479978737343,40.15528061786628,56.470807781538575,32.64297209983891,17.730531681111305,15.214107111275567
-0.40301979977966995,1.5707963267948966,96.2070563846689,35.48148674031968,48.642267030540275,27.48349444180201,15.265547038370782,12.136053326393997
-0.35813299251433084,1.5707963267948966,83.45433052371841,30.700382265040442,42.263195751945474,22.78196749339108,13.248666505811316,9.618556465192054
-0.3182455065418344,1.5707963267948966,72.98972569099048,26.062163987438197,36.98151284926969,18.59566483966353,11.591202179617666,7.577240421957821
-0.2828005365353655,1.5707963267948966,64.42586354055501,21.7697189423901,32.58629353247486,14.962417639414978,10.231614361910536,5.943887272001145
-0.2513032920204875,1.5707963267948966,57.27868240813203,17.871682048880544,29.01282415772415,11.958381364649492,9.117272373043333,4.651152432728547
-0.22331409039755062,1.5707963267948966,51.39940545487594,14.495342624285215,26.019259376663474,9.45156648521952,8.167008901687334,3.597101183011868
-0.19844221923690444,1.5707963267948966,46.50570877564835,11.617643893263125,23.55322475120463,7.429696142705872,7.390339706167982,2.7810800298237512
-0.17634048216824733,1.5707963267948966,42.46608438525859,9.24111165430152,21.486857381231832,5.795189466097032,6.7518071953039085,2.150368040523589
-0.15670035222800524,1.5707963267948966,39.07711340396142,7.284877307314958,19.79395968958068,4.519178281066159,6.2092826331784385,1.650445269753625
-0.13924766500838334,1.5707963267948966,36.24746688470426,5.7083879982244214,18.36255392369463,3.5018982461757604,5.762231400628319,1.2689014884524905
-0.12373879148704055,1.5707963267948966,33.89405172875157,4.460033273234357,17.154450621517324,2.7004113110088355,5.390031319574872,0.9762729603555522
-0.10995723711238882,1.5707963267948966,31.914571375983556,3.471647001097082,16.15149908355488,2.0842980740654045,5.066712608462441,0.7436663965567349
-0.09771061966979347,1.5707963267948966,30.242354270034816,2.693398581743297,15.310654164973478,1.6090276988808565,4.804478849385088,0.5719220174482054
-0.0868279837415025,1.5707963267948966,28.833094309198046,2.0871195346771807,14.596739829674265,1.239911014268054,4.58474999415347,0.441177653530112
-0.07715741427178036,1.5707963267948966,27.644094464132788,1.6174087275759037,13.990253062909485,0.9546269099053378,4.392718872750576,0.3378320656648488
-0.06856391592404971,1.5707963267948966,26.635208619413508,1.2534269801267401,13.476451411152048,0.7356981910802152,4.228546141373946,0.25834297715197824
-0.06092752862714207,1.5707963267948966,25.774021772473624,0.9710298481884155,13.04051610842504,0.567986994182321,4.091394781624353,0.19874029281966726
-0.0541416530048151,1.5707963267948966,25.03612014659159,0.7520150367770667,12.668704759787431,0.43917553019208905,3.9759240866235372,0.15371927985810707
-0.04811156231253989,1.5707963267948966,24.402651612065036,0.5824387899148018,12.349779619202263,0.3399107117433686,3.8767029721996615,0.11904405356390857
-0.04275308010908995,1.5707963267948966,23.858164699548666,0.4513619475803988,12.075067275022276,0.26325850943016066,3.790410207317456,0.09206971135033695
-0.0379914052040221,1.5707963267948966,23.389490088266918,0.350132935040944,11.83782126277776,0.204026686502455,3.7152984869382992,0.07111997992158153
-0.03376006747802295,1.5707963267948966,22.985302883653336,0.27194711532174043,11.632588545609485,0.1582530733076143,3.6501794716455014,0.05494586502775268
-0.03,1.5707963267948966,22.6359312509472,0.21150594899515843,11.45480374534876,0.12287619519569112,3.593913776507494,0.042515104235475706
0.03,1.5707963267948966,18.271573289555114,0.15030147578953534,9.23525518302055,0.08587703275797798,2.897517788453028,0.029440362393725425
0.03376006747802295,1.5707963267948966,18.074673586159882,0.18474647634324043,9.135374823112643,0.10541181630027263,2.8653076001682733,0.036300152347259265
0.0379914052040221,1.5707963267948966,17.863731573815347,0.22599248806243674,9.028501560387976,0.12873831968611446,2.8309441939223863,0.04447943373495893
0.04275308010908995,1.5707963267948966,17.639793686391442,0.2748392081943558,8.915024653990407,0.15632191479925495,2.795057677526264,0.05399386488937254
0.04811156231253989,1.5707963267948966,17.404968854075786,0.3318299427142284,8.795691137709985,0.18854649899056164,2.7584536013667718,0.06474944668278633
0.0541416530048151,1.5707963267948966,17.162967370685223,0.3969429981166219,8.671922249245938,0.22555833943093073,2.7216275675881447,0.07667070683664076
0.06092752862714207,1.5707963267948966,16.9197079921693,0.4691417072835334,8.546410884129784,0.26694150048926535,2.6841967594160665,0.08995084590017137
0.06856391592404971,1.5707963267948966,16.683689872393344,0.5458771173119217,8.42389445862732,0.31119696127094865,2.645439145355224,0.1049734736955997
0.07715741427178036,1.5707963267948966,16.465751277539265,0.6227761614303351,8.311460899386184,0.3552714283236523,2.6072009677046477,0.12110077482198472
0.0868279837415025,1.5707963267948966,16.27859691506326,0.6935853373640356,8.217337745545073,0.3947894662259132,2.5762449298485843,0.13513411219007915
0.09771061966979347,1.5707963267948966,16.138515591112476,0.7495459076303463,8.148673450414845,0.4251624563173171,2.5576633541189957,0.1439875703603154
0.10995723711238882,1.5707963267948966,16.07210464419259,0.7769789332602178,8.113542937887175,0.4412146720080565,2.546336774193756,0.14954506155697617
0.12373879148704055,1.5707963267948966,16.122268278405357,0.7562032874477659,8.131886559003217,0.4327892891219823,2.548704829950505,0.1483730098932587
0.13924766500838334,1.5707963267948966,16.338557343692482,0.6704115419792538,8.238698699478217,0.38560798672657387,2.589222180923892,0.12914307784912207
0.15670035222800524,1.5707963267948966,16.771701713354815,0.5164781868279504,8.459203715420555,0.2980442290066633,2.6516137385241203,0.10249195671148242
0.17634048216824733,1.5707963267948966,17.516954441074468,0.3039032712633637,8.823498619956034,0.1807376357064931,2.771816456498013,0.06069815567188256
0.19844221923690444,1.5707963267948966,18.681546675818925,0.09069773991473601,9.413839531062576,0.056237652631211714,2.9489267285355805,0.020064516512346257
0.22331409039755062,1.5707963267948966,20.359182176638512,0.001373934059167393,10.265598772578436,0.00035769336227948264,3.2295908110615112,0.0002446530649636003
0.2513032920204875,1.5707963267948966,22.833122357585854,0.24478774621437038,11.501231191134982,0.1317228897462145,3.600759177095918,0.043949243254095355
0.2828005365353655,1.5707963267948966,26.194009983808346,1.1053075283841,13.21111423200737,0.6315479601684123,4.142522424851392,0.22020370695256813
0.3182455065418344,1.5707963267948966,30.909012977635324,2.9966369982179617,15.582162341536574,1.7579813291087294,4.8910090127927,0.6267913669099925
0.35813299251433084,1.5707963267948966,37.23062363087259,6.248304693770825,18.769828590396152,3.784586583228041,5.904122673869102,1.3866885305253
0.40301979977966995,1.5707963267948966,45.722925283255265,11.155665657184484,23.055811057828862,7.0300972875904355,7.239734931531305,2.62869066246464
0.4535325211846986,1.5707963267948966,56.99216330825746,17.710212961540453,28.75546584711246,11.741831730670537,9.018952029237358,4.539743816175808
0.5103762839557767,1.5707963267948966,71.8852974254776,25.533439323657724,36.27911884693429,18.022496941724626,11.406734126149985,7.3529104423887635
0.5743445928509872,1.5707963267948966,91.47507636072402,33.81325077937512,46.189301795903454,25.726012288755896,14.486433558700123,11.161540922744127
0.6463304070095649,1.5707963267948966,117.07822812063661,41.554781702328384,59.118646807038246,34.23018579830676,18.565571632082676,16.24977104538887
0.7273386051246984,1.5707963267948966,150.14790958598496,48.03893539359771,75.84631363094485,42.50285709097278,23.836650925685834,22.616984212473536
0.8185000129460304,1.5707963267948966,193.2034222743507,53.174725795338944,97.57230538392619,49.56943165089703,30.629214995522695,30.19700360249844
0.9210871889273549,1.5707963267948966,248.5283574894877,57.07032790518169,125.55449495073273,54.924873847401145,39.448463043516504,38.7324385369113
1.0365321883776653,1.5707963267948966,319.7033720955696,60.00694867223613,161.5287077260059,58.76867826375885,50.72391126566511,47.34297303762856
1.166446554092426,1.5707963267948966,410.9273029770348,62.21640829151616,207.69288195368227,61.505734820269396,65.26636841664846,54.86582565362147
1.3126438125222553,1.5707963267948966,527.6401674078567,63.88560337954276,266.5893722742297,63.47050622820488,83.70282952007095,60.08308413130033
1.4771647895120215,1.5707963267948966,676.523150887263,65.15180100877257,341.91881803705144,64.9091324755673,107.34294201646073,63.213225813224625
1.6623060990028473,1.5707963267948966,866.5888658501092,66.11936593182332,438.1584335292396,65.97685234751756,137.53238516709956,65.09027834914565
1.8706522023821734,1.5707963267948966,1108.3733816412791,66.86054352553052,560.4792020798814,66.77567173292691,175.76441299196213,66.28807895068046
2.1051114860111477,1.5707963267948966,1415.7522580156658,67.43118086727814,715.8525316391003,67.37987471293503,224.59049730708753,67.10564863185063
2.368956860549917,1.5707963267948966,1806.977574978544,67.87295674616355,913.4052438405799,67.84135912458639,286.86231017391503,67.68497854769126
2.6658714488230206,1.5707963267948966,2301.302682302209,68.21410509178554,1163.7058826736106,68.19517122152149,365.4457260496214,68.10334815604816
3.0,1.5707963267948966,2930.5718348292216,68.4805002869459,1481.5349977004207,68.46864295727732,465.0475314156377,68.41363913346589
